sensor,file_name,timestamp
6470,/workspace/data/cape_cod_bay/acoustics/6470/6470.220323121953.wav,4019.5
6470,/workspace/data/cape_cod_bay/acoustics/6470/6470.220323121953.wav,4027.0
6470,/workspace/data/cape_cod_bay/acoustics/6470/6470.220323121953.wav,4049.0
6470,/workspace/data/cape_cod_bay/acoustics/6470/6470.220323121953.wav,4091.0
6470,/workspace/data/cape_cod_bay/acoustics/6470/6470.220323121953.wav,4115.0
6470,/workspace/data/cape_cod_bay/acoustics/6470/6470.220323121953.wav,4131.5
6470,/workspace/data/cape_cod_bay/acoustics/6470/6470.220323121953.wav,4314.0
6470,/workspace/data/cape_cod_bay/acoustics/6470/6470.220323121953.wav,4330.5
6470,/workspace/data/cape_cod_bay/acoustics/6470/6470.220323121953.wav,4342.5
6470,/workspace/data/cape_cod_bay/acoustics/6470/6470.220323121953.wav,4357.0
6470,/workspace/data/cape_cod_bay/acoustics/6470/6470.220323121953.wav,4370.5
6470,/workspace/data/cape_cod_bay/acoustics/6470/6470.220323121953.wav,4399.0
6470,/workspace/data/cape_cod_bay/acoustics/6470/6470.220323121953.wav,4414.0
6470,/workspace/data/cape_cod_bay/acoustics/6470/6470.220323121953.wav,4424.5
6470,/workspace/data/cape_cod_bay/acoustics/6470/6470.220323121953.wav,4460.5
6470,/workspace/data/cape_cod_bay/acoustics/6470/6470.220323121953.wav,4477.0
6470,/workspace/data/cape_cod_bay/acoustics/6470/6470.220323121953.wav,4505.5
6470,/workspace/data/cape_cod_bay/acoustics/6470/6470.220323121953.wav,4527.5
6470,/workspace/data/cape_cod_bay/acoustics/6470/6470.220323121953.wav,4554.5
6470,/workspace/data/cape_cod_bay/acoustics/6470/6470.220323121953.wav,4572.5
6470,/workspace/data/cape_cod_bay/acoustics/6470/6470.220323121953.wav,4581.5
6470,/workspace/data/cape_cod_bay/acoustics/6470/6470.220323121953.wav,4592.0
6470,/workspace/data/cape_cod_bay/acoustics/6470/6470.220323121953.wav,4665.0
6470,/workspace/data/cape_cod_bay/acoustics/6470/6470.220323121953.wav,4986.5
6470,/workspace/data/cape_cod_bay/acoustics/6470/6470.220323121953.wav,4997.0
6470,/workspace/data/cape_cod_bay/acoustics/6470/6470.220323121953.wav,5007.5
6470,/workspace/data/cape_cod_bay/acoustics/6470/6470.220323121953.wav,5052.5
6470,/workspace/data/cape_cod_bay/acoustics/6470/6470.220323121953.wav,5088.5
6470,/workspace/data/cape_cod_bay/acoustics/6470/6470.220323121953.wav,5096.0
6470,/workspace/data/cape_cod_bay/acoustics/6470/6470.220323121953.wav,5120.0
6470,/workspace/data/cape_cod_bay/acoustics/6470/6470.220323121953.wav,5137.5
6470,/workspace/data/cape_cod_bay/acoustics/6470/6470.220323121953.wav,5151.0
6470,/workspace/data/cape_cod_bay/acoustics/6470/6470.220323121953.wav,5303.5
6470,/workspace/data/cape_cod_bay/acoustics/6470/6470.220323121953.wav,5574.5
6470,/workspace/data/cape_cod_bay/acoustics/6470/6470.220323121953.wav,5580.5
6470,/workspace/data/cape_cod_bay/acoustics/6470/6470.220323121953.wav,5589.5
6470,/workspace/data/cape_cod_bay/acoustics/6470/6470.220323121953.wav,18947.5
6470,/workspace/data/cape_cod_bay/acoustics/6470/6470.220323121953.wav,18968.5
6470,/workspace/data/cape_cod_bay/acoustics/6470/6470.220323121953.wav,18983.0
6470,/workspace/data/cape_cod_bay/acoustics/6470/6470.220323121953.wav,19122.5
6470,/workspace/data/cape_cod_bay/acoustics/6470/6470.220323121953.wav,39815.5
6470,/workspace/data/cape_cod_bay/acoustics/6470/6470.220323121953.wav,39844.0
6470,/workspace/data/cape_cod_bay/acoustics/6470/6470.220324001920.wav,15182.5
6470,/workspace/data/cape_cod_bay/acoustics/6470/6470.220324001920.wav,20791.0
6470,/workspace/data/cape_cod_bay/acoustics/6470/6470.220324001920.wav,20964.5
6470,/workspace/data/cape_cod_bay/acoustics/6470/6470.220324001920.wav,21610.5
6470,/workspace/data/cape_cod_bay/acoustics/6470/6470.220324001920.wav,21740.5
6470,/workspace/data/cape_cod_bay/acoustics/6470/6470.220324001920.wav,21774.5
6470,/workspace/data/cape_cod_bay/acoustics/6470/6470.220324001920.wav,21943.5
6470,/workspace/data/cape_cod_bay/acoustics/6470/6470.220324001920.wav,22117.0
6470,/workspace/data/cape_cod_bay/acoustics/6470/6470.220324001920.wav,22145.5
6470,/workspace/data/cape_cod_bay/acoustics/6470/6470.220324001920.wav,22341.5
6470,/workspace/data/cape_cod_bay/acoustics/6470/6470.220324001920.wav,23171.0
6470,/workspace/data/cape_cod_bay/acoustics/6470/6470.220324001920.wav,24120.5
6470,/workspace/data/cape_cod_bay/acoustics/6470/6470.220324001920.wav,35400.5
6470,/workspace/data/cape_cod_bay/acoustics/6470/6470.220324121901.wav,7709.5
6470,/workspace/data/cape_cod_bay/acoustics/6470/6470.220324121901.wav,9161.5
6470,/workspace/data/cape_cod_bay/acoustics/6470/6470.220324121901.wav,16933.5
6470,/workspace/data/cape_cod_bay/acoustics/6470/6470.220324121901.wav,16958.5
6470,/workspace/data/cape_cod_bay/acoustics/6470/6470.220324121901.wav,17056.0
6470,/workspace/data/cape_cod_bay/acoustics/6470/6470.220324121901.wav,17063.5
6470,/workspace/data/cape_cod_bay/acoustics/6470/6470.220324121901.wav,17126.0
6470,/workspace/data/cape_cod_bay/acoustics/6470/6470.220324121901.wav,17422.0
6470,/workspace/data/cape_cod_bay/acoustics/6470/6470.220324121901.wav,17446.0
6470,/workspace/data/cape_cod_bay/acoustics/6470/6470.220324121901.wav,17461.0
6470,/workspace/data/cape_cod_bay/acoustics/6470/6470.220324121901.wav,17809.5
6470,/workspace/data/cape_cod_bay/acoustics/6470/6470.220324121901.wav,18682.5
6470,/workspace/data/cape_cod_bay/acoustics/6470/6470.220324121901.wav,18839.5
6470,/workspace/data/cape_cod_bay/acoustics/6470/6470.220324121901.wav,20439.5
6470,/workspace/data/cape_cod_bay/acoustics/6470/6470.220324121901.wav,21955.5
6470,/workspace/data/cape_cod_bay/acoustics/6470/6470.220324121901.wav,22231.0
6470,/workspace/data/cape_cod_bay/acoustics/6470/6470.220324121901.wav,22242.5
6470,/workspace/data/cape_cod_bay/acoustics/6470/6470.220324121901.wav,22253.0
6470,/workspace/data/cape_cod_bay/acoustics/6470/6470.220324121901.wav,22263.5
6470,/workspace/data/cape_cod_bay/acoustics/6470/6470.220324121901.wav,22722.5
6470,/workspace/data/cape_cod_bay/acoustics/6470/6470.220324121901.wav,22728.5
6470,/workspace/data/cape_cod_bay/acoustics/6470/6470.220324121901.wav,23202.5
6470,/workspace/data/cape_cod_bay/acoustics/6470/6470.220324121901.wav,23235.5
6470,/workspace/data/cape_cod_bay/acoustics/6470/6470.220324121901.wav,23252.0
6470,/workspace/data/cape_cod_bay/acoustics/6470/6470.220324121901.wav,23262.5
6470,/workspace/data/cape_cod_bay/acoustics/6470/6470.220324121901.wav,23277.5
6470,/workspace/data/cape_cod_bay/acoustics/6470/6470.220324121901.wav,23703.5
6470,/workspace/data/cape_cod_bay/acoustics/6470/6470.220324121901.wav,23789.0
6470,/workspace/data/cape_cod_bay/acoustics/6470/6470.220324121901.wav,23791.5
6470,/workspace/data/cape_cod_bay/acoustics/6470/6470.220324121901.wav,24071.5
6470,/workspace/data/cape_cod_bay/acoustics/6470/6470.220324121901.wav,24104.0
6470,/workspace/data/cape_cod_bay/acoustics/6470/6470.220324121901.wav,24182.0
6470,/workspace/data/cape_cod_bay/acoustics/6470/6470.220324121901.wav,24194.0
6470,/workspace/data/cape_cod_bay/acoustics/6470/6470.220324121901.wav,24224.0
6470,/workspace/data/cape_cod_bay/acoustics/6470/6470.220324121901.wav,24234.5
6470,/workspace/data/cape_cod_bay/acoustics/6470/6470.220324121901.wav,24557.5
6470,/workspace/data/cape_cod_bay/acoustics/6470/6470.220324121901.wav,24678.5
6470,/workspace/data/cape_cod_bay/acoustics/6470/6470.220324121901.wav,24745.5
6470,/workspace/data/cape_cod_bay/acoustics/6470/6470.220324121901.wav,24754.5
6470,/workspace/data/cape_cod_bay/acoustics/6470/6470.220324121901.wav,24760.5
6470,/workspace/data/cape_cod_bay/acoustics/6470/6470.220324121901.wav,24766.5
6470,/workspace/data/cape_cod_bay/acoustics/6470/6470.220324121901.wav,25285.5
6470,/workspace/data/cape_cod_bay/acoustics/6470/6470.220324121901.wav,25317.0
6470,/workspace/data/cape_cod_bay/acoustics/6470/6470.220324121901.wav,25370.5
6470,/workspace/data/cape_cod_bay/acoustics/6470/6470.220324121901.wav,25711.5
6470,/workspace/data/cape_cod_bay/acoustics/6470/6470.220324121901.wav,25732.5
6470,/workspace/data/cape_cod_bay/acoustics/6470/6470.220324121901.wav,25741.5
6470,/workspace/data/cape_cod_bay/acoustics/6470/6470.220324121901.wav,26134.5
6470,/workspace/data/cape_cod_bay/acoustics/6470/6470.220324121901.wav,26146.5
6470,/workspace/data/cape_cod_bay/acoustics/6470/6470.220324121901.wav,26157.0
6470,/workspace/data/cape_cod_bay/acoustics/6470/6470.220324121901.wav,26169.0
6470,/workspace/data/cape_cod_bay/acoustics/6470/6470.220324121901.wav,26191.5
6470,/workspace/data/cape_cod_bay/acoustics/6470/6470.220324121901.wav,26214.0
6470,/workspace/data/cape_cod_bay/acoustics/6470/6470.220324121901.wav,26671.5
6470,/workspace/data/cape_cod_bay/acoustics/6470/6470.220324121901.wav,26715.0
6470,/workspace/data/cape_cod_bay/acoustics/6470/6470.220324121901.wav,26737.5
6470,/workspace/data/cape_cod_bay/acoustics/6470/6470.220324121901.wav,26747.5
6470,/workspace/data/cape_cod_bay/acoustics/6470/6470.220324121901.wav,26795.5
6470,/workspace/data/cape_cod_bay/acoustics/6470/6470.220324121901.wav,26803.0
6470,/workspace/data/cape_cod_bay/acoustics/6470/6470.220324121901.wav,27189.0
6470,/workspace/data/cape_cod_bay/acoustics/6470/6470.220324121901.wav,27195.0
6470,/workspace/data/cape_cod_bay/acoustics/6470/6470.220324121901.wav,27278.5
6470,/workspace/data/cape_cod_bay/acoustics/6470/6470.220324121901.wav,27710.5
6470,/workspace/data/cape_cod_bay/acoustics/6470/6470.220324121901.wav,27751.0
6470,/workspace/data/cape_cod_bay/acoustics/6470/6470.220324121901.wav,28323.5
6470,/workspace/data/cape_cod_bay/acoustics/6470/6470.220324121901.wav,28335.5
6470,/workspace/data/cape_cod_bay/acoustics/6470/6470.220324121901.wav,28346.0
6470,/workspace/data/cape_cod_bay/acoustics/6470/6470.220324121901.wav,28790.0
6470,/workspace/data/cape_cod_bay/acoustics/6470/6470.220324121901.wav,28814.0
6470,/workspace/data/cape_cod_bay/acoustics/6470/6470.220324121901.wav,29718.5
6470,/workspace/data/cape_cod_bay/acoustics/6470/6470.220324121901.wav,30182.0
6470,/workspace/data/cape_cod_bay/acoustics/6470/6470.220324121901.wav,30249.5
6470,/workspace/data/cape_cod_bay/acoustics/6470/6470.220324121901.wav,30654.5
6470,/workspace/data/cape_cod_bay/acoustics/6470/6470.220324121901.wav,37363.5
6470,/workspace/data/cape_cod_bay/acoustics/6470/6470.220325001845.wav,8322.5
6470,/workspace/data/cape_cod_bay/acoustics/6470/6470.220325001845.wav,12370.0
6470,/workspace/data/cape_cod_bay/acoustics/6470/6470.220325001845.wav,12951.5
6470,/workspace/data/cape_cod_bay/acoustics/6470/6470.220325001845.wav,29600.5
6470,/workspace/data/cape_cod_bay/acoustics/6470/6470.220325001845.wav,39313.5
6470,/workspace/data/cape_cod_bay/acoustics/6470/6470.220325121830.wav,4210.5
6470,/workspace/data/cape_cod_bay/acoustics/6470/6470.220325121830.wav,10285.5
6470,/workspace/data/cape_cod_bay/acoustics/6470/6470.220325121830.wav,23077.0
6470,/workspace/data/cape_cod_bay/acoustics/6470/6470.220325121830.wav,24073.0
6470,/workspace/data/cape_cod_bay/acoustics/6470/6470.220325121830.wav,25006.0
6470,/workspace/data/cape_cod_bay/acoustics/6470/6470.220326121808.wav,8859.5
6470,/workspace/data/cape_cod_bay/acoustics/6470/6470.220326121808.wav,8863.5
6470,/workspace/data/cape_cod_bay/acoustics/6470/6470.220326121808.wav,8974.5
6470,/workspace/data/cape_cod_bay/acoustics/6470/6470.220326121808.wav,15677.5
6470,/workspace/data/cape_cod_bay/acoustics/6470/6470.220326121808.wav,15689.5
6470,/workspace/data/cape_cod_bay/acoustics/6470/6470.220326121808.wav,15722.0
6470,/workspace/data/cape_cod_bay/acoustics/6470/6470.220326121808.wav,15741.5
6470,/workspace/data/cape_cod_bay/acoustics/6470/6470.220326121808.wav,15855.5
6470,/workspace/data/cape_cod_bay/acoustics/6470/6470.220326121808.wav,15867.0
6470,/workspace/data/cape_cod_bay/acoustics/6470/6470.220326121808.wav,16039.0
6470,/workspace/data/cape_cod_bay/acoustics/6470/6470.220326121808.wav,16087.0
6470,/workspace/data/cape_cod_bay/acoustics/6470/6470.220326121808.wav,16108.0
6470,/workspace/data/cape_cod_bay/acoustics/6470/6470.220326121808.wav,16133.5
6470,/workspace/data/cape_cod_bay/acoustics/6470/6470.220326121808.wav,16313.0
6470,/workspace/data/cape_cod_bay/acoustics/6470/6470.220326121808.wav,16455.0
6470,/workspace/data/cape_cod_bay/acoustics/6470/6470.220326121808.wav,16470.0
6470,/workspace/data/cape_cod_bay/acoustics/6470/6470.220326121808.wav,17042.5
6470,/workspace/data/cape_cod_bay/acoustics/6470/6470.220326121808.wav,17770.5
6470,/workspace/data/cape_cod_bay/acoustics/6470/6470.220326121808.wav,17808.0
6470,/workspace/data/cape_cod_bay/acoustics/6470/6470.220326121808.wav,17915.5
6470,/workspace/data/cape_cod_bay/acoustics/6470/6470.220326121808.wav,18007.0
6470,/workspace/data/cape_cod_bay/acoustics/6470/6470.220326121808.wav,18143.0
6470,/workspace/data/cape_cod_bay/acoustics/6470/6470.220326121808.wav,18179.0
6470,/workspace/data/cape_cod_bay/acoustics/6470/6470.220326121808.wav,18189.5
6470,/workspace/data/cape_cod_bay/acoustics/6470/6470.220326121808.wav,18193.5
6470,/workspace/data/cape_cod_bay/acoustics/6470/6470.220326121808.wav,18223.5
6470,/workspace/data/cape_cod_bay/acoustics/6470/6470.220326121808.wav,18684.0
6470,/workspace/data/cape_cod_bay/acoustics/6470/6470.220326121808.wav,18938.5
6470,/workspace/data/cape_cod_bay/acoustics/6470/6470.220326121808.wav,39585.5
6470,/workspace/data/cape_cod_bay/acoustics/6470/6470.220327001757.wav,4143.5
6470,/workspace/data/cape_cod_bay/acoustics/6470/6470.220327001757.wav,4788.0
6470,/workspace/data/cape_cod_bay/acoustics/6470/6470.220327001757.wav,4801.5
6470,/workspace/data/cape_cod_bay/acoustics/6470/6470.220327001757.wav,4807.5
6470,/workspace/data/cape_cod_bay/acoustics/6470/6470.220327001757.wav,6821.5
6470,/workspace/data/cape_cod_bay/acoustics/6470/6470.220327001757.wav,8695.0
6470,/workspace/data/cape_cod_bay/acoustics/6470/6470.220327001757.wav,8715.5
6470,/workspace/data/cape_cod_bay/acoustics/6470/6470.220327001757.wav,8745.5
6470,/workspace/data/cape_cod_bay/acoustics/6470/6470.220327001757.wav,9047.5
6470,/workspace/data/cape_cod_bay/acoustics/6470/6470.220327001757.wav,9580.0
6470,/workspace/data/cape_cod_bay/acoustics/6470/6470.220327001757.wav,10009.0
6470,/workspace/data/cape_cod_bay/acoustics/6470/6470.220327001757.wav,10042.0
6470,/workspace/data/cape_cod_bay/acoustics/6470/6470.220327001757.wav,10088.5
6470,/workspace/data/cape_cod_bay/acoustics/6470/6470.220327001757.wav,12516.5
6470,/workspace/data/cape_cod_bay/acoustics/6470/6470.220327001757.wav,12554.0
6470,/workspace/data/cape_cod_bay/acoustics/6470/6470.220327001757.wav,13608.0
6470,/workspace/data/cape_cod_bay/acoustics/6470/6470.220327001757.wav,16063.0
6470,/workspace/data/cape_cod_bay/acoustics/6470/6470.220327001757.wav,16123.0
6470,/workspace/data/cape_cod_bay/acoustics/6470/6470.220327001757.wav,16191.5
6470,/workspace/data/cape_cod_bay/acoustics/6470/6470.220327001757.wav,16785.5
6470,/workspace/data/cape_cod_bay/acoustics/6470/6470.220327001757.wav,22570.0
6470,/workspace/data/cape_cod_bay/acoustics/6470/6470.220327001757.wav,23128.0
6470,/workspace/data/cape_cod_bay/acoustics/6470/6470.220327001757.wav,23174.0
6470,/workspace/data/cape_cod_bay/acoustics/6470/6470.220327001757.wav,24467.5
6470,/workspace/data/cape_cod_bay/acoustics/6470/6470.220327001757.wav,25230.0
6470,/workspace/data/cape_cod_bay/acoustics/6470/6470.220327001757.wav,25749.0
6470,/workspace/data/cape_cod_bay/acoustics/6470/6470.220327001757.wav,26028.5
6470,/workspace/data/cape_cod_bay/acoustics/6470/6470.220327121749.wav,16517.5
6470,/workspace/data/cape_cod_bay/acoustics/6470/6470.220327121749.wav,38790.0
6470,/workspace/data/cape_cod_bay/acoustics/6470/6470.220328001742.wav,25734.0
6470,/workspace/data/cape_cod_bay/acoustics/6470/6470.220328001742.wav,39877.0
6470,/workspace/data/cape_cod_bay/acoustics/6470/6470.220328001742.wav,39911.5
6470,/workspace/data/cape_cod_bay/acoustics/6470/6470.220328001742.wav,40472.0
6470,/workspace/data/cape_cod_bay/acoustics/6470/6470.220328001742.wav,40566.5
6470,/workspace/data/cape_cod_bay/acoustics/6470/6470.220328001742.wav,40680.0
6470,/workspace/data/cape_cod_bay/acoustics/6470/6470.220328001742.wav,41670.0
6470,/workspace/data/cape_cod_bay/acoustics/6470/6470.220328001742.wav,41674.0
6470,/workspace/data/cape_cod_bay/acoustics/6470/6470.220328001742.wav,43042.5
6470,/workspace/data/cape_cod_bay/acoustics/6470/6470.220328001742.wav,43053.0
6470,/workspace/data/cape_cod_bay/acoustics/6470/6470.220328121735.wav,2186.0
6470,/workspace/data/cape_cod_bay/acoustics/6470/6470.220328121735.wav,28784.0
6470,/workspace/data/cape_cod_bay/acoustics/6470/6470.220329001730.wav,2877.0
6470,/workspace/data/cape_cod_bay/acoustics/6470/6470.220329001730.wav,20566.5
6470,/workspace/data/cape_cod_bay/acoustics/6470/6470.220329001730.wav,20572.5
6470,/workspace/data/cape_cod_bay/acoustics/6470/6470.220329001730.wav,20596.5
6470,/workspace/data/cape_cod_bay/acoustics/6470/6470.220329001730.wav,20684.5
6470,/workspace/data/cape_cod_bay/acoustics/6470/6470.220329001730.wav,20907.5
6470,/workspace/data/cape_cod_bay/acoustics/6470/6470.220329001730.wav,20954.0
6470,/workspace/data/cape_cod_bay/acoustics/6470/6470.220329001730.wav,21043.5
6470,/workspace/data/cape_cod_bay/acoustics/6470/6470.220329001730.wav,27649.5
6470,/workspace/data/cape_cod_bay/acoustics/6470/6470.220329001730.wav,27818.5
6470,/workspace/data/cape_cod_bay/acoustics/6470/6470.220329121726.wav,10724.0
6470,/workspace/data/cape_cod_bay/acoustics/6470/6470.220329121726.wav,10744.5
6470,/workspace/data/cape_cod_bay/acoustics/6470/6470.220329121726.wav,10807.5
6470,/workspace/data/cape_cod_bay/acoustics/6470/6470.220329121726.wav,10846.5
6470,/workspace/data/cape_cod_bay/acoustics/6470/6470.220329121726.wav,10855.5
6470,/workspace/data/cape_cod_bay/acoustics/6470/6470.220329121726.wav,10875.0
6470,/workspace/data/cape_cod_bay/acoustics/6470/6470.220329121726.wav,10881.0
6470,/workspace/data/cape_cod_bay/acoustics/6470/6470.220329121726.wav,10892.5
6470,/workspace/data/cape_cod_bay/acoustics/6470/6470.220329121726.wav,10919.5
6470,/workspace/data/cape_cod_bay/acoustics/6470/6470.220329121726.wav,10928.5
6470,/workspace/data/cape_cod_bay/acoustics/6470/6470.220329121726.wav,10957.0
6470,/workspace/data/cape_cod_bay/acoustics/6470/6470.220329121726.wav,10964.5
6470,/workspace/data/cape_cod_bay/acoustics/6470/6470.220329121726.wav,10970.5
6470,/workspace/data/cape_cod_bay/acoustics/6470/6470.220329121726.wav,10979.5
6470,/workspace/data/cape_cod_bay/acoustics/6470/6470.220329121726.wav,10993.0
6470,/workspace/data/cape_cod_bay/acoustics/6470/6470.220329121726.wav,11033.5
6470,/workspace/data/cape_cod_bay/acoustics/6470/6470.220329121726.wav,18931.0
6470,/workspace/data/cape_cod_bay/acoustics/6470/6470.220329121726.wav,23893.5
6470,/workspace/data/cape_cod_bay/acoustics/6470/6470.220329121726.wav,23907.0
6470,/workspace/data/cape_cod_bay/acoustics/6470/6470.220329121726.wav,30925.5
6470,/workspace/data/cape_cod_bay/acoustics/6470/6470.220330001721.wav,35261.5
6470,/workspace/data/cape_cod_bay/acoustics/6470/6470.220330001721.wav,35916.5
6470,/workspace/data/cape_cod_bay/acoustics/6470/6470.220330001721.wav,36611.5
6470,/workspace/data/cape_cod_bay/acoustics/6470/6470.220330001721.wav,38772.0
6470,/workspace/data/cape_cod_bay/acoustics/6470/6470.220330121716.wav,12705.0
6470,/workspace/data/cape_cod_bay/acoustics/6470/6470.220330121716.wav,17181.5
6470,/workspace/data/cape_cod_bay/acoustics/6470/6470.220330121716.wav,25092.5
6470,/workspace/data/cape_cod_bay/acoustics/6470/6470.220330121716.wav,25169.0
6470,/workspace/data/cape_cod_bay/acoustics/6470/6470.220330121716.wav,25587.5
6470,/workspace/data/cape_cod_bay/acoustics/6470/6470.220330121716.wav,36010.5
6470,/workspace/data/cape_cod_bay/acoustics/6470/6470.220331001710.wav,2075.5
6470,/workspace/data/cape_cod_bay/acoustics/6470/6470.220331001710.wav,6672.0
6470,/workspace/data/cape_cod_bay/acoustics/6470/6470.220331001710.wav,10665.5
6470,/workspace/data/cape_cod_bay/acoustics/6470/6470.220331001710.wav,10795.5
6470,/workspace/data/cape_cod_bay/acoustics/6470/6470.220331001710.wav,11994.5
6470,/workspace/data/cape_cod_bay/acoustics/6470/6470.220331001710.wav,12231.0
6470,/workspace/data/cape_cod_bay/acoustics/6470/6470.220331001710.wav,15246.5
6470,/workspace/data/cape_cod_bay/acoustics/6470/6470.220331001710.wav,27024.5
6470,/workspace/data/cape_cod_bay/acoustics/6470/6470.220331001710.wav,29463.0
6470,/workspace/data/cape_cod_bay/acoustics/6470/6470.220331001710.wav,32806.5
6470,/workspace/data/cape_cod_bay/acoustics/6470/6470.220331001710.wav,35743.0
6470,/workspace/data/cape_cod_bay/acoustics/6470/6470.220331001710.wav,36870.0
6470,/workspace/data/cape_cod_bay/acoustics/6470/6470.220331121705.wav,1151.5
6470,/workspace/data/cape_cod_bay/acoustics/6470/6470.220331121705.wav,1199.5
6470,/workspace/data/cape_cod_bay/acoustics/6470/6470.220331121705.wav,1211.5
6470,/workspace/data/cape_cod_bay/acoustics/6470/6470.220331121705.wav,1256.0
6470,/workspace/data/cape_cod_bay/acoustics/6470/6470.220331121705.wav,1266.5
6470,/workspace/data/cape_cod_bay/acoustics/6470/6470.220331121705.wav,1591.0
6470,/workspace/data/cape_cod_bay/acoustics/6470/6470.220331121705.wav,1965.0
6470,/workspace/data/cape_cod_bay/acoustics/6470/6470.220401001701.wav,5677.5
6470,/workspace/data/cape_cod_bay/acoustics/6470/6470.220401001701.wav,9032.5
6470,/workspace/data/cape_cod_bay/acoustics/6470/6470.220401001701.wav,20036.0
6470,/workspace/data/cape_cod_bay/acoustics/6470/6470.220401001701.wav,21132.0
6470,/workspace/data/cape_cod_bay/acoustics/6470/6470.220401001701.wav,21562.5
6470,/workspace/data/cape_cod_bay/acoustics/6470/6470.220401001701.wav,21576.0
6470,/workspace/data/cape_cod_bay/acoustics/6470/6470.220401001701.wav,21707.5
6470,/workspace/data/cape_cod_bay/acoustics/6470/6470.220401001701.wav,22120.0
6470,/workspace/data/cape_cod_bay/acoustics/6470/6470.220401001701.wav,22358.0
6470,/workspace/data/cape_cod_bay/acoustics/6470/6470.220401001701.wav,22373.0
6470,/workspace/data/cape_cod_bay/acoustics/6470/6470.220401001701.wav,28054.5
6470,/workspace/data/cape_cod_bay/acoustics/6470/6470.220401001701.wav,28071.0
6470,/workspace/data/cape_cod_bay/acoustics/6470/6470.220401001701.wav,28084.5
6470,/workspace/data/cape_cod_bay/acoustics/6470/6470.220401001701.wav,28101.0
6470,/workspace/data/cape_cod_bay/acoustics/6470/6470.220401001701.wav,28114.5
6470,/workspace/data/cape_cod_bay/acoustics/6470/6470.220401001701.wav,30155.5
6470,/workspace/data/cape_cod_bay/acoustics/6470/6470.220401001701.wav,33802.0
6470,/workspace/data/cape_cod_bay/acoustics/6470/6470.220401001701.wav,34753.0
6470,/workspace/data/cape_cod_bay/acoustics/6470/6470.220401001701.wav,35435.0
6470,/workspace/data/cape_cod_bay/acoustics/6470/6470.220401001701.wav,38814.0
6470,/workspace/data/cape_cod_bay/acoustics/6470/6470.220401121656.wav,5145.0
6470,/workspace/data/cape_cod_bay/acoustics/6470/6470.220401121656.wav,5552.0
6470,/workspace/data/cape_cod_bay/acoustics/6470/6470.220401121656.wav,12871.0
6470,/workspace/data/cape_cod_bay/acoustics/6470/6470.220401121656.wav,16410.0
6470,/workspace/data/cape_cod_bay/acoustics/6470/6470.220401121656.wav,22882.5
6470,/workspace/data/cape_cod_bay/acoustics/6470/6470.220401121656.wav,22930.5
6470,/workspace/data/cape_cod_bay/acoustics/6470/6470.220401121656.wav,22954.5
6470,/workspace/data/cape_cod_bay/acoustics/6470/6470.220401121656.wav,22965.0
6470,/workspace/data/cape_cod_bay/acoustics/6470/6470.220401121656.wav,22972.5
6470,/workspace/data/cape_cod_bay/acoustics/6470/6470.220401121656.wav,22983.0
6470,/workspace/data/cape_cod_bay/acoustics/6470/6470.220401121656.wav,22990.5
6470,/workspace/data/cape_cod_bay/acoustics/6470/6470.220401121656.wav,23005.5
6470,/workspace/data/cape_cod_bay/acoustics/6470/6470.220401121656.wav,23026.0
6470,/workspace/data/cape_cod_bay/acoustics/6470/6470.220401121656.wav,23041.0
6470,/workspace/data/cape_cod_bay/acoustics/6470/6470.220401121656.wav,23066.5
6470,/workspace/data/cape_cod_bay/acoustics/6470/6470.220401121656.wav,23078.5
6470,/workspace/data/cape_cod_bay/acoustics/6470/6470.220401121656.wav,23113.0
6470,/workspace/data/cape_cod_bay/acoustics/6470/6470.220401121656.wav,23152.0
6470,/workspace/data/cape_cod_bay/acoustics/6470/6470.220401121656.wav,23165.5
6470,/workspace/data/cape_cod_bay/acoustics/6470/6470.220401121656.wav,23169.5
6470,/workspace/data/cape_cod_bay/acoustics/6470/6470.220401121656.wav,23180.0
6470,/workspace/data/cape_cod_bay/acoustics/6470/6470.220401121656.wav,23201.0
6470,/workspace/data/cape_cod_bay/acoustics/6470/6470.220401121656.wav,23211.5
6470,/workspace/data/cape_cod_bay/acoustics/6470/6470.220401121656.wav,23249.0
6470,/workspace/data/cape_cod_bay/acoustics/6470/6470.220401121656.wav,23270.0
6470,/workspace/data/cape_cod_bay/acoustics/6470/6470.220401121656.wav,23295.5
6470,/workspace/data/cape_cod_bay/acoustics/6470/6470.220401121656.wav,23304.5
6470,/workspace/data/cape_cod_bay/acoustics/6470/6470.220401121656.wav,23443.5
6470,/workspace/data/cape_cod_bay/acoustics/6470/6470.220401121656.wav,23455.5
6470,/workspace/data/cape_cod_bay/acoustics/6470/6470.220401121656.wav,23657.0
6470,/workspace/data/cape_cod_bay/acoustics/6470/6470.220401121656.wav,23699.0
6470,/workspace/data/cape_cod_bay/acoustics/6470/6470.220401121656.wav,23723.0
6470,/workspace/data/cape_cod_bay/acoustics/6470/6470.220401121656.wav,23826.0
6470,/workspace/data/cape_cod_bay/acoustics/6470/6470.220401121656.wav,23836.5
6470,/workspace/data/cape_cod_bay/acoustics/6470/6470.220401121656.wav,23869.5
6470,/workspace/data/cape_cod_bay/acoustics/6470/6470.220401121656.wav,23899.5
6470,/workspace/data/cape_cod_bay/acoustics/6470/6470.220401121656.wav,23929.5
6470,/workspace/data/cape_cod_bay/acoustics/6470/6470.220401121656.wav,23941.5
6470,/workspace/data/cape_cod_bay/acoustics/6470/6470.220401121656.wav,23956.0
6470,/workspace/data/cape_cod_bay/acoustics/6470/6470.220401121656.wav,23992.0
6470,/workspace/data/cape_cod_bay/acoustics/6470/6470.220401121656.wav,24008.5
6470,/workspace/data/cape_cod_bay/acoustics/6470/6470.220401121656.wav,24028.0
6470,/workspace/data/cape_cod_bay/acoustics/6470/6470.220401121656.wav,24050.5
6470,/workspace/data/cape_cod_bay/acoustics/6470/6470.220401121656.wav,24073.0
6470,/workspace/data/cape_cod_bay/acoustics/6470/6470.220401121656.wav,24098.5
6470,/workspace/data/cape_cod_bay/acoustics/6470/6470.220401121656.wav,24102.5
6470,/workspace/data/cape_cod_bay/acoustics/6470/6470.220401121656.wav,24200.0
6470,/workspace/data/cape_cod_bay/acoustics/6470/6470.220401121656.wav,24219.5
6470,/workspace/data/cape_cod_bay/acoustics/6470/6470.220401121656.wav,24227.0
6470,/workspace/data/cape_cod_bay/acoustics/6470/6470.220401121656.wav,24237.5
6470,/workspace/data/cape_cod_bay/acoustics/6470/6470.220401121656.wav,24243.5
6470,/workspace/data/cape_cod_bay/acoustics/6470/6470.220401121656.wav,24259.5
6470,/workspace/data/cape_cod_bay/acoustics/6470/6470.220401121656.wav,24307.5
6470,/workspace/data/cape_cod_bay/acoustics/6470/6470.220401121656.wav,24427.0
6470,/workspace/data/cape_cod_bay/acoustics/6470/6470.220401121656.wav,24437.5
6470,/workspace/data/cape_cod_bay/acoustics/6470/6470.220401121656.wav,24482.5
6470,/workspace/data/cape_cod_bay/acoustics/6470/6470.220401121656.wav,24615.5
6470,/workspace/data/cape_cod_bay/acoustics/6470/6470.220401121656.wav,24630.5
6470,/workspace/data/cape_cod_bay/acoustics/6470/6470.220401121656.wav,24722.0
6470,/workspace/data/cape_cod_bay/acoustics/6470/6470.220401121656.wav,24724.5
6470,/workspace/data/cape_cod_bay/acoustics/6470/6470.220401121656.wav,24733.5
6470,/workspace/data/cape_cod_bay/acoustics/6470/6470.220401121656.wav,24747.0
6470,/workspace/data/cape_cod_bay/acoustics/6470/6470.220401121656.wav,24792.0
6470,/workspace/data/cape_cod_bay/acoustics/6470/6470.220401121656.wav,24810.0
6470,/workspace/data/cape_cod_bay/acoustics/6470/6470.220401121656.wav,24820.5
6470,/workspace/data/cape_cod_bay/acoustics/6470/6470.220401121656.wav,24835.5
6470,/workspace/data/cape_cod_bay/acoustics/6470/6470.220401121656.wav,24893.5
6470,/workspace/data/cape_cod_bay/acoustics/6470/6470.220401121656.wav,25013.5
6470,/workspace/data/cape_cod_bay/acoustics/6470/6470.220401121656.wav,25074.5
6470,/workspace/data/cape_cod_bay/acoustics/6470/6470.220401121656.wav,25212.0
6470,/workspace/data/cape_cod_bay/acoustics/6470/6470.220401121656.wav,25342.5
6470,/workspace/data/cape_cod_bay/acoustics/6470/6470.220401121656.wav,25346.5
6470,/workspace/data/cape_cod_bay/acoustics/6470/6470.220401121656.wav,25394.5
6470,/workspace/data/cape_cod_bay/acoustics/6470/6470.220401121656.wav,25406.5
6470,/workspace/data/cape_cod_bay/acoustics/6470/6470.220401121656.wav,25414.0
6470,/workspace/data/cape_cod_bay/acoustics/6470/6470.220401121656.wav,25429.0
6470,/workspace/data/cape_cod_bay/acoustics/6470/6470.220401121656.wav,25435.0
6470,/workspace/data/cape_cod_bay/acoustics/6470/6470.220401121656.wav,25468.0
6470,/workspace/data/cape_cod_bay/acoustics/6470/6470.220401121656.wav,25496.5
6470,/workspace/data/cape_cod_bay/acoustics/6470/6470.220401121656.wav,25514.0
6470,/workspace/data/cape_cod_bay/acoustics/6470/6470.220401121656.wav,25547.0
6470,/workspace/data/cape_cod_bay/acoustics/6470/6470.220401121656.wav,25569.5
6470,/workspace/data/cape_cod_bay/acoustics/6470/6470.220401121656.wav,25578.5
6470,/workspace/data/cape_cod_bay/acoustics/6470/6470.220401121656.wav,25590.5
6470,/workspace/data/cape_cod_bay/acoustics/6470/6470.220401121656.wav,25613.0
6470,/workspace/data/cape_cod_bay/acoustics/6470/6470.220401121656.wav,25623.5
6470,/workspace/data/cape_cod_bay/acoustics/6470/6470.220401121656.wav,25629.5
6470,/workspace/data/cape_cod_bay/acoustics/6470/6470.220401121656.wav,25640.0
6470,/workspace/data/cape_cod_bay/acoustics/6470/6470.220401121656.wav,25819.0
6470,/workspace/data/cape_cod_bay/acoustics/6470/6470.220401121656.wav,25876.0
6470,/workspace/data/cape_cod_bay/acoustics/6470/6470.220401121656.wav,25903.0
6470,/workspace/data/cape_cod_bay/acoustics/6470/6470.220401121656.wav,25924.0
6470,/workspace/data/cape_cod_bay/acoustics/6470/6470.220401121656.wav,25949.5
6470,/workspace/data/cape_cod_bay/acoustics/6470/6470.220401121656.wav,26007.5
6470,/workspace/data/cape_cod_bay/acoustics/6470/6470.220401121656.wav,26118.5
6470,/workspace/data/cape_cod_bay/acoustics/6470/6470.220401121656.wav,26205.0
6470,/workspace/data/cape_cod_bay/acoustics/6470/6470.220401121656.wav,26336.5
6470,/workspace/data/cape_cod_bay/acoustics/6470/6470.220401121656.wav,26973.5
6470,/workspace/data/cape_cod_bay/acoustics/6470/6470.220401121656.wav,29617.0
6470,/workspace/data/cape_cod_bay/acoustics/6470/6470.220401121656.wav,29868.0
6470,/workspace/data/cape_cod_bay/acoustics/6470/6470.220401121656.wav,29874.0
6470,/workspace/data/cape_cod_bay/acoustics/6470/6470.220401121656.wav,30261.5
6470,/workspace/data/cape_cod_bay/acoustics/6470/6470.220401121656.wav,30641.0
6470,/workspace/data/cape_cod_bay/acoustics/6470/6470.220401121656.wav,30705.5
6470,/workspace/data/cape_cod_bay/acoustics/6470/6470.220401121656.wav,30722.0
6470,/workspace/data/cape_cod_bay/acoustics/6470/6470.220401121656.wav,30732.5
6470,/workspace/data/cape_cod_bay/acoustics/6470/6470.220401121656.wav,30743.0
6470,/workspace/data/cape_cod_bay/acoustics/6470/6470.220401121656.wav,30828.0
6470,/workspace/data/cape_cod_bay/acoustics/6470/6470.220401121656.wav,30886.5
6470,/workspace/data/cape_cod_bay/acoustics/6470/6470.220401121656.wav,30942.0
6470,/workspace/data/cape_cod_bay/acoustics/6470/6470.220401121656.wav,30946.0
6470,/workspace/data/cape_cod_bay/acoustics/6470/6470.220401121656.wav,30956.5
6470,/workspace/data/cape_cod_bay/acoustics/6470/6470.220401121656.wav,31003.0
6470,/workspace/data/cape_cod_bay/acoustics/6470/6470.220401121656.wav,31024.0
6470,/workspace/data/cape_cod_bay/acoustics/6470/6470.220401121656.wav,31037.5
6470,/workspace/data/cape_cod_bay/acoustics/6470/6470.220401121656.wav,31140.5
6470,/workspace/data/cape_cod_bay/acoustics/6470/6470.220401121656.wav,31158.5
6470,/workspace/data/cape_cod_bay/acoustics/6470/6470.220401121656.wav,31197.5
6470,/workspace/data/cape_cod_bay/acoustics/6470/6470.220401121656.wav,31278.0
6470,/workspace/data/cape_cod_bay/acoustics/6470/6470.220401121656.wav,31474.0
6470,/workspace/data/cape_cod_bay/acoustics/6470/6470.220401121656.wav,31511.5
6470,/workspace/data/cape_cod_bay/acoustics/6470/6470.220401121656.wav,31562.5
6470,/workspace/data/cape_cod_bay/acoustics/6470/6470.220401121656.wav,31589.0
6470,/workspace/data/cape_cod_bay/acoustics/6470/6470.220401121656.wav,31740.0
6470,/workspace/data/cape_cod_bay/acoustics/6470/6470.220401121656.wav,31840.5
6470,/workspace/data/cape_cod_bay/acoustics/6470/6470.220401121656.wav,31866.0
6470,/workspace/data/cape_cod_bay/acoustics/6470/6470.220401121656.wav,31903.0
6470,/workspace/data/cape_cod_bay/acoustics/6470/6470.220401121656.wav,32020.0
6470,/workspace/data/cape_cod_bay/acoustics/6470/6470.220401121656.wav,32043.5
6470,/workspace/data/cape_cod_bay/acoustics/6470/6470.220401121656.wav,32078.0
6470,/workspace/data/cape_cod_bay/acoustics/6470/6470.220401121656.wav,32115.5
6470,/workspace/data/cape_cod_bay/acoustics/6470/6470.220401121656.wav,32141.0
6470,/workspace/data/cape_cod_bay/acoustics/6470/6470.220401121656.wav,32516.0
6470,/workspace/data/cape_cod_bay/acoustics/6470/6470.220401121656.wav,32535.5
6470,/workspace/data/cape_cod_bay/acoustics/6470/6470.220401121656.wav,32546.0
6470,/workspace/data/cape_cod_bay/acoustics/6470/6470.220401121656.wav,32621.0
6470,/workspace/data/cape_cod_bay/acoustics/6470/6470.220401121656.wav,32701.5
6470,/workspace/data/cape_cod_bay/acoustics/6470/6470.220401121656.wav,33130.5
6470,/workspace/data/cape_cod_bay/acoustics/6470/6470.220401121656.wav,33157.5
6470,/workspace/data/cape_cod_bay/acoustics/6470/6470.220401121656.wav,33314.5
6470,/workspace/data/cape_cod_bay/acoustics/6470/6470.220401121656.wav,33391.0
6470,/workspace/data/cape_cod_bay/acoustics/6470/6470.220401121656.wav,33441.5
6470,/workspace/data/cape_cod_bay/acoustics/6470/6470.220401121656.wav,33498.5
6470,/workspace/data/cape_cod_bay/acoustics/6470/6470.220401121656.wav,33506.0
6470,/workspace/data/cape_cod_bay/acoustics/6470/6470.220401121656.wav,33963.5
6470,/workspace/data/cape_cod_bay/acoustics/6470/6470.220401121656.wav,34642.5
6470,/workspace/data/cape_cod_bay/acoustics/6470/6470.220401121656.wav,34679.5
6470,/workspace/data/cape_cod_bay/acoustics/6470/6470.220401121656.wav,34878.5
6470,/workspace/data/cape_cod_bay/acoustics/6470/6470.220401121656.wav,34919.0
6470,/workspace/data/cape_cod_bay/acoustics/6470/6470.220401121656.wav,34995.0
6470,/workspace/data/cape_cod_bay/acoustics/6470/6470.220401121656.wav,35041.5
6470,/workspace/data/cape_cod_bay/acoustics/6470/6470.220401121656.wav,35186.5
6470,/workspace/data/cape_cod_bay/acoustics/6470/6470.220401121656.wav,35301.5
6470,/workspace/data/cape_cod_bay/acoustics/6470/6470.220401121656.wav,35324.0
6470,/workspace/data/cape_cod_bay/acoustics/6470/6470.220401121656.wav,35455.5
6470,/workspace/data/cape_cod_bay/acoustics/6470/6470.220401121656.wav,35464.5
6470,/workspace/data/cape_cod_bay/acoustics/6470/6470.220401121656.wav,35470.5
6470,/workspace/data/cape_cod_bay/acoustics/6470/6470.220401121656.wav,35642.5
6470,/workspace/data/cape_cod_bay/acoustics/6470/6470.220401121656.wav,35750.5
6470,/workspace/data/cape_cod_bay/acoustics/6470/6470.220401121656.wav,35937.0
6470,/workspace/data/cape_cod_bay/acoustics/6470/6470.220401121656.wav,36012.0
6470,/workspace/data/cape_cod_bay/acoustics/6470/6470.220401121656.wav,36046.5
6470,/workspace/data/cape_cod_bay/acoustics/6470/6470.220402001650.wav,12205.5
6470,/workspace/data/cape_cod_bay/acoustics/6470/6470.220402001650.wav,13685.5
6470,/workspace/data/cape_cod_bay/acoustics/6470/6470.220402001650.wav,13697.5
6470,/workspace/data/cape_cod_bay/acoustics/6470/6470.220402001650.wav,15611.5
6470,/workspace/data/cape_cod_bay/acoustics/6470/6470.220402001650.wav,41547.0
6470,/workspace/data/cape_cod_bay/acoustics/6470/6470.220402121644.wav,12806.5
6470,/workspace/data/cape_cod_bay/acoustics/6470/6470.220402121644.wav,24478.0
6470,/workspace/data/cape_cod_bay/acoustics/6470/6470.220402121644.wav,27564.0
6470,/workspace/data/cape_cod_bay/acoustics/6470/6470.220402121644.wav,27682.0
6470,/workspace/data/cape_cod_bay/acoustics/6470/6470.220402121644.wav,28639.0
6470,/workspace/data/cape_cod_bay/acoustics/6470/6470.220402121644.wav,29131.0
6470,/workspace/data/cape_cod_bay/acoustics/6470/6470.220402121644.wav,29149.0
6470,/workspace/data/cape_cod_bay/acoustics/6470/6470.220402121644.wav,29174.5
6470,/workspace/data/cape_cod_bay/acoustics/6470/6470.220402121644.wav,29793.5
6470,/workspace/data/cape_cod_bay/acoustics/6470/6470.220402121644.wav,42601.5
6470,/workspace/data/cape_cod_bay/acoustics/6470/6470.220402121644.wav,42616.0
6470,/workspace/data/cape_cod_bay/acoustics/6470/6470.220403001639.wav,6.0
6470,/workspace/data/cape_cod_bay/acoustics/6470/6470.220403001639.wav,48.0
6470,/workspace/data/cape_cod_bay/acoustics/6470/6470.220403001639.wav,410.0
6470,/workspace/data/cape_cod_bay/acoustics/6470/6470.220403001639.wav,1245.5
6470,/workspace/data/cape_cod_bay/acoustics/6470/6470.220403001639.wav,1800.5
6470,/workspace/data/cape_cod_bay/acoustics/6470/6470.220403001639.wav,1809.5
6470,/workspace/data/cape_cod_bay/acoustics/6470/6470.220403001639.wav,2412.0
6470,/workspace/data/cape_cod_bay/acoustics/6470/6470.220403001639.wav,2425.5
6470,/workspace/data/cape_cod_bay/acoustics/6470/6470.220403001639.wav,2433.0
6470,/workspace/data/cape_cod_bay/acoustics/6470/6470.220403001639.wav,2500.0
6470,/workspace/data/cape_cod_bay/acoustics/6470/6470.220403001639.wav,2552.5
6470,/workspace/data/cape_cod_bay/acoustics/6470/6470.220403001639.wav,2853.0
6470,/workspace/data/cape_cod_bay/acoustics/6470/6470.220403001639.wav,2878.5
6470,/workspace/data/cape_cod_bay/acoustics/6470/6470.220403001639.wav,3330.0
6470,/workspace/data/cape_cod_bay/acoustics/6470/6470.220403001639.wav,3690.5
6470,/workspace/data/cape_cod_bay/acoustics/6470/6470.220403001639.wav,3760.5
6470,/workspace/data/cape_cod_bay/acoustics/6470/6470.220403001639.wav,3784.5
6470,/workspace/data/cape_cod_bay/acoustics/6470/6470.220403001639.wav,3879.0
6470,/workspace/data/cape_cod_bay/acoustics/6470/6470.220403001639.wav,4050.5
6470,/workspace/data/cape_cod_bay/acoustics/6470/6470.220403001639.wav,4058.0
6470,/workspace/data/cape_cod_bay/acoustics/6470/6470.220403001639.wav,4472.5
6470,/workspace/data/cape_cod_bay/acoustics/6470/6470.220403001639.wav,4480.0
6470,/workspace/data/cape_cod_bay/acoustics/6470/6470.220403001639.wav,4985.0
6470,/workspace/data/cape_cod_bay/acoustics/6470/6470.220403001639.wav,5372.5
6470,/workspace/data/cape_cod_bay/acoustics/6470/6470.220403001639.wav,5622.0
6470,/workspace/data/cape_cod_bay/acoustics/6470/6470.220403001639.wav,5671.5
6470,/workspace/data/cape_cod_bay/acoustics/6470/6470.220403001639.wav,5919.5
6470,/workspace/data/cape_cod_bay/acoustics/6470/6470.220403001639.wav,6157.5
6470,/workspace/data/cape_cod_bay/acoustics/6470/6470.220403001639.wav,6266.5
6470,/workspace/data/cape_cod_bay/acoustics/6470/6470.220403001639.wav,6286.0
6470,/workspace/data/cape_cod_bay/acoustics/6470/6470.220403001639.wav,6443.0
6470,/workspace/data/cape_cod_bay/acoustics/6470/6470.220403001639.wav,7086.0
6470,/workspace/data/cape_cod_bay/acoustics/6470/6470.220403001639.wav,7464.0
6470,/workspace/data/cape_cod_bay/acoustics/6470/6470.220403001639.wav,7494.0
6470,/workspace/data/cape_cod_bay/acoustics/6470/6470.220403001639.wav,7925.0
6470,/workspace/data/cape_cod_bay/acoustics/6470/6470.220403001639.wav,7939.5
6470,/workspace/data/cape_cod_bay/acoustics/6470/6470.220403001639.wav,8582.5
6470,/workspace/data/cape_cod_bay/acoustics/6470/6470.220403001639.wav,8645.5
6470,/workspace/data/cape_cod_bay/acoustics/6470/6470.220403001639.wav,8693.5
6470,/workspace/data/cape_cod_bay/acoustics/6470/6470.220403001639.wav,9143.5
6470,/workspace/data/cape_cod_bay/acoustics/6470/6470.220403001639.wav,9391.5
6470,/workspace/data/cape_cod_bay/acoustics/6470/6470.220403001639.wav,9548.5
6470,/workspace/data/cape_cod_bay/acoustics/6470/6470.220403001639.wav,10305.0
6470,/workspace/data/cape_cod_bay/acoustics/6470/6470.220403001639.wav,10314.0
6470,/workspace/data/cape_cod_bay/acoustics/6470/6470.220403001639.wav,10685.0
6470,/workspace/data/cape_cod_bay/acoustics/6470/6470.220403001639.wav,10698.5
6470,/workspace/data/cape_cod_bay/acoustics/6470/6470.220403001639.wav,10737.0
6470,/workspace/data/cape_cod_bay/acoustics/6470/6470.220403001639.wav,10816.5
6470,/workspace/data/cape_cod_bay/acoustics/6470/6470.220403001639.wav,11133.5
6470,/workspace/data/cape_cod_bay/acoustics/6470/6470.220403001639.wav,11221.5
6470,/workspace/data/cape_cod_bay/acoustics/6470/6470.220403001639.wav,11244.0
6470,/workspace/data/cape_cod_bay/acoustics/6470/6470.220403001639.wav,11365.0
6470,/workspace/data/cape_cod_bay/acoustics/6470/6470.220403001639.wav,11453.5
6470,/workspace/data/cape_cod_bay/acoustics/6470/6470.220403001639.wav,11893.0
6470,/workspace/data/cape_cod_bay/acoustics/6470/6470.220403001639.wav,11950.0
6470,/workspace/data/cape_cod_bay/acoustics/6470/6470.220403001639.wav,12027.5
6470,/workspace/data/cape_cod_bay/acoustics/6470/6470.220403001639.wav,12332.5
6470,/workspace/data/cape_cod_bay/acoustics/6470/6470.220403001639.wav,12727.5
6470,/workspace/data/cape_cod_bay/acoustics/6470/6470.220403001639.wav,12763.0
6470,/workspace/data/cape_cod_bay/acoustics/6470/6470.220403001639.wav,13363.0
6470,/workspace/data/cape_cod_bay/acoustics/6470/6470.220403001639.wav,13835.5
6470,/workspace/data/cape_cod_bay/acoustics/6470/6470.220403001639.wav,13839.5
6470,/workspace/data/cape_cod_bay/acoustics/6470/6470.220403001639.wav,14218.0
6470,/workspace/data/cape_cod_bay/acoustics/6470/6470.220403001639.wav,14269.0
6470,/workspace/data/cape_cod_bay/acoustics/6470/6470.220403001639.wav,14318.0
6470,/workspace/data/cape_cod_bay/acoustics/6470/6470.220403001639.wav,14445.5
6470,/workspace/data/cape_cod_bay/acoustics/6470/6470.220403001639.wav,14545.5
6470,/workspace/data/cape_cod_bay/acoustics/6470/6470.220403001639.wav,14681.5
6470,/workspace/data/cape_cod_bay/acoustics/6470/6470.220403001639.wav,14747.5
6470,/workspace/data/cape_cod_bay/acoustics/6470/6470.220403001639.wav,15411.0
6470,/workspace/data/cape_cod_bay/acoustics/6470/6470.220403001639.wav,15590.5
6470,/workspace/data/cape_cod_bay/acoustics/6470/6470.220403001639.wav,15834.5
6470,/workspace/data/cape_cod_bay/acoustics/6470/6470.220403001639.wav,16292.0
6470,/workspace/data/cape_cod_bay/acoustics/6470/6470.220403001639.wav,16302.5
6470,/workspace/data/cape_cod_bay/acoustics/6470/6470.220403001639.wav,16519.0
6470,/workspace/data/cape_cod_bay/acoustics/6470/6470.220403001639.wav,16526.5
6470,/workspace/data/cape_cod_bay/acoustics/6470/6470.220403001639.wav,16906.5
6470,/workspace/data/cape_cod_bay/acoustics/6470/6470.220403001639.wav,17208.5
6470,/workspace/data/cape_cod_bay/acoustics/6470/6470.220403001639.wav,17383.5
6470,/workspace/data/cape_cod_bay/acoustics/6470/6470.220403001639.wav,17404.5
6470,/workspace/data/cape_cod_bay/acoustics/6470/6470.220403001639.wav,17491.0
6470,/workspace/data/cape_cod_bay/acoustics/6470/6470.220403001639.wav,17670.5
6470,/workspace/data/cape_cod_bay/acoustics/6470/6470.220403001639.wav,17684.0
6470,/workspace/data/cape_cod_bay/acoustics/6470/6470.220403001639.wav,18029.5
6470,/workspace/data/cape_cod_bay/acoustics/6470/6470.220403001639.wav,18259.5
6470,/workspace/data/cape_cod_bay/acoustics/6470/6470.220403001639.wav,18282.0
6470,/workspace/data/cape_cod_bay/acoustics/6470/6470.220403001639.wav,19729.5
6470,/workspace/data/cape_cod_bay/acoustics/6470/6470.220403001639.wav,19772.5
6470,/workspace/data/cape_cod_bay/acoustics/6470/6470.220403001639.wav,20098.5
6470,/workspace/data/cape_cod_bay/acoustics/6470/6470.220403001639.wav,22598.5
6470,/workspace/data/cape_cod_bay/acoustics/6470/6470.220403001639.wav,22690.0
6470,/workspace/data/cape_cod_bay/acoustics/6470/6470.220403001639.wav,22712.0
6470,/workspace/data/cape_cod_bay/acoustics/6470/6470.220403001639.wav,23202.5
6470,/workspace/data/cape_cod_bay/acoustics/6470/6470.220403001639.wav,23210.0
6470,/workspace/data/cape_cod_bay/acoustics/6470/6470.220403001639.wav,23238.5
6470,/workspace/data/cape_cod_bay/acoustics/6470/6470.220403001639.wav,23252.0
6470,/workspace/data/cape_cod_bay/acoustics/6470/6470.220403001639.wav,24029.5
6470,/workspace/data/cape_cod_bay/acoustics/6470/6470.220403001639.wav,24227.0
6470,/workspace/data/cape_cod_bay/acoustics/6470/6470.220403001639.wav,24276.0
6470,/workspace/data/cape_cod_bay/acoustics/6470/6470.220403001639.wav,25288.5
6470,/workspace/data/cape_cod_bay/acoustics/6470/6470.220403001639.wav,25369.0
6470,/workspace/data/cape_cod_bay/acoustics/6470/6470.220403001639.wav,25414.0
6470,/workspace/data/cape_cod_bay/acoustics/6470/6470.220403001639.wav,25765.5
6470,/workspace/data/cape_cod_bay/acoustics/6470/6470.220403001639.wav,26395.0
6470,/workspace/data/cape_cod_bay/acoustics/6470/6470.220403121634.wav,6872.0
6470,/workspace/data/cape_cod_bay/acoustics/6470/6470.220403121634.wav,15566.5
6470,/workspace/data/cape_cod_bay/acoustics/6470/6470.220403121634.wav,31484.5
6470,/workspace/data/cape_cod_bay/acoustics/6470/6470.220403121634.wav,37779.5
6470,/workspace/data/cape_cod_bay/acoustics/6470/6470.220403121634.wav,40171.5
6470,/workspace/data/cape_cod_bay/acoustics/6470/6470.220403121634.wav,40548.5
6470,/workspace/data/cape_cod_bay/acoustics/6470/6470.220404001629.wav,2670.5
6470,/workspace/data/cape_cod_bay/acoustics/6470/6470.220404001629.wav,3126.5
6470,/workspace/data/cape_cod_bay/acoustics/6470/6470.220404001629.wav,3228.5
6470,/workspace/data/cape_cod_bay/acoustics/6470/6470.220404001629.wav,17743.5
6470,/workspace/data/cape_cod_bay/acoustics/6470/6470.220404001629.wav,20498.0
6470,/workspace/data/cape_cod_bay/acoustics/6470/6470.220404001629.wav,20550.0
6470,/workspace/data/cape_cod_bay/acoustics/6470/6470.220404001629.wav,20560.5
6470,/workspace/data/cape_cod_bay/acoustics/6470/6470.220404001629.wav,22646.5
6470,/workspace/data/cape_cod_bay/acoustics/6470/6470.220404001629.wav,22690.0
6470,/workspace/data/cape_cod_bay/acoustics/6470/6470.220404001629.wav,22697.5
6470,/workspace/data/cape_cod_bay/acoustics/6470/6470.220404001629.wav,22710.5
6470,/workspace/data/cape_cod_bay/acoustics/6470/6470.220404121624.wav,15294.5
6470,/workspace/data/cape_cod_bay/acoustics/6470/6470.220404121624.wav,15526.5
6470,/workspace/data/cape_cod_bay/acoustics/6470/6470.220404121624.wav,15534.0
6470,/workspace/data/cape_cod_bay/acoustics/6470/6470.220404121624.wav,15541.5
6470,/workspace/data/cape_cod_bay/acoustics/6470/6470.220404121624.wav,15551.5
6470,/workspace/data/cape_cod_bay/acoustics/6470/6470.220404121624.wav,15611.5
6470,/workspace/data/cape_cod_bay/acoustics/6470/6470.220404121624.wav,16496.5
6470,/workspace/data/cape_cod_bay/acoustics/6470/6470.220404121624.wav,16860.0
6470,/workspace/data/cape_cod_bay/acoustics/6470/6470.220404121624.wav,16961.5
6470,/workspace/data/cape_cod_bay/acoustics/6470/6470.220404121624.wav,18458.5
6470,/workspace/data/cape_cod_bay/acoustics/6470/6470.220404121624.wav,19630.5
6470,/workspace/data/cape_cod_bay/acoustics/6470/6470.220404121624.wav,20314.0
6470,/workspace/data/cape_cod_bay/acoustics/6470/6470.220404121624.wav,20323.0
6470,/workspace/data/cape_cod_bay/acoustics/6470/6470.220404121624.wav,20973.5
6470,/workspace/data/cape_cod_bay/acoustics/6470/6470.220404121624.wav,21269.5
6470,/workspace/data/cape_cod_bay/acoustics/6470/6470.220404121624.wav,21795.5
6470,/workspace/data/cape_cod_bay/acoustics/6470/6470.220404121624.wav,21839.0
6470,/workspace/data/cape_cod_bay/acoustics/6470/6470.220404121624.wav,30249.5
6470,/workspace/data/cape_cod_bay/acoustics/6470/6470.220404121624.wav,30284.0
6470,/workspace/data/cape_cod_bay/acoustics/6470/6470.220404121624.wav,39669.0
6470,/workspace/data/cape_cod_bay/acoustics/6470/6470.220404121624.wav,42049.5
6470,/workspace/data/cape_cod_bay/acoustics/6470/6470.220404121624.wav,42058.5
6470,/workspace/data/cape_cod_bay/acoustics/6470/6470.220404121624.wav,42511.5
6470,/workspace/data/cape_cod_bay/acoustics/6470/6470.220405001620.wav,4844.5
6470,/workspace/data/cape_cod_bay/acoustics/6470/6470.220405001620.wav,9607.0
6470,/workspace/data/cape_cod_bay/acoustics/6470/6470.220405001620.wav,9616.0
6470,/workspace/data/cape_cod_bay/acoustics/6470/6470.220405001620.wav,9623.5
6470,/workspace/data/cape_cod_bay/acoustics/6470/6470.220405001620.wav,10027.0
6470,/workspace/data/cape_cod_bay/acoustics/6470/6470.220405001620.wav,11953.0
6470,/workspace/data/cape_cod_bay/acoustics/6470/6470.220405001620.wav,11976.5
6470,/workspace/data/cape_cod_bay/acoustics/6470/6470.220405001620.wav,12039.5
6470,/workspace/data/cape_cod_bay/acoustics/6470/6470.220405001620.wav,12126.5
6470,/workspace/data/cape_cod_bay/acoustics/6470/6470.220405001620.wav,12129.0
6470,/workspace/data/cape_cod_bay/acoustics/6470/6470.220405001620.wav,12421.0
6470,/workspace/data/cape_cod_bay/acoustics/6470/6470.220405001620.wav,12491.0
6470,/workspace/data/cape_cod_bay/acoustics/6470/6470.220405001620.wav,13056.5
6470,/workspace/data/cape_cod_bay/acoustics/6470/6470.220405001620.wav,13197.0
6470,/workspace/data/cape_cod_bay/acoustics/6470/6470.220405001620.wav,13235.5
6470,/workspace/data/cape_cod_bay/acoustics/6470/6470.220405001620.wav,13249.0
6470,/workspace/data/cape_cod_bay/acoustics/6470/6470.220405001620.wav,13330.0
6470,/workspace/data/cape_cod_bay/acoustics/6470/6470.220405001620.wav,13457.0
6470,/workspace/data/cape_cod_bay/acoustics/6470/6470.220405001620.wav,13464.5
6470,/workspace/data/cape_cod_bay/acoustics/6470/6470.220405001620.wav,13506.5
6470,/workspace/data/cape_cod_bay/acoustics/6470/6470.220405001620.wav,13531.5
6470,/workspace/data/cape_cod_bay/acoustics/6470/6470.220405001620.wav,13590.0
6470,/workspace/data/cape_cod_bay/acoustics/6470/6470.220405001620.wav,13606.5
6470,/workspace/data/cape_cod_bay/acoustics/6470/6470.220405001620.wav,13617.0
6470,/workspace/data/cape_cod_bay/acoustics/6470/6470.220405001620.wav,13632.0
6470,/workspace/data/cape_cod_bay/acoustics/6470/6470.220405001620.wav,13685.5
6470,/workspace/data/cape_cod_bay/acoustics/6470/6470.220405001620.wav,13705.0
6470,/workspace/data/cape_cod_bay/acoustics/6470/6470.220405001620.wav,13729.0
6470,/workspace/data/cape_cod_bay/acoustics/6470/6470.220405001620.wav,13787.5
6470,/workspace/data/cape_cod_bay/acoustics/6470/6470.220405001620.wav,13817.5
6470,/workspace/data/cape_cod_bay/acoustics/6470/6470.220405001620.wav,13826.5
6470,/workspace/data/cape_cod_bay/acoustics/6470/6470.220405001620.wav,13913.0
6470,/workspace/data/cape_cod_bay/acoustics/6470/6470.220405001620.wav,13932.5
6470,/workspace/data/cape_cod_bay/acoustics/6470/6470.220405001620.wav,13941.5
6470,/workspace/data/cape_cod_bay/acoustics/6470/6470.220405001620.wav,13970.0
6470,/workspace/data/cape_cod_bay/acoustics/6470/6470.220405001620.wav,14037.0
6470,/workspace/data/cape_cod_bay/acoustics/6470/6470.220405001620.wav,14043.0
6470,/workspace/data/cape_cod_bay/acoustics/6470/6470.220405001620.wav,14062.5
6470,/workspace/data/cape_cod_bay/acoustics/6470/6470.220405001620.wav,14086.5
6470,/workspace/data/cape_cod_bay/acoustics/6470/6470.220405001620.wav,14113.5
6470,/workspace/data/cape_cod_bay/acoustics/6470/6470.220405001620.wav,14139.0
6470,/workspace/data/cape_cod_bay/acoustics/6470/6470.220405001620.wav,14164.0
6470,/workspace/data/cape_cod_bay/acoustics/6470/6470.220405001620.wav,14194.0
6470,/workspace/data/cape_cod_bay/acoustics/6470/6470.220405001620.wav,14319.5
6470,/workspace/data/cape_cod_bay/acoustics/6470/6470.220405001620.wav,15365.0
6470,/workspace/data/cape_cod_bay/acoustics/6470/6470.220405001620.wav,17977.0
6470,/workspace/data/cape_cod_bay/acoustics/6470/6470.220405001620.wav,18116.0
6470,/workspace/data/cape_cod_bay/acoustics/6470/6470.220405001620.wav,18137.0
6470,/workspace/data/cape_cod_bay/acoustics/6470/6470.220405001620.wav,18877.0
6470,/workspace/data/cape_cod_bay/acoustics/6470/6470.220405001620.wav,21432.5
6470,/workspace/data/cape_cod_bay/acoustics/6470/6470.220405001620.wav,21507.0
6470,/workspace/data/cape_cod_bay/acoustics/6470/6470.220405001620.wav,21555.0
6470,/workspace/data/cape_cod_bay/acoustics/6470/6470.220405001620.wav,21600.0
6470,/workspace/data/cape_cod_bay/acoustics/6470/6470.220405001620.wav,21743.5
6470,/workspace/data/cape_cod_bay/acoustics/6470/6470.220405001620.wav,22147.0
6470,/workspace/data/cape_cod_bay/acoustics/6470/6470.220405001620.wav,24887.5
6470,/workspace/data/cape_cod_bay/acoustics/6470/6470.220405001620.wav,26617.5
6470,/workspace/data/cape_cod_bay/acoustics/6470/6470.220405001620.wav,27193.5
6470,/workspace/data/cape_cod_bay/acoustics/6470/6470.220405001620.wav,27208.5
6470,/workspace/data/cape_cod_bay/acoustics/6470/6470.220405001620.wav,27236.5
6470,/workspace/data/cape_cod_bay/acoustics/6470/6470.220405001620.wav,28910.0
6470,/workspace/data/cape_cod_bay/acoustics/6470/6470.220405001620.wav,29170.0
6470,/workspace/data/cape_cod_bay/acoustics/6470/6470.220405001620.wav,29988.0
6470,/workspace/data/cape_cod_bay/acoustics/6470/6470.220405001620.wav,30022.0
6470,/workspace/data/cape_cod_bay/acoustics/6470/6470.220405001620.wav,30468.0
6470,/workspace/data/cape_cod_bay/acoustics/6470/6470.220405001620.wav,33265.5
6470,/workspace/data/cape_cod_bay/acoustics/6470/6470.220405001620.wav,33965.0
6470,/workspace/data/cape_cod_bay/acoustics/6470/6470.220405001620.wav,35180.5
6470,/workspace/data/cape_cod_bay/acoustics/6470/6470.220405001620.wav,35189.5
6470,/workspace/data/cape_cod_bay/acoustics/6470/6470.220405001620.wav,37857.0
6470,/workspace/data/cape_cod_bay/acoustics/6470/6470.220405121615.wav,13720.0
6470,/workspace/data/cape_cod_bay/acoustics/6470/6470.220405121615.wav,21604.5
6470,/workspace/data/cape_cod_bay/acoustics/6470/6470.220405121615.wav,21619.0
6470,/workspace/data/cape_cod_bay/acoustics/6470/6470.220405121615.wav,22983.0
6470,/workspace/data/cape_cod_bay/acoustics/6470/6470.220405121615.wav,35983.5
6470,/workspace/data/cape_cod_bay/acoustics/6470/6470.220405121615.wav,39599.0
6470,/workspace/data/cape_cod_bay/acoustics/6470/6470.220405121615.wav,39624.5
6470,/workspace/data/cape_cod_bay/acoustics/6470/6470.220405121615.wav,39691.5
6470,/workspace/data/cape_cod_bay/acoustics/6470/6470.220405121615.wav,40372.0
6470,/workspace/data/cape_cod_bay/acoustics/6470/6470.220406001610.wav,3542.5
6470,/workspace/data/cape_cod_bay/acoustics/6470/6470.220406001610.wav,4378.0
6470,/workspace/data/cape_cod_bay/acoustics/6470/6470.220406001610.wav,5103.5
6470,/workspace/data/cape_cod_bay/acoustics/6470/6470.220406001610.wav,5916.5
6470,/workspace/data/cape_cod_bay/acoustics/6470/6470.220406001610.wav,6492.5
6470,/workspace/data/cape_cod_bay/acoustics/6470/6470.220406001610.wav,9125.5
6470,/workspace/data/cape_cod_bay/acoustics/6470/6470.220406001610.wav,9293.0
6470,/workspace/data/cape_cod_bay/acoustics/6470/6470.220406001610.wav,9337.5
6470,/workspace/data/cape_cod_bay/acoustics/6470/6470.220406001610.wav,9360.0
6470,/workspace/data/cape_cod_bay/acoustics/6470/6470.220406001610.wav,9988.0
6470,/workspace/data/cape_cod_bay/acoustics/6470/6470.220406001610.wav,10287.0
6470,/workspace/data/cape_cod_bay/acoustics/6470/6470.220406001610.wav,10430.5
6470,/workspace/data/cape_cod_bay/acoustics/6470/6470.220406001610.wav,11842.0
6470,/workspace/data/cape_cod_bay/acoustics/6470/6470.220406001610.wav,11858.5
6470,/workspace/data/cape_cod_bay/acoustics/6470/6470.220406001610.wav,11873.5
6470,/workspace/data/cape_cod_bay/acoustics/6470/6470.220406001610.wav,14980.5
6470,/workspace/data/cape_cod_bay/acoustics/6470/6470.220406001610.wav,16150.0
6470,/workspace/data/cape_cod_bay/acoustics/6470/6470.220406001610.wav,17566.0
6470,/workspace/data/cape_cod_bay/acoustics/6470/6470.220406001610.wav,17571.5
6470,/workspace/data/cape_cod_bay/acoustics/6470/6470.220406001610.wav,17577.5
6470,/workspace/data/cape_cod_bay/acoustics/6470/6470.220406001610.wav,17586.5
6470,/workspace/data/cape_cod_bay/acoustics/6470/6470.220406001610.wav,17603.0
6470,/workspace/data/cape_cod_bay/acoustics/6470/6470.220406001610.wav,17648.0
6470,/workspace/data/cape_cod_bay/acoustics/6470/6470.220406001610.wav,17685.5
6470,/workspace/data/cape_cod_bay/acoustics/6470/6470.220406001610.wav,17730.0
6470,/workspace/data/cape_cod_bay/acoustics/6470/6470.220406001610.wav,17758.5
6470,/workspace/data/cape_cod_bay/acoustics/6470/6470.220406001610.wav,17764.5
6470,/workspace/data/cape_cod_bay/acoustics/6470/6470.220406001610.wav,17784.0
6470,/workspace/data/cape_cod_bay/acoustics/6470/6470.220406001610.wav,17791.5
6470,/workspace/data/cape_cod_bay/acoustics/6470/6470.220406001610.wav,17800.5
6470,/workspace/data/cape_cod_bay/acoustics/6470/6470.220406001610.wav,17818.5
6470,/workspace/data/cape_cod_bay/acoustics/6470/6470.220406001610.wav,17824.5
6470,/workspace/data/cape_cod_bay/acoustics/6470/6470.220406001610.wav,17833.5
6470,/workspace/data/cape_cod_bay/acoustics/6470/6470.220406001610.wav,17844.0
6470,/workspace/data/cape_cod_bay/acoustics/6470/6470.220406001610.wav,17850.0
6470,/workspace/data/cape_cod_bay/acoustics/6470/6470.220406001610.wav,17860.5
6470,/workspace/data/cape_cod_bay/acoustics/6470/6470.220406001610.wav,17872.5
6470,/workspace/data/cape_cod_bay/acoustics/6470/6470.220406001610.wav,17891.5
6470,/workspace/data/cape_cod_bay/acoustics/6470/6470.220406001610.wav,17900.5
6470,/workspace/data/cape_cod_bay/acoustics/6470/6470.220406001610.wav,18114.5
6470,/workspace/data/cape_cod_bay/acoustics/6470/6470.220406001610.wav,19191.0
6470,/workspace/data/cape_cod_bay/acoustics/6470/6470.220406001610.wav,19626.0
6470,/workspace/data/cape_cod_bay/acoustics/6470/6470.220406001610.wav,19633.5
6470,/workspace/data/cape_cod_bay/acoustics/6470/6470.220406001610.wav,19654.5
6470,/workspace/data/cape_cod_bay/acoustics/6470/6470.220406001610.wav,20193.0
6470,/workspace/data/cape_cod_bay/acoustics/6470/6470.220406001610.wav,21160.0
6470,/workspace/data/cape_cod_bay/acoustics/6470/6470.220406001610.wav,21286.0
6470,/workspace/data/cape_cod_bay/acoustics/6470/6470.220406001610.wav,21306.5
6470,/workspace/data/cape_cod_bay/acoustics/6470/6470.220406001610.wav,23418.0
6470,/workspace/data/cape_cod_bay/acoustics/6470/6470.220406001610.wav,23440.5
6470,/workspace/data/cape_cod_bay/acoustics/6470/6470.220406001610.wav,25309.5
6470,/workspace/data/cape_cod_bay/acoustics/6470/6470.220406001610.wav,31302.0
6470,/workspace/data/cape_cod_bay/acoustics/6470/6470.220406001610.wav,31314.0
6470,/workspace/data/cape_cod_bay/acoustics/6470/6470.220406001610.wav,31350.0
6470,/workspace/data/cape_cod_bay/acoustics/6470/6470.220406001610.wav,31855.5
6470,/workspace/data/cape_cod_bay/acoustics/6470/6470.220406001610.wav,31910.5
6470,/workspace/data/cape_cod_bay/acoustics/6470/6470.220406001610.wav,34587.0
6470,/workspace/data/cape_cod_bay/acoustics/6470/6470.220406001610.wav,34763.5
6470,/workspace/data/cape_cod_bay/acoustics/6470/6470.220406001610.wav,34774.0
6470,/workspace/data/cape_cod_bay/acoustics/6470/6470.220406001610.wav,34819.0
6470,/workspace/data/cape_cod_bay/acoustics/6470/6470.220406001610.wav,34833.5
6470,/workspace/data/cape_cod_bay/acoustics/6470/6470.220406001610.wav,34844.0
6470,/workspace/data/cape_cod_bay/acoustics/6470/6470.220406001610.wav,34866.5
6470,/workspace/data/cape_cod_bay/acoustics/6470/6470.220406001610.wav,34880.0
6470,/workspace/data/cape_cod_bay/acoustics/6470/6470.220406001610.wav,34889.0
6470,/workspace/data/cape_cod_bay/acoustics/6470/6470.220406001610.wav,34962.5
6470,/workspace/data/cape_cod_bay/acoustics/6470/6470.220406001610.wav,34971.5
6470,/workspace/data/cape_cod_bay/acoustics/6470/6470.220406001610.wav,35968.5
6470,/workspace/data/cape_cod_bay/acoustics/6470/6470.220406001610.wav,35986.5
6470,/workspace/data/cape_cod_bay/acoustics/6470/6470.220406001610.wav,36080.5
6470,/workspace/data/cape_cod_bay/acoustics/6470/6470.220406001610.wav,36095.5
6470,/workspace/data/cape_cod_bay/acoustics/6470/6470.220406001610.wav,36104.5
6470,/workspace/data/cape_cod_bay/acoustics/6470/6470.220406001610.wav,36119.5
6470,/workspace/data/cape_cod_bay/acoustics/6470/6470.220406001610.wav,36125.5
6470,/workspace/data/cape_cod_bay/acoustics/6470/6470.220406001610.wav,36164.5
6470,/workspace/data/cape_cod_bay/acoustics/6470/6470.220406001610.wav,36196.0
6470,/workspace/data/cape_cod_bay/acoustics/6470/6470.220406001610.wav,36224.5
6470,/workspace/data/cape_cod_bay/acoustics/6470/6470.220406001610.wav,36255.5
6470,/workspace/data/cape_cod_bay/acoustics/6470/6470.220406001610.wav,36261.5
6470,/workspace/data/cape_cod_bay/acoustics/6470/6470.220406001610.wav,36270.5
6470,/workspace/data/cape_cod_bay/acoustics/6470/6470.220406001610.wav,36282.5
6470,/workspace/data/cape_cod_bay/acoustics/6470/6470.220406001610.wav,36330.5
6470,/workspace/data/cape_cod_bay/acoustics/6470/6470.220406001610.wav,36357.5
6470,/workspace/data/cape_cod_bay/acoustics/6470/6470.220406001610.wav,36375.5
6470,/workspace/data/cape_cod_bay/acoustics/6470/6470.220406001610.wav,36381.5
6470,/workspace/data/cape_cod_bay/acoustics/6470/6470.220406001610.wav,36456.0
6470,/workspace/data/cape_cod_bay/acoustics/6470/6470.220406001610.wav,36462.0
6470,/workspace/data/cape_cod_bay/acoustics/6470/6470.220406001610.wav,36520.5
6470,/workspace/data/cape_cod_bay/acoustics/6470/6470.220406001610.wav,36538.5
6470,/workspace/data/cape_cod_bay/acoustics/6470/6470.220406001610.wav,36542.5
6470,/workspace/data/cape_cod_bay/acoustics/6470/6470.220406001610.wav,36577.0
6470,/workspace/data/cape_cod_bay/acoustics/6470/6470.220406001610.wav,36586.0
6470,/workspace/data/cape_cod_bay/acoustics/6470/6470.220406001610.wav,36595.0
6470,/workspace/data/cape_cod_bay/acoustics/6470/6470.220406001610.wav,36647.5
6470,/workspace/data/cape_cod_bay/acoustics/6470/6470.220406001610.wav,36656.5
6470,/workspace/data/cape_cod_bay/acoustics/6470/6470.220406001610.wav,36662.5
6470,/workspace/data/cape_cod_bay/acoustics/6470/6470.220406001610.wav,36691.0
6470,/workspace/data/cape_cod_bay/acoustics/6470/6470.220406001610.wav,36699.5
6470,/workspace/data/cape_cod_bay/acoustics/6470/6470.220406001610.wav,36710.0
6470,/workspace/data/cape_cod_bay/acoustics/6470/6470.220406001610.wav,36719.0
6470,/workspace/data/cape_cod_bay/acoustics/6470/6470.220406001610.wav,36729.5
6470,/workspace/data/cape_cod_bay/acoustics/6470/6470.220406001610.wav,36738.5
6470,/workspace/data/cape_cod_bay/acoustics/6470/6470.220406001610.wav,36883.5
6470,/workspace/data/cape_cod_bay/acoustics/6470/6470.220406001610.wav,36898.5
6470,/workspace/data/cape_cod_bay/acoustics/6470/6470.220406001610.wav,36907.5
6470,/workspace/data/cape_cod_bay/acoustics/6470/6470.220406001610.wav,36967.5
6470,/workspace/data/cape_cod_bay/acoustics/6470/6470.220406001610.wav,36973.5
6470,/workspace/data/cape_cod_bay/acoustics/6470/6470.220406001610.wav,36984.0
6470,/workspace/data/cape_cod_bay/acoustics/6470/6470.220406001610.wav,37006.5
6470,/workspace/data/cape_cod_bay/acoustics/6470/6470.220406001610.wav,37012.0
6470,/workspace/data/cape_cod_bay/acoustics/6470/6470.220406001610.wav,37027.0
6470,/workspace/data/cape_cod_bay/acoustics/6470/6470.220406001610.wav,37153.0
6470,/workspace/data/cape_cod_bay/acoustics/6470/6470.220406001610.wav,38980.0
6470,/workspace/data/cape_cod_bay/acoustics/6470/6470.220406001610.wav,38998.0
6470,/workspace/data/cape_cod_bay/acoustics/6470/6470.220406001610.wav,40611.0
6470,/workspace/data/cape_cod_bay/acoustics/6470/6470.220406001610.wav,42728.5
6470,/workspace/data/cape_cod_bay/acoustics/6470/6470.220406121604.wav,5969.0
6470,/workspace/data/cape_cod_bay/acoustics/6470/6470.220406121604.wav,8736.5
6470,/workspace/data/cape_cod_bay/acoustics/6470/6470.220406121604.wav,9194.0
6470,/workspace/data/cape_cod_bay/acoustics/6470/6470.220406121604.wav,9206.0
6470,/workspace/data/cape_cod_bay/acoustics/6470/6470.220406121604.wav,9240.5
6470,/workspace/data/cape_cod_bay/acoustics/6470/6470.220406121604.wav,9254.0
6470,/workspace/data/cape_cod_bay/acoustics/6470/6470.220406121604.wav,9711.5
6470,/workspace/data/cape_cod_bay/acoustics/6470/6470.220406121604.wav,9919.5
6470,/workspace/data/cape_cod_bay/acoustics/6470/6470.220406121604.wav,10404.0
6470,/workspace/data/cape_cod_bay/acoustics/6470/6470.220406121604.wav,10426.0
6470,/workspace/data/cape_cod_bay/acoustics/6470/6470.220406121604.wav,10780.5
6470,/workspace/data/cape_cod_bay/acoustics/6470/6470.220406121604.wav,10818.0
6470,/workspace/data/cape_cod_bay/acoustics/6470/6470.220406121604.wav,10909.0
6470,/workspace/data/cape_cod_bay/acoustics/6470/6470.220406121604.wav,10931.5
6470,/workspace/data/cape_cod_bay/acoustics/6470/6470.220406121604.wav,11365.0
6470,/workspace/data/cape_cod_bay/acoustics/6470/6470.220406121604.wav,11689.5
6470,/workspace/data/cape_cod_bay/acoustics/6470/6470.220406121604.wav,11712.0
6470,/workspace/data/cape_cod_bay/acoustics/6470/6470.220406121604.wav,12981.5
6470,/workspace/data/cape_cod_bay/acoustics/6470/6470.220406121604.wav,13742.5
6470,/workspace/data/cape_cod_bay/acoustics/6470/6470.220406121604.wav,14313.5
6470,/workspace/data/cape_cod_bay/acoustics/6470/6470.220406121604.wav,14924.0
6470,/workspace/data/cape_cod_bay/acoustics/6470/6470.220406121604.wav,18935.5
6470,/workspace/data/cape_cod_bay/acoustics/6470/6470.220406121604.wav,19932.5
6470,/workspace/data/cape_cod_bay/acoustics/6470/6470.220406121604.wav,23531.5
6470,/workspace/data/cape_cod_bay/acoustics/6470/6470.220406121604.wav,24131.0
6470,/workspace/data/cape_cod_bay/acoustics/6470/6470.220406121604.wav,24928.0
6470,/workspace/data/cape_cod_bay/acoustics/6470/6470.220406121604.wav,27975.5
6470,/workspace/data/cape_cod_bay/acoustics/6470/6470.220406121604.wav,28273.0
6470,/workspace/data/cape_cod_bay/acoustics/6470/6470.220406121604.wav,28280.5
6470,/workspace/data/cape_cod_bay/acoustics/6470/6470.220406121604.wav,28289.5
6470,/workspace/data/cape_cod_bay/acoustics/6470/6470.220406121604.wav,28297.0
6470,/workspace/data/cape_cod_bay/acoustics/6470/6470.220406121604.wav,28386.5
6470,/workspace/data/cape_cod_bay/acoustics/6470/6470.220406121604.wav,28403.0
6470,/workspace/data/cape_cod_bay/acoustics/6470/6470.220406121604.wav,28427.0
6470,/workspace/data/cape_cod_bay/acoustics/6470/6470.220406121604.wav,28603.5
6470,/workspace/data/cape_cod_bay/acoustics/6470/6470.220406121604.wav,29297.0
6470,/workspace/data/cape_cod_bay/acoustics/6470/6470.220406121604.wav,29310.5
6470,/workspace/data/cape_cod_bay/acoustics/6470/6470.220406121604.wav,29427.0
6470,/workspace/data/cape_cod_bay/acoustics/6470/6470.220406121604.wav,29434.5
6470,/workspace/data/cape_cod_bay/acoustics/6470/6470.220406121604.wav,29901.0
6470,/workspace/data/cape_cod_bay/acoustics/6470/6470.220406121604.wav,32671.5
6470,/workspace/data/cape_cod_bay/acoustics/6470/6470.220406121604.wav,33020.0
6470,/workspace/data/cape_cod_bay/acoustics/6470/6470.220406121604.wav,35167.0
6470,/workspace/data/cape_cod_bay/acoustics/6470/6470.220406121604.wav,35989.5
6470,/workspace/data/cape_cod_bay/acoustics/6470/6470.220406121604.wav,36299.0
6470,/workspace/data/cape_cod_bay/acoustics/6470/6470.220406121604.wav,38687.0
6470,/workspace/data/cape_cod_bay/acoustics/6470/6470.220406121604.wav,39655.5
6470,/workspace/data/cape_cod_bay/acoustics/6470/6470.220406121604.wav,39663.0
6470,/workspace/data/cape_cod_bay/acoustics/6470/6470.220406121604.wav,39678.0
6470,/workspace/data/cape_cod_bay/acoustics/6470/6470.220406121604.wav,39709.5
6470,/workspace/data/cape_cod_bay/acoustics/6470/6470.220406121604.wav,39733.5
6470,/workspace/data/cape_cod_bay/acoustics/6470/6470.220406121604.wav,42565.5
6470,/workspace/data/cape_cod_bay/acoustics/6470/6470.220407001558.wav,274.0
6470,/workspace/data/cape_cod_bay/acoustics/6470/6470.220407001558.wav,354.5
6470,/workspace/data/cape_cod_bay/acoustics/6470/6470.220407001558.wav,5543.0
6470,/workspace/data/cape_cod_bay/acoustics/6470/6470.220407001558.wav,6790.0
6470,/workspace/data/cape_cod_bay/acoustics/6470/6470.220407001558.wav,6872.0
6470,/workspace/data/cape_cod_bay/acoustics/6470/6470.220407001558.wav,8747.0
6470,/workspace/data/cape_cod_bay/acoustics/6470/6470.220407001558.wav,8792.0
6470,/workspace/data/cape_cod_bay/acoustics/6470/6470.220407001558.wav,9237.5
6470,/workspace/data/cape_cod_bay/acoustics/6470/6470.220407001558.wav,9257.0
6470,/workspace/data/cape_cod_bay/acoustics/6470/6470.220407001558.wav,10459.0
6470,/workspace/data/cape_cod_bay/acoustics/6470/6470.220407001558.wav,10550.5
6470,/workspace/data/cape_cod_bay/acoustics/6470/6470.220407001558.wav,11842.0
6470,/workspace/data/cape_cod_bay/acoustics/6470/6470.220407001558.wav,12657.0
6470,/workspace/data/cape_cod_bay/acoustics/6470/6470.220407001558.wav,13013.0
6470,/workspace/data/cape_cod_bay/acoustics/6470/6470.220407001558.wav,14074.5
6470,/workspace/data/cape_cod_bay/acoustics/6470/6470.220407001558.wav,14496.0
6470,/workspace/data/cape_cod_bay/acoustics/6470/6470.220407001558.wav,15447.0
6470,/workspace/data/cape_cod_bay/acoustics/6470/6470.220407001558.wav,16175.0
6470,/workspace/data/cape_cod_bay/acoustics/6470/6470.220407001558.wav,16205.0
6470,/workspace/data/cape_cod_bay/acoustics/6470/6470.220407001558.wav,16293.5
6470,/workspace/data/cape_cod_bay/acoustics/6470/6470.220407001558.wav,16398.0
6470,/workspace/data/cape_cod_bay/acoustics/6470/6470.220407001558.wav,16795.5
6470,/workspace/data/cape_cod_bay/acoustics/6470/6470.220407001558.wav,18413.5
6470,/workspace/data/cape_cod_bay/acoustics/6470/6470.220407001558.wav,18421.0
6470,/workspace/data/cape_cod_bay/acoustics/6470/6470.220407001558.wav,20539.5
6470,/workspace/data/cape_cod_bay/acoustics/6470/6470.220407001558.wav,20625.0
6470,/workspace/data/cape_cod_bay/acoustics/6470/6470.220407001558.wav,20687.5
6470,/workspace/data/cape_cod_bay/acoustics/6470/6470.220407001558.wav,20735.5
6470,/workspace/data/cape_cod_bay/acoustics/6470/6470.220407001558.wav,21105.0
6470,/workspace/data/cape_cod_bay/acoustics/6470/6470.220407001558.wav,21221.5
6470,/workspace/data/cape_cod_bay/acoustics/6470/6470.220407001558.wav,21579.0
6470,/workspace/data/cape_cod_bay/acoustics/6470/6470.220407001558.wav,21658.0
6470,/workspace/data/cape_cod_bay/acoustics/6470/6470.220407001558.wav,21837.5
6470,/workspace/data/cape_cod_bay/acoustics/6470/6470.220407001558.wav,21990.0
6470,/workspace/data/cape_cod_bay/acoustics/6470/6470.220407001558.wav,22053.0
6470,/workspace/data/cape_cod_bay/acoustics/6470/6470.220407001558.wav,22087.0
6470,/workspace/data/cape_cod_bay/acoustics/6470/6470.220407001558.wav,22142.5
6470,/workspace/data/cape_cod_bay/acoustics/6470/6470.220407001558.wav,22228.0
6470,/workspace/data/cape_cod_bay/acoustics/6470/6470.220407001558.wav,22388.0
6470,/workspace/data/cape_cod_bay/acoustics/6470/6470.220407001558.wav,22761.5
6470,/workspace/data/cape_cod_bay/acoustics/6470/6470.220407001558.wav,22851.5
6470,/workspace/data/cape_cod_bay/acoustics/6470/6470.220407001558.wav,22887.0
6470,/workspace/data/cape_cod_bay/acoustics/6470/6470.220407001558.wav,23140.0
6470,/workspace/data/cape_cod_bay/acoustics/6470/6470.220407001558.wav,23823.0
6470,/workspace/data/cape_cod_bay/acoustics/6470/6470.220407001558.wav,23940.0
6470,/workspace/data/cape_cod_bay/acoustics/6470/6470.220407001558.wav,23992.0
6470,/workspace/data/cape_cod_bay/acoustics/6470/6470.220407001558.wav,24028.0
6470,/workspace/data/cape_cod_bay/acoustics/6470/6470.220407001558.wav,24098.5
6470,/workspace/data/cape_cod_bay/acoustics/6470/6470.220407001558.wav,24197.0
6470,/workspace/data/cape_cod_bay/acoustics/6470/6470.220407001558.wav,24298.5
6470,/workspace/data/cape_cod_bay/acoustics/6470/6470.220407001558.wav,24321.0
6470,/workspace/data/cape_cod_bay/acoustics/6470/6470.220407001558.wav,24372.0
6470,/workspace/data/cape_cod_bay/acoustics/6470/6470.220407001558.wav,24490.0
6470,/workspace/data/cape_cod_bay/acoustics/6470/6470.220407001558.wav,24523.0
6470,/workspace/data/cape_cod_bay/acoustics/6470/6470.220407001558.wav,24654.5
6470,/workspace/data/cape_cod_bay/acoustics/6470/6470.220407001558.wav,24669.5
6470,/workspace/data/cape_cod_bay/acoustics/6470/6470.220407001558.wav,24717.5
6470,/workspace/data/cape_cod_bay/acoustics/6470/6470.220407001558.wav,24724.5
6470,/workspace/data/cape_cod_bay/acoustics/6470/6470.220407001558.wav,24756.0
6470,/workspace/data/cape_cod_bay/acoustics/6470/6470.220407001558.wav,24893.5
6470,/workspace/data/cape_cod_bay/acoustics/6470/6470.220407001558.wav,25033.0
6470,/workspace/data/cape_cod_bay/acoustics/6470/6470.220407001558.wav,25065.5
6470,/workspace/data/cape_cod_bay/acoustics/6470/6470.220407001558.wav,25082.0
6470,/workspace/data/cape_cod_bay/acoustics/6470/6470.220407001558.wav,25118.0
6470,/workspace/data/cape_cod_bay/acoustics/6470/6470.220407001558.wav,25270.5
6470,/workspace/data/cape_cod_bay/acoustics/6470/6470.220407001558.wav,25321.5
6470,/workspace/data/cape_cod_bay/acoustics/6470/6470.220407001558.wav,25813.0
6470,/workspace/data/cape_cod_bay/acoustics/6470/6470.220407001558.wav,25943.5
6470,/workspace/data/cape_cod_bay/acoustics/6470/6470.220407001558.wav,25983.5
6470,/workspace/data/cape_cod_bay/acoustics/6470/6470.220407001558.wav,26067.5
6470,/workspace/data/cape_cod_bay/acoustics/6470/6470.220407001558.wav,26087.0
6470,/workspace/data/cape_cod_bay/acoustics/6470/6470.220407001558.wav,26188.5
6470,/workspace/data/cape_cod_bay/acoustics/6470/6470.220407001558.wav,26244.0
6470,/workspace/data/cape_cod_bay/acoustics/6470/6470.220407001558.wav,26297.5
6470,/workspace/data/cape_cod_bay/acoustics/6470/6470.220407001558.wav,26368.0
6470,/workspace/data/cape_cod_bay/acoustics/6470/6470.220407001558.wav,26541.5
6470,/workspace/data/cape_cod_bay/acoustics/6470/6470.220407001558.wav,27349.0
6470,/workspace/data/cape_cod_bay/acoustics/6470/6470.220407001558.wav,27419.0
6470,/workspace/data/cape_cod_bay/acoustics/6470/6470.220407001558.wav,27972.5
6470,/workspace/data/cape_cod_bay/acoustics/6470/6470.220407001558.wav,28249.0
6470,/workspace/data/cape_cod_bay/acoustics/6470/6470.220407001558.wav,28458.0
6470,/workspace/data/cape_cod_bay/acoustics/6470/6470.220407001558.wav,28509.0
6470,/workspace/data/cape_cod_bay/acoustics/6470/6470.220407001558.wav,28596.0
6470,/workspace/data/cape_cod_bay/acoustics/6470/6470.220407001558.wav,28721.5
6470,/workspace/data/cape_cod_bay/acoustics/6470/6470.220407001558.wav,31128.5
6470,/workspace/data/cape_cod_bay/acoustics/6470/6470.220407001558.wav,31267.5
6470,/workspace/data/cape_cod_bay/acoustics/6470/6470.220407001558.wav,32054.0
6470,/workspace/data/cape_cod_bay/acoustics/6470/6470.220407001558.wav,32269.5
6470,/workspace/data/cape_cod_bay/acoustics/6470/6470.220407001558.wav,32420.5
6470,/workspace/data/cape_cod_bay/acoustics/6470/6470.220407001558.wav,32429.5
6470,/workspace/data/cape_cod_bay/acoustics/6470/6470.220407001558.wav,32435.5
6470,/workspace/data/cape_cod_bay/acoustics/6470/6470.220407001558.wav,32443.0
6470,/workspace/data/cape_cod_bay/acoustics/6470/6470.220407001558.wav,32449.0
6470,/workspace/data/cape_cod_bay/acoustics/6470/6470.220407001558.wav,32935.0
6470,/workspace/data/cape_cod_bay/acoustics/6470/6470.220407001558.wav,32987.0
6470,/workspace/data/cape_cod_bay/acoustics/6470/6470.220407001558.wav,32997.5
6470,/workspace/data/cape_cod_bay/acoustics/6470/6470.220407001558.wav,33014.0
6470,/workspace/data/cape_cod_bay/acoustics/6470/6470.220407001558.wav,33307.0
6470,/workspace/data/cape_cod_bay/acoustics/6470/6470.220407001558.wav,33446.0
6470,/workspace/data/cape_cod_bay/acoustics/6470/6470.220407001558.wav,33542.0
6470,/workspace/data/cape_cod_bay/acoustics/6470/6470.220407001558.wav,33549.5
6470,/workspace/data/cape_cod_bay/acoustics/6470/6470.220407001558.wav,33566.0
6470,/workspace/data/cape_cod_bay/acoustics/6470/6470.220407001558.wav,33862.0
6470,/workspace/data/cape_cod_bay/acoustics/6470/6470.220407001558.wav,33872.5
6470,/workspace/data/cape_cod_bay/acoustics/6470/6470.220407001558.wav,33921.5
6470,/workspace/data/cape_cod_bay/acoustics/6470/6470.220407001558.wav,34608.0
6470,/workspace/data/cape_cod_bay/acoustics/6470/6470.220407001558.wav,34681.0
6470,/workspace/data/cape_cod_bay/acoustics/6470/6470.220407001558.wav,34720.0
6470,/workspace/data/cape_cod_bay/acoustics/6470/6470.220407001558.wav,34819.0
6470,/workspace/data/cape_cod_bay/acoustics/6470/6470.220407001558.wav,34883.0
6470,/workspace/data/cape_cod_bay/acoustics/6470/6470.220407001558.wav,34893.5
6470,/workspace/data/cape_cod_bay/acoustics/6470/6470.220407001558.wav,34937.0
6470,/workspace/data/cape_cod_bay/acoustics/6470/6470.220407001558.wav,34944.5
6470,/workspace/data/cape_cod_bay/acoustics/6470/6470.220407001558.wav,34953.5
6470,/workspace/data/cape_cod_bay/acoustics/6470/6470.220407001558.wav,34967.0
6470,/workspace/data/cape_cod_bay/acoustics/6470/6470.220407001558.wav,34983.5
6470,/workspace/data/cape_cod_bay/acoustics/6470/6470.220407001558.wav,34987.5
6470,/workspace/data/cape_cod_bay/acoustics/6470/6470.220407001558.wav,35001.0
6470,/workspace/data/cape_cod_bay/acoustics/6470/6470.220407001558.wav,35020.5
6470,/workspace/data/cape_cod_bay/acoustics/6470/6470.220407001558.wav,35028.0
6470,/workspace/data/cape_cod_bay/acoustics/6470/6470.220407001558.wav,35095.5
6470,/workspace/data/cape_cod_bay/acoustics/6470/6470.220407001558.wav,35107.5
6470,/workspace/data/cape_cod_bay/acoustics/6470/6470.220407001558.wav,35113.5
6470,/workspace/data/cape_cod_bay/acoustics/6470/6470.220407001558.wav,35139.0
6470,/workspace/data/cape_cod_bay/acoustics/6470/6470.220407001558.wav,35143.0
6470,/workspace/data/cape_cod_bay/acoustics/6470/6470.220407001558.wav,35167.0
6470,/workspace/data/cape_cod_bay/acoustics/6470/6470.220407001558.wav,35174.5
6470,/workspace/data/cape_cod_bay/acoustics/6470/6470.220407001558.wav,35185.0
6470,/workspace/data/cape_cod_bay/acoustics/6470/6470.220407001558.wav,35204.5
6470,/workspace/data/cape_cod_bay/acoustics/6470/6470.220407001558.wav,35221.0
6470,/workspace/data/cape_cod_bay/acoustics/6470/6470.220407001558.wav,35234.5
6470,/workspace/data/cape_cod_bay/acoustics/6470/6470.220407001558.wav,35258.5
6470,/workspace/data/cape_cod_bay/acoustics/6470/6470.220407001558.wav,35306.0
6470,/workspace/data/cape_cod_bay/acoustics/6470/6470.220407001558.wav,35324.0
6470,/workspace/data/cape_cod_bay/acoustics/6470/6470.220407001558.wav,37933.5
6470,/workspace/data/cape_cod_bay/acoustics/6470/6470.220407001558.wav,37949.5
6470,/workspace/data/cape_cod_bay/acoustics/6470/6470.220407001558.wav,37966.0
6470,/workspace/data/cape_cod_bay/acoustics/6470/6470.220407001558.wav,37987.0
6470,/workspace/data/cape_cod_bay/acoustics/6470/6470.220407001558.wav,38008.0
6470,/workspace/data/cape_cod_bay/acoustics/6470/6470.220407001558.wav,38017.0
6470,/workspace/data/cape_cod_bay/acoustics/6470/6470.220407001558.wav,38367.0
6470,/workspace/data/cape_cod_bay/acoustics/6470/6470.220407001558.wav,39570.5
6470,/workspace/data/cape_cod_bay/acoustics/6470/6470.220407001558.wav,39588.5
6470,/workspace/data/cape_cod_bay/acoustics/6470/6470.220407001558.wav,39913.0
6470,/workspace/data/cape_cod_bay/acoustics/6470/6470.220407001558.wav,41089.5
6470,/workspace/data/cape_cod_bay/acoustics/6470/6470.220407121553.wav,891.5
6470,/workspace/data/cape_cod_bay/acoustics/6470/6470.220407121553.wav,960.0
6470,/workspace/data/cape_cod_bay/acoustics/6470/6470.220407121553.wav,3452.5
6470,/workspace/data/cape_cod_bay/acoustics/6470/6470.220407121553.wav,4399.0
6470,/workspace/data/cape_cod_bay/acoustics/6470/6470.220407121553.wav,5075.0
6470,/workspace/data/cape_cod_bay/acoustics/6470/6470.220407121553.wav,5454.5
6470,/workspace/data/cape_cod_bay/acoustics/6470/6470.220407121553.wav,6960.5
6470,/workspace/data/cape_cod_bay/acoustics/6470/6470.220407121553.wav,7359.5
6470,/workspace/data/cape_cod_bay/acoustics/6470/6470.220407121553.wav,7406.0
6470,/workspace/data/cape_cod_bay/acoustics/6470/6470.220407121553.wav,7424.0
6470,/workspace/data/cape_cod_bay/acoustics/6470/6470.220407121553.wav,7433.0
6470,/workspace/data/cape_cod_bay/acoustics/6470/6470.220407121553.wav,7479.0
6470,/workspace/data/cape_cod_bay/acoustics/6470/6470.220407121553.wav,7551.0
6470,/workspace/data/cape_cod_bay/acoustics/6470/6470.220407121553.wav,7965.0
6470,/workspace/data/cape_cod_bay/acoustics/6470/6470.220407121553.wav,8008.5
6470,/workspace/data/cape_cod_bay/acoustics/6470/6470.220407121553.wav,8022.0
6470,/workspace/data/cape_cod_bay/acoustics/6470/6470.220407121553.wav,8122.0
6470,/workspace/data/cape_cod_bay/acoustics/6470/6470.220407121553.wav,8452.5
6470,/workspace/data/cape_cod_bay/acoustics/6470/6470.220407121553.wav,8460.0
6470,/workspace/data/cape_cod_bay/acoustics/6470/6470.220407121553.wav,8466.0
6470,/workspace/data/cape_cod_bay/acoustics/6470/6470.220407121553.wav,8493.0
6470,/workspace/data/cape_cod_bay/acoustics/6470/6470.220407121553.wav,8572.0
6470,/workspace/data/cape_cod_bay/acoustics/6470/6470.220407121553.wav,8582.5
6470,/workspace/data/cape_cod_bay/acoustics/6470/6470.220407121553.wav,8650.0
6470,/workspace/data/cape_cod_bay/acoustics/6470/6470.220407121553.wav,8668.0
6470,/workspace/data/cape_cod_bay/acoustics/6470/6470.220407121553.wav,11226.0
6470,/workspace/data/cape_cod_bay/acoustics/6470/6470.220407121553.wav,11833.0
6470,/workspace/data/cape_cod_bay/acoustics/6470/6470.220407121553.wav,20746.0
6470,/workspace/data/cape_cod_bay/acoustics/6470/6470.220408001548.wav,32634.5
6470,/workspace/data/cape_cod_bay/acoustics/6470/6470.220408001548.wav,32878.0
6470,/workspace/data/cape_cod_bay/acoustics/6470/6470.220408001548.wav,33956.0
6470,/workspace/data/cape_cod_bay/acoustics/6470/6470.220408001548.wav,38229.5
6470,/workspace/data/cape_cod_bay/acoustics/6470/6470.220408121542.wav,16721.0
6470,/workspace/data/cape_cod_bay/acoustics/6470/6470.220408121542.wav,20039.0
6470,/workspace/data/cape_cod_bay/acoustics/6470/6470.220408121542.wav,23250.5
6470,/workspace/data/cape_cod_bay/acoustics/6470/6470.220408121542.wav,23889.0
6470,/workspace/data/cape_cod_bay/acoustics/6470/6470.220408121542.wav,24810.0
6470,/workspace/data/cape_cod_bay/acoustics/6470/6470.220408121542.wav,24822.0
6470,/workspace/data/cape_cod_bay/acoustics/6470/6470.220408121542.wav,24828.0
6470,/workspace/data/cape_cod_bay/acoustics/6470/6470.220408121542.wav,28784.0
6470,/workspace/data/cape_cod_bay/acoustics/6470/6470.220408121542.wav,28791.5
6470,/workspace/data/cape_cod_bay/acoustics/6470/6470.220408121542.wav,28944.0
6470,/workspace/data/cape_cod_bay/acoustics/6470/6470.220408121542.wav,29083.0
6470,/workspace/data/cape_cod_bay/acoustics/6470/6470.220408121542.wav,29090.5
6470,/workspace/data/cape_cod_bay/acoustics/6470/6470.220408121542.wav,29114.5
6470,/workspace/data/cape_cod_bay/acoustics/6470/6470.220408121542.wav,29831.0
6470,/workspace/data/cape_cod_bay/acoustics/6470/6470.220408121542.wav,33618.0
6470,/workspace/data/cape_cod_bay/acoustics/6470/6470.220408121542.wav,37549.0
6470,/workspace/data/cape_cod_bay/acoustics/6470/6470.220408121542.wav,38570.0
6470,/workspace/data/cape_cod_bay/acoustics/6470/6470.220408121542.wav,38586.5
6470,/workspace/data/cape_cod_bay/acoustics/6470/6470.220408121542.wav,38702.0
6470,/workspace/data/cape_cod_bay/acoustics/6470/6470.220408121542.wav,39385.0
6470,/workspace/data/cape_cod_bay/acoustics/6470/6470.220408121542.wav,39856.0
6470,/workspace/data/cape_cod_bay/acoustics/6470/6470.220408121542.wav,40215.0
6470,/workspace/data/cape_cod_bay/acoustics/6470/6470.220408121542.wav,40798.0
6470,/workspace/data/cape_cod_bay/acoustics/6470/6470.220408121542.wav,42205.0
6470,/workspace/data/cape_cod_bay/acoustics/6470/6470.220408121542.wav,42271.0
6470,/workspace/data/cape_cod_bay/acoustics/6470/6470.220408121542.wav,43006.5
6470,/workspace/data/cape_cod_bay/acoustics/6470/6470.220408121542.wav,43042.5
6470,/workspace/data/cape_cod_bay/acoustics/6470/6470.220409001537.wav,434.0
6470,/workspace/data/cape_cod_bay/acoustics/6470/6470.220409001537.wav,449.0
6470,/workspace/data/cape_cod_bay/acoustics/6470/6470.220409001537.wav,459.5
6470,/workspace/data/cape_cod_bay/acoustics/6470/6470.220409001537.wav,3373.5
6470,/workspace/data/cape_cod_bay/acoustics/6470/6470.220409001537.wav,4044.5
6470,/workspace/data/cape_cod_bay/acoustics/6470/6470.220409001537.wav,5532.5
6470,/workspace/data/cape_cod_bay/acoustics/6470/6470.220409001537.wav,6154.5
6470,/workspace/data/cape_cod_bay/acoustics/6470/6470.220409001537.wav,6334.0
6470,/workspace/data/cape_cod_bay/acoustics/6470/6470.220409001537.wav,6900.5
6470,/workspace/data/cape_cod_bay/acoustics/6470/6470.220409001537.wav,7323.5
6470,/workspace/data/cape_cod_bay/acoustics/6470/6470.220409001537.wav,7872.5
6470,/workspace/data/cape_cod_bay/acoustics/6470/6470.220409001537.wav,8436.0
6470,/workspace/data/cape_cod_bay/acoustics/6470/6470.220409001537.wav,8554.0
6470,/workspace/data/cape_cod_bay/acoustics/6470/6470.220409001537.wav,8686.0
6470,/workspace/data/cape_cod_bay/acoustics/6470/6470.220409001537.wav,8705.5
6470,/workspace/data/cape_cod_bay/acoustics/6470/6470.220409001537.wav,8709.5
6470,/workspace/data/cape_cod_bay/acoustics/6470/6470.220409001537.wav,8721.5
6470,/workspace/data/cape_cod_bay/acoustics/6470/6470.220409001537.wav,8922.0
6470,/workspace/data/cape_cod_bay/acoustics/6470/6470.220409001537.wav,9242.0
6470,/workspace/data/cape_cod_bay/acoustics/6470/6470.220409001537.wav,9276.5
6470,/workspace/data/cape_cod_bay/acoustics/6470/6470.220409001537.wav,9414.0
6470,/workspace/data/cape_cod_bay/acoustics/6470/6470.220409001537.wav,9477.0
6470,/workspace/data/cape_cod_bay/acoustics/6470/6470.220409001537.wav,9611.5
6470,/workspace/data/cape_cod_bay/acoustics/6470/6470.220409001537.wav,10018.0
6470,/workspace/data/cape_cod_bay/acoustics/6470/6470.220409001537.wav,10404.0
6470,/workspace/data/cape_cod_bay/acoustics/6470/6470.220409001537.wav,11601.5
6470,/workspace/data/cape_cod_bay/acoustics/6470/6470.220409001537.wav,12380.5
6470,/workspace/data/cape_cod_bay/acoustics/6470/6470.220409001537.wav,12392.5
6470,/workspace/data/cape_cod_bay/acoustics/6470/6470.220409001537.wav,12400.0
6470,/workspace/data/cape_cod_bay/acoustics/6470/6470.220409001537.wav,12407.5
6470,/workspace/data/cape_cod_bay/acoustics/6470/6470.220409001537.wav,12927.5
6470,/workspace/data/cape_cod_bay/acoustics/6470/6470.220409001537.wav,13653.0
6470,/workspace/data/cape_cod_bay/acoustics/6470/6470.220409001537.wav,13675.5
6470,/workspace/data/cape_cod_bay/acoustics/6470/6470.220409001537.wav,14490.0
6470,/workspace/data/cape_cod_bay/acoustics/6470/6470.220409001537.wav,14696.5
6470,/workspace/data/cape_cod_bay/acoustics/6470/6470.220409001537.wav,15499.5
6470,/workspace/data/cape_cod_bay/acoustics/6470/6470.220409001537.wav,16558.0
6470,/workspace/data/cape_cod_bay/acoustics/6470/6470.220409001537.wav,17954.5
6470,/workspace/data/cape_cod_bay/acoustics/6470/6470.220409001537.wav,18162.5
6470,/workspace/data/cape_cod_bay/acoustics/6470/6470.220409001537.wav,18208.5
6470,/workspace/data/cape_cod_bay/acoustics/6470/6470.220409001537.wav,18431.5
6470,/workspace/data/cape_cod_bay/acoustics/6470/6470.220409001537.wav,18482.5
6470,/workspace/data/cape_cod_bay/acoustics/6470/6470.220409001537.wav,18810.0
6470,/workspace/data/cape_cod_bay/acoustics/6470/6470.220409001537.wav,18838.0
6470,/workspace/data/cape_cod_bay/acoustics/6470/6470.220409001537.wav,18865.0
6470,/workspace/data/cape_cod_bay/acoustics/6470/6470.220409001537.wav,18887.5
6470,/workspace/data/cape_cod_bay/acoustics/6470/6470.220409001537.wav,18904.0
6470,/workspace/data/cape_cod_bay/acoustics/6470/6470.220409001537.wav,19433.5
6470,/workspace/data/cape_cod_bay/acoustics/6470/6470.220409001537.wav,20124.0
6470,/workspace/data/cape_cod_bay/acoustics/6470/6470.220409001537.wav,20427.5
6470,/workspace/data/cape_cod_bay/acoustics/6470/6470.220409001537.wav,20453.0
6470,/workspace/data/cape_cod_bay/acoustics/6470/6470.220409001537.wav,20510.0
6470,/workspace/data/cape_cod_bay/acoustics/6470/6470.220409001537.wav,21233.5
6470,/workspace/data/cape_cod_bay/acoustics/6470/6470.220409001537.wav,21245.5
6470,/workspace/data/cape_cod_bay/acoustics/6470/6470.220409001537.wav,21254.5
6470,/workspace/data/cape_cod_bay/acoustics/6470/6470.220409001537.wav,21283.0
6470,/workspace/data/cape_cod_bay/acoustics/6470/6470.220409001537.wav,21293.5
6470,/workspace/data/cape_cod_bay/acoustics/6470/6470.220409001537.wav,21321.5
6470,/workspace/data/cape_cod_bay/acoustics/6470/6470.220409001537.wav,21652.0
6470,/workspace/data/cape_cod_bay/acoustics/6470/6470.220409001537.wav,21701.5
6470,/workspace/data/cape_cod_bay/acoustics/6470/6470.220409001537.wav,21709.0
6470,/workspace/data/cape_cod_bay/acoustics/6470/6470.220409001537.wav,21725.5
6470,/workspace/data/cape_cod_bay/acoustics/6470/6470.220409001537.wav,21854.0
6470,/workspace/data/cape_cod_bay/acoustics/6470/6470.220409001537.wav,21869.0
6470,/workspace/data/cape_cod_bay/acoustics/6470/6470.220409001537.wav,21879.5
6470,/workspace/data/cape_cod_bay/acoustics/6470/6470.220409001537.wav,21897.5
6470,/workspace/data/cape_cod_bay/acoustics/6470/6470.220409001537.wav,22115.5
6470,/workspace/data/cape_cod_bay/acoustics/6470/6470.220409001537.wav,22545.0
6470,/workspace/data/cape_cod_bay/acoustics/6470/6470.220409001537.wav,22815.5
6470,/workspace/data/cape_cod_bay/acoustics/6470/6470.220409001537.wav,23153.5
6470,/workspace/data/cape_cod_bay/acoustics/6470/6470.220409001537.wav,23202.5
6470,/workspace/data/cape_cod_bay/acoustics/6470/6470.220409001537.wav,23461.5
6470,/workspace/data/cape_cod_bay/acoustics/6470/6470.220409001537.wav,23469.0
6470,/workspace/data/cape_cod_bay/acoustics/6470/6470.220409001537.wav,23699.0
6470,/workspace/data/cape_cod_bay/acoustics/6470/6470.220409001537.wav,23883.0
6470,/workspace/data/cape_cod_bay/acoustics/6470/6470.220409001537.wav,23890.5
6470,/workspace/data/cape_cod_bay/acoustics/6470/6470.220409001537.wav,24336.0
6470,/workspace/data/cape_cod_bay/acoustics/6470/6470.220409001537.wav,24829.5
6470,/workspace/data/cape_cod_bay/acoustics/6470/6470.220409001537.wav,25003.0
6470,/workspace/data/cape_cod_bay/acoustics/6470/6470.220409001537.wav,25315.5
6470,/workspace/data/cape_cod_bay/acoustics/6470/6470.220409001537.wav,25430.5
6470,/workspace/data/cape_cod_bay/acoustics/6470/6470.220409001537.wav,25559.0
6470,/workspace/data/cape_cod_bay/acoustics/6470/6470.220409001537.wav,25568.0
6470,/workspace/data/cape_cod_bay/acoustics/6470/6470.220409001537.wav,25668.0
6470,/workspace/data/cape_cod_bay/acoustics/6470/6470.220409001537.wav,25683.0
6470,/workspace/data/cape_cod_bay/acoustics/6470/6470.220409121532.wav,21652.0
6470,/workspace/data/cape_cod_bay/acoustics/6470/6470.220409121532.wav,24079.0
6470,/workspace/data/cape_cod_bay/acoustics/6470/6470.220409121532.wav,27773.5
6470,/workspace/data/cape_cod_bay/acoustics/6470/6470.220409121532.wav,30267.5
6470,/workspace/data/cape_cod_bay/acoustics/6470/6470.220409121532.wav,35741.5
6470,/workspace/data/cape_cod_bay/acoustics/6470/6470.220409121532.wav,35759.5
6470,/workspace/data/cape_cod_bay/acoustics/6470/6470.220409121532.wav,36176.5
6470,/workspace/data/cape_cod_bay/acoustics/6470/6470.220409121532.wav,36245.0
6470,/workspace/data/cape_cod_bay/acoustics/6470/6470.220409121532.wav,36399.0
6470,/workspace/data/cape_cod_bay/acoustics/6470/6470.220409121532.wav,36417.0
6470,/workspace/data/cape_cod_bay/acoustics/6470/6470.220409121532.wav,37339.5
6470,/workspace/data/cape_cod_bay/acoustics/6470/6470.220409121532.wav,37612.0
6470,/workspace/data/cape_cod_bay/acoustics/6470/6470.220409121532.wav,38745.0
6470,/workspace/data/cape_cod_bay/acoustics/6470/6470.220410001527.wav,3982.0
6470,/workspace/data/cape_cod_bay/acoustics/6470/6470.220410001527.wav,4678.5
6470,/workspace/data/cape_cod_bay/acoustics/6470/6470.220410001527.wav,4702.5
6470,/workspace/data/cape_cod_bay/acoustics/6470/6470.220410001527.wav,4737.0
6470,/workspace/data/cape_cod_bay/acoustics/6470/6470.220410001527.wav,4752.0
6470,/workspace/data/cape_cod_bay/acoustics/6470/6470.220410001527.wav,5284.5
6470,/workspace/data/cape_cod_bay/acoustics/6470/6470.220410001527.wav,5459.0
6470,/workspace/data/cape_cod_bay/acoustics/6470/6470.220410001527.wav,5635.5
6470,/workspace/data/cape_cod_bay/acoustics/6470/6470.220410001527.wav,5749.5
6470,/workspace/data/cape_cod_bay/acoustics/6470/6470.220410001527.wav,5753.5
6470,/workspace/data/cape_cod_bay/acoustics/6470/6470.220410001527.wav,5788.0
6470,/workspace/data/cape_cod_bay/acoustics/6470/6470.220410001527.wav,5849.5
6470,/workspace/data/cape_cod_bay/acoustics/6470/6470.220410001527.wav,5896.0
6470,/workspace/data/cape_cod_bay/acoustics/6470/6470.220410001527.wav,6362.5
6470,/workspace/data/cape_cod_bay/acoustics/6470/6470.220410001527.wav,7015.5
6470,/workspace/data/cape_cod_bay/acoustics/6470/6470.220410001527.wav,7350.5
6470,/workspace/data/cape_cod_bay/acoustics/6470/6470.220410001527.wav,7416.5
6470,/workspace/data/cape_cod_bay/acoustics/6470/6470.220410001527.wav,9773.0
6470,/workspace/data/cape_cod_bay/acoustics/6470/6470.220410001527.wav,10078.0
6470,/workspace/data/cape_cod_bay/acoustics/6470/6470.220410001527.wav,10087.0
6470,/workspace/data/cape_cod_bay/acoustics/6470/6470.220410001527.wav,10103.5
6470,/workspace/data/cape_cod_bay/acoustics/6470/6470.220410001527.wav,10113.5
6470,/workspace/data/cape_cod_bay/acoustics/6470/6470.220410001527.wav,10169.0
6470,/workspace/data/cape_cod_bay/acoustics/6470/6470.220410001527.wav,10625.0
6470,/workspace/data/cape_cod_bay/acoustics/6470/6470.220410001527.wav,10641.5
6470,/workspace/data/cape_cod_bay/acoustics/6470/6470.220410001527.wav,10656.5
6470,/workspace/data/cape_cod_bay/acoustics/6470/6470.220410001527.wav,11141.0
6470,/workspace/data/cape_cod_bay/acoustics/6470/6470.220410001527.wav,11271.0
6470,/workspace/data/cape_cod_bay/acoustics/6470/6470.220410001527.wav,11283.0
6470,/workspace/data/cape_cod_bay/acoustics/6470/6470.220410001527.wav,11295.0
6470,/workspace/data/cape_cod_bay/acoustics/6470/6470.220410001527.wav,11301.0
6470,/workspace/data/cape_cod_bay/acoustics/6470/6470.220410001527.wav,11307.0
6470,/workspace/data/cape_cod_bay/acoustics/6470/6470.220410001527.wav,11492.5
6470,/workspace/data/cape_cod_bay/acoustics/6470/6470.220410001527.wav,11570.0
6470,/workspace/data/cape_cod_bay/acoustics/6470/6470.220410001527.wav,11731.5
6470,/workspace/data/cape_cod_bay/acoustics/6470/6470.220410001527.wav,11742.0
6470,/workspace/data/cape_cod_bay/acoustics/6470/6470.220410001527.wav,11755.5
6470,/workspace/data/cape_cod_bay/acoustics/6470/6470.220410001527.wav,11781.0
6470,/workspace/data/cape_cod_bay/acoustics/6470/6470.220410001527.wav,12271.5
6470,/workspace/data/cape_cod_bay/acoustics/6470/6470.220410001527.wav,12392.5
6470,/workspace/data/cape_cod_bay/acoustics/6470/6470.220410001527.wav,12489.5
6470,/workspace/data/cape_cod_bay/acoustics/6470/6470.220410001527.wav,12552.5
6470,/workspace/data/cape_cod_bay/acoustics/6470/6470.220410001527.wav,12779.5
6470,/workspace/data/cape_cod_bay/acoustics/6470/6470.220410001527.wav,12808.0
6470,/workspace/data/cape_cod_bay/acoustics/6470/6470.220410001527.wav,13261.0
6470,/workspace/data/cape_cod_bay/acoustics/6470/6470.220410001527.wav,13322.5
6470,/workspace/data/cape_cod_bay/acoustics/6470/6470.220410001527.wav,13570.5
6470,/workspace/data/cape_cod_bay/acoustics/6470/6470.220410001527.wav,13699.0
6470,/workspace/data/cape_cod_bay/acoustics/6470/6470.220410001527.wav,15671.5
6470,/workspace/data/cape_cod_bay/acoustics/6470/6470.220410001527.wav,15825.5
6470,/workspace/data/cape_cod_bay/acoustics/6470/6470.220410001527.wav,15857.0
6470,/workspace/data/cape_cod_bay/acoustics/6470/6470.220410001527.wav,16354.5
6470,/workspace/data/cape_cod_bay/acoustics/6470/6470.220410001527.wav,16721.0
6470,/workspace/data/cape_cod_bay/acoustics/6470/6470.220410001527.wav,16794.0
6470,/workspace/data/cape_cod_bay/acoustics/6470/6470.220410001527.wav,17011.0
6470,/workspace/data/cape_cod_bay/acoustics/6470/6470.220410001527.wav,17343.0
6470,/workspace/data/cape_cod_bay/acoustics/6470/6470.220410001527.wav,17936.5
6470,/workspace/data/cape_cod_bay/acoustics/6470/6470.220410001527.wav,18099.5
6470,/workspace/data/cape_cod_bay/acoustics/6470/6470.220410001527.wav,18107.0
6470,/workspace/data/cape_cod_bay/acoustics/6470/6470.220410001527.wav,18116.0
6470,/workspace/data/cape_cod_bay/acoustics/6470/6470.220410001527.wav,18123.5
6470,/workspace/data/cape_cod_bay/acoustics/6470/6470.220410001527.wav,18373.0
6470,/workspace/data/cape_cod_bay/acoustics/6470/6470.220410001527.wav,18690.0
6470,/workspace/data/cape_cod_bay/acoustics/6470/6470.220410001527.wav,18802.5
6470,/workspace/data/cape_cod_bay/acoustics/6470/6470.220410001527.wav,18826.0
6470,/workspace/data/cape_cod_bay/acoustics/6470/6470.220410001527.wav,18848.5
6470,/workspace/data/cape_cod_bay/acoustics/6470/6470.220410001527.wav,19062.5
6470,/workspace/data/cape_cod_bay/acoustics/6470/6470.220410001527.wav,19137.0
6470,/workspace/data/cape_cod_bay/acoustics/6470/6470.220410001527.wav,19156.5
6470,/workspace/data/cape_cod_bay/acoustics/6470/6470.220410001527.wav,20574.0
6470,/workspace/data/cape_cod_bay/acoustics/6470/6470.220410001527.wav,20925.5
6470,/workspace/data/cape_cod_bay/acoustics/6470/6470.220410001527.wav,22147.0
6470,/workspace/data/cape_cod_bay/acoustics/6470/6470.220410001527.wav,22260.5
6470,/workspace/data/cape_cod_bay/acoustics/6470/6470.220410001527.wav,22977.0
6470,/workspace/data/cape_cod_bay/acoustics/6470/6470.220410001527.wav,23030.5
6470,/workspace/data/cape_cod_bay/acoustics/6470/6470.220410001527.wav,23718.5
6470,/workspace/data/cape_cod_bay/acoustics/6470/6470.220410001527.wav,23802.0
6470,/workspace/data/cape_cod_bay/acoustics/6470/6470.220410001527.wav,25038.5
6470,/workspace/data/cape_cod_bay/acoustics/6470/6470.220410001527.wav,36683.5
6470,/workspace/data/cape_cod_bay/acoustics/6470/6470.220410001527.wav,36726.5
6470,/workspace/data/cape_cod_bay/acoustics/6470/6470.220410001527.wav,38622.5
6470,/workspace/data/cape_cod_bay/acoustics/6470/6470.220410121523.wav,10299.0
6470,/workspace/data/cape_cod_bay/acoustics/6470/6470.220410121523.wav,10942.0
6470,/workspace/data/cape_cod_bay/acoustics/6470/6470.220410121523.wav,12612.0
6470,/workspace/data/cape_cod_bay/acoustics/6470/6470.220410121523.wav,15140.5
6470,/workspace/data/cape_cod_bay/acoustics/6470/6470.220410121523.wav,16911.0
6470,/workspace/data/cape_cod_bay/acoustics/6470/6470.220410121523.wav,17435.5
6470,/workspace/data/cape_cod_bay/acoustics/6470/6470.220410121523.wav,17450.5
6470,/workspace/data/cape_cod_bay/acoustics/6470/6470.220410121523.wav,18469.0
6470,/workspace/data/cape_cod_bay/acoustics/6470/6470.220410121523.wav,18484.0
6470,/workspace/data/cape_cod_bay/acoustics/6470/6470.220410121523.wav,18494.5
6470,/workspace/data/cape_cod_bay/acoustics/6470/6470.220410121523.wav,19022.0
6470,/workspace/data/cape_cod_bay/acoustics/6470/6470.220410121523.wav,20415.5
6470,/workspace/data/cape_cod_bay/acoustics/6470/6470.220410121523.wav,28047.0
6470,/workspace/data/cape_cod_bay/acoustics/6470/6470.220410121523.wav,37010.5
6470,/workspace/data/cape_cod_bay/acoustics/6470/6470.220410121523.wav,37526.5
6470,/workspace/data/cape_cod_bay/acoustics/6470/6470.220410121523.wav,37869.0
6470,/workspace/data/cape_cod_bay/acoustics/6470/6470.220410121523.wav,38657.0
6470,/workspace/data/cape_cod_bay/acoustics/6470/6470.220410121523.wav,38672.0
6470,/workspace/data/cape_cod_bay/acoustics/6470/6470.220410121523.wav,38681.0
6470,/workspace/data/cape_cod_bay/acoustics/6470/6470.220410121523.wav,38975.5
6470,/workspace/data/cape_cod_bay/acoustics/6470/6470.220410121523.wav,40207.5
6470,/workspace/data/cape_cod_bay/acoustics/6470/6470.220410121523.wav,42933.0
6470,/workspace/data/cape_cod_bay/acoustics/6470/6470.220410121523.wav,42945.0
6470,/workspace/data/cape_cod_bay/acoustics/6470/6470.220410121523.wav,42958.5
6470,/workspace/data/cape_cod_bay/acoustics/6470/6470.220411001518.wav,333.5
6470,/workspace/data/cape_cod_bay/acoustics/6470/6470.220411001518.wav,339.5
6470,/workspace/data/cape_cod_bay/acoustics/6470/6470.220411001518.wav,2904.0
6470,/workspace/data/cape_cod_bay/acoustics/6470/6470.220411001518.wav,2963.5
6470,/workspace/data/cape_cod_bay/acoustics/6470/6470.220411001518.wav,2974.0
6470,/workspace/data/cape_cod_bay/acoustics/6470/6470.220411001518.wav,3393.0
6470,/workspace/data/cape_cod_bay/acoustics/6470/6470.220411001518.wav,5900.5
6470,/workspace/data/cape_cod_bay/acoustics/6470/6470.220411001518.wav,7096.5
6470,/workspace/data/cape_cod_bay/acoustics/6470/6470.220411001518.wav,7512.0
6470,/workspace/data/cape_cod_bay/acoustics/6470/6470.220411001518.wav,7751.5
6470,/workspace/data/cape_cod_bay/acoustics/6470/6470.220411001518.wav,8828.0
6470,/workspace/data/cape_cod_bay/acoustics/6470/6470.220411001518.wav,9133.0
6470,/workspace/data/cape_cod_bay/acoustics/6470/6470.220411001518.wav,9847.5
6470,/workspace/data/cape_cod_bay/acoustics/6470/6470.220411001518.wav,10457.5
6470,/workspace/data/cape_cod_bay/acoustics/6470/6470.220411001518.wav,12026.0
