k,consistency_thresh,method_thresh,prune,max_time_offset,measurement_variance,success_rate,theta_error,std
4,3500,0.95,False,0,10.0,True,0.300458917128708,3.1622776601683795
4,3500,0.95,False,0,10.0,True,1.5404993412022634,3.1622776601683795
4,3500,0.95,False,0,10.0,True,1.7582201381340212,3.1622776601683795
4,3500,0.95,False,0,10.0,True,0.0333617305352476,3.1622776601683795
4,3500,0.95,False,0,10.0,True,6.352172066984807,3.1622776601683795
4,3500,0.95,False,0,10.0,True,0.0586764674653608,3.1622776601683795
4,3500,0.95,False,0,10.0,True,0.0314763493092584,3.1622776601683795
4,3500,0.95,False,0,10.0,True,0.2058635322704276,3.1622776601683795
4,3500,0.95,False,0,10.0,True,0.0360622453345769,3.1622776601683795
4,3500,0.95,False,0,10.0,True,3.123464015585739,3.1622776601683795
4,3500,0.95,False,0,10.0,True,0.0066299413028758,3.1622776601683795
4,3500,0.95,False,0,10.0,True,0.3145824947894056,3.1622776601683795
4,3500,0.95,False,0,10.0,True,0.5322954620255795,3.1622776601683795
4,3500,0.95,False,0,10.0,True,0.002358246176513,3.1622776601683795
4,3500,0.95,False,0,10.0,True,0.0124275256539476,3.1622776601683795
4,3500,0.95,False,0,10.0,True,0.2048518928162794,3.1622776601683795
4,3500,0.95,False,0,10.0,True,0.1425253353663507,3.1622776601683795
4,3500,0.95,False,0,10.0,True,0.0007028579861376,3.1622776601683795
4,3500,0.95,False,0,10.0,True,0.4770593255128332,3.1622776601683795
4,3500,0.95,False,0,10.0,True,4.36225463644746e-05,3.1622776601683795
4,3500,0.95,False,0,10.0,True,31.96494266779804,3.1622776601683795
4,3500,0.95,False,0,10.0,True,11.720451758550794,3.1622776601683795
4,3500,0.95,False,0,10.0,True,0.0267863497471125,3.1622776601683795
4,3500,0.95,False,0,10.0,True,0.5149312075456862,3.1622776601683795
4,3500,0.95,False,0,10.0,True,0.0852957165007239,3.1622776601683795
4,3500,0.95,False,0,10.0,True,3.048244902387978,3.1622776601683795
4,3500,0.95,False,0,10.0,True,0.2599254536412303,3.1622776601683795
4,3500,0.95,False,0,10.0,True,0.1525397664644288,3.1622776601683795
4,3500,0.95,False,0,10.0,True,0.0355784188008243,3.1622776601683795
4,3500,0.95,False,0,10.0,True,2.3530442411906254,3.1622776601683795
4,3500,0.95,False,0,10.0,True,0.6892971278048634,3.1622776601683795
4,3500,0.95,False,0,10.0,True,0.2847957194294679,3.1622776601683795
4,3500,0.95,False,0,10.0,True,0.0797014592897369,3.1622776601683795
4,3500,0.95,False,0,10.0,True,0.464779869283447,3.1622776601683795
4,3500,0.95,False,0,10.0,True,0.0636251714108766,3.1622776601683795
4,3500,0.95,False,0,10.0,True,1.0015303882416458,3.1622776601683795
4,3500,0.95,False,0,10.0,True,0.8276384646319404,3.1622776601683795
4,3500,0.95,False,0,10.0,True,0.0710129903779375,3.1622776601683795
4,3500,0.95,False,0,10.0,True,0.1246992510588711,3.1622776601683795
4,3500,0.95,False,0,10.0,True,0.3708172238204881,3.1622776601683795
4,3500,0.95,False,0,10.0,True,14.3594893362812,3.1622776601683795
4,3500,0.95,False,0,10.0,True,0.1859691319674681,3.1622776601683795
4,3500,0.95,False,0,10.0,True,0.6086556934070018,3.1622776601683795
4,3500,0.95,False,0,10.0,True,0.0367763774529805,3.1622776601683795
4,3500,0.95,False,0,10.0,True,3.226347567340809,3.1622776601683795
4,3500,0.95,False,0,10.0,True,0.3118829487337251,3.1622776601683795
4,3500,0.95,False,0,10.0,True,0.1916167150565257,3.1622776601683795
4,3500,0.95,False,0,10.0,True,0.0485353919325177,3.1622776601683795
4,3500,0.95,False,0,10.0,True,0.0213199944071647,3.1622776601683795
4,3500,0.95,False,0,10.0,True,0.4816880522547535,3.1622776601683795
4,3500,0.95,False,0,10.0,True,0.0031796030399533,3.1622776601683795
4,3500,0.95,False,0,10.0,True,4.024343049452231,3.1622776601683795
4,3500,0.95,False,0,10.0,True,0.0120056002507027,3.1622776601683795
4,3500,0.95,False,0,10.0,True,1.6859829925223266,3.1622776601683795
4,3500,0.95,False,0,10.0,True,0.4233110971367608,3.1622776601683795
4,3500,0.95,False,0,10.0,True,0.1368517085816023,3.1622776601683795
4,3500,0.95,False,0,10.0,True,0.0527949022877294,3.1622776601683795
4,3500,0.95,False,0,10.0,True,0.5015841148836557,3.1622776601683795
4,3500,0.95,False,0,10.0,True,4.146753374855422,3.1622776601683795
4,3500,0.95,False,0,10.0,True,0.0223973527381389,3.1622776601683795
4,3500,0.95,False,0,10.0,True,0.0429023705474325,3.1622776601683795
4,3500,0.95,False,0,10.0,True,0.0457652117853371,3.1622776601683795
4,3500,0.95,False,0,10.0,True,0.5812956434418766,3.1622776601683795
4,3500,0.95,False,0,10.0,True,0.0291144207502043,3.1622776601683795
4,3500,0.95,False,0,10.0,True,0.2332668846154604,3.1622776601683795
4,3500,0.95,False,0,10.0,True,1.202503681614829,3.1622776601683795
4,3500,0.95,False,0,10.0,True,1.610143672675477,3.1622776601683795
4,3500,0.95,False,0,10.0,True,1.685837334919313,3.1622776601683795
4,3500,0.95,False,0,10.0,True,1.0342932647656653,3.1622776601683795
4,3500,0.95,False,0,10.0,True,0.1905318434131544,3.1622776601683795
4,3500,0.95,False,0,10.0,True,2.9076860649674643,3.1622776601683795
4,3500,0.95,False,0,10.0,True,0.2289242948371637,3.1622776601683795
4,3500,0.95,False,0,10.0,True,0.0411539512481198,3.1622776601683795
4,3500,0.95,False,0,10.0,True,0.3459536778495931,3.1622776601683795
4,3500,0.95,False,0,10.0,True,0.065260082220476,3.1622776601683795
4,3500,0.95,False,0,10.0,True,9.540629166746498,3.1622776601683795
4,3500,0.95,False,0,10.0,True,0.4058020517786929,3.1622776601683795
4,3500,0.95,False,0,10.0,True,1.2087289652885147,3.1622776601683795
4,3500,0.95,False,0,10.0,True,0.4850793689692523,3.1622776601683795
4,3500,0.95,False,0,10.0,True,0.1004460765968247,3.1622776601683795
4,3500,0.95,False,0,10.0,True,0.0078037800482348,3.1622776601683795
4,3500,0.95,False,0,10.0,True,0.0118796339452842,3.1622776601683795
4,3500,0.95,False,0,10.0,True,0.3360916856820133,3.1622776601683795
4,3500,0.95,False,0,10.0,True,0.0184210588391664,3.1622776601683795
4,3500,0.95,False,0,10.0,True,1.034005112582122,3.1622776601683795
4,3500,0.95,False,0,10.0,True,0.0364070538629235,3.1622776601683795
4,3500,0.95,False,0,10.0,True,3.743349374719557,3.1622776601683795
4,3500,0.95,False,0,10.0,True,0.213289592186463,3.1622776601683795
4,3500,0.95,False,0,10.0,True,0.1672896591622503,3.1622776601683795
4,3500,0.95,False,0,10.0,True,2.0824405255798557,3.1622776601683795
4,3500,0.95,False,0,10.0,True,0.0104071766460052,3.1622776601683795
4,3500,0.95,False,0,10.0,True,0.2909501446221441,3.1622776601683795
4,3500,0.95,False,0,10.0,True,0.0555067842738097,3.1622776601683795
4,3500,0.95,False,0,10.0,True,0.418278311296163,3.1622776601683795
4,3500,0.95,False,0,10.0,True,0.2212477437027757,3.1622776601683795
4,3500,0.95,False,0,10.0,True,0.6149810283121724,3.1622776601683795
4,3500,0.95,False,0,10.0,True,112.82894775215064,3.1622776601683795
4,3500,0.95,False,0,10.0,True,0.2010033286255996,3.1622776601683795
4,3500,0.95,False,0,10.0,True,0.2474168168420476,3.1622776601683795
4,3500,0.95,False,0,10.0,True,0.0575383494732264,3.1622776601683795
4,3500,0.95,False,0,10.0,True,0.9049632326031798,3.1622776601683795
4,3500,0.95,False,0,10.0,True,0.4148701652519122,3.1622776601683795
4,3500,0.95,False,0,10.0,True,1.006223704058442,3.1622776601683795
4,3500,0.95,False,0,10.0,True,1.747276668140362,3.1622776601683795
4,3500,0.95,False,0,10.0,True,0.0742000219724161,3.1622776601683795
4,3500,0.95,False,0,10.0,True,0.0306990395493205,3.1622776601683795
4,3500,0.95,False,0,10.0,True,0.0915843688524145,3.1622776601683795
4,3500,0.95,False,0,10.0,True,0.102151721748207,3.1622776601683795
4,3500,0.95,False,0,10.0,True,0.4400079779949664,3.1622776601683795
4,3500,0.95,False,0,10.0,True,1.2928631499949148,3.1622776601683795
4,3500,0.95,False,0,10.0,True,11.11357001447334,3.1622776601683795
4,3500,0.95,False,0,10.0,True,0.8235656481520266,3.1622776601683795
4,3500,0.95,False,0,10.0,True,0.0126257897361625,3.1622776601683795
4,3500,0.95,False,0,10.0,True,0.1161045947637262,3.1622776601683795
4,3500,0.95,False,0,10.0,True,0.0154913250176988,3.1622776601683795
4,3500,0.95,False,0,10.0,True,0.1135620848406802,3.1622776601683795
4,3500,0.95,False,0,10.0,True,0.0352233485867685,3.1622776601683795
4,3500,0.95,False,0,10.0,True,0.0964393281184641,3.1622776601683795
4,3500,0.95,False,0,10.0,True,0.6471725615308799,3.1622776601683795
4,3500,0.95,False,0,10.0,True,1.0663111032420431,3.1622776601683795
4,3500,0.95,False,0,10.0,True,0.3277524495908341,3.1622776601683795
4,3500,0.95,False,0,10.0,True,0.4244600856847285,3.1622776601683795
4,3500,0.95,False,0,10.0,True,0.2978198824467384,3.1622776601683795
4,3500,0.95,False,0,10.0,True,1.9309722139634573,3.1622776601683795
4,3500,0.95,False,0,10.0,True,2.901378978769287,3.1622776601683795
4,3500,0.95,False,0,10.0,True,0.0273813914596345,3.1622776601683795
4,3500,0.95,False,0,10.0,True,0.0702796841156327,3.1622776601683795
4,3500,0.95,False,0,10.0,True,0.047299700814591,3.1622776601683795
4,3500,0.95,False,0,10.0,True,0.0579719865265131,3.1622776601683795
4,3500,0.95,False,0,10.0,True,0.5975023075951924,3.1622776601683795
4,3500,0.95,False,0,10.0,True,0.1313706499455307,3.1622776601683795
4,3500,0.95,False,0,10.0,True,0.0538019170385553,3.1622776601683795
4,3500,0.95,False,0,10.0,True,0.0891002113544132,3.1622776601683795
4,3500,0.95,False,0,10.0,True,0.2565075823375498,3.1622776601683795
4,3500,0.95,False,0,10.0,True,4.83274737671438,3.1622776601683795
4,3500,0.95,False,0,10.0,True,0.1714379799569823,3.1622776601683795
4,3500,0.95,False,0,10.0,True,0.0828519776497032,3.1622776601683795
4,3500,0.95,False,0,10.0,True,0.37639481962335,3.1622776601683795
4,3500,0.95,False,0,10.0,True,0.3198562851060842,3.1622776601683795
4,3500,0.95,False,0,10.0,True,0.0461895799517151,3.1622776601683795
4,3500,0.95,False,0,10.0,True,0.0146587735026457,3.1622776601683795
4,3500,0.95,False,0,10.0,True,0.0727428326324712,3.1622776601683795
4,3500,0.95,False,0,10.0,True,0.0416408736024038,3.1622776601683795
4,3500,0.95,False,0,10.0,True,0.0054902545768911,3.1622776601683795
4,3500,0.95,False,0,10.0,True,0.2223474585560438,3.1622776601683795
4,3500,0.95,False,0,10.0,True,0.8562577945442946,3.1622776601683795
4,3500,0.95,False,0,10.0,True,1.5307946500888647,3.1622776601683795
4,3500,0.95,False,0,10.0,True,0.0849452539990096,3.1622776601683795
4,3500,0.95,False,0,10.0,True,0.0034986678607253,3.1622776601683795
4,3500,0.95,False,0,10.0,True,4.329984131792607,3.1622776601683795
4,3500,0.95,False,0,100.0,True,1.266150434974307,10.0
4,3500,0.95,False,0,100.0,True,0.180040311498729,10.0
4,3500,0.95,False,0,100.0,True,0.4237897742361554,10.0
4,3500,0.95,False,0,100.0,True,0.5361457380923014,10.0
4,3500,0.95,False,0,100.0,True,0.0833235778083434,10.0
4,3500,0.95,False,0,100.0,True,0.0677064972787917,10.0
4,3500,0.95,False,0,100.0,True,0.0520896838922908,10.0
4,3500,0.95,False,0,100.0,True,0.2361006132974097,10.0
4,3500,0.95,False,0,100.0,True,0.19290516629178,10.0
4,3500,0.95,False,0,100.0,True,5.215253606448201,10.0
4,3500,0.95,False,0,100.0,True,0.3855935914018999,10.0
4,3500,0.95,False,0,100.0,True,3.75571232182152,10.0
4,3500,0.95,False,0,100.0,True,1.2886288923519942,10.0
4,3500,0.95,False,0,100.0,True,0.2971745004541049,10.0
4,3500,0.95,False,0,100.0,True,2.056670202214036,10.0
4,3500,0.95,False,0,100.0,True,0.5197090250833867,10.0
4,3500,0.95,False,0,100.0,True,0.2169398904406705,10.0
4,3500,0.95,False,0,100.0,True,0.2325992354945611,10.0
4,3500,0.95,False,0,100.0,True,0.2028693119562206,10.0
4,3500,0.95,False,0,100.0,True,0.0034458944861874,10.0
4,3500,0.95,False,0,100.0,True,0.0081458459556813,10.0
4,3500,0.95,False,0,100.0,True,1.635184890498195,10.0
4,3500,0.95,False,0,100.0,True,0.3519499141174833,10.0
4,3500,0.95,False,0,100.0,True,1.3249194230980663,10.0
4,3500,0.95,False,0,100.0,True,0.0013508369869867,10.0
4,3500,0.95,False,0,100.0,True,0.056908307242665,10.0
4,3500,0.95,False,0,100.0,True,0.042854816822583,10.0
4,3500,0.95,False,0,100.0,True,0.1329346932318316,10.0
4,3500,0.95,False,0,100.0,True,0.1694187614242253,10.0
4,3500,0.95,False,0,100.0,True,0.7641256587529028,10.0
4,3500,0.95,False,0,100.0,True,0.1140202731320982,10.0
4,3500,0.95,False,0,100.0,True,0.1138267353960316,10.0
4,3500,0.95,False,0,100.0,True,1.0189580916409398,10.0
4,3500,0.95,False,0,100.0,True,0.6542624388299956,10.0
4,3500,0.95,False,0,100.0,True,7.265017603703072,10.0
4,3500,0.95,False,0,100.0,True,0.2284407649557351,10.0
4,3500,0.95,False,0,100.0,True,0.2381485284915356,10.0
4,3500,0.95,False,0,100.0,True,0.170965230102297,10.0
4,3500,0.95,False,0,100.0,True,0.2204159740012556,10.0
4,3500,0.95,False,0,100.0,True,0.5584476897030299,10.0
4,3500,0.95,False,0,100.0,True,1.8721968685291015,10.0
4,3500,0.95,False,0,100.0,True,0.568023778821825,10.0
4,3500,0.95,False,0,100.0,True,0.7666229912612152,10.0
4,3500,0.95,False,0,100.0,True,0.8261065726138099,10.0
4,3500,0.95,False,0,100.0,True,0.2849465372628899,10.0
4,3500,0.95,False,0,100.0,True,0.8077281041119875,10.0
4,3500,0.95,False,0,100.0,True,0.0322504612920937,10.0
4,3500,0.95,False,0,100.0,True,0.0757844438990247,10.0
4,3500,0.95,False,0,100.0,True,0.0840480034779105,10.0
4,3500,0.95,False,0,100.0,True,2.912934499358656,10.0
4,3500,0.95,False,0,100.0,True,0.5047064381095936,10.0
4,3500,0.95,False,0,100.0,True,0.1769117374690836,10.0
4,3500,0.95,False,0,100.0,True,0.0076270004640162,10.0
4,3500,0.95,False,0,100.0,True,0.1103554786100948,10.0
4,3500,0.95,False,0,100.0,True,0.0082914226951622,10.0
4,3500,0.95,False,0,100.0,True,0.1277628797203363,10.0
4,3500,0.95,False,0,100.0,True,0.9180207293039756,10.0
4,3500,0.95,False,0,100.0,True,0.7546038202661407,10.0
4,3500,0.95,False,0,100.0,True,0.0098335063066681,10.0
4,3500,0.95,False,0,100.0,True,0.1733243660285834,10.0
4,3500,0.95,False,0,100.0,True,0.0476750079764087,10.0
4,3500,0.95,False,0,100.0,True,0.75894297610688,10.0
4,3500,0.95,False,0,100.0,True,0.1829565350163156,10.0
4,3500,0.95,False,0,100.0,True,0.5172529403710371,10.0
4,3500,0.95,False,0,100.0,True,3.055747844051268,10.0
4,3500,0.95,False,0,100.0,True,0.0077726759490701,10.0
4,3500,0.95,False,0,100.0,True,0.1497504116424153,10.0
4,3500,0.95,False,0,100.0,True,0.0491184699084499,10.0
4,3500,0.95,False,0,100.0,True,0.0481066351676098,10.0
4,3500,0.95,False,0,100.0,True,0.194719368911457,10.0
4,3500,0.95,False,0,100.0,True,0.4673734734537973,10.0
4,3500,0.95,False,0,100.0,True,0.3589217973828624,10.0
4,3500,0.95,False,0,100.0,True,4.7394255505189165,10.0
4,3500,0.95,False,0,100.0,True,0.0269713032303116,10.0
4,3500,0.95,False,0,100.0,True,4.173434513563507,10.0
4,3500,0.95,False,0,100.0,True,1.6101625847948675,10.0
4,3500,0.95,False,0,100.0,True,0.56623178275089,10.0
4,3500,0.95,False,0,100.0,True,0.9719664434123558,10.0
4,3500,0.95,False,0,100.0,True,3.3488472586016518,10.0
4,3500,0.95,False,0,100.0,True,0.1624845292429597,10.0
4,3500,0.95,False,0,100.0,True,1.7246988568655723,10.0
4,3500,0.95,False,0,100.0,True,0.1451704294973765,10.0
4,3500,0.95,False,0,100.0,True,0.0222345429687038,10.0
4,3500,0.95,False,0,100.0,True,0.3430402454947909,10.0
4,3500,0.95,False,0,100.0,True,0.0078794986640104,10.0
4,3500,0.95,False,0,100.0,True,0.2675902214084402,10.0
4,3500,0.95,False,0,100.0,True,0.3902055974802465,10.0
4,3500,0.95,False,0,100.0,True,0.0947208408355919,10.0
4,3500,0.95,False,0,100.0,True,3.465241836516718,10.0
4,3500,0.95,False,0,100.0,True,0.1982021516289833,10.0
4,3500,0.95,False,0,100.0,True,0.1601099618118553,10.0
4,3500,0.95,False,0,100.0,True,0.1885555546588762,10.0
4,3500,0.95,False,0,100.0,True,0.0132448706010848,10.0
4,3500,0.95,False,0,100.0,True,0.0153081699059214,10.0
4,3500,0.95,False,0,100.0,True,0.2448855453899057,10.0
4,3500,0.95,False,0,100.0,True,0.0161397953256638,10.0
4,3500,0.95,False,0,100.0,True,0.0338553917611648,10.0
4,3500,0.95,False,0,100.0,True,0.4548462171878498,10.0
4,3500,0.95,False,0,100.0,True,0.2413087760840824,10.0
4,3500,0.95,False,0,100.0,True,0.4128713157480206,10.0
4,3500,0.95,False,0,100.0,True,0.095439283346451,10.0
4,3500,0.95,False,0,100.0,True,0.0848709124442592,10.0
4,3500,0.95,False,0,100.0,True,0.2177013632933579,10.0
4,3500,0.95,False,0,100.0,True,0.2414691821567203,10.0
4,3500,0.95,False,0,100.0,True,0.0518619625702569,10.0
4,3500,0.95,False,0,100.0,True,0.0355449055566481,10.0
4,3500,0.95,False,0,100.0,True,0.4462911363496289,10.0
4,3500,0.95,False,0,100.0,True,4.7757561149525145,10.0
4,3500,0.95,False,0,100.0,True,0.0459502247073544,10.0
4,3500,0.95,False,0,100.0,True,1.5852020387731471,10.0
4,3500,0.95,False,0,100.0,True,0.5014954669045153,10.0
4,3500,0.95,False,0,100.0,True,0.0474242517241556,10.0
4,3500,0.95,False,0,100.0,True,0.0570130219886948,10.0
4,3500,0.95,False,0,100.0,True,0.0276055967222532,10.0
4,3500,0.95,False,0,100.0,True,0.2110519628774483,10.0
4,3500,0.95,False,0,100.0,True,0.0187133401802537,10.0
4,3500,0.95,False,0,100.0,True,0.5049562027820915,10.0
4,3500,0.95,False,0,100.0,True,0.3509821985715113,10.0
4,3500,0.95,False,0,100.0,True,0.2202132239479297,10.0
4,3500,0.95,False,0,100.0,True,0.1064385185995391,10.0
4,3500,0.95,False,0,100.0,True,0.100265487076399,10.0
4,3500,0.95,False,0,100.0,True,1.1049846567032635,10.0
4,3500,0.95,False,0,100.0,True,0.0182470625492428,10.0
4,3500,0.95,False,0,100.0,True,0.0904509838998066,10.0
4,3500,0.95,False,0,100.0,True,0.1192949305239654,10.0
4,3500,0.95,False,0,100.0,True,0.5863746474183245,10.0
4,3500,0.95,False,0,100.0,True,0.506332039363997,10.0
4,3500,0.95,False,0,100.0,True,0.136800258895164,10.0
4,3500,0.95,False,0,100.0,True,0.1626690732536175,10.0
4,3500,0.95,False,0,100.0,True,0.2184920733515554,10.0
4,3500,0.95,False,0,100.0,True,0.0711728979082622,10.0
4,3500,0.95,False,0,100.0,True,1.4691356628891512,10.0
4,3500,0.95,False,0,100.0,True,0.3367636663392943,10.0
4,3500,0.95,False,0,100.0,True,0.7000996331781906,10.0
4,3500,0.95,False,0,100.0,True,0.0132759219182077,10.0
4,3500,0.95,False,0,100.0,True,1.8262902015594025,10.0
4,3500,0.95,False,0,100.0,True,1.3777793805346334,10.0
4,3500,0.95,False,0,100.0,True,0.5825509334885339,10.0
4,3500,0.95,False,0,100.0,True,0.0043072736831675,10.0
4,3500,0.95,False,0,100.0,True,0.4901201353901001,10.0
4,3500,0.95,False,0,100.0,True,1.400901993265201,10.0
4,3500,0.95,False,0,100.0,True,0.0754277873169328,10.0
4,3500,0.95,False,0,100.0,True,0.0574404785063933,10.0
4,3500,0.95,False,0,100.0,True,5.4636428104629005,10.0
4,3500,0.95,False,0,100.0,True,0.0487885244738066,10.0
4,3500,0.95,False,0,100.0,True,0.115963009896884,10.0
4,3500,0.95,False,0,100.0,True,0.0692476299482294,10.0
4,3500,0.95,False,0,100.0,True,0.75563208559808,10.0
4,3500,0.95,False,0,100.0,True,0.0866769049014948,10.0
4,3500,0.95,False,0,100.0,True,8.37622680707787,10.0
4,3500,0.95,False,0,1000.0,True,0.2243197586160477,31.622776601683793
4,3500,0.95,False,0,1000.0,True,0.2646199714542376,31.622776601683793
4,3500,0.95,False,0,1000.0,True,1.3120701848434069,31.622776601683793
4,3500,0.95,False,0,1000.0,True,0.7212393039309006,31.622776601683793
4,3500,0.95,False,0,1000.0,True,0.0847236970789708,31.622776601683793
4,3500,0.95,False,0,1000.0,True,0.163241423246625,31.622776601683793
4,3500,0.95,False,0,1000.0,True,0.4832815681160447,31.622776601683793
4,3500,0.95,False,0,1000.0,True,1.5730691541306356,31.622776601683793
4,3500,0.95,False,0,1000.0,True,0.9982148499889548,31.622776601683793
4,3500,0.95,False,0,1000.0,True,0.2650834881877415,31.622776601683793
4,3500,0.95,False,0,1000.0,True,2.636946636561561,31.622776601683793
4,3500,0.95,False,0,1000.0,True,0.4690754113503885,31.622776601683793
4,3500,0.95,False,0,1000.0,True,0.4144600613212503,31.622776601683793
4,3500,0.95,False,0,1000.0,True,0.0532971576387382,31.622776601683793
4,3500,0.95,False,0,1000.0,True,0.1001945694403332,31.622776601683793
4,3500,0.95,False,0,1000.0,True,0.15612340728822,31.622776601683793
4,3500,0.95,False,0,1000.0,True,0.4940453551716599,31.622776601683793
4,3500,0.95,False,0,1000.0,True,0.0069365722191818,31.622776601683793
4,3500,0.95,False,0,1000.0,True,0.7413187066509366,31.622776601683793
4,3500,0.95,False,0,1000.0,True,0.4651422243373186,31.622776601683793
4,3500,0.95,False,0,1000.0,True,0.0538880321915868,31.622776601683793
4,3500,0.95,False,0,1000.0,True,0.5207596159409071,31.622776601683793
4,3500,0.95,False,0,1000.0,True,0.075545056158532,31.622776601683793
4,3500,0.95,False,0,1000.0,True,0.2384681283797078,31.622776601683793
4,3500,0.95,False,0,1000.0,True,0.0281244513685514,31.622776601683793
4,3500,0.95,False,0,1000.0,True,0.4603406946755441,31.622776601683793
4,3500,0.95,False,0,1000.0,True,3.1868192410166785,31.622776601683793
4,3500,0.95,False,0,1000.0,True,1.4842584452352412,31.622776601683793
4,3500,0.95,False,0,1000.0,True,0.1217325579964665,31.622776601683793
4,3500,0.95,False,0,1000.0,True,0.1505048226517402,31.622776601683793
4,3500,0.95,False,0,1000.0,True,0.2853783870584294,31.622776601683793
4,3500,0.95,False,0,1000.0,True,2.902884826347361,31.622776601683793
4,3500,0.95,False,0,1000.0,True,3.974100642484615,31.622776601683793
4,3500,0.95,False,0,1000.0,True,0.134548210653854,31.622776601683793
4,3500,0.95,False,0,1000.0,True,0.1128545115062529,31.622776601683793
4,3500,0.95,False,0,1000.0,True,0.4079219820681743,31.622776601683793
4,3500,0.95,False,0,1000.0,True,0.0237021344917991,31.622776601683793
4,3500,0.95,False,0,1000.0,True,0.4127591578585594,31.622776601683793
4,3500,0.95,False,0,1000.0,True,0.3249467846376035,31.622776601683793
4,3500,0.95,False,0,1000.0,True,0.014886988642317,31.622776601683793
4,3500,0.95,False,0,1000.0,True,0.2350036837728382,31.622776601683793
4,3500,0.95,False,0,1000.0,True,0.7222949510808334,31.622776601683793
4,3500,0.95,False,0,1000.0,True,0.2803239146277576,31.622776601683793
4,3500,0.95,False,0,1000.0,True,0.0357371960779673,31.622776601683793
4,3500,0.95,False,0,1000.0,True,0.0017510013764052,31.622776601683793
4,3500,0.95,False,0,1000.0,True,0.315901799638155,31.622776601683793
4,3500,0.95,False,0,1000.0,True,0.4802917522476377,31.622776601683793
4,3500,0.95,False,0,1000.0,True,0.0945263301583594,31.622776601683793
4,3500,0.95,False,0,1000.0,True,0.2524824244591599,31.622776601683793
4,3500,0.95,False,0,1000.0,True,0.343937996668167,31.622776601683793
4,3500,0.95,False,0,1000.0,True,2.179373981343957,31.622776601683793
4,3500,0.95,False,0,1000.0,True,0.0078004271605602,31.622776601683793
4,3500,0.95,False,0,1000.0,True,0.0292663863022681,31.622776601683793
4,3500,0.95,False,0,1000.0,True,0.089695202659243,31.622776601683793
4,3500,0.95,False,0,1000.0,True,0.1857022828771306,31.622776601683793
4,3500,0.95,False,0,1000.0,True,0.4119757446149599,31.622776601683793
4,3500,0.95,False,0,1000.0,True,0.1946217575958826,31.622776601683793
4,3500,0.95,False,0,1000.0,True,1.8796444396275616,31.622776601683793
4,3500,0.95,False,0,1000.0,True,0.1332680025923878,31.622776601683793
4,3500,0.95,False,0,1000.0,True,0.6094114740856327,31.622776601683793
4,3500,0.95,False,0,1000.0,True,0.154849702802494,31.622776601683793
4,3500,0.95,False,0,1000.0,True,0.2194699882834285,31.622776601683793
4,3500,0.95,False,0,1000.0,True,2.2754081297552986,31.622776601683793
4,3500,0.95,False,0,1000.0,True,0.0820852026036789,31.622776601683793
4,3500,0.95,False,0,1000.0,True,0.2802846309844256,31.622776601683793
4,3500,0.95,False,0,1000.0,True,0.1134857560910518,31.622776601683793
4,3500,0.95,False,0,1000.0,True,0.0406140374610011,31.622776601683793
4,3500,0.95,False,0,1000.0,True,0.2565284348363121,31.622776601683793
4,3500,0.95,False,0,1000.0,True,0.0277067147609475,31.622776601683793
4,3500,0.95,False,0,1000.0,True,0.3707922565239272,31.622776601683793
4,3500,0.95,False,0,1000.0,True,0.1043947542889824,31.622776601683793
4,3500,0.95,False,0,1000.0,True,0.2822240545381298,31.622776601683793
4,3500,0.95,False,0,1000.0,True,0.2854796281467244,31.622776601683793
4,3500,0.95,False,0,1000.0,True,1.842760196144184,31.622776601683793
4,3500,0.95,False,0,1000.0,True,0.0361957155328696,31.622776601683793
4,3500,0.95,False,0,1000.0,True,0.2046131645656572,31.622776601683793
4,3500,0.95,False,0,1000.0,True,0.0293240610176965,31.622776601683793
4,3500,0.95,False,0,1000.0,True,0.9744179476077904,31.622776601683793
4,3500,0.95,False,0,1000.0,True,0.0424881163779247,31.622776601683793
4,3500,0.95,False,0,1000.0,True,0.5268201129676982,31.622776601683793
4,3500,0.95,False,0,1000.0,True,0.011119242336349,31.622776601683793
4,3500,0.95,False,0,1000.0,True,0.0313460139920289,31.622776601683793
4,3500,0.95,False,0,1000.0,True,1.2533986250854952,31.622776601683793
4,3500,0.95,False,0,1000.0,True,0.0672843939228471,31.622776601683793
4,3500,0.95,False,0,1000.0,True,0.6992129299856913,31.622776601683793
4,3500,0.95,False,0,1000.0,True,0.807891311566749,31.622776601683793
4,3500,0.95,False,0,1000.0,True,0.5925396765186122,31.622776601683793
4,3500,0.95,False,0,1000.0,True,0.3575875525991749,31.622776601683793
4,3500,0.95,False,0,1000.0,True,0.0241221077451569,31.622776601683793
4,3500,0.95,False,0,1000.0,True,0.2996345462062493,31.622776601683793
4,3500,0.95,False,0,1000.0,True,0.002588809114087,31.622776601683793
4,3500,0.95,False,0,1000.0,True,0.280877723790331,31.622776601683793
4,3500,0.95,False,0,1000.0,True,0.2581323236258939,31.622776601683793
4,3500,0.95,False,0,1000.0,True,3.970261997047857,31.622776601683793
4,3500,0.95,False,0,1000.0,True,1.886718241433698,31.622776601683793
4,3500,0.95,False,0,1000.0,True,0.480389974475738,31.622776601683793
4,3500,0.95,False,0,1000.0,True,0.3370338054706394,31.622776601683793
4,3500,0.95,False,0,1000.0,True,0.53269564159514,31.622776601683793
4,3500,0.95,False,0,1000.0,True,0.0719957484941886,31.622776601683793
4,3500,0.95,False,0,1000.0,True,0.5347512527632006,31.622776601683793
4,3500,0.95,False,0,1000.0,True,0.2520874209509145,31.622776601683793
4,3500,0.95,False,0,1000.0,True,2.032773363733412,31.622776601683793
4,3500,0.95,False,0,1000.0,True,0.3193308025641954,31.622776601683793
4,3500,0.95,False,0,1000.0,True,1.2733897613957694,31.622776601683793
4,3500,0.95,False,0,1000.0,True,0.8312068192334436,31.622776601683793
4,3500,0.95,False,0,1000.0,True,0.7806918311201443,31.622776601683793
4,3500,0.95,False,0,1000.0,True,0.0687177898552562,31.622776601683793
4,3500,0.95,False,0,1000.0,True,0.0205986771117565,31.622776601683793
4,3500,0.95,False,0,1000.0,True,0.2128915158758673,31.622776601683793
4,3500,0.95,False,0,1000.0,True,0.3724733562565365,31.622776601683793
4,3500,0.95,False,0,1000.0,True,0.2079412609252102,31.622776601683793
4,3500,0.95,False,0,1000.0,True,0.8012056982826721,31.622776601683793
4,3500,0.95,False,0,1000.0,True,0.2025944881943928,31.622776601683793
4,3500,0.95,False,0,1000.0,True,1.4688539056805894,31.622776601683793
4,3500,0.95,False,0,1000.0,True,0.2194128368477521,31.622776601683793
4,3500,0.95,False,0,1000.0,True,0.1728073175894096,31.622776601683793
4,3500,0.95,False,0,1000.0,True,0.780951740410174,31.622776601683793
4,3500,0.95,False,0,1000.0,True,0.4764563949794649,31.622776601683793
4,3500,0.95,False,0,1000.0,True,1.1033206246580107,31.622776601683793
4,3500,0.95,False,0,1000.0,True,0.42926670198473,31.622776601683793
4,3500,0.95,False,0,1000.0,True,0.2086548369670424,31.622776601683793
4,3500,0.95,False,0,1000.0,True,0.8940899873321251,31.622776601683793
4,3500,0.95,False,0,1000.0,True,0.0534761898572,31.622776601683793
4,3500,0.95,False,0,1000.0,True,0.1984707340295912,31.622776601683793
4,3500,0.95,False,0,1000.0,True,151.27077696684154,31.622776601683793
4,3500,0.95,False,0,1000.0,True,0.195900419349158,31.622776601683793
4,3500,0.95,False,0,1000.0,True,0.0978114123599311,31.622776601683793
4,3500,0.95,False,0,1000.0,True,0.2376072917536191,31.622776601683793
4,3500,0.95,False,0,1000.0,True,0.3944648571759757,31.622776601683793
4,3500,0.95,False,0,1000.0,True,0.1308211823538627,31.622776601683793
4,3500,0.95,False,0,1000.0,True,1.1011562884398387,31.622776601683793
4,3500,0.95,False,0,1000.0,True,0.3268140581263168,31.622776601683793
4,3500,0.95,False,0,1000.0,True,0.3343414824126469,31.622776601683793
4,3500,0.95,False,0,1000.0,True,0.3240503274324489,31.622776601683793
4,3500,0.95,False,0,1000.0,True,0.2793654225417867,31.622776601683793
4,3500,0.95,False,0,1000.0,True,0.2230684412607431,31.622776601683793
4,3500,0.95,False,0,1000.0,True,0.1871650387616341,31.622776601683793
4,3500,0.95,False,0,1000.0,True,1.226634162147274,31.622776601683793
4,3500,0.95,False,0,1000.0,True,2.178725611564033,31.622776601683793
4,3500,0.95,False,0,1000.0,True,0.15377169445361,31.622776601683793
4,3500,0.95,False,0,1000.0,True,0.1782800439018359,31.622776601683793
4,3500,0.95,False,0,1000.0,True,0.231405122173804,31.622776601683793
4,3500,0.95,False,0,1000.0,True,0.2137447982918501,31.622776601683793
4,3500,0.95,False,0,1000.0,True,12.877482719583242,31.622776601683793
4,3500,0.95,False,0,1000.0,True,1.1290707442361023,31.622776601683793
4,3500,0.95,False,0,1000.0,True,0.3851777271007717,31.622776601683793
4,3500,0.95,False,0,1000.0,True,0.1550972058097031,31.622776601683793
4,3500,0.95,False,0,1000.0,True,0.0968584999541519,31.622776601683793
4,3500,0.95,False,0,1000.0,True,0.3622494020399429,31.622776601683793
4,3500,0.95,False,0,1000.0,True,0.0351023402316457,31.622776601683793
4,3500,0.95,False,0,10000.0,True,1.1656953231604064,100.0
4,3500,0.95,False,0,10000.0,True,0.5133990850598185,100.0
4,3500,0.95,False,0,10000.0,True,0.2425203269179263,100.0
4,3500,0.95,False,0,10000.0,True,70.47357177105748,100.0
4,3500,0.95,False,0,10000.0,True,10.986662619997285,100.0
4,3500,0.95,False,0,10000.0,True,0.335414931229286,100.0
4,3500,0.95,False,0,10000.0,True,6.102499618887194,100.0
4,3500,0.95,False,0,10000.0,True,0.789261691503981,100.0
4,3500,0.95,False,0,10000.0,True,0.2567635852596481,100.0
4,3500,0.95,False,0,10000.0,True,0.4063144507604761,100.0
4,3500,0.95,False,0,10000.0,True,2.1466270233810008,100.0
4,3500,0.95,False,0,10000.0,True,0.0468820673770267,100.0
4,3500,0.95,False,0,10000.0,True,1.1692641016939262,100.0
4,3500,0.95,False,0,10000.0,True,1.3623402218626095,100.0
4,3500,0.95,False,0,10000.0,True,0.997234922552746,100.0
4,3500,0.95,False,0,10000.0,True,4.25248119467355,100.0
4,3500,0.95,False,0,10000.0,True,1.037397677014212,100.0
4,3500,0.95,False,0,10000.0,True,0.0094818360181392,100.0
4,3500,0.95,False,0,10000.0,True,0.5069856888994195,100.0
4,3500,0.95,False,0,10000.0,True,0.0711795424272736,100.0
4,3500,0.95,False,0,10000.0,True,0.3731282544827223,100.0
4,3500,0.95,False,0,10000.0,True,0.3582374522097211,100.0
4,3500,0.95,False,0,10000.0,True,0.4437963665526183,100.0
4,3500,0.95,False,0,10000.0,True,0.8348477205253744,100.0
4,3500,0.95,False,0,10000.0,True,0.0328197608656353,100.0
4,3500,0.95,False,0,10000.0,True,2.040357239732515,100.0
4,3500,0.95,False,0,10000.0,True,1.866585091826117,100.0
4,3500,0.95,False,0,10000.0,True,173.68172926335035,100.0
4,3500,0.95,False,0,10000.0,True,0.2940698451636834,100.0
4,3500,0.95,False,0,10000.0,True,9.73557508419269,100.0
4,3500,0.95,False,0,10000.0,True,0.7516128981129242,100.0
4,3500,0.95,False,0,10000.0,True,0.8685701232347469,100.0
4,3500,0.95,False,0,10000.0,True,0.4668097398555062,100.0
4,3500,0.95,False,0,10000.0,True,1.170850793368544,100.0
4,3500,0.95,False,0,10000.0,True,0.1244445154666067,100.0
4,3500,0.95,False,0,10000.0,True,0.1776548236905171,100.0
4,3500,0.95,False,0,10000.0,True,1.576494162715269,100.0
4,3500,0.95,False,0,10000.0,True,5.627159483434127,100.0
4,3500,0.95,False,0,10000.0,True,0.4361575433808298,100.0
4,3500,0.95,False,0,10000.0,True,0.0884229635245255,100.0
4,3500,0.95,False,0,10000.0,True,0.1858910697094558,100.0
4,3500,0.95,False,0,10000.0,True,2.0666735925362048,100.0
4,3500,0.95,False,0,10000.0,True,0.3624952811449091,100.0
4,3500,0.95,False,0,10000.0,True,0.0229089917780811,100.0
4,3500,0.95,False,0,10000.0,True,0.4804608754962061,100.0
4,3500,0.95,False,0,10000.0,True,0.4096709365736899,100.0
4,3500,0.95,False,0,10000.0,True,0.051080597988232,100.0
4,3500,0.95,False,0,10000.0,True,1.0839265233442743,100.0
4,3500,0.95,False,0,10000.0,True,0.943041083510778,100.0
4,3500,0.95,False,0,10000.0,True,2.7639368883823607,100.0
4,3500,0.95,False,0,10000.0,True,1.1092945492812163,100.0
4,3500,0.95,False,0,10000.0,True,0.2895633233885917,100.0
4,3500,0.95,False,0,10000.0,True,1.1895963357837047,100.0
4,3500,0.95,False,0,10000.0,True,2.4892147979239354,100.0
4,3500,0.95,False,0,10000.0,True,0.0548982228657166,100.0
4,3500,0.95,False,0,10000.0,True,0.2561023483667171,100.0
4,3500,0.95,False,0,10000.0,True,0.0250082079824878,100.0
4,3500,0.95,False,0,10000.0,True,1.1576642346020805,100.0
4,3500,0.95,False,0,10000.0,True,54.093488800341376,100.0
4,3500,0.95,False,0,10000.0,True,0.5928668559288433,100.0
4,3500,0.95,False,0,10000.0,True,0.4609967341503207,100.0
4,3500,0.95,False,0,10000.0,True,0.7088445695656205,100.0
4,3500,0.95,False,0,10000.0,True,0.4586560047959551,100.0
4,3500,0.95,False,0,10000.0,True,0.8907754207070795,100.0
4,3500,0.95,False,0,10000.0,True,1.2536916055936622,100.0
4,3500,0.95,False,0,10000.0,True,0.0392680710845994,100.0
4,3500,0.95,False,0,10000.0,True,1.166849423680091,100.0
4,3500,0.95,False,0,10000.0,True,0.1681373128186294,100.0
4,3500,0.95,False,0,10000.0,True,0.3653060845680045,100.0
4,3500,0.95,False,0,10000.0,True,1.8065089328990709,100.0
4,3500,0.95,False,0,10000.0,True,0.0792335235634027,100.0
4,3500,0.95,False,0,10000.0,True,0.5687756894725808,100.0
4,3500,0.95,False,0,10000.0,True,10.6565299666906,100.0
4,3500,0.95,False,0,10000.0,True,0.0143270140225268,100.0
4,3500,0.95,False,0,10000.0,True,10.838554510625194,100.0
4,3500,0.95,False,0,10000.0,True,0.5734908109571535,100.0
4,3500,0.95,False,0,10000.0,True,0.0790919122054845,100.0
4,3500,0.95,False,0,10000.0,True,1.6153921112571084,100.0
4,3500,0.95,False,0,10000.0,True,0.1770572119676714,100.0
4,3500,0.95,False,0,10000.0,True,1.5587356534534464,100.0
4,3500,0.95,False,0,10000.0,True,0.702940568811556,100.0
4,3500,0.95,False,0,10000.0,True,3.2360918946011026,100.0
4,3500,0.95,False,0,10000.0,True,0.3265148356375249,100.0
4,3500,0.95,False,0,10000.0,True,0.3493352785054524,100.0
4,3500,0.95,False,0,10000.0,True,0.6004538665501418,100.0
4,3500,0.95,False,0,10000.0,True,0.7953020672611615,100.0
4,3500,0.95,False,0,10000.0,True,16.297103163184353,100.0
4,3500,0.95,False,0,10000.0,True,0.4906416944027114,100.0
4,3500,0.95,False,0,10000.0,True,7.452594065100101,100.0
4,3500,0.95,False,0,10000.0,True,0.4738338417026853,100.0
4,3500,0.95,False,0,10000.0,True,0.2769545358823393,100.0
4,3500,0.95,False,0,10000.0,True,1.2877234531103454,100.0
4,3500,0.95,False,0,10000.0,True,0.5156048726985532,100.0
4,3500,0.95,False,0,10000.0,True,0.4783043365703179,100.0
4,3500,0.95,False,0,10000.0,True,0.370900444050001,100.0
4,3500,0.95,False,0,10000.0,True,1.9221064448577887,100.0
4,3500,0.95,False,0,10000.0,True,0.5141747879874572,100.0
4,3500,0.95,False,0,10000.0,True,1.2812341123476472,100.0
4,3500,0.95,False,0,10000.0,True,0.261578915181099,100.0
4,3500,0.95,False,0,10000.0,True,0.1092472707765068,100.0
4,3500,0.95,False,0,10000.0,True,0.6217764572946436,100.0
4,3500,0.95,False,0,10000.0,True,0.5336439283017995,100.0
4,3500,0.95,False,0,10000.0,True,0.1845027545495554,100.0
4,3500,0.95,False,0,10000.0,True,0.6428779451307918,100.0
4,3500,0.95,False,0,10000.0,True,1.040804224793689,100.0
4,3500,0.95,False,0,10000.0,True,0.1640199186172708,100.0
4,3500,0.95,False,0,10000.0,True,0.4799641847367581,100.0
4,3500,0.95,False,0,10000.0,True,0.3499149646188435,100.0
4,3500,0.95,False,0,10000.0,True,0.4845944731873999,100.0
4,3500,0.95,False,0,10000.0,True,20.8931487828432,100.0
4,3500,0.95,False,0,10000.0,True,0.5083905715070891,100.0
4,3500,0.95,False,0,10000.0,True,0.3375003146983886,100.0
4,3500,0.95,False,0,10000.0,True,1.6672535112791138,100.0
4,3500,0.95,False,0,10000.0,True,1.0672892523467397,100.0
4,3500,0.95,False,0,10000.0,True,0.2108921325225594,100.0
4,3500,0.95,False,0,10000.0,True,0.2256314926666611,100.0
4,3500,0.95,False,0,10000.0,True,1.1511149962806255,100.0
4,3500,0.95,False,0,10000.0,True,0.004767030585981,100.0
4,3500,0.95,False,0,10000.0,True,0.4456635945913092,100.0
4,3500,0.95,False,0,10000.0,True,0.9074914901057411,100.0
4,3500,0.95,False,0,10000.0,True,0.0688302133916636,100.0
4,3500,0.95,False,0,10000.0,True,5.871055126581496,100.0
4,3500,0.95,False,0,10000.0,True,0.2295501257854226,100.0
4,3500,0.95,False,0,10000.0,True,3.7410937205055177,100.0
4,3500,0.95,False,0,10000.0,True,0.4937344086473274,100.0
4,3500,0.95,False,0,10000.0,True,0.0774534550383805,100.0
4,3500,0.95,False,0,10000.0,True,0.4225303908791034,100.0
4,3500,0.95,False,0,10000.0,True,0.0792712356680453,100.0
4,3500,0.95,False,0,10000.0,True,6.468837751924156,100.0
4,3500,0.95,False,0,10000.0,True,0.849031814997204,100.0
4,3500,0.95,False,0,10000.0,True,3.3906114194583807,100.0
4,3500,0.95,False,0,10000.0,True,1.0348772507486783,100.0
4,3500,0.95,False,0,10000.0,True,0.4410409675964502,100.0
4,3500,0.95,False,0,10000.0,True,1.3614021656338338,100.0
4,3500,0.95,False,0,10000.0,True,8.612072259149784,100.0
4,3500,0.95,False,0,10000.0,True,1.520505939798042,100.0
4,3500,0.95,False,0,10000.0,True,0.099797788107061,100.0
4,3500,0.95,False,0,10000.0,True,0.7449425635253419,100.0
4,3500,0.95,False,0,10000.0,True,1.139831362054835,100.0
4,3500,0.95,False,0,10000.0,True,0.9876877267244312,100.0
4,3500,0.95,False,0,10000.0,True,11.04751783329928,100.0
4,3500,0.95,False,0,10000.0,True,2.3023295358035654,100.0
4,3500,0.95,False,0,10000.0,True,0.2961638634120334,100.0
4,3500,0.95,False,0,10000.0,True,1.6654018177900611,100.0
4,3500,0.95,False,0,10000.0,True,0.4345762871980696,100.0
4,3500,0.95,False,0,10000.0,True,4.924834105461258,100.0
4,3500,0.95,False,0,10000.0,True,1.0739975536426698,100.0
4,3500,0.95,False,0,10000.0,True,0.5758278861871702,100.0
4,3500,0.95,False,0,10000.0,True,2.1435114460918445,100.0
4,3500,0.95,False,0,10000.0,True,0.4837069457720702,100.0
4,3500,0.95,False,0,100000.0,True,0.7403042381780978,316.22776601683796
4,3500,0.95,False,0,100000.0,True,1.9922516378287671,316.22776601683796
4,3500,0.95,False,0,100000.0,True,1.770868926180185,316.22776601683796
4,3500,0.95,False,0,100000.0,True,7.08187980045108,316.22776601683796
4,3500,0.95,False,0,100000.0,True,0.738176089643801,316.22776601683796
4,3500,0.95,False,0,100000.0,True,11.102095000817217,316.22776601683796
4,3500,0.95,False,0,100000.0,True,1.321501688709077,316.22776601683796
4,3500,0.95,False,0,100000.0,True,1.8939301431256013,316.22776601683796
4,3500,0.95,False,0,100000.0,True,1.3155576605099668,316.22776601683796
4,3500,0.95,False,0,100000.0,True,0.2243594831486746,316.22776601683796
4,3500,0.95,False,0,100000.0,True,0.4049402734358267,316.22776601683796
4,3500,0.95,False,0,100000.0,True,4.828281995994615,316.22776601683796
4,3500,0.95,False,0,100000.0,True,1.071811030104385,316.22776601683796
4,3500,0.95,False,0,100000.0,True,7.391645317940942,316.22776601683796
4,3500,0.95,False,0,100000.0,True,1.0617747662975985,316.22776601683796
4,3500,0.95,False,0,100000.0,True,4.305034170389561,316.22776601683796
4,3500,0.95,False,0,100000.0,True,0.4751290875068896,316.22776601683796
4,3500,0.95,False,0,100000.0,True,1.630920286069497,316.22776601683796
4,3500,0.95,False,0,100000.0,True,0.1227203692192233,316.22776601683796
4,3500,0.95,False,0,100000.0,True,6.675415034616663,316.22776601683796
4,3500,0.95,False,0,100000.0,True,0.1406954781343188,316.22776601683796
4,3500,0.95,False,0,100000.0,True,12.050307686110187,316.22776601683796
4,3500,0.95,False,0,100000.0,True,0.9290712843475184,316.22776601683796
4,3500,0.95,False,0,100000.0,True,0.5282047504462071,316.22776601683796
4,3500,0.95,False,0,100000.0,True,7.787542640585002,316.22776601683796
4,3500,0.95,False,0,100000.0,True,2.8656769322881104,316.22776601683796
4,3500,0.95,False,0,100000.0,True,5.945098907530976,316.22776601683796
4,3500,0.95,False,0,100000.0,True,12.44947154978732,316.22776601683796
4,3500,0.95,False,0,100000.0,True,1.1128044214485016,316.22776601683796
4,3500,0.95,False,0,100000.0,True,1.2877129943633676,316.22776601683796
4,3500,0.95,False,0,100000.0,True,1.500092532084949,316.22776601683796
4,3500,0.95,False,0,100000.0,True,1.1555951243845923,316.22776601683796
4,3500,0.95,False,0,100000.0,True,1.3488670185802505,316.22776601683796
4,3500,0.95,False,0,100000.0,True,1.782010713773175,316.22776601683796
4,3500,0.95,False,0,100000.0,True,2.4208791879541707,316.22776601683796
4,3500,0.95,False,0,100000.0,True,0.0612622188435807,316.22776601683796
4,3500,0.95,False,0,100000.0,True,0.3453697086972624,316.22776601683796
4,3500,0.95,False,0,100000.0,True,1.195893032489181,316.22776601683796
4,3500,0.95,False,0,100000.0,True,1.3712618210056746,316.22776601683796
4,3500,0.95,False,0,100000.0,True,6.678749224097544,316.22776601683796
4,3500,0.95,False,0,100000.0,True,1.8719786957187097,316.22776601683796
4,3500,0.95,False,0,100000.0,True,0.0509059707934511,316.22776601683796
4,3500,0.95,False,0,100000.0,True,0.2207215129367155,316.22776601683796
4,3500,0.95,False,0,100000.0,True,0.454155724335763,316.22776601683796
4,3500,0.95,False,0,100000.0,True,1.8079471097323108,316.22776601683796
4,3500,0.95,False,0,100000.0,True,1.2951539300456716,316.22776601683796
4,3500,0.95,False,0,100000.0,True,0.0150235410777952,316.22776601683796
4,3500,0.95,False,0,100000.0,True,1.2014458210594938,316.22776601683796
4,3500,0.95,False,0,100000.0,True,1.2058855406827649,316.22776601683796
4,3500,0.95,False,0,100000.0,True,0.3971087813362715,316.22776601683796
4,3500,0.95,False,0,100000.0,True,9.308380009622894,316.22776601683796
4,3500,0.95,False,0,100000.0,True,5.893235213122509,316.22776601683796
4,3500,0.95,False,0,100000.0,True,1.4507397003430356,316.22776601683796
4,3500,0.95,False,0,100000.0,True,2.688742987637795,316.22776601683796
4,3500,0.95,False,0,100000.0,True,2.0963386368568706,316.22776601683796
4,3500,0.95,False,0,100000.0,True,1.0768226290565508,316.22776601683796
4,3500,0.95,False,0,100000.0,True,1.8071008884373825,316.22776601683796
4,3500,0.95,False,0,100000.0,True,8.648679841391825,316.22776601683796
4,3500,0.95,False,0,100000.0,True,1.8040456165344096,316.22776601683796
4,3500,0.95,False,0,100000.0,True,0.7309209827334637,316.22776601683796
4,3500,0.95,False,0,100000.0,True,5.748613677518279,316.22776601683796
4,3500,0.95,False,0,100000.0,True,1.548910077424381,316.22776601683796
4,3500,0.95,False,0,100000.0,True,9.160846877340347,316.22776601683796
4,3500,0.95,False,0,100000.0,True,4.835998705801771,316.22776601683796
4,3500,0.95,False,0,100000.0,True,1.9250137578941695,316.22776601683796
4,3500,0.95,False,0,100000.0,True,5.910098390773726,316.22776601683796
4,3500,0.95,False,0,100000.0,True,11.545995774801966,316.22776601683796
4,3500,0.95,False,0,100000.0,True,1.697347597925031,316.22776601683796
4,3500,0.95,False,0,100000.0,True,5.967476611901375,316.22776601683796
4,3500,0.95,False,0,100000.0,True,0.1222164170762027,316.22776601683796
4,3500,0.95,False,0,100000.0,True,5.330567747256168,316.22776601683796
4,3500,0.95,False,0,100000.0,True,3.780227003457583,316.22776601683796
4,3500,0.95,False,0,100000.0,True,0.5274519650654526,316.22776601683796
4,3500,0.95,False,0,100000.0,True,14.8834851865292,316.22776601683796
4,3500,0.95,False,0,100000.0,True,2.645031666940099,316.22776601683796
4,3500,0.95,False,0,100000.0,True,1.5956435172739774,316.22776601683796
4,3500,0.95,False,0,100000.0,True,0.6572683695444539,316.22776601683796
4,3500,0.95,False,0,100000.0,True,0.9841800071602904,316.22776601683796
4,3500,0.95,False,0,100000.0,True,4.849982490587717,316.22776601683796
4,3500,0.95,False,0,100000.0,True,0.8417259133900785,316.22776601683796
4,3500,0.95,False,0,100000.0,True,0.6317496770512463,316.22776601683796
4,3500,0.95,False,0,100000.0,True,1.696791620426097,316.22776601683796
4,3500,0.95,False,0,100000.0,True,5.084663903155082,316.22776601683796
4,3500,0.95,False,0,100000.0,True,1.1323598331934193,316.22776601683796
4,3500,0.95,False,0,100000.0,True,5.3493440357785005,316.22776601683796
4,3500,0.95,False,0,100000.0,True,143.83723458319278,316.22776601683796
4,3500,0.95,False,0,100000.0,True,5.287779760753665,316.22776601683796
4,3500,0.95,False,0,100000.0,True,3.1143198116837425,316.22776601683796
4,3500,0.95,False,0,100000.0,True,1.2395324992749297,316.22776601683796
4,3500,0.95,False,0,100000.0,True,2.553696517460537,316.22776601683796
4,3500,0.95,False,0,100000.0,True,6.050794507237839,316.22776601683796
4,3500,0.95,False,0,100000.0,True,1.982668577407182,316.22776601683796
4,3500,0.95,False,0,100000.0,True,1.4978611684991137,316.22776601683796
4,3500,0.95,False,0,100000.0,True,0.2467777338950441,316.22776601683796
4,3500,0.95,False,0,100000.0,True,6.278430300419359,316.22776601683796
4,3500,0.95,False,0,100000.0,True,4.910684786312487,316.22776601683796
4,3500,0.95,False,0,100000.0,True,4.758752078658858,316.22776601683796
4,3500,0.95,False,0,100000.0,True,0.1046425250816227,316.22776601683796
4,3500,0.95,False,0,100000.0,True,0.9884579235929608,316.22776601683796
4,3500,0.95,False,0,100000.0,True,3.51438304034437,316.22776601683796
4,3500,0.95,False,0,100000.0,True,4.778968791412694,316.22776601683796
4,3500,0.95,False,0,100000.0,True,0.0229083139295482,316.22776601683796
4,3500,0.95,False,0,100000.0,True,0.2097939476889569,316.22776601683796
4,3500,0.95,False,0,100000.0,True,4.118859374654534,316.22776601683796
4,3500,0.95,False,0,100000.0,True,46.8872571746175,316.22776601683796
4,3500,0.95,False,0,100000.0,True,1.5498230914047326,316.22776601683796
4,3500,0.95,False,0,100000.0,True,2.024355072595405,316.22776601683796
4,3500,0.95,False,0,100000.0,True,0.5548595169424004,316.22776601683796
4,3500,0.95,False,0,100000.0,True,1.7670814656516711,316.22776601683796
4,3500,0.95,False,0,100000.0,True,1.7164054285117345,316.22776601683796
4,3500,0.95,False,0,100000.0,True,0.2283025710490562,316.22776601683796
4,3500,0.95,False,0,100000.0,True,0.7955215798573363,316.22776601683796
4,3500,0.95,False,0,100000.0,True,2.373243136933951,316.22776601683796
4,3500,0.95,False,0,100000.0,True,3.473972056199024,316.22776601683796
4,3500,0.95,False,0,100000.0,True,1.5163376759574874,316.22776601683796
4,3500,0.95,False,0,100000.0,True,1.098789825197861,316.22776601683796
4,3500,0.95,False,0,100000.0,True,1.228236131808799,316.22776601683796
4,3500,0.95,False,0,100000.0,True,1.314716871882105,316.22776601683796
4,3500,0.95,False,0,100000.0,True,0.2415699029375559,316.22776601683796
4,3500,0.95,False,0,100000.0,True,36.39471799263434,316.22776601683796
4,3500,0.95,False,0,100000.0,True,4.51860556178816,316.22776601683796
4,3500,0.95,False,0,100000.0,True,4.65924612998738,316.22776601683796
4,3500,0.95,False,0,100000.0,True,0.5003358128076485,316.22776601683796
4,3500,0.95,False,0,100000.0,True,68.50932874078117,316.22776601683796
4,3500,0.95,False,0,100000.0,True,1.3148557162808032,316.22776601683796
4,3500,0.95,False,0,100000.0,True,2.173585560089556,316.22776601683796
4,3500,0.95,False,0,100000.0,True,2.571925424028187,316.22776601683796
4,3500,0.95,False,0,100000.0,True,4.486802558960591,316.22776601683796
4,3500,0.95,False,0,100000.0,True,4.349742133794216,316.22776601683796
4,3500,0.95,False,0,100000.0,True,0.2076916136503341,316.22776601683796
4,3500,0.95,False,0,100000.0,True,0.7843959338431006,316.22776601683796
4,3500,0.95,False,0,100000.0,True,0.4412841106884002,316.22776601683796
4,3500,0.95,False,0,100000.0,True,10.348469773570258,316.22776601683796
4,3500,0.95,False,0,100000.0,True,2.2840114736377477,316.22776601683796
4,3500,0.95,False,0,100000.0,True,0.6137198116710714,316.22776601683796
4,3500,0.95,False,0,100000.0,True,2.2154480165036645,316.22776601683796
4,3500,0.95,False,0,100000.0,True,1.7660101714270129,316.22776601683796
4,3500,0.95,False,0,100000.0,True,1.0491752283577682,316.22776601683796
4,3500,0.95,False,0,100000.0,True,2.793033791035171,316.22776601683796
4,3500,0.95,False,0,100000.0,True,1.0543701571214434,316.22776601683796
4,3500,0.95,False,0,100000.0,True,6.855603549314598,316.22776601683796
4,3500,0.95,False,0,100000.0,True,1.1668321322318516,316.22776601683796
4,3500,0.95,False,0,100000.0,True,1.6526068192860208,316.22776601683796
4,3500,0.95,False,0,100000.0,True,0.031521943795667,316.22776601683796
4,3500,0.95,False,0,100000.0,True,0.3171774847242012,316.22776601683796
4,3500,0.95,False,0,100000.0,True,1.1497824120657398,316.22776601683796
4,3500,0.95,False,0,100000.0,True,6.080286498825004,316.22776601683796
4,3500,0.95,False,0,100000.0,True,0.6195856529341377,316.22776601683796
4,3500,0.95,False,0,100000.0,True,4.118472009013509,316.22776601683796
4,3500,0.95,False,0,100000.0,True,1.1915165692454668,316.22776601683796
4,3500,0.95,False,0,1000000.0,True,2.092860242182006,1000.0
4,3500,0.95,False,0,1000000.0,True,1.260935007361347,1000.0
4,3500,0.95,False,0,1000000.0,True,2.500276241724805,1000.0
4,3500,0.95,False,0,1000000.0,True,1.578518543010972,1000.0
4,3500,0.95,False,0,1000000.0,True,15.942492299859085,1000.0
4,3500,0.95,False,0,1000000.0,True,14.723438331642951,1000.0
4,3500,0.95,False,0,1000000.0,True,19.135619508745748,1000.0
4,3500,0.95,False,0,1000000.0,True,6.338796690450863,1000.0
4,3500,0.95,False,0,1000000.0,True,8.012702569654252,1000.0
4,3500,0.95,False,0,1000000.0,True,2.482093142469921,1000.0
4,3500,0.95,False,0,1000000.0,True,15.726082266240944,1000.0
4,3500,0.95,False,0,1000000.0,True,3.578968168854999,1000.0
4,3500,0.95,False,0,1000000.0,True,6.428970620513525,1000.0
4,3500,0.95,False,0,1000000.0,True,12.822986167452363,1000.0
4,3500,0.95,False,0,1000000.0,True,0.1872347368673388,1000.0
4,3500,0.95,False,0,1000000.0,True,7.916195004736032,1000.0
4,3500,0.95,False,0,1000000.0,True,0.4689238453773612,1000.0
4,3500,0.95,False,0,1000000.0,True,9.868174972696636,1000.0
4,3500,0.95,False,0,1000000.0,True,6.958663090951632,1000.0
4,3500,0.95,False,0,1000000.0,True,4.517454024603666,1000.0
4,3500,0.95,False,0,1000000.0,True,4.3990356484412345,1000.0
4,3500,0.95,False,0,1000000.0,True,4.063107170462999,1000.0
4,3500,0.95,False,0,1000000.0,True,11.808217756903062,1000.0
4,3500,0.95,False,0,1000000.0,True,6.614472405217782,1000.0
4,3500,0.95,False,0,1000000.0,True,151.20288156915035,1000.0
4,3500,0.95,False,0,1000000.0,True,18.012381105250725,1000.0
4,3500,0.95,False,0,1000000.0,True,3.2470613643517936,1000.0
4,3500,0.95,False,0,1000000.0,True,3.218807365549594,1000.0
4,3500,0.95,False,0,1000000.0,True,20.851894970386468,1000.0
4,3500,0.95,False,0,1000000.0,True,3.987255332292378,1000.0
4,3500,0.95,False,0,1000000.0,True,13.483868994591552,1000.0
4,3500,0.95,False,0,1000000.0,True,5.6765697389139405,1000.0
4,3500,0.95,False,0,1000000.0,True,6.326448114069315,1000.0
4,3500,0.95,False,0,1000000.0,True,19.78203202913291,1000.0
4,3500,0.95,False,0,1000000.0,True,14.477541753441429,1000.0
4,3500,0.95,False,0,1000000.0,True,9.874689206730864,1000.0
4,3500,0.95,False,0,1000000.0,True,11.195986554835557,1000.0
4,3500,0.95,False,0,1000000.0,True,6.885722049387979,1000.0
4,3500,0.95,False,0,1000000.0,True,30.281946078017228,1000.0
4,3500,0.95,False,0,1000000.0,True,8.069840753682698,1000.0
4,3500,0.95,False,0,1000000.0,True,3.04572533150586,1000.0
4,3500,0.95,False,0,1000000.0,True,104.87294948702434,1000.0
4,3500,0.95,False,0,1000000.0,True,144.41654116647214,1000.0
4,3500,0.95,False,0,1000000.0,True,88.6689782798269,1000.0
4,3500,0.95,False,0,1000000.0,True,7.182348160337369,1000.0
4,3500,0.95,False,0,1000000.0,True,3.762230682440333,1000.0
4,3500,0.95,False,0,1000000.0,True,0.5536941509017375,1000.0
4,3500,0.95,False,0,1000000.0,True,1.5283024910304448,1000.0
4,3500,0.95,False,0,1000000.0,True,15.604978056001244,1000.0
4,3500,0.95,False,0,1000000.0,True,9.301170777018283,1000.0
4,3500,0.95,False,0,1000000.0,True,3.212152956486229,1000.0
4,3500,0.95,False,0,1000000.0,True,2.921462933219175,1000.0
4,3500,0.95,False,0,1000000.0,True,5.571054700617262,1000.0
4,3500,0.95,False,0,1000000.0,True,3.0192868331243155,1000.0
4,3500,0.95,False,0,1000000.0,True,32.132768693083484,1000.0
4,3500,0.95,False,0,1000000.0,True,3.182134619213457,1000.0
4,3500,0.95,False,0,1000000.0,True,1.2251071575317385,1000.0
4,3500,0.95,False,0,1000000.0,True,6.740638941847351,1000.0
4,3500,0.95,False,0,1000000.0,True,17.418787047194343,1000.0
4,3500,0.95,False,0,1000000.0,True,7.818270505332379,1000.0
4,3500,0.95,False,0,1000000.0,True,2.0898347377917617,1000.0
4,3500,0.95,False,0,1000000.0,True,0.950231070414624,1000.0
4,3500,0.95,False,0,1000000.0,True,7.432750622280279,1000.0
4,3500,0.95,False,0,1000000.0,True,3.43034158642741,1000.0
4,3500,0.95,False,0,1000000.0,True,5.669739252552574,1000.0
4,3500,0.95,False,0,1000000.0,True,10.573783291066022,1000.0
4,3500,0.95,False,0,1000000.0,True,40.31461835463247,1000.0
4,3500,0.95,False,0,1000000.0,True,14.79818537289789,1000.0
4,3500,0.95,False,0,1000000.0,True,20.68470795615372,1000.0
4,3500,0.95,False,0,1000000.0,True,11.432614932020812,1000.0
4,3500,0.95,False,0,1000000.0,True,0.1702331516262916,1000.0
4,3500,0.95,False,0,1000000.0,True,3.704697145829215,1000.0
4,3500,0.95,False,0,1000000.0,True,14.589973595342997,1000.0
4,3500,0.95,False,0,1000000.0,True,0.873447887289899,1000.0
4,3500,0.95,False,0,1000000.0,True,1.213825326747248,1000.0
4,3500,0.95,False,0,1000000.0,True,12.785636350277402,1000.0
4,3500,0.95,False,0,1000000.0,True,0.0308593553309606,1000.0
4,3500,0.95,False,0,1000000.0,True,1.6031788769360276,1000.0
4,3500,0.95,False,0,1000000.0,True,23.65728527720124,1000.0
4,3500,0.95,False,0,1000000.0,True,11.494858966688788,1000.0
4,3500,0.95,False,0,1000000.0,True,4.844136197358836,1000.0
4,3500,0.95,False,0,1000000.0,True,7.06873171063674,1000.0
4,3500,0.95,False,0,1000000.0,True,25.373656046563,1000.0
4,3500,0.95,False,0,1000000.0,True,16.642195661120923,1000.0
4,3500,0.95,False,0,1000000.0,True,29.7277688365007,1000.0
4,3500,0.95,False,0,1000000.0,True,3.50733952938981,1000.0
4,3500,0.95,False,0,1000000.0,True,3.782930513780837,1000.0
4,3500,0.95,False,0,1000000.0,True,8.249530941034465,1000.0
4,3500,0.95,False,0,1000000.0,True,9.145409142906203,1000.0
4,3500,0.95,False,0,1000000.0,True,8.862210151066952,1000.0
4,3500,0.95,False,0,1000000.0,True,27.24403809018525,1000.0
4,3500,0.95,False,0,1000000.0,True,151.17833667976407,1000.0
4,3500,0.95,False,0,1000000.0,True,4.11449705747566,1000.0
4,3500,0.95,False,0,1000000.0,True,3.7491076632232,1000.0
4,3500,0.95,False,0,1000000.0,True,5.6806750528294,1000.0
4,3500,0.95,False,0,1000000.0,True,7.126540227162103,1000.0
4,3500,0.95,False,0,1000000.0,True,5.93406388168433,1000.0
4,3500,0.95,False,0,1000000.0,True,11.190489444819953,1000.0
4,3500,0.95,False,0,1000000.0,True,1.8349644545664887,1000.0
4,3500,0.95,False,0,1000000.0,True,25.115986099211614,1000.0
4,3500,0.95,False,0,1000000.0,True,9.893786551830196,1000.0
4,3500,0.95,False,0,1000000.0,True,9.062165576139703,1000.0
4,3500,0.95,False,0,1000000.0,True,0.7250032550316448,1000.0
4,3500,0.95,False,0,1000000.0,True,11.741397292870005,1000.0
4,3500,0.95,False,0,1000000.0,True,4.038544271293642,1000.0
4,3500,0.95,False,0,1000000.0,True,17.046008537381795,1000.0
4,3500,0.95,False,0,1000000.0,True,18.826922684534296,1000.0
4,3500,0.95,False,0,1000000.0,True,2.04907407664183,1000.0
4,3500,0.95,False,0,1000000.0,True,7.447915074616517,1000.0
4,3500,0.95,False,0,1000000.0,True,18.194566848772048,1000.0
4,3500,0.95,False,0,1000000.0,True,4.206833426376058,1000.0
4,3500,0.95,False,0,1000000.0,True,0.5521822848763644,1000.0
4,3500,0.95,False,0,1000000.0,True,1.7743738431915403,1000.0
4,3500,0.95,False,0,1000000.0,True,49.75430251342557,1000.0
4,3500,0.95,False,0,1000000.0,True,104.56222581647096,1000.0
4,3500,0.95,False,0,1000000.0,True,13.84891511603103,1000.0
4,3500,0.95,False,0,1000000.0,True,6.07431312888054,1000.0
4,3500,0.95,False,0,1000000.0,True,28.661670553913456,1000.0
4,3500,0.95,False,0,1000000.0,True,92.05285214894197,1000.0
4,3500,0.95,False,0,1000000.0,True,19.44828481247697,1000.0
4,3500,0.95,False,0,1000000.0,True,40.17963158580491,1000.0
4,3500,0.95,False,0,1000000.0,True,24.79323303427246,1000.0
4,3500,0.95,False,0,1000000.0,True,3.1816186566423426,1000.0
4,3500,0.95,False,0,1000000.0,True,8.408425362167208,1000.0
4,3500,0.95,False,0,1000000.0,True,10.44183035211634,1000.0
4,3500,0.95,False,0,1000000.0,True,11.122833830321582,1000.0
4,3500,0.95,False,0,1000000.0,True,3.546147251407092,1000.0
4,3500,0.95,False,0,1000000.0,True,107.38609762330604,1000.0
4,3500,0.95,False,0,1000000.0,True,1.2908258905280263,1000.0
4,3500,0.95,False,0,1000000.0,True,93.49465551385327,1000.0
4,3500,0.95,False,0,1000000.0,True,3.194740364746636,1000.0
4,3500,0.95,False,0,1000000.0,True,26.61685535887341,1000.0
4,3500,0.95,False,0,1000000.0,True,4.219112761071514,1000.0
4,3500,0.95,False,0,1000000.0,True,7.836225634796136,1000.0
4,3500,0.95,False,0,1000000.0,True,3.836571128187501,1000.0
4,3500,0.95,False,0,1000000.0,True,11.379496746144966,1000.0
4,3500,0.95,False,0,1000000.0,True,5.302084011347887,1000.0
4,3500,0.95,False,0,1000000.0,True,4.587284135923653,1000.0
4,3500,0.95,False,0,1000000.0,True,0.9171661280755644,1000.0
4,3500,0.95,False,0,1000000.0,True,2.8348736545762243,1000.0
4,3500,0.95,False,0,1000000.0,True,4.533672460679242,1000.0
4,3500,0.95,False,0,1000000.0,True,11.97936696649856,1000.0
4,3500,0.95,False,0,1000000.0,True,2.064568983536489,1000.0
4,3500,0.95,False,0,1000000.0,True,8.346442357336002,1000.0
4,3500,0.95,False,0,1000000.0,True,6.85484209246146,1000.0
4,3500,0.95,False,0,1000000.0,True,2.1547822712847164,1000.0
4,3500,0.95,False,0,1000000.0,True,3.975301768838193,1000.0
4,3500,0.95,False,0,1000000.0,True,7.255212847706474,1000.0
4,3500,0.95,False,0,1000000.0,True,3.3230349561590486,1000.0
4,3500,0.95,False,0,1000000.0,True,23.26912512872857,1000.0
4,3500,0.95,False,10,10.0,True,3.37250592145395,3.1622776601683795
4,3500,0.95,False,10,10.0,True,0.6173305518815475,3.1622776601683795
4,3500,0.95,False,10,10.0,True,0.3623486429270972,3.1622776601683795
4,3500,0.95,False,10,10.0,True,1.433715462360624,3.1622776601683795
4,3500,0.95,False,10,10.0,True,6.313723224164136,3.1622776601683795
4,3500,0.95,False,10,10.0,True,9.723491118434596,3.1622776601683795
4,3500,0.95,False,10,10.0,True,0.3865505529584823,3.1622776601683795
4,3500,0.95,False,10,10.0,True,0.1881953594785628,3.1622776601683795
4,3500,0.95,False,10,10.0,True,0.1230880894796442,3.1622776601683795
4,3500,0.95,False,10,10.0,True,0.3328795257612995,3.1622776601683795
4,3500,0.95,False,10,10.0,True,0.6104845571044137,3.1622776601683795
4,3500,0.95,False,10,10.0,True,11.978242307786871,3.1622776601683795
4,3500,0.95,False,10,10.0,True,1.8266931498822885,3.1622776601683795
4,3500,0.95,False,10,10.0,True,11.268162307629195,3.1622776601683795
4,3500,0.95,False,10,10.0,True,0.2114787086326437,3.1622776601683795
4,3500,0.95,False,10,10.0,True,0.4395341710066986,3.1622776601683795
4,3500,0.95,False,10,10.0,True,1.194277559966693,3.1622776601683795
4,3500,0.95,False,10,10.0,True,0.3242938865701603,3.1622776601683795
4,3500,0.95,False,10,10.0,True,0.1621151882879132,3.1622776601683795
4,3500,0.95,False,10,10.0,True,0.0055196809969153,3.1622776601683795
4,3500,0.95,False,10,10.0,True,0.9407842195315084,3.1622776601683795
4,3500,0.95,False,10,10.0,True,0.5924310755039812,3.1622776601683795
4,3500,0.95,False,10,10.0,True,0.3385678639970422,3.1622776601683795
4,3500,0.95,False,10,10.0,True,0.6050769022616294,3.1622776601683795
4,3500,0.95,False,10,10.0,True,0.7972634999200752,3.1622776601683795
4,3500,0.95,False,10,10.0,True,2.553207735099633,3.1622776601683795
4,3500,0.95,False,10,10.0,True,0.4817922046184648,3.1622776601683795
4,3500,0.95,False,10,10.0,True,18.531444485141392,3.1622776601683795
4,3500,0.95,False,10,10.0,True,0.5933733929271412,3.1622776601683795
4,3500,0.95,False,10,10.0,True,0.1446632623603232,3.1622776601683795
4,3500,0.95,False,10,10.0,True,0.1139291304905611,3.1622776601683795
4,3500,0.95,False,10,10.0,True,0.000847822733661,3.1622776601683795
4,3500,0.95,False,10,10.0,True,0.3054063503842386,3.1622776601683795
4,3500,0.95,False,10,10.0,True,0.1189208079281805,3.1622776601683795
4,3500,0.95,False,10,10.0,True,3.859926419473709,3.1622776601683795
4,3500,0.95,False,10,10.0,True,0.391214375627996,3.1622776601683795
4,3500,0.95,False,10,10.0,True,0.6299892517675687,3.1622776601683795
4,3500,0.95,False,10,10.0,True,1.5834295810300034,3.1622776601683795
4,3500,0.95,False,10,10.0,True,0.1912025859046409,3.1622776601683795
4,3500,0.95,False,10,10.0,True,0.0238055388075224,3.1622776601683795
4,3500,0.95,False,10,10.0,True,0.5645928761881294,3.1622776601683795
4,3500,0.95,False,10,10.0,True,0.1525995367702677,3.1622776601683795
4,3500,0.95,False,10,10.0,True,3.912419971200308,3.1622776601683795
4,3500,0.95,False,10,10.0,True,0.8819162161903638,3.1622776601683795
4,3500,0.95,False,10,10.0,True,0.178007601306497,3.1622776601683795
4,3500,0.95,False,10,10.0,True,15.485369275907573,3.1622776601683795
4,3500,0.95,False,10,10.0,True,0.0325816136158749,3.1622776601683795
4,3500,0.95,False,10,10.0,True,1.4568725683339494,3.1622776601683795
4,3500,0.95,False,10,10.0,True,1.9343083678223247,3.1622776601683795
4,3500,0.95,False,10,10.0,True,0.6154158459817616,3.1622776601683795
4,3500,0.95,False,10,10.0,True,0.2080100048721789,3.1622776601683795
4,3500,0.95,False,10,10.0,True,1.1026331278503108,3.1622776601683795
4,3500,0.95,False,10,10.0,True,0.0442872845626425,3.1622776601683795
4,3500,0.95,False,10,10.0,True,0.1581169996333926,3.1622776601683795
4,3500,0.95,False,10,10.0,True,0.1885862138235481,3.1622776601683795
4,3500,0.95,False,10,10.0,True,1.6216237495338817,3.1622776601683795
4,3500,0.95,False,10,10.0,True,4.997783790525332,3.1622776601683795
4,3500,0.95,False,10,10.0,True,0.0142573711099203,3.1622776601683795
4,3500,0.95,False,10,10.0,True,0.0828178633471736,3.1622776601683795
4,3500,0.95,False,10,10.0,True,3.3015234165136462,3.1622776601683795
4,3500,0.95,False,10,10.0,True,3.0672902103155906,3.1622776601683795
4,3500,0.95,False,10,10.0,True,1.3650180555583873,3.1622776601683795
4,3500,0.95,False,10,10.0,True,0.2874603440545051,3.1622776601683795
4,3500,0.95,False,10,10.0,True,0.5658574981082651,3.1622776601683795
4,3500,0.95,False,10,10.0,True,0.0128517313921321,3.1622776601683795
4,3500,0.95,False,10,10.0,True,0.0004605605875802,3.1622776601683795
4,3500,0.95,False,10,10.0,True,0.0945850282753291,3.1622776601683795
4,3500,0.95,False,10,10.0,True,0.1699878932778062,3.1622776601683795
4,3500,0.95,False,10,10.0,True,13.86847245529605,3.1622776601683795
4,3500,0.95,False,10,10.0,True,1.727677878255463,3.1622776601683795
4,3500,0.95,False,10,10.0,True,0.2404609816013021,3.1622776601683795
4,3500,0.95,False,10,10.0,True,1.6631520242743107,3.1622776601683795
4,3500,0.95,False,10,10.0,True,16.785543779355123,3.1622776601683795
4,3500,0.95,False,10,10.0,True,1.151706145937368,3.1622776601683795
4,3500,0.95,False,10,10.0,True,0.4839508689736931,3.1622776601683795
4,3500,0.95,False,10,10.0,True,0.5226762775358509,3.1622776601683795
4,3500,0.95,False,10,10.0,True,0.004560988713024,3.1622776601683795
4,3500,0.95,False,10,10.0,True,0.9516570703551964,3.1622776601683795
4,3500,0.95,False,10,10.0,True,0.7818511109219148,3.1622776601683795
4,3500,0.95,False,10,10.0,True,0.7813356871882036,3.1622776601683795
4,3500,0.95,False,10,10.0,True,0.0105546127844036,3.1622776601683795
4,3500,0.95,False,10,10.0,True,0.1498744022025562,3.1622776601683795
4,3500,0.95,False,10,10.0,True,0.5601517767997315,3.1622776601683795
4,3500,0.95,False,10,10.0,True,0.3032751650410117,3.1622776601683795
4,3500,0.95,False,10,10.0,True,0.6961455240403893,3.1622776601683795
4,3500,0.95,False,10,10.0,True,0.0247291809244956,3.1622776601683795
4,3500,0.95,False,10,10.0,True,1.0826298938365362,3.1622776601683795
4,3500,0.95,False,10,10.0,True,0.2154851461977323,3.1622776601683795
4,3500,0.95,False,10,10.0,True,0.0946263120465218,3.1622776601683795
4,3500,0.95,False,10,10.0,True,0.6258614859293541,3.1622776601683795
4,3500,0.95,False,10,10.0,True,1.87278315777192,3.1622776601683795
4,3500,0.95,False,10,10.0,True,0.7200492240697827,3.1622776601683795
4,3500,0.95,False,10,10.0,True,0.5496133146098288,3.1622776601683795
4,3500,0.95,False,10,10.0,True,1.1670535406021258,3.1622776601683795
4,3500,0.95,False,10,10.0,True,0.2855625481090555,3.1622776601683795
4,3500,0.95,False,10,10.0,True,0.6866444859280989,3.1622776601683795
4,3500,0.95,False,10,10.0,True,1.832039718955624,3.1622776601683795
4,3500,0.95,False,10,10.0,True,1.9653857036489557,3.1622776601683795
4,3500,0.95,False,10,10.0,True,0.3083086317454757,3.1622776601683795
4,3500,0.95,False,10,10.0,True,0.2087014638265749,3.1622776601683795
4,3500,0.95,False,10,10.0,True,0.0760316643152947,3.1622776601683795
4,3500,0.95,False,10,10.0,True,0.8211376698449868,3.1622776601683795
4,3500,0.95,False,10,10.0,True,0.0633262665514067,3.1622776601683795
4,3500,0.95,False,10,10.0,True,0.5451802259755851,3.1622776601683795
4,3500,0.95,False,10,10.0,True,0.4216869007603385,3.1622776601683795
4,3500,0.95,False,10,10.0,True,2.9334111065681334,3.1622776601683795
4,3500,0.95,False,10,10.0,True,0.2501874202656049,3.1622776601683795
4,3500,0.95,False,10,10.0,True,0.0643921501038562,3.1622776601683795
4,3500,0.95,False,10,10.0,True,1.6441773101826411,3.1622776601683795
4,3500,0.95,False,10,10.0,True,0.7469066422972901,3.1622776601683795
4,3500,0.95,False,10,10.0,True,0.413075559199541,3.1622776601683795
4,3500,0.95,False,10,10.0,True,3.2349542163437093,3.1622776601683795
4,3500,0.95,False,10,10.0,True,0.9602776180497584,3.1622776601683795
4,3500,0.95,False,10,10.0,True,0.5952448787949152,3.1622776601683795
4,3500,0.95,False,10,10.0,True,0.302179269686377,3.1622776601683795
4,3500,0.95,False,10,10.0,True,2.377662512980052,3.1622776601683795
4,3500,0.95,False,10,10.0,True,0.2144492654607859,3.1622776601683795
4,3500,0.95,False,10,10.0,True,0.1548660755038042,3.1622776601683795
4,3500,0.95,False,10,10.0,True,4.885527036594112,3.1622776601683795
4,3500,0.95,False,10,10.0,True,0.8456760162285306,3.1622776601683795
4,3500,0.95,False,10,10.0,True,0.4417197843092708,3.1622776601683795
4,3500,0.95,False,10,10.0,True,0.2662613229022774,3.1622776601683795
4,3500,0.95,False,10,10.0,True,0.6444460874869584,3.1622776601683795
4,3500,0.95,False,10,10.0,True,0.1546770761702944,3.1622776601683795
4,3500,0.95,False,10,10.0,True,1.7251208064305956,3.1622776601683795
4,3500,0.95,False,10,10.0,True,0.0128273230889703,3.1622776601683795
4,3500,0.95,False,10,10.0,True,0.2941930688265444,3.1622776601683795
4,3500,0.95,False,10,10.0,True,0.0182885769196801,3.1622776601683795
4,3500,0.95,False,10,10.0,True,0.5363574510062463,3.1622776601683795
4,3500,0.95,False,10,10.0,True,0.0674814216657893,3.1622776601683795
4,3500,0.95,False,10,10.0,True,0.3591041141898898,3.1622776601683795
4,3500,0.95,False,10,10.0,True,0.8995775891080768,3.1622776601683795
4,3500,0.95,False,10,10.0,True,0.42309729616629,3.1622776601683795
4,3500,0.95,False,10,10.0,True,0.4369770398056403,3.1622776601683795
4,3500,0.95,False,10,10.0,True,0.5223829049275821,3.1622776601683795
4,3500,0.95,False,10,10.0,True,0.0080369943019746,3.1622776601683795
4,3500,0.95,False,10,10.0,True,0.8724091480276677,3.1622776601683795
4,3500,0.95,False,10,10.0,True,0.0693425724300027,3.1622776601683795
4,3500,0.95,False,10,10.0,True,1.6855845408001926,3.1622776601683795
4,3500,0.95,False,10,10.0,True,0.0744089200029556,3.1622776601683795
4,3500,0.95,False,10,10.0,True,0.676165842590795,3.1622776601683795
4,3500,0.95,False,10,10.0,True,1.4599836974740017,3.1622776601683795
4,3500,0.95,False,10,10.0,True,2.381961041726925,3.1622776601683795
4,3500,0.95,False,10,10.0,True,0.4112867761255003,3.1622776601683795
4,3500,0.95,False,10,10.0,True,0.441823183100638,3.1622776601683795
4,3500,0.95,False,10,10.0,True,0.0163805644236276,3.1622776601683795
4,3500,0.95,False,10,10.0,True,0.1126565963307371,3.1622776601683795
4,3500,0.95,False,10,10.0,True,0.2489857115910254,3.1622776601683795
4,3500,0.95,False,10,10.0,True,0.270197174247814,3.1622776601683795
4,3500,0.95,False,10,10.0,True,1.8103204381507432,3.1622776601683795
4,3500,0.95,False,10,100.0,True,0.598334991700785,10.0
4,3500,0.95,False,10,100.0,True,1.0923015556494988,10.0
4,3500,0.95,False,10,100.0,True,0.0956508422612287,10.0
4,3500,0.95,False,10,100.0,True,0.0754332923468439,10.0
4,3500,0.95,False,10,100.0,True,0.2825252057779721,10.0
4,3500,0.95,False,10,100.0,True,2.9793425000948304,10.0
4,3500,0.95,False,10,100.0,True,0.0200844748913056,10.0
4,3500,0.95,False,10,100.0,True,1.0856828297476824,10.0
4,3500,0.95,False,10,100.0,True,0.0216537247460166,10.0
4,3500,0.95,False,10,100.0,True,0.2616934022125008,10.0
4,3500,0.95,False,10,100.0,True,0.010169708313569,10.0
4,3500,0.95,False,10,100.0,True,1.688888551223101,10.0
4,3500,0.95,False,10,100.0,True,1.2243061705540017,10.0
4,3500,0.95,False,10,100.0,True,2.094787331528181,10.0
4,3500,0.95,False,10,100.0,True,0.2718569254846255,10.0
4,3500,0.95,False,10,100.0,True,0.0674440784617331,10.0
4,3500,0.95,False,10,100.0,True,0.2669711489536936,10.0
4,3500,0.95,False,10,100.0,True,0.2808669657002873,10.0
4,3500,0.95,False,10,100.0,True,0.3784036107534732,10.0
4,3500,0.95,False,10,100.0,True,2.9440266788148115,10.0
4,3500,0.95,False,10,100.0,True,0.4777001717962825,10.0
4,3500,0.95,False,10,100.0,True,0.0531296399323828,10.0
4,3500,0.95,False,10,100.0,True,2.5129577823922915,10.0
4,3500,0.95,False,10,100.0,True,1.3393790576701008,10.0
4,3500,0.95,False,10,100.0,True,0.0374143459323477,10.0
4,3500,0.95,False,10,100.0,True,0.999317310511806,10.0
4,3500,0.95,False,10,100.0,True,0.1305445775575151,10.0
4,3500,0.95,False,10,100.0,True,1.3913927228248042,10.0
4,3500,0.95,False,10,100.0,True,0.2048314896972272,10.0
4,3500,0.95,False,10,100.0,True,1.1923614555468305,10.0
4,3500,0.95,False,10,100.0,True,0.027381110256897,10.0
4,3500,0.95,False,10,100.0,True,0.889935991058934,10.0
4,3500,0.95,False,10,100.0,True,15.03987051403685,10.0
4,3500,0.95,False,10,100.0,True,0.1850923901204453,10.0
4,3500,0.95,False,10,100.0,True,0.7102194764179686,10.0
4,3500,0.95,False,10,100.0,True,0.1686057210952469,10.0
4,3500,0.95,False,10,100.0,True,0.109424441373676,10.0
4,3500,0.95,False,10,100.0,True,0.1713289697861881,10.0
4,3500,0.95,False,10,100.0,True,1.5592215119510513,10.0
4,3500,0.95,False,10,100.0,True,3.838236285777469,10.0
4,3500,0.95,False,10,100.0,True,1.6860147096812312,10.0
4,3500,0.95,False,10,100.0,True,1.305414452932638,10.0
4,3500,0.95,False,10,100.0,True,0.0113970504138336,10.0
4,3500,0.95,False,10,100.0,True,0.1400066211479895,10.0
4,3500,0.95,False,10,100.0,True,0.1545185314642267,10.0
4,3500,0.95,False,10,100.0,True,0.3660253867996346,10.0
4,3500,0.95,False,10,100.0,True,0.1850017894860087,10.0
4,3500,0.95,False,10,100.0,True,0.4006429360800325,10.0
4,3500,0.95,False,10,100.0,True,1.3588955584941402,10.0
4,3500,0.95,False,10,100.0,True,1.3127522419470097,10.0
4,3500,0.95,False,10,100.0,True,0.3055879279844333,10.0
4,3500,0.95,False,10,100.0,True,1.4838471304512666,10.0
4,3500,0.95,False,10,100.0,True,8.72135932314771,10.0
4,3500,0.95,False,10,100.0,True,2.51559592166916,10.0
4,3500,0.95,False,10,100.0,True,9.995480722230468,10.0
4,3500,0.95,False,10,100.0,True,0.567813739255115,10.0
4,3500,0.95,False,10,100.0,True,0.5032927994403025,10.0
4,3500,0.95,False,10,100.0,True,0.1516923620532368,10.0
4,3500,0.95,False,10,100.0,True,0.0325193044847509,10.0
4,3500,0.95,False,10,100.0,True,0.6837938713623402,10.0
4,3500,0.95,False,10,100.0,True,0.2523956208588913,10.0
4,3500,0.95,False,10,100.0,True,2.955440262382666,10.0
4,3500,0.95,False,10,100.0,True,0.3774915191078776,10.0
4,3500,0.95,False,10,100.0,True,0.1716821033824516,10.0
4,3500,0.95,False,10,100.0,True,0.055632814216139,10.0
4,3500,0.95,False,10,100.0,True,3.4838470731568805,10.0
4,3500,0.95,False,10,100.0,True,2.1126620988739546,10.0
4,3500,0.95,False,10,100.0,True,0.0931308177262408,10.0
4,3500,0.95,False,10,100.0,True,0.1015946412044854,10.0
4,3500,0.95,False,10,100.0,True,0.0795420019665869,10.0
4,3500,0.95,False,10,100.0,True,0.1323455788668432,10.0
4,3500,0.95,False,10,100.0,True,0.5554898198557581,10.0
4,3500,0.95,False,10,100.0,True,0.2134140502922594,10.0
4,3500,0.95,False,10,100.0,True,1.74831152491938,10.0
4,3500,0.95,False,10,100.0,True,0.994190869870625,10.0
4,3500,0.95,False,10,100.0,True,0.2898632783141295,10.0
4,3500,0.95,False,10,100.0,True,0.0189532650111772,10.0
4,3500,0.95,False,10,100.0,True,0.651936900213606,10.0
4,3500,0.95,False,10,100.0,True,0.0713321609818606,10.0
4,3500,0.95,False,10,100.0,True,0.2410057108751289,10.0
4,3500,0.95,False,10,100.0,True,0.0883160514426837,10.0
4,3500,0.95,False,10,100.0,True,1.2152589196745112,10.0
4,3500,0.95,False,10,100.0,True,1.8351004933435744,10.0
4,3500,0.95,False,10,100.0,True,0.0490971693851634,10.0
4,3500,0.95,False,10,100.0,True,0.4674732196240398,10.0
4,3500,0.95,False,10,100.0,True,0.4942195207992341,10.0
4,3500,0.95,False,10,100.0,True,2.579255681668659,10.0
4,3500,0.95,False,10,100.0,True,0.8174761991510167,10.0
4,3500,0.95,False,10,100.0,True,0.2808997227548566,10.0
4,3500,0.95,False,10,100.0,True,0.1947289854563507,10.0
4,3500,0.95,False,10,100.0,True,0.3244114671339853,10.0
4,3500,0.95,False,10,100.0,True,0.2594285772795501,10.0
4,3500,0.95,False,10,100.0,True,3.808283461639448,10.0
4,3500,0.95,False,10,100.0,True,0.0451169265421356,10.0
4,3500,0.95,False,10,100.0,True,0.4857567379992189,10.0
4,3500,0.95,False,10,100.0,True,13.634673427099486,10.0
4,3500,0.95,False,10,100.0,True,1.5201350379555691,10.0
4,3500,0.95,False,10,100.0,True,0.06791766148838,10.0
4,3500,0.95,False,10,100.0,True,2.67102433995248,10.0
4,3500,0.95,False,10,100.0,True,0.8936294649739693,10.0
4,3500,0.95,False,10,100.0,True,2.384717269629519,10.0
4,3500,0.95,False,10,100.0,True,0.1100407108694447,10.0
4,3500,0.95,False,10,100.0,True,71.55556673309059,10.0
4,3500,0.95,False,10,100.0,True,0.2689043749313669,10.0
4,3500,0.95,False,10,100.0,True,0.2206716230057424,10.0
4,3500,0.95,False,10,100.0,True,0.1034244105223933,10.0
4,3500,0.95,False,10,100.0,True,0.125495002866856,10.0
4,3500,0.95,False,10,100.0,True,0.1297386033239291,10.0
4,3500,0.95,False,10,100.0,True,0.0238329338106808,10.0
4,3500,0.95,False,10,100.0,True,0.036112678367246,10.0
4,3500,0.95,False,10,100.0,True,0.1419080187780643,10.0
4,3500,0.95,False,10,100.0,True,4.634345725509832,10.0
4,3500,0.95,False,10,100.0,True,0.331340476982831,10.0
4,3500,0.95,False,10,100.0,True,0.0883172534923488,10.0
4,3500,0.95,False,10,100.0,True,3.9314398497661216,10.0
4,3500,0.95,False,10,100.0,True,1.0943652385446114,10.0
4,3500,0.95,False,10,100.0,True,1.37628145375254,10.0
4,3500,0.95,False,10,100.0,True,0.8781466902165391,10.0
4,3500,0.95,False,10,100.0,True,1.003747422594671,10.0
4,3500,0.95,False,10,100.0,True,0.1082078312484782,10.0
4,3500,0.95,False,10,100.0,True,0.6041916521189137,10.0
4,3500,0.95,False,10,100.0,True,0.0027755585169408,10.0
4,3500,0.95,False,10,100.0,True,0.8768930625060705,10.0
4,3500,0.95,False,10,100.0,True,4.927123221302082,10.0
4,3500,0.95,False,10,100.0,True,0.8961886859133017,10.0
4,3500,0.95,False,10,100.0,True,0.0956174630163531,10.0
4,3500,0.95,False,10,100.0,True,0.113990129684069,10.0
4,3500,0.95,False,10,100.0,True,1.080018071648226,10.0
4,3500,0.95,False,10,100.0,True,0.6691009946903534,10.0
4,3500,0.95,False,10,100.0,True,0.8207669826238515,10.0
4,3500,0.95,False,10,100.0,True,11.191011605561933,10.0
4,3500,0.95,False,10,100.0,True,0.4839706831866124,10.0
4,3500,0.95,False,10,100.0,True,0.0074200921401512,10.0
4,3500,0.95,False,10,100.0,True,0.145440937396188,10.0
4,3500,0.95,False,10,100.0,True,0.6776536104605384,10.0
4,3500,0.95,False,10,100.0,True,3.613950497772805,10.0
4,3500,0.95,False,10,100.0,True,0.2828331717472068,10.0
4,3500,0.95,False,10,100.0,True,0.0272117641273723,10.0
4,3500,0.95,False,10,100.0,True,0.0578079956429213,10.0
4,3500,0.95,False,10,100.0,True,2.2203563886150164,10.0
4,3500,0.95,False,10,100.0,True,83.62139928170949,10.0
4,3500,0.95,False,10,100.0,True,0.2311162841333214,10.0
4,3500,0.95,False,10,100.0,True,0.1968021846887779,10.0
4,3500,0.95,False,10,100.0,True,1.356466551987154,10.0
4,3500,0.95,False,10,100.0,True,0.0692115020226289,10.0
4,3500,0.95,False,10,100.0,True,1.4071878378013878,10.0
4,3500,0.95,False,10,100.0,True,1.024257698560774,10.0
4,3500,0.95,False,10,100.0,True,0.0028214332542404,10.0
4,3500,0.95,False,10,100.0,True,0.998130572306394,10.0
4,3500,0.95,False,10,100.0,True,38.506970034006464,10.0
4,3500,0.95,False,10,1000.0,True,2.832049612123676,31.622776601683793
4,3500,0.95,False,10,1000.0,True,2.592933317204313,31.622776601683793
4,3500,0.95,False,10,1000.0,True,0.5376983786797993,31.622776601683793
4,3500,0.95,False,10,1000.0,True,0.7570226283955748,31.622776601683793
4,3500,0.95,False,10,1000.0,True,0.16369760534171,31.622776601683793
4,3500,0.95,False,10,1000.0,True,0.0566954986442027,31.622776601683793
4,3500,0.95,False,10,1000.0,True,1.2435234987373178,31.622776601683793
4,3500,0.95,False,10,1000.0,True,2.819040198198905,31.622776601683793
4,3500,0.95,False,10,1000.0,True,6.03921303839131,31.622776601683793
4,3500,0.95,False,10,1000.0,True,3.2328076350717936,31.622776601683793
4,3500,0.95,False,10,1000.0,True,0.9478738540715312,31.622776601683793
4,3500,0.95,False,10,1000.0,True,8.341961370896456,31.622776601683793
4,3500,0.95,False,10,1000.0,True,0.2053645107226387,31.622776601683793
4,3500,0.95,False,10,1000.0,True,0.3442222932148411,31.622776601683793
4,3500,0.95,False,10,1000.0,True,0.2865064124512173,31.622776601683793
4,3500,0.95,False,10,1000.0,True,0.5009070059701912,31.622776601683793
4,3500,0.95,False,10,1000.0,True,13.226515342076894,31.622776601683793
4,3500,0.95,False,10,1000.0,True,139.40260377181497,31.622776601683793
4,3500,0.95,False,10,1000.0,True,0.103989050702637,31.622776601683793
4,3500,0.95,False,10,1000.0,True,0.7341996581600938,31.622776601683793
4,3500,0.95,False,10,1000.0,True,0.3329042923964724,31.622776601683793
4,3500,0.95,False,10,1000.0,True,0.4650106872606017,31.622776601683793
4,3500,0.95,False,10,1000.0,True,0.1890851045953248,31.622776601683793
4,3500,0.95,False,10,1000.0,True,2.628090667132014,31.622776601683793
4,3500,0.95,False,10,1000.0,True,0.4844761610596446,31.622776601683793
4,3500,0.95,False,10,1000.0,True,8.748230342245463,31.622776601683793
4,3500,0.95,False,10,1000.0,True,0.0092382880853065,31.622776601683793
4,3500,0.95,False,10,1000.0,True,1.1292564735190354,31.622776601683793
4,3500,0.95,False,10,1000.0,True,0.0537966091405621,31.622776601683793
4,3500,0.95,False,10,1000.0,True,0.0748795279974672,31.622776601683793
4,3500,0.95,False,10,1000.0,True,0.1028480487794354,31.622776601683793
4,3500,0.95,False,10,1000.0,True,0.0435204928615178,31.622776601683793
4,3500,0.95,False,10,1000.0,True,0.2830967623506222,31.622776601683793
4,3500,0.95,False,10,1000.0,True,1.0100265003393645,31.622776601683793
4,3500,0.95,False,10,1000.0,True,0.6378712432930058,31.622776601683793
4,3500,0.95,False,10,1000.0,True,8.12491911027043,31.622776601683793
4,3500,0.95,False,10,1000.0,True,19.388658916056286,31.622776601683793
4,3500,0.95,False,10,1000.0,True,0.6526113533036764,31.622776601683793
4,3500,0.95,False,10,1000.0,True,1.3642592423888686,31.622776601683793
4,3500,0.95,False,10,1000.0,True,41.00118909220933,31.622776601683793
4,3500,0.95,False,10,1000.0,True,0.8371334478748054,31.622776601683793
4,3500,0.95,False,10,1000.0,True,0.3326560262101523,31.622776601683793
4,3500,0.95,False,10,1000.0,True,0.8429857934078839,31.622776601683793
4,3500,0.95,False,10,1000.0,True,0.983913775458216,31.622776601683793
4,3500,0.95,False,10,1000.0,True,0.3590980952336648,31.622776601683793
4,3500,0.95,False,10,1000.0,True,1.797067925718579,31.622776601683793
4,3500,0.95,False,10,1000.0,True,0.2895539727819667,31.622776601683793
4,3500,0.95,False,10,1000.0,True,0.3429882341808437,31.622776601683793
4,3500,0.95,False,10,1000.0,True,0.5671965171344624,31.622776601683793
4,3500,0.95,False,10,1000.0,True,2.803183242679623,31.622776601683793
4,3500,0.95,False,10,1000.0,True,32.07966507867812,31.622776601683793
4,3500,0.95,False,10,1000.0,True,1.0260460932768396,31.622776601683793
4,3500,0.95,False,10,1000.0,True,69.84058839912268,31.622776601683793
4,3500,0.95,False,10,1000.0,True,0.0985682497891318,31.622776601683793
4,3500,0.95,False,10,1000.0,True,0.0656534964303716,31.622776601683793
4,3500,0.95,False,10,1000.0,True,7.256121991578254,31.622776601683793
4,3500,0.95,False,10,1000.0,True,0.2167223376374991,31.622776601683793
4,3500,0.95,False,10,1000.0,True,0.98716168540534,31.622776601683793
4,3500,0.95,False,10,1000.0,True,0.0085338244200201,31.622776601683793
4,3500,0.95,False,10,1000.0,True,0.0058538420792331,31.622776601683793
4,3500,0.95,False,10,1000.0,True,1.6715931283187189,31.622776601683793
4,3500,0.95,False,10,1000.0,True,0.348019707567087,31.622776601683793
4,3500,0.95,False,10,1000.0,True,0.0704074974784418,31.622776601683793
4,3500,0.95,False,10,1000.0,True,0.8551005647409298,31.622776601683793
4,3500,0.95,False,10,1000.0,True,0.020178002965288,31.622776601683793
4,3500,0.95,False,10,1000.0,True,0.763057635908865,31.622776601683793
4,3500,0.95,False,10,1000.0,True,0.3125848563367128,31.622776601683793
4,3500,0.95,False,10,1000.0,True,0.0467079171069997,31.622776601683793
4,3500,0.95,False,10,1000.0,True,1.6345753034575663,31.622776601683793
4,3500,0.95,False,10,1000.0,True,0.3762254056386496,31.622776601683793
4,3500,0.95,False,10,1000.0,True,2.656524277894384,31.622776601683793
4,3500,0.95,False,10,1000.0,True,1.189319603470576,31.622776601683793
4,3500,0.95,False,10,1000.0,True,0.3670591578505195,31.622776601683793
4,3500,0.95,False,10,1000.0,True,1.868086090445772,31.622776601683793
4,3500,0.95,False,10,1000.0,True,2.004879367232725,31.622776601683793
4,3500,0.95,False,10,1000.0,True,1.4663816857270433,31.622776601683793
4,3500,0.95,False,10,1000.0,True,3.604024932130216,31.622776601683793
4,3500,0.95,False,10,1000.0,True,1.5076544809623442,31.622776601683793
4,3500,0.95,False,10,1000.0,True,1.0022739572643644,31.622776601683793
4,3500,0.95,False,10,1000.0,True,0.440696494919095,31.622776601683793
4,3500,0.95,False,10,1000.0,True,0.0352822950414974,31.622776601683793
4,3500,0.95,False,10,1000.0,True,0.1281915905799149,31.622776601683793
4,3500,0.95,False,10,1000.0,True,2.659629903022364,31.622776601683793
4,3500,0.95,False,10,1000.0,True,0.0234478657409482,31.622776601683793
4,3500,0.95,False,10,1000.0,True,1.12323110566372,31.622776601683793
4,3500,0.95,False,10,1000.0,True,3.90333301533336,31.622776601683793
4,3500,0.95,False,10,1000.0,True,1.0262137311288768,31.622776601683793
4,3500,0.95,False,10,1000.0,True,0.0981335627288046,31.622776601683793
4,3500,0.95,False,10,1000.0,True,0.0350029948771037,31.622776601683793
4,3500,0.95,False,10,1000.0,True,3.1128557392579523,31.622776601683793
4,3500,0.95,False,10,1000.0,True,1.8094973750357892,31.622776601683793
4,3500,0.95,False,10,1000.0,True,7.522201248640272,31.622776601683793
4,3500,0.95,False,10,1000.0,True,0.7008589960771872,31.622776601683793
4,3500,0.95,False,10,1000.0,True,0.1274849889371125,31.622776601683793
4,3500,0.95,False,10,1000.0,True,0.4771584377635568,31.622776601683793
4,3500,0.95,False,10,1000.0,True,1.5152538182828863,31.622776601683793
4,3500,0.95,False,10,1000.0,True,0.6154606872604234,31.622776601683793
4,3500,0.95,False,10,1000.0,True,0.0644612617483417,31.622776601683793
4,3500,0.95,False,10,1000.0,True,0.5039641700591915,31.622776601683793
4,3500,0.95,False,10,1000.0,True,0.2378432158522159,31.622776601683793
4,3500,0.95,False,10,1000.0,True,0.0220180102185612,31.622776601683793
4,3500,0.95,False,10,1000.0,True,0.0260291201078146,31.622776601683793
4,3500,0.95,False,10,1000.0,True,0.0289610426320905,31.622776601683793
4,3500,0.95,False,10,1000.0,True,0.0938209305954274,31.622776601683793
4,3500,0.95,False,10,1000.0,True,0.1450096942410255,31.622776601683793
4,3500,0.95,False,10,1000.0,True,1.9690102499358488,31.622776601683793
4,3500,0.95,False,10,1000.0,True,0.5003579517867678,31.622776601683793
4,3500,0.95,False,10,1000.0,True,0.257757307431973,31.622776601683793
4,3500,0.95,False,10,1000.0,True,0.0189971665919017,31.622776601683793
4,3500,0.95,False,10,1000.0,True,0.1325394273964995,31.622776601683793
4,3500,0.95,False,10,1000.0,True,0.0161148972981308,31.622776601683793
4,3500,0.95,False,10,1000.0,True,0.1959098210936503,31.622776601683793
4,3500,0.95,False,10,1000.0,True,1.9130952467091331,31.622776601683793
4,3500,0.95,False,10,1000.0,True,0.0339361721413951,31.622776601683793
4,3500,0.95,False,10,1000.0,True,0.1270146015679714,31.622776601683793
4,3500,0.95,False,10,1000.0,True,0.187385478672212,31.622776601683793
4,3500,0.95,False,10,1000.0,True,0.0936535790346226,31.622776601683793
4,3500,0.95,False,10,1000.0,True,2.110143857038082,31.622776601683793
4,3500,0.95,False,10,1000.0,True,12.778829480114808,31.622776601683793
4,3500,0.95,False,10,1000.0,True,0.1072177156022746,31.622776601683793
4,3500,0.95,False,10,1000.0,True,1.0021609082864842,31.622776601683793
4,3500,0.95,False,10,1000.0,True,0.6744823347895377,31.622776601683793
4,3500,0.95,False,10,1000.0,True,0.172881977770487,31.622776601683793
4,3500,0.95,False,10,1000.0,True,1.3420438869911209,31.622776601683793
4,3500,0.95,False,10,1000.0,True,1.042584827255979,31.622776601683793
4,3500,0.95,False,10,1000.0,True,1.5015885876943855,31.622776601683793
4,3500,0.95,False,10,1000.0,True,0.4104330822916893,31.622776601683793
4,3500,0.95,False,10,1000.0,True,1.186772890200345,31.622776601683793
4,3500,0.95,False,10,1000.0,True,2.0969402892849165,31.622776601683793
4,3500,0.95,False,10,1000.0,True,0.4132740826372583,31.622776601683793
4,3500,0.95,False,10,1000.0,True,0.1458289111372721,31.622776601683793
4,3500,0.95,False,10,1000.0,True,0.1828929920295223,31.622776601683793
4,3500,0.95,False,10,1000.0,True,0.2803800282181328,31.622776601683793
4,3500,0.95,False,10,1000.0,True,0.0257957005421003,31.622776601683793
4,3500,0.95,False,10,1000.0,True,0.2033909552451902,31.622776601683793
4,3500,0.95,False,10,1000.0,True,0.1225032768089136,31.622776601683793
4,3500,0.95,False,10,1000.0,True,0.8134373935050405,31.622776601683793
4,3500,0.95,False,10,1000.0,True,0.104686985335654,31.622776601683793
4,3500,0.95,False,10,1000.0,True,0.6603652510211475,31.622776601683793
4,3500,0.95,False,10,1000.0,True,0.3338513708950685,31.622776601683793
4,3500,0.95,False,10,1000.0,True,0.7106769568324438,31.622776601683793
4,3500,0.95,False,10,1000.0,True,0.295641229185577,31.622776601683793
4,3500,0.95,False,10,1000.0,True,0.2278572761987334,31.622776601683793
4,3500,0.95,False,10,1000.0,True,3.051314911987234,31.622776601683793
4,3500,0.95,False,10,1000.0,True,0.0837046842156326,31.622776601683793
4,3500,0.95,False,10,1000.0,True,0.4015658400854534,31.622776601683793
4,3500,0.95,False,10,1000.0,True,0.0659611166533267,31.622776601683793
4,3500,0.95,False,10,1000.0,True,0.4303530971789548,31.622776601683793
4,3500,0.95,False,10,1000.0,True,3.6925122407832314,31.622776601683793
4,3500,0.95,False,10,1000.0,True,0.4181970838240261,31.622776601683793
4,3500,0.95,False,10,10000.0,True,0.3539433878965639,100.0
4,3500,0.95,False,10,10000.0,True,4.691839516299019,100.0
4,3500,0.95,False,10,10000.0,True,1.12264555279107,100.0
4,3500,0.95,False,10,10000.0,True,1.5131631536614378,100.0
4,3500,0.95,False,10,10000.0,True,0.6546113261645061,100.0
4,3500,0.95,False,10,10000.0,True,0.5950692208269288,100.0
4,3500,0.95,False,10,10000.0,True,5.0416016238114025,100.0
4,3500,0.95,False,10,10000.0,True,34.23523430554552,100.0
4,3500,0.95,False,10,10000.0,True,0.4456774286293085,100.0
4,3500,0.95,False,10,10000.0,True,1.1141288696317986,100.0
4,3500,0.95,False,10,10000.0,True,0.0298983843320481,100.0
4,3500,0.95,False,10,10000.0,True,0.6594567478103315,100.0
4,3500,0.95,False,10,10000.0,True,2.590447546912543,100.0
4,3500,0.95,False,10,10000.0,True,1.6619927983302292,100.0
4,3500,0.95,False,10,10000.0,True,2.397647373327373,100.0
4,3500,0.95,False,10,10000.0,True,0.3380378642259245,100.0
4,3500,0.95,False,10,10000.0,True,18.445899440267624,100.0
4,3500,0.95,False,10,10000.0,True,0.8658441632045566,100.0
4,3500,0.95,False,10,10000.0,True,0.2978132860463915,100.0
4,3500,0.95,False,10,10000.0,True,0.808233137512957,100.0
4,3500,0.95,False,10,10000.0,True,8.45891098930808,100.0
4,3500,0.95,False,10,10000.0,True,0.5014445656383089,100.0
4,3500,0.95,False,10,10000.0,True,2.1934281526942243,100.0
4,3500,0.95,False,10,10000.0,True,0.8817395315574608,100.0
4,3500,0.95,False,10,10000.0,True,2.290452137052455,100.0
4,3500,0.95,False,10,10000.0,True,1.211928965178828,100.0
4,3500,0.95,False,10,10000.0,True,8.010103807895845,100.0
4,3500,0.95,False,10,10000.0,True,21.62322991763527,100.0
4,3500,0.95,False,10,10000.0,True,0.5691578095259757,100.0
4,3500,0.95,False,10,10000.0,True,1.7594203658896888,100.0
4,3500,0.95,False,10,10000.0,True,0.4605347342943631,100.0
4,3500,0.95,False,10,10000.0,True,0.9336308926689938,100.0
4,3500,0.95,False,10,10000.0,True,1.1810967028606283,100.0
4,3500,0.95,False,10,10000.0,True,0.6799143301692139,100.0
4,3500,0.95,False,10,10000.0,True,4.837215160057895,100.0
4,3500,0.95,False,10,10000.0,True,1.3016628630167588,100.0
4,3500,0.95,False,10,10000.0,True,0.1150860317114919,100.0
4,3500,0.95,False,10,10000.0,True,1.1183597339049811,100.0
4,3500,0.95,False,10,10000.0,True,0.6567379207133364,100.0
4,3500,0.95,False,10,10000.0,True,12.316677277254172,100.0
4,3500,0.95,False,10,10000.0,True,0.1335486665416567,100.0
4,3500,0.95,False,10,10000.0,True,0.2128832516808643,100.0
4,3500,0.95,False,10,10000.0,True,3.371847005461092,100.0
4,3500,0.95,False,10,10000.0,True,1.7245343185611972,100.0
4,3500,0.95,False,10,10000.0,True,0.5492167727284052,100.0
4,3500,0.95,False,10,10000.0,True,43.847917864456186,100.0
4,3500,0.95,False,10,10000.0,True,0.1443372025511848,100.0
4,3500,0.95,False,10,10000.0,True,9.524327431593804,100.0
4,3500,0.95,False,10,10000.0,True,2.998136792202942,100.0
4,3500,0.95,False,10,10000.0,True,2.1351042666411537,100.0
4,3500,0.95,False,10,10000.0,True,0.2750379239968481,100.0
4,3500,0.95,False,10,10000.0,True,0.7724579910264993,100.0
4,3500,0.95,False,10,10000.0,True,0.5936196448413824,100.0
4,3500,0.95,False,10,10000.0,True,0.7143384964512762,100.0
4,3500,0.95,False,10,10000.0,True,3.1141881354711813,100.0
4,3500,0.95,False,10,10000.0,True,7.563842410869356,100.0
4,3500,0.95,False,10,10000.0,True,1.1286650727540175,100.0
4,3500,0.95,False,10,10000.0,True,2.9687141306462195,100.0
4,3500,0.95,False,10,10000.0,True,0.3080521753755931,100.0
4,3500,0.95,False,10,10000.0,True,2.66157540290282,100.0
4,3500,0.95,False,10,10000.0,True,0.1529699491243548,100.0
4,3500,0.95,False,10,10000.0,True,1.3941097719272193,100.0
4,3500,0.95,False,10,10000.0,True,0.6039156190128665,100.0
4,3500,0.95,False,10,10000.0,True,1.6216217097683057,100.0
4,3500,0.95,False,10,10000.0,True,3.1281707649769714,100.0
4,3500,0.95,False,10,10000.0,True,0.6131206894598407,100.0
4,3500,0.95,False,10,10000.0,True,0.8574362862038925,100.0
4,3500,0.95,False,10,10000.0,True,0.4466468289622867,100.0
4,3500,0.95,False,10,10000.0,True,1.452205186230131,100.0
4,3500,0.95,False,10,10000.0,True,0.3454666495054681,100.0
4,3500,0.95,False,10,10000.0,True,2.3019887158177994,100.0
4,3500,0.95,False,10,10000.0,True,0.2507071634980633,100.0
4,3500,0.95,False,10,10000.0,True,0.8351326412366911,100.0
4,3500,0.95,False,10,10000.0,True,0.9973247932880582,100.0
4,3500,0.95,False,10,10000.0,True,0.1755555023026431,100.0
4,3500,0.95,False,10,10000.0,True,1.2604923092479865,100.0
4,3500,0.95,False,10,10000.0,True,0.170236977009921,100.0
4,3500,0.95,False,10,10000.0,True,0.7053895914098121,100.0
4,3500,0.95,False,10,10000.0,True,6.037086898036861,100.0
4,3500,0.95,False,10,10000.0,True,40.10469114465522,100.0
4,3500,0.95,False,10,10000.0,True,2.21147610214868,100.0
4,3500,0.95,False,10,10000.0,True,0.2748039391149248,100.0
4,3500,0.95,False,10,10000.0,True,1.2437602970272792,100.0
4,3500,0.95,False,10,10000.0,True,0.6901278685371182,100.0
4,3500,0.95,False,10,10000.0,True,56.66321962611457,100.0
4,3500,0.95,False,10,10000.0,True,0.8238347920986513,100.0
4,3500,0.95,False,10,10000.0,True,3.160851465037979,100.0
4,3500,0.95,False,10,10000.0,True,1.392540698289018,100.0
4,3500,0.95,False,10,10000.0,True,1.0444655190136984,100.0
4,3500,0.95,False,10,10000.0,True,1.1706290355663915,100.0
4,3500,0.95,False,10,10000.0,True,2.260437781928715,100.0
4,3500,0.95,False,10,10000.0,True,0.0793435852695552,100.0
4,3500,0.95,False,10,10000.0,True,1.976278596641443,100.0
4,3500,0.95,False,10,10000.0,True,0.9052306497938148,100.0
4,3500,0.95,False,10,10000.0,True,64.8968953125614,100.0
4,3500,0.95,False,10,10000.0,True,0.9084376227105384,100.0
4,3500,0.95,False,10,10000.0,True,5.994483459846265,100.0
4,3500,0.95,False,10,10000.0,True,4.935857283517202,100.0
4,3500,0.95,False,10,10000.0,True,0.4347603284595607,100.0
4,3500,0.95,False,10,10000.0,True,0.325051267898047,100.0
4,3500,0.95,False,10,10000.0,True,1.320224907561311,100.0
4,3500,0.95,False,10,10000.0,True,0.2494230304308331,100.0
4,3500,0.95,False,10,10000.0,True,5.346214684892857,100.0
4,3500,0.95,False,10,10000.0,True,1.1602276483387044,100.0
4,3500,0.95,False,10,10000.0,True,0.1222851706410637,100.0
4,3500,0.95,False,10,10000.0,True,0.185259079796678,100.0
4,3500,0.95,False,10,10000.0,True,0.7414641189388362,100.0
4,3500,0.95,False,10,10000.0,True,1.5736812408763703,100.0
4,3500,0.95,False,10,10000.0,True,0.7782142680952049,100.0
4,3500,0.95,False,10,10000.0,True,2.27283244100758,100.0
4,3500,0.95,False,10,10000.0,True,0.6814689894217736,100.0
4,3500,0.95,False,10,10000.0,True,0.0583169361451325,100.0
4,3500,0.95,False,10,10000.0,True,0.6470120720788444,100.0
4,3500,0.95,False,10,10000.0,True,0.2145144970743615,100.0
4,3500,0.95,False,10,10000.0,True,0.5942369252122432,100.0
4,3500,0.95,False,10,10000.0,True,0.7374016147271618,100.0
4,3500,0.95,False,10,10000.0,True,0.4230329494464513,100.0
4,3500,0.95,False,10,10000.0,True,0.0653269505650655,100.0
4,3500,0.95,False,10,10000.0,True,1.2701647702634773,100.0
4,3500,0.95,False,10,10000.0,True,16.2138237507545,100.0
4,3500,0.95,False,10,10000.0,True,1.328975950966537,100.0
4,3500,0.95,False,10,10000.0,True,0.1999269163714387,100.0
4,3500,0.95,False,10,10000.0,True,2.39804004326143,100.0
4,3500,0.95,False,10,10000.0,True,2.207985972870901,100.0
4,3500,0.95,False,10,10000.0,True,0.2370471967507725,100.0
4,3500,0.95,False,10,10000.0,True,0.175123526923727,100.0
4,3500,0.95,False,10,10000.0,True,1.2124758753444382,100.0
4,3500,0.95,False,10,10000.0,True,0.7376538051921653,100.0
4,3500,0.95,False,10,10000.0,True,2.0155606026251576,100.0
4,3500,0.95,False,10,10000.0,True,0.7487340672950324,100.0
4,3500,0.95,False,10,10000.0,True,4.813158495791754,100.0
4,3500,0.95,False,10,10000.0,True,0.2350512709894729,100.0
4,3500,0.95,False,10,10000.0,True,1.093839679383407,100.0
4,3500,0.95,False,10,10000.0,True,0.9093215295224866,100.0
4,3500,0.95,False,10,10000.0,True,4.104408281194182,100.0
4,3500,0.95,False,10,10000.0,True,0.6423995108565066,100.0
4,3500,0.95,False,10,10000.0,True,1.8750625062839104,100.0
4,3500,0.95,False,10,10000.0,True,0.1137656384415861,100.0
4,3500,0.95,False,10,10000.0,True,3.711191903117936,100.0
4,3500,0.95,False,10,10000.0,True,0.5757512005094441,100.0
4,3500,0.95,False,10,10000.0,True,1.8651867450337531,100.0
4,3500,0.95,False,10,10000.0,True,1.7710707569790711,100.0
4,3500,0.95,False,10,10000.0,True,0.2236288616821582,100.0
4,3500,0.95,False,10,10000.0,True,0.3535894994007265,100.0
4,3500,0.95,False,10,10000.0,True,0.6091694122914362,100.0
4,3500,0.95,False,10,10000.0,True,8.011200670404762,100.0
4,3500,0.95,False,10,10000.0,True,0.1620156347511567,100.0
4,3500,0.95,False,10,10000.0,True,0.6447475497516848,100.0
4,3500,0.95,False,10,10000.0,True,2.997265071198896,100.0
4,3500,0.95,False,10,10000.0,True,0.057780355438517,100.0
4,3500,0.95,False,10,100000.0,True,10.20780500021803,316.22776601683796
4,3500,0.95,False,10,100000.0,True,2.6225432933487696,316.22776601683796
4,3500,0.95,False,10,100000.0,True,14.67205707503954,316.22776601683796
4,3500,0.95,False,10,100000.0,True,0.1061973511089164,316.22776601683796
4,3500,0.95,False,10,100000.0,True,7.1964624967475,316.22776601683796
4,3500,0.95,False,10,100000.0,True,0.8537670803134887,316.22776601683796
4,3500,0.95,False,10,100000.0,True,1.639070323570479,316.22776601683796
4,3500,0.95,False,10,100000.0,True,0.013433919402729,316.22776601683796
4,3500,0.95,False,10,100000.0,True,1.905127816623832,316.22776601683796
4,3500,0.95,False,10,100000.0,True,3.1373767579468463,316.22776601683796
4,3500,0.95,False,10,100000.0,True,2.5942346809733863,316.22776601683796
4,3500,0.95,False,10,100000.0,True,3.5551328620919094,316.22776601683796
4,3500,0.95,False,10,100000.0,True,0.6988902998072888,316.22776601683796
4,3500,0.95,False,10,100000.0,True,2.4646011279824904,316.22776601683796
4,3500,0.95,False,10,100000.0,True,1.2177790639231247,316.22776601683796
4,3500,0.95,False,10,100000.0,True,5.3761426572821165,316.22776601683796
4,3500,0.95,False,10,100000.0,True,1.6329162991145552,316.22776601683796
4,3500,0.95,False,10,100000.0,True,1.877156754409521,316.22776601683796
4,3500,0.95,False,10,100000.0,True,2.3555613653270484,316.22776601683796
4,3500,0.95,False,10,100000.0,True,2.390023409379893,316.22776601683796
4,3500,0.95,False,10,100000.0,True,2.840022919126369,316.22776601683796
4,3500,0.95,False,10,100000.0,True,5.693359876747886,316.22776601683796
4,3500,0.95,False,10,100000.0,True,4.721393101541054,316.22776601683796
4,3500,0.95,False,10,100000.0,True,1.6051826799859017,316.22776601683796
4,3500,0.95,False,10,100000.0,True,2.099192128602457,316.22776601683796
4,3500,0.95,False,10,100000.0,True,3.8946310734105793,316.22776601683796
4,3500,0.95,False,10,100000.0,True,2.027492496271904,316.22776601683796
4,3500,0.95,False,10,100000.0,True,3.4701598102095943,316.22776601683796
4,3500,0.95,False,10,100000.0,True,1.2633783235079363,316.22776601683796
4,3500,0.95,False,10,100000.0,True,6.5865614124959535,316.22776601683796
4,3500,0.95,False,10,100000.0,True,7.011551664799953,316.22776601683796
4,3500,0.95,False,10,100000.0,True,0.3874023187277871,316.22776601683796
4,3500,0.95,False,10,100000.0,True,3.0900412124584733,316.22776601683796
4,3500,0.95,False,10,100000.0,True,1.2507975771040378,316.22776601683796
4,3500,0.95,False,10,100000.0,True,1.270121419675661,316.22776601683796
4,3500,0.95,False,10,100000.0,True,0.9609231076413494,316.22776601683796
4,3500,0.95,False,10,100000.0,True,6.144134944391382,316.22776601683796
4,3500,0.95,False,10,100000.0,True,2.053929965927253,316.22776601683796
4,3500,0.95,False,10,100000.0,True,0.3236398497636585,316.22776601683796
4,3500,0.95,False,10,100000.0,True,0.1473147696271723,316.22776601683796
4,3500,0.95,False,10,100000.0,True,4.198512431415978,316.22776601683796
4,3500,0.95,False,10,100000.0,True,4.576227684665142,316.22776601683796
4,3500,0.95,False,10,100000.0,True,5.659488066772084,316.22776601683796
4,3500,0.95,False,10,100000.0,True,0.2796690667904258,316.22776601683796
4,3500,0.95,False,10,100000.0,True,3.4844187303604315,316.22776601683796
4,3500,0.95,False,10,100000.0,True,1.235365990029237,316.22776601683796
4,3500,0.95,False,10,100000.0,True,6.830091743851881,316.22776601683796
4,3500,0.95,False,10,100000.0,True,8.771793595643231,316.22776601683796
4,3500,0.95,False,10,100000.0,True,33.12858172106915,316.22776601683796
4,3500,0.95,False,10,100000.0,True,2.9482721128602805,316.22776601683796
4,3500,0.95,False,10,100000.0,True,0.6148728871591906,316.22776601683796
4,3500,0.95,False,10,100000.0,True,0.2186697264003214,316.22776601683796
4,3500,0.95,False,10,100000.0,True,1.29521332755062,316.22776601683796
4,3500,0.95,False,10,100000.0,True,1.995505344137172,316.22776601683796
4,3500,0.95,False,10,100000.0,True,22.4525227712104,316.22776601683796
4,3500,0.95,False,10,100000.0,True,29.60446943773698,316.22776601683796
4,3500,0.95,False,10,100000.0,True,5.169579607600582,316.22776601683796
4,3500,0.95,False,10,100000.0,True,1.0941992691721367,316.22776601683796
4,3500,0.95,False,10,100000.0,True,0.7271607692808857,316.22776601683796
4,3500,0.95,False,10,100000.0,True,0.0729566215134696,316.22776601683796
4,3500,0.95,False,10,100000.0,True,4.009564141633533,316.22776601683796
4,3500,0.95,False,10,100000.0,True,2.2446503589605946,316.22776601683796
4,3500,0.95,False,10,100000.0,True,9.647947447357398,316.22776601683796
4,3500,0.95,False,10,100000.0,True,5.554589878425702,316.22776601683796
4,3500,0.95,False,10,100000.0,True,1.3542154724025437,316.22776601683796
4,3500,0.95,False,10,100000.0,True,2.2112753847442725,316.22776601683796
4,3500,0.95,False,10,100000.0,True,2.6205973830618063,316.22776601683796
4,3500,0.95,False,10,100000.0,True,0.3873965575701987,316.22776601683796
4,3500,0.95,False,10,100000.0,True,1.6933721582947214,316.22776601683796
4,3500,0.95,False,10,100000.0,True,11.63230944578686,316.22776601683796
4,3500,0.95,False,10,100000.0,True,1.1681999655337163,316.22776601683796
4,3500,0.95,False,10,100000.0,True,1.9829693117306988,316.22776601683796
4,3500,0.95,False,10,100000.0,True,0.909780386919408,316.22776601683796
4,3500,0.95,False,10,100000.0,True,6.221999576876968,316.22776601683796
4,3500,0.95,False,10,100000.0,True,1.2397146991495165,316.22776601683796
4,3500,0.95,False,10,100000.0,True,5.969485642444241,316.22776601683796
4,3500,0.95,False,10,100000.0,True,2.190887973406646,316.22776601683796
4,3500,0.95,False,10,100000.0,True,1.4274447288454724,316.22776601683796
4,3500,0.95,False,10,100000.0,True,9.752858169011986,316.22776601683796
4,3500,0.95,False,10,100000.0,True,0.3907986886944172,316.22776601683796
4,3500,0.95,False,10,100000.0,True,6.820932403228449,316.22776601683796
4,3500,0.95,False,10,100000.0,True,2.4647197126996616,316.22776601683796
4,3500,0.95,False,10,100000.0,True,3.5057122372147305,316.22776601683796
4,3500,0.95,False,10,100000.0,True,3.7848358672041975,316.22776601683796
4,3500,0.95,False,10,100000.0,True,1.0785405660638503,316.22776601683796
4,3500,0.95,False,10,100000.0,True,4.264367628829652,316.22776601683796
4,3500,0.95,False,10,100000.0,True,1.0522347767537212,316.22776601683796
4,3500,0.95,False,10,100000.0,True,3.371222356383482,316.22776601683796
4,3500,0.95,False,10,100000.0,True,2.2577664680377154,316.22776601683796
4,3500,0.95,False,10,100000.0,True,7.038014462429416,316.22776601683796
4,3500,0.95,False,10,100000.0,True,5.3139563577208975,316.22776601683796
4,3500,0.95,False,10,100000.0,True,2.7861605861293697,316.22776601683796
4,3500,0.95,False,10,100000.0,True,4.726398162100907,316.22776601683796
4,3500,0.95,False,10,100000.0,True,1.2643268359639137,316.22776601683796
4,3500,0.95,False,10,100000.0,True,12.859067426916384,316.22776601683796
4,3500,0.95,False,10,100000.0,True,2.4640220859868407,316.22776601683796
4,3500,0.95,False,10,100000.0,True,1.6210665321963518,316.22776601683796
4,3500,0.95,False,10,100000.0,True,7.743547444080832,316.22776601683796
4,3500,0.95,False,10,100000.0,True,0.4433787022270721,316.22776601683796
4,3500,0.95,False,10,100000.0,True,20.140169610297832,316.22776601683796
4,3500,0.95,False,10,100000.0,True,1.6114475075925,316.22776601683796
4,3500,0.95,False,10,100000.0,True,0.6393886415682903,316.22776601683796
4,3500,0.95,False,10,100000.0,True,0.2793295120318557,316.22776601683796
4,3500,0.95,False,10,100000.0,True,2.611714414568059,316.22776601683796
4,3500,0.95,False,10,100000.0,True,4.369625865933109,316.22776601683796
4,3500,0.95,False,10,100000.0,True,7.110792961956037,316.22776601683796
4,3500,0.95,False,10,100000.0,True,3.9076814961960906,316.22776601683796
4,3500,0.95,False,10,100000.0,True,6.652425123429879,316.22776601683796
4,3500,0.95,False,10,100000.0,True,2.9070274496779263,316.22776601683796
4,3500,0.95,False,10,100000.0,True,1.5693469678506418,316.22776601683796
4,3500,0.95,False,10,100000.0,True,0.9434934649665934,316.22776601683796
4,3500,0.95,False,10,100000.0,True,2.296688205401054,316.22776601683796
4,3500,0.95,False,10,100000.0,True,0.3804859291902289,316.22776601683796
4,3500,0.95,False,10,100000.0,True,3.4296125901596497,316.22776601683796
4,3500,0.95,False,10,100000.0,True,0.4246527346015369,316.22776601683796
4,3500,0.95,False,10,100000.0,True,0.2760052346660409,316.22776601683796
4,3500,0.95,False,10,100000.0,True,1.5160106367294084,316.22776601683796
4,3500,0.95,False,10,100000.0,True,3.0940937773918678,316.22776601683796
4,3500,0.95,False,10,100000.0,True,0.4206830583983105,316.22776601683796
4,3500,0.95,False,10,100000.0,True,168.41031040279756,316.22776601683796
4,3500,0.95,False,10,100000.0,True,2.602938444567826,316.22776601683796
4,3500,0.95,False,10,100000.0,True,0.8510242459326776,316.22776601683796
4,3500,0.95,False,10,100000.0,True,0.0397488739266194,316.22776601683796
4,3500,0.95,False,10,100000.0,True,0.4731349332260208,316.22776601683796
4,3500,0.95,False,10,100000.0,True,1.1115865218410228,316.22776601683796
4,3500,0.95,False,10,100000.0,True,1.6371084692250122,316.22776601683796
4,3500,0.95,False,10,100000.0,True,3.930476509076925,316.22776601683796
4,3500,0.95,False,10,100000.0,True,1.469637134701907,316.22776601683796
4,3500,0.95,False,10,100000.0,True,0.3611768691889665,316.22776601683796
4,3500,0.95,False,10,100000.0,True,0.3109465491294543,316.22776601683796
4,3500,0.95,False,10,100000.0,True,3.611046803989325,316.22776601683796
4,3500,0.95,False,10,100000.0,True,25.561659324204896,316.22776601683796
4,3500,0.95,False,10,100000.0,True,4.121729304328718,316.22776601683796
4,3500,0.95,False,10,100000.0,True,1.7936078288884971,316.22776601683796
4,3500,0.95,False,10,100000.0,True,8.657303242605451,316.22776601683796
4,3500,0.95,False,10,100000.0,True,0.3356505853188452,316.22776601683796
4,3500,0.95,False,10,100000.0,True,8.454961990906781,316.22776601683796
4,3500,0.95,False,10,100000.0,True,1.619113652124767,316.22776601683796
4,3500,0.95,False,10,100000.0,True,1.3688022790123853,316.22776601683796
4,3500,0.95,False,10,100000.0,True,1.509083687295529,316.22776601683796
4,3500,0.95,False,10,100000.0,True,2.5756622291416136,316.22776601683796
4,3500,0.95,False,10,100000.0,True,0.820187173158871,316.22776601683796
4,3500,0.95,False,10,100000.0,True,0.659188707178842,316.22776601683796
4,3500,0.95,False,10,100000.0,True,2.97545635044272,316.22776601683796
4,3500,0.95,False,10,100000.0,True,87.02388399303466,316.22776601683796
4,3500,0.95,False,10,100000.0,True,1.090538475071412,316.22776601683796
4,3500,0.95,False,10,100000.0,True,2.695073120049884,316.22776601683796
4,3500,0.95,False,10,100000.0,True,2.6344810771301965,316.22776601683796
4,3500,0.95,False,10,100000.0,True,2.211523637385227,316.22776601683796
4,3500,0.95,False,10,100000.0,True,1.394213477913425,316.22776601683796
4,3500,0.95,False,10,1000000.0,True,12.30458140979917,1000.0
4,3500,0.95,False,10,1000000.0,True,0.9476859685631034,1000.0
4,3500,0.95,False,10,1000000.0,True,48.74346406330061,1000.0
4,3500,0.95,False,10,1000000.0,True,15.773425525088484,1000.0
4,3500,0.95,False,10,1000000.0,True,33.034806436538986,1000.0
4,3500,0.95,False,10,1000000.0,True,3.877113668100513,1000.0
4,3500,0.95,False,10,1000000.0,True,44.11643817745915,1000.0
4,3500,0.95,False,10,1000000.0,True,9.11228592247734,1000.0
4,3500,0.95,False,10,1000000.0,True,3.662868649496943,1000.0
4,3500,0.95,False,10,1000000.0,True,16.206438989343948,1000.0
4,3500,0.95,False,10,1000000.0,True,64.38536164933018,1000.0
4,3500,0.95,False,10,1000000.0,True,13.010464740682828,1000.0
4,3500,0.95,False,10,1000000.0,True,85.04918393407058,1000.0
4,3500,0.95,False,10,1000000.0,True,6.665888390886636,1000.0
4,3500,0.95,False,10,1000000.0,True,0.4269544922395312,1000.0
4,3500,0.95,False,10,1000000.0,True,4.478131556575761,1000.0
4,3500,0.95,False,10,1000000.0,True,1.0480918291781656,1000.0
4,3500,0.95,False,10,1000000.0,True,10.690592112983978,1000.0
4,3500,0.95,False,10,1000000.0,True,121.840091440187,1000.0
4,3500,0.95,False,10,1000000.0,True,42.43047897534904,1000.0
4,3500,0.95,False,10,1000000.0,True,8.48316383775959,1000.0
4,3500,0.95,False,10,1000000.0,True,126.7546564692023,1000.0
4,3500,0.95,False,10,1000000.0,True,9.505789701021165,1000.0
4,3500,0.95,False,10,1000000.0,True,12.752537546245378,1000.0
4,3500,0.95,False,10,1000000.0,True,0.3421616800704044,1000.0
4,3500,0.95,False,10,1000000.0,True,0.1028887379276266,1000.0
4,3500,0.95,False,10,1000000.0,True,63.18725305476714,1000.0
4,3500,0.95,False,10,1000000.0,True,2.011866662091137,1000.0
4,3500,0.95,False,10,1000000.0,True,4.841663613549599,1000.0
4,3500,0.95,False,10,1000000.0,True,23.413902446658938,1000.0
4,3500,0.95,False,10,1000000.0,True,16.573331702196228,1000.0
4,3500,0.95,False,10,1000000.0,True,6.997287026818952,1000.0
4,3500,0.95,False,10,1000000.0,True,8.364040596320734,1000.0
4,3500,0.95,False,10,1000000.0,True,1.511656953738786,1000.0
4,3500,0.95,False,10,1000000.0,True,8.35413221234515,1000.0
4,3500,0.95,False,10,1000000.0,True,8.028697220811793,1000.0
4,3500,0.95,False,10,1000000.0,True,16.34445355754106,1000.0
4,3500,0.95,False,10,1000000.0,True,4.494134556481878,1000.0
4,3500,0.95,False,10,1000000.0,True,1.8460022416519093,1000.0
4,3500,0.95,False,10,1000000.0,True,6.885954830450887,1000.0
4,3500,0.95,False,10,1000000.0,True,3.193856542157235,1000.0
4,3500,0.95,False,10,1000000.0,True,11.42776831550762,1000.0
4,3500,0.95,False,10,1000000.0,True,8.747403793438618,1000.0
4,3500,0.95,False,10,1000000.0,True,1.64737399141805,1000.0
4,3500,0.95,False,10,1000000.0,True,5.585986890322943,1000.0
4,3500,0.95,False,10,1000000.0,True,6.890712469355343,1000.0
4,3500,0.95,False,10,1000000.0,True,140.30041108636996,1000.0
4,3500,0.95,False,10,1000000.0,True,3.8551862223303246,1000.0
4,3500,0.95,False,10,1000000.0,True,146.92253783747566,1000.0
4,3500,0.95,False,10,1000000.0,True,56.32862142833716,1000.0
4,3500,0.95,False,10,1000000.0,True,13.410777873350582,1000.0
4,3500,0.95,False,10,1000000.0,True,3.970133684265576,1000.0
4,3500,0.95,False,10,1000000.0,True,5.95137238295311,1000.0
4,3500,0.95,False,10,1000000.0,True,7.078731454970453,1000.0
4,3500,0.95,False,10,1000000.0,True,34.36951918434464,1000.0
4,3500,0.95,False,10,1000000.0,True,3.682577585395247,1000.0
4,3500,0.95,False,10,1000000.0,True,12.888342961720795,1000.0
4,3500,0.95,False,10,1000000.0,True,14.682536466091136,1000.0
4,3500,0.95,False,10,1000000.0,True,15.685912377195724,1000.0
4,3500,0.95,False,10,1000000.0,True,15.489915387456564,1000.0
4,3500,0.95,False,10,1000000.0,True,13.690729348532074,1000.0
4,3500,0.95,False,10,1000000.0,True,74.76636355576329,1000.0
4,3500,0.95,False,10,1000000.0,True,6.097589823696609,1000.0
4,3500,0.95,False,10,1000000.0,True,3.215355714762552,1000.0
4,3500,0.95,False,10,1000000.0,True,61.65973709966031,1000.0
4,3500,0.95,False,10,1000000.0,True,1.1007762344725336,1000.0
4,3500,0.95,False,10,1000000.0,True,7.266287934128591,1000.0
4,3500,0.95,False,10,1000000.0,True,25.4877471172984,1000.0
4,3500,0.95,False,10,1000000.0,True,5.886084239527577,1000.0
4,3500,0.95,False,10,1000000.0,True,2.339253074256248,1000.0
4,3500,0.95,False,10,1000000.0,True,3.516022057970304,1000.0
4,3500,0.95,False,10,1000000.0,True,125.98794065499246,1000.0
4,3500,0.95,False,10,1000000.0,True,9.96632727594141,1000.0
4,3500,0.95,False,10,1000000.0,True,52.80062298556014,1000.0
4,3500,0.95,False,10,1000000.0,True,25.236056027934108,1000.0
4,3500,0.95,False,10,1000000.0,True,33.003879249347136,1000.0
4,3500,0.95,False,10,1000000.0,True,22.67329307920912,1000.0
4,3500,0.95,False,10,1000000.0,True,10.558801862918006,1000.0
4,3500,0.95,False,10,1000000.0,True,6.128144145845567,1000.0
4,3500,0.95,False,10,1000000.0,True,0.4968315406717352,1000.0
4,3500,0.95,False,10,1000000.0,True,16.830029875999656,1000.0
4,3500,0.95,False,10,1000000.0,True,25.254442939439627,1000.0
4,3500,0.95,False,10,1000000.0,True,0.2990052955537976,1000.0
4,3500,0.95,False,10,1000000.0,True,81.22895568092703,1000.0
4,3500,0.95,False,10,1000000.0,True,26.77091524802482,1000.0
4,3500,0.95,False,10,1000000.0,True,6.42509401650814,1000.0
4,3500,0.95,False,10,1000000.0,True,14.268859965163642,1000.0
4,3500,0.95,False,10,1000000.0,True,13.145255984580883,1000.0
4,3500,0.95,False,10,1000000.0,True,15.217829682004036,1000.0
4,3500,0.95,False,10,1000000.0,True,1.1154684960948131,1000.0
4,3500,0.95,False,10,1000000.0,True,6.349594147373296,1000.0
4,3500,0.95,False,10,1000000.0,True,1.2095575759036592,1000.0
4,3500,0.95,False,10,1000000.0,True,1.877933338608852,1000.0
4,3500,0.95,False,10,1000000.0,True,5.1125432998615,1000.0
4,3500,0.95,False,10,1000000.0,True,0.961985194757638,1000.0
4,3500,0.95,False,10,1000000.0,True,24.627597005311717,1000.0
4,3500,0.95,False,10,1000000.0,True,8.7198009484401,1000.0
4,3500,0.95,False,10,1000000.0,True,2.333243522251628,1000.0
4,3500,0.95,False,10,1000000.0,True,59.24542138902801,1000.0
4,3500,0.95,False,10,1000000.0,True,68.6962914200756,1000.0
4,3500,0.95,False,10,1000000.0,True,2.564561437437185,1000.0
4,3500,0.95,False,10,1000000.0,True,8.403724614459449,1000.0
4,3500,0.95,False,10,1000000.0,True,131.63297345933844,1000.0
4,3500,0.95,False,10,1000000.0,True,8.132364104011906,1000.0
4,3500,0.95,False,10,1000000.0,True,12.218581198839544,1000.0
4,3500,0.95,False,10,1000000.0,True,1.677596906197671,1000.0
4,3500,0.95,False,10,1000000.0,True,23.875108650125892,1000.0
4,3500,0.95,False,10,1000000.0,True,20.403563143378705,1000.0
4,3500,0.95,False,10,1000000.0,True,16.525247370392457,1000.0
4,3500,0.95,False,10,1000000.0,True,1.246594749949736,1000.0
4,3500,0.95,False,10,1000000.0,True,15.73853527846483,1000.0
4,3500,0.95,False,10,1000000.0,True,14.981223481764983,1000.0
4,3500,0.95,False,10,1000000.0,True,57.17576935904084,1000.0
4,3500,0.95,False,10,1000000.0,True,115.6146381011012,1000.0
4,3500,0.95,False,10,1000000.0,True,5.936799294716479,1000.0
4,3500,0.95,False,10,1000000.0,True,20.353155744932096,1000.0
4,3500,0.95,False,10,1000000.0,True,7.0379421769505655,1000.0
4,3500,0.95,False,10,1000000.0,True,5.774594230521529,1000.0
4,3500,0.95,False,10,1000000.0,True,3.90338111977141,1000.0
4,3500,0.95,False,10,1000000.0,True,23.228465235791106,1000.0
4,3500,0.95,False,10,1000000.0,True,2.7082703084225024,1000.0
4,3500,0.95,False,10,1000000.0,True,7.082535765867632,1000.0
4,3500,0.95,False,10,1000000.0,True,6.172600090946858,1000.0
4,3500,0.95,False,10,1000000.0,True,77.2086371691357,1000.0
4,3500,0.95,False,10,1000000.0,True,9.325196690942278,1000.0
4,3500,0.95,False,10,1000000.0,True,28.34743639670863,1000.0
4,3500,0.95,False,10,1000000.0,True,0.8335512145431636,1000.0
4,3500,0.95,False,10,1000000.0,True,1.847726206914388,1000.0
4,3500,0.95,False,10,1000000.0,True,2.178493001255504,1000.0
4,3500,0.95,False,10,1000000.0,True,7.0536858493762224,1000.0
4,3500,0.95,False,10,1000000.0,True,47.86039189748429,1000.0
4,3500,0.95,False,10,1000000.0,True,132.42260412916477,1000.0
4,3500,0.95,False,10,1000000.0,True,48.03648483702524,1000.0
4,3500,0.95,False,10,1000000.0,True,3.3973634011876115,1000.0
4,3500,0.95,False,10,1000000.0,True,4.995909424811828,1000.0
4,3500,0.95,False,10,1000000.0,True,18.660763838965693,1000.0
4,3500,0.95,False,10,1000000.0,True,61.53080498013965,1000.0
4,3500,0.95,False,10,1000000.0,True,7.286577216197202,1000.0
4,3500,0.95,False,10,1000000.0,True,11.370191601217924,1000.0
4,3500,0.95,False,10,1000000.0,True,41.45214775855021,1000.0
4,3500,0.95,False,10,1000000.0,True,0.2661406359164822,1000.0
4,3500,0.95,False,10,1000000.0,True,11.8058752349547,1000.0
4,3500,0.95,False,10,1000000.0,True,41.68789482861057,1000.0
4,3500,0.95,False,10,1000000.0,True,10.343810823951983,1000.0
4,3500,0.95,False,10,1000000.0,True,19.288107925256327,1000.0
4,3500,0.95,False,10,1000000.0,True,1.277531657763717,1000.0
4,3500,0.95,False,10,1000000.0,True,132.11139432120376,1000.0
4,3500,0.95,False,10,1000000.0,True,3.553326228497781,1000.0
4,3500,0.95,False,10,1000000.0,True,15.434291602377272,1000.0
4,3500,0.95,False,10,1000000.0,True,33.332087554898024,1000.0
