k,consistency_thresh,method_thresh,prune,max_time_offset,measurement_variance,success_rate,theta_error,std
4,1000,0.95,False,0,10.0,True,0.0180911997912858,3.1622776601683795
4,1000,0.95,False,0,10.0,True,0.5618703071715743,3.1622776601683795
4,1000,0.95,False,0,10.0,True,0.0006534551069989,3.1622776601683795
4,1000,0.95,False,0,10.0,True,0.0325287039994606,3.1622776601683795
4,1000,0.95,False,0,10.0,True,0.0109626983417001,3.1622776601683795
4,1000,0.95,False,0,10.0,True,0.0193385160476644,3.1622776601683795
4,1000,0.95,False,0,10.0,True,0.0884073223883206,3.1622776601683795
4,1000,0.95,False,0,10.0,True,0.0914844135111536,3.1622776601683795
4,1000,0.95,False,0,10.0,True,0.0316280710083987,3.1622776601683795
4,1000,0.95,False,0,10.0,True,0.0053480935292995,3.1622776601683795
4,1000,0.95,False,0,10.0,True,0.0143553063871877,3.1622776601683795
4,1000,0.95,False,0,10.0,True,0.0018646067089633,3.1622776601683795
4,1000,0.95,False,0,10.0,True,0.0929627945487334,3.1622776601683795
4,1000,0.95,False,0,10.0,True,0.002358246176513,3.1622776601683795
4,1000,0.95,False,0,10.0,True,0.0294244648074482,3.1622776601683795
4,1000,0.95,False,0,10.0,True,0.0132493902430733,3.1622776601683795
4,1000,0.95,False,0,10.0,True,0.1071755067237418,3.1622776601683795
4,1000,0.95,False,0,10.0,True,0.0013250351061886,3.1622776601683795
4,1000,0.95,False,0,10.0,True,0.1068225942075926,3.1622776601683795
4,1000,0.95,False,0,10.0,True,4.3622546378685456e-05,3.1622776601683795
4,1000,0.95,False,0,10.0,True,0.4845900621491239,3.1622776601683795
4,1000,0.95,False,0,10.0,True,0.0171082192519236,3.1622776601683795
4,1000,0.95,False,0,10.0,True,0.0184984297062271,3.1622776601683795
4,1000,0.95,False,0,10.0,True,0.0052482363390424,3.1622776601683795
4,1000,0.95,False,0,10.0,True,0.1338102751146266,3.1622776601683795
4,1000,0.95,False,0,10.0,True,0.0256348810570159,3.1622776601683795
4,1000,0.95,False,0,10.0,True,0.0670787981079712,3.1622776601683795
4,1000,0.95,False,0,10.0,True,0.0167878034228294,3.1622776601683795
4,1000,0.95,False,0,10.0,True,0.0294448283003276,3.1622776601683795
4,1000,0.95,False,0,10.0,True,0.0704567848602977,3.1622776601683795
4,1000,0.95,False,0,10.0,True,0.031244366641232,3.1622776601683795
4,1000,0.95,False,0,10.0,True,0.0293801232940325,3.1622776601683795
4,1000,0.95,False,0,10.0,True,0.0117736642254726,3.1622776601683795
4,1000,0.95,False,0,10.0,True,0.164206970257041,3.1622776601683795
4,1000,0.95,False,0,10.0,True,0.0408901419176004,3.1622776601683795
4,1000,0.95,False,0,10.0,True,0.1083607523831133,3.1622776601683795
4,1000,0.95,False,0,10.0,True,0.0155244185739054,3.1622776601683795
4,1000,0.95,False,0,10.0,True,0.0249996400341956,3.1622776601683795
4,1000,0.95,False,0,10.0,True,0.0042779605506666,3.1622776601683795
4,1000,0.95,False,0,10.0,True,0.0339619012547913,3.1622776601683795
4,1000,0.95,False,0,10.0,True,0.0057197567175961,3.1622776601683795
4,1000,0.95,False,0,10.0,True,0.0011586159024474,3.1622776601683795
4,1000,0.95,False,0,10.0,True,0.0395640076575318,3.1622776601683795
4,1000,0.95,False,0,10.0,True,0.0202621131300446,3.1622776601683795
4,1000,0.95,False,0,10.0,True,0.0252995088085867,3.1622776601683795
4,1000,0.95,False,0,10.0,True,0.0067080198511888,3.1622776601683795
4,1000,0.95,False,0,10.0,True,0.0761662601772457,3.1622776601683795
4,1000,0.95,False,0,10.0,True,0.0834312348891046,3.1622776601683795
4,1000,0.95,False,0,10.0,True,0.0267093497832604,3.1622776601683795
4,1000,0.95,False,0,10.0,True,0.0710476988109007,3.1622776601683795
4,1000,0.95,False,0,10.0,True,0.0031796030399533,3.1622776601683795
4,1000,0.95,False,0,10.0,True,0.0250209764042388,3.1622776601683795
4,1000,0.95,False,0,10.0,True,0.0120056002507027,3.1622776601683795
4,1000,0.95,False,0,10.0,True,0.0003590811699893,3.1622776601683795
4,1000,0.95,False,0,10.0,True,0.0007788935160135,3.1622776601683795
4,1000,0.95,False,0,10.0,True,0.0836929945387936,3.1622776601683795
4,1000,0.95,False,0,10.0,True,0.059604603341711,3.1622776601683795
4,1000,0.95,False,0,10.0,True,0.0051907859264019,3.1622776601683795
4,1000,0.95,False,0,10.0,True,0.0163315781403383,3.1622776601683795
4,1000,0.95,False,0,10.0,True,0.0179652385159272,3.1622776601683795
4,1000,0.95,False,0,10.0,True,0.025180392761726,3.1622776601683795
4,1000,0.95,False,0,10.0,True,0.0012058285873735,3.1622776601683795
4,1000,0.95,False,0,10.0,True,0.029439731782304,3.1622776601683795
4,1000,0.95,False,0,10.0,True,0.0160888619233787,3.1622776601683795
4,1000,0.95,False,0,10.0,True,0.0932843778752499,3.1622776601683795
4,1000,0.95,False,0,10.0,True,0.0315159723030973,3.1622776601683795
4,1000,0.95,False,0,10.0,True,0.0320608435808367,3.1622776601683795
4,1000,0.95,False,0,10.0,True,0.0758009726020674,3.1622776601683795
4,1000,0.95,False,0,10.0,True,0.3470142313954056,3.1622776601683795
4,1000,0.95,False,0,10.0,True,0.0533948530989221,3.1622776601683795
4,1000,0.95,False,0,10.0,True,0.0323787104705388,3.1622776601683795
4,1000,0.95,False,0,10.0,True,0.0389436391819835,3.1622776601683795
4,1000,0.95,False,0,10.0,True,0.020161220518716,3.1622776601683795
4,1000,0.95,False,0,10.0,True,0.0399468621669854,3.1622776601683795
4,1000,0.95,False,0,10.0,True,0.0071399899722877,3.1622776601683795
4,1000,0.95,False,0,10.0,True,0.0146612012507176,3.1622776601683795
4,1000,0.95,False,0,10.0,True,0.0045608008144029,3.1622776601683795
4,1000,0.95,False,0,10.0,True,0.0139523514536961,3.1622776601683795
4,1000,0.95,False,0,10.0,True,0.0377197660900208,3.1622776601683795
4,1000,0.95,False,0,10.0,True,0.0409462546051884,3.1622776601683795
4,1000,0.95,False,0,10.0,True,0.0078037800482348,3.1622776601683795
4,1000,0.95,False,0,10.0,True,0.0381525165803324,3.1622776601683795
4,1000,0.95,False,0,10.0,True,0.0415782479006252,3.1622776601683795
4,1000,0.95,False,0,10.0,True,0.0184210588391664,3.1622776601683795
4,1000,0.95,False,0,10.0,True,0.0784490663505579,3.1622776601683795
4,1000,0.95,False,0,10.0,True,0.0273325688429828,3.1622776601683795
4,1000,0.95,False,0,10.0,True,0.0126878241254786,3.1622776601683795
4,1000,0.95,False,0,10.0,True,0.013060821343835,3.1622776601683795
4,1000,0.95,False,0,10.0,True,0.0333586832354058,3.1622776601683795
4,1000,0.95,False,0,10.0,True,0.0369369734718674,3.1622776601683795
4,1000,0.95,False,0,10.0,True,0.0083235077286047,3.1622776601683795
4,1000,0.95,False,0,10.0,True,0.0995600323181093,3.1622776601683795
4,1000,0.95,False,0,10.0,True,0.0017651965176028,3.1622776601683795
4,1000,0.95,False,0,10.0,True,0.060727814549266,3.1622776601683795
4,1000,0.95,False,0,10.0,True,0.0104788529402526,3.1622776601683795
4,1000,0.95,False,0,10.0,True,0.0129549961303894,3.1622776601683795
4,1000,0.95,False,0,10.0,True,0.2881700292482065,3.1622776601683795
4,1000,0.95,False,0,10.0,True,0.096448142100761,3.1622776601683795
4,1000,0.95,False,0,10.0,True,0.0925142454656224,3.1622776601683795
4,1000,0.95,False,0,10.0,True,0.0575383494732264,3.1622776601683795
4,1000,0.95,False,0,10.0,True,0.0101009831754765,3.1622776601683795
4,1000,0.95,False,0,10.0,True,0.1128935504490442,3.1622776601683795
4,1000,0.95,False,0,10.0,True,0.1707239573786694,3.1622776601683795
4,1000,0.95,False,0,10.0,True,0.0620575170187223,3.1622776601683795
4,1000,0.95,False,0,10.0,True,0.1111860683167762,3.1622776601683795
4,1000,0.95,False,0,10.0,True,0.0046004394827878,3.1622776601683795
4,1000,0.95,False,0,10.0,True,0.0177520522484506,3.1622776601683795
4,1000,0.95,False,0,10.0,True,0.0180090133529979,3.1622776601683795
4,1000,0.95,False,0,10.0,True,0.0143465804455047,3.1622776601683795
4,1000,0.95,False,0,10.0,True,0.0208503805728526,3.1622776601683795
4,1000,0.95,False,0,10.0,True,0.0155921385496498,3.1622776601683795
4,1000,0.95,False,0,10.0,True,0.0150533329527604,3.1622776601683795
4,1000,0.95,False,0,10.0,True,0.0088956174229082,3.1622776601683795
4,1000,0.95,False,0,10.0,True,0.0050280713303436,3.1622776601683795
4,1000,0.95,False,0,10.0,True,0.0092759247171088,3.1622776601683795
4,1000,0.95,False,0,10.0,True,0.0024148500710907,3.1622776601683795
4,1000,0.95,False,0,10.0,True,0.0539511423846903,3.1622776601683795
4,1000,0.95,False,0,10.0,True,0.0630828261222404,3.1622776601683795
4,1000,0.95,False,0,10.0,True,0.0486057296390356,3.1622776601683795
4,1000,0.95,False,0,10.0,True,0.0115768609390656,3.1622776601683795
4,1000,0.95,False,0,10.0,True,0.032109501409689,3.1622776601683795
4,1000,0.95,False,0,10.0,True,0.0116178616755746,3.1622776601683795
4,1000,0.95,False,0,10.0,True,0.0164659063997216,3.1622776601683795
4,1000,0.95,False,0,10.0,True,0.0388443655493517,3.1622776601683795
4,1000,0.95,False,0,10.0,True,0.3449094409685216,3.1622776601683795
4,1000,0.95,False,0,10.0,True,0.0014459324227971,3.1622776601683795
4,1000,0.95,False,0,10.0,True,0.012323430623482,3.1622776601683795
4,1000,0.95,False,0,10.0,True,0.0225287987351237,3.1622776601683795
4,1000,0.95,False,0,10.0,True,0.0190657069220709,3.1622776601683795
4,1000,0.95,False,0,10.0,True,0.0336496684484188,3.1622776601683795
4,1000,0.95,False,0,10.0,True,0.0149129813919399,3.1622776601683795
4,1000,0.95,False,0,10.0,True,0.0006528865327197,3.1622776601683795
4,1000,0.95,False,0,10.0,True,0.0571985039842246,3.1622776601683795
4,1000,0.95,False,0,10.0,True,0.0599572867146562,3.1622776601683795
4,1000,0.95,False,0,10.0,True,0.0169601793704003,3.1622776601683795
4,1000,0.95,False,0,10.0,True,0.0044876154891566,3.1622776601683795
4,1000,0.95,False,0,10.0,True,0.0432720390911072,3.1622776601683795
4,1000,0.95,False,0,10.0,True,0.0377396474403539,3.1622776601683795
4,1000,0.95,False,0,10.0,True,0.0479347078863554,3.1622776601683795
4,1000,0.95,False,0,10.0,True,0.0127695344398546,3.1622776601683795
4,1000,0.95,False,0,10.0,True,0.0365906614648281,3.1622776601683795
4,1000,0.95,False,0,10.0,True,0.0008939978571333,3.1622776601683795
4,1000,0.95,False,0,10.0,True,0.0057407377325802,3.1622776601683795
4,1000,0.95,False,0,10.0,True,0.001881910402453,3.1622776601683795
4,1000,0.95,False,0,10.0,True,0.2262930406710381,3.1622776601683795
4,1000,0.95,False,0,10.0,True,0.0097828899293617,3.1622776601683795
4,1000,0.95,False,0,10.0,True,0.0352866143343248,3.1622776601683795
4,1000,0.95,False,0,10.0,True,0.1054078348716274,3.1622776601683795
4,1000,0.95,False,0,10.0,True,0.0034986678607253,3.1622776601683795
4,1000,0.95,False,0,10.0,True,0.0051907771113732,3.1622776601683795
4,1000,0.95,False,0,100.0,True,0.0250820632315864,10.0
4,1000,0.95,False,0,100.0,True,0.1217699356353279,10.0
4,1000,0.95,False,0,100.0,True,0.0339953007561462,10.0
4,1000,0.95,False,0,100.0,True,0.0130344804813375,10.0
4,1000,0.95,False,0,100.0,True,0.0834873408987491,10.0
4,1000,0.95,False,0,100.0,True,0.0659451884768813,10.0
4,1000,0.95,False,0,100.0,True,0.0298513378745894,10.0
4,1000,0.95,False,0,100.0,True,0.0811062310181114,10.0
4,1000,0.95,False,0,100.0,True,0.19290516629178,10.0
4,1000,0.95,False,0,100.0,True,0.0603509067504717,10.0
4,1000,0.95,False,0,100.0,True,0.0842177178610086,10.0
4,1000,0.95,False,0,100.0,True,0.0520898972365273,10.0
4,1000,0.95,False,0,100.0,True,0.1205207833918962,10.0
4,1000,0.95,False,0,100.0,True,0.0384963251661076,10.0
4,1000,0.95,False,0,100.0,True,0.4826183858568527,10.0
4,1000,0.95,False,0,100.0,True,0.2238285564811235,10.0
4,1000,0.95,False,0,100.0,True,0.2268158438039194,10.0
4,1000,0.95,False,0,100.0,True,0.0106225863136586,10.0
4,1000,0.95,False,0,100.0,True,0.0926569138923838,10.0
4,1000,0.95,False,0,100.0,True,0.0449883102520436,10.0
4,1000,0.95,False,0,100.0,True,0.0389488730585299,10.0
4,1000,0.95,False,0,100.0,True,0.056858954913423,10.0
4,1000,0.95,False,0,100.0,True,0.0093568308601277,10.0
4,1000,0.95,False,0,100.0,True,0.012503269880284,10.0
4,1000,0.95,False,0,100.0,True,0.0036169372856704,10.0
4,1000,0.95,False,0,100.0,True,0.0225034419823302,10.0
4,1000,0.95,False,0,100.0,True,0.0043367589652234,10.0
4,1000,0.95,False,0,100.0,True,0.1187574562797948,10.0
4,1000,0.95,False,0,100.0,True,0.0634222372020616,10.0
4,1000,0.95,False,0,100.0,True,0.0551606709973384,10.0
4,1000,0.95,False,0,100.0,True,0.0413508082465909,10.0
4,1000,0.95,False,0,100.0,True,0.0127563221359139,10.0
4,1000,0.95,False,0,100.0,True,0.2099542856772558,10.0
4,1000,0.95,False,0,100.0,True,0.0643231029613922,10.0
4,1000,0.95,False,0,100.0,True,0.0597351743111147,10.0
4,1000,0.95,False,0,100.0,True,0.0448226022648157,10.0
4,1000,0.95,False,0,100.0,True,0.0964764486444949,10.0
4,1000,0.95,False,0,100.0,True,0.0469863420514116,10.0
4,1000,0.95,False,0,100.0,True,0.0184620351649513,10.0
4,1000,0.95,False,0,100.0,True,0.0551651863609379,10.0
4,1000,0.95,False,0,100.0,True,0.2142836492050293,10.0
4,1000,0.95,False,0,100.0,True,0.044624839978951,10.0
4,1000,0.95,False,0,100.0,True,0.0633963335583871,10.0
4,1000,0.95,False,0,100.0,True,0.0123478423970198,10.0
4,1000,0.95,False,0,100.0,True,0.0569554489210162,10.0
4,1000,0.95,False,0,100.0,True,0.043228841955468,10.0
4,1000,0.95,False,0,100.0,True,0.0250143766126456,10.0
4,1000,0.95,False,0,100.0,True,0.0865219024616976,10.0
4,1000,0.95,False,0,100.0,True,0.0930176660740187,10.0
4,1000,0.95,False,0,100.0,True,0.0380721999259634,10.0
4,1000,0.95,False,0,100.0,True,0.0712638782936991,10.0
4,1000,0.95,False,0,100.0,True,0.0071751818555867,10.0
4,1000,0.95,False,0,100.0,True,0.0675300507369511,10.0
4,1000,0.95,False,0,100.0,True,0.0383081635041602,10.0
4,1000,0.95,False,0,100.0,True,0.0033371978458056,10.0
4,1000,0.95,False,0,100.0,True,0.259055800316645,10.0
4,1000,0.95,False,0,100.0,True,0.0090031102825491,10.0
4,1000,0.95,False,0,100.0,True,0.0553470106201103,10.0
4,1000,0.95,False,0,100.0,True,0.1082157629498166,10.0
4,1000,0.95,False,0,100.0,True,0.1019985353341113,10.0
4,1000,0.95,False,0,100.0,True,0.0084648482791465,10.0
4,1000,0.95,False,0,100.0,True,0.0037435286146347,10.0
4,1000,0.95,False,0,100.0,True,0.0851641153110778,10.0
4,1000,0.95,False,0,100.0,True,0.0746292252075591,10.0
4,1000,0.95,False,0,100.0,True,0.0167220308709659,10.0
4,1000,0.95,False,0,100.0,True,0.0064810152412064,10.0
4,1000,0.95,False,0,100.0,True,0.0053150383809992,10.0
4,1000,0.95,False,0,100.0,True,0.0124977947218241,10.0
4,1000,0.95,False,0,100.0,True,0.0570951059072903,10.0
4,1000,0.95,False,0,100.0,True,0.2078199569930205,10.0
4,1000,0.95,False,0,100.0,True,0.1300864819119276,10.0
4,1000,0.95,False,0,100.0,True,0.0485327320155875,10.0
4,1000,0.95,False,0,100.0,True,0.0300709222524346,10.0
4,1000,0.95,False,0,100.0,True,0.0269713032303116,10.0
4,1000,0.95,False,0,100.0,True,0.1016814365421652,10.0
4,1000,0.95,False,0,100.0,True,0.0961375696309048,10.0
4,1000,0.95,False,0,100.0,True,0.021305817310619,10.0
4,1000,0.95,False,0,100.0,True,0.0030102047872162,10.0
4,1000,0.95,False,0,100.0,True,0.0225908341521261,10.0
4,1000,0.95,False,0,100.0,True,0.1072441940110877,10.0
4,1000,0.95,False,0,100.0,True,0.0968087376086401,10.0
4,1000,0.95,False,0,100.0,True,0.1512382579886804,10.0
4,1000,0.95,False,0,100.0,True,0.0297656135844022,10.0
4,1000,0.95,False,0,100.0,True,0.000135549999868,10.0
4,1000,0.95,False,0,100.0,True,0.0023580529404654,10.0
4,1000,0.95,False,0,100.0,True,0.005361877334991,10.0
4,1000,0.95,False,0,100.0,True,0.0848916654410913,10.0
4,1000,0.95,False,0,100.0,True,0.0831971734486529,10.0
4,1000,0.95,False,0,100.0,True,0.0316642613896931,10.0
4,1000,0.95,False,0,100.0,True,0.0191560102504766,10.0
4,1000,0.95,False,0,100.0,True,0.1232915526993849,10.0
4,1000,0.95,False,0,100.0,True,0.0925639386155978,10.0
4,1000,0.95,False,0,100.0,True,0.0452687562222564,10.0
4,1000,0.95,False,0,100.0,True,0.1091104405271323,10.0
4,1000,0.95,False,0,100.0,True,0.0869711761511382,10.0
4,1000,0.95,False,0,100.0,True,0.0164120594897383,10.0
4,1000,0.95,False,0,100.0,True,0.0100145082763276,10.0
4,1000,0.95,False,0,100.0,True,0.0911022646643004,10.0
4,1000,0.95,False,0,100.0,True,0.7040810800868655,10.0
4,1000,0.95,False,0,100.0,True,0.080631968380743,10.0
4,1000,0.95,False,0,100.0,True,0.076386484351687,10.0
4,1000,0.95,False,0,100.0,True,0.0584864074205881,10.0
4,1000,0.95,False,0,100.0,True,0.1364042674295404,10.0
4,1000,0.95,False,0,100.0,True,0.0418778595975766,10.0
4,1000,0.95,False,0,100.0,True,0.026158602024779,10.0
4,1000,0.95,False,0,100.0,True,0.0255143421013741,10.0
4,1000,0.95,False,0,100.0,True,0.069846838721574,10.0
4,1000,0.95,False,0,100.0,True,0.0271029662297621,10.0
4,1000,0.95,False,0,100.0,True,0.0459502247073544,10.0
4,1000,0.95,False,0,100.0,True,0.1938867145694729,10.0
4,1000,0.95,False,0,100.0,True,0.029133511878868,10.0
4,1000,0.95,False,0,100.0,True,0.0109394193286433,10.0
4,1000,0.95,False,0,100.0,True,0.0051341614847615,10.0
4,1000,0.95,False,0,100.0,True,0.0276055967222674,10.0
4,1000,0.95,False,0,100.0,True,0.0427996155698764,10.0
4,1000,0.95,False,0,100.0,True,0.0293744674409772,10.0
4,1000,0.95,False,0,100.0,True,0.0100424205836109,10.0
4,1000,0.95,False,0,100.0,True,0.0937732060976284,10.0
4,1000,0.95,False,0,100.0,True,0.1889857951433953,10.0
4,1000,0.95,False,0,100.0,True,0.0529174441756978,10.0
4,1000,0.95,False,0,100.0,True,0.0271958215157326,10.0
4,1000,0.95,False,0,100.0,True,0.0120918154372033,10.0
4,1000,0.95,False,0,100.0,True,0.2106656793444656,10.0
4,1000,0.95,False,0,100.0,True,0.1353800315515343,10.0
4,1000,0.95,False,0,100.0,True,0.0392754548031906,10.0
4,1000,0.95,False,0,100.0,True,0.3125725974455235,10.0
4,1000,0.95,False,0,100.0,True,0.0297612918079721,10.0
4,1000,0.95,False,0,100.0,True,0.0267921786417275,10.0
4,1000,0.95,False,0,100.0,True,0.0063505964699643,10.0
4,1000,0.95,False,0,100.0,True,0.0372833207582381,10.0
4,1000,0.95,False,0,100.0,True,0.0910724569768177,10.0
4,1000,0.95,False,0,100.0,True,0.1420297609597867,10.0
4,1000,0.95,False,0,100.0,True,0.0036489257772416,10.0
4,1000,0.95,False,0,100.0,True,0.0407696352502995,10.0
4,1000,0.95,False,0,100.0,True,0.0148456593777837,10.0
4,1000,0.95,False,0,100.0,True,0.0771804331555756,10.0
4,1000,0.95,False,0,100.0,True,0.069654284804983,10.0
4,1000,0.95,False,0,100.0,True,0.1228504324302264,10.0
4,1000,0.95,False,0,100.0,True,0.0428538770780164,10.0
4,1000,0.95,False,0,100.0,True,0.0978825449073212,10.0
4,1000,0.95,False,0,100.0,True,0.1514294937697613,10.0
4,1000,0.95,False,0,100.0,True,0.0172534687020657,10.0
4,1000,0.95,False,0,100.0,True,0.0272979012373895,10.0
4,1000,0.95,False,0,100.0,True,0.3644687079096513,10.0
4,1000,0.95,False,0,100.0,True,0.0140739811680816,10.0
4,1000,0.95,False,0,100.0,True,0.0533789171046894,10.0
4,1000,0.95,False,0,100.0,True,0.0162752073443286,10.0
4,1000,0.95,False,0,100.0,True,0.1211683352798047,10.0
4,1000,0.95,False,0,100.0,True,0.0866769049014841,10.0
4,1000,0.95,False,0,100.0,True,0.1435701573735599,10.0
4,1000,0.95,False,0,1000.0,True,0.2243197586160477,31.622776601683793
4,1000,0.95,False,0,1000.0,True,0.1581652792086458,31.622776601683793
4,1000,0.95,False,0,1000.0,True,0.3135748028326475,31.622776601683793
4,1000,0.95,False,0,1000.0,True,0.1807372819651647,31.622776601683793
4,1000,0.95,False,0,1000.0,True,0.0028822267739769,31.622776601683793
4,1000,0.95,False,0,1000.0,True,0.1890456406462464,31.622776601683793
4,1000,0.95,False,0,1000.0,True,0.4727961591676202,31.622776601683793
4,1000,0.95,False,0,1000.0,True,0.0585344906489453,31.622776601683793
4,1000,0.95,False,0,1000.0,True,0.0882262081087432,31.622776601683793
4,1000,0.95,False,0,1000.0,True,0.0797925184037708,31.622776601683793
4,1000,0.95,False,0,1000.0,True,0.1505073933577705,31.622776601683793
4,1000,0.95,False,0,1000.0,True,0.1959815972636249,31.622776601683793
4,1000,0.95,False,0,1000.0,True,0.3112507765304144,31.622776601683793
4,1000,0.95,False,0,1000.0,True,0.0309926661450621,31.622776601683793
4,1000,0.95,False,0,1000.0,True,0.1174586979617089,31.622776601683793
4,1000,0.95,False,0,1000.0,True,0.2171022419832695,31.622776601683793
4,1000,0.95,False,0,1000.0,True,0.1740119342274823,31.622776601683793
4,1000,0.95,False,0,1000.0,True,0.0939008747486482,31.622776601683793
4,1000,0.95,False,0,1000.0,True,0.0741970801707267,31.622776601683793
4,1000,0.95,False,0,1000.0,True,0.2715667633479413,31.622776601683793
4,1000,0.95,False,0,1000.0,True,0.0278098839419556,31.622776601683793
4,1000,0.95,False,0,1000.0,True,0.0199129251606287,31.622776601683793
4,1000,0.95,False,0,1000.0,True,0.1256169808839544,31.622776601683793
4,1000,0.95,False,0,1000.0,True,0.1603365765124778,31.622776601683793
4,1000,0.95,False,0,1000.0,True,0.1981446379640843,31.622776601683793
4,1000,0.95,False,0,1000.0,True,0.061773827410029,31.622776601683793
4,1000,0.95,False,0,1000.0,True,0.0530106741424987,31.622776601683793
4,1000,0.95,False,0,1000.0,True,0.0309206428596837,31.622776601683793
4,1000,0.95,False,0,1000.0,True,0.0453787442442177,31.622776601683793
4,1000,0.95,False,0,1000.0,True,0.1067419078296723,31.622776601683793
4,1000,0.95,False,0,1000.0,True,0.2853783870584294,31.622776601683793
4,1000,0.95,False,0,1000.0,True,0.4507798427140166,31.622776601683793
4,1000,0.95,False,0,1000.0,True,0.1216848188662993,31.622776601683793
4,1000,0.95,False,0,1000.0,True,0.2172910279939852,31.622776601683793
4,1000,0.95,False,0,1000.0,True,0.1493844112348661,31.622776601683793
4,1000,0.95,False,0,1000.0,True,0.198440271909007,31.622776601683793
4,1000,0.95,False,0,1000.0,True,0.0036460385331196,31.622776601683793
4,1000,0.95,False,0,1000.0,True,4.5522043166101867e-05,31.622776601683793
4,1000,0.95,False,0,1000.0,True,0.0157354605245814,31.622776601683793
4,1000,0.95,False,0,1000.0,True,0.1105945351101524,31.622776601683793
4,1000,0.95,False,0,1000.0,True,0.2739355553726739,31.622776601683793
4,1000,0.95,False,0,1000.0,True,0.3923173769845149,31.622776601683793
4,1000,0.95,False,0,1000.0,True,0.048238696426651,31.622776601683793
4,1000,0.95,False,0,1000.0,True,0.0846935574515939,31.622776601683793
4,1000,0.95,False,0,1000.0,True,0.0454969041933495,31.622776601683793
4,1000,0.95,False,0,1000.0,True,0.0098435538816374,31.622776601683793
4,1000,0.95,False,0,1000.0,True,0.1439077286617305,31.622776601683793
4,1000,0.95,False,0,1000.0,True,0.0402634604236027,31.622776601683793
4,1000,0.95,False,0,1000.0,True,0.2690119376231195,31.622776601683793
4,1000,0.95,False,0,1000.0,True,0.5229657656714792,31.622776601683793
4,1000,0.95,False,0,1000.0,True,0.0061870130071639,31.622776601683793
4,1000,0.95,False,0,1000.0,True,0.0260180254799176,31.622776601683793
4,1000,0.95,False,0,1000.0,True,0.0030540846419171,31.622776601683793
4,1000,0.95,False,0,1000.0,True,0.0777023300487087,31.622776601683793
4,1000,0.95,False,0,1000.0,True,0.1512745978099019,31.622776601683793
4,1000,0.95,False,0,1000.0,True,0.076191822326896,31.622776601683793
4,1000,0.95,False,0,1000.0,True,0.1199172305795457,31.622776601683793
4,1000,0.95,False,0,1000.0,True,0.2091524723292863,31.622776601683793
4,1000,0.95,False,0,1000.0,True,0.0459797818973584,31.622776601683793
4,1000,0.95,False,0,1000.0,True,0.2162958357415618,31.622776601683793
4,1000,0.95,False,0,1000.0,True,0.18889111315967,31.622776601683793
4,1000,0.95,False,0,1000.0,True,0.0261780818703414,31.622776601683793
4,1000,0.95,False,0,1000.0,True,0.2530143406878054,31.622776601683793
4,1000,0.95,False,0,1000.0,True,0.1364088795780134,31.622776601683793
4,1000,0.95,False,0,1000.0,True,0.3373998475646331,31.622776601683793
4,1000,0.95,False,0,1000.0,True,0.0241567202175758,31.622776601683793
4,1000,0.95,False,0,1000.0,True,0.250567520861555,31.622776601683793
4,1000,0.95,False,0,1000.0,True,0.1668325029636577,31.622776601683793
4,1000,0.95,False,0,1000.0,True,0.0177574056671048,31.622776601683793
4,1000,0.95,False,0,1000.0,True,0.1400111459360431,31.622776601683793
4,1000,0.95,False,0,1000.0,True,0.065537910145764,31.622776601683793
4,1000,0.95,False,0,1000.0,True,0.2822240545381298,31.622776601683793
4,1000,0.95,False,0,1000.0,True,0.1364143406825775,31.622776601683793
4,1000,0.95,False,0,1000.0,True,0.0719296303826126,31.622776601683793
4,1000,0.95,False,0,1000.0,True,0.0573333683265673,31.622776601683793
4,1000,0.95,False,0,1000.0,True,0.0319167184446413,31.622776601683793
4,1000,0.95,False,0,1000.0,True,0.109342424686412,31.622776601683793
4,1000,0.95,False,0,1000.0,True,0.2756381417467963,31.622776601683793
4,1000,0.95,False,0,1000.0,True,0.0023436033268922,31.622776601683793
4,1000,0.95,False,0,1000.0,True,0.3517176520711302,31.622776601683793
4,1000,0.95,False,0,1000.0,True,0.1014631780766279,31.622776601683793
4,1000,0.95,False,0,1000.0,True,0.0054301008831139,31.622776601683793
4,1000,0.95,False,0,1000.0,True,0.0439135440066991,31.622776601683793
4,1000,0.95,False,0,1000.0,True,0.1928824950508669,31.622776601683793
4,1000,0.95,False,0,1000.0,True,0.1769228098999633,31.622776601683793
4,1000,0.95,False,0,1000.0,True,0.0160632062274945,31.622776601683793
4,1000,0.95,False,0,1000.0,True,0.0009325223895189,31.622776601683793
4,1000,0.95,False,0,1000.0,True,0.1253030228960012,31.622776601683793
4,1000,0.95,False,0,1000.0,True,0.0519044342933199,31.622776601683793
4,1000,0.95,False,0,1000.0,True,0.0281493857109751,31.622776601683793
4,1000,0.95,False,0,1000.0,True,0.0406906684674908,31.622776601683793
4,1000,0.95,False,0,1000.0,True,0.3283729152635057,31.622776601683793
4,1000,0.95,False,0,1000.0,True,0.2873572171855834,31.622776601683793
4,1000,0.95,False,0,1000.0,True,0.0157695401362474,31.622776601683793
4,1000,0.95,False,0,1000.0,True,0.0551821377955974,31.622776601683793
4,1000,0.95,False,0,1000.0,True,0.0519111994585053,31.622776601683793
4,1000,0.95,False,0,1000.0,True,0.3229787643781776,31.622776601683793
4,1000,0.95,False,0,1000.0,True,0.112160405361422,31.622776601683793
4,1000,0.95,False,0,1000.0,True,0.0955967273731772,31.622776601683793
4,1000,0.95,False,0,1000.0,True,0.362645488781709,31.622776601683793
4,1000,0.95,False,0,1000.0,True,0.2637954551521986,31.622776601683793
4,1000,0.95,False,0,1000.0,True,0.172560664151689,31.622776601683793
4,1000,0.95,False,0,1000.0,True,0.0410964805693225,31.622776601683793
4,1000,0.95,False,0,1000.0,True,0.0949393821956547,31.622776601683793
4,1000,0.95,False,0,1000.0,True,0.0749869708576511,31.622776601683793
4,1000,0.95,False,0,1000.0,True,0.0114085860696206,31.622776601683793
4,1000,0.95,False,0,1000.0,True,0.2567890450673928,31.622776601683793
4,1000,0.95,False,0,1000.0,True,0.050891051814645,31.622776601683793
4,1000,0.95,False,0,1000.0,True,0.1839212987004828,31.622776601683793
4,1000,0.95,False,0,1000.0,True,0.0578098575110317,31.622776601683793
4,1000,0.95,False,0,1000.0,True,0.1997700399983699,31.622776601683793
4,1000,0.95,False,0,1000.0,True,0.1522392309593812,31.622776601683793
4,1000,0.95,False,0,1000.0,True,0.0615574217740153,31.622776601683793
4,1000,0.95,False,0,1000.0,True,0.213811013761159,31.622776601683793
4,1000,0.95,False,0,1000.0,True,0.070062612148817,31.622776601683793
4,1000,0.95,False,0,1000.0,True,0.2494483301933741,31.622776601683793
4,1000,0.95,False,0,1000.0,True,0.2975428132607032,31.622776601683793
4,1000,0.95,False,0,1000.0,True,0.2481841037084677,31.622776601683793
4,1000,0.95,False,0,1000.0,True,0.0185731004640388,31.622776601683793
4,1000,0.95,False,0,1000.0,True,0.0189915784987135,31.622776601683793
4,1000,0.95,False,0,1000.0,True,0.0616942617929794,31.622776601683793
4,1000,0.95,False,0,1000.0,True,0.3304127680398894,31.622776601683793
4,1000,0.95,False,0,1000.0,True,0.0534761898571929,31.622776601683793
4,1000,0.95,False,0,1000.0,True,0.1643314211458175,31.622776601683793
4,1000,0.95,False,0,1000.0,True,0.0459440650821676,31.622776601683793
4,1000,0.95,False,0,1000.0,True,0.1551778595814141,31.622776601683793
4,1000,0.95,False,0,1000.0,True,0.1320151170307042,31.622776601683793
4,1000,0.95,False,0,1000.0,True,0.3601121833102354,31.622776601683793
4,1000,0.95,False,0,1000.0,True,0.2285974293858999,31.622776601683793
4,1000,0.95,False,0,1000.0,True,0.2148166512589924,31.622776601683793
4,1000,0.95,False,0,1000.0,True,0.1136884699868261,31.622776601683793
4,1000,0.95,False,0,1000.0,True,0.2523004099146675,31.622776601683793
4,1000,0.95,False,0,1000.0,True,0.0199573096843082,31.622776601683793
4,1000,0.95,False,0,1000.0,True,0.0594129601422324,31.622776601683793
4,1000,0.95,False,0,1000.0,True,0.1776066660253406,31.622776601683793
4,1000,0.95,False,0,1000.0,True,0.1588062959426537,31.622776601683793
4,1000,0.95,False,0,1000.0,True,0.2641915806571759,31.622776601683793
4,1000,0.95,False,0,1000.0,True,0.2125409364698178,31.622776601683793
4,1000,0.95,False,0,1000.0,True,0.2291310486860709,31.622776601683793
4,1000,0.95,False,0,1000.0,True,0.0600184840903068,31.622776601683793
4,1000,0.95,False,0,1000.0,True,0.0109912137324243,31.622776601683793
4,1000,0.95,False,0,1000.0,True,0.2760762321363259,31.622776601683793
4,1000,0.95,False,0,1000.0,True,0.0406096693903337,31.622776601683793
4,1000,0.95,False,0,1000.0,True,0.1556249186690479,31.622776601683793
4,1000,0.95,False,0,1000.0,True,0.1899645064405817,31.622776601683793
4,1000,0.95,False,0,1000.0,True,0.3051861056648013,31.622776601683793
4,1000,0.95,False,0,1000.0,True,0.4663798968110377,31.622776601683793
4,1000,0.95,False,0,1000.0,True,0.0968584999541661,31.622776601683793
4,1000,0.95,False,0,1000.0,True,0.0001525579538892,31.622776601683793
4,1000,0.95,False,0,1000.0,True,0.1708418700612242,31.622776601683793
4,1000,0.95,False,0,10000.0,True,0.4676977778248101,100.0
4,1000,0.95,False,0,10000.0,True,0.3672263566413933,100.0
4,1000,0.95,False,0,10000.0,True,0.4208371269520512,100.0
4,1000,0.95,False,0,10000.0,True,114.91154898078912,100.0
4,1000,0.95,False,0,10000.0,True,0.4659797941510035,100.0
4,1000,0.95,False,0,10000.0,True,0.0546974977670975,100.0
4,1000,0.95,False,0,10000.0,True,0.4965505837594577,100.0
4,1000,0.95,False,0,10000.0,True,0.3178638103311186,100.0
4,1000,0.95,False,0,10000.0,True,0.1628964484062862,100.0
4,1000,0.95,False,0,10000.0,True,0.129524013789279,100.0
4,1000,0.95,False,0,10000.0,True,2.3015551210730507,100.0
4,1000,0.95,False,0,10000.0,True,0.3790315012764722,100.0
4,1000,0.95,False,0,10000.0,True,0.7991675198013439,100.0
4,1000,0.95,False,0,10000.0,True,0.0379951857762534,100.0
4,1000,0.95,False,0,10000.0,True,0.9227728503446286,100.0
4,1000,0.95,False,0,10000.0,True,1.2706204666901897,100.0
4,1000,0.95,False,0,10000.0,True,1.037397677014212,100.0
4,1000,0.95,False,0,10000.0,True,0.0441263005070453,100.0
4,1000,0.95,False,0,10000.0,True,0.6059898943410271,100.0
4,1000,0.95,False,0,10000.0,True,0.0163543164566704,100.0
4,1000,0.95,False,0,10000.0,True,0.0423203341756277,100.0
4,1000,0.95,False,0,10000.0,True,0.7936989762932818,100.0
4,1000,0.95,False,0,10000.0,True,0.3520553397252968,100.0
4,1000,0.95,False,0,10000.0,True,0.4795195022038783,100.0
4,1000,0.95,False,0,10000.0,True,0.7707112307824957,100.0
4,1000,0.95,False,0,10000.0,True,1.3298338902011435,100.0
4,1000,0.95,False,0,10000.0,True,1.0465064907941226,100.0
4,1000,0.95,False,0,10000.0,True,0.148356407535914,100.0
4,1000,0.95,False,0,10000.0,True,0.1622838484298725,100.0
4,1000,0.95,False,0,10000.0,True,0.1441300687755529,100.0
4,1000,0.95,False,0,10000.0,True,0.2874486894620673,100.0
4,1000,0.95,False,0,10000.0,True,0.937428678116099,100.0
4,1000,0.95,False,0,10000.0,True,0.202680379394053,100.0
4,1000,0.95,False,0,10000.0,True,0.8165701052777763,100.0
4,1000,0.95,False,0,10000.0,True,0.0969875257169903,100.0
4,1000,0.95,False,0,10000.0,True,0.0226798956913398,100.0
4,1000,0.95,False,0,10000.0,True,0.0587014563404455,100.0
4,1000,0.95,False,0,10000.0,True,1.1709657326929346,100.0
4,1000,0.95,False,0,10000.0,True,0.392960147864045,100.0
4,1000,0.95,False,0,10000.0,True,0.0095956842983682,100.0
4,1000,0.95,False,0,10000.0,True,0.2617237916474266,100.0
4,1000,0.95,False,0,10000.0,True,0.0324046687375982,100.0
4,1000,0.95,False,0,10000.0,True,0.2472435826992125,100.0
4,1000,0.95,False,0,10000.0,True,0.016804445620437,100.0
4,1000,0.95,False,0,10000.0,True,0.4501276541800081,100.0
4,1000,0.95,False,0,10000.0,True,0.3231300299570421,100.0
4,1000,0.95,False,0,10000.0,True,0.0927580845479312,100.0
4,1000,0.95,False,0,10000.0,True,0.6283018905541482,100.0
4,1000,0.95,False,0,10000.0,True,0.3577559642847774,100.0
4,1000,0.95,False,0,10000.0,True,1.1972475824055238,100.0
4,1000,0.95,False,0,10000.0,True,1.0616826525976109,100.0
4,1000,0.95,False,0,10000.0,True,0.1492580408182107,100.0
4,1000,0.95,False,0,10000.0,True,0.2878033387634104,100.0
4,1000,0.95,False,0,10000.0,True,1.010157583508871,100.0
4,1000,0.95,False,0,10000.0,True,0.0027581290384262,100.0
4,1000,0.95,False,0,10000.0,True,0.3471566371641117,100.0
4,1000,0.95,False,0,10000.0,True,0.0191486268159408,100.0
4,1000,0.95,False,0,10000.0,True,0.0193257191427136,100.0
4,1000,0.95,False,0,10000.0,True,1.6354786715215963,100.0
4,1000,0.95,False,0,10000.0,True,0.9777844248586902,100.0
4,1000,0.95,False,0,10000.0,True,0.0678364247342386,100.0
4,1000,0.95,False,0,10000.0,True,0.3155383067197448,100.0
4,1000,0.95,False,0,10000.0,True,0.1966295921241965,100.0
4,1000,0.95,False,0,10000.0,True,0.2986355910912053,100.0
4,1000,0.95,False,0,10000.0,True,1.2712599683946948,100.0
4,1000,0.95,False,0,10000.0,True,0.0657554909025677,100.0
4,1000,0.95,False,0,10000.0,True,1.166849423680091,100.0
4,1000,0.95,False,0,10000.0,True,0.0384034558316273,100.0
4,1000,0.95,False,0,10000.0,True,0.0450363678698977,100.0
4,1000,0.95,False,0,10000.0,True,1.2242095722311177,100.0
4,1000,0.95,False,0,10000.0,True,0.6657097300351609,100.0
4,1000,0.95,False,0,10000.0,True,0.2304970411801434,100.0
4,1000,0.95,False,0,10000.0,True,0.4947517212050201,100.0
4,1000,0.95,False,0,10000.0,True,0.015672558941489,100.0
4,1000,0.95,False,0,10000.0,True,0.0160360401001753,100.0
4,1000,0.95,False,0,10000.0,True,0.5949062398868108,100.0
4,1000,0.95,False,0,10000.0,True,0.0790919122054845,100.0
4,1000,0.95,False,0,10000.0,True,0.7557367763258185,100.0
4,1000,0.95,False,0,10000.0,True,0.0685954595066107,100.0
4,1000,0.95,False,0,10000.0,True,1.3562168138281976,100.0
4,1000,0.95,False,0,10000.0,True,0.3243282519430295,100.0
4,1000,0.95,False,0,10000.0,True,0.600786239048972,100.0
4,1000,0.95,False,0,10000.0,True,0.3044230750108596,100.0
4,1000,0.95,False,0,10000.0,True,0.8085124214549362,100.0
4,1000,0.95,False,0,10000.0,True,0.257314327252697,100.0
4,1000,0.95,False,0,10000.0,True,0.2293802309217767,100.0
4,1000,0.95,False,0,10000.0,True,0.8554919103067675,100.0
4,1000,0.95,False,0,10000.0,True,0.3525694393697165,100.0
4,1000,0.95,False,0,10000.0,True,1.3284702743826529,100.0
4,1000,0.95,False,0,10000.0,True,0.5033775162427219,100.0
4,1000,0.95,False,0,10000.0,True,0.198021858590522,100.0
4,1000,0.95,False,0,10000.0,True,0.9766244709708048,100.0
4,1000,0.95,False,0,10000.0,True,0.5040364555908639,100.0
4,1000,0.95,False,0,10000.0,True,0.324342466202836,100.0
4,1000,0.95,False,0,10000.0,True,0.0474753342094587,100.0
4,1000,0.95,False,0,10000.0,True,0.0775181269747093,100.0
4,1000,0.95,False,0,10000.0,True,0.4514349014627044,100.0
4,1000,0.95,False,0,10000.0,True,0.2008284369359216,100.0
4,1000,0.95,False,0,10000.0,True,1.1557371404335814,100.0
4,1000,0.95,False,0,10000.0,True,0.0731374484763023,100.0
4,1000,0.95,False,0,10000.0,True,0.7209523173793855,100.0
4,1000,0.95,False,0,10000.0,True,0.4263386617892024,100.0
4,1000,0.95,False,0,10000.0,True,0.1605374529707717,100.0
4,1000,0.95,False,0,10000.0,True,0.2473713194719664,100.0
4,1000,0.95,False,0,10000.0,True,0.7748884334456783,100.0
4,1000,0.95,False,0,10000.0,True,0.0871352858458465,100.0
4,1000,0.95,False,0,10000.0,True,0.2192543222851384,100.0
4,1000,0.95,False,0,10000.0,True,0.4936768257336439,100.0
4,1000,0.95,False,0,10000.0,True,0.1100565988215009,100.0
4,1000,0.95,False,0,10000.0,True,0.0363476926445542,100.0
4,1000,0.95,False,0,10000.0,True,0.4523180001959517,100.0
4,1000,0.95,False,0,10000.0,True,0.3375003146983939,100.0
4,1000,0.95,False,0,10000.0,True,0.6854674471649531,100.0
4,1000,0.95,False,0,10000.0,True,0.5779090595545426,100.0
4,1000,0.95,False,0,10000.0,True,0.273617096144477,100.0
4,1000,0.95,False,0,10000.0,True,0.5229089634997415,100.0
4,1000,0.95,False,0,10000.0,True,0.1739481295827261,100.0
4,1000,0.95,False,0,10000.0,True,0.024881904018656,100.0
4,1000,0.95,False,0,10000.0,True,0.1557056650856481,100.0
4,1000,0.95,False,0,10000.0,True,0.8898563423798862,100.0
4,1000,0.95,False,0,10000.0,True,0.1216874710645186,100.0
4,1000,0.95,False,0,10000.0,True,0.8827479070725133,100.0
4,1000,0.95,False,0,10000.0,True,0.0466196430088814,100.0
4,1000,0.95,False,0,10000.0,True,1.0284115385793484,100.0
4,1000,0.95,False,0,10000.0,True,0.3847522154450473,100.0
4,1000,0.95,False,0,10000.0,True,1.887633708449414,100.0
4,1000,0.95,False,0,10000.0,True,0.476498879335594,100.0
4,1000,0.95,False,0,10000.0,True,0.0037501600400986,100.0
4,1000,0.95,False,0,10000.0,True,0.0919644647508022,100.0
4,1000,0.95,False,0,10000.0,True,0.0136373884176919,100.0
4,1000,0.95,False,0,10000.0,True,0.8338233901260566,100.0
4,1000,0.95,False,0,10000.0,True,1.1394047021670417,100.0
4,1000,0.95,False,0,10000.0,True,0.0712878922745687,100.0
4,1000,0.95,False,0,10000.0,True,0.370108282961155,100.0
4,1000,0.95,False,0,10000.0,True,0.2427648946483884,100.0
4,1000,0.95,False,0,10000.0,True,0.3790692299375067,100.0
4,1000,0.95,False,0,10000.0,True,0.0291364888308152,100.0
4,1000,0.95,False,0,10000.0,True,1.0441665316738238,100.0
4,1000,0.95,False,0,10000.0,True,0.5626883911108536,100.0
4,1000,0.95,False,0,10000.0,True,0.0919087310534791,100.0
4,1000,0.95,False,0,10000.0,True,0.1186790846603145,100.0
4,1000,0.95,False,0,10000.0,True,0.5185791351730131,100.0
4,1000,0.95,False,0,10000.0,True,0.6962529916183655,100.0
4,1000,0.95,False,0,10000.0,True,0.1783429994262897,100.0
4,1000,0.95,False,0,10000.0,True,0.7809675382718524,100.0
4,1000,0.95,False,0,10000.0,True,0.7343267523285135,100.0
4,1000,0.95,False,0,10000.0,True,0.0591941898642573,100.0
4,1000,0.95,False,0,10000.0,True,0.3006676037436051,100.0
4,1000,0.95,False,0,10000.0,True,0.2635219098237402,100.0
4,1000,0.95,False,0,10000.0,True,1.0414020849294443,100.0
4,1000,0.95,False,0,100000.0,True,0.0237017968639179,316.22776601683796
4,1000,0.95,False,0,100000.0,True,1.200324730239803,316.22776601683796
4,1000,0.95,False,0,100000.0,True,2.44229634102399,316.22776601683796
4,1000,0.95,False,0,100000.0,True,2.0623195370331544,316.22776601683796
4,1000,0.95,False,0,100000.0,True,2.7606708896699037,316.22776601683796
4,1000,0.95,False,0,100000.0,True,6.5198253163287205,316.22776601683796
4,1000,0.95,False,0,100000.0,True,0.1862991026674194,316.22776601683796
4,1000,0.95,False,0,100000.0,True,3.3183161377297097,316.22776601683796
4,1000,0.95,False,0,100000.0,True,7.374753397612395,316.22776601683796
4,1000,0.95,False,0,100000.0,True,2.912437401322165,316.22776601683796
4,1000,0.95,False,0,100000.0,True,1.0446762988756575,316.22776601683796
4,1000,0.95,False,0,100000.0,True,2.730999032510283,316.22776601683796
4,1000,0.95,False,0,100000.0,True,4.94271120890501,316.22776601683796
4,1000,0.95,False,0,100000.0,True,1.015001146541309,316.22776601683796
4,1000,0.95,False,0,100000.0,True,26.314774039837012,316.22776601683796
4,1000,0.95,False,0,100000.0,True,4.356349339852571,316.22776601683796
4,1000,0.95,False,0,100000.0,True,0.6437859606556096,316.22776601683796
4,1000,0.95,False,0,100000.0,True,1.071047249742577,316.22776601683796
4,1000,0.95,False,0,100000.0,True,0.3201360972662286,316.22776601683796
4,1000,0.95,False,0,100000.0,True,9.548040778601376,316.22776601683796
4,1000,0.95,False,0,100000.0,True,0.8038282222551629,316.22776601683796
4,1000,0.95,False,0,100000.0,True,2.557867463173622,316.22776601683796
4,1000,0.95,False,0,100000.0,True,1.248392982432236,316.22776601683796
4,1000,0.95,False,0,100000.0,True,0.6815612330897807,316.22776601683796
4,1000,0.95,False,0,100000.0,True,11.84827880494197,316.22776601683796
4,1000,0.95,False,0,100000.0,True,1.6289273588082125,316.22776601683796
4,1000,0.95,False,0,100000.0,True,1.0485771670858242,316.22776601683796
4,1000,0.95,False,0,100000.0,True,83.99975379427968,316.22776601683796
4,1000,0.95,False,0,100000.0,True,0.0135236485371734,316.22776601683796
4,1000,0.95,False,0,100000.0,True,1.4330351175352547,316.22776601683796
4,1000,0.95,False,0,100000.0,True,2.238409460644675,316.22776601683796
4,1000,0.95,False,0,100000.0,True,1.4048896764217216,316.22776601683796
4,1000,0.95,False,0,100000.0,True,1.000869225304882,316.22776601683796
4,1000,0.95,False,0,100000.0,True,1.149052856590444,316.22776601683796
4,1000,0.95,False,0,100000.0,True,0.3119119295444079,316.22776601683796
4,1000,0.95,False,0,100000.0,True,0.6809503341989398,316.22776601683796
4,1000,0.95,False,0,100000.0,True,2.012794749589631,316.22776601683796
4,1000,0.95,False,0,100000.0,True,1.3690843399348012,316.22776601683796
4,1000,0.95,False,0,100000.0,True,0.8753802543648987,316.22776601683796
4,1000,0.95,False,0,100000.0,True,1.552577221763812,316.22776601683796
4,1000,0.95,False,0,100000.0,True,1.903500069672717,316.22776601683796
4,1000,0.95,False,0,100000.0,True,0.9273364770970433,316.22776601683796
4,1000,0.95,False,0,100000.0,True,0.4856329292903716,316.22776601683796
4,1000,0.95,False,0,100000.0,True,1.443157785937089,316.22776601683796
4,1000,0.95,False,0,100000.0,True,3.075313478595831,316.22776601683796
4,1000,0.95,False,0,100000.0,True,0.6451416814945787,316.22776601683796
4,1000,0.95,False,0,100000.0,True,0.9608044574065032,316.22776601683796
4,1000,0.95,False,0,100000.0,True,0.9500543345043012,316.22776601683796
4,1000,0.95,False,0,100000.0,True,2.053590084781291,316.22776601683796
4,1000,0.95,False,0,100000.0,True,0.0064751575564372,316.22776601683796
4,1000,0.95,False,0,100000.0,True,6.725578215449247,316.22776601683796
4,1000,0.95,False,0,100000.0,True,2.4032443007626263,316.22776601683796
4,1000,0.95,False,0,100000.0,True,1.976381935855926,316.22776601683796
4,1000,0.95,False,0,100000.0,True,2.1723120769151407,316.22776601683796
4,1000,0.95,False,0,100000.0,True,2.0042151462894537,316.22776601683796
4,1000,0.95,False,0,100000.0,True,1.2638355102022842,316.22776601683796
4,1000,0.95,False,0,100000.0,True,0.8408309301493091,316.22776601683796
4,1000,0.95,False,0,100000.0,True,0.2595223882167374,316.22776601683796
4,1000,0.95,False,0,100000.0,True,1.3934623599188711,316.22776601683796
4,1000,0.95,False,0,100000.0,True,1.888281944081065,316.22776601683796
4,1000,0.95,False,0,100000.0,True,4.758617351683739,316.22776601683796
4,1000,0.95,False,0,100000.0,True,0.7669816424698297,316.22776601683796
4,1000,0.95,False,0,100000.0,True,3.5432202262460493,316.22776601683796
4,1000,0.95,False,0,100000.0,True,4.95260298042286,316.22776601683796
4,1000,0.95,False,0,100000.0,True,2.564115330130873,316.22776601683796
4,1000,0.95,False,0,100000.0,True,0.4483608197560187,316.22776601683796
4,1000,0.95,False,0,100000.0,True,1.284034040010695,316.22776601683796
4,1000,0.95,False,0,100000.0,True,0.7783247083256839,316.22776601683796
4,1000,0.95,False,0,100000.0,True,6.2152727368701335,316.22776601683796
4,1000,0.95,False,0,100000.0,True,0.3068937027676099,316.22776601683796
4,1000,0.95,False,0,100000.0,True,2.983335755047761,316.22776601683796
4,1000,0.95,False,0,100000.0,True,1.850767383488744,316.22776601683796
4,1000,0.95,False,0,100000.0,True,0.5211738807723449,316.22776601683796
4,1000,0.95,False,0,100000.0,True,5.360872025754034,316.22776601683796
4,1000,0.95,False,0,100000.0,True,1.337832575666937,316.22776601683796
4,1000,0.95,False,0,100000.0,True,3.603161241472343,316.22776601683796
4,1000,0.95,False,0,100000.0,True,0.9792661588336102,316.22776601683796
4,1000,0.95,False,0,100000.0,True,1.8872493294016977,316.22776601683796
4,1000,0.95,False,0,100000.0,True,8.32847073484561,316.22776601683796
4,1000,0.95,False,0,100000.0,True,0.7812705597606282,316.22776601683796
4,1000,0.95,False,0,100000.0,True,0.5971569557991074,316.22776601683796
4,1000,0.95,False,0,100000.0,True,0.4928550339657249,316.22776601683796
4,1000,0.95,False,0,100000.0,True,0.0159898464263648,316.22776601683796
4,1000,0.95,False,0,100000.0,True,2.418890978212545,316.22776601683796
4,1000,0.95,False,0,100000.0,True,3.2639159034342957,316.22776601683796
4,1000,0.95,False,0,100000.0,True,97.87534563768789,316.22776601683796
4,1000,0.95,False,0,100000.0,True,0.2073650387335988,316.22776601683796
4,1000,0.95,False,0,100000.0,True,3.9260415728356577,316.22776601683796
4,1000,0.95,False,0,100000.0,True,0.5119407587887537,316.22776601683796
4,1000,0.95,False,0,100000.0,True,2.5651230984064526,316.22776601683796
4,1000,0.95,False,0,100000.0,True,6.853712857259637,316.22776601683796
4,1000,0.95,False,0,100000.0,True,5.549755098543045,316.22776601683796
4,1000,0.95,False,0,100000.0,True,1.6734922287361655,316.22776601683796
4,1000,0.95,False,0,100000.0,True,0.5176676704494554,316.22776601683796
4,1000,0.95,False,0,100000.0,True,0.1550531032786182,316.22776601683796
4,1000,0.95,False,0,100000.0,True,2.852499538765258,316.22776601683796
4,1000,0.95,False,0,100000.0,True,3.4548679544695347,316.22776601683796
4,1000,0.95,False,0,100000.0,True,1.2724499210958695,316.22776601683796
4,1000,0.95,False,0,100000.0,True,0.4106904892192347,316.22776601683796
4,1000,0.95,False,0,100000.0,True,0.1372364164414818,316.22776601683796
4,1000,0.95,False,0,100000.0,True,2.432555852829971,316.22776601683796
4,1000,0.95,False,0,100000.0,True,0.4416479526795172,316.22776601683796
4,1000,0.95,False,0,100000.0,True,0.1243291649265145,316.22776601683796
4,1000,0.95,False,0,100000.0,True,0.3833630214762138,316.22776601683796
4,1000,0.95,False,0,100000.0,True,11.778721724693767,316.22776601683796
4,1000,0.95,False,0,100000.0,True,0.5021520522368803,316.22776601683796
4,1000,0.95,False,0,100000.0,True,0.7173966801017535,316.22776601683796
4,1000,0.95,False,0,100000.0,True,1.4655769222019046,316.22776601683796
4,1000,0.95,False,0,100000.0,True,3.826493062681976,316.22776601683796
4,1000,0.95,False,0,100000.0,True,3.702679873413956,316.22776601683796
4,1000,0.95,False,0,100000.0,True,0.0066452231745444,316.22776601683796
4,1000,0.95,False,0,100000.0,True,0.0620859854610955,316.22776601683796
4,1000,0.95,False,0,100000.0,True,0.6980871736144607,316.22776601683796
4,1000,0.95,False,0,100000.0,True,0.57129269320059,316.22776601683796
4,1000,0.95,False,0,100000.0,True,1.7122364191936157,316.22776601683796
4,1000,0.95,False,0,100000.0,True,0.7070447432843499,316.22776601683796
4,1000,0.95,False,0,100000.0,True,1.073739841471422,316.22776601683796
4,1000,0.95,False,0,100000.0,True,0.0964651484662013,316.22776601683796
4,1000,0.95,False,0,100000.0,True,1.1096317771315682,316.22776601683796
4,1000,0.95,False,0,100000.0,True,42.75430226974648,316.22776601683796
4,1000,0.95,False,0,100000.0,True,0.7462153146440578,316.22776601683796
4,1000,0.95,False,0,100000.0,True,1.0462962156541806,316.22776601683796
4,1000,0.95,False,0,100000.0,True,0.8026417503346437,316.22776601683796
4,1000,0.95,False,0,100000.0,True,14.970257027376787,316.22776601683796
4,1000,0.95,False,0,100000.0,True,0.62171966116221,316.22776601683796
4,1000,0.95,False,0,100000.0,True,2.51426319731144,316.22776601683796
4,1000,0.95,False,0,100000.0,True,1.831343371835331,316.22776601683796
4,1000,0.95,False,0,100000.0,True,4.77211128507615,316.22776601683796
4,1000,0.95,False,0,100000.0,True,1.4810067329418857,316.22776601683796
4,1000,0.95,False,0,100000.0,True,0.5267173308502113,316.22776601683796
4,1000,0.95,False,0,100000.0,True,1.5423059315980936,316.22776601683796
4,1000,0.95,False,0,100000.0,True,0.9038807522495632,316.22776601683796
4,1000,0.95,False,0,100000.0,True,14.88303092112436,316.22776601683796
4,1000,0.95,False,0,100000.0,True,2.507233758521465,316.22776601683796
4,1000,0.95,False,0,100000.0,True,2.430189289917108,316.22776601683796
4,1000,0.95,False,0,100000.0,True,1.3557608457290795,316.22776601683796
4,1000,0.95,False,0,100000.0,True,5.429768003010139,316.22776601683796
4,1000,0.95,False,0,100000.0,True,1.8415630368787677,316.22776601683796
4,1000,0.95,False,0,100000.0,True,0.1005011881105488,316.22776601683796
4,1000,0.95,False,0,100000.0,True,0.6033166033022574,316.22776601683796
4,1000,0.95,False,0,100000.0,True,8.003629769368896,316.22776601683796
4,1000,0.95,False,0,100000.0,True,2.4942775018055583,316.22776601683796
4,1000,0.95,False,0,100000.0,True,3.90693525482898,316.22776601683796
4,1000,0.95,False,0,100000.0,True,0.0645951291741226,316.22776601683796
4,1000,0.95,False,0,100000.0,True,0.7526930671583507,316.22776601683796
4,1000,0.95,False,0,100000.0,True,2.501281483517761,316.22776601683796
4,1000,0.95,False,0,100000.0,True,3.697393384578049,316.22776601683796
4,1000,0.95,False,0,100000.0,True,0.7365323320344448,316.22776601683796
4,1000,0.95,False,0,100000.0,True,3.6569737896235672,316.22776601683796
4,1000,0.95,False,0,100000.0,True,1.3350111512126528,316.22776601683796
4,1000,0.95,False,0,1000000.0,True,4.162913243832541,1000.0
4,1000,0.95,False,0,1000000.0,True,7.041865082715443,1000.0
4,1000,0.95,False,0,1000000.0,True,2.354726284436481,1000.0
4,1000,0.95,False,0,1000000.0,True,2.1093289733935308,1000.0
4,1000,0.95,False,0,1000000.0,True,24.832036042483736,1000.0
4,1000,0.95,False,0,1000000.0,True,35.64948136842355,1000.0
4,1000,0.95,False,0,1000000.0,True,19.241838534626623,1000.0
4,1000,0.95,False,0,1000000.0,True,13.737926571632896,1000.0
4,1000,0.95,False,0,1000000.0,True,54.49196860252721,1000.0
4,1000,0.95,False,0,1000000.0,True,13.51188556838376,1000.0
4,1000,0.95,False,0,1000000.0,True,15.342945929457455,1000.0
4,1000,0.95,False,0,1000000.0,True,2.726082114704802,1000.0
4,1000,0.95,False,0,1000000.0,True,11.868170906973496,1000.0
4,1000,0.95,False,0,1000000.0,True,25.36095582652886,1000.0
4,1000,0.95,False,0,1000000.0,True,3.359018198582163,1000.0
4,1000,0.95,False,0,1000000.0,True,12.742865675811103,1000.0
4,1000,0.95,False,0,1000000.0,True,10.445862047814238,1000.0
4,1000,0.95,False,0,1000000.0,True,17.66108717901227,1000.0
4,1000,0.95,False,0,1000000.0,True,6.920733573047698,1000.0
4,1000,0.95,False,0,1000000.0,True,13.530712882543355,1000.0
4,1000,0.95,False,0,1000000.0,True,3.1882447382750527,1000.0
4,1000,0.95,False,0,1000000.0,True,1.665092862660174,1000.0
4,1000,0.95,False,0,1000000.0,True,12.294212569527488,1000.0
4,1000,0.95,False,0,1000000.0,True,44.30850112754968,1000.0
4,1000,0.95,False,0,1000000.0,True,147.39390963339633,1000.0
4,1000,0.95,False,0,1000000.0,True,18.037510602489878,1000.0
4,1000,0.95,False,0,1000000.0,True,4.220977179853151,1000.0
4,1000,0.95,False,0,1000000.0,True,4.39505431207968,1000.0
4,1000,0.95,False,0,1000000.0,True,25.359764368737032,1000.0
4,1000,0.95,False,0,1000000.0,True,11.296157882264342,1000.0
4,1000,0.95,False,0,1000000.0,True,8.402923708188416,1000.0
4,1000,0.95,False,0,1000000.0,True,2.4247420669051394,1000.0
4,1000,0.95,False,0,1000000.0,True,162.840663661825,1000.0
4,1000,0.95,False,0,1000000.0,True,28.53122734640273,1000.0
4,1000,0.95,False,0,1000000.0,True,36.067595405800304,1000.0
4,1000,0.95,False,0,1000000.0,True,88.04492082998979,1000.0
4,1000,0.95,False,0,1000000.0,True,17.033573966854636,1000.0
4,1000,0.95,False,0,1000000.0,True,11.673073984947187,1000.0
4,1000,0.95,False,0,1000000.0,True,87.48130363664723,1000.0
4,1000,0.95,False,0,1000000.0,True,10.698396095342128,1000.0
4,1000,0.95,False,0,1000000.0,True,1.750875031133571,1000.0
4,1000,0.95,False,0,1000000.0,True,112.6663762824554,1000.0
4,1000,0.95,False,0,1000000.0,True,36.86643523564984,1000.0
4,1000,0.95,False,0,1000000.0,True,130.86772937164795,1000.0
4,1000,0.95,False,0,1000000.0,True,3.9994161060933777,1000.0
4,1000,0.95,False,0,1000000.0,True,10.6823628376722,1000.0
4,1000,0.95,False,0,1000000.0,True,14.730156444285711,1000.0
4,1000,0.95,False,0,1000000.0,True,36.43162489594606,1000.0
4,1000,0.95,False,0,1000000.0,True,51.53472809024024,1000.0
4,1000,0.95,False,0,1000000.0,True,3.909452023577529,1000.0
4,1000,0.95,False,0,1000000.0,True,10.61421192111844,1000.0
4,1000,0.95,False,0,1000000.0,True,2.742911093305054,1000.0
4,1000,0.95,False,0,1000000.0,True,4.372579079881882,1000.0
4,1000,0.95,False,0,1000000.0,True,0.614573642265178,1000.0
4,1000,0.95,False,0,1000000.0,True,11.32247116328977,1000.0
4,1000,0.95,False,0,1000000.0,True,1.3394537401347009,1000.0
4,1000,0.95,False,0,1000000.0,True,14.575044262455236,1000.0
4,1000,0.95,False,0,1000000.0,True,4.481453962867448,1000.0
4,1000,0.95,False,0,1000000.0,True,66.00028412523375,1000.0
4,1000,0.95,False,0,1000000.0,True,9.04651121733204,1000.0
4,1000,0.95,False,0,1000000.0,True,2.01201094927248,1000.0
4,1000,0.95,False,0,1000000.0,True,1.1786751021597297,1000.0
4,1000,0.95,False,0,1000000.0,True,12.969521317403792,1000.0
4,1000,0.95,False,0,1000000.0,True,1.5381068843184238,1000.0
4,1000,0.95,False,0,1000000.0,True,5.580004558547188,1000.0
4,1000,0.95,False,0,1000000.0,True,49.481738027226776,1000.0
4,1000,0.95,False,0,1000000.0,True,43.34682398076123,1000.0
4,1000,0.95,False,0,1000000.0,True,25.13509693039382,1000.0
4,1000,0.95,False,0,1000000.0,True,10.811383706301342,1000.0
4,1000,0.95,False,0,1000000.0,True,14.337553103390064,1000.0
4,1000,0.95,False,0,1000000.0,True,0.0849961380506254,1000.0
4,1000,0.95,False,0,1000000.0,True,1.743411311698054,1000.0
4,1000,0.95,False,0,1000000.0,True,3.1768190488473067,1000.0
4,1000,0.95,False,0,1000000.0,True,10.421504937863745,1000.0
4,1000,0.95,False,0,1000000.0,True,1.3568035132863017,1000.0
4,1000,0.95,False,0,1000000.0,True,14.547349475827174,1000.0
4,1000,0.95,False,0,1000000.0,True,9.685010278479467,1000.0
4,1000,0.95,False,0,1000000.0,True,3.052210830970637,1000.0
4,1000,0.95,False,0,1000000.0,True,21.399699660932484,1000.0
4,1000,0.95,False,0,1000000.0,True,11.703956716468689,1000.0
4,1000,0.95,False,0,1000000.0,True,12.430769137986005,1000.0
4,1000,0.95,False,0,1000000.0,True,6.060303349300227,1000.0
4,1000,0.95,False,0,1000000.0,True,45.04929090841732,1000.0
4,1000,0.95,False,0,1000000.0,True,24.57709243378315,1000.0
4,1000,0.95,False,0,1000000.0,True,15.60949783850974,1000.0
4,1000,0.95,False,0,1000000.0,True,2.218866692662232,1000.0
4,1000,0.95,False,0,1000000.0,True,7.512390440582507,1000.0
4,1000,0.95,False,0,1000000.0,True,9.284225986292595,1000.0
4,1000,0.95,False,0,1000000.0,True,25.08670231902363,1000.0
4,1000,0.95,False,0,1000000.0,True,2.8831412346905267,1000.0
4,1000,0.95,False,0,1000000.0,True,16.543068713994035,1000.0
4,1000,0.95,False,0,1000000.0,True,17.50167783494706,1000.0
4,1000,0.95,False,0,1000000.0,True,8.043474408372774,1000.0
4,1000,0.95,False,0,1000000.0,True,8.562495790667857,1000.0
4,1000,0.95,False,0,1000000.0,True,7.4878152101203455,1000.0
4,1000,0.95,False,0,1000000.0,True,1.09945034757299,1000.0
4,1000,0.95,False,0,1000000.0,True,1.6149624669497462,1000.0
4,1000,0.95,False,0,1000000.0,True,33.43445490569723,1000.0
4,1000,0.95,False,0,1000000.0,True,3.795733782005868,1000.0
4,1000,0.95,False,0,1000000.0,True,35.16764779422289,1000.0
4,1000,0.95,False,0,1000000.0,True,11.399676874194796,1000.0
4,1000,0.95,False,0,1000000.0,True,16.49646564831817,1000.0
4,1000,0.95,False,0,1000000.0,True,21.88105798292279,1000.0
4,1000,0.95,False,0,1000000.0,True,6.405330009228834,1000.0
4,1000,0.95,False,0,1000000.0,True,3.0119916276698167,1000.0
4,1000,0.95,False,0,1000000.0,True,11.854837804458796,1000.0
4,1000,0.95,False,0,1000000.0,True,11.468920990961196,1000.0
4,1000,0.95,False,0,1000000.0,True,1.2757654076879987,1000.0
4,1000,0.95,False,0,1000000.0,True,5.807088034548187,1000.0
4,1000,0.95,False,0,1000000.0,True,12.29519565613055,1000.0
4,1000,0.95,False,0,1000000.0,True,11.115680781054262,1000.0
4,1000,0.95,False,0,1000000.0,True,3.606236597454558,1000.0
4,1000,0.95,False,0,1000000.0,True,0.0143881641383245,1000.0
4,1000,0.95,False,0,1000000.0,True,87.3305651027215,1000.0
4,1000,0.95,False,0,1000000.0,True,65.68328578151153,1000.0
4,1000,0.95,False,0,1000000.0,True,10.520802087593289,1000.0
4,1000,0.95,False,0,1000000.0,True,11.159872694800626,1000.0
4,1000,0.95,False,0,1000000.0,True,17.19089492739272,1000.0
4,1000,0.95,False,0,1000000.0,True,92.66420692593272,1000.0
4,1000,0.95,False,0,1000000.0,True,31.91915378446365,1000.0
4,1000,0.95,False,0,1000000.0,True,97.32662477623973,1000.0
4,1000,0.95,False,0,1000000.0,True,14.941555042943987,1000.0
4,1000,0.95,False,0,1000000.0,True,9.632189445289328,1000.0
4,1000,0.95,False,0,1000000.0,True,11.077203011370528,1000.0
4,1000,0.95,False,0,1000000.0,True,7.147803027023826,1000.0
4,1000,0.95,False,0,1000000.0,True,6.161705145831576,1000.0
4,1000,0.95,False,0,1000000.0,True,19.23434680311074,1000.0
4,1000,0.95,False,0,1000000.0,True,60.56197529504325,1000.0
4,1000,0.95,False,0,1000000.0,True,2.366212400858494,1000.0
4,1000,0.95,False,0,1000000.0,True,98.00700783247294,1000.0
4,1000,0.95,False,0,1000000.0,True,71.77802904932798,1000.0
4,1000,0.95,False,0,1000000.0,True,11.07706719218976,1000.0
4,1000,0.95,False,0,1000000.0,True,10.813700625602692,1000.0
4,1000,0.95,False,0,1000000.0,True,9.559549631813042,1000.0
4,1000,0.95,False,0,1000000.0,True,14.53641182016966,1000.0
4,1000,0.95,False,0,1000000.0,True,25.700586197404363,1000.0
4,1000,0.95,False,0,1000000.0,True,3.738933526850758,1000.0
4,1000,0.95,False,0,1000000.0,True,5.536051642225317,1000.0
4,1000,0.95,False,0,1000000.0,True,8.367318212115517,1000.0
4,1000,0.95,False,0,1000000.0,True,10.882930821243102,1000.0
4,1000,0.95,False,0,1000000.0,True,9.792211235264205,1000.0
4,1000,0.95,False,0,1000000.0,True,33.51840300528865,1000.0
4,1000,0.95,False,0,1000000.0,True,24.913563632294,1000.0
4,1000,0.95,False,0,1000000.0,True,29.18880774560955,1000.0
4,1000,0.95,False,0,1000000.0,True,0.0018589099299788,1000.0
4,1000,0.95,False,0,1000000.0,True,3.5058099209563167,1000.0
4,1000,0.95,False,0,1000000.0,True,6.491407181034646,1000.0
4,1000,0.95,False,0,1000000.0,True,19.207851693593422,1000.0
4,1000,0.95,False,0,1000000.0,True,8.829571063592153,1000.0
4,1000,0.95,False,0,1000000.0,True,19.00889537409165,1000.0
4,1000,0.95,False,10,10.0,True,0.6351244832486032,3.1622776601683795
4,1000,0.95,False,10,10.0,True,0.274274771146457,3.1622776601683795
4,1000,0.95,False,10,10.0,True,0.052969675690667,3.1622776601683795
4,1000,0.95,False,10,10.0,True,0.0233711072100533,3.1622776601683795
4,1000,0.95,False,10,10.0,True,0.0666308704201128,3.1622776601683795
4,1000,0.95,False,10,10.0,True,0.5403355148268645,3.1622776601683795
4,1000,0.95,False,10,10.0,True,0.0407788418283416,3.1622776601683795
4,1000,0.95,False,10,10.0,True,0.1819105226191162,3.1622776601683795
4,1000,0.95,False,10,10.0,True,28.954983528231256,3.1622776601683795
4,1000,0.95,False,10,10.0,True,0.4285749551233451,3.1622776601683795
4,1000,0.95,False,10,10.0,True,0.1615945184522473,3.1622776601683795
4,1000,0.95,False,10,10.0,True,0.3866912838517038,3.1622776601683795
4,1000,0.95,False,10,10.0,True,0.6972081500322247,3.1622776601683795
4,1000,0.95,False,10,10.0,True,0.0467036912586138,3.1622776601683795
4,1000,0.95,False,10,10.0,True,0.0082848744729417,3.1622776601683795
4,1000,0.95,False,10,10.0,True,0.4071961376837976,3.1622776601683795
4,1000,0.95,False,10,10.0,True,0.0074496469731144,3.1622776601683795
4,1000,0.95,False,10,10.0,True,0.2479135925354683,3.1622776601683795
4,1000,0.95,False,10,10.0,True,0.3162546603743266,3.1622776601683795
4,1000,0.95,False,10,10.0,True,0.0949380015450316,3.1622776601683795
4,1000,0.95,False,10,10.0,True,0.0234196478801322,3.1622776601683795
4,1000,0.95,False,10,10.0,True,0.4860152440602121,3.1622776601683795
4,1000,0.95,False,10,10.0,True,0.1546562626332956,3.1622776601683795
4,1000,0.95,False,10,10.0,True,0.3677065972424316,3.1622776601683795
4,1000,0.95,False,10,10.0,True,0.0259324673536758,3.1622776601683795
4,1000,0.95,False,10,10.0,True,0.0076895564818073,3.1622776601683795
4,1000,0.95,False,10,10.0,True,0.0550687408395322,3.1622776601683795
4,1000,0.95,False,10,10.0,True,32.27250080554663,3.1622776601683795
4,1000,0.95,False,10,10.0,True,0.0928213255237579,3.1622776601683795
4,1000,0.95,False,10,10.0,True,0.2163968465895056,3.1622776601683795
4,1000,0.95,False,10,10.0,True,0.0200681982096,3.1622776601683795
4,1000,0.95,False,10,10.0,True,0.1499986128196013,3.1622776601683795
4,1000,0.95,False,10,10.0,True,0.4688428507196356,3.1622776601683795
4,1000,0.95,False,10,10.0,True,1.2195594608330893,3.1622776601683795
4,1000,0.95,False,10,10.0,True,1.0111366634463934,3.1622776601683795
4,1000,0.95,False,10,10.0,True,1.5101647929003192,3.1622776601683795
4,1000,0.95,False,10,10.0,True,0.1514533990234383,3.1622776601683795
4,1000,0.95,False,10,10.0,True,0.0304335329986429,3.1622776601683795
4,1000,0.95,False,10,10.0,True,0.0157176106559209,3.1622776601683795
4,1000,0.95,False,10,10.0,True,0.0141608365162255,3.1622776601683795
4,1000,0.95,False,10,10.0,True,0.092567459212006,3.1622776601683795
4,1000,0.95,False,10,10.0,True,0.035806890358657,3.1622776601683795
4,1000,0.95,False,10,10.0,True,0.0450087096617721,3.1622776601683795
4,1000,0.95,False,10,10.0,True,0.0793000785775408,3.1622776601683795
4,1000,0.95,False,10,10.0,True,0.016084562549274,3.1622776601683795
4,1000,0.95,False,10,10.0,True,0.0565001341586679,3.1622776601683795
4,1000,0.95,False,10,10.0,True,16.409937391930935,3.1622776601683795
4,1000,0.95,False,10,10.0,True,0.0063698016709281,3.1622776601683795
4,1000,0.95,False,10,10.0,True,0.3261038818437498,3.1622776601683795
4,1000,0.95,False,10,10.0,True,0.0129497172959975,3.1622776601683795
4,1000,0.95,False,10,10.0,True,0.3463366819013629,3.1622776601683795
4,1000,0.95,False,10,10.0,True,0.0517588721630772,3.1622776601683795
4,1000,0.95,False,10,10.0,True,0.3085477831185415,3.1622776601683795
4,1000,0.95,False,10,10.0,True,0.0030151510049165,3.1622776601683795
4,1000,0.95,False,10,10.0,True,0.1984135470882222,3.1622776601683795
4,1000,0.95,False,10,10.0,True,0.3509464945170748,3.1622776601683795
4,1000,0.95,False,10,10.0,True,0.0050628623673105,3.1622776601683795
4,1000,0.95,False,10,10.0,True,0.0031365749500711,3.1622776601683795
4,1000,0.95,False,10,10.0,True,0.0407130181156958,3.1622776601683795
4,1000,0.95,False,10,10.0,True,0.2283644383543333,3.1622776601683795
4,1000,0.95,False,10,10.0,True,0.0074185654313652,3.1622776601683795
4,1000,0.95,False,10,10.0,True,0.0571545546127936,3.1622776601683795
4,1000,0.95,False,10,10.0,True,0.2890228224219839,3.1622776601683795
4,1000,0.95,False,10,10.0,True,0.0009333486500864,3.1622776601683795
4,1000,0.95,False,10,10.0,True,0.0128517313921321,3.1622776601683795
4,1000,0.95,False,10,10.0,True,0.0314491978718765,3.1622776601683795
4,1000,0.95,False,10,10.0,True,0.1656160479941704,3.1622776601683795
4,1000,0.95,False,10,10.0,True,0.0060760846136957,3.1622776601683795
4,1000,0.95,False,10,10.0,True,0.020080764794784,3.1622776601683795
4,1000,0.95,False,10,10.0,True,0.41005589929307,3.1622776601683795
4,1000,0.95,False,10,10.0,True,0.0525028489013976,3.1622776601683795
4,1000,0.95,False,10,10.0,True,70.71793135176657,3.1622776601683795
4,1000,0.95,False,10,10.0,True,67.90894693916437,3.1622776601683795
4,1000,0.95,False,10,10.0,True,0.4100223689702886,3.1622776601683795
4,1000,0.95,False,10,10.0,True,0.1772244873576447,3.1622776601683795
4,1000,0.95,False,10,10.0,True,0.0124379870382256,3.1622776601683795
4,1000,0.95,False,10,10.0,True,0.0180360527847653,3.1622776601683795
4,1000,0.95,False,10,10.0,True,0.6779538022356917,3.1622776601683795
4,1000,0.95,False,10,10.0,True,0.0283528190723769,3.1622776601683795
4,1000,0.95,False,10,10.0,True,0.0112464572672763,3.1622776601683795
4,1000,0.95,False,10,10.0,True,0.0174166068464813,3.1622776601683795
4,1000,0.95,False,10,10.0,True,0.6188283380120083,3.1622776601683795
4,1000,0.95,False,10,10.0,True,0.0160544929288519,3.1622776601683795
4,1000,0.95,False,10,10.0,True,0.0248078546786363,3.1622776601683795
4,1000,0.95,False,10,10.0,True,0.3100062205561755,3.1622776601683795
4,1000,0.95,False,10,10.0,True,0.0341676352286981,3.1622776601683795
4,1000,0.95,False,10,10.0,True,1.1455091454894235,3.1622776601683795
4,1000,0.95,False,10,10.0,True,6.180665444917896,3.1622776601683795
4,1000,0.95,False,10,10.0,True,0.0732380758828128,3.1622776601683795
4,1000,0.95,False,10,10.0,True,0.305916166209137,3.1622776601683795
4,1000,0.95,False,10,10.0,True,0.3789969598561242,3.1622776601683795
4,1000,0.95,False,10,10.0,True,0.0844277010118474,3.1622776601683795
4,1000,0.95,False,10,10.0,True,0.3137742076192182,3.1622776601683795
4,1000,0.95,False,10,10.0,True,0.007327532112157,3.1622776601683795
4,1000,0.95,False,10,10.0,True,0.0430750864328786,3.1622776601683795
4,1000,0.95,False,10,10.0,True,0.420071154851513,3.1622776601683795
4,1000,0.95,False,10,10.0,True,0.0133974326450321,3.1622776601683795
4,1000,0.95,False,10,10.0,True,1.0116447192523736,3.1622776601683795
4,1000,0.95,False,10,10.0,True,0.0579106619662042,3.1622776601683795
4,1000,0.95,False,10,10.0,True,0.0248364402850356,3.1622776601683795
4,1000,0.95,False,10,10.0,True,0.0356035884138918,3.1622776601683795
4,1000,0.95,False,10,10.0,True,1.9840321035158404,3.1622776601683795
4,1000,0.95,False,10,10.0,True,0.4911646789820025,3.1622776601683795
4,1000,0.95,False,10,10.0,True,1.346493414886666,3.1622776601683795
4,1000,0.95,False,10,10.0,True,0.0345692421837746,3.1622776601683795
4,1000,0.95,False,10,10.0,True,1.087747050804559,3.1622776601683795
4,1000,0.95,False,10,10.0,True,0.5009120055084981,3.1622776601683795
4,1000,0.95,False,10,10.0,True,0.0314165950572373,3.1622776601683795
4,1000,0.95,False,10,10.0,True,0.133030883026521,3.1622776601683795
4,1000,0.95,False,10,10.0,True,0.4459115397781374,3.1622776601683795
4,1000,0.95,False,10,10.0,True,0.0459082599801377,3.1622776601683795
4,1000,0.95,False,10,10.0,True,0.0020872670900473,3.1622776601683795
4,1000,0.95,False,10,10.0,True,0.0092614683663612,3.1622776601683795
4,1000,0.95,False,10,10.0,True,0.4909248244803734,3.1622776601683795
4,1000,0.95,False,10,10.0,True,99.6545144900762,3.1622776601683795
4,1000,0.95,False,10,10.0,True,0.0239057670164886,3.1622776601683795
4,1000,0.95,False,10,10.0,True,0.0316207758331472,3.1622776601683795
4,1000,0.95,False,10,10.0,True,0.0663801269490136,3.1622776601683795
4,1000,0.95,False,10,10.0,True,0.0022138549849302,3.1622776601683795
4,1000,0.95,False,10,10.0,True,0.074778838702251,3.1622776601683795
4,1000,0.95,False,10,10.0,True,0.1621794351189294,3.1622776601683795
4,1000,0.95,False,10,10.0,True,0.0029473137522479,3.1622776601683795
4,1000,0.95,False,10,10.0,True,0.0734722891663537,3.1622776601683795
4,1000,0.95,False,10,10.0,True,0.1265868763387985,3.1622776601683795
4,1000,0.95,False,10,10.0,True,1.5967875319437326,3.1622776601683795
4,1000,0.95,False,10,10.0,True,0.0128273230889703,3.1622776601683795
4,1000,0.95,False,10,10.0,True,0.2858959730514385,3.1622776601683795
4,1000,0.95,False,10,10.0,True,0.001195622555052,3.1622776601683795
4,1000,0.95,False,10,10.0,True,0.5852102666864525,3.1622776601683795
4,1000,0.95,False,10,10.0,True,0.0674814216657893,3.1622776601683795
4,1000,0.95,False,10,10.0,True,0.0695056407326077,3.1622776601683795
4,1000,0.95,False,10,10.0,True,0.0192321543364926,3.1622776601683795
4,1000,0.95,False,10,10.0,True,0.0433367990511754,3.1622776601683795
4,1000,0.95,False,10,10.0,True,0.046833250242166,3.1622776601683795
4,1000,0.95,False,10,10.0,True,0.2301471311096747,3.1622776601683795
4,1000,0.95,False,10,10.0,True,0.0080369943019746,3.1622776601683795
4,1000,0.95,False,10,10.0,True,0.3637806816561628,3.1622776601683795
4,1000,0.95,False,10,10.0,True,0.0123181571502186,3.1622776601683795
4,1000,0.95,False,10,10.0,True,0.8171912398656787,3.1622776601683795
4,1000,0.95,False,10,10.0,True,0.0309280772666014,3.1622776601683795
4,1000,0.95,False,10,10.0,True,0.5903643398557366,3.1622776601683795
4,1000,0.95,False,10,10.0,True,0.0096089515453741,3.1622776601683795
4,1000,0.95,False,10,10.0,True,0.8405590673054277,3.1622776601683795
4,1000,0.95,False,10,10.0,True,0.2877387943057314,3.1622776601683795
4,1000,0.95,False,10,10.0,True,0.1032969711652072,3.1622776601683795
4,1000,0.95,False,10,10.0,True,0.0491281140453736,3.1622776601683795
4,1000,0.95,False,10,10.0,True,0.025795429978217,3.1622776601683795
4,1000,0.95,False,10,10.0,True,0.0868407084208513,3.1622776601683795
4,1000,0.95,False,10,10.0,True,0.0072132771120472,3.1622776601683795
4,1000,0.95,False,10,10.0,True,0.2843540164142686,3.1622776601683795
4,1000,0.95,False,10,100.0,True,0.0032581290765243,10.0
4,1000,0.95,False,10,100.0,True,0.515322017527069,10.0
4,1000,0.95,False,10,100.0,True,0.0424149189304081,10.0
4,1000,0.95,False,10,100.0,True,0.0575110188568714,10.0
4,1000,0.95,False,10,100.0,True,0.0409529470401253,10.0
4,1000,0.95,False,10,100.0,True,0.0520472458314174,10.0
4,1000,0.95,False,10,100.0,True,0.0200844748913056,10.0
4,1000,0.95,False,10,100.0,True,0.7594158677461067,10.0
4,1000,0.95,False,10,100.0,True,0.0122865723970733,10.0
4,1000,0.95,False,10,100.0,True,0.1085354462704124,10.0
4,1000,0.95,False,10,100.0,True,0.0814402310009398,10.0
4,1000,0.95,False,10,100.0,True,0.2197836881457533,10.0
4,1000,0.95,False,10,100.0,True,0.163056223101762,10.0
4,1000,0.95,False,10,100.0,True,0.8093920123274927,10.0
4,1000,0.95,False,10,100.0,True,0.1345574123641171,10.0
4,1000,0.95,False,10,100.0,True,0.0780287643781321,10.0
4,1000,0.95,False,10,100.0,True,0.1852354492314205,10.0
4,1000,0.95,False,10,100.0,True,0.0392606993982553,10.0
4,1000,0.95,False,10,100.0,True,0.04975682928481,10.0
4,1000,0.95,False,10,100.0,True,0.6167788507176368,10.0
4,1000,0.95,False,10,100.0,True,0.1999916387173606,10.0
4,1000,0.95,False,10,100.0,True,0.3649876045362674,10.0
4,1000,0.95,False,10,100.0,True,0.0245903625157097,10.0
4,1000,0.95,False,10,100.0,True,0.0232859936281499,10.0
4,1000,0.95,False,10,100.0,True,0.0770711299428796,10.0
4,1000,0.95,False,10,100.0,True,0.1638678927292147,10.0
4,1000,0.95,False,10,100.0,True,0.087867751878349,10.0
4,1000,0.95,False,10,100.0,True,0.0175757195813872,10.0
4,1000,0.95,False,10,100.0,True,0.3130272205164317,10.0
4,1000,0.95,False,10,100.0,True,1.2737386302550249,10.0
4,1000,0.95,False,10,100.0,True,0.6593360501314294,10.0
4,1000,0.95,False,10,100.0,True,0.0786457456915883,10.0
4,1000,0.95,False,10,100.0,True,0.0627401763142643,10.0
4,1000,0.95,False,10,100.0,True,0.0678446789502515,10.0
4,1000,0.95,False,10,100.0,True,0.2370134847567229,10.0
4,1000,0.95,False,10,100.0,True,0.0502176951136732,10.0
4,1000,0.95,False,10,100.0,True,0.0627386650702988,10.0
4,1000,0.95,False,10,100.0,True,0.1713289697861881,10.0
4,1000,0.95,False,10,100.0,True,0.0006489642777296,10.0
4,1000,0.95,False,10,100.0,True,0.1115798250663431,10.0
4,1000,0.95,False,10,100.0,True,0.1082734465411192,10.0
4,1000,0.95,False,10,100.0,True,1.305414452932638,10.0
4,1000,0.95,False,10,100.0,True,0.0250271840147036,10.0
4,1000,0.95,False,10,100.0,True,0.176882779770267,10.0
4,1000,0.95,False,10,100.0,True,0.1889546018945793,10.0
4,1000,0.95,False,10,100.0,True,0.0840573671711695,10.0
4,1000,0.95,False,10,100.0,True,0.0605824274071977,10.0
4,1000,0.95,False,10,100.0,True,0.0922072675379155,10.0
4,1000,0.95,False,10,100.0,True,0.0930759453094935,10.0
4,1000,0.95,False,10,100.0,True,0.5638401854673987,10.0
4,1000,0.95,False,10,100.0,True,0.0760531308302461,10.0
4,1000,0.95,False,10,100.0,True,1.5740003650734025,10.0
4,1000,0.95,False,10,100.0,True,1.7830542115965216,10.0
4,1000,0.95,False,10,100.0,True,0.0981173139368394,10.0
4,1000,0.95,False,10,100.0,True,177.64134636955703,10.0
4,1000,0.95,False,10,100.0,True,0.1007710094658023,10.0
4,1000,0.95,False,10,100.0,True,0.0386738855752639,10.0
4,1000,0.95,False,10,100.0,True,0.0692594570010589,10.0
4,1000,0.95,False,10,100.0,True,0.0185650957649414,10.0
4,1000,0.95,False,10,100.0,True,0.0746138231772164,10.0
4,1000,0.95,False,10,100.0,True,0.032911992731357,10.0
4,1000,0.95,False,10,100.0,True,0.0065333102758415,10.0
4,1000,0.95,False,10,100.0,True,0.0517628115390209,10.0
4,1000,0.95,False,10,100.0,True,0.0532318266830316,10.0
4,1000,0.95,False,10,100.0,True,0.0492864245620268,10.0
4,1000,0.95,False,10,100.0,True,0.3691659934206939,10.0
4,1000,0.95,False,10,100.0,True,0.3195533263300092,10.0
4,1000,0.95,False,10,100.0,True,0.0485352004362837,10.0
4,1000,0.95,False,10,100.0,True,0.0302317633055224,10.0
4,1000,0.95,False,10,100.0,True,0.132057934869664,10.0
4,1000,0.95,False,10,100.0,True,0.0458089783487487,10.0
4,1000,0.95,False,10,100.0,True,1.0103061264594544,10.0
4,1000,0.95,False,10,100.0,True,0.0113444395409754,10.0
4,1000,0.95,False,10,100.0,True,1.098558410993025,10.0
4,1000,0.95,False,10,100.0,True,0.0205940113917861,10.0
4,1000,0.95,False,10,100.0,True,0.3119527557370531,10.0
4,1000,0.95,False,10,100.0,True,0.0973089105859656,10.0
4,1000,0.95,False,10,100.0,True,0.1533903505675411,10.0
4,1000,0.95,False,10,100.0,True,0.0713321609818606,10.0
4,1000,0.95,False,10,100.0,True,0.0647675707598693,10.0
4,1000,0.95,False,10,100.0,True,0.144086041246215,10.0
4,1000,0.95,False,10,100.0,True,0.3693783330603537,10.0
4,1000,0.95,False,10,100.0,True,1.8351004933435744,10.0
4,1000,0.95,False,10,100.0,True,0.0210323167341925,10.0
4,1000,0.95,False,10,100.0,True,0.0054901148590431,10.0
4,1000,0.95,False,10,100.0,True,0.0349999944042309,10.0
4,1000,0.95,False,10,100.0,True,1.1280543269052308,10.0
4,1000,0.95,False,10,100.0,True,0.568898245422524,10.0
4,1000,0.95,False,10,100.0,True,0.004536356560866,10.0
4,1000,0.95,False,10,100.0,True,0.0290369705544151,10.0
4,1000,0.95,False,10,100.0,True,0.0101750657358348,10.0
4,1000,0.95,False,10,100.0,True,0.0368068406254451,10.0
4,1000,0.95,False,10,100.0,True,1.7834893805588905,10.0
4,1000,0.95,False,10,100.0,True,0.0060002736733224,10.0
4,1000,0.95,False,10,100.0,True,0.0660005822462808,10.0
4,1000,0.95,False,10,100.0,True,0.0678767238559885,10.0
4,1000,0.95,False,10,100.0,True,0.1668389410580033,10.0
4,1000,0.95,False,10,100.0,True,0.06791766148838,10.0
4,1000,0.95,False,10,100.0,True,0.0043581243017492,10.0
4,1000,0.95,False,10,100.0,True,0.774649353721685,10.0
4,1000,0.95,False,10,100.0,True,0.6561491566526954,10.0
4,1000,0.95,False,10,100.0,True,0.0682711540146279,10.0
4,1000,0.95,False,10,100.0,True,2.171313490664616,10.0
4,1000,0.95,False,10,100.0,True,0.0715655616120614,10.0
4,1000,0.95,False,10,100.0,True,0.0649646714824569,10.0
4,1000,0.95,False,10,100.0,True,0.1663895315366517,10.0
4,1000,0.95,False,10,100.0,True,0.0907031691300943,10.0
4,1000,0.95,False,10,100.0,True,0.1297386033239291,10.0
4,1000,0.95,False,10,100.0,True,0.0079926792369633,10.0
4,1000,0.95,False,10,100.0,True,0.0444278136218514,10.0
4,1000,0.95,False,10,100.0,True,0.1229086574021067,10.0
4,1000,0.95,False,10,100.0,True,0.0870864619823095,10.0
4,1000,0.95,False,10,100.0,True,0.1417095204269287,10.0
4,1000,0.95,False,10,100.0,True,0.1096291868770258,10.0
4,1000,0.95,False,10,100.0,True,0.858749606547434,10.0
4,1000,0.95,False,10,100.0,True,0.1404711661724036,10.0
4,1000,0.95,False,10,100.0,True,0.17605226774117,10.0
4,1000,0.95,False,10,100.0,True,13.88532924620676,10.0
4,1000,0.95,False,10,100.0,True,0.2322300113637254,10.0
4,1000,0.95,False,10,100.0,True,0.0552848791168401,10.0
4,1000,0.95,False,10,100.0,True,0.1238654945998405,10.0
4,1000,0.95,False,10,100.0,True,0.0743945366715657,10.0
4,1000,0.95,False,10,100.0,True,0.0261508267911096,10.0
4,1000,0.95,False,10,100.0,True,0.0991212597283066,10.0
4,1000,0.95,False,10,100.0,True,0.8961886859133017,10.0
4,1000,0.95,False,10,100.0,True,0.0264400368836277,10.0
4,1000,0.95,False,10,100.0,True,0.1011754008596739,10.0
4,1000,0.95,False,10,100.0,True,0.0210561806251163,10.0
4,1000,0.95,False,10,100.0,True,0.5965138686255074,10.0
4,1000,0.95,False,10,100.0,True,0.0079752743622236,10.0
4,1000,0.95,False,10,100.0,True,5.7986653053047945,10.0
4,1000,0.95,False,10,100.0,True,0.0385082441568158,10.0
4,1000,0.95,False,10,100.0,True,0.0074200921401654,10.0
4,1000,0.95,False,10,100.0,True,0.4279276621671215,10.0
4,1000,0.95,False,10,100.0,True,0.006344301505436,10.0
4,1000,0.95,False,10,100.0,True,1.6130027174455392,10.0
4,1000,0.95,False,10,100.0,True,0.1015897235192753,10.0
4,1000,0.95,False,10,100.0,True,0.0254521540524734,10.0
4,1000,0.95,False,10,100.0,True,0.0031908069422357,10.0
4,1000,0.95,False,10,100.0,True,0.1610471073864516,10.0
4,1000,0.95,False,10,100.0,True,139.31055468286988,10.0
4,1000,0.95,False,10,100.0,True,0.0360232432832958,10.0
4,1000,0.95,False,10,100.0,True,0.0968034430638056,10.0
4,1000,0.95,False,10,100.0,True,0.0263036260333251,10.0
4,1000,0.95,False,10,100.0,True,0.0213652248364795,10.0
4,1000,0.95,False,10,100.0,True,0.993680471513045,10.0
4,1000,0.95,False,10,100.0,True,0.9515843137584454,10.0
4,1000,0.95,False,10,100.0,True,0.0687589463425837,10.0
4,1000,0.95,False,10,100.0,True,0.5357413414777881,10.0
4,1000,0.95,False,10,100.0,True,3.4058300032049686,10.0
4,1000,0.95,False,10,1000.0,True,0.6063184339306176,31.622776601683793
4,1000,0.95,False,10,1000.0,True,0.1304180226901508,31.622776601683793
4,1000,0.95,False,10,1000.0,True,0.1334256126251531,31.622776601683793
4,1000,0.95,False,10,1000.0,True,0.246412531718974,31.622776601683793
4,1000,0.95,False,10,1000.0,True,0.0648287290014195,31.622776601683793
4,1000,0.95,False,10,1000.0,True,0.2385787260985949,31.622776601683793
4,1000,0.95,False,10,1000.0,True,0.142196901026935,31.622776601683793
4,1000,0.95,False,10,1000.0,True,0.2718867070414603,31.622776601683793
4,1000,0.95,False,10,1000.0,True,0.3652896509612446,31.622776601683793
4,1000,0.95,False,10,1000.0,True,0.0579673030154026,31.622776601683793
4,1000,0.95,False,10,1000.0,True,0.8017643205841942,31.622776601683793
4,1000,0.95,False,10,1000.0,True,0.1376587871198182,31.622776601683793
4,1000,0.95,False,10,1000.0,True,0.1921284088809294,31.622776601683793
4,1000,0.95,False,10,1000.0,True,0.2472878351213978,31.622776601683793
4,1000,0.95,False,10,1000.0,True,0.12397564759641,31.622776601683793
4,1000,0.95,False,10,1000.0,True,0.3793712610283251,31.622776601683793
4,1000,0.95,False,10,1000.0,True,0.1116152978232492,31.622776601683793
4,1000,0.95,False,10,1000.0,True,0.0997139505928146,31.622776601683793
4,1000,0.95,False,10,1000.0,True,0.0004229541394522,31.622776601683793
4,1000,0.95,False,10,1000.0,True,0.068470482406326,31.622776601683793
4,1000,0.95,False,10,1000.0,True,0.365766034753098,31.622776601683793
4,1000,0.95,False,10,1000.0,True,0.1259926284624413,31.622776601683793
4,1000,0.95,False,10,1000.0,True,0.0543891460339835,31.622776601683793
4,1000,0.95,False,10,1000.0,True,0.5400243190207732,31.622776601683793
4,1000,0.95,False,10,1000.0,True,0.0638406520686789,31.622776601683793
4,1000,0.95,False,10,1000.0,True,0.7234471855032183,31.622776601683793
4,1000,0.95,False,10,1000.0,True,0.006877121442347,31.622776601683793
4,1000,0.95,False,10,1000.0,True,0.8341400610520537,31.622776601683793
4,1000,0.95,False,10,1000.0,True,0.092845112689389,31.622776601683793
4,1000,0.95,False,10,1000.0,True,0.2326468190645982,31.622776601683793
4,1000,0.95,False,10,1000.0,True,0.3075289367765492,31.622776601683793
4,1000,0.95,False,10,1000.0,True,0.0274085953131191,31.622776601683793
4,1000,0.95,False,10,1000.0,True,0.5182263197265495,31.622776601683793
4,1000,0.95,False,10,1000.0,True,0.5930988934777588,31.622776601683793
4,1000,0.95,False,10,1000.0,True,0.296012896248186,31.622776601683793
4,1000,0.95,False,10,1000.0,True,2.6934344394049816,31.622776601683793
4,1000,0.95,False,10,1000.0,True,54.169829538428445,31.622776601683793
4,1000,0.95,False,10,1000.0,True,0.3886158009371705,31.622776601683793
4,1000,0.95,False,10,1000.0,True,1.0643094788786414,31.622776601683793
4,1000,0.95,False,10,1000.0,True,0.2555307721714968,31.622776601683793
4,1000,0.95,False,10,1000.0,True,0.2660654382912213,31.622776601683793
4,1000,0.95,False,10,1000.0,True,0.0966554866235185,31.622776601683793
4,1000,0.95,False,10,1000.0,True,0.0303342780694926,31.622776601683793
4,1000,0.95,False,10,1000.0,True,0.2165296693421723,31.622776601683793
4,1000,0.95,False,10,1000.0,True,0.3224906868465718,31.622776601683793
4,1000,0.95,False,10,1000.0,True,0.4438083450049248,31.622776601683793
4,1000,0.95,False,10,1000.0,True,0.1128476899971815,31.622776601683793
4,1000,0.95,False,10,1000.0,True,0.3248812915715451,31.622776601683793
4,1000,0.95,False,10,1000.0,True,0.3884437980338902,31.622776601683793
4,1000,0.95,False,10,1000.0,True,39.99101052999825,31.622776601683793
4,1000,0.95,False,10,1000.0,True,0.2720601172609349,31.622776601683793
4,1000,0.95,False,10,1000.0,True,0.0145494954140232,31.622776601683793
4,1000,0.95,False,10,1000.0,True,2.84766892358347,31.622776601683793
4,1000,0.95,False,10,1000.0,True,0.0521681403308065,31.622776601683793
4,1000,0.95,False,10,1000.0,True,0.2119882568323419,31.622776601683793
4,1000,0.95,False,10,1000.0,True,0.5436195568310893,31.622776601683793
4,1000,0.95,False,10,1000.0,True,0.1319572215258873,31.622776601683793
4,1000,0.95,False,10,1000.0,True,0.98716168540534,31.622776601683793
4,1000,0.95,False,10,1000.0,True,0.0142463152180312,31.622776601683793
4,1000,0.95,False,10,1000.0,True,0.1288051550696707,31.622776601683793
4,1000,0.95,False,10,1000.0,True,0.3787409220942184,31.622776601683793
4,1000,0.95,False,10,1000.0,True,0.3076486538100473,31.622776601683793
4,1000,0.95,False,10,1000.0,True,0.0329592475739843,31.622776601683793
4,1000,0.95,False,10,1000.0,True,0.426568580065247,31.622776601683793
4,1000,0.95,False,10,1000.0,True,0.1387881094104486,31.622776601683793
4,1000,0.95,False,10,1000.0,True,0.2775849652491331,31.622776601683793
4,1000,0.95,False,10,1000.0,True,0.0202061349846758,31.622776601683793
4,1000,0.95,False,10,1000.0,True,0.0091462951650953,31.622776601683793
4,1000,0.95,False,10,1000.0,True,0.0313781180796439,31.622776601683793
4,1000,0.95,False,10,1000.0,True,0.2804195474663515,31.622776601683793
4,1000,0.95,False,10,1000.0,True,1.3213222804136748,31.622776601683793
4,1000,0.95,False,10,1000.0,True,0.2616704800738105,31.622776601683793
4,1000,0.95,False,10,1000.0,True,0.109861212467905,31.622776601683793
4,1000,0.95,False,10,1000.0,True,0.6209827281513753,31.622776601683793
4,1000,0.95,False,10,1000.0,True,0.1058969560339164,31.622776601683793
4,1000,0.95,False,10,1000.0,True,0.233069547237136,31.622776601683793
4,1000,0.95,False,10,1000.0,True,0.5701393862927944,31.622776601683793
4,1000,0.95,False,10,1000.0,True,0.6608980679624779,31.622776601683793
4,1000,0.95,False,10,1000.0,True,0.8502837514961925,31.622776601683793
4,1000,0.95,False,10,1000.0,True,0.1392933610536317,31.622776601683793
4,1000,0.95,False,10,1000.0,True,0.158454231924793,31.622776601683793
4,1000,0.95,False,10,1000.0,True,0.0499125881358022,31.622776601683793
4,1000,0.95,False,10,1000.0,True,0.588594978317559,31.622776601683793
4,1000,0.95,False,10,1000.0,True,0.1578605523951211,31.622776601683793
4,1000,0.95,False,10,1000.0,True,0.0595607073313715,31.622776601683793
4,1000,0.95,False,10,1000.0,True,0.303942115366226,31.622776601683793
4,1000,0.95,False,10,1000.0,True,0.5403307669661217,31.622776601683793
4,1000,0.95,False,10,1000.0,True,0.2203267268014883,31.622776601683793
4,1000,0.95,False,10,1000.0,True,0.0366842568496679,31.622776601683793
4,1000,0.95,False,10,1000.0,True,0.0162433863582975,31.622776601683793
4,1000,0.95,False,10,1000.0,True,0.290368101169463,31.622776601683793
4,1000,0.95,False,10,1000.0,True,48.34059129045102,31.622776601683793
4,1000,0.95,False,10,1000.0,True,0.288104100956275,31.622776601683793
4,1000,0.95,False,10,1000.0,True,0.2189079428345195,31.622776601683793
4,1000,0.95,False,10,1000.0,True,0.1872392326309034,31.622776601683793
4,1000,0.95,False,10,1000.0,True,0.1236931051528671,31.622776601683793
4,1000,0.95,False,10,1000.0,True,0.2042404206808328,31.622776601683793
4,1000,0.95,False,10,1000.0,True,0.1177646220762014,31.622776601683793
4,1000,0.95,False,10,1000.0,True,0.0812044272103946,31.622776601683793
4,1000,0.95,False,10,1000.0,True,0.1566620980414512,31.622776601683793
4,1000,0.95,False,10,1000.0,True,0.0670118304819169,31.622776601683793
4,1000,0.95,False,10,1000.0,True,0.0953006756389029,31.622776601683793
4,1000,0.95,False,10,1000.0,True,0.0642151695048198,31.622776601683793
4,1000,0.95,False,10,1000.0,True,0.0938209305954274,31.622776601683793
4,1000,0.95,False,10,1000.0,True,0.0909217258926275,31.622776601683793
4,1000,0.95,False,10,1000.0,True,0.3309696812641789,31.622776601683793
4,1000,0.95,False,10,1000.0,True,0.0473165671775888,31.622776601683793
4,1000,0.95,False,10,1000.0,True,0.12384589473114,31.622776601683793
4,1000,0.95,False,10,1000.0,True,0.0678362236140088,31.622776601683793
4,1000,0.95,False,10,1000.0,True,0.1293715961798676,31.622776601683793
4,1000,0.95,False,10,1000.0,True,0.1493193195018278,31.622776601683793
4,1000,0.95,False,10,1000.0,True,0.1837212125824123,31.622776601683793
4,1000,0.95,False,10,1000.0,True,0.6153669404343702,31.622776601683793
4,1000,0.95,False,10,1000.0,True,0.132335062956642,31.622776601683793
4,1000,0.95,False,10,1000.0,True,0.0409201019395482,31.622776601683793
4,1000,0.95,False,10,1000.0,True,0.1852063796451091,31.622776601683793
4,1000,0.95,False,10,1000.0,True,0.3751227423395562,31.622776601683793
4,1000,0.95,False,10,1000.0,True,0.2654516021809456,31.622776601683793
4,1000,0.95,False,10,1000.0,True,0.0950734005146642,31.622776601683793
4,1000,0.95,False,10,1000.0,True,0.0101350780053479,31.622776601683793
4,1000,0.95,False,10,1000.0,True,0.9552398470949583,31.622776601683793
4,1000,0.95,False,10,1000.0,True,0.1325686199255855,31.622776601683793
4,1000,0.95,False,10,1000.0,True,0.172881977770487,31.622776601683793
4,1000,0.95,False,10,1000.0,True,0.1933766936780045,31.622776601683793
4,1000,0.95,False,10,1000.0,True,0.0450440862856282,31.622776601683793
4,1000,0.95,False,10,1000.0,True,0.4966685350308921,31.622776601683793
4,1000,0.95,False,10,1000.0,True,0.3224015563632179,31.622776601683793
4,1000,0.95,False,10,1000.0,True,0.996568821590344,31.622776601683793
4,1000,0.95,False,10,1000.0,True,0.1006623557591174,31.622776601683793
4,1000,0.95,False,10,1000.0,True,0.1085280770149381,31.622776601683793
4,1000,0.95,False,10,1000.0,True,0.1751117563071318,31.622776601683793
4,1000,0.95,False,10,1000.0,True,1.063193612692748,31.622776601683793
4,1000,0.95,False,10,1000.0,True,0.0488099793442415,31.622776601683793
4,1000,0.95,False,10,1000.0,True,0.1006994027124461,31.622776601683793
4,1000,0.95,False,10,1000.0,True,0.163817113391083,31.622776601683793
4,1000,0.95,False,10,1000.0,True,0.1472374862911465,31.622776601683793
4,1000,0.95,False,10,1000.0,True,0.0534229861650175,31.622776601683793
4,1000,0.95,False,10,1000.0,True,0.0786448519409006,31.622776601683793
4,1000,0.95,False,10,1000.0,True,0.6414770888846135,31.622776601683793
4,1000,0.95,False,10,1000.0,True,0.2524807694580708,31.622776601683793
4,1000,0.95,False,10,1000.0,True,0.6411539233873356,31.622776601683793
4,1000,0.95,False,10,1000.0,True,0.0378265718340742,31.622776601683793
4,1000,0.95,False,10,1000.0,True,0.4460280834165502,31.622776601683793
4,1000,0.95,False,10,1000.0,True,0.7305148208458263,31.622776601683793
4,1000,0.95,False,10,1000.0,True,0.0802008317246816,31.622776601683793
4,1000,0.95,False,10,1000.0,True,0.2723582738331274,31.622776601683793
4,1000,0.95,False,10,1000.0,True,0.0228623123791607,31.622776601683793
4,1000,0.95,False,10,1000.0,True,0.0467499087235303,31.622776601683793
4,1000,0.95,False,10,1000.0,True,0.0016719276203502,31.622776601683793
4,1000,0.95,False,10,1000.0,True,0.3492011243592401,31.622776601683793
4,1000,0.95,False,10,10000.0,True,0.7359523085341806,100.0
4,1000,0.95,False,10,10000.0,True,0.8071444059443067,100.0
4,1000,0.95,False,10,10000.0,True,0.6163356576321206,100.0
4,1000,0.95,False,10,10000.0,True,0.5787051751508301,100.0
4,1000,0.95,False,10,10000.0,True,0.5118140271704164,100.0
4,1000,0.95,False,10,10000.0,True,0.6702228130921242,100.0
4,1000,0.95,False,10,10000.0,True,0.1871514492432027,100.0
4,1000,0.95,False,10,10000.0,True,3.1652962556367896,100.0
4,1000,0.95,False,10,10000.0,True,0.1881239091923062,100.0
4,1000,0.95,False,10,10000.0,True,1.0159649373137256,100.0
4,1000,0.95,False,10,10000.0,True,4.451438061467488,100.0
4,1000,0.95,False,10,10000.0,True,0.6280741390785778,100.0
4,1000,0.95,False,10,10000.0,True,1.1272415775211757,100.0
4,1000,0.95,False,10,10000.0,True,0.4462284403464016,100.0
4,1000,0.95,False,10,10000.0,True,0.5365863409095084,100.0
4,1000,0.95,False,10,10000.0,True,0.6876656131942411,100.0
4,1000,0.95,False,10,10000.0,True,0.2987544814021277,100.0
4,1000,0.95,False,10,10000.0,True,1.239879645904452,100.0
4,1000,0.95,False,10,10000.0,True,0.3825605570827122,100.0
4,1000,0.95,False,10,10000.0,True,0.8214958010304088,100.0
4,1000,0.95,False,10,10000.0,True,8.45891098930808,100.0
4,1000,0.95,False,10,10000.0,True,0.3989301735882691,100.0
4,1000,0.95,False,10,10000.0,True,0.0279494744974613,100.0
4,1000,0.95,False,10,10000.0,True,1.0693761745101504,100.0
4,1000,0.95,False,10,10000.0,True,0.2660587624571064,100.0
4,1000,0.95,False,10,10000.0,True,0.145190851847019,100.0
4,1000,0.95,False,10,10000.0,True,0.3028440876577249,100.0
4,1000,0.95,False,10,10000.0,True,1.990730925454528,100.0
4,1000,0.95,False,10,10000.0,True,0.9331357632221008,100.0
4,1000,0.95,False,10,10000.0,True,0.2627815154483741,100.0
4,1000,0.95,False,10,10000.0,True,0.2138030820486847,100.0
4,1000,0.95,False,10,10000.0,True,0.0427280793606286,100.0
4,1000,0.95,False,10,10000.0,True,0.4325764267661895,100.0
4,1000,0.95,False,10,10000.0,True,0.5777490639833163,100.0
4,1000,0.95,False,10,10000.0,True,0.0605909349677062,100.0
4,1000,0.95,False,10,10000.0,True,1.3581962781281334,100.0
4,1000,0.95,False,10,10000.0,True,0.0437832472053756,100.0
4,1000,0.95,False,10,10000.0,True,0.646246949258483,100.0
4,1000,0.95,False,10,10000.0,True,0.2279770605123339,100.0
4,1000,0.95,False,10,10000.0,True,33.48920607021839,100.0
4,1000,0.95,False,10,10000.0,True,0.1548771893092464,100.0
4,1000,0.95,False,10,10000.0,True,1.002503784556282,100.0
4,1000,0.95,False,10,10000.0,True,1.0045816526705664,100.0
4,1000,0.95,False,10,10000.0,True,0.0940749545787014,100.0
4,1000,0.95,False,10,10000.0,True,1.2405184135760283,100.0
4,1000,0.95,False,10,10000.0,True,37.21445781432307,100.0
4,1000,0.95,False,10,10000.0,True,0.203739164447299,100.0
4,1000,0.95,False,10,10000.0,True,0.8607198482895626,100.0
4,1000,0.95,False,10,10000.0,True,0.4570058169976079,100.0
4,1000,0.95,False,10,10000.0,True,3.0200213570552314,100.0
4,1000,0.95,False,10,10000.0,True,0.2599906697100849,100.0
4,1000,0.95,False,10,10000.0,True,0.3901829937261993,100.0
4,1000,0.95,False,10,10000.0,True,1.42164721237625,100.0
4,1000,0.95,False,10,10000.0,True,0.3549861182608111,100.0
4,1000,0.95,False,10,10000.0,True,0.6452911613855576,100.0
4,1000,0.95,False,10,10000.0,True,0.1972640143242614,100.0
4,1000,0.95,False,10,10000.0,True,0.208089046146398,100.0
4,1000,0.95,False,10,10000.0,True,0.7689474588408416,100.0
4,1000,0.95,False,10,10000.0,True,0.6690209119711881,100.0
4,1000,0.95,False,10,10000.0,True,0.3927048547301979,100.0
4,1000,0.95,False,10,10000.0,True,0.4632755197695246,100.0
4,1000,0.95,False,10,10000.0,True,0.5720449041077842,100.0
4,1000,0.95,False,10,10000.0,True,0.1954869017132665,100.0
4,1000,0.95,False,10,10000.0,True,0.0777040152411387,100.0
4,1000,0.95,False,10,10000.0,True,0.9869361177718085,100.0
4,1000,0.95,False,10,10000.0,True,0.6131206894598407,100.0
4,1000,0.95,False,10,10000.0,True,0.4652613295723427,100.0
4,1000,0.95,False,10,10000.0,True,0.2406763651041501,100.0
4,1000,0.95,False,10,10000.0,True,0.5698489174645971,100.0
4,1000,0.95,False,10,10000.0,True,0.0318823239329759,100.0
4,1000,0.95,False,10,10000.0,True,1.1792919995174742,100.0
4,1000,0.95,False,10,10000.0,True,0.0677369906493652,100.0
4,1000,0.95,False,10,10000.0,True,0.7449096168223424,100.0
4,1000,0.95,False,10,10000.0,True,0.7247699223100241,100.0
4,1000,0.95,False,10,10000.0,True,0.1319424685467538,100.0
4,1000,0.95,False,10,10000.0,True,0.1009871872601735,100.0
4,1000,0.95,False,10,10000.0,True,0.3396918587245352,100.0
4,1000,0.95,False,10,10000.0,True,0.7334552286304188,100.0
4,1000,0.95,False,10,10000.0,True,1.0289544724777926,100.0
4,1000,0.95,False,10,10000.0,True,168.59062129300764,100.0
4,1000,0.95,False,10,10000.0,True,1.976207239968005,100.0
4,1000,0.95,False,10,10000.0,True,4.146493968524531,100.0
4,1000,0.95,False,10,10000.0,True,0.2585627775205239,100.0
4,1000,0.95,False,10,10000.0,True,0.8172782733470996,100.0
4,1000,0.95,False,10,10000.0,True,2.4976537113427355,100.0
4,1000,0.95,False,10,10000.0,True,0.3139617024637147,100.0
4,1000,0.95,False,10,10000.0,True,1.3869633265090613,100.0
4,1000,0.95,False,10,10000.0,True,1.074198230897828,100.0
4,1000,0.95,False,10,10000.0,True,0.7671519303694367,100.0
4,1000,0.95,False,10,10000.0,True,0.0960068986742372,100.0
4,1000,0.95,False,10,10000.0,True,0.8546369602844379,100.0
4,1000,0.95,False,10,10000.0,True,0.1692796584662517,100.0
4,1000,0.95,False,10,10000.0,True,0.2850572763132319,100.0
4,1000,0.95,False,10,10000.0,True,0.8012953108271716,100.0
4,1000,0.95,False,10,10000.0,True,0.070058057153389,100.0
4,1000,0.95,False,10,10000.0,True,1.0263708392296849,100.0
4,1000,0.95,False,10,10000.0,True,0.4021896141118617,100.0
4,1000,0.95,False,10,10000.0,True,5.2762399330980125,100.0
4,1000,0.95,False,10,10000.0,True,0.4700758007222134,100.0
4,1000,0.95,False,10,10000.0,True,0.7072021852178381,100.0
4,1000,0.95,False,10,10000.0,True,0.0004943534974302,100.0
4,1000,0.95,False,10,10000.0,True,0.4405666914989012,100.0
4,1000,0.95,False,10,10000.0,True,1.4613325052503257,100.0
4,1000,0.95,False,10,10000.0,True,1.3062256327492463,100.0
4,1000,0.95,False,10,10000.0,True,0.4180169078580746,100.0
4,1000,0.95,False,10,10000.0,True,0.4858528913600306,100.0
4,1000,0.95,False,10,10000.0,True,0.0538874298199658,100.0
4,1000,0.95,False,10,10000.0,True,0.52845997036714,100.0
4,1000,0.95,False,10,10000.0,True,0.3334202601731562,100.0
4,1000,0.95,False,10,10000.0,True,0.525108053512497,100.0
4,1000,0.95,False,10,10000.0,True,8.027726552682893,100.0
4,1000,0.95,False,10,10000.0,True,0.0131522867269211,100.0
4,1000,0.95,False,10,10000.0,True,1.4557862993268529,100.0
4,1000,0.95,False,10,10000.0,True,0.1728125888212588,100.0
4,1000,0.95,False,10,10000.0,True,0.6688393236005226,100.0
4,1000,0.95,False,10,10000.0,True,17.034665999391187,100.0
4,1000,0.95,False,10,10000.0,True,0.2070487106979897,100.0
4,1000,0.95,False,10,10000.0,True,1.872313770403025,100.0
4,1000,0.95,False,10,10000.0,True,0.1227378659729652,100.0
4,1000,0.95,False,10,10000.0,True,0.6693983289077465,100.0
4,1000,0.95,False,10,10000.0,True,0.7289839163136094,100.0
4,1000,0.95,False,10,10000.0,True,0.0398422778147278,100.0
4,1000,0.95,False,10,10000.0,True,2.3761142937796205,100.0
4,1000,0.95,False,10,10000.0,True,1.5413085158650546,100.0
4,1000,0.95,False,10,10000.0,True,0.3621743034846432,100.0
4,1000,0.95,False,10,10000.0,True,1.2732189884198135,100.0
4,1000,0.95,False,10,10000.0,True,0.1023663269261305,100.0
4,1000,0.95,False,10,10000.0,True,0.0793392873645757,100.0
4,1000,0.95,False,10,10000.0,True,2.0567154603450035,100.0
4,1000,0.95,False,10,10000.0,True,1.025588598655219,100.0
4,1000,0.95,False,10,10000.0,True,0.0784887616564447,100.0
4,1000,0.95,False,10,10000.0,True,67.40389066844543,100.0
4,1000,0.95,False,10,10000.0,True,0.153172984678676,100.0
4,1000,0.95,False,10,10000.0,True,0.6335346426194803,100.0
4,1000,0.95,False,10,10000.0,True,0.2686719672787347,100.0
4,1000,0.95,False,10,10000.0,True,0.4918038561938829,100.0
4,1000,0.95,False,10,10000.0,True,2.67551532654835,100.0
4,1000,0.95,False,10,10000.0,True,0.0757291864880373,100.0
4,1000,0.95,False,10,10000.0,True,0.7625298066617887,100.0
4,1000,0.95,False,10,10000.0,True,0.52848709638576,100.0
4,1000,0.95,False,10,10000.0,True,0.2123181333285373,100.0
4,1000,0.95,False,10,10000.0,True,0.6797436395309546,100.0
4,1000,0.95,False,10,10000.0,True,0.4203903692399535,100.0
4,1000,0.95,False,10,10000.0,True,0.238476385247452,100.0
4,1000,0.95,False,10,10000.0,True,1.0701190751172476,100.0
4,1000,0.95,False,10,10000.0,True,1.758081572797778,100.0
4,1000,0.95,False,10,10000.0,True,0.1070022279354674,100.0
4,1000,0.95,False,10,10000.0,True,0.5281367493666949,100.0
4,1000,0.95,False,10,10000.0,True,0.3285134195478747,100.0
4,1000,0.95,False,10,10000.0,True,0.2842549713437208,100.0
4,1000,0.95,False,10,100000.0,True,18.90230739129734,316.22776601683796
4,1000,0.95,False,10,100000.0,True,1.7641893653382963,316.22776601683796
4,1000,0.95,False,10,100000.0,True,3.190784694369512,316.22776601683796
4,1000,0.95,False,10,100000.0,True,0.4686370390615901,316.22776601683796
4,1000,0.95,False,10,100000.0,True,4.050188061860496,316.22776601683796
4,1000,0.95,False,10,100000.0,True,1.5145593812635951,316.22776601683796
4,1000,0.95,False,10,100000.0,True,1.7963272376304502,316.22776601683796
4,1000,0.95,False,10,100000.0,True,3.533371983555781,316.22776601683796
4,1000,0.95,False,10,100000.0,True,0.8896944411372516,316.22776601683796
4,1000,0.95,False,10,100000.0,True,3.408515462366303,316.22776601683796
4,1000,0.95,False,10,100000.0,True,1.7955489663065691,316.22776601683796
4,1000,0.95,False,10,100000.0,True,3.3686523379809614,316.22776601683796
4,1000,0.95,False,10,100000.0,True,1.801751747679063,316.22776601683796
4,1000,0.95,False,10,100000.0,True,1.871253595689069,316.22776601683796
4,1000,0.95,False,10,100000.0,True,0.8988577016025516,316.22776601683796
4,1000,0.95,False,10,100000.0,True,1.0198072818631658,316.22776601683796
4,1000,0.95,False,10,100000.0,True,0.1090811739080379,316.22776601683796
4,1000,0.95,False,10,100000.0,True,1.709006535909289,316.22776601683796
4,1000,0.95,False,10,100000.0,True,1.8105273001756927,316.22776601683796
4,1000,0.95,False,10,100000.0,True,0.6724038775985832,316.22776601683796
4,1000,0.95,False,10,100000.0,True,2.947616671839384,316.22776601683796
4,1000,0.95,False,10,100000.0,True,0.9826009588250848,316.22776601683796
4,1000,0.95,False,10,100000.0,True,2.458129268093046,316.22776601683796
4,1000,0.95,False,10,100000.0,True,2.010009522479706,316.22776601683796
4,1000,0.95,False,10,100000.0,True,2.426409136513381,316.22776601683796
4,1000,0.95,False,10,100000.0,True,3.512629925530419,316.22776601683796
4,1000,0.95,False,10,100000.0,True,0.9791638117567628,316.22776601683796
4,1000,0.95,False,10,100000.0,True,0.7522932819151151,316.22776601683796
4,1000,0.95,False,10,100000.0,True,1.848065690516904,316.22776601683796
4,1000,0.95,False,10,100000.0,True,1.7592342775042198,316.22776601683796
4,1000,0.95,False,10,100000.0,True,15.98999653930764,316.22776601683796
4,1000,0.95,False,10,100000.0,True,1.7757901270855,316.22776601683796
4,1000,0.95,False,10,100000.0,True,11.11530211255905,316.22776601683796
4,1000,0.95,False,10,100000.0,True,0.5394588786036252,316.22776601683796
4,1000,0.95,False,10,100000.0,True,1.633737860066404,316.22776601683796
4,1000,0.95,False,10,100000.0,True,1.4939139109926316,316.22776601683796
4,1000,0.95,False,10,100000.0,True,12.317605553182103,316.22776601683796
4,1000,0.95,False,10,100000.0,True,1.6042324567270327,316.22776601683796
4,1000,0.95,False,10,100000.0,True,1.5237394857064572,316.22776601683796
4,1000,0.95,False,10,100000.0,True,3.5271635558411134,316.22776601683796
4,1000,0.95,False,10,100000.0,True,1.31807739505426,316.22776601683796
4,1000,0.95,False,10,100000.0,True,2.6969136778134555,316.22776601683796
4,1000,0.95,False,10,100000.0,True,3.16053492211428,316.22776601683796
4,1000,0.95,False,10,100000.0,True,2.5714678809307188,316.22776601683796
4,1000,0.95,False,10,100000.0,True,2.1266553221103948,316.22776601683796
4,1000,0.95,False,10,100000.0,True,0.3437877032571066,316.22776601683796
4,1000,0.95,False,10,100000.0,True,4.686927288231573,316.22776601683796
4,1000,0.95,False,10,100000.0,True,7.580194454535928,316.22776601683796
4,1000,0.95,False,10,100000.0,True,18.795550317549854,316.22776601683796
4,1000,0.95,False,10,100000.0,True,0.2158254537023367,316.22776601683796
4,1000,0.95,False,10,100000.0,True,0.949121169825613,316.22776601683796
4,1000,0.95,False,10,100000.0,True,2.6381097335924157,316.22776601683796
4,1000,0.95,False,10,100000.0,True,1.3660799708717306,316.22776601683796
4,1000,0.95,False,10,100000.0,True,1.950865319558112,316.22776601683796
4,1000,0.95,False,10,100000.0,True,13.653662630156616,316.22776601683796
4,1000,0.95,False,10,100000.0,True,11.625773554014105,316.22776601683796
4,1000,0.95,False,10,100000.0,True,1.4491702017008097,316.22776601683796
4,1000,0.95,False,10,100000.0,True,0.4787284762694526,316.22776601683796
4,1000,0.95,False,10,100000.0,True,0.5987838202734679,316.22776601683796
4,1000,0.95,False,10,100000.0,True,0.0724188655842255,316.22776601683796
4,1000,0.95,False,10,100000.0,True,3.2107483966513257,316.22776601683796
4,1000,0.95,False,10,100000.0,True,3.774662081464289,316.22776601683796
4,1000,0.95,False,10,100000.0,True,0.8383582480533018,316.22776601683796
4,1000,0.95,False,10,100000.0,True,1.4562747704733852,316.22776601683796
4,1000,0.95,False,10,100000.0,True,0.1836408676179672,316.22776601683796
4,1000,0.95,False,10,100000.0,True,0.3617001573957736,316.22776601683796
4,1000,0.95,False,10,100000.0,True,3.0433430057453847,316.22776601683796
4,1000,0.95,False,10,100000.0,True,1.0198351109917922,316.22776601683796
4,1000,0.95,False,10,100000.0,True,1.313464195758371,316.22776601683796
4,1000,0.95,False,10,100000.0,True,4.388398791559297,316.22776601683796
4,1000,0.95,False,10,100000.0,True,0.8201532724970662,316.22776601683796
4,1000,0.95,False,10,100000.0,True,3.778631780521664,316.22776601683796
4,1000,0.95,False,10,100000.0,True,0.4512759237676391,316.22776601683796
4,1000,0.95,False,10,100000.0,True,2.0564657397523547,316.22776601683796
4,1000,0.95,False,10,100000.0,True,0.25519500291783,316.22776601683796
4,1000,0.95,False,10,100000.0,True,0.8030536010327438,316.22776601683796
4,1000,0.95,False,10,100000.0,True,2.1983526131352846,316.22776601683796
4,1000,0.95,False,10,100000.0,True,5.700118024366617,316.22776601683796
4,1000,0.95,False,10,100000.0,True,6.497598990585956,316.22776601683796
4,1000,0.95,False,10,100000.0,True,1.081940580863204,316.22776601683796
4,1000,0.95,False,10,100000.0,True,4.938808525626115,316.22776601683796
4,1000,0.95,False,10,100000.0,True,2.9852562157700437,316.22776601683796
4,1000,0.95,False,10,100000.0,True,5.035414868862596,316.22776601683796
4,1000,0.95,False,10,100000.0,True,3.014719508042649,316.22776601683796
4,1000,0.95,False,10,100000.0,True,1.0148430950680591,316.22776601683796
4,1000,0.95,False,10,100000.0,True,2.8645362866923385,316.22776601683796
4,1000,0.95,False,10,100000.0,True,0.2690468483210964,316.22776601683796
4,1000,0.95,False,10,100000.0,True,0.9539339384530496,316.22776601683796
4,1000,0.95,False,10,100000.0,True,0.6140779797591165,316.22776601683796
4,1000,0.95,False,10,100000.0,True,8.019978468902323,316.22776601683796
4,1000,0.95,False,10,100000.0,True,2.435383144873967,316.22776601683796
4,1000,0.95,False,10,100000.0,True,1.3309525985895192,316.22776601683796
4,1000,0.95,False,10,100000.0,True,13.366194065574788,316.22776601683796
4,1000,0.95,False,10,100000.0,True,1.1221972591993676,316.22776601683796
4,1000,0.95,False,10,100000.0,True,13.890269117873174,316.22776601683796
4,1000,0.95,False,10,100000.0,True,3.415312155648177,316.22776601683796
4,1000,0.95,False,10,100000.0,True,0.9593202938513166,316.22776601683796
4,1000,0.95,False,10,100000.0,True,3.979828457870696,316.22776601683796
4,1000,0.95,False,10,100000.0,True,0.4164846534636268,316.22776601683796
4,1000,0.95,False,10,100000.0,True,0.6891271833093384,316.22776601683796
4,1000,0.95,False,10,100000.0,True,7.348192176405336,316.22776601683796
4,1000,0.95,False,10,100000.0,True,0.2967906984523996,316.22776601683796
4,1000,0.95,False,10,100000.0,True,0.2420896754089732,316.22776601683796
4,1000,0.95,False,10,100000.0,True,6.63289582648034,316.22776601683796
4,1000,0.95,False,10,100000.0,True,15.806934199847298,316.22776601683796
4,1000,0.95,False,10,100000.0,True,4.059938195688147,316.22776601683796
4,1000,0.95,False,10,100000.0,True,8.076790724113408,316.22776601683796
4,1000,0.95,False,10,100000.0,True,6.31366629352101,316.22776601683796
4,1000,0.95,False,10,100000.0,True,0.0634219795995534,316.22776601683796
4,1000,0.95,False,10,100000.0,True,0.854067807462549,316.22776601683796
4,1000,0.95,False,10,100000.0,True,0.259697660447614,316.22776601683796
4,1000,0.95,False,10,100000.0,True,1.960372187314661,316.22776601683796
4,1000,0.95,False,10,100000.0,True,1.1190142836102837,316.22776601683796
4,1000,0.95,False,10,100000.0,True,3.85881529602122,316.22776601683796
4,1000,0.95,False,10,100000.0,True,4.505972008303004,316.22776601683796
4,1000,0.95,False,10,100000.0,True,0.3978061824245777,316.22776601683796
4,1000,0.95,False,10,100000.0,True,1.7464136774186765,316.22776601683796
4,1000,0.95,False,10,100000.0,True,2.225139883611128,316.22776601683796
4,1000,0.95,False,10,100000.0,True,1.117310340196326,316.22776601683796
4,1000,0.95,False,10,100000.0,True,9.547035581253256,316.22776601683796
4,1000,0.95,False,10,100000.0,True,4.931205295871166,316.22776601683796
4,1000,0.95,False,10,100000.0,True,2.065740261263315,316.22776601683796
4,1000,0.95,False,10,100000.0,True,0.9834104071206724,316.22776601683796
4,1000,0.95,False,10,100000.0,True,2.149888412518408,316.22776601683796
4,1000,0.95,False,10,100000.0,True,0.734799854305006,316.22776601683796
4,1000,0.95,False,10,100000.0,True,0.998635691654158,316.22776601683796
4,1000,0.95,False,10,100000.0,True,0.6132972380264619,316.22776601683796
4,1000,0.95,False,10,100000.0,True,0.0095705809111841,316.22776601683796
4,1000,0.95,False,10,100000.0,True,0.1396195249069478,316.22776601683796
4,1000,0.95,False,10,100000.0,True,3.2041166362096902,316.22776601683796
4,1000,0.95,False,10,100000.0,True,0.2405465092077747,316.22776601683796
4,1000,0.95,False,10,100000.0,True,17.02529071352373,316.22776601683796
4,1000,0.95,False,10,100000.0,True,3.856495945362593,316.22776601683796
4,1000,0.95,False,10,100000.0,True,0.0152571409082895,316.22776601683796
4,1000,0.95,False,10,100000.0,True,10.473142681326706,316.22776601683796
4,1000,0.95,False,10,100000.0,True,0.8434886055275257,316.22776601683796
4,1000,0.95,False,10,100000.0,True,2.5177138269859825,316.22776601683796
4,1000,0.95,False,10,100000.0,True,0.9340179180435086,316.22776601683796
4,1000,0.95,False,10,100000.0,True,0.9538398518209306,316.22776601683796
4,1000,0.95,False,10,100000.0,True,1.9560211713264977,316.22776601683796
4,1000,0.95,False,10,100000.0,True,0.0940881148222274,316.22776601683796
4,1000,0.95,False,10,100000.0,True,2.1261118751763988,316.22776601683796
4,1000,0.95,False,10,100000.0,True,0.0077794960785908,316.22776601683796
4,1000,0.95,False,10,100000.0,True,0.6161181550530372,316.22776601683796
4,1000,0.95,False,10,100000.0,True,88.65887240411577,316.22776601683796
4,1000,0.95,False,10,100000.0,True,0.8081639507149703,316.22776601683796
4,1000,0.95,False,10,100000.0,True,0.3502508136809084,316.22776601683796
4,1000,0.95,False,10,100000.0,True,0.6778062096366639,316.22776601683796
4,1000,0.95,False,10,100000.0,True,3.30521456127272,316.22776601683796
4,1000,0.95,False,10,100000.0,True,0.2167548241636439,316.22776601683796
4,1000,0.95,False,10,1000000.0,True,8.652041277484557,1000.0
4,1000,0.95,False,10,1000000.0,True,3.250593707597556,1000.0
4,1000,0.95,False,10,1000000.0,True,82.9975897383266,1000.0
4,1000,0.95,False,10,1000000.0,True,6.9531692964825424,1000.0
4,1000,0.95,False,10,1000000.0,True,12.34857877264956,1000.0
4,1000,0.95,False,10,1000000.0,True,9.540294386457743,1000.0
4,1000,0.95,False,10,1000000.0,True,1.0817265780230727,1000.0
4,1000,0.95,False,10,1000000.0,True,19.05741768235628,1000.0
4,1000,0.95,False,10,1000000.0,True,2.849206089793853,1000.0
4,1000,0.95,False,10,1000000.0,True,37.45500270462555,1000.0
4,1000,0.95,False,10,1000000.0,True,165.40412197681354,1000.0
4,1000,0.95,False,10,1000000.0,True,10.230843075612595,1000.0
4,1000,0.95,False,10,1000000.0,True,78.92145360401639,1000.0
4,1000,0.95,False,10,1000000.0,True,118.66453664632712,1000.0
4,1000,0.95,False,10,1000000.0,True,9.349536753086356,1000.0
4,1000,0.95,False,10,1000000.0,True,10.80399547712301,1000.0
4,1000,0.95,False,10,1000000.0,True,5.799978955983485,1000.0
4,1000,0.95,False,10,1000000.0,True,12.280773068177297,1000.0
4,1000,0.95,False,10,1000000.0,True,53.01814361910701,1000.0
4,1000,0.95,False,10,1000000.0,True,14.860697311023024,1000.0
4,1000,0.95,False,10,1000000.0,True,18.005671753244513,1000.0
4,1000,0.95,False,10,1000000.0,True,52.72710828323573,1000.0
4,1000,0.95,False,10,1000000.0,True,20.014599901828788,1000.0
4,1000,0.95,False,10,1000000.0,True,6.699414918872662,1000.0
4,1000,0.95,False,10,1000000.0,True,4.325791440525336,1000.0
4,1000,0.95,False,10,1000000.0,True,2.4267072077756757,1000.0
4,1000,0.95,False,10,1000000.0,True,98.79785419139002,1000.0
4,1000,0.95,False,10,1000000.0,True,7.57730633974046,1000.0
4,1000,0.95,False,10,1000000.0,True,3.8974954462585742,1000.0
4,1000,0.95,False,10,1000000.0,True,1.5456520118875972,1000.0
4,1000,0.95,False,10,1000000.0,True,16.805428122572266,1000.0
4,1000,0.95,False,10,1000000.0,True,6.896552638594756,1000.0
4,1000,0.95,False,10,1000000.0,True,28.18990111562977,1000.0
4,1000,0.95,False,10,1000000.0,True,9.770868218687546,1000.0
4,1000,0.95,False,10,1000000.0,True,4.176067860904681,1000.0
4,1000,0.95,False,10,1000000.0,True,12.412410091265071,1000.0
4,1000,0.95,False,10,1000000.0,True,20.907079401229822,1000.0
4,1000,0.95,False,10,1000000.0,True,45.01501049966254,1000.0
4,1000,0.95,False,10,1000000.0,True,4.070763288146466,1000.0
4,1000,0.95,False,10,1000000.0,True,1.1285762689139247,1000.0
4,1000,0.95,False,10,1000000.0,True,9.299415374474917,1000.0
4,1000,0.95,False,10,1000000.0,True,4.200739744025015,1000.0
4,1000,0.95,False,10,1000000.0,True,33.810044342123774,1000.0
4,1000,0.95,False,10,1000000.0,True,27.18687560033368,1000.0
4,1000,0.95,False,10,1000000.0,True,6.863310152663985,1000.0
4,1000,0.95,False,10,1000000.0,True,6.078480510802841,1000.0
4,1000,0.95,False,10,1000000.0,True,7.601911933904205,1000.0
4,1000,0.95,False,10,1000000.0,True,1.1717214615590947,1000.0
4,1000,0.95,False,10,1000000.0,True,36.34690591801814,1000.0
4,1000,0.95,False,10,1000000.0,True,37.83817256506684,1000.0
4,1000,0.95,False,10,1000000.0,True,11.218696375883953,1000.0
4,1000,0.95,False,10,1000000.0,True,34.048456988487175,1000.0
4,1000,0.95,False,10,1000000.0,True,5.373051343287386,1000.0
4,1000,0.95,False,10,1000000.0,True,5.375572283782076,1000.0
4,1000,0.95,False,10,1000000.0,True,22.66296411139254,1000.0
4,1000,0.95,False,10,1000000.0,True,3.271210459254989,1000.0
4,1000,0.95,False,10,1000000.0,True,34.75668910526304,1000.0
4,1000,0.95,False,10,1000000.0,True,13.457554981740005,1000.0
4,1000,0.95,False,10,1000000.0,True,25.8170044779108,1000.0
4,1000,0.95,False,10,1000000.0,True,97.55019620456916,1000.0
4,1000,0.95,False,10,1000000.0,True,112.94383340713824,1000.0
4,1000,0.95,False,10,1000000.0,True,116.49489524470042,1000.0
4,1000,0.95,False,10,1000000.0,True,8.803615282709472,1000.0
4,1000,0.95,False,10,1000000.0,True,3.390010097248769,1000.0
4,1000,0.95,False,10,1000000.0,True,84.02178318642072,1000.0
4,1000,0.95,False,10,1000000.0,True,6.757404505763304,1000.0
4,1000,0.95,False,10,1000000.0,True,12.295163835100816,1000.0
4,1000,0.95,False,10,1000000.0,True,25.6958632290846,1000.0
4,1000,0.95,False,10,1000000.0,True,5.3280447456077695,1000.0
4,1000,0.95,False,10,1000000.0,True,0.6654563589279983,1000.0
4,1000,0.95,False,10,1000000.0,True,4.956504731583635,1000.0
4,1000,0.95,False,10,1000000.0,True,20.83277023649488,1000.0
4,1000,0.95,False,10,1000000.0,True,20.76904600782931,1000.0
4,1000,0.95,False,10,1000000.0,True,99.73698953873532,1000.0
4,1000,0.95,False,10,1000000.0,True,11.058425572137814,1000.0
4,1000,0.95,False,10,1000000.0,True,33.3187733777586,1000.0
4,1000,0.95,False,10,1000000.0,True,3.224495983100752,1000.0
4,1000,0.95,False,10,1000000.0,True,15.953742607779944,1000.0
4,1000,0.95,False,10,1000000.0,True,10.598412022256618,1000.0
4,1000,0.95,False,10,1000000.0,True,1.8999557614559703,1000.0
4,1000,0.95,False,10,1000000.0,True,17.819452845936695,1000.0
4,1000,0.95,False,10,1000000.0,True,61.37261817775027,1000.0
4,1000,0.95,False,10,1000000.0,True,0.2407472471279277,1000.0
4,1000,0.95,False,10,1000000.0,True,78.64686819947944,1000.0
4,1000,0.95,False,10,1000000.0,True,22.499722288652904,1000.0
4,1000,0.95,False,10,1000000.0,True,160.40917287032528,1000.0
4,1000,0.95,False,10,1000000.0,True,125.2706757320255,1000.0
4,1000,0.95,False,10,1000000.0,True,52.75763309396636,1000.0
4,1000,0.95,False,10,1000000.0,True,4.674106759485625,1000.0
4,1000,0.95,False,10,1000000.0,True,1.9606655778248765,1000.0
4,1000,0.95,False,10,1000000.0,True,8.740451627045225,1000.0
4,1000,0.95,False,10,1000000.0,True,29.445157066309665,1000.0
4,1000,0.95,False,10,1000000.0,True,12.678278673526792,1000.0
4,1000,0.95,False,10,1000000.0,True,4.746512737147956,1000.0
4,1000,0.95,False,10,1000000.0,True,0.4457750556163518,1000.0
4,1000,0.95,False,10,1000000.0,True,9.445135004075212,1000.0
4,1000,0.95,False,10,1000000.0,True,9.351001093172624,1000.0
4,1000,0.95,False,10,1000000.0,True,6.489502860440922,1000.0
4,1000,0.95,False,10,1000000.0,True,30.835417110425094,1000.0
4,1000,0.95,False,10,1000000.0,True,79.01908036537014,1000.0
4,1000,0.95,False,10,1000000.0,True,1.248999559489402,1000.0
4,1000,0.95,False,10,1000000.0,True,10.699396496359782,1000.0
4,1000,0.95,False,10,1000000.0,True,56.444739313161776,1000.0
4,1000,0.95,False,10,1000000.0,True,31.719029633082847,1000.0
4,1000,0.95,False,10,1000000.0,True,5.067815089707906,1000.0
4,1000,0.95,False,10,1000000.0,True,2.7252441176257776,1000.0
4,1000,0.95,False,10,1000000.0,True,125.54949902220709,1000.0
4,1000,0.95,False,10,1000000.0,True,19.270812107159657,1000.0
4,1000,0.95,False,10,1000000.0,True,18.81405196602487,1000.0
4,1000,0.95,False,10,1000000.0,True,3.995043009934165,1000.0
4,1000,0.95,False,10,1000000.0,True,7.726692625752594,1000.0
4,1000,0.95,False,10,1000000.0,True,15.802480641910565,1000.0
4,1000,0.95,False,10,1000000.0,True,158.9771677683371,1000.0
4,1000,0.95,False,10,1000000.0,True,87.14811627477526,1000.0
4,1000,0.95,False,10,1000000.0,True,11.467124581397629,1000.0
4,1000,0.95,False,10,1000000.0,True,40.93663211733887,1000.0
4,1000,0.95,False,10,1000000.0,True,0.6327486899864141,1000.0
4,1000,0.95,False,10,1000000.0,True,3.4682644090199237,1000.0
4,1000,0.95,False,10,1000000.0,True,16.53681028482694,1000.0
4,1000,0.95,False,10,1000000.0,True,17.027918917066415,1000.0
4,1000,0.95,False,10,1000000.0,True,4.824233063563341,1000.0
4,1000,0.95,False,10,1000000.0,True,10.428462150654152,1000.0
4,1000,0.95,False,10,1000000.0,True,8.934314433810542,1000.0
4,1000,0.95,False,10,1000000.0,True,41.01827630307957,1000.0
4,1000,0.95,False,10,1000000.0,True,4.372742079038915,1000.0
4,1000,0.95,False,10,1000000.0,True,45.02740449188924,1000.0
4,1000,0.95,False,10,1000000.0,True,5.583865484344997,1000.0
4,1000,0.95,False,10,1000000.0,True,10.227904142908612,1000.0
4,1000,0.95,False,10,1000000.0,True,1.5875397095974222,1000.0
4,1000,0.95,False,10,1000000.0,True,4.438968798952658,1000.0
4,1000,0.95,False,10,1000000.0,True,140.82861868612838,1000.0
4,1000,0.95,False,10,1000000.0,True,120.37122986292248,1000.0
4,1000,0.95,False,10,1000000.0,True,27.77693814258892,1000.0
4,1000,0.95,False,10,1000000.0,True,3.1435929519610752,1000.0
4,1000,0.95,False,10,1000000.0,True,12.830353377641558,1000.0
4,1000,0.95,False,10,1000000.0,True,7.707733888240341,1000.0
4,1000,0.95,False,10,1000000.0,True,42.97112237667479,1000.0
4,1000,0.95,False,10,1000000.0,True,1.006763682788829,1000.0
4,1000,0.95,False,10,1000000.0,True,2.908405281091916,1000.0
4,1000,0.95,False,10,1000000.0,True,46.452789720546406,1000.0
4,1000,0.95,False,10,1000000.0,True,6.839486608398585,1000.0
4,1000,0.95,False,10,1000000.0,True,3.2336085001850527,1000.0
4,1000,0.95,False,10,1000000.0,True,55.749499417082376,1000.0
4,1000,0.95,False,10,1000000.0,True,40.96837003676795,1000.0
4,1000,0.95,False,10,1000000.0,True,34.51880420118803,1000.0
4,1000,0.95,False,10,1000000.0,True,33.58827842448329,1000.0
4,1000,0.95,False,10,1000000.0,True,49.46969719813998,1000.0
4,1000,0.95,False,10,1000000.0,True,1.6084584552130536,1000.0
4,1000,0.95,False,10,1000000.0,True,20.99131039645877,1000.0
4,1000,0.95,False,10,1000000.0,True,49.27716889086804,1000.0
