num_sources,std,over_predict_sources,FN,FP,percent_possible_detections,localization_error,best_localization_error
1,0,False,False,False,1.0,3.044394761636463e-09;,1.0951766470309208e-11;
1,0,False,False,False,1.0,9.094947017729282e-13;,2.572439484307497e-11;
1,0,False,False,False,1.0,18854.172656091243;,1.4551915228366852e-11;
1,0,False,False,False,1.0,4.547473508864641e-13;,2.21476432887101e-11;
1,0,False,False,False,1.0,4.547473508864641e-12;,1.124982816404825e-11;
1,0,False,False,False,1.0,2.7284841053187847e-12;,1.6090603833576217e-11;
1,0,False,False,False,1.0,1.8189894035458565e-12;,1.626953582672133e-11;
1,0,False,False,False,1.0,1.6477925721113422e-11;,7.275957614183426e-12;
1,0,False,False,False,1.0,9.094947017729282e-13;,2.82383092712917e-11;
1,0,False,False,False,1.0,3.637978807091713e-12;,3.5095183887414785e-11;
1,0,False,False,False,1.0,9.066763584226455e-10;,1.626953582672133e-11;
1,0,False,False,False,1.0,4.547473508864641e-13;,1.546140993013978e-11;
1,0,False,False,False,1.0,8.581930752649821e-10;,1.124982816404825e-11;
1,0,False,False,False,1.0,0.0;,1.1064480586898243e-11;
1,0,False,False,False,1.0,8.185452315956354e-12;,2.8413522799043327e-11;
1,0,False,False,False,1.0,4.547473508864641e-13;,1.129568986323122e-11;
1,0,False,False,False,1.0,1.016845989170083e-12;,3.749942721349417e-12;
1,0,False,False,False,1.0,1.8189894035458565e-12;,5.4569682106375694e-12;
1,0,False,False,False,1.0,1.7053025658242404e-12;,5.4569682106375694e-12;
1,0,False,False,False,1.0,5.258016244624741e-12;,1.124982816404825e-11;
1,0,False,False,False,1.0,2.7284841053187847e-12;,5.1968689611973435e-11;
1,0,False,False,False,1.0,0.0;,2.2128961173796485e-11;
1,0,False,False,False,1.0,3.279229782005122e-12;,1.1823431123048067e-11;
1,0,False,False,False,1.0,9.094947017729282e-13;,2.2791871899501835e-11;
1,0,False,False,False,1.0,6.251080877496709e-11;,7.275957614183426e-12;
1,0,False,False,False,1.0,0.0;,1.8550124927397645e-11;
1,0,False,False,False,1.0,22170.819716547492;,1.124982816404825e-11;
1,0,False,False,False,1.0,8.011817242930279e-11;,2.9330322825621076e-11;
1,0,False,False,False,1.0,0.0;,1.9591115441051456e-11;
1,0,False,False,False,1.0,19859.814751212652;,1.9591115441051456e-11;
1,0,False,False,False,1.0,4.067383956680332e-12;,5.1448789686149945e-12;
1,0,False,False,False,1.0,1.5074583174355692e-10;,9.094947017729282e-12;
1,0,False,False,False,1.0,5.303219854654618e-12;,5.532240293449121e-12;
1,0,False,False,False,1.0,4.897778860262864e-12;,9.275062463698822e-12;
1,0,False,False,False,1.0,2.033691978340166e-12;,8.134767913360665e-12;
1,0,False,False,False,1.0,5.5680094610630355e-11;,8.134767913360665e-12;
1,0,False,False,False,1.0,2.028870942159939e-10;,8.580155856231252e-12;
1,0,False,False,False,1.0,4.1740258326821776e-12;,1.4551915228366852e-11;
1,0,False,False,False,1.0,1.8189894035458565e-12;,2.5530732905496186e-11;
1,0,False,False,False,1.0,27030.320899643863;,1.4551915228366852e-11;
1,0,False,False,False,1.0,2.033691978340166e-12;,1.016845989170083e-11;
1,0,False,False,False,1.0,5.109587858497487e-12;,1.0913936421275139e-11;
1,0,False,False,False,1.0,0.0;,1.1504299109832135e-11;
1,0,False,False,False,1.0,0.0;,1.8550124927397645e-11;
1,0,False,False,False,1.0,9.094947017729282e-13;,1.8189894035458565e-11;
1,0,False,False,False,1.0,2.0588557620746507e-10;,5.1448789686149945e-12;
1,0,False,False,False,1.0,6.198838602621831e-10;,1.2202151870040997e-11;
1,0,False,False,False,1.0,1.8189894035458565e-12;,2.9330322825621076e-11;
1,0,False,False,False,1.0,9.094947017729282e-13;,1.1647215137477994e-11;
1,0,False,False,False,1.0,4.547473508864641e-13;,1.4805501083264704e-11;
1,0,False,False,False,1.0,1.8189894035458565e-12;,1.8550124927397645e-11;
1,0,False,False,False,1.0,0.0;,1.4999770885397668e-11;
1,0,False,False,False,1.0,1.1381816566289615e-09;,2.4404303740081994e-11;
1,0,False,False,False,1.0,3.637978807091713e-11;,1.1504299109832135e-11;
1,0,False,False,False,1.0,1.4665161412810538e-11;,2.5724394843074972e-12;
1,0,False,False,False,1.0,1.667751423237155e-11;,5.752149554916067e-12;
1,0,False,False,False,1.0,6.431098710768743e-13;,4.547473508864641e-12;
1,0,False,False,False,1.0,9.094947017729282e-12;,1.55414522765887e-11;
1,0,False,False,False,1.0,27969.320642151073;,1.8189894035458565e-11;
1,0,False,False,False,1.0,1.8189894035458565e-12;,4.067383956680332e-12;
1,0,False,False,False,1.0,9.837689346015367e-12;,7.275957614183426e-12;
1,0,False,False,False,1.0,0.0;,1.2862197421537486e-11;
1,0,False,False,False,1.0,2.033691978340166e-12;,1.22359997904584e-11;
1,0,False,False,False,1.0,1.8189894035458565e-12;,1.8749713606747085e-11;
1,0,False,False,False,1.0,0.0;,1.1647215137477994e-11;
1,0,False,False,False,1.0,2.033691978340166e-12;,2.2810011076188772e-11;
1,0,False,False,False,1.0,4.067383956680332e-11;,2.9999541770795335e-11;
1,0,False,False,False,1.0,2.6613406386603914e-12;,6.558459564010244e-12;
1,0,False,False,False,1.0,6.431098710768743e-13;,5.823607568738997e-12;
1,0,False,False,False,1.0,3.7948932085828467e-11;,8.385126836667848e-12;
1,0,False,False,False,1.0,4.547473508864641e-13;,5.4569682106375694e-12;
1,0,False,False,False,1.0,3.2815556042323854e-10;,9.668061295755842e-12;
1,0,True,False,False,,,
1,0,False,False,False,1.0,2.2737367544323206e-12;,0.0;
1,0,False,False,False,1.0,1.8189894035458565e-12;,7.499885442698834e-12;
1,0,False,False,False,1.0,0.0;,1.8189894035458565e-11;
1,0,False,False,False,1.0,2.2737367544323206e-12;,2.5221060466468857e-11;
1,0,False,False,False,1.0,5.4569682106375694e-12;,3.656123452354546e-11;
1,0,False,False,False,1.0,1.8189894035458565e-12;,9.495403454739563e-12;
1,0,False,False,False,1.0,9.094947017729282e-13;,8.385126836667848e-12;
1,0,False,False,False,1.0,1.8189894035458565e-12;,1.2862197421537486e-11;
1,0,False,False,False,1.0,5.4569682106375694e-12;,9.094947017729282e-12;
1,0,True,False,False,,,
1,0,False,False,False,1.0,0.0;,1.3116919128020487e-11;
1,0,False,False,False,1.0,2.2737367544323206e-13;,4.897778860262864e-12;
1,0,False,False,False,1.0,9.094947017729282e-13;,1.9591115441051456e-11;
1,0,False,False,False,1.0,1.0645362554641566e-11;,6.558459564010244e-12;
1,0,False,False,False,1.0,2.033691978340166e-12;,4.547473508864641e-12;
1,0,False,False,False,1.0,0.0;,7.332580706405269e-12;
1,0,False,False,False,1.0,6.558459564010244e-12;,4.067383956680332e-12;
1,0,False,False,False,1.0,1.65040087223555e-10;,9.837689346015367e-12;
1,0,False,False,False,1.0,0.0;,8.385126836667848e-12;
1,0,False,False,False,1.0,4.547473508864641e-12;,4.067383956680332e-12;
1,0,False,False,False,1.0,0.0;,9.094947017729282e-12;
1,0,False,False,False,1.0,0.0;,1.0606439709309235e-11;
1,0,False,False,False,1.0,1.397895594116265e-10;,8.580155856231252e-12;
1,0,False,False,False,1.0,9.094947017729282e-13;,1.4665161412810538e-11;
1,0,False,False,False,1.0,0.0;,1.3116919128020487e-11;
1,0,False,False,False,1.0,0.0;,1.4580309236299762e-11;
1,0,False,False,False,1.0,3.587100603081809e-10;,1.543463690584498e-11;
1,0,False,False,False,1.0,1.1368683772161603e-12;,5.752149554916067e-12;
1,0,False,False,False,1.0,9.094947017729282e-13;,1.8189894035458565e-11;
1,0,False,False,False,1.0,7.924616842789679e-11;,3.637978807091713e-12;
1,0,False,False,False,1.0,1.2862197421537486e-12;,8.385126836667848e-12;
1,0,False,False,False,1.0,0.0;,2.637534635141492e-11;
1,0,False,False,False,1.0,1.8189894035458565e-12;,1.4665161412810538e-11;
1,0,False,False,False,1.0,9.094947017729282e-13;,1.543463690584498e-11;
1,0,False,False,False,1.0,6.1010759350204984e-12;,7.275957614183426e-12;
1,0,False,False,False,1.0,7.059577317822925e-12;,1.0913936421275139e-11;
1,0,False,False,False,1.0,1.8189894035458565e-12;,4.547473508864641e-12;
1,0,False,False,False,1.0,1.8331451766013172e-12;,1.0645362554641566e-11;
1,0,False,False,False,1.0,3.637978807091713e-12;,2.4740930728031242e-11;
1,0,False,False,False,1.0,0.0;,6.366462912410498e-12;
1,0,False,False,False,1.0,1.2286031302118544e-09;,2.648488549050132e-11;
1,0,False,False,False,1.0,4.067383956680332e-12;,8.134767913360665e-12;
1,0,False,False,False,1.0,0.0;,1.9675378692030733e-11;
1,0,False,False,False,1.0,1.8189894035458565e-12;,1.4665161412810538e-11;
1,0,False,False,False,1.0,1.1504299109832135e-11;,1.626953582672133e-11;
1,0,False,False,False,1.0,1.7062678728208138e-10;,1.626953582672133e-11;
1,0,False,False,False,1.0,0.0;,1.3116919128020487e-11;
1,0,False,False,False,1.0,0.0;,1.0913936421275139e-11;
1,0,False,False,False,1.0,8.134767913360665e-12;,9.094947017729282e-12;
1,0,False,False,False,1.0,1.5916157281026244e-12;,2.0544315699365175e-11;
1,0,False,False,False,1.0,6.432153726363829e-11;,1.8189894035458565e-12;
1,0,False,False,False,1.0,3.837162350415199e-11;,2.1903532940618417e-11;
1,0,False,False,False,1.0,1.7360631555039154e-10;,3.6662903532026344e-12;
1,0,False,False,False,1.0,4.547473508864641e-13;,5.752149554916067e-12;
1,0,False,False,False,1.0,3.279229782005122e-12;,9.094947017729282e-12;
1,0,False,False,False,1.0,0.0;,2.329443027495599e-11;
1,0,False,False,False,1.0,1.0729050377102845e-10;,2.5530732905496186e-11;
1,0,False,False,False,1.0,1.1647215137477994e-11;,1.4999770885397668e-11;
1,0,False,False,False,1.0,7.275957614183426e-12;,2.6233838256040975e-11;
1,0,False,False,False,1.0,8.134767913360665e-12;,2.329443027495599e-11;
1,0,False,False,False,1.0,3.624310710651348e-11;,1.9336122591511685e-11;
1,0,False,False,False,1.0,3.637978807091713e-12;,1.2635104203081759e-11;
1,0,False,False,False,1.0,3.012336521656688e-11;,1.2202151870040997e-11;
1,0,False,False,False,1.0,3.637978807091713e-12;,2.033691978340166e-11;
1,0,False,False,False,1.0,8.385126836667848e-11;,1.4502091943633764e-11;
1,0,False,False,False,1.0,3.637978807091713e-12;,4.018278929720422e-11;
1,0,False,False,False,1.0,1.6026796054155601e-09;,1.4805501083264704e-11;
1,0,False,False,False,1.0,19913.8602129759;,1.4665161412810538e-11;
1,0,False,False,False,1.0,0.0;,7.77072613829435e-12;
1,0,False,False,False,1.0,2.033691978340166e-12;,5.823607568738997e-12;
1,0,False,False,False,1.0,8.617732263813753e-12;,9.094947017729282e-13;
1,0,False,False,False,1.0,2.82383092712917e-11;,3.253907165344266e-11;
1,0,False,False,False,1.0,4.580098288720973e-11;,1.6770253673335696e-11;
1,0,False,False,False,1.0,1.8189894035458565e-12;,1.3116919128020487e-11;
1,0,False,False,False,1.0,8.461845057321805e-12;,2.329443027495599e-11;
1,0,False,False,False,1.0,4.067383956680332e-12;,1.0289757937229989e-11;
1,0,False,False,False,1.0,6.558459564010244e-12;,8.134767913360665e-12;
2,0,False,False,False,1.0,11.805470452621549;47.80323091701384;,4.897778860262864e-12;3.354050734667139e-11;
2,0,False,False,False,1.0,46.56768941128045;100.59347536752479;,1.1823431123048067e-11;1.2202151870040997e-11;
2,0,False,False,False,1.0,3.130752748457782e-10;8.104205120596985e-11;,1.1823431123048067e-11;1.1647215137477994e-11;
2,0,False,False,False,1.0,24037.70440254451;3.637978807091713e-12;,1.4665161412810538e-11;1.626953582672133e-11;
2,0,False,False,False,1.0,4.857246692441866e-10;2.764100889592498e-10;,9.795557720525728e-12;1.4805501083264704e-11;
2,0,False,False,False,1.0,4.547473508864641e-13;3.917515801994944e-10;,6.1010759350204984e-12;6.558459564010244e-12;
2,0,False,False,False,1.0,2.033691978340166e-12;1.0500300474473785e-09;,1.3642420526593924e-11;1.0289757937229989e-11;
2,0,False,False,False,1.0,4.547473508864641e-13;6.914552726356564e-11;,1.1064480586898243e-11;1.543463690584498e-11;
2,0,False,False,False,1.0,0.0;9.094947017729282e-13;,1.016845989170083e-11;1.2370465364015621e-11;
2,0,False,False,False,1.0,1.5531413620675046e-09;1.0231815394945443e-12;,1.1504299109832135e-11;1.0951766470309208e-11;
2,0,False,False,False,1.0,9.094947017729282e-13;0.0;,1.0951766470309208e-11;1.546140993013978e-11;
2,0,False,False,False,0.5,151.03177916084772;,1.1504299109832135e-11;
2,0,False,False,False,1.0,1.8331451766013172e-12;1.8189894035458565e-12;,3.279229782005122e-12;1.8550124927397645e-11;
2,0,False,False,False,1.0,98.87525779773092;85.21000810800257;,7.499885442698834e-12;5.532240293449121e-12;
2,0,False,False,False,1.0,0.0;8.375256171872998e-11;,2.648488549050132e-11;2.0579515874459978e-11;
2,0,False,False,False,1.0,3.6662903532026344e-12;0.0;,8.385126836667848e-12;8.134767913360665e-12;
2,0,False,False,False,1.0,0.0;0.0;,9.795557720525728e-12;1.1504299109832135e-11;
2,0,False,False,False,1.0,5.599757106209431e-10;20327.65377559252;,6.558459564010244e-12;1.0913936421275139e-11;
2,0,False,False,False,1.0,1.8189894035458565e-12;1.8189894035458565e-12;,1.543463690584498e-11;8.580155856231252e-12;
2,0,False,False,False,1.0,83.48411656891614;62.95868093658692;,4.897778860262864e-12;9.275062463698822e-12;
2,0,False,False,False,1.0,3.279229782005122e-12;1.8189894035458565e-12;,3.637978807091713e-11;1.8550124927397645e-11;
2,0,False,False,False,1.0,157.45115323998954;177.61776654847458;,1.8550124927397645e-11;1.626953582672133e-11;
2,0,False,False,False,1.0,121.79838383402645;159.22890644190528;,8.957483989248525e-12;2.7706021158751932e-11;
2,0,False,False,False,1.0,1.2862197421537486e-12;0.0;,1.19625350980331e-11;4.547473508864641e-12;
2,0,False,False,False,1.0,0.0;0.0;,3.749942721349417e-12;0.0;
2,0,False,False,False,1.0,84.2473205142338;487.1410821420669;,1.1504299109832135e-11;2.9999541770795335e-11;
2,0,False,False,False,1.0,1.2919947662943568e-10;2.7672144167374155e-09;,8.134767913360665e-12;9.094947017729282e-12;
2,0,False,False,False,1.0,8.914997941381441e-10;6.821210263296962e-13;,1.9591115441051456e-11;7.332580706405269e-12;
2,0,False,False,False,0.5,280.4752629781125;,1.1647215137477994e-11;
2,0,False,False,False,1.0,5.1448789686149945e-12;0.0;,2.2128961173796485e-11;1.8189894035458565e-12;
2,0,False,False,False,1.0,4.547473508864641e-13;0.0;,9.973388023109378e-12;1.4999770885397668e-11;
2,0,False,False,False,1.0,7.506169478731274e-10;2.4556356947869062e-11;,8.134767913360665e-12;3.4811199309851215e-11;
2,0,False,False,False,1.0,2.8760747774580336e-12;8.543927027883881e-12;,9.495403454739563e-12;9.668061295755842e-12;
2,0,False,False,False,1.0,112.49251866855194;894.6779066238729;,4.897778860262864e-12;2.2791871899501835e-11;
2,0,False,False,False,1.0,1.8189894035458565e-12;2.1415655269685917e-10;,4.067383956680332e-12;6.1010759350204984e-12;
2,0,False,False,False,1.0,455.2585320145285;163.3162120574044;,1.0998871059607903e-11;2.7041221523756587e-11;
2,0,False,False,False,1.0,0.0;4.547473508864641e-13;,7.332580706405269e-12;3.637978807091713e-12;
2,0,False,False,False,1.0,1.9578919975852996e-10;1.8189894035458565e-11;,3.885363069147175e-12;1.747082270621699e-11;
2,0,False,False,False,1.0,1.957799906824053e-12;7.841137047792978e-11;,5.303219854654618e-12;1.124982816404825e-11;
2,0,False,False,False,1.0,0.0;1.324244274525066e-11;,1.626953582672133e-11;2.2296536684973512e-11;
2,0,False,False,False,1.0,0.0;1.8189894035458565e-12;,8.580155856231252e-12;1.1064480586898243e-11;
2,0,False,False,False,1.0,1.639614891002561e-12;9.094947017729282e-13;,4.897778860262864e-12;4.637531231849411e-12;
2,0,False,False,False,1.0,1.3642420526593924e-12;4.547473508864641e-12;,1.0951766470309208e-11;1.0951766470309208e-11;
2,0,False,False,False,1.0,1.0606439709309235e-11;2.033691978340166e-12;,1.1368683772161603e-11;1.543463690584498e-11;
2,0,False,False,False,1.0,8.185452315956354e-12;0.0;,9.094947017729282e-12;1.124982816404825e-11;
2,0,False,False,False,1.0,9.094947017729282e-13;5.135223259819433e-11;,3.279229782005122e-12;1.626953582672133e-11;
2,0,False,False,False,1.0,1.3116919128020487e-11;1.22890539088916e-09;,2.24996563280965e-11;4.897778860262864e-12;
2,0,False,False,False,1.0,1.0289757937229989e-11;0.0;,3.867224518302337e-11;1.4551915228366852e-11;
2,0,False,False,False,1.0,5.772436954591096e-10;7.251359677934261e-10;,4.067383956680332e-12;1.8189894035458565e-11;
2,0,False,False,False,1.0,0.0;4.858583349789786e-10;,1.8393392034483154e-11;9.094947017729282e-12;
2,0,False,False,False,1.0,9.094947017729282e-13;9.094947017729282e-13;,1.1101797659406386e-11;1.6770253673335696e-11;
2,0,False,False,False,1.0,9.094947017729282e-13;4.547473508864641e-13;,2.033691978340166e-12;7.402750541632352e-12;
2,0,False,False,False,1.0,36.61602866843419;0.0;,1.7087854055767762e-11;1.55414522765887e-11;
2,0,False,False,False,1.0,65.98385232850453;41.861194701349845;,2.1154307159327815e-11;7.499885442698834e-12;
2,0,False,False,False,1.0,4.067383956680332e-12;1.8189894035458565e-12;,8.957483989248525e-12;1.8189894035458565e-11;
2,0,False,False,False,1.0,1.1368683772161603e-11;2.1119869164203992e-10;,6.366462912410498e-12;1.7160311712462504e-11;
2,0,False,False,False,1.0,1.081321444240731e-10;3.693265262745072e-11;,6.62122137262533e-12;1.7160311712462504e-11;
2,0,False,False,False,1.0,4.067383956680332e-12;6.057535140042715e-11;,8.957483989248525e-12;5.4569682106375694e-12;
2,0,False,False,False,1.0,1.8189894035458565e-12;5.184169662514018e-10;,2.220359531881277e-11;1.2732925824820995e-11;
2,0,False,False,False,1.0,2.2737367544323206e-13;3.637978807091713e-12;,1.124982816404825e-11;1.4551915228366852e-11;
2,0,False,False,False,1.0,2.2737367544323206e-13;0.0;,1.2635104203081759e-11;7.275957614183426e-12;
2,0,False,False,False,1.0,92.27170860713682;84.95460152891091;,1.4206761399521663e-11;8.134767913360665e-12;
2,0,False,False,False,1.0,1.931215147485927e-10;3.637978807091713e-12;,1.4665161412810538e-11;2.300859821966427e-11;
2,0,False,False,False,1.0,9.575925416140454e-10;4.547473508864641e-13;,4.067383956680332e-12;1.0913936421275139e-11;
2,0,False,False,False,1.0,0.0;5.1448789686149945e-12;,1.55414522765887e-11;8.134767913360665e-12;
2,0,False,False,False,1.0,9.094947017729282e-13;5.752149554916067e-12;,1.4805501083264704e-11;1.6770253673335696e-11;
2,0,False,False,False,1.0,1.8189894035458565e-12;9.094947017729282e-13;,1.4206761399521663e-11;1.0645362554641566e-11;
2,0,False,False,False,1.0,0.0;2.7284841053187847e-12;,2.572439484307497e-11;2.548208745087668e-11;
2,0,False,False,False,1.0,7.499885442698834e-12;1.8189894035458565e-12;,3.294329922259719e-11;1.0913936421275139e-11;
2,0,False,False,False,1.0,1.1368683772161603e-12;9.094947017729282e-13;,4.547473508864641e-12;1.8749713606747085e-11;
2,0,False,False,False,1.0,4.547473508864641e-13;9.094947017729282e-13;,1.4473544490865196e-11;3.749942721349417e-12;
2,0,False,False,False,1.0,5.4569682106375694e-12;2.5724394843074972e-12;,1.1647215137477994e-11;1.8189894035458565e-11;
2,0,False,False,False,1.0,1.3642420526593924e-12;0.0;,1.9271847213910488e-11;1.669610333072871e-11;
2,0,False,False,False,1.0,0.0;0.0;,1.4551915228366852e-11;3.10829045531774e-11;
2,0,False,False,False,1.0,0.0;1.8189894035458565e-12;,3.749942721349417e-12;2.82383092712917e-11;
2,0,False,False,False,1.0,1.1368683772161603e-12;0.0;,1.5883642114725243e-11;1.0289757937229989e-11;
2,0,False,False,False,1.0,1.8189894035458565e-12;1.8189894035458565e-12;,5.4569682106375694e-12;1.3116919128020487e-11;
2,0,False,False,False,1.0,6.821210263296962e-13;8.761833298595259e-10;,2.033691978340166e-12;1.0951766470309208e-11;
2,0,False,False,False,1.0,2.033691978340166e-12;0.0;,8.134767913360665e-12;1.3853010579375966e-11;
2,0,False,False,False,1.0,2.4170153239389606e-12;2.2737367544323206e-13;,1.8749713606747085e-11;1.274104372543834e-11;
2,0,False,False,False,1.0,0.0;5.1448789686149945e-12;,1.2370465364015621e-11;1.8550124927397645e-11;
2,0,False,False,False,1.0,4.2120824554769125e-10;1.8189894035458565e-12;,1.0998871059607903e-11;1.3116919128020487e-11;
2,0,False,False,False,1.0,2.033691978340166e-11;9.094947017729282e-13;,2.4740930728031242e-11;1.7659192816561335e-11;
2,0,False,False,False,1.0,9.094947017729282e-13;1.80245811418146e-10;,1.6090603833576217e-11;1.0289757937229989e-11;
2,0,False,False,False,0.5,357.9523428507812;,1.8189894035458565e-12;
2,0,False,False,False,1.0,4.547473508864641e-13;2.0932585159622658e-09;,7.103380699760832e-12;1.9675378692030733e-11;
2,0,False,False,False,1.0,6.821210263296962e-13;9.134827610062187e-13;,5.1448789686149945e-12;4.897778860262864e-12;
2,0,False,False,False,0.5,51.84106559839871;,1.639614891002561e-11;
2,0,False,False,False,1.0,60.348300927107715;46.79657661263364;,3.637978807091713e-12;1.0289757937229989e-11;
2,0,False,False,False,1.0,2.0938140429682494e-11;2.009139464860211e-11;,2.033691978340166e-12;1.0289757937229989e-11;
2,0,False,False,False,1.0,4.547473508864641e-13;2.6881397189299337e-09;,5.4569682106375694e-12;1.8727642129282687e-11;
2,0,False,False,False,1.0,9.094947017729282e-13;2.033691978340166e-12;,6.1010759350204984e-12;9.140308630886366e-12;
2,0,False,False,False,1.0,2.033691978340166e-12;0.0;,1.3116919128020487e-11;5.532240293449121e-12;
2,0,False,False,False,1.0,94.94847642794761;156.72800419446935;,8.580155856231252e-12;9.795557720525728e-12;
2,0,False,False,False,1.0,6.62122137262533e-12;4.547473508864641e-13;,9.795557720525728e-12;8.829596408280667e-12;
2,0,False,False,False,1.0,1.016845989170083e-12;1.0067962826956822e-09;,5.303219854654618e-12;6.1852326820078106e-12;
2,0,False,False,False,1.0,3.113608321404843e-11;0.0;,1.543463690584498e-11;3.749942721349417e-12;
2,0,False,False,False,1.0,0.0;3.979039320256561e-12;,1.1395935949750917e-11;2.359433305368447e-11;
2,0,False,False,False,1.0,9.795557720525728e-12;4.547473508864641e-13;,1.8990806909479126e-11;1.9946776046218755e-11;
2,0,False,False,False,1.0,9.165725883006586e-13;5.1448789686149945e-12;,2.7284841053187847e-12;1.8550124927397645e-11;
2,0,False,False,False,1.0,0.0;1.8189894035458565e-12;,1.3116919128020487e-11;2.7765668205527158e-11;
2,0,False,False,False,1.0,5.536910822177525e-12;0.0;,3.279229782005122e-12;9.668061295755842e-12;
2,0,False,False,False,1.0,1.947537651086065e-09;1.8189894035458565e-12;,7.77072613829435e-12;1.8550124927397645e-11;
2,0,False,False,False,1.0,1.8189894035458565e-12;9.094947017729282e-13;,2.572439484307497e-11;1.828061726177273e-11;
2,0,False,False,False,1.0,0.0;1.974235031731525e-12;,5.1448789686149945e-12;1.8189894035458565e-12;
2,0,False,False,False,1.0,5.303219854654618e-12;1.8189894035458565e-12;,1.016845989170083e-11;8.385126836667848e-12;
2,0,False,False,False,1.0,0.0;29389.976538332892;,2.000888343900442e-11;1.524590935718171e-11;
2,0,False,False,False,1.0,4.547473508864641e-13;0.0;,7.77072613829435e-12;1.3116919128020487e-11;
2,0,False,False,False,1.0,256.0744646979799;60.01487008371967;,7.332580706405269e-12;1.3882834102763579e-11;
2,0,False,False,False,1.0,70.90676340329061;65.92468213878614;,1.4805501083264704e-11;1.9675378692030733e-11;
2,0,False,False,False,1.0,1.8189894035458565e-12;3.5063114534013004e-10;,1.0606439709309235e-11;2.4740930728031242e-11;
2,0,False,False,False,1.0,2.2737367544323206e-12;0.0;,2.4404303740081994e-11;1.0289757937229989e-11;
2,0,False,False,False,0.5,505.2748450515794;,6.558459564010244e-12;
2,0,False,False,False,1.0,6.510991198991339e-12;1.124982816404825e-11;,5.303219854654618e-12;1.8212617209884036e-11;
2,0,False,False,False,1.0,2.1450389640578133e-11;1.8189894035458565e-12;,1.0616183799292005e-11;1.1504299109832135e-11;
2,0,False,False,False,1.0,49.081132267496685;57.230618310390014;,7.77072613829435e-12;1.0289757937229989e-11;
2,0,False,False,False,1.0,6.558459564010244e-12;0.0;,1.8189894035458565e-11;1.6770253673335696e-11;
2,0,False,False,False,1.0,1.0289757937229989e-11;3.637978807091713e-12;,2.674904166242912e-11;1.8189894035458565e-12;
2,0,False,False,False,1.0,0.0;1.8189894035458565e-12;,1.626953582672133e-11;1.0289757937229989e-11;
2,0,False,False,False,1.0,0.0;9.094947017729282e-13;,1.9946776046218755e-11;1.0289757937229989e-11;
2,0,False,False,False,1.0,4.458901547533301e-11;2.7442975940239444e-10;,2.5530732905496186e-11;8.235824805649297e-12;
2,0,False,False,False,1.0,5.229594535194337e-12;3.637978807091713e-12;,1.2005674564028673e-11;2.1903532940618417e-11;
2,0,False,False,False,1.0,1.8189894035458565e-12;1.8189894035458565e-12;,1.6770253673335696e-11;2.39250701960662e-11;
2,0,False,False,False,1.0,0.0;1.8189894035458565e-12;,9.094947017729282e-12;1.543463690584498e-11;
2,0,False,False,False,1.0,1.016845989170083e-12;0.0;,6.558459564010244e-12;1.8550124927397645e-11;
2,0,False,False,False,1.0,4.547473508864641e-12;9.094947017729282e-13;,2.329443027495599e-11;3.0233004760875085e-11;
2,0,False,False,False,1.0,1.4126256366207707e-09;0.0;,2.7360527304138165e-11;2.300859821966427e-11;
2,0,False,False,False,1.0,1.0231815394945443e-12;4.0057847254681165e-10;,0.0;1.8550124927397645e-11;
2,0,False,False,False,1.0,47.455615087792175;23.664491023663036;,8.134767913360665e-12;5.823607568738997e-12;
2,0,False,False,False,1.0,75.49018504355006;125.45643918642936;,1.7659192816561335e-11;1.8189894035458565e-11;
2,0,False,False,False,1.0,1.3642420526593924e-12;0.0;,1.0645362554641566e-11;1.8749713606747085e-12;
2,0,False,False,False,1.0,2.639983645525499e-11;9.094947017729282e-13;,1.1504299109832135e-11;1.828061726177273e-11;
2,0,False,False,False,1.0,5.4947331471314884e-12;1.8498668375434718e-09;,3.6662903532026344e-12;5.752149554916067e-12;
2,0,False,False,False,1.0,5.066663071660774e-10;1.8189894035458565e-12;,9.495403454739563e-12;7.275957614183426e-12;
2,0,False,False,False,1.0,9.837689346015367e-12;1.3642420526593924e-12;,1.1647215137477994e-11;4.067383956680332e-12;
2,0,False,False,False,1.0,1.1368683772161603e-12;1.8189894035458565e-12;,1.9336122591511685e-11;1.2635104203081759e-11;
2,0,False,False,False,1.0,4.067383956680332e-12;2.7284841053187847e-12;,1.2202151870040997e-11;1.4665161412810538e-11;
2,0,False,False,False,1.0,7.966779048096778e-11;2.2737367544323206e-13;,1.324244274525066e-11;9.795557720525728e-12;
2,0,False,False,False,1.0,0.0;0.0;,4.897778860262864e-12;1.55414522765887e-11;
2,0,False,False,False,1.0,1.882016839178668e-10;4.290077928115626e-12;,2.1903532940618417e-11;1.55414522765887e-11;
2,0,False,False,False,1.0,117.23749096532482;87.11530214767691;,9.668061295755842e-12;9.094947017729282e-12;
2,0,False,False,False,1.0,1.3354623655581649e-09;3.279229782005122e-12;,6.558459564010244e-12;2.8194335754960775e-11;
2,0,False,False,False,1.0,1.9863664117875992e-11;1.4029821758066582e-09;,1.8990806909479126e-11;5.752149554916067e-12;
2,0,False,False,False,1.0,4.067383956680332e-12;2.7284841053187847e-12;,1.1504299109832135e-11;1.4665161412810538e-11;
2,0,False,False,False,1.0,49.337586396747376;51.88202173850903;,1.3116919128020487e-11;7.77072613829435e-12;
2,0,False,False,False,1.0,2.5724394843074972e-12;22296.257712872466;,1.0289757937229989e-11;1.0951766470309208e-11;
2,0,False,False,False,1.0,971.4554471771498;830.3626204500099;,5.1448789686149945e-12;1.0289757937229989e-11;
2,0,False,False,False,1.0,0.0;9.795557720525728e-12;,1.0951766470309208e-11;1.5883642114725243e-11;
2,0,False,False,False,1.0,1.8550124927397645e-11;2.5724394843074972e-12;,2.2737367544323206e-11;1.4551915228366852e-11;
2,0,False,False,False,1.0,96.2775633218561;207.59677422034844;,2.8760747774580336e-12;1.626953582672133e-11;
3,0,False,False,False,1.0,4.345129974720885e-10;9.45568360357181e-11;1.8189894035458565e-12;,2.9160618472599524e-11;4.637531231849411e-12;1.626953582672133e-11;
3,0,False,False,False,1.0,1.016845989170083e-12;1.473493695890548e-10;1.0913936421275139e-11;,2.5724394843074972e-12;1.55414522765887e-11;2.033691978340166e-11;
3,0,False,False,False,1.0,2.033691978340166e-12;1.8189894035458565e-12;0.0;,7.332580706405269e-12;1.0645362554641566e-11;1.3882834102763579e-11;
3,0,False,False,False,0.6666666666666666,9.10980625453269e-10;1253.440501512618;,1.586410102619303e-11;7.275957614183426e-12;
3,0,False,False,False,1.0,5.084229945850415e-13;4.547473508864641e-13;1.8189894035458565e-12;,9.094947017729282e-13;6.431098710768743e-12;3.253907165344266e-11;
3,0,False,False,False,1.0,9.094947017729282e-13;1.1823431123048067e-11;30096.79333956065;,1.3882834102763579e-11;5.532240293449121e-12;1.1823431123048067e-11;
3,0,False,False,False,0.6666666666666666,547.8924918466981;5.349808332485824e-11;,7.499885442698834e-12;1.0289757937229989e-11;
3,0,False,False,False,1.0,1.1368683772161603e-12;4.067383956680332e-12;3.637978807091713e-12;,7.499885442698834e-12;2.4404303740081994e-11;1.9591115441051456e-11;
3,0,False,False,False,1.0,4.547473508864641e-13;0.0;1.899625074129783e-11;,9.275062463698822e-12;7.499885442698834e-12;3.294329922259719e-11;
3,0,False,False,False,1.0,1.8749713606747085e-12;1.8189894035458565e-12;1.4722445484949276e-11;,1.124982816404825e-11;7.275957614183426e-12;2.6233838256040975e-11;
3,0,False,False,False,1.0,6.716368186870647;22.15789931877129;0.0;,1.1504299109832135e-11;1.3116919128020487e-11;4.067383956680332e-12;
3,0,False,False,False,1.0,9.094947017729282e-13;1.8189894035458565e-12;6.1010759350204984e-12;,1.55414522765887e-11;1.55414522765887e-11;8.957483989248525e-12;
3,0,False,False,False,1.0,5.106792919918345;4.547473508864641e-12;9.434226725636065e-11;,9.094947017729282e-12;1.4665161412810538e-11;1.828061726177273e-11;
3,0,False,False,False,1.0,8.096546396138755e-12;2.7284841053187847e-12;0.0;,2.7284841053187847e-12;9.668061295755842e-12;2.033691978340166e-11;
3,0,False,False,False,0.6666666666666666,4943.653290371806;1.9907756656298735e-10;,1.8550124927397645e-11;1.1064480586898243e-11;
3,0,False,False,False,0.6666666666666666,25.668966411270898;1618.8652738261294;,3.279229782005122e-12;1.828061726177273e-11;
3,0,False,False,False,0.6666666666666666,7.74518447068221e-10;1793.1073302610348;,3.637978807091713e-12;1.4665161412810538e-11;
3,0,False,False,False,0.6666666666666666,2957.583245629526;1.8189894035458565e-12;,1.626953582672133e-11;7.103380699760832e-12;
3,0,False,False,False,0.6666666666666666,728.0658432623593;1.7224859624637878e-09;,7.275957614183426e-12;1.626953582672133e-11;
3,0,False,False,False,1.0,575.095355393678;627.666522305009;9.094947017729282e-13;,1.0289757937229989e-11;1.3116919128020487e-11;1.0951766470309208e-11;
3,0,False,False,False,1.0,1.5156278271246781e-09;4.547473508864641e-13;1.0374620055953855e-10;,4.897778860262864e-12;7.77072613829435e-12;2.4740930728031242e-11;
3,0,False,False,False,1.0,304.451286511984;0.0;87.25678689250357;,1.1504299109832135e-11;1.0606439709309235e-11;1.546140993013978e-11;
3,0,False,False,False,1.0,0.0;1.7616468654540837e-09;2.74441815856397e-10;,1.4206761399521663e-11;1.324244274525066e-11;3.6662903532026344e-12;
3,0,False,False,False,1.0,1.639614891002561e-12;6.821210263296962e-13;2.5724394843074972e-12;,1.469333658078859e-11;1.472847974646506e-11;2.033691978340166e-11;
3,0,False,False,False,0.6666666666666666,2.40436837099288e-10;1848.5322581312982;,6.558459564010244e-12;9.275062463698822e-12;
3,0,False,False,False,1.0,9.094947017729282e-13;5.4569682106375694e-12;0.0;,1.1823431123048067e-11;2.2128961173796485e-11;6.558459564010244e-12;
3,0,False,False,False,1.0,9.094947017729282e-13;1.016845989170083e-12;1.8189894035458565e-12;,1.8189894035458565e-11;1.2862197421537486e-12;1.4665161412810538e-11;
3,0,False,False,False,1.0,6.821210263296962e-13;1.1368683772161603e-12;3.637978807091713e-12;,7.499885442698834e-12;9.140308630886366e-12;3.9727328235751984e-11;
3,0,False,False,False,1.0,2.033691978340166e-12;0.0;5.067118136934048e-11;,1.7160311712462504e-11;1.0289757937229989e-11;2.9103830456733704e-11;
3,0,False,False,False,1.0,5.64784493161561e-12;299.5730077949761;179.79733311347258;,1.2870233784346879e-11;2.4740930728031242e-11;2.123236759858401e-11;
3,0,False,False,False,1.0,2.033691978340166e-12;757.47865477242;477.21526616628944;,1.1064480586898243e-11;7.622954678590855e-12;2.121287941861847e-11;
3,0,False,False,False,1.0,42.24251513176458;42.785349938072095;7.275957614183426e-12;,2.2737367544323206e-12;3.637978807091713e-12;2.9330322825621076e-11;
3,0,False,False,False,1.0,2.033691978340166e-12;0.0;0.0;,6.366462912410498e-12;1.3642420526593924e-11;1.4665161412810538e-11;
3,0,False,False,False,1.0,9.094947017729282e-13;1.8189894035458565e-12;9.094947017729282e-13;,1.2765366452748093e-11;4.290077928115626e-12;5.303219854654618e-12;
3,0,False,False,False,1.0,4.9146387340829446e-11;2.0463630789890885e-12;1.8189894035458565e-12;,1.4665161412810538e-11;3.294329922259719e-11;1.9591115441051456e-11;
3,0,False,False,False,1.0,28.671750735774875;5.1448789686149945e-12;125.87031482660268;,4.067383956680332e-12;1.1504299109832135e-11;2.220359531881277e-11;
3,0,False,False,False,1.0,7.04131156412541e-10;1.8189894035458565e-12;1.8189894035458565e-12;,5.823607568738997e-12;2.4268345558314348e-11;1.8189894035458565e-11;
3,0,False,False,False,0.6666666666666666,51.08724888112917;1.8189894035458565e-12;,9.094947017729282e-12;3.637978807091713e-12;
3,0,False,False,False,1.0,57.40408881680862;68.60642531052999;1.3565552515219108e-09;,5.1448789686149945e-12;2.331217841488305e-11;2.930563548164723e-11;
3,0,False,False,False,1.0,9.912895636223843e-10;0.0;0.0;,1.2370465364015621e-11;1.1504299109832135e-11;1.3882834102763579e-11;
3,0,False,False,False,1.0,167.49908885378727;0.0;275.83925108515473;,2.24996563280965e-11;9.795557720525728e-12;2.2128961173796485e-11;
3,0,False,False,False,0.6666666666666666,0.0;144.87275691185607;,1.0289757937229989e-11;1.3116919128020487e-11;
3,0,False,False,False,1.0,1.8189894035458565e-12;5.752149554916067e-12;1.8189894035458565e-11;,8.134767913360665e-12;2.2128961173796485e-11;1.0913936421275139e-11;
3,0,False,False,False,1.0,698.1762237632794;2473.003180906658;1285.448817508922;,1.4551915228366852e-11;1.8189894035458565e-11;1.8189894035458565e-11;
3,0,False,False,False,0.6666666666666666,2186.493056972127;107.3141584781436;,1.0913936421275139e-11;1.0913936421275139e-11;
3,0,False,False,False,1.0,2.9118037843694986e-12;8.526512829121202e-13;0.0;,4.834030647877921e-12;6.558459564010244e-12;4.067383956680332e-12;
3,0,False,False,False,1.0,4.067383956680332e-12;283.0820544130567;203.0726501001521;,8.134767913360665e-12;2.4011349128057346e-11;1.8189894035458565e-11;
3,0,False,False,False,1.0,0.0;1.8189894035458565e-12;5.1448789686149945e-12;,8.580155856231252e-12;2.121287941861847e-11;2.1827872842550278e-11;
3,0,False,False,False,0.6666666666666666,125.60646798542281;5.506012118590774e-11;,1.1064480586898243e-11;1.3116919128020487e-11;
3,0,False,False,False,1.0,2.9022003010338904e-11;9.094947017729282e-13;1.5762149324934304e-09;,3.885363069147175e-12;9.668061295755842e-12;1.626953582672133e-11;
3,0,False,False,False,1.0,4.547473508864641e-13;299.3079677470215;47.38532390028214;,5.823607568738997e-12;2.5270208406163518e-11;1.1504299109832135e-11;
3,0,False,False,False,1.0,9.304696437861124e-11;1.1596057447604835e-11;8.85905731548404e-11;,6.926505289687983e-12;1.543463690584498e-11;1.8189894035458565e-12;
3,0,False,False,False,1.0,2.033691978340166e-12;1.8189894035458565e-12;1.8189894035458565e-12;,7.499885442698834e-12;1.2202151870040997e-11;3.253907165344266e-11;
3,0,False,False,False,1.0,0.0;1.8189894035458565e-12;0.0;,5.752149554916067e-12;2.82383092712917e-11;1.2370465364015621e-11;
3,0,False,False,False,1.0,1.2224845623439432e-10;9.094947017729282e-13;0.0;,1.6770253673335696e-11;8.957483989248525e-12;4.067383956680332e-12;
3,0,False,False,False,1.0,9.094947017729282e-13;0.0;1.8189894035458565e-12;,1.7160311712462504e-11;5.1448789686149945e-12;1.6090603833576217e-11;
3,0,False,False,False,1.0,4.547473508864641e-13;1.8189894035458565e-12;1.881714646169765e-10;,8.580155856231252e-12;1.0289757937229989e-11;2.6233838256040975e-11;
3,0,False,False,False,1.0,6.366462912410498e-12;1.8189894035458565e-12;0.0;,3.885363069147175e-12;8.957483989248525e-12;4.242575883723694e-11;
3,0,False,False,False,1.0,0.0;7.275957614183426e-12;28.12017611245854;,1.3520610761878294e-11;2.648488549050132e-11;1.9591115441051456e-11;
3,0,False,False,False,0.6666666666666666,253.29386250619484;2.5724394843074972e-12;,1.8189894035458565e-12;2.329443027495599e-11;
3,0,False,False,False,1.0,46.17845364709972;26.14947765152839;0.0;,5.752149554916067e-12;8.385126836667848e-12;6.1010759350204984e-12;
3,0,False,False,False,0.6666666666666666,501.5857308640506;480.7466321164699;,1.8189894035458565e-11;1.9591115441051456e-11;
3,0,False,False,False,1.0,170.09915705775518;8.664578027539067e-10;205.37824110097606;,3.749942721349417e-12;2.0579515874459978e-11;3.749942721349417e-12;
3,0,False,False,False,1.0,6.751447139290741e-10;2.7284841053187847e-12;9.094947017729282e-13;,6.62122137262533e-12;1.2370465364015621e-11;3.5095183887414785e-11;
3,0,False,False,False,0.6666666666666666,5.4569682106375694e-12;750.9887671806208;,1.411915463564585e-11;1.4665161412810538e-11;
3,0,False,False,False,1.0,9.094947017729282e-13;2.5724394843074972e-12;9.094947017729282e-13;,9.140308630886366e-12;1.3116919128020487e-11;1.4805501083264704e-11;
3,0,False,False,False,1.0,2.5724394843074972e-12;0.0;7.275957614183426e-12;,1.0289757937229989e-11;1.791496797849705e-11;2.4740930728031242e-11;
3,0,False,False,False,0.6666666666666666,1998.997946949154;1.8189894035458565e-12;,9.795557720525728e-12;4.547473508864641e-12;
3,0,False,False,False,1.0,8.853716041102206e-12;9.094947017729282e-13;1.0231815394945443e-11;,2.033691978340166e-12;2.1978932588525954e-11;2.648488549050132e-11;
3,0,False,False,False,1.0,2.033691978340166e-12;103.04068570042439;109.93000545313018;,9.837689346015367e-12;4.918844673007683e-12;9.094947017729282e-12;
3,0,False,False,False,1.0,4.067383956680332e-12;3.637978807091713e-12;5.4569682106375694e-12;,2.329443027495599e-11;1.828061726177273e-11;4.199463139453727e-11;
3,0,False,False,False,1.0,2.320113006967179e-09;2.5724394843074972e-12;4.092726157978177e-12;,8.134767913360665e-12;9.495403454739563e-12;1.4805501083264704e-11;
3,0,False,False,False,1.0,2.5030878637449714e-12;0.0;4.547473508864641e-12;,1.7280399333685637e-11;2.259137972646244e-11;5.4569682106375694e-12;
3,0,False,False,False,1.0,183.72761471912665;128.92721330420636;3.410605131648481e-13;,8.385126836667848e-12;1.9591115441051456e-11;8.134767913360665e-12;
3,0,False,False,False,1.0,37.86077581397027;38.73864428854326;7.870151476812293e-11;,6.760305380939147e-12;6.926505289687983e-12;5.1448789686149945e-12;
3,0,False,False,False,1.0,2.033691978340166e-12;0.0;1.8189894035458565e-12;,4.067383956680332e-12;1.8189894035458565e-11;3.279229782005122e-11;
3,0,False,False,False,1.0,3.92901711165905e-10;6.43238480191464e-10;0.0;,1.7160311712462504e-11;7.275957614183426e-12;1.626953582672133e-11;
3,0,False,False,False,1.0,102.85565618757273;0.0;114.88745250252437;,9.094947017729282e-12;2.8413522799043327e-11;1.1823431123048067e-11;
3,0,False,False,False,1.0,2.120178654963838e-09;1548.8827856577855;460.27306012612877;,2.009139464860211e-11;1.2862197421537486e-11;3.637978807091713e-11;
3,0,False,False,False,1.0,4.634771079376664e-09;4.067383956680332e-12;9.094947017729282e-13;,3.012336521656688e-11;2.0579515874459978e-11;9.094947017729282e-12;
3,0,False,False,False,1.0,492.8057898653191;455.744579068137;5.1448789686149945e-12;,1.2202151870040997e-11;9.795557720525728e-12;2.0579515874459978e-11;
3,0,False,False,False,1.0,1.595080396365176e-09;1.8189894035458565e-12;6.558459564010244e-12;,8.185452315956354e-12;1.0289757937229989e-11;2.220359531881277e-11;
3,0,False,False,False,1.0,32.8238048696791;46.015937422149946;7.34159987427504e-11;,1.0645362554641566e-11;2.1827872842550278e-11;1.7160311712462504e-11;
3,0,False,False,False,0.6666666666666666,7.608640739442002e-10;2.4404303740081994e-11;,1.1647215137477994e-11;1.8550124927397645e-11;
3,0,False,False,False,1.0,1.8189894035458565e-12;413.20599217171997;1.6770253673335696e-11;,1.4665161412810538e-11;2.329443027495599e-11;3.10829045531774e-11;
3,0,False,False,False,0.6666666666666666,2839.3144035138544;0.0;,1.9591115441051456e-11;1.2732925824820995e-11;
3,0,False,False,False,1.0,2.5724394843074972e-12;69.71262357473324;75.72992447981082;,1.1064480586898243e-11;1.8189894035458565e-11;1.8189894035458565e-11;
3,0,False,False,False,0.6666666666666666,694.4261468316647;1.8104428124747193e-11;,1.4999770885397668e-11;3.088266902768673e-11;
3,0,False,False,False,1.0,2.7840047305315177e-11;9.094947017729282e-13;0.0;,9.275062463698822e-12;1.626953582672133e-11;1.3116919128020487e-11;
3,0,False,False,False,1.0,1.6370904631912708e-11;222.27744239849426;956.9273145147417;,2.220359531881277e-11;3.279229782005122e-12;1.8189894035458565e-11;
3,0,False,False,False,1.0,8.412825991399586e-12;3.637978807091713e-12;0.0;,5.823607568738997e-12;9.094947017729282e-12;1.9675378692030733e-11;
3,0,False,False,False,0.6666666666666666,3.637978807091713e-12;6.215211173410459e-11;,2.648488549050132e-11;3.203952465593563e-11;
3,0,False,False,False,1.0,1.4680946168650606e-10;4.067383956680332e-12;2.2737367544323206e-13;,4.547473508864641e-12;2.6233838256040975e-11;7.499885442698834e-12;
3,0,False,False,False,1.0,9.094947017729282e-13;3.279229782005122e-12;0.0;,1.19625350980331e-11;2.5724394843074972e-12;1.0289757937229989e-11;
3,0,False,False,False,1.0,9.094947017729282e-13;1.8189894035458565e-12;4.067383956680332e-12;,5.1448789686149945e-12;4.89439991618336e-11;7.499885442698834e-12;
3,0,False,False,False,1.0,1.9060370537670294e-10;385.3487360582323;0.0;,5.322681277320783e-12;1.2370465364015621e-11;9.795557720525728e-12;
3,0,False,False,False,1.0,186.03332314282235;1.2560250253323515e-10;140.33900342540412;,1.1148268342486756e-11;1.6370904631912708e-11;4.547473508864641e-12;
3,0,False,False,False,0.6666666666666666,3.1296134261467324e-10;1.8189894035458565e-12;,1.0606439709309235e-11;1.4999770885397668e-11;
3,0,False,False,False,1.0,1.2008111612073904e-10;1.5993148189573158e-10;7.275957614183426e-12;,3.279229782005122e-12;7.332580706405269e-12;8.957483989248525e-12;
3,0,False,False,False,0.6666666666666666,486.0035918088456;1.7859511966720355e-09;,7.71731845292249e-12;2.300859821966427e-11;
3,0,False,False,False,1.0,2.6186498960465485e-11;55.785311562198096;33.000699489503674;,3.637978807091713e-12;1.3116919128020487e-11;1.3021982397982677e-11;
3,0,False,False,False,1.0,90.27610701517168;6.366462912410498e-12;539.1850294452472;,3.183231456205249e-12;9.374856803373543e-12;1.9946776046218755e-11;
3,0,False,False,False,1.0,0.0;9.094947017729282e-13;5.1448789686149945e-12;,8.134767913360665e-12;4.547473508864641e-12;1.0289757937229989e-11;
3,0,False,False,False,1.0,1.8189894035458565e-12;2.5724394843074972e-12;5.1448789686149945e-12;,1.0951766470309208e-11;2.329443027495599e-11;1.1504299109832135e-11;
3,0,False,False,False,1.0,1.016845989170083e-12;1.8189894035458565e-12;2.2737367544323206e-13;,4.067383956680332e-12;9.668061295755842e-12;8.134767913360665e-12;
3,0,False,False,False,1.0,3.183231456205249e-12;6.562191779049175e-10;0.0;,9.094947017729282e-12;1.0289757937229989e-11;1.3116919128020487e-11;
3,0,False,False,False,1.0,9.96360784780186;9.061730193895826;2.5724394843074972e-12;,3.637978807091713e-12;5.752149554916067e-12;2.685705669179406e-11;
3,0,False,False,False,1.0,330.40756040331433;9.094947017729282e-13;1.4665161412810538e-11;,7.77072613829435e-12;2.533559068467024e-11;8.134767913360665e-12;
3,0,False,False,False,1.0,0.0;8.134767913360665e-12;9.094947017729282e-13;,5.752149554916067e-12;1.72564486647482e-11;2.648488549050132e-11;
3,0,False,False,False,1.0,3.6662903532026344e-12;9.094947017729282e-13;1.8550124927397645e-11;,2.572439484307497e-11;1.0289757937229989e-11;5.1448789686149945e-12;
3,0,False,False,False,1.0,922.3368983417704;3.319344176069473e-11;1313.7335558402808;,2.24996563280965e-11;1.2732925824820995e-11;2.6233838256040975e-11;
3,0,False,False,False,1.0,0.0;6.055855696345889;7.6643912027849375;,3.279229782005122e-12;7.499885442698834e-12;1.4551915228366852e-11;
3,0,False,False,False,0.6666666666666666,101.15272486449824;65.49815700762397;,0.0;8.134767913360665e-12;
3,0,False,False,False,1.0,0.0;4.280670565643421e-10;0.0;,2.8760747774580336e-12;8.957483989248525e-12;3.749942721349417e-12;
3,0,False,False,False,1.0,1.4732691292968656e-10;3.279229782005122e-12;1.2953516405068613e-09;,9.374856803373543e-12;7.332580706405269e-12;3.172820205238606e-11;
3,0,False,False,False,1.0,1.9033499127203473e-10;599.1829139492439;5.045031957109555e-10;,1.0951766470309208e-11;1.8393392034483154e-11;1.8749713606747085e-11;
3,0,False,False,False,1.0,1.8189894035458565e-12;1.8189894035458565e-12;9.094947017729282e-12;,1.1504299109832135e-11;1.747082270621699e-11;1.55414522765887e-11;
3,0,False,False,False,1.0,4.167701944813506e-10;8.134767913360665e-12;9.094947017729282e-13;,1.747082270621699e-11;2.572439484307497e-11;5.752149554916067e-12;
3,0,False,False,False,1.0,281.91336781879176;5.4569682106375694e-12;3.123568986432514e-10;,3.637978807091713e-12;8.134767913360665e-12;1.3642420526593924e-11;
3,0,False,False,False,1.0,7.275957614183426e-12;0.0;1.8189894035458565e-12;,1.626953582672133e-11;7.499885442698834e-12;1.4665161412810538e-11;
3,0,False,False,False,0.6666666666666666,81.45913978921871;6.558459564010244e-12;,1.791496797849705e-11;1.0289757937229989e-11;
3,0,False,False,False,1.0,5.084229945850415e-13;2.121287941861847e-11;9.094947017729282e-13;,4.067383956680332e-12;2.9999541770795335e-11;1.8749713606747085e-11;
3,0,False,False,False,1.0,1.139457488886069e-10;0.0;0.0;,3.858659226461245e-12;1.4665161412810538e-11;1.3116919128020487e-11;
3,0,False,False,False,1.0,5.684341886080801e-13;1.1368683772161603e-13;4.547473508864641e-12;,3.279229782005122e-12;1.1064480586898243e-11;1.8990806909479126e-11;
3,0,False,False,False,1.0,6.114735270112566e-12;3.822399680005728e-10;0.0;,2.5724394843074972e-12;3.310610686312665e-12;3.601415278030496e-11;
3,0,False,False,False,1.0,4.067383956680332e-12;12.497668919542779;12.136866092265825;,1.8189894035458565e-11;4.834030647877921e-12;1.3912593695548235e-11;
3,0,False,False,False,1.0,1.639614891002561e-12;1.8189894035458565e-12;1.8189894035458565e-12;,6.760305380939147e-12;6.558459564010244e-12;1.4551915228366852e-11;
3,0,False,False,False,1.0,3.279229782005122e-12;5.1448789686149945e-12;0.0;,9.094947017729282e-12;5.1448789686149945e-12;1.3853010579375966e-11;
3,0,False,False,False,1.0,1.8749713606747085e-12;8.96678228920557;1.8189894035458565e-12;,1.4999770885397668e-11;1.3021982397982677e-11;1.4206761399521663e-11;
3,0,False,False,False,1.0,454.01701258514913;967.9141719799762;20752.532607513374;,2.7284841053187847e-12;2.123236759858401e-11;1.4999770885397668e-11;
3,0,False,False,False,0.6666666666666666,1.8749713606747085e-12;20959.65553205211;,7.332580706405269e-12;1.9591115441051456e-11;
3,0,False,False,False,1.0,2.9118037843694986e-12;1.3642420526593924e-12;9.094947017729282e-13;,7.71731845292249e-12;9.094947017729282e-12;3.2955851442226844e-11;
3,0,False,False,False,1.0,94.17531589940823;99.54238671985802;331.84895299447925;,1.016845989170083e-11;8.134767913360665e-12;4.067383956680332e-12;
3,0,False,False,False,0.6666666666666666,0.0;2200.6483996849274;,7.499885442698834e-12;7.499885442698834e-12;
3,0,False,False,False,1.0,135.47100396005044;288.7643291418816;138.3698958922741;,2.0579515874459978e-11;8.134767913360665e-12;2.0579515874459978e-11;
3,0,False,False,False,1.0,1.868105659773978e-09;0.0;6.558459564010244e-12;,1.3116919128020487e-11;1.107382164435505e-11;1.8189894035458565e-11;
3,0,False,False,False,0.6666666666666666,0.0;29.35594226937756;,2.033691978340166e-12;1.3642420526593924e-11;
3,0,False,False,False,0.6666666666666666,2.5724394843074972e-12;1833.8629420959394;,7.332580706405269e-12;2.39250701960662e-11;
3,0,False,False,False,1.0,250.73479961319183;53.486913531878514;304.9004547630158;,4.897778860262864e-12;1.0913936421275139e-11;2.8760747774580336e-12;
3,0,False,False,False,0.6666666666666666,4.547473508864641e-13;3.637978807091713e-12;,5.4569682106375694e-12;1.626953582672133e-11;
3,0,False,False,False,1.0,3.637978807091713e-12;1.4805501083264704e-11;1.8189894035458565e-12;,1.0913936421275139e-11;7.77072613829435e-12;2.7706021158751932e-11;
3,0,False,False,False,1.0,5.838963068669973e-10;3.637978807091713e-12;9.094947017729282e-13;,9.374856803373543e-12;3.1767284229450486e-11;7.332580706405269e-12;
3,0,False,False,False,1.0,1.0062152204001417e-10;1.8189894035458565e-12;2.0014050355407914e-11;,8.134767913360665e-12;2.0579515874459978e-11;1.1504299109832135e-11;
3,0,False,False,False,1.0,1.8189894035458565e-12;5.303219854654618e-12;2.5724394843074972e-12;,2.6233838256040975e-11;3.279229782005122e-12;3.113608321404843e-11;
3,0,False,False,False,1.0,6.558459564010244e-12;5.752149554916067e-12;3.637978807091713e-12;,7.332580706405269e-12;2.7041221523756587e-11;2.8544227146040094e-11;
3,0,False,False,False,1.0,276.30731922755166;3.012336521656688e-11;255.9954550147727;,1.0913936421275139e-11;2.6249599049445918e-11;1.0951766470309208e-11;
3,0,False,False,False,1.0,1.255490481894212e-09;4.547473508864641e-12;0.0;,5.4569682106375694e-12;1.0951766470309208e-11;1.4999770885397668e-11;
3,0,False,False,False,0.6666666666666666,807.4804635197376;1078.3001445267803;,1.6770253673335696e-11;2.1827872842550278e-11;
3,0,False,False,False,1.0,112.21500297115357;46.50336689481552;2.961100216652941e-11;,7.275957614183426e-12;1.124982816404825e-11;6.1010759350204984e-12;
3,0,False,False,False,1.0,1.2862197421537486e-12;2.9118037843694986e-12;2.7284841053187847e-12;,1.0951766470309208e-11;3.749942721349417e-12;1.5883642114725243e-11;
4,0,False,False,False,0.5,36.79503412954728;2622.649303164272;,1.0219175716994974e-11;1.3116919128020487e-11;
4,0,False,False,False,0.75,488.85569654584975;22.884106547517433;16770.838136898918;,8.185452315956354e-12;1.8189894035458565e-11;1.4665161412810538e-11;
4,0,False,False,False,1.0,2.033691978340166e-12;146.38537548636782;237.6586324092053;5.411493475548923e-11;,3.513052054736903e-11;1.1504299109832135e-11;7.71731845292249e-12;1.9675378692030733e-11;
4,0,False,False,False,0.75,55.9532080032706;4145.14327084438;1.016845989170083e-12;,1.1101797659406386e-11;1.800707639015248e-11;5.823607568738997e-12;
4,0,False,False,False,1.0,1.2862197421537486e-12;2.380128389804286e-09;1.8189894035458565e-12;0.0;,7.103380699760832e-12;6.366462912410498e-12;5.1448789686149945e-12;1.6770253673335696e-11;
4,0,False,False,False,1.0,2.5724394843074972e-12;1.8189894035458565e-12;9.094947017729282e-13;0.0;,8.134767913360665e-12;1.3116919128020487e-11;7.332580706405269e-12;1.3021982397982677e-11;
4,0,False,False,False,0.75,21.536054192148892;34.59505874724774;1739.5447430313218;,6.558459564010244e-12;1.0913936421275139e-11;7.275957614183426e-12;
4,0,False,False,False,0.5,1679.1174398934277;498.6158874974463;,5.752149554916067e-12;6.366462912410498e-12;
4,0,False,False,False,1.0,9.094947017729282e-12;4.067383956680332e-12;4.547473508864641e-13;2.5724394843074972e-12;,1.324244274525066e-11;6.366462912410498e-12;8.134767913360665e-12;2.1978932588525954e-11;
4,0,False,False,False,0.5,770.0256473634912;50.85217504593666;,8.580155856231252e-12;2.331217841488305e-11;
4,0,False,False,False,0.75,1.8189894035458565e-12;1949.646998662709;2.5221060466468857e-11;,3.749942721349417e-12;2.259137972646244e-11;1.5883642114725243e-11;
4,0,False,False,False,0.75,1.7053025658242404e-13;208.2734716206337;2.5724394843074972e-12;,7.499885442698834e-12;1.9591115441051456e-11;1.1064480586898243e-11;
4,0,False,False,False,0.75,6.070743433604526;183.65581788683352;3226.4375537060278;,9.094947017729282e-13;4.547473508864641e-12;1.0913936421275139e-11;
4,0,False,False,False,0.75,5.002220859751105e-12;84.07850997253345;0.0;,2.7284841053187847e-12;5.823607568738997e-12;3.637978807091713e-12;
4,0,False,False,False,0.75,3418.7082023092044;2.5988642014576256e-10;2.1991484093522737e-09;,4.067383956680332e-12;4.067383956680332e-12;2.6233838256040975e-11;
4,0,False,False,False,0.5,1082.8490481608553;9.094947017729282e-13;,9.140308630886366e-12;1.8925358787496237e-11;
4,0,False,False,False,0.5,208.81626650213326;31.16507520566416;,3.637978807091713e-12;9.094947017729282e-12;
4,0,False,False,False,1.0,2.654045949823001e-12;1.2854658768498619e-11;1.8749713606747085e-12;264.8588172023931;,3.749942721349417e-11;8.580155856231252e-12;1.1064480586898243e-11;2.5724394843074972e-12;
4,0,False,False,False,0.75,8.826021688868947e-10;1.8189894035458565e-12;1.2370465364015621e-11;,1.626953582672133e-11;1.626953582672133e-11;1.2635104203081759e-11;
4,0,False,False,False,1.0,38.625409504291746;470.99272681286044;35.411735031771904;9.094947017729282e-13;,8.385126836667848e-12;1.4206761399521663e-11;1.0289757937229989e-11;7.77072613829435e-12;
4,0,False,False,False,0.75,466.56589317709813;251.7256483290929;8.134767913360665e-12;,2.121287941861847e-11;1.4896012866446834e-11;1.9591115441051456e-11;
4,0,False,False,False,0.75,260.04519971993295;18.20497542837727;0.0;,1.324244274525066e-11;2.0579515874459978e-11;3.113608321404843e-11;
4,0,False,False,False,0.5,69.98595364159755;494.39322052756495;,7.499885442698834e-12;2.0579515874459978e-11;
4,0,False,False,False,0.75,116.98129609671753;261.7903316345753;6.366462912410498e-12;,1.4551915228366852e-11;1.0951766470309208e-11;2.2128961173796485e-11;
4,0,False,False,False,1.0,4.547473508864641e-12;410.79726237380845;9.094947017729282e-13;1.4688832185654915e-10;,1.0951766470309208e-11;3.798161381895825e-11;3.749942721349417e-12;9.495403454739563e-12;
4,0,False,False,False,1.0,252.73584627896074;83.94208894294657;1.8925358787496237e-11;1.2291645084479559e-10;,5.752149554916067e-12;9.795557720525728e-12;2.44719995809168e-11;2.0438351433989948e-11;
4,0,False,False,False,0.75,1.016845989170083e-12;5.4569682106375694e-12;2094.7111624047952;,5.4569682106375694e-12;1.0289757937229989e-11;1.1504299109832135e-11;
4,0,False,False,False,0.5,235.60966182685465;3553.2295706268424;,1.2005674564028673e-11;1.8189894035458565e-12;
4,0,False,False,False,0.75,21.219787150733538;2.2737367544323206e-12;3127.3984024288975;,3.885363069147175e-12;6.558459564010244e-12;1.2370465364015621e-11;
4,0,False,False,False,0.5,1497.8074460157463;35.27185544565391;,7.77072613829435e-12;5.4569682106375694e-12;
4,0,False,False,False,0.75,337.5410723782;9.094947017729282e-13;3.027401722118746e-11;,1.4665161412810538e-11;7.77072613829435e-12;1.3116919128020487e-11;
4,0,False,False,False,1.0,7.595831456736031e-12;2.5724394843074972e-12;4.547473508864641e-12;2.5724394843074972e-12;,2.8760747774580336e-12;1.791496797849705e-11;7.77072613829435e-12;8.134767913360665e-12;
4,0,False,False,False,0.75,3656.9496680059424;8.851584469518594e-11;3.751665644813329e-12;,2.448889430131432e-12;1.8189894035458565e-11;2.121287941861847e-11;
4,0,False,False,False,0.75,5666.936899756683;0.0;5.2280125660028226e-11;,1.2765366452748093e-11;5.532240293449121e-12;1.3116919128020487e-11;
4,0,False,False,False,0.75,52.07571108397889;2.04531199765759;723.0543650169901;,7.499885442698834e-12;9.094947017729282e-13;1.9336122591511685e-11;
4,0,False,False,False,0.75,9.094947017729282e-13;4.067383956680332e-12;2.9084639475629636e-10;,1.0951766470309208e-11;1.1064480586898243e-11;4.547473508864641e-12;
4,0,False,False,False,1.0,86.50933967059618;7.190186943645084e-13;151.62653154982948;2.4545069882580222e-09;,9.462679393748118e-12;3.279229782005122e-12;1.4999770885397668e-11;2.300859821966427e-11;
4,0,False,False,False,1.0,76.49735373434909;2269.9923820915174;2474.2255245156625;1.1782783797172048e-10;,1.9591115441051456e-11;1.0913936421275139e-11;2.0579515874459978e-11;1.55414522765887e-11;
4,0,False,False,False,0.75,1499.590481148866;34.711924347101714;5.1448789686149945e-12;,1.4551915228366852e-11;1.3882834102763579e-11;1.0289757937229989e-11;
4,0,False,False,False,1.0,4.547473508864641e-13;0.0;1.3752329811858217e-10;4.067383956680332e-12;,5.752149554916067e-12;4.067383956680332e-12;2.4404303740081994e-11;8.134767913360665e-12;
4,0,False,False,False,0.75,6.490353586835295e-11;0.0;15789.489019696597;,3.637978807091713e-12;1.1101797659406386e-11;1.6770253673335696e-11;
4,0,False,False,False,0.75,0.0;123.41108717413168;633.6203129513525;,2.7284841053187847e-12;1.3116919128020487e-11;1.8189894035458565e-11;
4,0,False,False,False,0.5,0.0;5.508535442261422e-10;,2.1827872842550278e-11;2.075960257664215e-11;
4,0,False,False,False,0.5,2.0438351433989948e-11;91.00084561777702;,1.2370465364015621e-11;1.8189894035458565e-11;
4,0,False,False,False,1.0,4.547473508864641e-13;4.547473508864641e-12;199.06743190522545;56.98870743012787;,5.4569682106375694e-12;1.55414522765887e-11;6.366462912410498e-12;1.4999770885397668e-11;
4,0,False,False,False,0.75,2.4170153239389606e-12;52.745127439315745;1425.9199623200952;,7.332580706405269e-12;8.957483989248525e-12;1.1504299109832135e-11;
4,0,False,False,False,1.0,1.800707639015248e-11;659.7484494246389;1.8189894035458565e-12;0.0;,1.8189894035458565e-11;3.54702933691442e-11;1.4206761399521663e-11;1.8990806909479126e-11;
4,0,False,False,False,0.75,1.8189894035458565e-12;6.926505289687983e-11;123.92041868552113;,1.9442776034731604e-11;6.62122137262533e-12;4.067383956680332e-12;
4,0,False,False,False,1.0,296.9191654342994;1.8478920331543907e-11;1.016845989170083e-12;1.3642420526593924e-12;,3.6662903532026344e-12;5.752149554916067e-12;6.62122137262533e-12;1.0289757937229989e-11;
4,0,False,False,False,1.0,1.3642420526593924e-12;7.780055542481358e-10;1.2862197421537486e-12;3.637978807091713e-12;,7.499885442698834e-12;6.558459564010244e-12;8.134767913360665e-12;4.729372449219227e-11;
4,0,False,False,False,1.0,70.0164287237853;4.547473508864641e-13;4.067383956680332e-12;4.828012848265679;,2.033691978340166e-12;4.4787419946242626e-12;1.60713143914766e-11;1.1504299109832135e-11;
4,0,False,False,False,0.75,1.1167381162987142e-11;38.62365977107858;4.547473508864641e-13;,3.637978807091713e-12;1.5883642114725243e-11;9.363821064641343e-12;
4,0,False,False,False,1.0,120.00576925320226;33.63300241044976;4.394139671029933e-10;1.8189894035458565e-12;,2.033691978340166e-12;1.324244274525066e-11;5.752149554916067e-12;2.1903532940618417e-11;
4,0,False,False,False,0.75,9.094947017729282e-13;1.016845989170083e-12;32.990430686705636;,9.094947017729282e-12;5.9117155615240335e-12;3.637978807091713e-12;
4,0,False,False,False,0.75,390.83468826410757;1.8189894035458565e-12;6459.884153543527;,1.6471649611298594e-11;1.8189894035458565e-11;1.4665161412810538e-11;
4,0,False,False,False,0.75,403.1648331768799;3505.705870360738;2296.641828367522;,1.4665161412810538e-11;3.637978807091713e-12;2.6043964795965355e-11;
4,0,False,False,False,0.75,454.9861308959202;218.258372327764;5337.156935454867;,5.1448789686149945e-12;1.3116919128020487e-11;1.4665161412810538e-11;
4,0,False,False,False,0.75,1454.425102849602;9.094947017729282e-13;727.1855522957488;,8.640199666842818e-12;7.332580706405269e-12;7.77072613829435e-12;
4,0,False,False,False,0.75,1.2862197421537486e-12;2.5724394843074972e-12;266.96320826960306;,7.103380699760832e-12;2.2128961173796485e-11;1.0606439709309235e-11;
4,0,False,False,False,1.0,102.28383895643915;136.8137204849609;9.094947017729282e-13;162.3361839807716;,4.067383956680332e-12;6.558459564010244e-12;2.033691978340166e-11;6.558459564010244e-12;
4,0,False,False,False,0.75,1582.2037363023746;1636.9926127485244;1.775845174940208e-12;,1.6770253673335696e-11;5.1448789686149945e-12;3.885363069147175e-12;
4,0,False,False,False,0.75,2885.2319843032196;8.774927241317583e-10;0.0;,4.547473508864641e-12;2.3873153165198688e-11;6.558459564010244e-12;
4,0,False,False,False,0.75,1.2497243998963214;2.9118037843694986e-12;1.2625978450446453;,4.067383956680332e-12;7.499885442698834e-12;1.4805501083264704e-11;
4,0,False,False,False,0.75,5.613137227268261e-11;10020.022003493004;0.0;,7.568504305296864e-12;1.4206761399521663e-11;1.8189894035458565e-12;
4,0,False,False,False,0.75,6417.821845371048;0.0;0.0;,7.499885442698834e-12;1.2202151870040997e-11;1.1504299109832135e-11;
4,0,False,False,False,0.75,2.146484570622478e-11;0.0;0.0;,4.547473508864641e-12;1.8189894035458565e-11;2.2128961173796485e-11;
4,0,False,False,False,1.0,98.5669129086673;3.749942721349417e-12;8.385126836667848e-12;1.0539501498790682e-09;,1.1504299109832135e-11;1.8393392034483154e-11;8.957483989248525e-12;1.2862197421537486e-11;
4,0,False,False,False,1.0,61.04100185815838;152.85314714359168;144.36510207214945;9.094947017729282e-13;,2.8760747774580336e-12;8.134767913360665e-12;3.42361640372814e-11;1.2862197421537486e-11;
4,0,False,False,False,0.75,28.050273976971354;1956.1785154626057;5.1448789686149945e-12;,2.7284841053187847e-12;9.275062463698822e-12;1.1504299109832135e-11;
4,0,False,False,False,0.5,3616.3640150255687;1941.2082684692734;,1.4999770885397668e-11;1.692369011464361e-11;
4,0,False,False,False,1.0,365.64006860141956;144.42364697263523;1.0419110331620414e-09;235.3392132611687;,8.385126836667848e-12;2.8760747774580336e-12;4.067383956680332e-12;6.62122137262533e-12;
4,0,False,False,False,0.75,5.752149554916067e-12;4995.039025978638;3.015284483487013e-10;,9.094947017729282e-12;1.4665161412810538e-11;7.77072613829435e-12;
4,0,False,False,False,0.5,839.3482763824995;2098.2139482678876;,5.4569682106375694e-12;1.8189894035458565e-11;
4,0,False,False,False,0.5,16411.738871430927;19.85201094155629;,7.499885442698834e-12;1.1823431123048067e-11;
4,0,False,False,False,0.75,554.2639440049712;35.50861631503241;24.4375742078968;,1.864464138634503e-11;8.385126836667848e-12;1.8189894035458565e-11;
4,0,False,False,False,1.0,333.7370074330595;1938.1698985284909;7.617018127348274e-12;3.637978807091713e-12;,9.374856803373543e-12;2.3873153165198688e-11;2.9118037843694986e-11;2.2791871899501835e-11;
4,0,False,False,False,0.75,0.6905427493653861;3650.2708547625916;3.8999404302033934e-10;,1.55414522765887e-11;6.1010759350204984e-12;8.134767913360665e-12;
4,0,False,False,False,0.75,1.0725194820289065e-12;904.9753097041241;4.067383956680332e-12;,5.752149554916067e-12;1.19625350980331e-11;2.24996563280965e-11;
4,0,False,False,False,0.75,1.1762640406268381e-09;3.637978807091713e-12;7673.962233983602;,1.4665161412810538e-11;1.4665161412810538e-11;1.626953582672133e-11;
4,0,False,False,False,0.75,9.094947017729282e-13;2918.5150873683783;1.0231815394945443e-12;,8.385126836667848e-12;2.546585164964199e-11;1.626953582672133e-11;
4,0,False,False,False,0.75,1.988577460368672e-11;21.152954898593013;2940.4060951480783;,4.637531231849411e-12;1.1647215137477994e-11;1.546140993013978e-11;
4,0,False,False,False,0.75,2824.9787711226254;3.097627334850841e-11;5404.234123318778;,1.6370904631912708e-11;1.4551915228366852e-11;2.3646862246096134e-11;
4,0,False,False,False,0.75,33.353743202856386;28.32138465228634;1466.0596267726007;,1.4580309236299762e-11;2.9330322825621076e-11;1.8990806909479126e-11;
4,0,False,False,False,0.75,341.7530473491066;1.7232810313682377e-09;1.543463690584498e-11;,4.547473508864641e-12;2.0579515874459978e-11;3.637978807091713e-12;
4,0,False,False,False,0.75,98.73748929405285;1.8189894035458565e-12;261.211581977046;,4.067383956680332e-12;1.1647215137477994e-11;1.1504299109832135e-11;
4,0,False,False,False,0.75,1819.7523366097844;2.033691978340166e-12;9.741442320950272;,4.547473508864641e-12;8.134767913360665e-12;9.495403454739563e-12;
4,0,False,False,False,1.0,4.590921694807171e-11;0.0;0.0;0.0;,1.0913936421275139e-11;3.7322542136613616e-11;3.637978807091713e-12;1.4999770885397668e-11;
4,0,False,False,False,0.75,18.917019414367985;119.83733801099102;3201.2531590671315;,1.2635104203081759e-11;7.499885442698834e-12;1.828061726177273e-11;
4,0,False,False,False,0.5,4515.108900026839;1282.3426224589134;,1.8550124927397645e-11;7.275957614183426e-12;
4,0,False,False,False,1.0,179.40981109925843;163.12080299859755;6.558459564010244e-12;0.0;,1.2635104203081759e-11;1.8189894035458565e-12;2.24996563280965e-11;4.067383956680332e-12;
4,0,False,False,False,0.75,0.0;1.8189894035458565e-12;4688.930592355135;,5.4569682106375694e-12;1.4551915228366852e-11;1.4551915228366852e-11;
4,0,False,False,False,0.75,152.0690788108102;270.76080118201077;5765.8072712976555;,9.094947017729282e-12;1.8189894035458565e-11;1.4999770885397668e-11;
4,0,False,False,False,1.0,74.47695690017603;1.8189894035458565e-12;6.1010759350204984e-12;106.45706119963073;,6.558459564010244e-12;2.6233838256040975e-11;1.7565260273684513e-11;1.626953582672133e-11;
4,0,False,False,False,1.0,83.01319993549025;2.2737367544323206e-13;89.91836043885885;9.094947017729282e-13;,1.469333658078859e-11;7.332580706405269e-12;5.1448789686149945e-12;8.580155856231252e-12;
4,0,False,False,False,0.75,673.5947234401995;116.83521168144726;33.14257507991844;,1.626953582672133e-11;1.3116919128020487e-11;2.7765668205527158e-11;
4,0,False,False,False,1.0,3.164205134681038e-10;4.547473508864641e-13;2.2379484294518656e-10;1.0294937687414414e-09;,5.4569682106375694e-12;1.0951766470309208e-11;9.795557720525728e-12;1.543463690584498e-11;
4,0,False,False,False,1.0,4.33854784447327;798.0202454498584;1007.7971606482009;9.094947017729282e-13;,7.77072613829435e-12;2.2614252446430975e-11;1.4805501083264704e-11;1.6090603833576217e-11;
4,0,False,False,False,1.0,1.016845989170083e-12;9.094947017729282e-13;0.0;0.0;,4.067383956680332e-12;8.134767913360665e-12;2.220359531881277e-11;1.1647215137477994e-11;
4,0,False,False,False,0.75,507.75962387741663;3.095783697941353e-09;9.23062477183787;,7.499885442698834e-12;1.1647215137477994e-11;1.626953582672133e-11;
4,0,False,False,False,0.75,40.35267114978817;1.2675188173910106e-09;8228.970802921913;,9.668061295755842e-12;1.2370465364015621e-11;1.0951766470309208e-11;
4,0,False,False,False,0.75,215.57620924782879;1.8189894035458565e-12;523.3194220136943;,4.897778860262864e-12;9.094947017729282e-12;1.8189894035458565e-11;
4,0,False,False,False,1.0,3.3379479727656838e-12;2.6233838256040975e-11;16.61349217315816;0.0;,6.366462912410498e-12;1.1647215137477994e-11;8.640199666842818e-12;3.279229782005122e-12;
4,0,False,False,False,0.75,3.279229782005122e-12;3.034568972483884e-09;57.59159977653198;,4.067383956680332e-12;4.547473508864641e-12;1.1064480586898243e-11;
4,0,False,False,False,0.75,1.2862197421537486e-12;2.7284841053187847e-12;2327.6243740505156;,3.749942721349417e-12;1.0289757937229989e-11;7.499885442698834e-12;
4,0,False,False,False,1.0,2.145038964057813e-12;2.033691978340166e-12;0.0;2.2737367544323206e-13;,1.8189894035458565e-12;4.067383956680332e-12;1.8189894035458565e-11;7.499885442698834e-12;
4,0,False,False,False,1.0,107.1832014067802;2.3187656159247056e-12;122.7988750517025;5.1448789686149945e-12;,7.332580706405269e-12;2.033691978340166e-12;2.9160618472599524e-11;1.0289757937229989e-11;
4,0,False,False,False,1.0,9.094947017729282e-13;9.094947017729282e-13;0.0;3.6438431634706086e-10;,7.499885442698834e-12;1.2370465364015621e-11;2.121287941861847e-11;1.4580309236299762e-11;
4,0,False,False,False,1.0,3.637978807091713e-12;81.58755233045333;3.9573811770992284e-10;1.8189894035458565e-12;,5.1448789686149945e-12;3.279229782005122e-12;1.1504299109832135e-11;9.094947017729282e-12;
4,0,False,False,False,0.75,920.0253703482052;1784.7718696489476;1430.563952359029;,9.495403454739563e-12;5.752149554916067e-12;2.8413522799043327e-11;
4,0,False,False,False,0.75,6.658230134607939;1185.7140871537388;0.0;,9.495403454739563e-12;1.4665161412810538e-11;4.834030647877921e-12;
4,0,False,False,False,0.75,9.094947017729282e-13;0.0;1107.3817086149397;,4.897778860262864e-12;9.795557720525728e-12;1.1647215137477994e-11;
4,0,False,False,False,1.0,0.0;8.071765478234738e-12;1.8189894035458565e-12;9.094947017729282e-13;,7.499885442698834e-12;1.1064480586898243e-11;1.2202151870040997e-11;1.55414522765887e-11;
4,0,False,False,False,0.75,73.21242177829109;182.53302310924838;21483.798120189145;,5.303219854654618e-12;9.668061295755842e-12;1.0913936421275139e-11;
4,0,False,False,False,1.0,831.5808775872299;1.0645362554641566e-11;9.094947017729282e-13;5.90261360760922e-11;,1.8189894035458565e-11;1.7659192816561335e-11;7.823769253302659e-12;3.6662903532026344e-11;
4,0,False,False,False,0.75,17.095043168174612;144.85746194325898;755.6696190071816;,1.0369835082193621e-11;9.275062463698822e-12;1.524590935718171e-11;
4,0,False,False,False,0.5,156.85876282846078;27.16918160034813;,6.558459564010244e-12;1.1823431123048067e-11;
4,0,False,False,False,0.75,2.5011104298755527e-12;0.0;2146.8899530532035;,1.1368683772161603e-11;1.3021982397982677e-11;4.547473508864641e-12;
4,0,False,False,False,1.0,5.752149554916067e-12;2.5724394843074972e-12;9.094947017729282e-13;6.558459564010244e-12;,1.828061726177273e-11;6.558459564010244e-12;2.8760747774580336e-12;2.121287941861847e-11;
4,0,False,False,False,0.75,509.5408715743622;1042.4218181352428;1883.571676062812;,4.067383956680332e-12;6.558459564010244e-12;1.7659192816561335e-11;
4,0,False,False,False,0.75,6411.014857527257;6.821210263296962e-13;4.067383956680332e-12;,1.2862197421537486e-11;1.4206761399521663e-11;8.134767913360665e-12;
4,0,False,False,False,1.0,37.87777822667687;1.6770253673335696e-11;37.56478956078582;0.0;,2.7284841053187847e-12;1.1064480586898243e-11;4.637531231849411e-12;2.3873153165198688e-11;
4,0,False,False,False,0.75,689.3196743232633;403.27168689636636;14493.152254283135;,1.1647215137477994e-11;3.749942721349417e-12;6.558459564010244e-12;
4,0,False,False,False,0.75,3799.649610326002;1.1368683772161603e-12;32.64355862591346;,6.558459564010244e-12;2.44719995809168e-11;7.275957614183426e-12;
4,0,False,False,False,1.0,5.932786358474148;143.2241879682827;166.31947038190097;14.087556365189428;,6.558459564010244e-12;1.8189894035458565e-11;1.791496797849705e-11;1.3116919128020487e-11;
4,0,False,False,False,0.5,1128.2955893040755;3.3690845495020216;,1.3642420526593924e-11;1.2202151870040997e-11;
4,0,False,False,False,0.75,133.3169575727333;2147.2708094068266;208.03489687077808;,9.094947017729282e-13;1.4665161412810538e-11;6.558459564010244e-12;
4,0,False,False,False,0.75,2.033691978340166e-12;979.6240450987037;2.6379266295904338e-11;,7.332580706405269e-12;1.0913936421275139e-11;5.002220859751105e-12;
4,0,False,False,False,0.5,337.502241743062;515.8768735555919;,1.3116919128020487e-11;3.54702933691442e-11;
4,0,False,False,False,0.5,2.7624731923920143e-11;1.0913936421275139e-11;,2.7284841053187847e-12;2.24996563280965e-11;
4,0,False,False,False,0.75,68.3696256546342;109.47662044190925;2248.2650555289865;,2.033691978340166e-12;1.828061726177273e-11;7.275957614183426e-12;
4,0,False,False,False,0.75,140.86906341492596;17229.559144261235;115.0717467823185;,1.3116919128020487e-11;1.0606439709309235e-11;1.7659192816561335e-11;
4,0,False,False,False,0.75,883.5218168690128;4.547473508864641e-13;36.62342473813765;,3.3651303965598345e-11;9.668061295755842e-12;8.185452315956354e-12;
4,0,False,False,False,0.75,619.8689216758838;9.094947017729282e-13;2415.68164104684;,2.033691978340166e-12;1.0606439709309235e-11;9.795557720525728e-12;
4,0,False,False,False,0.75,1576.109493298144;144.61379058653068;1.8189894035458565e-12;,6.3175521015408794e-12;9.837689346015367e-12;1.543463690584498e-11;
4,0,False,False,False,0.75,18.115694016380584;3.1066475570835454e-10;4.547473508864641e-13;,4.067383956680332e-12;3.10829045531774e-11;4.067383956680332e-12;
4,0,False,False,False,0.75,3.0270799752806308e-09;5.684341886080801e-13;37.38585825546854;,3.027401722118746e-11;1.1064480586898243e-11;4.192563418333924e-12;
4,0,False,False,False,0.75,29.06265843125939;9.094947017729282e-13;3.637978807091713e-12;,7.332580706405269e-12;1.8212617209884036e-11;1.0289757937229989e-11;
4,0,False,False,False,0.75,2221.7222079051967;3.637978807091713e-12;2.2737367544323206e-13;,7.77072613829435e-12;1.9946776046218755e-11;4.547473508864641e-12;
4,0,False,False,False,0.75,2.4484207185060364e-10;28203.97009537579;4.067383956680332e-12;,5.1448789686149945e-12;3.253907165344266e-11;1.626953582672133e-11;
4,0,False,False,False,0.75,3.183231456205249e-12;2631.9745880305995;0.0;,1.7160311712462504e-11;1.828061726177273e-11;9.094947017729282e-12;
4,0,False,False,False,0.75,2.109342780759047e-11;1.3520610761878294e-11;7377.136407290885;,6.558459564010244e-12;1.0289757937229989e-11;1.324244274525066e-11;
4,0,False,False,False,1.0,4.86133213231106e-11;1.2732925824820995e-11;8.134767913360665e-12;0.0;,5.823607568738997e-12;1.3116919128020487e-11;1.5883642114725243e-11;2.5724394843074972e-12;
4,0,False,False,False,1.0,9.094947017729282e-13;74.08432956036688;1.9675378692030733e-11;15588.263171261935;,6.62122137262533e-12;1.1101797659406386e-11;5.1448789686149945e-12;1.2862197421537486e-11;
4,0,False,False,False,0.75,431.52074319160465;389.28725045815656;6295.900813434093;,1.8189894035458565e-11;1.626953582672133e-11;1.4551915228366852e-11;
4,0,False,False,False,0.75,19718.51954115946;1519.8292034636625;3.637978807091713e-12;,5.1448789686149945e-12;2.329443027495599e-11;2.300859821966427e-11;
4,0,False,False,False,1.0,105.6965489584629;60.50483483875842;1.8966802778233153e-09;310.4963931153374;,5.532240293449121e-12;1.2862197421537486e-12;4.4787419946242626e-12;2.648488549050132e-11;
4,0,False,False,False,0.75,5.4569682106375694e-12;4.3236884535889524e-11;3668.312855542305;,1.5883642114725243e-11;1.4206761399521663e-11;2.1827872842550278e-11;
4,0,False,False,False,1.0,0.0;6.558459564010244e-12;5.208792959193071e-11;1.8189894035458565e-12;,1.4665161412810538e-11;1.791496797849705e-11;9.795557720525728e-12;3.1767284229450486e-11;
4,0,False,False,False,1.0,7.443433296747638;3.869793281651849;0.0;0.0;,3.749942721349417e-12;5.1448789686149945e-12;2.508952861559687e-11;9.275062463698822e-12;
4,0,False,False,False,0.5,2300.5170379718825;708.0325392644882;,1.0913936421275139e-11;2.4404303740081994e-11;
5,0,False,False,False,0.6,3.279229782005122e-12;4067.564947666729;4.547473508864641e-13;,5.9117155615240335e-12;1.4999770885397668e-11;8.134767913360665e-12;
5,0,False,False,False,0.6,3504.867422737341;3.183231456205249e-12;4.912786980225404e-10;,1.8189894035458565e-12;1.8189894035458565e-11;3.113608321404843e-11;
5,0,False,False,False,0.8,414.7526223442165;3.858659226461245e-12;6.0724097971040656e-12;7702.787573997296;,9.795557720525728e-12;7.103380699760832e-12;4.897778860262864e-12;1.1647215137477994e-11;
5,0,False,False,False,0.6,941.5338324122152;7542.555259764653;1898.3063925181018;,1.2202151870040997e-11;1.0289757937229989e-11;1.5883642114725243e-11;
5,0,False,False,False,0.6,9305.987489705418;539.7133516933429;72.5538620983227;,7.275957614183426e-12;1.669610333072871e-11;3.749942721349417e-12;
5,0,False,False,False,0.8,5.084229945850415e-13;2.9118037843694986e-12;1.8189894035458565e-12;4250.696200274996;,7.499885442698834e-12;7.275957614183426e-12;1.3116919128020487e-11;3.1295077013210636e-11;
5,0,False,False,False,0.6,148.1088359622598;417.12456801019607;9041.478599717193;,5.303219854654618e-12;1.2862197421537486e-11;1.0913936421275139e-11;
5,0,False,False,False,0.8,4.2508540884416264e-11;1.5538524672506822e-10;2.7284841053187847e-12;7.526484924956105e-10;,6.1179998952292e-12;1.185836009463428e-11;7.499885442698834e-12;1.5883642114725243e-11;
5,0,False,False,False,0.4,716.4388984379776;2730.7161993881437;,3.749942721349417e-12;1.4665161412810538e-11;
5,0,False,False,False,1.0,6.047914098480967e-10;1.8189894035458565e-12;2.8760747774580336e-12;3.776388585447351e-11;1.6660721626999824e-09;,5.532240293449121e-12;1.3116919128020487e-11;1.016845989170083e-11;2.9330322825621076e-11;1.543463690584498e-11;
5,0,False,False,False,0.6,9.094947017729282e-13;1625.0569774978762;933.9058755336317;,3.749942721349417e-12;5.752149554916067e-12;1.4551915228366852e-11;
5,0,False,False,False,0.6,6254.04635557388;689.4019293661863;1.000444171950221e-11;,1.0289757937229989e-11;9.094947017729282e-12;4.547473508864641e-12;
5,0,False,False,False,0.6,4508.743643741688;1016.6419738969296;5.445431201288304e-09;,1.0289757937229989e-11;4.018278929720422e-11;2.979202573289367e-11;
5,0,False,False,False,0.6,548.3962451306472;126.35518954448492;39.58516214486771;,1.8189894035458565e-12;1.4272113573020047e-11;1.0951766470309208e-11;
5,0,False,False,False,0.4,449.14456382316456;533.7701340873731;,3.637978807091713e-12;1.8550124927397645e-11;
5,0,False,False,False,0.8,1.1691518131722151e-11;27919.44704117865;427.14783869024205;0.0;,3.279229782005122e-12;1.8550124927397645e-11;1.3116919128020487e-11;2.39250701960662e-11;
5,0,False,False,False,0.6,4723.250254927832;0.0;5.1448789686149945e-12;,8.134767913360665e-12;2.033691978340166e-12;2.9330322825621076e-11;
5,0,False,False,False,0.6,217.2012307928951;191.4996647060866;1948.567980481345;,1.5759472672619684e-11;2.8760747774580336e-12;8.580155856231252e-12;
5,0,False,False,False,0.6,5.2827186163395705;23436.734308524985;220.95057622221978;,9.094947017729282e-12;1.0951766470309208e-11;6.760305380939147e-12;
5,0,False,False,False,0.6,2.5724394843074972e-12;4500.42747025391;1.8189894035458565e-12;,2.2128961173796485e-11;4.067383956680332e-12;2.359433305368447e-11;
5,0,False,False,False,0.6,1823.691284222606;241.07430399582827;86.39334689736118;,1.791496797849705e-11;1.2732925824820995e-11;2.329443027495599e-11;
5,0,False,False,False,0.8,40.41756080570906;6.558459564010244e-12;1552.098604541178;72.64650722032994;,3.637978807091713e-12;1.0951766470309208e-11;8.580155856231252e-12;4.067383956680332e-12;
5,0,False,False,False,0.8,2.033691978340166e-12;0.0;758.0401916026854;5.1448789686149945e-12;,1.3642420526593924e-11;1.124982816404825e-11;7.77072613829435e-12;1.9591115441051456e-11;
5,0,False,False,False,0.6,243.6144666815794;1959.9413849800376;1.8189894035458565e-12;,6.62122137262533e-12;1.1064480586898243e-11;1.9591115441051456e-11;
5,0,False,False,False,0.8,617.508944320607;3.279229782005122e-12;34.01943276002359;4.067383956680332e-12;,1.2862197421537486e-12;2.033691978340166e-12;1.0289757937229989e-11;5.1448789686149945e-12;
5,0,False,False,False,1.0,1.639614891002561e-12;19.3011648603761;4.547473508864641e-13;2.693394507325292e-11;3.749942721349417e-12;,4.067383956680332e-12;1.1148268342486756e-11;8.543927027883881e-12;1.639614891002561e-11;1.9946776046218755e-11;
5,0,False,False,False,0.6,115.19649937450318;5.1448789686149945e-12;17591.12295528951;,9.094947017729282e-12;1.543463690584498e-11;1.6471649611298594e-11;
5,0,False,False,False,0.8,865.8265309108643;5.1448789686149945e-12;0.0;1.8189894035458565e-12;,1.4665161412810538e-11;2.7706021158751932e-11;6.510991198991339e-12;1.9591115441051456e-11;
5,0,False,False,False,0.8,0.0;1.8189894035458565e-12;0.0;1215.1023824775646;,3.749942721349417e-12;1.1504299109832135e-11;1.2202151870040997e-11;1.324244274525066e-11;
5,0,False,False,False,0.6,3455.164561165566;26.094110035060538;134.5468655319641;,9.795557720525728e-12;2.8760747774580336e-12;1.626953582672133e-11;
5,0,False,False,False,0.6,236.58311614278975;19.005515094803833;1357.5161058873066;,7.103380699760832e-12;2.938667316157718e-11;5.532240293449121e-12;
5,0,False,False,False,0.8,77.04420326986711;13.033912962630305;9.094947017729282e-13;5.1448789686149945e-12;,5.532240293449121e-12;7.332580706405269e-12;1.0951766470309208e-11;1.1647215137477994e-11;
5,0,False,False,False,0.8,9.094947017729282e-13;12.450086184355527;29.47028089349639;545.8210210835387;,9.094947017729282e-12;8.134767913360665e-12;7.332580706405269e-12;7.275957614183426e-12;
5,0,False,False,False,0.6,1.8189894035458565e-12;18.08648964907784;42.164136849893474;,8.134767913360665e-12;7.77072613829435e-12;8.134767913360665e-12;
5,0,False,False,False,0.6,3.749942721349417e-12;991.8521401430057;5.752149554916067e-12;,1.4580309236299762e-11;1.9591115441051456e-11;1.4665161412810538e-11;
5,0,False,False,False,0.8,1804.763536928913;1.9426093612833056e-09;4.547473508864641e-13;900.8162992162175;,1.4206761399521663e-11;1.1395935949750917e-11;4.067383956680332e-12;1.8749713606747085e-11;
5,0,False,False,False,1.0,6.182130929515355e-10;126.59272362660762;3.9546874985237173;1.7174511636554442e-10;5.4569682106375694e-12;,1.0913936421275139e-11;6.1852326820078106e-12;1.124982816404825e-11;5.4569682106375694e-12;1.0606439709309235e-11;
5,0,False,False,False,0.8,9.094947017729282e-13;12.054516735827265;4.798487495981139e-10;10058.330922497358;,7.332580706405269e-12;3.279229782005122e-11;7.77072613829435e-12;2.674904166242912e-11;
5,0,False,False,False,0.6,83.3577103505271;1860.5854816661674;1110.3430624790947;,2.1903532940618417e-11;7.103380699760832e-12;1.0289757937229989e-11;
5,0,False,False,False,0.6,24.46040909974661;0.0;25863.01455146531;,4.637531231849411e-12;4.547473508864641e-12;2.572439484307497e-11;
5,0,False,False,False,0.6,2.7284841053187847e-12;0.0;0.0;,1.524590935718171e-11;6.558459564010244e-12;8.134767913360665e-12;
5,0,False,False,False,0.8,1376.1690027357197;520.875355086583;4765.52507560409;3.624310710651348e-11;,4.547473508864641e-12;7.275957614183426e-12;9.795557720525728e-12;1.9591115441051456e-11;
5,0,False,False,False,0.6,1.3277806226650039e-09;428.5321536832057;2289.3293065803314;,4.897778860262864e-12;1.1504299109832135e-11;4.067383956680332e-12;
5,0,False,False,False,0.4,323.8680332941958;185.64997408118938;,6.558459564010244e-12;2.033691978340166e-12;
5,0,False,False,False,0.6,1.016845989170083e-12;1623.1942570694412;11827.650483661777;,4.637531231849411e-12;7.71731845292249e-12;1.0913936421275139e-11;
5,0,False,False,False,0.6,3315.7788009906985;3.479387435951611;6.650097144899001;,2.2791871899501835e-11;1.22359997904584e-11;1.1064480586898243e-11;
5,0,False,False,False,0.6,15.229310006392572;12508.4523039178;2353.5668214611137;,9.094947017729282e-12;1.9336122591511685e-11;1.3853010579375966e-11;
5,0,False,False,False,0.8,1.4779288903810084e-12;1.016845989170083e-12;98.5442883459275;1747.0171892047747;,3.858659226461245e-12;4.067383956680332e-12;3.637978807091713e-12;1.8550124927397645e-11;
5,0,False,False,False,0.6,631.8470962728724;1.9293296132306226e-12;97.97942141862745;,1.0998871059607903e-11;3.279229782005122e-12;1.0913936421275139e-11;
5,0,False,False,False,0.8,836.7808354378648;55.33165888507506;4515.57419909326;5.1448789686149945e-12;,5.752149554916067e-12;1.2862197421537486e-11;1.2370465364015621e-11;2.7284841053187847e-11;
5,0,False,False,False,0.8,913.0553758837109;3.279229782005122e-12;651.0953077560972;1.3642420526593924e-12;,1.1823431123048067e-11;4.067383956680332e-12;3.0468072509393096e-11;1.7828184158054372e-11;
5,0,False,False,False,0.6,3300.624631859353;5842.558556304638;1.3642420526593924e-12;,3.749942721349417e-12;1.626953582672133e-11;1.4665161412810538e-11;
5,0,False,False,False,0.6,4606.895264867498;20.63260022732387;0.8219177862985222;,7.332580706405269e-12;9.668061295755842e-12;8.134767913360665e-12;
5,0,False,False,False,0.6,2478.4653908471464;384.71995768828447;1.56396896411452e-11;,1.0289757937229989e-11;4.547473508864641e-12;2.7284841053187847e-12;
5,0,False,False,False,0.6,75.4866553499441;12.67530014033085;18797.103682974386;,2.033691978340166e-12;3.749942721349417e-12;9.094947017729282e-12;
5,0,False,False,False,0.6,146.96128305100518;341.6636706931334;7594.020312223342;,8.134767913360665e-12;1.124982816404825e-11;1.3116919128020487e-11;
5,0,False,False,False,0.8,2.033691978340166e-12;205.32706417473915;4.834202295697498e-10;4.547473508864641e-13;,8.134767913360665e-12;1.46157241760995e-11;6.9414170513817895e-12;1.0809221133972381e-11;
5,0,False,False,False,0.6,1282.4867570907354;9.094947017729282e-13;159.96000440721127;,1.626953582672133e-11;8.580155856231252e-12;8.580155856231252e-12;
5,0,False,False,False,0.8,0.0;298.37114241223924;0.0;889.1437369395447;,1.4502091943633764e-11;2.9330322825621076e-11;5.4569682106375694e-12;4.067383956680332e-12;
5,0,False,False,False,0.6,131.11694709277543;1.1028912415824269e-10;3.0233004760875085e-11;,2.7284841053187847e-12;1.1647215137477994e-11;1.626953582672133e-11;
5,0,False,False,False,0.8,7.279509460923746e-13;42.71877752142112;11581.67239289033;4.547473508864641e-13;,2.033691978340166e-12;4.897778860262864e-12;2.8413522799043327e-11;1.0913936421275139e-11;
5,0,False,False,False,0.6,5.532240293449121e-12;3685.505086036201;1925.9632055444451;,1.2862197421537486e-12;9.275062463698822e-12;8.134767913360665e-12;
5,0,False,False,False,0.8,1.2862197421537486e-11;3.637978807091713e-12;9.094947017729282e-13;1.8189894035458565e-12;,3.637978807091713e-12;5.4082443047513174e-11;5.532240293449121e-12;3.1295077013210636e-11;
5,0,False,False,False,1.0,1.3734950980996434e-10;26.35061251145397;1.6090603833576217e-11;6.28334470950641e-10;12091.045754364895;,7.275957614183426e-12;4.547473508864641e-12;1.0913936421275139e-11;1.3116919128020487e-11;1.6471649611298594e-11;
5,0,False,False,False,0.6,26.0431118778436;119.98446038550958;9432.62586856225;,9.140308630886366e-12;1.524590935718171e-11;2.24996563280965e-11;
5,0,False,False,False,0.6,4.547473508864641e-13;384.6473320600649;183.52136675434699;,9.973388023109378e-12;7.275957614183426e-12;7.275957614183426e-12;
5,0,False,False,False,0.6,100.70214694516756;85.7503407118412;15408.89826392039;,5.752149554916067e-12;8.134767913360665e-12;3.2741809263825417e-11;
5,0,False,False,False,0.6,205.2729594434239;1.8189894035458565e-12;77.23591220507898;,3.749942721349417e-12;1.543463690584498e-11;9.275062463698822e-12;
5,0,False,False,False,0.6,84.77238742966982;184.28942262642337;533.2083122258805;,4.067383956680332e-12;8.580155856231252e-12;1.2635104203081759e-11;
5,0,False,False,False,0.6,107.21201404771323;1.2505552149377763e-12;1.016845989170083e-12;,1.2862197421537486e-12;2.0579515874459978e-11;7.71731845292249e-12;
5,0,False,False,False,0.6,2.033691978340166e-12;7.72428233452467e-11;1615.8439880185324;,1.2732925824820995e-11;2.8760747774580334e-11;2.329443027495599e-11;
5,0,False,False,False,0.6,184.75470275798807;6062.104753203832;0.0;,6.1010759350204984e-12;1.8749713606747085e-11;8.580155856231252e-12;
5,0,False,False,False,0.8,4.092726157978177e-12;316.8913123948711;1.8189894035458565e-12;4.067383956680332e-12;,1.543463690584498e-11;8.385126836667848e-12;2.033691978340166e-11;2.033691978340166e-11;
5,0,False,False,False,0.6,54.03271250984278;5.338945000264343e-10;2053.9397291771784;,8.134767913360665e-12;4.4565240386873484e-11;1.4999770885397668e-11;
5,0,False,False,False,0.6,2.700669034027726;546.8394579805469;2450.192492881652;,5.823607568738997e-12;1.6471649611298594e-11;1.4805501083264704e-11;
5,0,False,False,False,0.8,5517.795903166746;135.70836429973386;0.0;344.05702573673057;,1.626953582672133e-11;2.123236759858401e-11;1.3853010579375966e-11;7.332580706405269e-12;
5,0,False,False,False,1.0,0.0;171.26672627267266;1482.1084356357658;0.0;5.1448789686149945e-12;,6.1852326820078106e-12;1.8749713606747085e-11;1.626953582672133e-11;1.626953582672133e-11;2.0579515874459978e-11;
5,0,False,False,False,0.6,1.6342482922482304e-12;0.0;1152.7557951530675;,5.823607568738997e-12;1.543463690584498e-11;1.4805501083264704e-11;
5,0,False,False,False,0.6,4.547473508864641e-12;979.4454476106857;177.93257789604175;,7.332580706405269e-12;1.626953582672133e-11;1.8189894035458565e-12;
5,0,False,False,False,0.6,106.87575634674036;5131.543870314261;121.28178312263998;,2.7284841053187847e-12;1.2862197421537486e-11;1.0289757937229989e-11;
5,0,False,False,False,0.8,4.547473508864641e-13;2.033691978340166e-12;2757.3456859214325;1.8189894035458565e-12;,6.926505289687983e-12;1.3021982397982677e-11;4.067383956680332e-11;1.3116919128020487e-11;
5,0,False,False,False,0.8,9.795557720525728e-12;80.23332757916553;7.332580706405269e-12;1096.2005426419062;,8.134767913360665e-12;3.749942721349417e-12;1.9946776046218755e-11;7.275957614183426e-12;
5,0,False,False,False,0.8,42.7744288270867;6.521046885423105e-10;26.71649197857535;6662.867844106457;,1.1064480586898243e-11;9.094947017729282e-13;3.749942721349417e-12;2.033691978340166e-11;
5,0,False,False,False,0.8,1.22359997904584e-11;0.0;1576.7996034717892;17849.330485211438;,7.103380699760832e-12;6.1010759350204984e-12;2.648488549050132e-11;1.828061726177273e-11;
5,0,False,False,False,0.6,388.5896905392815;228.34363379738573;3.533337168901425e-10;,6.1852326820078106e-12;3.6208856249494387e-11;1.8189894035458565e-11;
5,0,False,False,False,0.6,1131.3592749950622;9473.763789544375;9.094947017729282e-13;,9.140308630886366e-12;1.0913936421275139e-11;1.1504299109832135e-11;
5,0,False,False,False,0.8,6.544862435614848;2668.599985113516;2.033691978340166e-12;9.275062463698822e-12;,3.749942721349417e-12;1.3116919128020487e-11;1.1647215137477994e-11;5.752149554916067e-12;
5,0,False,False,False,0.8,100.23653153671539;256.38185842832536;134.6802116463829;1.8189894035458565e-12;,3.637978807091713e-12;1.4999770885397668e-11;1.2862197421537486e-11;1.6770253673335696e-11;
5,0,False,False,False,0.8,0.0;2.5724394843074972e-12;276.9883068108502;8600.380695348653;,7.332580706405269e-12;1.6770253673335696e-11;1.0913936421275139e-11;1.8189894035458565e-12;
5,0,False,False,False,0.6,1.8189894035458565e-12;3431.2120809605785;0.0;,2.8760747774580336e-12;1.7160311712462504e-11;1.0645362554641566e-11;
5,0,False,False,False,0.4,277.42243543412576;83.3675527718741;,8.957483989248525e-12;2.7284841053187847e-12;
5,0,False,False,False,0.6,3.865352482534945e-12;12028.989951763346;4.3798095843781824e-10;,1.4665161412810538e-11;1.9591115441051456e-11;5.752149554916067e-12;
5,0,False,False,False,0.6,311.16404993372805;632.4619055758399;182.7894965190652;,1.8189894035458565e-12;1.0289757937229989e-11;2.2128961173796485e-11;
5,0,False,False,False,0.6,165.33504236563329;62.76196775128348;3674.493056544145;,1.2370465364015621e-11;7.332580706405269e-12;1.0289757937229989e-11;
5,0,False,False,False,0.6,1.540915944603555e-10;1.8189894035458565e-12;6105.821603172444;,5.823607568738997e-12;1.0606439709309235e-11;1.4551915228366852e-11;
5,0,False,False,False,0.8,0.0;9.094947017729282e-13;1.0913936421275139e-11;623.493301466347;,6.1010759350204984e-12;1.4580309236299762e-11;1.0606439709309235e-11;1.2732925824820995e-11;
5,0,False,False,False,0.8,188.0623633607518;0.0;0.0;929.3282984972514;,9.094947017729282e-12;3.798161381895825e-11;1.107382164435505e-11;4.067383956680332e-12;
5,0,False,False,False,0.6,90.88501540407462;1.4066364698063769e-09;467.4525780554511;,7.77072613829435e-12;4.15689824222734e-11;7.275957614183426e-12;
5,0,False,False,False,1.0,7.673861546209082e-13;1.6431143828548505e-09;5.4569682106375694e-12;0.0;0.0;,2.7284841053187847e-12;1.1064480586898243e-11;1.1504299109832135e-11;2.0739670164387242e-11;1.626953582672133e-11;
5,0,False,False,False,0.8,1.8189894035458565e-12;668.4154414655089;3766.370974098548;1.8189894035458565e-12;,8.134767913360665e-12;1.8189894035458565e-11;1.791496797849705e-11;5.752149554916067e-12;
5,0,False,False,False,0.6,415.3339535710968;3.637978807091713e-12;159.39156500946692;,7.332580706405269e-12;2.1827872842550278e-11;1.543463690584498e-11;
5,0,False,False,False,0.4,2382.807301715748;2277.549746338278;,8.134767913360665e-12;9.094947017729282e-12;
5,0,False,False,False,0.6,2.2737367544323206e-12;527.8576840003125;145.5083378846608;,5.1448789686149945e-12;8.134767913360665e-12;9.140308630886366e-12;
5,0,False,False,False,0.6,1184.9301943153332;635.6841714942663;5383.474373961395;,3.637978807091713e-12;1.0951766470309208e-11;1.8189894035458565e-11;
5,0,False,False,False,0.6,2296.629715993944;522.1929752018856;2.7284841053187847e-12;,1.1823431123048067e-11;2.0579515874459978e-11;2.4011349128057346e-11;
5,0,False,False,False,0.6,6.431098710768743e-13;8.632630593706855;5833.545387775073;,9.094947017729282e-13;9.795557720525728e-12;3.637978807091713e-12;
5,0,False,False,False,0.6,332.529101439119;699.964663390592;3449.6925415484684;,1.4999770885397668e-11;6.366462912410498e-12;1.3853010579375966e-11;
5,0,False,False,False,0.6,718.4048678274413;1327.3782100507874;0.0;,9.668061295755842e-12;1.7160311712462504e-11;7.71731845292249e-12;
5,0,False,False,False,0.8,760.0929158279791;9.363821064641343e-12;6738.829048475961;33.48413492627381;,9.094947017729282e-12;5.752149554916067e-12;1.8550124927397645e-11;9.094947017729282e-12;
5,0,False,False,False,0.8,145.67974163198306;849.559760082348;810.0849484853356;1.639614891002561e-12;,7.77072613829435e-12;4.3807065881236834e-11;1.3116919128020487e-11;7.103380699760832e-12;
5,0,False,False,False,0.6,4887.428179886478;1.8749713606747085e-12;680.2509698474239;,8.580155856231252e-12;1.0645362554641566e-11;1.3520610761878294e-11;
5,0,False,False,False,0.6,290.4992025087828;2442.9039671121964;7649.460136219301;,6.558459564010244e-12;2.5724394843074972e-12;2.533559068467024e-11;
5,0,False,False,False,0.8,225.85523018620225;1546.3747864241052;11853.864061662018;860.4576988258403;,6.431098710768743e-12;1.4580309236299762e-11;1.9675378692030733e-11;1.3116919128020487e-11;
5,0,False,False,False,0.8,3.665444188552398e-11;1197.0296653042294;973.0330643053579;1955.342467873917;,4.637531231849411e-12;8.134767913360665e-12;2.329443027495599e-11;1.0913936421275139e-11;
5,0,False,False,False,0.8,2.916416405209741e-11;1.0710249151252907e-09;1.8189894035458565e-12;9.094947017729282e-13;,6.366462912410498e-12;1.626953582672133e-11;2.508952861559687e-11;1.1647215137477994e-11;
5,0,False,False,False,0.6,1377.6396801974674;2545.046754728601;2.2737367544323206e-12;,1.2202151870040997e-11;4.067383956680332e-12;1.3116919128020487e-11;
5,0,False,False,False,0.6,732.7637219054981;78.51973622349517;356.3408913764617;,4.067383956680332e-12;7.332580706405269e-12;1.9591115441051456e-11;
5,0,False,False,False,0.8,11.681410777550562;2.9308316828155896e-09;6.558459564010244e-12;27467.930683279523;,1.1504299109832135e-11;2.2128961173796485e-11;7.71731845292249e-12;1.55414522765887e-11;
5,0,False,False,False,0.8,3.637978807091713e-12;183.5637179963776;9.094947017729282e-13;53.70572963103036;,2.674904166242912e-11;2.359433305368447e-11;1.4235843848381163e-11;8.385126836667848e-12;
5,0,False,False,False,0.8,1.8189894035458565e-12;336.75439136908335;1599.2038450616794;3.427673051569852e-10;,8.134767913360665e-12;1.1504299109832135e-11;7.499885442698834e-12;1.8189894035458565e-11;
5,0,False,False,False,0.6,1958.8097271088488;1.8189894035458565e-12;1.016845989170083e-12;,1.2202151870040997e-11;1.55414522765887e-11;8.134767913360665e-12;
5,0,False,False,False,0.8,4.922206836539702e-11;7.300961283337966e-11;783.8861776948376;1823.62994441574;,1.2370465364015621e-11;8.134767913360665e-12;4.78501403921324e-11;1.8189894035458565e-11;
5,0,False,False,False,0.6,79.18439563571843;2888.2895959724665;226.11359133058144;,3.279229782005122e-12;1.0951766470309208e-11;1.7087854055767762e-11;
5,0,False,False,False,0.8,4141.404054046143;4.547473508864641e-13;365.38084557597296;2.5724394843074972e-12;,1.3116919128020487e-11;8.385126836667848e-12;6.62122137262533e-12;4.897778860262864e-12;
5,0,False,False,False,0.6,1.8189894035458565e-12;1492.848525869792;50.47145593362795;,8.957483989248525e-12;1.1504299109832135e-11;1.1064480586898243e-11;
5,0,False,False,False,1.0,2.7483308052971982e-11;0.0;2.249450875904913e-10;0.0;5.893171372336204e-11;,2.7284841053187847e-12;2.9103830456733704e-11;1.3116919128020487e-11;2.8413522799043327e-11;9.668061295755842e-12;
5,0,False,False,False,0.6,1.4779288903810084e-12;8782.973675632073;25.647688197185534;,5.752149554916067e-12;1.9946776046218755e-11;2.687245196774558e-11;
5,0,False,False,False,0.8,1.016845989170083e-12;5.752149554916067e-12;5.823607568738997e-12;3.637978807091713e-12;,1.8749713606747085e-12;1.2862197421537486e-12;1.2370465364015621e-11;1.3853010579375966e-11;
5,0,False,False,False,1.0,4.547473508864641e-13;7.276179655400323e-12;5.752149554916067e-12;7.075377775900678e-11;5.741579255714614e-10;,1.0951766470309208e-11;9.668061295755842e-12;1.1647215137477994e-11;1.472847974646506e-11;1.8189894035458565e-12;
5,0,False,False,False,0.6,4626.914757309495;15.485418013584326;155.80319527690992;,7.499885442698834e-12;1.0289757937229989e-11;1.0289757937229989e-11;
5,0,False,False,False,0.6,272.10723182962573;4600.9168229636125;1266.6398532350934;,1.124982816404825e-11;1.2732925824820995e-11;3.279229782005122e-12;
5,0,False,False,False,0.6,3.0233004760875085e-11;1.8189894035458565e-12;1.8189894035458565e-12;,7.499885442698834e-12;1.747082270621699e-11;7.499885442698834e-12;
5,0,False,False,False,0.8,439.03673239470913;377.8605625761717;6.272382153899217e-12;712.1284283449852;,5.532240293449121e-12;1.0913936421275139e-11;4.547473508864641e-12;8.829596408280667e-12;
5,0,False,False,False,0.6,2311.5878430750104;1165.397108273417;1.8189894035458565e-12;,6.1010759350204984e-12;3.637978807091713e-12;1.8550124927397645e-11;
5,0,False,False,False,0.8,1.8331451766013172e-12;1.2862197421537486e-12;3.410605131648481e-13;5148.913384674049;,3.279229782005122e-12;7.77072613829435e-12;1.1647215137477994e-11;1.9591115441051456e-11;
5,0,False,False,False,0.6,149.84688305556108;6351.263866744113;2.6394984126316553e-09;,1.4999770885397668e-11;2.5270208406163518e-11;5.015432426794082e-11;
5,0,False,False,False,0.6,268.54711038469827;354.6750392527136;943.2726637166147;,7.73070496506989e-12;2.0579515874459978e-11;1.3116919128020487e-11;
5,0,False,False,False,0.8,353.5624417274745;4510.211481657615;157.57726094004826;1.324244274525066e-11;,5.823607568738997e-12;7.332580706405269e-12;1.0289757937229989e-11;2.572439484307497e-11;
5,0,False,False,False,0.8,6.268670377008346e-10;16.988555168354605;387.8671080485328;4.547473508864641e-13;,1.8189894035458565e-12;2.44719995809168e-11;2.807673634457957e-11;6.1852326820078106e-12;
5,0,False,False,False,0.6,1.016845989170083e-12;686.9816132000343;0.0;,6.558459564010244e-12;2.9330322825621076e-11;4.067383956680332e-12;
5,0,False,False,False,0.8,1948.520240251753;246.94609700525422;4.951667898534989;1.8189894035458565e-12;,7.499885442698834e-12;3.637978807091713e-12;1.0951766470309208e-11;2.6233838256040975e-11;
5,0,False,False,False,0.6,9.094947017729282e-13;616.4954581792108;3132.3167630795656;,8.580155856231252e-12;7.77072613829435e-12;2.7661201467245607e-12;
5,0,False,False,False,0.8,7.842186297620233e-10;291.6170309949069;7.103380699760832e-12;4.2900779281156266e-11;,1.3116919128020487e-11;5.532240293449121e-12;8.185452315956354e-12;2.2128961173796485e-11;
5,0,False,False,False,0.8,136.51316104709787;4.773946266467844e-10;3.637978807091713e-12;4.067383956680332e-12;,8.134767913360665e-12;1.1823431123048067e-11;1.3116919128020487e-11;1.1064480586898243e-11;
5,0,False,False,False,0.4,2920.979316973065;36.76897317947681;,4.547473508864641e-12;4.1479340328774485e-11;
5,0,False,False,False,0.8,9.374856803373542e-13;1.8189894035458565e-12;613.6180243203578;0.0;,4.067383956680332e-12;1.2862197421537486e-11;2.572439484307497e-11;1.1504299109832135e-11;
5,0,False,False,False,1.0,5.4151225946422334e-11;2.5918919977293772e-11;0.0;9.954248381918757e-11;880.1501224441251;,5.303219854654618e-12;4.897778860262864e-12;7.332580706405269e-12;4.336106009235743e-11;8.580155856231252e-12;
5,0,False,False,False,0.6,1479.141968020603;1.8189894035458565e-12;136.7841862021597;,4.547473508864641e-12;2.4404303740081994e-11;9.094947017729282e-12;
5,0,False,False,False,0.8,17.618857818682795;494.11978775101267;129.82314993249435;1.8189894035458565e-12;,1.7160311712462504e-11;2.7284841053187847e-12;5.823607568738997e-12;1.3116919128020487e-11;
5,0,False,False,False,0.6,43.30834493444969;122.96397127358499;13280.050322768258;,1.8393392034483154e-11;5.1448789686149945e-12;8.134767913360665e-12;
1,250,False,False,False,1.0,81.13195281454185;,196.312329478156;
1,250,False,False,False,1.0,346.16621602826586;,223.31709758171436;
1,250,False,False,False,1.0,406.2798312083963;,532.7506729491561;
1,250,False,False,False,1.0,24795.761769031582;,178.88784977481038;
1,250,False,False,False,1.0,360.80464223556976;,249.31538173299995;
1,250,False,False,False,1.0,41.69730107321978;,128.75925674583684;
1,250,False,False,False,1.0,369.7549323495491;,642.0563531692987;
1,250,True,False,False,,,
1,250,False,False,False,1.0,157.2662043129401;,72.17644774074549;
1,250,False,False,False,1.0,151.20032919153712;,332.5431334000356;
1,250,False,False,False,1.0,263.7462052236415;,507.5698923488824;
1,250,False,False,False,1.0,135.6930432624958;,292.75940545975976;
1,250,False,False,False,1.0,249.3147875307992;,285.13752256377325;
1,250,False,False,False,1.0,103.16348978247031;,122.04984013605231;
1,250,False,False,False,1.0,366.74427151260306;,514.4365161022689;
1,250,False,False,False,1.0,78.32252503221825;,71.67810432095722;
1,250,False,False,False,1.0,316.6141141683448;,374.8209975225553;
1,250,False,False,False,1.0,833.4572917663892;,680.1677745573731;
1,250,False,False,False,1.0,107.26500973482383;,144.44005889143423;
1,250,False,False,False,1.0,174.29027550620762;,163.35823240428087;
1,250,False,False,False,1.0,72.77763927473028;,555.038936990811;
1,250,False,False,False,1.0,93.78434846187822;,166.7289830106017;
1,250,False,False,False,1.0,289.1674630504581;,260.84868721179623;
1,250,False,False,False,1.0,239.0525616415218;,447.59673855863053;
1,250,False,False,False,1.0,231.55172967938518;,286.365598501977;
1,250,False,False,False,1.0,159.31648646110082;,124.30260232487355;
1,250,False,False,False,1.0,130.2128588596079;,408.9049241498161;
1,250,False,False,False,1.0,103.63054252468879;,131.7281825879975;
1,250,False,False,False,1.0,401.12576058240654;,1091.4921084852424;
1,250,True,False,False,,,
1,250,False,False,False,1.0,197.5086563619188;,420.91929416749343;
1,250,False,False,False,1.0,146.5105078267347;,149.0109475144036;
1,250,False,False,False,1.0,191.36836058774966;,154.16900126791919;
1,250,False,False,False,1.0,132.88692806482865;,427.182301307241;
1,250,False,False,False,1.0,12.233300115143587;,192.51425486657502;
1,250,False,False,False,1.0,311.1328239046821;,275.59478874897303;
1,250,False,False,False,1.0,253.32645495551913;,319.7888881245873;
1,250,False,False,False,1.0,783.2000643143668;,686.9769993819601;
1,250,False,False,False,1.0,79.21226605979757;,102.93575531614765;
1,250,False,False,False,1.0,133.83589298491472;,173.75029964206328;
1,250,False,False,False,1.0,430.2286743681253;,683.6463122002604;
1,250,False,False,False,1.0,297.75809769989405;,554.6192652963008;
1,250,False,False,False,1.0,376.65984283906647;,374.02459039410627;
1,250,False,False,False,1.0,145.68501892604627;,324.57654985105285;
1,250,False,False,False,1.0,56.61684862208091;,230.8052392324925;
1,250,False,False,False,1.0,72.75817069256202;,105.36561415815403;
1,250,False,False,False,1.0,122.45602242468506;,567.3036957942522;
1,250,False,False,False,1.0,441.55039579769175;,509.4256917099467;
1,250,False,False,False,1.0,300.6915827333596;,224.04015415220894;
1,250,False,False,False,1.0,99.990018047693;,212.51701961752408;
1,250,False,False,False,1.0,478.3687842384313;,459.82597377060927;
1,250,False,False,False,1.0,56.60414917076751;,299.75207931869437;
1,250,False,False,False,1.0,152.73792520225007;,127.15923341678405;
1,250,False,False,False,1.0,148.99018826812133;,191.06874997577512;
1,250,False,False,False,1.0,186.5300255581047;,235.2573153973151;
1,250,False,False,False,1.0,174.1230166514358;,141.0380305788702;
1,250,False,False,False,1.0,230.08129107424924;,325.81915070206475;
1,250,False,False,False,1.0,104.19678055638003;,338.53219180091537;
1,250,False,False,False,1.0,480.5854862845642;,660.1434992877023;
1,250,False,False,False,1.0,96.64035116511896;,299.12377166680716;
1,250,False,False,False,1.0,356.37159619522595;,602.2192560282658;
1,250,False,False,False,1.0,361.30477342668854;,475.8190798860699;
1,250,False,False,False,1.0,167.4551437022127;,255.37733604869243;
1,250,False,False,False,1.0,57.98497151608078;,352.6614227383092;
1,250,False,False,False,1.0,57.858655909373226;,62.95085631244719;
1,250,False,False,False,1.0,211.8865553532529;,245.28625950264527;
1,250,False,False,False,1.0,376.789107222819;,480.42963200781213;
1,250,False,False,False,1.0,57.154211990317734;,417.7917651750878;
1,250,False,False,False,1.0,800.9392864861129;,950.6892805142501;
1,250,False,False,False,1.0,172.41982991050625;,254.88677664898427;
1,250,False,False,False,1.0,44.97066278706543;,223.749056540041;
1,250,False,False,False,1.0,179.55196481743437;,83.17028022987864;
1,250,False,False,False,1.0,112.78429566209442;,553.0844094051154;
1,250,False,False,False,1.0,67.14920034430506;,371.4098784017326;
1,250,False,False,False,1.0,321.7668100050035;,439.18123309332736;
1,250,False,False,False,1.0,218.3538965057132;,101.42447219668377;
1,250,False,False,False,1.0,27560.22152985327;,101.40607101602957;
1,250,False,False,False,1.0,170.0974514908175;,421.78686035740816;
1,250,False,False,False,1.0,699.6313391843139;,599.4346524609799;
1,250,False,False,False,1.0,203.95478503698067;,246.6919354198786;
1,250,False,False,False,1.0,652.0555028437741;,757.0473875693756;
1,250,False,False,False,1.0,316.6718385040704;,383.1067405873559;
1,250,False,False,False,1.0,144.55495150867156;,54.2054484973425;
1,250,False,False,False,1.0,333.3737330827269;,575.1091022293134;
1,250,False,False,False,1.0,149.96698717101228;,241.1509537804512;
1,250,False,False,False,1.0,198.90069120144776;,630.4363484481578;
1,250,False,False,False,1.0,30.515115820366702;,219.37821690206914;
1,250,False,False,False,1.0,185.31034182113237;,418.18931409223535;
1,250,False,False,False,1.0,296.90597314372434;,392.0567460107522;
1,250,False,False,False,1.0,43.51172267297583;,165.40306458142675;
1,250,False,False,False,1.0,415.4155676653783;,395.7630380220204;
1,250,False,False,False,1.0,237.68562298750854;,712.9297357670418;
1,250,False,False,False,1.0,109.16220245658596;,291.317749021523;
1,250,False,False,False,1.0,290.6299987890916;,345.4700369151414;
1,250,False,False,False,1.0,219.69983724618172;,164.20786643919524;
1,250,False,False,False,1.0,50.88272626282272;,199.56904785320407;
1,250,False,False,False,1.0,633.3455650459413;,746.6850433688429;
1,250,False,False,False,1.0,516.9546717908913;,521.1838401414011;
1,250,False,False,False,1.0,135.82341629614763;,157.76315543213977;
1,250,False,False,False,1.0,405.9558629408186;,378.24909820922267;
1,250,False,False,False,1.0,21.681740561845523;,129.36781893262358;
1,250,False,False,False,1.0,154.15948382372332;,161.8212724653041;
1,250,False,False,False,1.0,220.55448205657885;,221.3071122089779;
1,250,False,False,False,1.0,208.7202141934096;,158.08076531370827;
1,250,False,False,False,1.0,706.5039815669159;,707.1486935799755;
1,250,False,False,False,1.0,277.6877986260314;,417.40428110633593;
1,250,False,False,False,1.0,147.26615847910315;,76.79311813076441;
1,250,False,False,False,1.0,22.222134497344484;,168.6708400893171;
1,250,False,False,False,1.0,507.7841342920628;,744.4294397153038;
1,250,False,False,False,1.0,717.0036169109533;,933.6209618586871;
1,250,False,False,False,1.0,7.285933119675701;,144.64809139681878;
1,250,False,False,False,1.0,79.69806473347052;,291.36825725962444;
1,250,False,False,False,1.0,149.6794415288744;,456.64697690828666;
1,250,False,False,False,1.0,197.25849405540572;,577.9450440334923;
1,250,False,False,False,1.0,72.40351317507744;,117.37562415376254;
1,250,False,False,False,1.0,90.56082798811788;,59.56286536405821;
1,250,False,False,False,1.0,188.104918573839;,656.2604367348812;
1,250,False,False,False,1.0,44.044484396966496;,350.49990955280714;
1,250,False,False,False,1.0,81.95177445790424;,20.97752579108581;
1,250,False,False,False,1.0,118.39451781613097;,339.7389670812957;
1,250,False,False,False,1.0,223.07484958991398;,399.2990139545779;
1,250,False,False,False,1.0,127.38542974463083;,243.48753494593905;
1,250,False,False,False,1.0,533.0552112481997;,637.2661412293253;
1,250,False,False,False,1.0,44.0691406703243;,242.33123673216576;
1,250,False,False,False,1.0,131.92287811965505;,244.81471554677506;
1,250,True,False,False,,,
1,250,False,False,False,1.0,97.39628023876244;,548.6850672576373;
1,250,False,False,False,1.0,85.71047704903059;,101.41954048042139;
1,250,False,False,False,1.0,697.0345202718989;,637.8641109468305;
1,250,False,False,False,1.0,144.96359433831478;,348.8858731037394;
1,250,False,False,False,1.0,268.564317451393;,579.5757000314314;
1,250,True,False,False,,,
1,250,False,False,False,1.0,168.0660741413833;,167.27775814574818;
1,250,False,False,False,1.0,152.0694355457406;,358.0301878773917;
1,250,False,False,False,1.0,408.9552111904497;,791.2291935154042;
1,250,False,False,False,1.0,488.4124868545956;,1451.7556793592933;
1,250,False,False,False,1.0,129.27340371568965;,224.0783561481206;
1,250,False,False,False,1.0,47.97200243937079;,348.4736896632374;
1,250,False,False,False,1.0,197.29280352470897;,312.7851188489763;
1,250,False,False,False,1.0,328.7595660541805;,329.45758882808394;
1,250,False,False,False,1.0,120.59159479612114;,113.71194191811982;
1,250,False,False,False,1.0,17.658318737886976;,496.09383906071724;
1,250,False,False,False,1.0,229.16461365208335;,256.37118776285814;
1,250,False,False,False,1.0,135.8530448642793;,217.5928177503896;
1,250,False,False,False,1.0,70.05894117710206;,280.65051814021587;
1,250,False,False,False,1.0,145.13205731032002;,275.3106173763603;
1,250,False,False,False,1.0,197.07519641374412;,196.67463439192792;
1,250,False,False,False,1.0,125.04285195946113;,738.3948566365259;
1,250,False,False,False,1.0,80.3199075144318;,211.39466545335247;
1,250,True,False,False,,,
2,250,False,False,False,1.0,106.7195036394314;41.81330200408806;,396.045590992437;231.75469939732943;
2,250,False,False,False,1.0,512.9570472653419;35.85743338684894;,595.5080918850509;524.2285617137276;
2,250,False,False,False,1.0,222.13875677775786;256.42256421833724;,396.0699987558478;258.69771636031373;
2,250,False,False,False,1.0,93.6778162294595;912.9639384877132;,258.9459133340612;857.5855179811784;
2,250,False,False,False,1.0,32.508176220860825;183.00183467818042;,189.67936501731924;264.62444958307674;
2,250,False,False,False,1.0,88.52094628555705;96.67082564546364;,185.59588899681972;696.0211059740294;
2,250,False,False,False,1.0,121.81836029742173;62.198954719342105;,375.7357322561558;71.1821157832167;
2,250,False,False,False,1.0,60.78159400891353;97.20227149544081;,225.9902131913929;187.7910128313056;
2,250,False,False,False,1.0,38.29861890224314;412.8970372970016;,207.92908735918164;941.239565119943;
2,250,False,False,False,1.0,304.09850246480966;109.4853640989423;,563.8460970377064;318.41028572343197;
2,250,False,False,False,1.0,187.1171939747768;451.814309329713;,597.3550889291371;326.96207531562834;
2,250,False,False,False,1.0,635.0607461620368;251.17267574129286;,720.0291245785704;425.00100188438887;
2,250,False,False,False,1.0,101.08444268833847;373.64742311516045;,387.14177550317737;313.56376709510977;
2,250,False,False,False,1.0,94.18695211840307;80.50557819707947;,414.5591842104383;213.75508278234634;
2,250,False,False,False,1.0,118.38399995245148;183.23979714063523;,133.62715444765948;502.24570235861233;
2,250,False,False,False,1.0,260.4987721485642;133.02340279636235;,384.1681119934641;392.83086580657715;
2,250,False,False,False,1.0,795.0282213399241;21299.31845541044;,393.1665627761063;173.21139385409722;
2,250,False,False,False,0.5,175.44159988393713;,100.62464902981723;
2,250,False,False,False,1.0,106.93669580135135;248.48883040523427;,378.39212491407136;79.10159679092665;
2,250,False,False,False,1.0,137.2141292225214;73.56313009173745;,35.55137790041678;161.19358282368614;
2,250,False,False,False,1.0,39.016872917966516;304.9147119381879;,158.29721369177588;195.090984997271;
2,250,False,False,False,1.0,159.7713468605448;193.16406251015135;,466.7159379028042;368.92848883445544;
2,250,False,False,False,1.0,22.798761352766203;539.7316792246312;,226.55051828243614;412.307590794894;
2,250,False,False,False,1.0,295.17218744433023;135.11421376463028;,216.26215882196615;152.75452457335447;
2,250,False,False,False,1.0,227.46769386791107;321.2664823970614;,362.3523666444363;481.8101456869698;
2,250,False,False,False,1.0,123.54678776108364;355.9447939845768;,345.3576964884101;185.06151456409927;
2,250,False,False,False,1.0,98.55485197113968;149.39289889296836;,413.80692056692004;389.5423370933952;
2,250,False,False,False,1.0,182.74933160092337;556.6225270977197;,355.18163556297844;510.18588203307394;
2,250,False,False,False,1.0,128.27065094786388;512.8213033626668;,338.66822651511126;440.397460476425;
2,250,False,False,False,0.5,567.1166492875877;,346.26607421494134;
2,250,False,False,False,1.0,227.21958877600653;69.23754482167448;,255.62772811834728;228.1402049423471;
2,250,False,False,False,1.0,39.99966534335481;383.5085478618475;,222.0671866357658;351.6336775245984;
2,250,False,False,False,1.0,251.98771057957546;25.09799303326945;,281.4854207500227;269.153739987089;
2,250,False,False,False,1.0,45.12490985488725;191.95067600029248;,142.8265517231058;394.9581951128161;
2,250,False,False,False,1.0,113.75359275059017;156.20381341003562;,455.32843300898264;75.07980620614676;
2,250,False,False,False,1.0,237.93164601806708;283.4554215413013;,349.1444230428631;309.49874438191205;
2,250,False,False,False,1.0,195.05974035110893;293.18878719211096;,70.44999931968883;519.9009512159353;
2,250,False,False,False,1.0,328.9262658343952;923.7959818272126;,419.8868307690571;950.7388507886841;
2,250,False,False,False,1.0,405.4407994485066;195.45771715345467;,329.93085211087543;325.0460309435884;
2,250,False,False,False,1.0,58.36993986055445;26642.81033172752;,665.4922067436555;163.0354375251251;
2,250,False,False,False,1.0,889.9984510172762;355.3899947302305;,1053.6313845609511;291.6319587263944;
2,250,False,False,False,1.0,96.82335812234975;671.1842267884873;,289.66046717280085;724.9201220344233;
2,250,False,False,False,1.0,170.2061904696023;337.0004452487438;,236.0149303471044;309.05628728839673;
2,250,False,False,False,1.0,1057.5175617015339;120.12356752352751;,368.61175521575746;150.24979742699543;
2,250,False,False,False,1.0,41.31429211433166;180.35716579890385;,158.33000961088183;357.8398793162822;
2,250,False,False,False,1.0,301.9311210542456;221.67699722977147;,381.5390447643573;246.32866354739295;
2,250,False,False,False,1.0,61.94865809553991;109.39815771450121;,722.660813141644;339.5363855367441;
2,250,False,False,False,1.0,144.24055465332378;328.62701216706444;,61.67389138827211;87.60542283792142;
2,250,False,False,False,1.0,135.8423983738077;98.87849878419942;,414.9096941646278;366.45364500580735;
2,250,False,False,False,1.0,174.27338122209892;305.5695629904933;,172.44792758039418;542.612947388681;
2,250,False,False,False,1.0,133.11654372583925;817.7605313450593;,389.90223753231027;757.02160951273;
2,250,False,False,False,1.0,150.88280614207457;151.21404128693462;,249.29619437327827;109.69089415896872;
2,250,False,False,False,1.0,195.15502250028058;245.24981186734848;,302.08491181440803;153.13516713734901;
2,250,False,False,False,1.0,241.85117740614965;85.84672354880652;,578.5070293123092;156.8816354133679;
2,250,False,False,False,1.0,466.7033127392418;840.2357182257094;,629.3819618530634;304.4737124635819;
2,250,False,False,False,1.0,405.59663527533974;469.7484951423189;,140.6880238898346;415.71012771387814;
2,250,False,False,False,1.0,237.18838281348798;104.69597300099055;,363.76834471902333;436.9532408588324;
2,250,False,False,False,1.0,580.2129212544352;223.4806288622177;,398.8203353530792;261.7886970466518;
2,250,False,False,False,1.0,260.50610324916966;332.60145757230254;,220.8089418817894;193.90959999178992;
2,250,False,False,False,1.0,95.72542863764737;150.1324021292522;,113.12903462408514;159.14771948746676;
2,250,False,False,False,1.0,53.996613884044564;783.789894473178;,90.98029925916087;706.7456145610945;
2,250,False,False,False,1.0,666.6666223876275;527.0403340749202;,460.7597203068908;520.5868559403797;
2,250,False,False,False,1.0,367.57682798378096;161.55521043194906;,486.7893879651749;654.0988670095152;
2,250,False,False,False,1.0,251.82900933899614;118.10348870469689;,237.56928746502723;67.75255495377249;
2,250,False,False,False,1.0,87.96269044425013;290.37259200380214;,216.14837951887904;392.22571171555916;
2,250,False,False,False,1.0,104.49974389875152;426.55667565325706;,539.2756801516418;363.99714038740365;
2,250,False,False,False,0.5,404.8421302423312;,560.69925726831;
2,250,False,False,False,1.0,327.7940871794378;144.62060652727564;,391.289755559353;131.88460033737198;
2,250,False,False,False,1.0,210.273302090194;807.0508367950654;,88.52782773961047;519.4774237805312;
2,250,False,False,False,1.0,391.0327992771477;492.6018006605019;,708.8441118670042;568.4207200201377;
2,250,False,False,False,1.0,126.4918555436579;248.28598756842356;,266.5968572496784;640.5152264452515;
2,250,False,False,False,1.0,69.34298309786115;179.88718227532996;,32.80502124658246;324.8102155976693;
2,250,False,False,False,1.0,165.62028646036805;293.00095489338963;,204.37758070976003;136.21351920078783;
2,250,False,False,False,1.0,170.36529473083425;96.8231940145333;,696.7006068735687;149.1407834600384;
2,250,False,False,False,1.0,345.7480444388111;340.43672316366866;,796.7480099423691;528.6560733597579;
2,250,False,False,False,1.0,202.35777177109205;308.41158185807;,285.66755895355425;641.776217122976;
2,250,False,False,False,1.0,341.2693731090417;100.05187370973792;,426.4714360314642;259.55216375050395;
2,250,False,False,False,1.0,197.4216982398183;840.7835954182889;,133.010367687836;840.467662732773;
2,250,False,False,False,1.0,261.4952589096896;246.99022421200726;,373.3845972040927;448.57301000151244;
2,250,False,False,False,1.0,82.44177017410279;162.30367087403042;,139.33672680649295;221.9906713173946;
2,250,False,False,False,1.0,65.61348900399746;215.44213122291538;,267.2251610558007;209.4335123396671;
2,250,False,False,False,1.0,31.710509340707173;77.78079691793052;,78.35772941029694;126.88550617205038;
2,250,False,False,False,1.0,285.8058879879384;461.0993949451927;,216.40668434963933;118.19206644590795;
2,250,False,False,False,1.0,158.2859073902977;445.3046111900904;,314.0421440752467;489.5110387076995;
2,250,False,False,False,1.0,36.90707209301628;84.40640477383842;,347.03844625860717;303.10592976137366;
2,250,False,False,False,1.0,472.46785149888797;360.82848912455313;,487.4261692428816;355.3199882456009;
2,250,False,False,False,1.0,140.81495496650118;228.38179042707569;,195.88459583469032;482.9156094547146;
2,250,False,False,False,1.0,32.28454321852272;683.92441669163;,202.66744293697639;503.28563871814487;
2,250,False,False,False,1.0,135.34058645717892;5.002421537296213;,162.69625721754437;345.70080823631685;
2,250,False,False,False,1.0,58.92756473441332;224.49201247484837;,332.9643712233463;304.0327548956236;
2,250,False,False,False,1.0,33.728743426379125;56.8783006450562;,371.4084949098811;121.33980668072005;
2,250,False,False,False,1.0,89.14953076267517;233.45412153068247;,201.40598535823614;617.0700895300064;
2,250,False,False,False,1.0,440.5462226697871;18.68703713720818;,571.1446507569941;94.97381658316856;
2,250,False,False,False,1.0,553.3916207077051;964.8926457396722;,307.1755903937706;1252.2387039466958;
2,250,False,False,False,1.0,482.80568564751616;493.18688949595565;,343.17919854695697;422.8182555796548;
2,250,False,False,False,1.0,151.36742884701744;109.53488403197397;,151.3039126671695;231.62156313892115;
2,250,False,False,False,1.0,111.71654556910403;120.46563190272843;,167.28679240269972;201.7627392558585;
2,250,False,False,False,1.0,372.82170624727837;348.4010403631223;,349.67102577386083;501.6335440183593;
2,250,False,False,False,1.0,101.67903491748567;101.24227251733747;,106.300282379604;555.8259979018918;
2,250,False,False,False,1.0,67.38482428487401;212.93679570843452;,85.72062411177578;449.53769594162185;
2,250,False,False,False,1.0,277.47279674803417;549.1357813909592;,348.16820955560945;751.1604083515563;
2,250,False,False,False,1.0,107.04916359875216;106.70507489975432;,277.32037473734965;530.338927997162;
2,250,False,False,False,0.5,397.27936770122267;,243.54730864676665;
2,250,False,False,False,1.0,40.96812604826852;254.77151840428255;,283.29535046573056;369.8321837692318;
2,250,False,False,False,1.0,413.93290660977004;258.00608044799117;,300.6538983104637;153.75972003474584;
2,250,False,False,False,1.0,416.39979512756867;196.40184353783548;,628.8591540298963;562.8053942511406;
2,250,False,False,False,1.0,200.7427559876774;176.58332199137885;,74.81496000550348;307.8272978213086;
2,250,False,False,False,1.0,202.9669999361411;75.38789689411033;,476.4703490567087;213.57000047209897;
2,250,False,False,False,1.0,293.5844984949408;729.8393279432323;,490.1036732621724;738.9998417190435;
2,250,False,False,False,1.0,421.55774716396513;87.86553818594155;,442.85785657563804;196.25658250207388;
2,250,False,False,False,1.0,162.2947054297073;367.3595806657332;,260.035236192104;332.05121575181215;
2,250,False,False,False,1.0,160.50317248425435;256.99637879507446;,246.03455242129783;444.81633042235364;
2,250,False,False,False,1.0,94.35750024147423;41.16200947953063;,109.90171704560737;179.51264710429734;
2,250,False,False,False,1.0,369.3038360989234;152.45097982750477;,488.69912647486785;61.41602798923059;
2,250,False,False,False,1.0,209.97583203815032;305.6316286785999;,260.91377923113726;287.65863515626694;
2,250,False,False,False,1.0,124.95756749864998;29.383637772046846;,426.31980845221426;156.2264934274331;
2,250,False,False,False,1.0,168.2291661597804;152.0770939437091;,367.08933116744714;226.70167250402739;
2,250,False,False,False,1.0,279.762087056054;73.27984387497293;,338.90764328604916;39.12107909184315;
2,250,False,False,False,1.0,99.84168103089014;219.16981825671436;,358.2548935558664;174.28750945310037;
2,250,False,False,False,1.0,80.14510328435266;146.0902544087138;,217.52540560825915;123.4980871275004;
2,250,False,False,False,1.0,128.72502830829362;298.0767985890809;,366.05812218530895;230.53145425466226;
2,250,False,False,False,1.0,142.6170760646502;112.90683699454252;,215.8502739620899;232.55311040807504;
2,250,False,False,False,1.0,101.94511519713602;200.15305435055097;,88.70930467404544;128.9456824865253;
2,250,False,False,False,1.0,115.18987905011517;273.08468518618577;,166.0564765578995;731.9223562701322;
2,250,False,False,False,1.0,70.67571709667688;109.74810517082679;,67.91004880100066;219.01338887205475;
2,250,False,False,False,1.0,184.1523087836199;302.02308207372874;,616.10708835863;274.3127374375549;
2,250,False,False,False,1.0,18447.59828617578;308.8918020671275;,328.577027433448;480.4414095952537;
2,250,False,False,False,1.0,89.57428017160366;268.21528973563164;,56.66283717427972;175.9260303033666;
2,250,False,False,False,1.0,429.43742191291875;510.3446624252833;,186.80274777942373;469.00473142156727;
2,250,False,False,False,1.0,424.2824480626079;295.1946941965751;,574.5078201177006;227.40060791536567;
2,250,False,False,False,1.0,215.437700500092;519.8122080787674;,269.9341887192429;711.9958976736882;
2,250,False,False,False,1.0,106.59082192801071;426.7689992420957;,60.91587984910669;555.2965376849618;
2,250,False,False,False,1.0,272.1454172319075;139.6171295493569;,457.1292669066297;235.63982464278016;
2,250,False,False,False,1.0,327.40128074565814;141.52364425074157;,415.2964322000544;97.9696906127597;
2,250,False,False,False,0.5,599.8427065777337;,306.159723050945;
2,250,False,False,False,1.0,129.44129348239352;642.5968290967586;,107.03212707804225;369.5921581570173;
2,250,False,False,False,1.0,377.31257989079614;376.16318973946863;,402.7539158122674;558.161850278822;
2,250,False,False,False,1.0,463.8238160120965;479.12161175772616;,604.9455694935389;741.9157143781214;
2,250,False,False,False,1.0,128.73619740124076;23243.860234694403;,146.38337395899217;335.5580288514703;
2,250,False,False,False,1.0,143.67574887641308;289.44172807069896;,331.6028492209308;360.1577779825954;
2,250,False,False,False,1.0,172.85958576552756;203.61491018580938;,282.3300446517757;229.50031932110474;
2,250,False,False,False,1.0,699.0992041538467;275.93733797869544;,699.0913292698064;455.22287762132675;
2,250,False,False,False,1.0,90.90453703515234;105.47417964229884;,255.50703206920926;242.42130602943158;
2,250,False,False,False,1.0,30.040274760450544;113.4968315547634;,76.1813422682406;352.9179544053614;
2,250,False,False,False,1.0,166.4120507318659;160.72216488021502;,97.46797408597035;942.1417139398369;
2,250,False,False,False,1.0,103.50700601477763;152.04915687972587;,118.66389159451472;359.1790481862646;
2,250,False,False,False,1.0,426.6758576141685;84.84980531690256;,527.0934626068404;373.9322902370409;
2,250,False,False,False,1.0,133.08294511834623;97.5643230751283;,159.65812945372957;307.851113859964;
2,250,False,False,False,1.0,185.54164678387312;181.34904082806204;,554.3712176556465;496.95332448283256;
2,250,False,False,False,1.0,143.41128486939894;114.28644760683174;,384.90573999503;68.23817229353948;
3,250,False,False,False,1.0,14.00453948905106;474.62108489329154;151.0083709642979;,267.0322014068607;974.2954927525963;163.16816996942788;
3,250,False,False,False,0.6666666666666666,291.1798062962938;109.0246360056026;,44.66044735983465;319.722553621701;
3,250,False,False,False,0.6666666666666666,325.33775248120304;84.25150567720354;,326.9962383648018;76.17324200268028;
3,250,False,False,False,1.0,35.13601480660859;182.16130353127525;341.22658063540615;,162.63443095557054;137.5422546665805;381.1030208588992;
3,250,False,False,False,1.0,166.49552144146685;164.0517587240744;25328.98598512805;,434.8619430785427;154.3455317224713;297.88419636832896;
3,250,False,False,False,1.0,19454.066477621378;216.11780659303375;261.7287306384618;,265.3256092117573;809.2729312338261;243.25340146727143;
3,250,False,False,False,0.6666666666666666,1314.6140602870894;343.92875519591985;,369.66395957366325;247.74397142061986;
3,250,False,False,False,1.0,113.04158360498406;55.193645295947356;42.41283628979046;,262.4980451775989;178.5177640855844;97.1563194181812;
3,250,False,False,False,1.0,125.27730893155177;136.00143131792092;213.04654226819565;,276.6132853961238;320.016010645607;470.27049849339835;
3,250,False,False,False,0.6666666666666666,297.4225760148497;122.90949757768891;,786.7931941472086;145.82921242807228;
3,250,False,False,False,1.0,317.99804313756346;555.7794880433685;269.8614792931017;,229.93538012806326;442.20604180108677;406.699439567233;
3,250,False,False,False,0.6666666666666666,351.9426531600134;153.82958948243643;,375.66172395093844;103.2189791640629;
3,250,False,False,False,1.0,210.20395202509033;124.68890394466857;250.4317446338217;,366.3412219519535;84.0153070093482;104.6142955964023;
3,250,False,False,False,1.0,26.097890086903483;616.0817875797931;129.355604527906;,104.49840474358933;350.9415624980061;355.37794150192525;
3,250,False,False,False,1.0,429.01085021104893;71.98195938923034;193.1342105546677;,367.96826815466864;229.57229783846313;246.6716459730696;
3,250,False,False,False,0.6666666666666666,140.53425534188162;16112.45559374604;,584.1201891825951;419.82397917938147;
3,250,False,False,False,1.0,197.43966198124383;199.6335846568005;98.31797605457733;,247.29779760352812;242.62674466551044;105.30806173981951;
3,250,False,False,False,1.0,469.383369880124;40.08003044732859;220.7079838430413;,490.414060285034;335.7584142261261;156.84918093096806;
3,250,False,False,False,1.0,3.3267742898751966;662.027676162171;191.91646595921353;,328.36826354543;907.7990314438292;137.59451556927817;
3,250,False,False,False,1.0,354.88691413581654;70.88436957664392;266.68314262737954;,491.8241323593578;519.0861532864342;609.7194205663851;
3,250,False,False,False,1.0,424.7302783322452;268.327551619922;135.05593109754955;,541.1911291132195;329.9133547343715;91.55977718432746;
3,250,False,False,False,1.0,55.826111022303095;295.00995462228934;379.983609756847;,513.3807093967127;691.934876829;457.182992793485;
3,250,False,False,False,0.6666666666666666,22.473208385542296;251.11824184317962;,68.13064369955393;443.8498288904172;
3,250,False,False,False,0.6666666666666666,7589.934232187597;491.72558186228196;,398.41507700902866;687.2007149653296;
3,250,False,False,False,1.0,48.0333896522069;329.5926825900275;128.70923854816465;,252.8325335398069;392.0646390322837;225.03319485864466;
3,250,False,False,False,1.0,39.996098670295446;223.53200791915975;119.4169652229983;,453.7000919023274;260.2624960544793;127.27155815055652;
3,250,False,False,False,1.0,116.26329255546067;259.63060498660417;181.80076229713467;,75.1413870938637;380.7239538110596;581.8861676660945;
3,250,False,False,False,1.0,380.17837031946715;511.9720633989216;15467.824766682957;,473.58303084493116;458.2370069914765;586.3132416147799;
3,250,False,False,False,1.0,401.1718925091777;271.46537405054653;157.8318216300572;,179.67125514018252;249.42866738731843;308.85183650531997;
3,250,False,False,False,1.0,129.43104277455856;51.982495574400836;382.9357771851502;,632.3007585280018;799.3517641099904;524.1969780425915;
3,250,False,False,False,1.0,33.775195924903734;287.66487373163295;277.73118515351126;,108.59636393458673;540.4969168280113;525.2624294568853;
3,250,False,False,False,1.0,351.8435265385056;510.44844119111974;221.32857771488432;,581.7268168615788;436.3716802800022;373.7993634493294;
3,250,False,False,False,1.0,82.39879648138053;104.09807028328568;163.83632969919802;,336.26535415811674;477.0604250878568;255.98454057177116;
3,250,False,False,False,1.0,200.27587640587888;275.16362653019013;189.4207175197996;,113.60262238081575;409.92194290180396;413.18181850039014;
3,250,False,False,False,1.0,337.40035302744326;130.06801108078662;285.3852192639381;,519.6336924877357;176.57863946421162;621.0977345834463;
3,250,False,False,False,1.0,142.31293296158836;180.38484603516065;51.82687923892521;,511.97748296868184;281.0813997994402;114.95400494857967;
3,250,False,False,False,1.0,63.16920668296443;668.7321032478104;41.45852897924555;,28.97539825923519;416.5226749748474;328.07608327986856;
3,250,False,False,False,1.0,58.82949577952287;65.0105563547212;540.6489350258341;,227.04890061391802;307.198280432134;622.29994352742;
3,250,False,False,False,0.6666666666666666,126.4451469774156;382.5495445775873;,249.23556683403893;443.78342095349956;
3,250,False,False,False,1.0,540.581844293801;192.42806745480277;295.0849774617363;,819.1553756256369;589.174155672276;166.8671253155547;
3,250,False,False,False,1.0,89.0690196935895;185.71719327968577;154.54849434994878;,201.3437242085825;487.45870757926104;153.1499275494389;
3,250,False,False,False,0.6666666666666666,89.36998985463212;523.2765133839483;,561.9432767079019;35.185261068228435;
3,250,False,False,False,1.0,389.1351619301027;37.357260784812915;22451.963604988272;,606.2122872681223;141.53121480861384;270.3695558989861;
3,250,False,False,False,1.0,288.14621796506395;572.3290819378693;453.2634718634655;,414.79213628227666;723.0522638012886;452.66347167633546;
3,250,False,False,False,1.0,257.776578473847;42.528513565463456;403.19511881816817;,536.9368181582805;426.86543717535517;432.8781320990394;
3,250,False,False,False,1.0,373.62010153658923;192.51045150055626;271.5995728417916;,286.772285278619;341.4193095979511;502.42002678763475;
3,250,False,False,False,1.0,136.5136762174392;283.30824345897076;444.5600542143672;,37.08719078776812;599.8282615705167;736.2893560895809;
3,250,False,False,False,1.0,117.2182753484221;207.9911799128878;58.094317283239086;,176.8297222721227;540.7924029243458;338.2095931806483;
3,250,False,False,False,1.0,180.36761126379358;205.9932396221219;12.98131228892411;,81.76382294204113;11.346114276229951;201.54939824012908;
3,250,False,False,False,1.0,206.09537001944906;96.73990621522752;253.9989806339063;,1094.486325360001;294.3107871581815;171.83950051442625;
3,250,False,False,False,1.0,105.30051516198117;185.9344328970838;457.61354598456285;,222.377659657238;366.7704521801274;526.8718280479757;
3,250,False,False,False,1.0,150.86691126176842;81.93816312033371;68.74368773726545;,129.08939913520337;261.5703446035965;217.7815017000844;
3,250,False,False,False,1.0,134.29784428276952;645.094480072247;206.3777084933539;,475.14670447476016;554.0687259423637;482.28868430235525;
3,250,False,False,False,0.6666666666666666,747.9157123159162;42.85699308145924;,457.5818171832692;459.56585331176956;
3,250,False,False,False,1.0,56.664527937408465;180.40649803082798;261.4657063510256;,62.343225248210395;236.46676155650314;432.87863859833533;
3,250,False,False,False,1.0,147.51361265102568;314.58234300093767;693.1911996271009;,327.87272320559896;299.85304412063414;582.2084256621506;
3,250,False,False,False,1.0,354.29225227413696;359.6355714655577;454.3464889926112;,516.311014673487;891.9602605836318;352.25933035678105;
3,250,False,False,False,1.0,259.2752674760541;103.02948399928816;99.78347161013049;,563.4950689715408;128.03793778777757;286.9237976900294;
3,250,False,False,False,0.6666666666666666,850.5427339561966;110.80652508705947;,178.1733362984713;206.9978061909171;
3,250,False,False,False,0.6666666666666666,196.63637059533536;216.895986137979;,274.4620559447766;809.7231664621585;
3,250,False,False,False,0.6666666666666666,298.67238352313854;215.8054069885823;,30.747414601166888;215.77179551298244;
3,250,False,False,False,1.0,344.6245035403483;604.4737086485594;21601.048581882922;,367.51771508871667;676.474520974855;93.38422611758065;
3,250,False,False,False,1.0,686.8319479404616;918.7757877489597;366.71726805190576;,388.8060555609683;477.8743554987653;741.9879119987896;
3,250,False,False,False,1.0,605.2499395598502;418.8131528314216;5634.784315835497;,595.3616611992996;341.12046139882665;207.35696552677535;
3,250,False,False,False,1.0,101.04085787254752;53.98694812749783;63.39129869790171;,126.55474787788644;162.66372185028524;197.47852016536862;
3,250,False,False,False,1.0,105.3310970444859;275.3602269545923;50.541748515500935;,126.39213697861634;167.53306685850094;351.7644975021393;
3,250,False,False,False,1.0,221.60053190243158;425.6035139421406;516.0595350818255;,518.9748567448668;148.75757005170857;160.01952915041588;
3,250,False,False,False,1.0,7.098380304878027;493.69879709224085;197.03292904448432;,143.69871739653186;484.8144902576081;262.506300457495;
3,250,False,False,False,1.0,49.75457882489579;330.4295380135135;404.7358628494032;,78.88840651912221;401.16124034970113;332.38070157531325;
3,250,False,False,False,1.0,421.6006326387152;70.64703900939973;338.74939719705833;,415.7443108476455;65.14033544694121;493.4635817203499;
3,250,False,False,False,1.0,135.54418070247405;359.8530516912694;7.041544464149097;,235.85292969004377;218.5565225297328;258.02533126640697;
3,250,False,False,False,1.0,186.28266291232572;560.7241997995291;167.329383737859;,116.14984271300014;372.517618126958;291.6504903489118;
3,250,False,False,False,1.0,71.01187108496529;197.67035833760812;149.22716747028153;,315.1988906266356;170.7526486787149;532.7772162485257;
3,250,False,False,False,1.0,209.062969530374;67.93173316131481;163.5540863875531;,247.87944518813435;241.67900634983448;107.31150796148096;
3,250,False,False,False,1.0,194.63979214967665;232.790157410011;139.31142824537991;,402.81315569270896;25.60175392150232;130.68695722624986;
3,250,False,False,False,0.6666666666666666,95.92089896680837;1253.9798464106786;,83.83306897221061;106.44884949028338;
3,250,False,False,False,1.0,785.3972246435923;75.5582335398062;105.15464491654993;,648.9782355828955;804.3959163857326;182.63144441415469;
3,250,False,False,False,1.0,68.00647364603248;102.92853954714371;118.91203604656702;,194.54397122344258;507.18749202915916;193.23307055794447;
3,250,False,False,False,1.0,317.2943996303474;129.49280118267515;317.12378578151714;,533.201643213999;120.93307680682447;282.2613894703513;
3,250,False,False,False,1.0,56.741735148081176;364.2844722496621;152.79662634640187;,145.27678028127508;400.2319813330289;102.23602920195235;
3,250,False,False,False,1.0,90.50071167004798;222.2481889915636;825.5890595594879;,284.6919253343279;190.10439896022638;555.3334364733741;
3,250,False,False,False,1.0,238.83136720810057;165.32274167690508;636.2368335677357;,515.4959152644522;172.14713802423069;537.8089896597273;
3,250,False,False,False,1.0,129.0934538371613;494.95035841838575;210.25607811211455;,438.3465621017873;504.1289298559725;327.0603659854697;
3,250,False,False,False,1.0,428.7800866476514;138.36074107856237;335.013874923875;,890.393033006786;112.82372052276509;395.37678278201275;
3,250,False,False,False,1.0,180.94819333036966;246.4285342788908;281.50593499818916;,786.380223820804;595.1861971689957;173.09358887529507;
3,250,False,False,False,1.0,140.77045041235667;130.564128702148;367.35940985595084;,35.38988274752246;218.48824815177605;624.64714206894;
3,250,False,False,False,1.0,257.74134972856933;109.55378263274277;143.4651113791859;,244.47117757780782;251.8466182728421;169.4338080836414;
3,250,False,False,False,1.0,438.8831815721654;472.2949351459738;520.5586467783826;,212.77078538046044;148.10603163510538;476.9487266904063;
3,250,False,False,False,1.0,158.2362247005387;417.5230548528686;88.54349853346338;,181.10383363433922;625.5927723681992;239.66800830040557;
3,250,False,False,False,1.0,446.83284976082854;99.76420030873072;80.56436176629059;,320.71911019946094;117.31891681699973;154.57721501603;
3,250,False,False,False,1.0,85.20808422013283;112.19132552396835;128.88581897924243;,130.4517271710568;372.2277013106686;277.33110234252786;
3,250,False,False,False,1.0,49.10284913580845;600.8986126801178;108.24648934574705;,86.0617067573931;393.5353386002646;117.59054128431788;
3,250,False,False,False,1.0,157.06735965676245;472.9589122182684;174.3425272353499;,322.3699620481088;534.5489762175476;212.4619268792562;
3,250,False,False,False,1.0,283.64545186780384;396.4932891986973;288.739423983154;,742.3119179090874;629.1290006196623;675.7087023592586;
3,250,False,False,False,1.0,302.6990224316063;251.44599879032958;166.74091041019915;,768.7700770776514;323.6127080383866;38.73375867849255;
3,250,False,False,False,1.0,77.04953115710491;208.5074563679915;125.14943716052403;,232.5787981074808;143.20244172678747;292.23512009054247;
3,250,False,False,False,1.0,284.7539967828052;220.99613175542626;259.96889303090205;,301.5050858093357;71.82685550643197;429.70324008429014;
3,250,False,False,False,1.0,294.04607691927225;406.84512482313716;201.10212792419532;,369.8287088810523;540.4282084425294;49.79824978536482;
3,250,False,False,False,1.0,444.49157192257167;33.36479241336751;24654.91375057443;,560.3319106996098;178.64529817256013;1028.8786064550518;
3,250,False,False,False,1.0,416.39293304591524;1200.23196875921;487.9571399569648;,553.903629386239;1225.76554467016;485.7925270216823;
3,250,False,False,False,1.0,203.51894548032118;629.6498114230484;174.0131438030354;,508.045021812641;348.74512996267015;190.10831533843606;
3,250,False,False,False,1.0,263.2781042738987;267.3189741148026;34.11768502979474;,717.7681075717991;282.04981462445954;216.18225446582449;
3,250,False,False,False,1.0,299.2586943553721;122.75929413413256;183.13341372149466;,464.64570465275995;213.27703199451682;285.46386785541546;
3,250,False,False,False,1.0,58.499908335385676;204.96440949964656;627.3679828305604;,335.0824024645849;483.70991181554626;523.4472783604054;
3,250,False,False,False,1.0,137.70298752318516;118.85352024560538;482.56732429037766;,93.96305035578762;438.0819260366614;460.5588679945624;
3,250,False,False,False,1.0,137.48682401424955;38.7789235736154;1072.4829325314174;,221.29755487191528;177.1724524232817;861.0109431344218;
3,250,False,False,False,1.0,310.73995125449954;97.24417692451637;2456.414335594224;,942.312290289254;160.28668773990185;216.8381312409277;
3,250,False,False,False,1.0,72.6100248793261;135.57099854245257;401.57549122481004;,233.50503923962054;121.57007918625251;799.7213096285733;
3,250,False,False,False,1.0,559.4965708785619;254.76216078091034;197.93421498705823;,567.0679649112184;422.81050158261775;232.2233629012321;
3,250,False,False,False,0.6666666666666666,1921.779166839893;312.2136083225564;,454.94138967830645;508.2139619682759;
3,250,False,False,False,1.0,230.69768224419846;166.05032988583756;255.8997996111923;,164.92190457207843;162.2625184212348;142.13559773207996;
3,250,False,False,False,1.0,544.5460341562618;186.1431008443427;335.026599569586;,714.7080022622276;328.50504620978506;552.7502810991338;
3,250,False,False,False,0.6666666666666666,29.574951128902107;2933.6283207847036;,97.5236091905787;335.0062750925587;
3,250,False,False,False,1.0,103.59432107798263;320.2216764477593;547.5827832391565;,90.89968521834753;299.39178626612215;676.9012125438717;
3,250,False,False,False,1.0,220.17292616175328;56.65659317065026;176.49102892546443;,209.54529457218715;480.30016346564094;304.5535298912649;
3,250,False,False,False,1.0,271.06895038737616;358.35217559923905;223.45846002231977;,125.0285146500001;429.5627774879015;384.3850042157351;
3,250,False,False,False,1.0,182.49471801625972;319.31777535240434;99.93443234447274;,159.58132826231386;481.2300018283677;699.8834653438521;
3,250,False,False,False,1.0,134.4937908876573;112.08881189577288;244.58963309010684;,67.732179646914;287.0795491292301;147.4205476690311;
3,250,False,False,False,1.0,109.66598300494799;285.6249644576688;58.111890641156506;,492.22317154659254;231.63857878019542;356.81030593920826;
3,250,False,False,False,1.0,355.87799671048407;201.58219744532883;78.60351378416237;,186.58239347320858;174.38873428956515;56.91738976848103;
3,250,False,False,False,1.0,155.02015106314158;521.4659044098702;122.11030577702499;,99.08086812256892;241.56354670512948;238.05408515111003;
3,250,False,False,False,1.0,901.7108733579455;112.30289153493239;553.2420338551194;,869.8082713635467;401.0610832006788;238.49713756219037;
3,250,False,False,False,0.6666666666666666,94.59697027548388;437.21685591712;,256.8972062648333;535.7006963361468;
3,250,False,False,False,0.6666666666666666,1912.1738923331102;96.51893457979587;,160.80864027865843;56.57792168365554;
3,250,False,False,False,0.6666666666666666,80.50258131799619;345.16160482643863;,114.01461615068989;829.8288528796478;
3,250,False,False,False,1.0,75.8974008431272;242.7885113335421;155.6146957432221;,239.47106807865805;203.87458874170326;291.0434429394259;
3,250,False,False,False,1.0,90.45978989430024;151.17275295723203;496.8515057592652;,316.60502703697915;240.20390238095152;669.74897150456;
3,250,False,False,False,1.0,171.40781267840137;164.11613656094883;288.4703342697695;,369.3545028110706;198.8469422708791;809.7838708462242;
3,250,False,False,False,1.0,574.120902233142;1128.4966140750212;469.62603287687534;,1011.00124690873;1357.6572072952788;924.5505531281311;
3,250,False,False,False,1.0,92.71363132170234;310.9619559441953;100.23774552159514;,295.323254701073;287.58321596464316;515.0591400451751;
3,250,False,False,False,1.0,327.7033827024081;467.15019895293653;185.31303378544027;,391.9163251955059;467.14982159230584;238.92651139015882;
3,250,False,False,False,1.0,157.5849148125138;46.84438369934703;78.58952993130055;,77.0882868365708;205.77151160814938;389.5280703699105;
3,250,False,False,False,1.0,21.52453965991166;411.23300615511914;102.47483997371963;,331.36704256967425;480.5591844997613;214.56412982546303;
3,250,False,False,False,1.0,78.57496312175464;131.02921089625644;375.97637868259994;,170.6101219518844;145.55154906781843;398.8798626228316;
3,250,False,False,False,1.0,122.79462397639824;233.76025105599697;351.84398463811493;,364.89051721933265;393.2379526433275;292.4311074323882;
3,250,False,False,False,1.0,82.61996270722226;327.2795114902796;184.90300083545353;,77.63696078783663;206.48349309498224;203.71601342680736;
3,250,False,False,False,1.0,121.20645078485833;131.51924199742763;244.58574722316771;,34.97956776332959;314.43769404840015;86.06714193917274;
3,250,False,False,False,1.0,253.77334161435888;191.02659759713475;170.06020436224256;,338.130255700836;263.14651806480657;219.99468381188638;
3,250,False,False,False,1.0,197.11015307581195;228.22868427138033;178.92392024452482;,459.18423022661256;214.7659468955297;413.63779709523595;
3,250,False,False,False,1.0,122.82491356382194;43.16883287792028;612.4842605740196;,342.086011950131;103.21582602053317;850.3797224847341;
3,250,False,False,False,1.0,82.31821310823526;292.044772566732;88.98093668644503;,153.7609395710525;274.2379034084913;74.06462601206285;
3,250,False,False,False,1.0,354.2244868540569;77.84741406379428;166.76697056448097;,277.1655285965871;101.40378746931141;439.59032298704744;
3,250,False,False,False,1.0,461.2773349304764;158.70084388046652;132.18387738608175;,616.0494338692009;186.1153736535415;166.05893708722624;
3,250,False,False,False,1.0,461.48029786464673;230.00497894677713;334.88332740900773;,427.88550004802283;183.80186579153136;425.55864101826245;
3,250,False,False,False,1.0,116.889219036596;84.37089563174605;43.72443673653342;,465.4414968111521;69.67064867131896;226.46208110979774;
3,250,False,False,False,1.0,141.1981578895786;134.64485745828281;639.4140545631923;,210.22809060931294;280.380971814824;311.8794175216874;
3,250,False,False,False,1.0,250.2142172521602;546.9689892841556;291.19984741050206;,277.8206452352649;636.8559317667095;181.88441412299483;
3,250,False,False,False,0.6666666666666666,508.33284702861465;122.22840470429327;,255.64401199151106;280.58694212539274;
3,250,False,False,False,1.0,155.57983052822527;247.9799100430145;210.29657995823217;,404.9286000423544;206.15697984158427;170.99005136457262;
3,250,False,False,False,1.0,608.1818760593435;43.6894112535435;89.82008781416882;,796.8757518964226;521.0577397835715;188.02969908523974;
4,250,False,False,False,0.75,421.89546519989676;206.02380838400958;21983.144263434515;,19.89699623311182;544.0692771648686;23.69696371817154;
4,250,False,False,False,1.0,272.9660888560917;945.4331538194332;441.38918881098664;496.9105046412596;,125.59226067831091;1169.9072098502638;313.1756321112527;100.88914997285231;
4,250,False,False,False,0.75,496.9045949886363;362.45388566944837;79.8888395025301;,745.4286148968781;223.9643770531686;148.3836648508973;
4,250,False,False,False,0.75,97.81424822718107;139.85122827760722;334.78155004174545;,46.05899212603221;250.83317110901098;110.889655905822;
4,250,False,False,False,1.0,365.5742563066546;212.91066849717663;208.99349901186426;170.74773355214936;,353.98608158729195;106.97525082375878;643.3927243595891;606.6291471764745;
4,250,False,False,False,1.0,333.7402281909043;35.46536200848753;372.21590755847194;126.12224614619623;,348.5800855021897;201.16586308586173;335.85924009208406;222.22647593408593;
4,250,False,False,False,1.0,198.33370116387317;134.94780117990902;212.15278119944557;196.5691258267446;,325.92700190156694;372.6952497645859;325.3757560027812;483.82112177144825;
4,250,False,False,False,0.75,494.502305636814;883.1255580700185;475.1540014333556;,487.33905493575566;130.6300730517879;317.1822903159636;
4,250,False,False,False,0.5,171.65532051815808;478.422304189681;,175.01862204906735;587.3014614107075;
4,250,False,False,False,0.75,139.58762329678945;1879.1348049797684;88.64628309046208;,318.63453495972334;256.76084481144477;367.1926568553389;
4,250,False,False,False,0.75,61.449167047937635;134.43100062338036;1959.6078098006003;,189.38548495998472;186.53497704928378;364.9561546927804;
4,250,False,False,False,0.75,139.8268019668001;122.81399450180454;3092.8322849143856;,428.99789819113613;860.972108926554;341.18288978888813;
4,250,False,False,False,0.75,325.07521029159875;232.54484853682055;2046.4567748885977;,576.5503530491877;226.36215435251586;288.6007802555077;
4,250,False,False,False,0.75,131.41108811653527;1054.2972378554578;21.759555823372455;,292.8636059276619;832.4515602283219;83.35336932867231;
4,250,False,False,False,0.5,310.04383117354024;435.95707259279834;,199.09178924174776;214.16747525873862;
4,250,False,False,False,0.5,119.04484598844122;5764.866312528055;,501.94469147774487;326.8899761609225;
4,250,False,False,False,0.75,383.09313007569705;107.21597339296342;9197.831062193794;,303.4765902056096;182.45608683355664;436.50806684158147;
4,250,False,False,False,0.75,603.1582919666256;37.017052430805464;142.141942452079;,261.4826900671182;90.40830794688998;131.29766074760312;
4,250,False,False,False,0.75,93.42127056832481;9758.921479338645;24.005114210581205;,703.4045608708462;439.6555908504229;328.8590170838088;
4,250,False,False,False,0.75,207.11894141288133;717.9857374681719;50.820423313047485;,285.8418447989402;357.5902111128041;368.04476236794835;
4,250,False,False,False,0.75,251.01460184404198;77.4604719323767;854.4748065809413;,194.84425518770578;333.262028941699;1109.0456423361463;
4,250,False,False,False,0.75,38.51451589195923;1982.8037542615023;171.12257102417772;,250.16469565982501;210.03985258715963;111.86302322903286;
4,250,False,False,False,1.0,32.691487236993225;98.66960368202186;204.00335668347904;829.1970784360548;,108.91879091311039;573.3870063974124;588.4519172506198;1077.2548785506965;
4,250,False,False,False,0.75,71.8591406450243;209.0278259102168;1024.7308873467553;,56.05825921295033;140.4560012681319;280.1598016745927;
4,250,False,False,False,0.75,100.25576347703044;1334.1464996794202;54.646569534459836;,211.68152710346718;738.5757173505086;157.41347240971857;
4,250,False,False,False,0.75,186.6874698120737;452.79537444641113;1308.9855650321117;,573.3784730648964;513.1224486390075;522.586019604159;
4,250,False,False,False,0.75,228.9400554321598;19827.669941606244;267.2645153705023;,180.77083387792382;163.53395330931306;240.21438752263953;
4,250,False,False,False,0.75,944.4458677583646;138.70148863464513;902.5029597717837;,163.789498680539;571.2684652939797;271.21644355101995;
4,250,False,False,False,0.75,326.27648391148716;3821.7830068668827;502.28129938304954;,493.4643470602968;715.0478356816691;272.99221125557216;
4,250,False,False,False,0.75,46.402190962811645;255.2984846630353;122.56635531843706;,373.40448347508783;286.5226243178947;215.26031724552524;
4,250,False,False,False,1.0,260.7681907440253;478.00856342589935;173.4707611338494;82.6084691034238;,301.7211448135619;454.50885091670244;377.8010494225304;135.89190610530426;
4,250,False,False,False,1.0,840.0612009066828;22.93473335949064;383.61086571790673;904.4125936469471;,825.7451016297733;242.95949908270663;781.1336109748644;631.6252413802479;
4,250,False,False,False,1.0,196.46926066542505;178.8946573602714;140.47115526417434;323.7875727006517;,285.29244788152056;334.49037143109723;282.5894060857999;202.5364794449893;
4,250,False,False,False,0.75,153.58197680943942;12381.269302149223;212.89675200716593;,445.20569646907586;104.0106170175761;485.4742376876671;
4,250,False,False,False,1.0,260.9516292949606;532.98195958604;140.39598542659942;181.20446763145014;,338.40556480285653;414.37142108101006;707.9836516772807;214.94578227086353;
4,250,False,False,False,1.0,75.52566049014756;34.96657742159091;681.9873468640652;168.65664305786422;,77.86633666418696;368.8381255407059;516.0984757002891;478.5331976680375;
4,250,False,False,False,1.0,20.273839579391783;111.95198411399207;349.7566131102765;216.23782213426676;,273.33222263656836;325.31352252981117;363.8924477494691;150.84709980838525;
4,250,False,False,False,0.75,167.03829017692166;238.1265190568697;240.86254273977855;,102.9211838800687;636.7995477578638;242.70684970660966;
4,250,False,False,False,0.75,151.85310180976722;157.10542168966236;66.99506809556571;,255.9420920292012;233.26110859678056;236.5827681649204;
4,250,False,False,False,0.75,366.430371125819;61.57601608514686;1200.6637719562777;,416.55793668073477;556.8691306011713;88.77240680312642;
4,250,False,False,False,1.0,12.075869558268902;193.7845585658178;16297.314990098514;177.18497375337415;,745.8862565138672;413.57352047025637;212.2730886311225;18.37654063277822;
4,250,False,False,False,0.75,94.95410967886654;597.1064672046518;606.4813452362515;,316.6440445606327;379.1116290512436;615.9760695869329;
4,250,False,False,False,0.75,103.74779077491783;487.79262476476873;1731.4930631697807;,73.50453204681642;504.6245429167561;223.75565669891967;
4,250,False,False,False,1.0,216.08210682326126;55.35715679710425;342.521216576036;313.8504109223325;,183.37499150839383;205.58301185311566;204.04570940824925;270.2915260541459;
4,250,False,False,False,1.0,505.9047971818901;118.98415836441369;582.2211199355532;810.9421374898527;,442.3207577738076;222.30338977576795;476.45523622367296;368.7141996103189;
4,250,False,False,False,0.75,70.15804530630429;228.60581793858748;2136.3288598696226;,225.35869559093624;129.36679682931327;296.7264614197926;
4,250,False,False,False,0.75,401.08678601513367;115.30642628737493;1732.8616147552693;,280.78762357769403;458.58568957466423;45.72438960855841;
4,250,False,False,False,0.75,345.9337102975653;12018.336165055323;177.34172441332908;,605.4263130518434;57.09677786660552;433.7891445434939;
4,250,False,False,False,1.0,295.74773220429506;228.83897469555293;591.6192287180718;321.061989058142;,543.2130555654691;300.14212415578527;611.0390970576594;508.7649972334752;
4,250,False,False,False,0.75,1513.5928973612677;162.4444853489281;1113.2435218234666;,758.0936798013558;1128.5192528396922;760.0143759822084;
4,250,False,False,False,1.0,59.76335616444654;231.13488304116146;131.95881638405172;431.0521096135237;,116.64277248670352;116.62328621431615;130.4042360258086;641.9447256462981;
4,250,False,False,False,0.75,1702.2489252789903;491.2144480845221;1843.6541645263196;,134.81772887413612;366.06809298317626;564.8686903989433;
4,250,False,False,False,0.75,116.70651587984894;338.8887318451177;477.21579486429533;,362.7079559621062;124.15274466479363;91.04457154436217;
4,250,False,False,False,0.5,822.2771264929332;643.8802071849435;,392.4599772067223;739.4556763086008;
4,250,False,False,False,0.75,89.56629149097154;67.36234838710465;2595.4741111870458;,177.20899897552934;165.9328943549363;252.26513559280195;
4,250,False,False,False,0.75,286.7060108825744;115.8060772481577;265.95121165366004;,53.4648673865487;333.38054392108546;159.32146827060203;
4,250,False,False,False,0.75,200.329529111938;143.60948396426065;364.03532454571166;,396.5350787246694;231.82490139429217;219.7836982311864;
4,250,False,False,False,0.75,429.95048229739604;4964.298391746255;234.15914739526153;,527.0707539601669;336.05623808871735;993.2926323387808;
4,250,False,False,False,0.75,162.3159359305354;1952.733405247925;649.1847293995725;,286.8324727023037;140.0088219301444;95.98352382045046;
4,250,False,False,False,0.75,130.61683438118212;366.8720098104441;587.2265583199891;,4.023675048919817;557.6649705701536;261.05712124359655;
4,250,False,False,False,0.75,128.90711096431005;90.89654103761396;2322.579791833818;,270.15908899718;251.91473915960728;461.7235698594481;
4,250,False,False,False,0.75,214.64299813264697;261.3517575880128;3495.2880348542435;,240.57671182943994;191.23642600473556;401.39643050630974;
4,250,False,False,False,0.75,133.86288822481546;211.42319943272312;2065.830853237729;,57.65458825000529;409.07719365043886;557.4804895315933;
4,250,False,False,False,1.0,142.56166547549233;206.09555269182013;234.8001500943901;379.1181597273075;,270.06334092317974;189.5233946061954;727.1055273105765;136.760659586501;
4,250,False,False,False,0.5,245.43076327936487;724.265341906606;,92.00191622556157;240.71737476184293;
4,250,False,False,False,0.75,283.31580427568304;111.4726507098692;217.76825342742526;,519.4882689117834;476.69374889988967;388.976882964166;
4,250,False,False,False,1.0,246.94151842155048;195.08016529203934;245.64672484839758;123.57322578033298;,140.73431711561372;377.7989287913221;434.9823059222442;200.0298890062928;
4,250,False,False,False,0.75,121.05833099947091;96.79120383405005;1953.180610069087;,219.11095199977584;435.72410287290495;448.08260492642177;
4,250,False,False,False,1.0,82.09964475750219;161.05684122528643;550.0015066452979;474.17011165557346;,55.80049243731542;211.04792540914474;651.2836331981994;438.3114493854175;
4,250,False,False,False,0.75,478.1836444618795;1078.622863325859;155.92261376170327;,162.71240306299816;196.51701985519023;419.63198936303144;
4,250,False,False,False,0.75,150.10013258641035;8196.608956730652;55.65414650412228;,329.2568644859104;374.36533868479313;56.913666902918834;
4,250,False,False,False,0.75,164.3696422608519;54.04873279961153;3303.34667707317;,107.56822811122974;282.66048318771396;680.0911791726397;
4,250,False,False,False,0.75,134.3546412251533;202.32705818795037;770.3522536873926;,776.6763716040905;89.4268626144577;112.7511416827;
4,250,False,False,False,0.75,252.84060198577467;286.9005077280071;1847.8968813819374;,204.1859191715659;577.4902510382198;158.40272130690565;
4,250,False,False,False,0.75,202.3747008153512;625.4703874838982;104.95226965643886;,226.32645509183402;876.2502760069752;269.6078935357391;
4,250,False,False,False,1.0,104.11304671528791;80.4822591876945;228.1666079629793;29.890844787482305;,708.2235988843954;376.6545171811302;110.68632837017084;265.0489425451934;
4,250,False,False,False,1.0,105.55129876329018;151.2697155818298;6.532019142609726;189.88772489811336;,196.92164954775996;191.05899796284316;183.26992472492668;52.96063003016331;
4,250,False,False,False,0.5,38.15846869942117;187.80573252804768;,47.3380124833833;283.06987880251404;
4,250,False,False,False,1.0,779.5456653573059;337.023385551267;206.39116968691252;171.59454314004873;,417.30542261361074;284.61236622467936;543.3276054427591;345.6277970127926;
4,250,False,False,False,0.75,63.219922679217035;1027.586502479343;300.1951425574279;,179.7839107176981;593.6916259268052;397.0195606319006;
4,250,False,False,False,0.75,111.91904153437895;2537.0812807517846;498.1168527489075;,274.3170433956522;204.42111909122323;654.4971980551004;
4,250,False,False,False,0.75,148.728894918715;95.42188873550924;899.5072845691391;,201.280293940553;173.09702779795893;280.21264240892776;
4,250,False,False,False,0.75,2137.660376940695;212.9724753223578;531.6905015406065;,102.15538240164389;261.73983344170773;578.6119253782723;
4,250,False,False,False,1.0,491.47557495692223;496.71002485847055;619.3800694591732;470.13144729826513;,269.656390018336;629.3877052888868;762.605472470257;527.7880580694047;
4,250,False,False,False,1.0,115.54869355656244;86.20887053955236;315.22110812558526;833.2817153394852;,124.03325653531337;287.6341942278866;206.63738440144473;108.47969006887425;
4,250,False,False,False,0.75,234.20077210590063;273.39011605579907;2822.979219429931;,40.30651076202747;299.7197909137875;166.97854303352682;
4,250,False,False,False,0.75,249.0411282815493;162.19441477704402;1807.4128142323402;,445.0827104734926;222.65656714128318;277.52590488868145;
4,250,False,False,False,0.75,78.3643866347173;55.49320478099398;363.773442911836;,217.82275777855412;324.04735533851726;160.99696145077894;
4,250,False,False,False,1.0,5260.079786891271;683.3451744925532;444.2981465953512;375.6204240780816;,367.19733909373576;532.1331183593379;337.6844713252309;235.62705939115102;
4,250,False,False,False,0.75,144.4229124473739;238.2991989823022;730.7282959553805;,640.7531225133719;154.39101561675938;443.51796666149403;
4,250,False,False,False,1.0,67.7870224594199;17.36485438204772;390.4363112238875;6.748868157444931;,351.12933268390094;173.04403320441912;350.6261397786426;266.88810700068865;
4,250,False,False,False,0.75,138.44971191132632;554.4448944614787;3497.641188245371;,388.7608310413221;1460.673343244839;376.74513769203634;
4,250,False,False,False,1.0,137.99963653033063;62.01457213453452;369.856418254448;201.5026163056167;,334.8582660947521;484.50571932232583;644.1103604675238;485.9369926642162;
4,250,False,False,False,1.0,56.21956740180057;728.788266539777;359.6720247007149;98.32412090182854;,165.8354156891098;689.2730666651928;470.99932652374076;408.0881650932193;
4,250,False,False,False,0.75,99.94376806115349;232.11133161679902;10946.571102006234;,256.58812897432307;397.5587468076375;165.79067424853298;
4,250,False,False,False,0.75,203.6572881816274;233.30972859105188;3041.961355214472;,395.10734868060734;512.3557024084072;430.3910812379108;
4,250,False,False,False,0.75,562.004786299143;806.8898343466036;185.21690283317722;,324.6200992890331;748.0893433557816;570.2091749293527;
4,250,False,False,False,0.75,114.72872783662382;505.0147115619855;9393.170564671464;,138.0662866963346;722.7641780586436;818.2235234124873;
4,250,False,False,False,0.75,1060.5159095919469;1258.7161468178551;93.3190816967022;,137.43222546623923;265.61732909870113;141.85578385944447;
4,250,False,False,False,0.75,4443.243277779547;356.6970987728857;194.9718559249667;,90.59630318829112;246.75306061272866;360.5515463088056;
4,250,False,False,False,0.75,82.866960439643;542.7120226369825;500.69697725049133;,142.95441531387723;246.88628133324818;867.4615792739445;
4,250,False,False,False,1.0,75.55016520201194;3215.773090647383;28.590477964630903;16225.245124407751;,146.63580824637663;581.4182134637423;46.271304306477056;229.36251276143855;
4,250,False,False,False,0.75,388.70244279326187;1746.1026137358604;71.96799811861575;,339.91140715973535;251.36796516701676;317.3586021794802;
4,250,False,False,False,0.75,483.21025024403923;181.09147617124535;807.7446446567665;,215.54352539540005;322.11537304448615;1074.020033944194;
4,250,False,False,False,1.0,93.54385029511977;740.547815999783;18859.339806975582;109.45866154847916;,64.756596211162;326.22588508797855;378.061160542929;548.2559983300146;
4,250,False,False,False,0.75,168.47151464114825;95.52269459423346;5036.0269718672735;,140.3681230901133;140.57284022710704;282.43735443614395;
4,250,False,False,False,0.75,276.1972367889439;87.45958452056271;324.28251215502365;,254.07931798347775;135.74835243991907;1126.3810857662004;
4,250,False,False,False,0.75,105.7809613466126;149.54448301736807;6160.730390540053;,118.80395958601056;110.92253082944329;66.50972175325116;
4,250,False,False,False,0.75,191.19909625241382;116.8225938341637;10097.135170157277;,530.4306934842564;402.7360868934235;328.44884128158174;
4,250,False,False,False,0.75,56.99993656037955;484.28925820321723;244.65090992379263;,569.9770422432781;609.3436037539656;288.53772569701164;
4,250,False,False,False,0.75,207.84457595141245;676.7421432015584;383.19791664289124;,210.83238645675416;277.4097466100983;525.8314151761716;
4,250,False,False,False,0.75,324.5639521804602;175.54586958427652;114.56906469394158;,407.35372743505286;142.02326862799296;178.28115309861204;
4,250,False,False,False,1.0,9.977800187057465;132.21946463189636;211.7976858923133;145.76680353167313;,143.4291502465733;178.33527462527755;87.68286474303586;349.2593574224711;
4,250,False,False,False,0.75,202.04161383275977;150.72843476365415;5217.3891994237765;,336.32463177001085;188.9727804872668;569.5390259474424;
4,250,False,False,False,1.0,190.7550287905298;36.643225818990324;99.48322821984186;42.34178567443997;,49.91405037036578;438.39741356573296;161.0656213096163;504.52495932010487;
4,250,False,False,False,1.0,133.24413146684125;496.6455801169486;263.30255159231353;212.030820061534;,89.16208578898828;488.91825455123893;566.7591865777149;691.7067300930398;
4,250,False,False,False,1.0,132.19276937022852;294.68649752383243;215.76381763777295;240.31908223780655;,294.1103704758786;324.2471130702658;128.5167570338797;558.5810831296116;
4,250,False,False,False,1.0,46.90770789058522;201.40278354844958;155.976433008733;239.16544747827731;,258.70258115217877;257.3804408128218;655.9186203801098;216.40865959987906;
4,250,False,False,False,0.75,2837.3975612311287;153.3449908567865;526.4613560895239;,194.15347209467606;363.2666994938993;450.81070440400356;
4,250,False,False,False,0.75,138.5408396923017;153.891899937659;2369.868996595512;,236.78850098632972;134.1226468419721;467.2723007224606;
4,250,False,False,False,1.0,238.67980849890674;97.98661106288691;268.476404494435;137.5732521099319;,150.6262540821923;320.99712793873243;540.7972269390611;117.68875335139181;
4,250,False,False,False,0.75,196.45202803293293;4836.213960971687;474.10143945264355;,60.58988072069015;268.07290160965215;39.71503568144717;
4,250,False,False,False,1.0,106.51770325301781;359.34820114501343;138.30966368905604;118.86645510235185;,90.34938592082746;524.1777821196541;75.89700039251039;76.3712038154728;
4,250,False,False,False,0.5,200.13499825835575;152.33898813145862;,101.76249151599005;167.663342777127;
4,250,False,False,False,0.75,128.51264429850332;98.21223453033343;5779.914968508437;,352.14939266984453;112.74347419189657;223.881534800522;
4,250,False,False,False,0.75,190.22428701498478;994.7696324914605;373.84991813408885;,311.8658712503682;387.65594602323466;373.68756862019785;
4,250,False,False,False,0.75,227.34511652868116;699.843446313124;1775.8402230199754;,258.90158141648686;114.55488883440087;567.580625315286;
4,250,False,False,False,1.0,292.85974736124786;198.3523599230655;445.09742850057967;37.998366286105465;,351.8489821481241;348.5566976265279;90.82774380530935;398.3502190501556;
4,250,False,False,False,1.0,136.8627926231101;261.368104656883;537.4047031587746;223.30340088043232;,328.3654609158707;85.52579637468739;683.5628289906173;384.0047926120105;
4,250,False,False,False,0.75,152.4903024256048;642.6038983076264;263.3152555640613;,388.00729660618885;387.3311083497627;108.12531732646737;
4,250,False,False,False,1.0,566.9465621788222;656.7104761958358;335.1391987304065;305.3219125620502;,190.4266998214662;250.03932466777408;111.91186418464639;716.0504045716175;
4,250,False,False,False,0.75,206.1439236977241;266.3273191543752;233.6896146523099;,9.719457373890851;320.8283848393964;357.3245966071699;
4,250,False,False,False,1.0,114.19618642741624;95.68680560950453;86.0690068797917;232.22883386759787;,158.0788245775861;67.33263321944482;112.75823868624227;199.07177309168878;
4,250,False,False,False,1.0,155.48977996389974;332.6356170093548;507.9909246018953;117.20571577784041;,421.4536954622099;38.84195646557459;1063.5020108287374;284.7390076474273;
4,250,False,False,False,0.75,136.7145488732229;935.3773195975288;1454.8192788617084;,274.94407956290985;944.2722905675339;327.15357331217274;
4,250,False,False,False,0.75,279.5468400736764;130.70168245058167;199.44101842085092;,648.5477935006687;162.5518600235417;196.37005749203203;
4,250,False,False,False,0.75,112.48911592751953;131.32746200069772;1398.2851697553904;,240.22283543735165;232.61766139502654;514.3094626597095;
4,250,False,False,False,0.75,80.87722726264623;148.95877473562308;839.8966101530364;,223.01046124290886;343.427265172121;82.91291685579942;
4,250,False,False,False,0.75,760.6180762665066;42.53503208844663;15699.345144495237;,761.2680203282351;124.75197311229847;320.26582583145176;
4,250,False,False,False,1.0,332.44775898060044;276.85857478505983;90.73290645831364;280.457759672748;,319.01005285065725;276.85829112651675;293.1724415768181;383.14086602025714;
4,250,False,False,False,0.5,260.4681766380342;115.12196642795368;,199.82813872809328;446.6098029299994;
4,250,False,False,False,1.0,238.05076458998914;278.9811270198867;2599.054170298092;1456.4651444453004;,528.4672741609074;246.86373255951688;501.4999129232593;772.35940456569;
4,250,False,False,False,0.75,560.3175894358405;93.5851957125714;5789.038412223721;,660.7410522339734;97.92502399788832;448.1505029222817;
4,250,False,False,False,1.0,106.73773717034473;594.196735162363;270.2573014342301;534.0046047331159;,205.67509771080867;640.2687635941339;302.07129251398356;139.04231034004863;
4,250,False,False,False,1.0,372.0293884035625;632.9395038522566;477.80661394961606;221.43886463357944;,215.42685139909298;428.9052895819549;632.2470272511638;296.84587911954117;
4,250,False,False,False,1.0,182.53831996617492;4309.535916010045;171.91095563114018;451.3772742679401;,139.19855645261356;529.453969080933;438.6028833317818;687.7237843188749;
4,250,False,False,False,1.0,383.1562816328231;18.78580597507795;427.0696976011859;133.2715013647454;,99.15319800010202;233.97653308180608;375.68907196673536;553.0400220649509;
4,250,False,False,False,0.75,138.67876285968705;189.51562727539408;3495.3487288469073;,426.7700091038965;290.75673780600914;21.798403178177733;
4,250,False,False,False,1.0,448.90018305492197;107.03508488306692;180.21492164767412;217.3280862209255;,613.2598527711941;188.13916291254873;184.44459123814548;444.20333712344575;
4,250,False,False,False,0.75,97.27113790514673;9397.816342639391;169.91746848160224;,138.46800283456807;180.04469193021401;97.15565429386301;
5,250,False,False,False,0.8,126.39729785236486;235.09045730084463;624.4589954401414;29.09843786513524;,223.78656498875122;365.78826818412267;418.3078430039122;304.6213160553325;
5,250,False,False,False,0.8,238.6976330260099;429.0169211667026;8447.329078954042;1460.0281275487332;,171.13006878110653;365.8688360064677;146.742272733103;514.6135329817926;
5,250,False,False,False,0.6,397.5018125845396;153.0472472811856;317.0182209443583;,184.6302226856161;575.3704933746079;204.37357844612384;
5,250,False,False,False,0.6,7029.507005507911;135.94394773034526;240.1899433518174;,808.73471666092;321.10348492567675;428.3396015330116;
5,250,False,False,False,0.8,125.45960919544454;371.4414928603214;323.72989207107906;554.4258343344077;,157.48959594177407;391.21659444232273;382.8416181851233;399.8332563833505;
5,250,False,False,False,0.8,90.36976651379763;5547.890049181594;131.21846824479132;318.10895682599704;,113.58340237840855;656.9801373912983;179.49874175430108;163.77897296826382;
5,250,False,False,False,0.8,206.89958468206046;534.5548018805518;1674.957518827167;525.6177670331278;,204.90158354662196;925.2287207143389;403.49808480208463;542.483840081612;
5,250,False,False,False,0.6,176.14816298832486;984.995036336502;148.9970714352868;,227.01843370186273;843.140268675509;174.548529760033;
5,250,False,False,False,0.4,947.5872292860957;2761.8005508986535;,499.05363621812427;260.5125410810273;
5,250,False,False,False,0.6,144.5750291237842;584.4425740035957;3798.2810691632117;,284.0867687336586;254.83463215914887;308.8341069114931;
5,250,False,False,False,0.6,352.7032370835742;111.57095646676439;1515.369198807257;,198.38354317898617;137.77081548938574;846.6118721433292;
5,250,False,False,False,0.6,265.6865461918013;15439.401319245855;1768.2986666102395;,91.76468630663962;505.3806407814595;498.97091683642896;
5,250,False,False,False,0.8,218.00426121272162;2087.643220297013;298.81147772254303;220.8621643269511;,122.35543741390966;137.75744627909756;522.6668279434226;484.57527520926686;
5,250,False,False,False,0.6,109.78510113672337;1030.5318853798285;3788.077734220743;,1148.9253970068253;458.033519648626;72.32126506113511;
5,250,False,False,False,0.4,4124.179119781772;205.73823046053664;,724.6482654822839;420.94538999424924;
5,250,False,False,False,0.6,121.43592024717603;2237.6136975986346;6598.163493869149;,137.6638897867686;572.8290040363066;235.84791677052866;
5,250,False,False,False,0.8,395.9173423543557;60.77390557438316;17554.057898336407;110.43525160380763;,339.9650860120935;676.0142332289829;345.1530505367799;752.4576227929293;
5,250,False,False,False,1.0,202.0993822859402;175.55091033810223;444.90682590162254;715.7376982991252;906.3651476162061;,171.71315265741367;163.0207630243043;379.92446805871134;1050.3259359723988;395.1325324191706;
5,250,False,False,False,1.0,231.0374316334953;400.4873179282521;768.2794371630354;202.00590964333313;1232.270724952572;,88.56077614512269;823.3156577841065;966.0866749325961;312.640307983931;100.18751416405435;
5,250,False,False,False,0.8,218.23322744589737;54.00062697909975;2257.995001397971;45.04208301563852;,275.7909637972744;353.77145936354617;548.7109727113925;263.6787707675445;
5,250,False,False,False,0.8,312.0479237175296;258.46346452174686;100.95206158587251;91.36184046576594;,468.3935316367413;473.7546455200963;170.1768131098719;348.47871997059184;
5,250,False,False,False,0.6,558.1155216477017;8260.291691240645;1514.8850345816459;,350.8706014350776;136.74364929073874;1318.077368605944;
5,250,False,False,False,0.6,570.2910100377331;1748.6105362641183;1162.2209731395724;,601.7560868627046;100.19215726083331;193.83878918771612;
5,250,False,False,False,0.6,438.40536602257407;156.43689810965722;1229.6966665417551;,369.14284057976846;637.0640973804143;217.0692021844886;
5,250,False,False,False,0.8,94.03860502618689;912.7251188960331;891.1726880981836;2898.526393290105;,236.37715224328466;754.8081475774585;201.88185025574822;402.1485573657878;
5,250,False,False,False,0.6,336.6050338631031;39.63523476398024;468.9607853370617;,325.9008749633505;379.1370354416007;275.2557383458051;
5,250,False,False,False,0.6,178.80419158746128;295.6145506990128;585.8327876831296;,264.7171674944483;1001.7646607973028;93.47133419079918;
5,250,False,False,False,0.6,267.9348139294426;912.1052986020596;762.4999002576434;,474.0702713202912;148.72240130032648;549.6276739416481;
5,250,False,False,False,0.6,437.2447466212469;5246.1163974966175;295.58399008179674;,499.07621647201785;250.38012866190118;348.81241350958794;
5,250,False,False,False,0.8,283.4602018367238;164.85350423087527;3779.954842917694;548.8594295191765;,383.95999574695384;225.9992509730127;180.05243349805716;695.4052065074089;
5,250,False,False,False,0.8,111.0649342279558;203.54836956244628;128.2335715370903;1291.436476176121;,199.70453223483486;133.8950513073815;612.2990299325556;88.56974248748001;
5,250,False,False,False,0.8,227.77717570026923;12637.978780169275;82.42879352903584;647.1516991865136;,107.72053810445904;210.66905957130427;70.57717131575382;288.42459055322047;
5,250,False,False,False,0.6,186.53005645325447;2258.7814558558075;52.95860734317506;,250.66562471842525;427.3596861668304;253.0961639387235;
5,250,False,False,False,0.8,630.2905463204775;133.61886870300202;2734.900749218621;2683.6938468993376;,96.90530466520835;72.71951665214351;289.1390482387664;194.0411994268597;
5,250,False,False,False,0.6,5288.450103803095;181.36899563380265;373.8213760386709;,191.18641728239118;603.6461948483088;320.7920704600165;
5,250,False,False,False,0.6,211.9947197266557;768.1024861523525;2231.6566013132388;,135.14526126305964;129.4280090367581;109.49844638863881;
5,250,False,False,False,0.6,1773.6753648831798;297.9546134842149;93.6428608992656;,340.91332393245887;284.3695832401121;325.02116011101;
5,250,False,False,False,0.6,2347.2404370420973;338.4011908308756;235.7399289503144;,113.8468477292062;152.62988359882502;358.5718213405348;
5,250,False,False,False,0.8,207.1294614851409;158.11566728174705;11334.737514873701;124.8285301058637;,283.7818155373532;445.53586391116096;243.8308520387599;345.6185739370169;
5,250,False,False,False,0.6,1328.0129484258057;12390.146722631387;253.43928234187968;,109.38985681758146;113.8449835976284;494.88946931513436;
5,250,False,False,False,0.6,57.53809930454769;6243.4901282648825;247.08893808894845;,169.77201691818362;579.893449308746;235.51731128093854;
5,250,False,False,False,0.6,160.9467941320402;242.53344579642356;658.6800566707218;,192.83571393422523;326.56538038057903;800.1122402587622;
5,250,False,False,False,1.0,251.5563096876936;418.9348565145688;48.183952165893345;356.3238960794103;403.57494389302076;,133.0544884313851;224.9653867664888;205.7642533707395;372.12114946276824;1033.7958277116954;
5,250,False,False,False,0.6,6648.076475429298;106.64233080799833;8891.785709784052;,409.1424918967872;257.8608487199946;98.01603692839585;
5,250,False,False,False,0.6,120.48690533042308;1671.203299412822;642.615787230897;,116.78941794293857;399.60692329378196;513.7091347871217;
5,250,False,False,False,0.8,253.10170497975827;1172.2570797680082;57.71489930173755;287.95180522677595;,370.94367893800757;303.48798978007454;29.83278215163814;392.17237106799763;
5,250,False,False,False,0.6,191.64995893833245;485.8235236341169;2079.0146169798395;,329.08724449473254;240.44181409256143;917.0922188941554;
5,250,False,False,False,0.6,1909.4298298409612;10345.202051617101;179.62319548579396;,671.7256474521971;546.1708583847656;157.04484216871353;
5,250,False,False,False,0.6,296.0436041210236;122.67765432987476;458.2176993622873;,338.69832322049444;231.72187249894625;154.5063997246251;
5,250,False,False,False,0.8,210.9532543685963;61.803008136339116;304.17518693712293;6241.083564185019;,566.2376254907833;175.4187888653559;177.42621829662016;166.88807685508394;
5,250,False,False,False,0.8,534.1809726948555;231.73630717812824;102.60515543225402;559.6320423131205;,512.4824276661748;690.8480070540816;416.36186016446135;555.2148257814389;
5,250,False,False,False,0.8,5556.949693077108;323.77938245724954;833.4695430645138;1521.200854335065;,329.85236158815724;262.60425150670216;242.06797860364816;293.8294660389187;
5,250,False,False,False,0.6,267.82976667848953;2442.945920042064;655.33848504092;,452.58636397557683;470.80343437159854;978.1870124989339;
5,250,False,False,False,0.6,62.56854761315614;131.33919786273526;1061.5938686922082;,217.1408081046123;187.50361899752116;145.21583271917103;
5,250,False,False,False,0.6,99.94422993067776;6705.134024178287;338.6812804686181;,591.1554314275073;221.02815173287243;412.00756325599735;
5,250,False,False,False,0.8,218.43647972886467;733.7277036550215;5520.779176114617;15101.147241080098;,661.679350192469;183.06838904811073;348.9545672200936;87.43654455199434;
5,250,False,False,False,0.6,236.84534157383808;2388.313821114875;13852.894623360298;,245.8793474414206;818.5747193739844;258.9908652781646;
5,250,False,False,False,0.6,352.06324845897603;921.4180255736624;104.70275046135482;,362.21299319100586;401.52994762332577;293.0975694829142;
5,250,False,False,False,0.4,3768.9147679924513;451.1485532747897;,426.10241341757614;900.598339434928;
5,250,False,False,False,0.8,144.7504175088769;114.90557425197434;1185.5211759115812;4687.983945146443;,638.6753357746192;766.8181851220585;181.5376118508855;214.07108641261814;
5,250,False,False,False,0.8,58.08182171443213;61.91503819673186;6632.231586113238;158.32039441099073;,25.276966572531187;187.44843478481167;695.5307148784276;61.56110796136612;
5,250,False,False,False,0.6,345.71783922248693;2233.42668320067;1232.7037832583103;,279.7404053614785;896.0377706153006;227.95824916847064;
5,250,False,False,False,0.8,137.5584060210982;155.07491125360903;429.582099680087;1366.0919570625763;,474.77646080127187;380.2204988562205;251.20054750452312;1075.6662642282392;
5,250,False,False,False,0.6,1019.923726816253;279.26366566652894;708.1747838822827;,105.91609364477185;578.3492532209435;464.9556468343978;
5,250,False,False,False,0.8,184.05275265212498;441.970998825074;53.698953901394276;455.41352486644854;,168.84401018573104;879.5970119754371;68.93780753545094;257.3679024948922;
5,250,False,False,False,0.4,254.00711903888887;569.4009191926197;,282.9991089202951;504.00910915354837;
5,250,False,False,False,0.6,8147.683587737989;8095.240191759645;354.9672682518425;,46.42569556699866;266.6665630732271;220.89301866202652;
5,250,False,False,False,0.6,1430.7515693909772;7844.37082852401;467.74448061476465;,529.6009539260104;565.7305305197854;312.09559678028046;
5,250,False,False,False,0.4,900.8893845437003;1962.6121976565407;,98.56411762945395;70.68661064553864;
5,250,False,False,False,0.8,69.76265525947245;422.18080445584377;228.3522002999526;2165.701493753849;,100.20325854185283;406.08629724878637;334.35221959009885;380.9041661877237;
5,250,False,False,False,0.8,173.73324080562162;87.50241706481353;267.23111304555067;364.8980324915192;,254.99366865963353;309.7312035284877;470.98719652838486;330.020011331541;
5,250,False,False,False,0.4,142.0160221307537;425.12031954720396;,247.90279787906857;733.798192907886;
5,250,False,False,False,0.8,308.56035764700334;608.3186479793411;182.39642526960426;283.00240056107515;,386.17488953138724;353.2765701224245;205.14304315928754;388.38451976701697;
5,250,False,False,False,0.8,135.9776852805123;365.3813374846578;13566.332261729818;280.114024631925;,116.89430627040718;287.05703456538873;565.8334342633085;252.9326643342989;
5,250,False,False,False,0.6,345.9262756714643;688.7296509598242;1212.4702938574346;,446.9019117515649;608.0602671189222;170.56266333892663;
5,250,False,False,False,0.8,498.7382790975726;133.43766560771948;271.3133451799508;3400.0600116201117;,496.4206299366037;79.56944228841044;209.18891117604426;400.94860060165087;
5,250,False,False,False,0.4,657.9431947754441;2202.436799776791;,239.18247656079666;487.2870226392292;
5,250,False,False,False,0.6,132.05752232387977;5147.341200724699;57.48831075881451;,91.6964002439805;90.1825905879918;101.02123368242346;
5,250,False,False,False,0.8,236.19448557074483;8255.421666187693;613.3601684333223;11934.262639425924;,616.9802921983429;131.73389635141467;176.88361614676586;362.6448012163487;
5,250,False,False,False,0.6,92.81755444767406;1895.6190943822248;2348.26565174328;,124.6940089572301;217.98355544212734;519.1828765030734;
5,250,False,False,False,0.8,528.4698654461246;159.32830479282663;134.33458479632776;288.23976590110976;,834.9285221119458;263.8954854744324;141.58622126203346;212.47654809512363;
5,250,False,False,False,0.6,52.936692011885285;4819.643284640998;215.21236594481348;,250.74022038317574;318.95105546941676;104.2454383931468;
5,250,False,False,False,0.8,242.5705231331049;89.0916013713988;138.03030638282283;208.67047936595137;,383.19311682873655;91.39659935226918;352.9922621645207;439.1187046393343;
5,250,False,False,False,0.8,349.4401839061905;4353.3750246243835;82.49666048021214;402.19379253123674;,261.14122223967735;818.6533921655432;651.3370452480938;412.3890994514532;
5,250,False,False,False,0.6,91.36059441018483;4898.948086156689;886.8495394303328;,47.06969722014734;530.6551951440737;299.2192322683604;
5,250,False,False,False,0.8,4579.177602034575;139.8256769842969;60.350608245174875;91.07538085253677;,325.25251167443895;601.4449155273829;243.67818851044984;121.11962257419907;
5,250,False,False,False,0.6,5945.790360550685;571.8170316065715;1106.6374983252515;,109.82228499482235;83.7537465966468;817.888639443397;
5,250,False,False,False,0.6,220.7156803579358;449.57704751131877;2207.8362235070463;,199.7214674425047;938.5024244029262;648.1008075138665;
5,250,False,False,False,0.8,91.65012967210531;132.7351429691143;149.34275810384884;528.1547538767923;,65.51282202993019;108.01692758466153;184.5777660000878;548.8520036608177;
5,250,False,False,False,0.8,240.70425593740586;56.2426745684448;19734.951792582568;133.39519422804025;,378.7049602911909;174.3528342489979;554.6905851511771;226.33438795446028;
5,250,False,False,False,0.6,177.3556539061184;476.85805265476125;137.44681563203707;,411.58490528824075;279.204633032876;80.12760044295155;
5,250,False,False,False,0.8,1358.1941833171018;192.3439744104382;343.1118229060951;251.52183541362496;,364.5298872172185;289.0409787059095;462.1782767525886;100.50446716826013;
5,250,False,False,False,0.8,372.02792460786;15.271752278826275;251.50839249212012;229.8365123753104;,404.7747450803375;421.24236724287135;356.26268501746824;78.65412706522649;
5,250,False,False,False,0.8,152.02879636772988;83.39326271587036;136.03664456337341;212.001392468984;,95.06565249570278;337.3001366540969;58.19069269388465;127.07995815548597;
5,250,False,False,False,0.8,186.19362529544932;297.2598288620492;3670.9526745586454;94.48629664042541;,315.8880080741912;205.4119260953583;328.85373640043696;373.1831222265944;
5,250,False,False,False,1.0,21.078155157779996;121.98053715180379;569.7137786196041;978.8666315344614;448.4314780198965;,267.4158666076106;129.0196153672938;359.2388292292576;729.2647033260788;224.8191380110749;
5,250,False,False,False,0.8,204.1050768017637;151.69780823281698;2457.19730315249;59.099240838249784;,302.8489235286125;145.1785999145222;274.67175457203956;341.68635891701166;
5,250,False,False,False,0.8,447.9115134898722;281.9611692456569;290.35232258809253;108.80313963071043;,266.7517500277881;621.2827046788482;312.0955604879568;156.15863369876928;
5,250,False,False,False,0.8,99.36021720428647;101.97025521660767;142.00568919155197;371.08952729587946;,141.31968523707704;576.8026593171109;320.81856502292703;508.86165612946223;
5,250,False,False,False,0.8,256.365732447679;167.97435855524606;5104.284792009208;346.8183449616628;,83.55494137908937;416.054716243564;544.8366977377484;261.4358941225265;
5,250,False,False,False,0.6,376.6778546000338;815.3438979335061;712.6393533832762;,476.30421002527277;262.54272561256516;224.29371299814258;
5,250,False,False,False,1.0,160.86753695845428;27380.114758631204;613.4811611278453;11097.162062737958;959.7224099052793;,143.74634514358067;320.19948351446453;304.40134869729343;306.7427910405016;1304.4987825879928;
5,250,False,False,False,0.8,233.05725744028095;867.6532606767524;114.0784039451455;130.7280704533801;,195.00687374015538;94.11050246305777;115.62016468764969;610.0688602202973;
5,250,False,False,False,0.4,219.37330324552775;4846.016628694226;,257.64175801697945;329.30149652584265;
5,250,False,False,False,0.8,156.16677713845175;144.7835585614353;440.48638968575904;1003.357603368438;,258.30499461591194;171.449294327876;516.4930565688392;326.2645607167952;
5,250,False,False,False,0.8,62.355341361863324;48.4591836737395;120.79353957260659;202.29136770975208;,340.1622790219539;354.0753520010214;89.25674081664276;487.5342114074981;
5,250,False,False,False,0.8,106.89595829108022;3276.6097094172005;358.2010500889864;179.96773032346397;,172.61394175127302;140.2183202719688;146.06772094894262;330.70150159697596;
5,250,False,False,False,0.8,178.5727638792215;9386.24761052856;128.2512012801393;654.9734427041451;,459.3214037029855;275.1461176841354;488.3300397760063;469.3143148677833;
5,250,False,False,False,0.6,164.06002142128932;4600.681516353743;133.91479709361082;,99.0916930385891;580.248446705733;426.84412781022127;
5,250,False,False,False,0.6,519.0000482573989;2260.7753380675013;10780.295494912618;,144.00440088075797;372.69687948935695;266.4851848736079;
5,250,False,False,False,0.8,387.80993100514826;153.95858677921257;7603.050147015008;137.4039414229349;,3.4865127487285;126.69676101425384;272.6529577458657;179.76770006798043;
5,250,False,False,False,0.6,183.1376071885952;178.63604944241365;1125.4166903029443;,1013.2643891811233;79.6273748038807;99.62102501590687;
5,250,False,False,False,1.0,355.7228157571664;169.64627293518333;79.47432557711774;464.6658508826491;73.36694051421047;,422.44323624586895;324.0162372586259;500.444847287905;757.4834075100564;93.38958487341704;
5,250,False,False,False,0.6,1252.1045539397874;186.9536900023957;519.8470565525726;,219.50791350443635;254.60967668097058;175.88259792925035;
5,250,False,False,False,0.6,711.4501331736636;521.6211958359584;202.88988003222735;,539.7984031921299;171.61013316329564;133.60296830164913;
5,250,False,False,False,0.8,4951.324517476667;80.61625106552019;99.85268745363754;399.8399359338493;,311.79236273230447;210.32272475762332;242.63452799581086;342.07157561968046;
5,250,False,False,False,0.8,351.2337612787018;120.4793345051743;1012.4803116250566;113.49002602757176;,567.2115610531106;601.8855043898762;63.576316279741896;302.84283237786974;
5,250,False,False,False,0.8,951.219415318885;192.2637968507115;649.4371248033849;41.43558644413233;,143.27859190447927;266.5324119572741;655.6957996355841;37.40031553039836;
5,250,False,False,False,0.4,9391.353491803327;225.79563955877495;,741.2172366285741;301.3795933996066;
5,250,False,False,False,0.8,213.47994268886228;5198.437166879182;105.5775660681026;79.41806695360465;,371.86395569574427;265.4545733590333;219.14321654161014;538.7387664944337;
5,250,False,False,False,0.6,405.96056875159354;718.617892384266;324.1683204205873;,336.6758172494749;197.38201433674956;210.0252334259456;
5,250,False,False,False,0.4,8676.040714115848;1901.2598319052472;,584.5873691967363;107.02078352081692;
5,250,False,False,False,0.8,287.81639227456145;221.3347265303337;136.81202337464822;669.9117628091843;,569.8204857330478;689.1355099738952;432.1809865598645;60.664460564091634;
5,250,False,False,False,0.8,148.9695828210569;101.83510477198149;1833.5957695933;797.4041164795043;,292.49271453409415;587.8749011182507;145.4246016684849;270.9369085456711;
5,250,False,False,False,0.8,7860.56462435329;330.26765894582223;148.93347662478996;125.50157514628923;,490.05328028252654;164.38685828894597;208.62857011111973;346.8200465283425;
5,250,False,False,False,0.6,376.46156996432956;3938.839552781871;11047.785570770879;,557.0209981128215;25.588960892322703;372.2109027794284;
5,250,False,False,False,0.6,618.6838419395335;405.5969419654153;167.4883861489205;,431.0371056351398;405.5021191259367;323.42344199994227;
5,250,False,False,False,0.4,2899.0678293867;1826.2054326126934;,223.8454559948342;349.53843965292117;
5,250,False,False,False,0.6,945.5151811836339;5443.94041035932;350.1293603169779;,119.85737039589148;141.7348754921639;421.66930097524096;
5,250,False,False,False,0.8,99.57237743629581;15508.416359835961;87.33605001038231;512.0039611223326;,571.8618190811926;434.82345843330523;193.14947085964184;563.4512378430475;
5,250,False,False,False,0.6,1042.6875656069683;7096.25655400756;121.96495410726406;,57.47036408197662;688.9038471737232;174.836681139618;
5,250,False,False,False,0.8,225.8525206876376;1053.598865292266;17.380945504570043;7722.880703815396;,590.7202652249941;631.830043203877;299.2389477886549;303.3641619803975;
5,250,False,False,False,0.8,186.68433030296043;189.03687459759504;289.83485327619775;261.18145316259825;,453.51452062705135;452.4371661110928;113.63609974904367;513.1400123111518;
5,250,False,False,False,0.8,195.62878265398825;555.8839302844679;980.9556183114927;1052.6016118773196;,352.5665534752853;462.7821424111016;375.56003233038274;146.6718320526381;
5,250,False,False,False,0.6,181.8098832337179;3961.301011501582;186.09990077972608;,160.41145697851465;127.71413404535286;252.44436951322857;
5,250,False,False,False,0.8,237.71285804218067;5883.551456821661;328.5611298488905;247.35843171309975;,146.8438923075673;247.71107981565282;333.4872664246526;225.82015485397136;
5,250,False,False,False,0.8,19.334633809573976;3859.486016772144;137.41405937383934;843.4839013724735;,356.10588410977425;374.00754879639544;430.7089929989313;843.9140419076972;
5,250,False,False,False,0.8,210.89809311799084;296.7370252613389;174.3205844430266;443.8264203499785;,202.63613335972448;265.7557340948371;371.04104616788186;471.8432708497144;
5,250,False,False,False,0.8,118.00613040381944;211.70173774923842;141.9202481621751;106.4437588474421;,406.5137356739926;116.70539492530484;142.6243839795374;493.09177963923145;
5,250,False,False,False,0.6,202.62049854729904;874.8331967882315;4914.878769059009;,319.26153481685327;343.13969367107114;40.33689661864441;
5,250,False,False,False,0.8,1276.0364590723248;44.28362208350802;13443.817139243189;66.12664120719472;,240.57166204990727;188.0282640386947;308.2292758654366;139.958209958608;
5,250,False,False,False,0.8,161.34549965755483;110.0713717254924;351.985530611058;2318.172950899652;,661.5929981178725;87.56388608787802;663.4337442065015;335.8853743574172;
5,250,False,False,False,0.8,87.50102435645215;194.09636702259246;7330.806753165271;87.871024043922;,151.25726567942172;37.653363893542775;713.3170855652622;112.45301319202461;
5,250,False,False,False,0.8,128.0363401673782;8864.167163463178;1491.734220283064;336.6312851273777;,503.02234389640006;181.51315240835598;314.28934701468745;582.7659564452149;
5,250,False,False,False,0.8,6254.9566828538445;801.8801011240897;159.23621079626275;22.242850142584086;,52.685752363948474;632.9185427165389;162.57786142275074;481.49727535271643;
5,250,False,False,False,0.6,484.96738539131815;310.95350473445734;422.79226112657255;,427.1204718985069;497.1439461127301;1123.028532572451;
5,250,False,False,False,0.6,3778.650657337601;41.676905682753514;463.94865860042376;,143.9639971027303;185.16554645596716;331.8425846866161;
5,250,False,False,False,0.8,522.018504758344;586.3960906265302;1765.3408049744305;140.04715069735673;,421.0307584661515;427.68781903014326;282.7722214084204;135.79085671117153;
5,250,False,False,False,0.4,940.8614725336982;135.13212356111654;,288.0018489723639;898.7273979082069;
5,250,False,False,False,0.4,209.88624111799933;391.6285058688178;,127.27147838900233;811.621910357826;
1,500,False,False,False,1.0,60.42086575383783;,220.5976507152208;
1,500,False,False,False,1.0,51.83723344283372;,777.6804569372001;
1,500,False,False,False,1.0,277.26874995764746;,672.6822961940054;
1,500,False,False,False,1.0,254.85798661341127;,482.1913988426796;
1,500,False,False,False,1.0,309.62932993413;,427.53689883789025;
1,500,False,False,False,1.0,224.00211390916473;,157.86449221959379;
1,500,False,False,False,1.0,195.65048533464108;,603.7536295714259;
1,500,False,False,False,1.0,254.46292958909024;,97.14671964567802;
1,500,False,False,False,1.0,369.33811112961115;,607.0809593017034;
1,500,False,False,False,1.0,624.0827752621627;,998.1903078192994;
1,500,False,False,False,1.0,592.1509484514603;,699.1264335852354;
1,500,False,False,False,1.0,332.8162394860385;,826.2055319282102;
1,500,False,False,False,1.0,622.658720274962;,469.9008353608375;
1,500,False,False,False,1.0,362.96953529641956;,535.5544772818133;
1,500,False,False,False,1.0,790.3391462558753;,1498.9560947330224;
1,500,False,False,False,1.0,362.9332664613587;,373.1838974115861;
1,500,False,False,False,1.0,601.9214412015525;,490.2755329625542;
1,500,False,False,False,1.0,1482.8421276799127;,1529.4782028360196;
1,500,False,False,False,1.0,363.7558778430364;,1359.8556503954953;
1,500,False,False,False,1.0,621.3202364713444;,858.1490063910164;
1,500,False,False,False,1.0,74.18194487216553;,1462.2523640599566;
1,500,False,False,False,1.0,653.499135909645;,1068.6860047298037;
1,500,False,False,False,1.0,487.4667576022699;,608.6499081761989;
1,500,False,False,False,1.0,725.0824392758431;,698.8002850674736;
1,500,False,False,False,1.0,714.5370898234751;,1046.5626335804209;
1,500,False,False,False,1.0,304.05661189927724;,1840.5990224525115;
1,500,False,False,False,1.0,730.9333845645139;,588.7611096789535;
1,500,False,False,False,1.0,99.20556301488311;,360.88407824602444;
1,500,False,False,False,1.0,392.31332674907054;,338.8697042569618;
1,500,False,False,False,1.0,396.82669491053207;,450.0551805429194;
1,500,False,False,False,1.0,1442.9401160840464;,1479.9179855469697;
1,500,True,False,False,,,
1,500,False,False,False,1.0,178.26209714605784;,307.4729842791627;
1,500,False,False,False,1.0,101.68012605775611;,198.70768842274106;
1,500,False,False,False,1.0,179.13679100453282;,109.64961332608324;
1,500,False,False,False,1.0,96.37439722557578;,281.8777256831361;
1,500,False,False,False,1.0,668.3843216056379;,787.2498863787579;
1,500,False,False,False,1.0,1025.8361013081508;,1007.9514082750293;
1,500,False,False,False,1.0,646.162712639508;,814.2642023362258;
1,500,False,False,False,1.0,521.3036164473488;,607.4184333738328;
1,500,False,False,False,1.0,377.2099863088369;,730.7706618791334;
1,500,False,False,False,1.0,228.6962617261931;,445.85709220896365;
1,500,False,False,False,1.0,299.7085644994292;,484.9543456924836;
1,500,False,False,False,1.0,1195.3326028948227;,1662.5597307307874;
1,500,False,False,False,1.0,1069.0476011353912;,1419.828205534065;
1,500,False,False,False,1.0,271.12815403770674;,227.65276070626373;
1,500,False,False,False,1.0,176.86678078568755;,324.54887244761164;
1,500,False,False,False,1.0,680.4835426146818;,1352.6089721905005;
1,500,True,False,False,,,
1,500,False,False,False,1.0,313.1246220188885;,433.1164674992272;
1,500,False,False,False,1.0,503.82219763076483;,854.5829382068409;
1,500,False,False,False,1.0,199.01552300771658;,364.27583591895086;
1,500,False,False,False,1.0,419.5338588599888;,203.84387870849176;
1,500,False,False,False,1.0,698.0170878484026;,1085.7346917183052;
1,500,False,False,False,1.0,32.97696536441649;,411.31452817553907;
1,500,False,False,False,1.0,125.38038653314815;,562.862967145132;
1,500,False,False,False,1.0,422.7643032031797;,1070.186474798324;
1,500,False,False,False,1.0,337.4445122747995;,239.6707139353282;
1,500,False,False,False,1.0,912.4181889028114;,1420.013000735349;
1,500,False,False,False,1.0,175.0992198437291;,345.8430080654007;
1,500,False,False,False,1.0,268.4336464553359;,453.51744306039205;
1,500,False,False,False,1.0,922.3520191600143;,922.3520191600143;
1,500,False,False,False,1.0,91.8810166971406;,302.5415476762925;
1,500,False,False,False,1.0,559.6014509595437;,583.1304609393225;
1,500,True,False,False,,,
1,500,False,False,False,1.0,598.4578368850497;,669.2537427540971;
1,500,False,False,False,1.0,1505.361961218724;,1732.161175137134;
1,500,False,False,False,1.0,1381.6504179461363;,1682.9474118934115;
1,500,False,False,False,1.0,191.86512502800073;,826.5539688620628;
1,500,False,False,False,1.0,195.76210139426837;,307.34612855703483;
1,500,False,False,False,1.0,677.608377919373;,722.3534599388794;
1,500,False,False,False,1.0,294.60289223370364;,431.3673153339998;
1,500,False,False,False,1.0,82.72221880433518;,227.24565360743628;
1,500,False,False,False,1.0,155.4655860995387;,541.7890324704133;
1,500,False,False,False,1.0,226.33058390936367;,460.6113667424936;
1,500,False,False,False,1.0,43.092432925062845;,478.21456432861504;
1,500,False,False,False,1.0,209.52831779484518;,438.13361879230183;
1,500,False,False,False,1.0,263.401026298319;,435.0113555449495;
1,500,False,False,False,1.0,271.99564257716247;,696.9975707299762;
1,500,False,False,False,1.0,305.1612819366342;,1008.6027707303775;
1,500,False,False,False,1.0,406.501586458395;,691.4308029527426;
1,500,False,False,False,1.0,310.9931145588821;,456.2570677467033;
1,500,False,False,False,1.0,684.6909772557852;,777.8659282869062;
1,500,False,False,False,1.0,904.3137853304423;,1126.9973994407742;
1,500,False,False,False,1.0,364.4186149051208;,337.226034464906;
1,500,False,False,False,1.0,48.053120928128436;,659.5402788305186;
1,500,False,False,False,1.0,186.19099442888924;,486.33802431427216;
1,500,True,False,False,,,
1,500,False,False,False,1.0,1146.168846255532;,2191.322547360846;
1,500,False,False,False,1.0,66.11282606018553;,120.97433404149218;
1,500,False,False,False,1.0,25.398257839785057;,302.77652468676;
1,500,False,False,False,1.0,332.06365454491436;,472.2123635480976;
1,500,False,False,False,1.0,398.1169957323688;,234.870297569678;
1,500,False,False,False,1.0,274.404652861615;,100.5833322727675;
1,500,False,False,False,1.0,208.27278126226688;,435.71528965036873;
1,500,False,False,False,1.0,354.9234234522652;,1269.9549154284034;
1,500,False,False,False,1.0,150.88108541501737;,221.9561941672649;
1,500,False,False,False,1.0,488.883974144346;,601.7062003950092;
1,500,False,False,False,1.0,368.57269673649546;,907.2754086786537;
1,500,False,False,False,1.0,228.22436398824053;,216.2270984693963;
1,500,False,False,False,1.0,155.73775425674765;,638.8911006748451;
1,500,False,False,False,1.0,650.9534694279544;,421.1796866025238;
1,500,False,False,False,1.0,697.2067844580449;,1079.9765547003472;
1,500,False,False,False,1.0,551.8602873590811;,1677.7102896894608;
1,500,False,False,False,1.0,1208.2133000947088;,1626.745939825842;
1,500,False,False,False,1.0,224.75805811812776;,1211.517923924986;
1,500,False,False,False,1.0,258.73380739772347;,802.9573489633767;
1,500,False,False,False,1.0,698.8190277296414;,1290.8253595237393;
1,500,False,False,False,1.0,1508.1364139488714;,2255.27952630848;
1,500,False,False,False,1.0,438.0578437214744;,748.305418581248;
1,500,False,False,False,1.0,1876.5851906286405;,1772.5112226820145;
1,500,False,False,False,1.0,243.60671091863438;,774.3836073567726;
1,500,False,False,False,1.0,825.8697967444557;,1022.3139417534201;
1,500,False,False,False,1.0,979.0379009824311;,1225.3231829010472;
1,500,False,False,False,1.0,185.87440971908572;,327.03957808249834;
1,500,False,False,False,1.0,789.8532107819123;,1073.9010992975766;
1,500,False,False,False,1.0,365.6455102963317;,508.25574269597377;
1,500,False,False,False,1.0,97.7415771437858;,560.4768067809209;
1,500,False,False,False,1.0,449.4367303527546;,807.3739088302249;
1,500,False,False,False,1.0,59.47879939250919;,315.56905546583516;
1,500,False,False,False,1.0,20243.511816129023;,308.18825854895135;
1,500,False,False,False,1.0,152.44989065088706;,226.81909916530358;
1,500,False,False,False,1.0,415.64699603021324;,229.79889993495826;
1,500,False,False,False,1.0,607.276188656802;,472.7777675605523;
1,500,False,False,False,1.0,303.0310190689948;,931.2666905141672;
1,500,False,False,False,1.0,179.18461573273657;,745.1576745746295;
1,500,False,False,False,1.0,269.6113564998998;,330.5632702663746;
1,500,False,False,False,1.0,206.6793092040983;,659.5416870560337;
1,500,False,False,False,1.0,331.8406389846565;,67.19507163171902;
1,500,False,False,False,1.0,568.7180275512347;,289.4021505683335;
1,500,False,False,False,1.0,17220.083633646;,197.55775049446655;
1,500,True,False,False,,,
1,500,False,False,False,1.0,458.78158176478155;,682.4511710045192;
1,500,False,False,False,1.0,362.0853283151921;,870.1561376525328;
1,500,False,False,False,1.0,461.96433826888256;,783.626027483151;
1,500,False,False,False,1.0,766.921282979429;,1086.444554084287;
1,500,False,False,False,1.0,483.17752331088644;,949.6149079276364;
1,500,False,False,False,1.0,236.42646067456798;,208.1103057115892;
1,500,False,False,False,1.0,54.85354943410066;,281.35586331229484;
1,500,False,False,False,1.0,32.35216388663355;,331.6785476121932;
1,500,False,False,False,1.0,238.1701210682481;,262.1843834459249;
1,500,False,False,False,1.0,205.77053290600713;,337.9266750358752;
1,500,False,False,False,1.0,221.87589041005728;,450.09627999401044;
1,500,False,False,False,1.0,202.2048003408446;,252.7242335747845;
1,500,False,False,False,1.0,297.5161209062061;,353.36482240463886;
1,500,False,False,False,1.0,216.08382712041123;,518.2182996615672;
1,500,False,False,False,1.0,140.44710097104576;,269.1460181167548;
1,500,True,False,False,,,
1,500,False,False,False,1.0,490.5711583242804;,923.3451725971779;
1,500,False,False,False,1.0,430.3420298610647;,384.8336741767299;
2,500,False,False,False,1.0,409.1038196629711;301.526002045919;,508.65402697620607;511.6785632439518;
2,500,False,False,False,1.0,564.0449205852029;1416.0986857697162;,1140.1606380629514;1311.5997005268277;
2,500,False,False,False,1.0,438.465599163789;244.50220113441543;,312.22288817185273;847.5783993748083;
2,500,False,False,False,1.0,238.06089953758004;874.6859994219079;,358.76226083025733;1843.0955134268122;
2,500,False,False,False,1.0,223.869123764877;492.4816088601216;,472.71352345683323;329.0017262320339;
2,500,False,False,False,1.0,216.86625721144216;218.18568458571895;,242.51504461698772;390.14146288850054;
2,500,False,False,False,1.0,355.1674239882356;15314.669208022238;,531.2078791497772;201.45409478192306;
2,500,False,False,False,1.0,400.3000371918874;700.0757065383976;,716.2555997307566;1140.1360893827436;
2,500,False,False,False,1.0,456.2040954819833;523.5145285768438;,1747.4235956452212;704.2936846407144;
2,500,False,False,False,1.0,727.4937450642553;137.2911740547885;,1444.6874850698182;120.50335652727976;
2,500,False,False,False,1.0,101.83803285039366;206.36479861210114;,400.02073637013035;115.14109864186995;
2,500,False,False,False,1.0,202.83861528995658;359.24593873481274;,326.1357517462434;2160.2255940306363;
2,500,False,False,False,1.0,258.52801188573005;1509.776396967324;,434.79492231077353;1785.1951692491086;
2,500,False,False,False,1.0,820.8313927802761;1077.7921561839744;,1489.382791830614;1172.4767932183247;
2,500,False,False,False,1.0,583.6483173637948;211.51464063517275;,426.6517248769933;124.14840605923216;
2,500,False,False,False,1.0,724.9640828183027;334.2055094887921;,787.3154038693048;230.99593117562324;
2,500,False,False,False,1.0,796.5853059457035;202.80949266926302;,931.906926069266;1240.5609402296589;
2,500,False,False,False,1.0,272.0056934909134;303.98938708001737;,755.1851535614107;593.9047149081435;
2,500,False,False,False,1.0,650.0682298978355;693.3044235821988;,1317.8520598130865;1163.9366282501128;
2,500,False,False,False,1.0,334.23595301105564;133.9593785383592;,356.03982639377375;124.30197361657689;
2,500,False,False,False,1.0,431.0010264769684;585.1204735619604;,540.3910696896437;526.8470586996389;
2,500,False,False,False,1.0,1290.0454040924935;192.20281242444068;,1031.6213883463806;472.08319893367195;
2,500,False,False,False,1.0,111.23313510420333;801.1920090876292;,444.3131353708093;950.212722735158;
2,500,False,False,False,1.0,366.04234634363235;214.7008407677845;,839.9798113198402;1296.5107212579392;
2,500,True,False,False,,,
2,500,False,False,False,1.0,176.4349233655835;263.33020428174206;,725.7921954836763;640.2362582404221;
2,500,False,False,False,1.0,335.11351725577634;262.979875603648;,222.5698228401307;379.17773871341757;
2,500,False,False,False,1.0,384.55463738748546;217.8890668436231;,428.0072778828288;119.87820417751477;
2,500,False,False,False,1.0,366.69128534932014;459.1605116260265;,597.7524026306287;366.48979762425546;
2,500,False,False,False,1.0,1094.089940900565;20564.737797889193;,1175.3920653103264;1497.551064798977;
2,500,False,False,False,1.0,528.6682471779559;76.67168697839111;,279.2491779602989;648.950165631044;
2,500,False,False,False,1.0,405.4499983702314;937.7541194285335;,808.7597996582566;603.5491214183837;
2,500,False,False,False,1.0,1176.209130332961;533.799253749328;,901.7532637414787;645.4526354326191;
2,500,False,False,False,1.0,391.1257538978364;214.4132117567639;,273.7257571002539;347.8397650039974;
2,500,False,False,False,1.0,516.6994147402405;451.4727232463839;,650.410697912864;285.84389712132685;
2,500,False,False,False,1.0,124.04151900819986;191.27903628270533;,575.080470525099;820.9604112035086;
2,500,False,False,False,1.0,687.6315413970265;253.95118011157757;,1172.480287540321;252.07635800982305;
2,500,False,False,False,1.0,819.6200008742458;249.18934620835668;,987.2842371670566;302.7539842924276;
2,500,False,False,False,1.0,219.40153281801386;332.4598822914801;,401.3180669691693;855.4074774056667;
2,500,False,False,False,1.0,294.5449457232227;140.11763165000883;,77.09033403485581;414.0379612607557;
2,500,False,False,False,1.0,176.22531836845343;370.88873204344924;,1015.6974157864217;210.66867310300208;
2,500,False,False,False,1.0,195.18132729587418;521.1682830488047;,401.3715494328724;145.62865584395465;
2,500,False,False,False,1.0,630.6444780259934;250.99277082202858;,1592.5531634763727;268.62795992234425;
2,500,False,False,False,1.0,166.3626881067159;501.76455963358364;,449.91815528596067;578.2799207440169;
2,500,False,False,False,1.0,895.133828865172;28197.823806056433;,1528.165718059537;617.2722709889852;
2,500,False,False,False,1.0,86.59496877331273;155.95473273753032;,231.6026756722859;520.0606689447537;
2,500,False,False,False,1.0,600.6144576839506;1527.242279379483;,698.7878149285998;1446.2677947585319;
2,500,False,False,False,1.0,240.0297486464919;766.4652376146676;,669.9652821794059;803.5545096519409;
2,500,False,False,False,1.0,714.899952436481;192.88654921663522;,1281.0238594819657;766.4964752871597;
2,500,False,False,False,1.0,84.3741213285977;560.4369329372573;,600.5930737207216;748.3144618386448;
2,500,False,False,False,1.0,396.6507535496621;230.69191650297304;,687.5871587790641;406.70281135751407;
2,500,False,False,False,1.0,1408.0784911083438;409.21676000101695;,1884.6095202237802;336.7070497472347;
2,500,False,False,False,1.0,1044.2861516747662;509.4584836773514;,451.02111515067264;1055.6510272466649;
2,500,False,False,False,1.0,353.2403309413506;1162.5115253310375;,333.8802302017948;410.63440593730803;
2,500,False,False,False,1.0,159.09519013217385;147.21151366436888;,462.0669962339574;946.0723447687296;
2,500,False,False,False,1.0,587.1639234281574;119.29057386065203;,895.5852595073201;621.0323365842056;
2,500,False,False,False,1.0,245.97549038206213;25.82579161271473;,359.7374116217388;156.5610313482813;
2,500,False,False,False,1.0,407.8618295537469;192.26141984256077;,522.8935110160409;790.7335576334498;
2,500,False,False,False,1.0,200.1002760492983;431.2269798653816;,489.7135460115178;782.7538016369253;
2,500,False,False,False,1.0,361.7328194228825;211.7803285674112;,350.5224796117168;1138.2082422113908;
2,500,False,False,False,1.0,1488.1121779140906;327.02397129943836;,1831.9324313555596;1030.2416467341336;
2,500,False,False,False,1.0,594.6682681119177;117.73642740591542;,812.2351060688026;807.8081915691959;
2,500,False,False,False,1.0,59.9402076991937;466.439939813708;,429.22438502663624;566.4309638894955;
2,500,False,False,False,1.0,229.88796833593412;469.668671319631;,456.6782041652419;376.20433963350337;
2,500,False,False,False,1.0,262.9933598212915;219.43350844081215;,322.68053011767296;493.428543857356;
2,500,False,False,False,1.0,756.2720425181828;583.6943449681232;,529.1504107203242;371.1938344252439;
2,500,False,False,False,1.0,199.55937222747187;137.87990280185906;,378.43457852931095;580.8772301065322;
2,500,False,False,False,1.0,538.4672835984198;64.87252988193674;,412.5664163467264;582.7561760326982;
2,500,False,False,False,1.0,311.5959821913868;811.9808636721077;,581.2706864332812;395.14575236843245;
2,500,False,False,False,1.0,193.03465676997538;25735.119833689147;,371.04925536811913;800.9546742766505;
2,500,False,False,False,1.0,267.30999000709835;845.2786650774727;,498.1153395755187;883.5912942365825;
2,500,False,False,False,1.0,451.1059129826864;525.0538906308547;,2210.8297627830775;906.4934651908118;
2,500,False,False,False,1.0,448.98990870504406;162.03644865546295;,179.26601324778287;207.26202838688948;
2,500,False,False,False,1.0,892.5096459431835;865.4191400197981;,621.8308045285612;881.026811823563;
2,500,False,False,False,1.0,257.391292993272;985.8461617377862;,372.33283606041863;1337.0369494266517;
2,500,False,False,False,1.0,373.01718928881706;1283.0588417298138;,534.950279405179;1098.9429150050964;
2,500,False,False,False,1.0,521.2543874915962;1081.4979320060393;,503.9301705635396;1310.1746938005635;
2,500,False,False,False,1.0,228.8257546268667;392.1269729523422;,148.1721355509436;309.08483131657397;
2,500,False,False,False,1.0,1278.4456618071238;92.71209260609852;,1310.7805478545413;645.186903647397;
2,500,False,False,False,1.0,724.6488954451531;259.1551753196329;,785.687122243834;722.2494480223002;
2,500,False,False,False,1.0,627.3276826965122;923.2764362608141;,737.9315352764673;1089.6032262847655;
2,500,False,False,False,1.0,276.1288954291309;355.59568855900824;,972.9594335740949;508.6505071601386;
2,500,False,False,False,1.0,1192.0868914354076;168.79515379194967;,1127.7095879533888;446.1544398349019;
2,500,False,False,False,1.0,1011.6664055435695;434.12303535813624;,1270.4215948593587;333.00029499391457;
2,500,False,False,False,1.0,289.373768758589;240.8987770667631;,494.5391721451061;644.3412604828375;
2,500,False,False,False,1.0,689.2048153412838;680.1838844879497;,369.9941943664525;1179.839685685045;
2,500,False,False,False,1.0,248.75035799762702;605.5517081143956;,312.76594754548637;697.4198601458698;
2,500,False,False,False,1.0,266.7491276183944;377.60726925911814;,186.92512830411758;506.9249533790856;
2,500,False,False,False,1.0,552.1802954075398;952.1463836919881;,854.5367261997645;1197.5091327574207;
2,500,False,False,False,1.0,240.1702100894237;986.7484454891087;,304.1673544198565;755.5010219997496;
2,500,False,False,False,1.0,214.29201491780694;277.29508591813646;,223.6638416961214;997.6445961957436;
2,500,False,False,False,1.0,660.7609249698621;360.517635136191;,541.4521491093504;911.6476081150914;
2,500,False,False,False,1.0,158.99605075839875;969.3637031423276;,360.60613434406645;865.4549273237461;
2,500,False,False,False,1.0,231.4723839009168;743.9801188097726;,820.0129247337251;1249.1068398991488;
2,500,False,False,False,1.0,126.97396063656574;29.98175753517449;,234.8196653291097;314.36365970142555;
2,500,False,False,False,1.0,515.5932473773872;628.1258643368262;,617.4943557835018;954.5899877521032;
2,500,False,False,False,1.0,780.89951909438;178.1105434785205;,1217.0914108677466;1315.626219166417;
2,500,False,False,False,1.0,614.4628015749466;139.53582508879995;,760.7451277119288;389.99269739312325;
2,500,False,False,False,1.0,352.58039177777624;323.56096559094107;,811.1740970978752;232.7775389029426;
2,500,False,False,False,1.0,373.43762643818263;165.08115512733636;,393.48571001142045;832.3814450221605;
2,500,False,False,False,1.0,464.6367377212562;236.15356844492365;,347.2371840220475;398.2364184879539;
2,500,False,False,False,1.0,279.3310861551289;255.67695183154737;,275.09733430772235;234.6840691157814;
2,500,False,False,False,1.0,1073.032101694234;266.98011383675316;,1176.169643466439;735.0173192789255;
2,500,False,False,False,1.0,349.4907472311784;842.2162787440682;,439.04588293617667;909.5339045345786;
2,500,False,False,False,1.0,822.4899981012828;126.30617931313462;,734.2401852911546;672.1931445094785;
2,500,False,False,False,1.0,633.3352492332276;109.7536294891591;,885.255813345249;803.8238158167673;
2,500,False,False,False,1.0,18.802719845290977;818.7757479380697;,829.3370037878002;911.3909979394532;
2,500,False,False,False,1.0,144.69510315250196;348.67377935684885;,73.85833442317676;1521.3204145230172;
2,500,False,False,False,1.0,235.1985067629163;1134.2223920031697;,530.7105766182884;1215.7136347519724;
2,500,False,False,False,1.0,879.29733239773;321.16243506584203;,1062.474325771061;925.8184941225169;
2,500,False,False,False,1.0,289.2576600196872;705.2202802433873;,121.48719575332493;963.3875907005983;
2,500,False,False,False,1.0,741.7013695402129;77.23218494492212;,1428.1824011405563;718.0655247787229;
2,500,False,False,False,1.0,200.04240431216363;426.66177526266034;,385.7944979345536;278.22047725884215;
2,500,False,False,False,1.0,272.1306818614897;219.9374886180975;,693.7035777494325;297.46984910407315;
2,500,False,False,False,1.0,168.62805191280685;581.4769390185795;,537.3706488354421;812.8258824753837;
2,500,False,False,False,1.0,276.6802917483658;557.4007405558368;,393.45725355862197;551.9805218225671;
2,500,False,False,False,1.0,184.42988599370008;78.10652376505686;,695.9183562190009;576.3232998821017;
2,500,False,False,False,1.0,887.5176535424428;117.9003928900524;,1097.693218738184;998.0188162711312;
2,500,False,False,False,1.0,42.06261057342938;72.92165664135398;,169.06678534856525;419.66814846143245;
2,500,False,False,False,1.0,218.09962032113577;1117.9592315624927;,254.39902482432285;690.1441261202677;
2,500,False,False,False,1.0,248.28541694832916;543.6894535161318;,225.5741437926038;606.1645859777421;
2,500,False,False,False,1.0,444.13935900943983;956.6185560805703;,651.8254308226259;1250.253217319302;
2,500,False,False,False,1.0,253.66931125950404;1033.9969045407074;,1841.387019427522;1008.84681317635;
2,500,False,False,False,1.0,319.13793464097984;160.33465655249015;,622.1300494965661;310.5878735452066;
2,500,False,False,False,1.0,280.3531822698718;788.844045496777;,151.30310208786267;879.4120774805992;
2,500,False,False,False,0.5,1593.5541086297922;,636.7394953223167;
2,500,False,False,False,1.0,751.7045631501431;161.09980545476705;,962.965578847659;498.83078750462874;
2,500,False,False,False,1.0,231.03405682112898;240.5852684640793;,200.92261059951127;462.691552084006;
2,500,False,False,False,1.0,203.12357514424903;216.57147902659295;,616.9156282963241;1798.0177642971942;
2,500,False,False,False,1.0,338.3169568181319;828.5889356415232;,503.7631755761703;1269.745202419835;
2,500,False,False,False,1.0,202.13056873513872;352.3339943060641;,521.0973542281589;1020.2079205321962;
2,500,False,False,False,1.0,537.4116163329612;831.8065725589997;,1743.6255722217986;520.8622390591901;
2,500,False,False,False,1.0,507.05680834092027;1168.2093065152874;,719.7970666168798;1119.8834613709157;
2,500,False,False,False,1.0,787.1324843294625;550.3269924536047;,1375.4174815700653;422.4284475061168;
2,500,False,False,False,1.0,573.8871125518339;141.49957300836425;,433.3140070631023;306.61724333954857;
2,500,False,False,False,1.0,249.2828300527501;698.9987571654883;,510.1977683291597;1230.681188445696;
2,500,False,False,False,1.0,352.8698155636636;1242.0975089617946;,491.4993574827173;1296.2325493479775;
2,500,False,False,False,1.0,158.54445224128708;410.7829089652119;,329.9036932426655;215.11008014432267;
2,500,False,False,False,1.0,594.1616095775688;265.88759105338954;,586.1713794932575;1094.8208288894982;
2,500,False,False,False,1.0,406.9658385306771;94.65893324237597;,530.3188772295297;125.13134975342928;
2,500,False,False,False,1.0,119.78436722953458;489.7088272221544;,567.6744957055291;884.6518620028515;
2,500,False,False,False,1.0,358.1848939476004;229.5358870577644;,376.798740770916;661.5545238090453;
2,500,False,False,False,1.0,467.0975818949519;212.0305529496912;,451.8905632105337;769.0614870484754;
2,500,False,False,False,1.0,353.9705352993897;26.877607169687536;,605.4008831835109;323.75608940456885;
2,500,False,False,False,1.0,731.4980800922157;204.28054653250982;,1572.3963384876865;799.538428268352;
2,500,False,False,False,1.0,421.2308187042949;17488.581999612165;,1576.5403115988424;1096.3477523880797;
2,500,False,False,False,1.0,511.6741425883354;1070.4133268808162;,1579.9261060999806;1272.2553281098396;
2,500,False,False,False,1.0,428.43555792799054;542.457733856065;,632.1950145847145;243.23149661217496;
2,500,False,False,False,1.0,287.4606036903966;803.2723528856517;,245.95335306745932;974.7502904524109;
2,500,False,False,False,1.0,567.4978024768855;95.91357440618748;,818.8785438836087;207.6198781972131;
3,500,False,False,False,0.6666666666666666,2517.233722420375;326.5037390112668;,1162.5551576091402;839.9421980150423;
3,500,False,False,False,0.6666666666666666,426.27060161741974;231.28243154642445;,412.4008844361088;126.26309402748517;
3,500,False,False,False,1.0,881.7886886868831;283.3226886795693;1184.8856056423062;,642.0347927520332;438.2306528939237;1283.039892133407;
3,500,False,False,False,1.0,615.7274590600215;480.8531054210744;860.9384801384742;,699.0432041678539;911.5641791335822;1627.293046286747;
3,500,False,False,False,0.6666666666666666,309.1118926088825;3367.3964285823595;,926.5082135504456;812.7167624058739;
3,500,False,False,False,1.0,281.15091140135706;1459.2482022982067;90.30439119022093;,1352.8078849318065;1186.3246995495056;303.5068806419362;
3,500,False,False,False,1.0,487.9661069804249;380.89344841502697;597.1014272337727;,179.19666162523936;391.9692651732484;574.3832134408851;
3,500,False,False,False,0.6666666666666666,416.1267245312606;2157.9144027581106;,589.3739803405317;1028.6526056797036;
3,500,False,False,False,1.0,698.7229226366537;362.48536838546534;598.1444946071438;,1006.2766077935796;731.9947018783554;727.7408188238676;
3,500,False,False,False,1.0,188.24376925582123;635.6472319669099;436.0625185781152;,98.35214069208122;1200.5727663589166;310.00330918666725;
3,500,False,False,False,1.0,483.92602657169687;1466.5600754216725;282.69217966491664;,1085.9419279124363;821.3343526816196;763.4622703764966;
3,500,False,False,False,1.0,462.8352843553725;336.5349039871603;158.3756350581238;,155.53519669128974;336.534893509881;1194.5206200828939;
3,500,False,False,False,1.0,634.0506022887383;1822.723890438839;945.0509877053059;,583.5730674756995;2125.3522314881857;1623.756166575228;
3,500,False,False,False,1.0,294.31611147226727;863.1038763466559;119.76466556281304;,272.2974965233101;782.5251988116045;152.35363573785256;
3,500,False,False,False,0.6666666666666666,906.1899589344807;80.59104476806192;,1729.628565184909;205.30620418243203;
3,500,False,False,False,0.6666666666666666,162.33947416933296;3864.4018317697437;,191.5226338516256;316.6001241944404;
3,500,False,False,False,1.0,315.52366914422015;145.58797488479487;494.31502693360596;,823.4571406901039;454.387017064756;240.85323377906928;
3,500,False,False,False,1.0,420.9908683405032;406.6903889649642;318.9173546218533;,841.3792578156009;347.7027760989779;413.34087855103326;
3,500,False,False,False,1.0,89.64879494440511;388.9533449954619;667.5381283178353;,372.65871015399506;906.5508151236428;1814.8891740482684;
3,500,False,False,False,1.0,649.880046385823;214.64962096996933;814.6461767858685;,828.977195118659;257.1945709816154;983.3638119222009;
3,500,False,False,False,1.0,281.83907604361866;1086.0563994734719;234.52058466357613;,794.8523965809757;1197.0810962033695;375.98560036595654;
3,500,False,False,False,0.6666666666666666,408.4937094367724;3701.7188474340624;,508.4396320754838;826.0586394420799;
3,500,False,False,False,1.0,36.93007199919408;318.9588176916098;309.6192456712213;,36.930141755838385;1089.235176695748;431.38803242227374;
3,500,False,False,False,1.0,1101.5208916317815;391.5756271548106;253.62679776185087;,1108.1691755716606;522.7806530297336;705.3496595321332;
3,500,False,False,False,1.0,615.1339362138743;919.4668020063542;141.33765008969561;,842.5155453114147;1438.8491193961534;502.74380662897903;
3,500,False,False,False,1.0,302.35974559619905;1176.6753165216876;593.051983307951;,759.9212005580481;1430.9057432749562;722.3492521620839;
3,500,False,False,False,1.0,397.9495269125507;444.15505071693343;108.85629912664207;,694.0303450867214;1319.3190447736697;1726.5400643065016;
3,500,False,False,False,1.0,143.4104282032702;1270.5323583954919;1034.6754390140686;,502.10484035774914;2209.355745275732;1035.5189370851092;
3,500,False,False,False,1.0,210.9852962649312;130.48343835436617;848.3334664005229;,431.7296413810662;307.87307783997625;658.8028009832401;
3,500,False,False,False,1.0,207.72401454840133;372.7980791566547;224.66327425851225;,399.2868130178658;133.1917182623495;697.7355278623058;
3,500,False,False,False,1.0,776.4496731470334;347.5766455457458;27405.653651025368;,764.2865479286262;952.3102964453055;693.7281238327745;
3,500,False,False,False,1.0,427.5247039304343;573.3673952838537;481.0534625593349;,192.53736914308345;1078.469129415057;633.9137273606157;
3,500,False,False,False,0.6666666666666666,492.02560121733796;880.5184905056634;,248.611094054131;657.9585718991875;
3,500,False,False,False,1.0,603.3178086519371;130.02868753549956;320.9882427875321;,750.0074025196212;370.40010059427453;152.5918684496395;
3,500,False,False,False,1.0,415.31201957328005;747.0387113622593;1186.6599976046482;,457.9355725808359;987.7640400372171;189.58579946644736;
3,500,False,False,False,1.0,11.130348802551383;141.06826811294016;721.9381488482693;,177.21170387809232;908.0079681487026;1098.6885523858791;
3,500,False,False,False,1.0,106.44325339725458;68.9945086323469;598.2522825845051;,677.0716835845094;709.3164289456112;858.7245092325282;
3,500,False,False,False,1.0,450.7770603132378;317.24777295345757;553.8467866044622;,150.74823054510492;533.1777667572744;159.0462243852671;
3,500,False,False,False,1.0,433.0519224824308;863.9118694888447;954.0875103296436;,472.0255487871707;730.8905516927772;1493.7556533564782;
3,500,False,False,False,1.0,146.74790268022034;321.28361570234824;531.6139402626987;,755.1413303128634;433.76361480358645;1125.709758324351;
3,500,False,False,False,0.6666666666666666,448.0290647519786;273.29419015065844;,337.7847196356846;653.303744040415;
3,500,False,False,False,1.0,194.88301648196352;317.4009298323398;1371.350402095122;,93.14630964778223;932.7456207542028;567.3567784098954;
3,500,False,False,False,1.0,284.0561144804069;720.7422884148954;299.9345987249479;,145.87283176559203;871.2723044270766;655.2021295228684;
3,500,False,False,False,1.0,790.5591782194628;470.40266164862066;448.72560095579996;,847.9300666823924;354.1634291543446;369.2267998431352;
3,500,False,False,False,0.6666666666666666,256.709418862274;7649.700184653443;,395.49486626190304;327.7113290737881;
3,500,False,False,False,1.0,378.2531121796687;343.32377063147914;732.3588171050719;,1223.9684163519696;725.7646932551183;2602.9451110426585;
3,500,False,False,False,1.0,404.6003811904344;204.5509235768352;176.62089725712946;,510.964136023905;203.7020238213364;889.1613598951296;
3,500,False,False,False,1.0,192.2233108956172;38.85917527727037;398.7612705096774;,1130.8869644150338;429.88659663378667;140.3194897918203;
3,500,False,False,False,1.0,91.97725908136387;918.3912003114189;143.93380449705413;,540.179467912222;928.4104405079368;343.57235288456076;
3,500,False,False,False,1.0,1118.9972563644521;270.5825601196706;600.7637469900458;,996.0980778016859;271.390162359349;641.7506597257265;
3,500,False,False,False,1.0,224.24114479839326;920.510469594667;125.83656756607773;,1372.9438173757826;832.5504955584329;1303.7372190382273;
3,500,False,False,False,1.0,263.96298642644894;6443.0861677972325;11006.18259777087;,243.3816928696405;557.8357560866948;1463.98489320782;
3,500,False,False,False,1.0,247.96594908507382;237.93682755315683;702.4732539327672;,647.6232532003326;196.12684986591663;1162.758944574342;
3,500,False,False,False,1.0,323.5184493674;360.85873596904855;14166.691616184264;,1154.2032162596395;749.5686567236738;606.1033132461151;
3,500,False,False,False,1.0,189.6012915380043;134.9715538994634;358.9142063946166;,118.87692484893165;726.7587636140062;1799.5511931313765;
3,500,False,False,False,1.0,188.08482547809945;1504.4359178041418;278.8108887780172;,472.3143913109612;1117.0413450161018;373.6056034255725;
3,500,False,False,False,1.0,259.41419490651026;224.76682550335423;1259.3176236065312;,278.0318222349096;457.7307306246897;1160.9586424975196;
3,500,False,False,False,0.6666666666666666,524.8230104302878;2143.053251455207;,714.7716504899105;206.6586473981029;
3,500,False,False,False,1.0,181.6293088563836;181.784874069925;329.8388744322156;,57.834331112229805;603.8617263167216;254.69759281943118;
3,500,False,False,False,0.6666666666666666,170.26710562695249;867.5950195408237;,659.3761438029943;713.1641325511821;
3,500,False,False,False,0.6666666666666666,601.312511268219;17630.313358917112;,278.6520121131337;274.2905803882305;
3,500,False,False,False,1.0,654.1665270329305;745.3998871351799;288.5809318676502;,555.4729026923612;1005.2820743808347;256.8685346564167;
3,500,False,False,False,1.0,104.38246578837715;1188.5299338453822;192.2156074464413;,477.5338635216168;807.8224038524254;540.874143327302;
3,500,False,False,False,0.6666666666666666,445.1476362743198;78.1343799468557;,296.74993077671166;1300.196784721589;
3,500,False,False,False,1.0,311.62922689151316;173.75162105559664;616.4839512765778;,440.58476895558516;114.1691945374062;740.4926272354458;
3,500,False,False,False,1.0,378.46525542892294;489.3669079701649;311.81166152374266;,85.09254906608257;1217.1051463420026;1641.2827910994615;
3,500,False,False,False,1.0,140.2879170935669;243.46855808842977;338.32725561823804;,127.92428803513224;287.7639633344633;670.6821139937656;
3,500,False,False,False,1.0,69.72062071161507;250.7454749183081;238.43978607180787;,340.155218532061;972.4090960980715;941.7762716502676;
3,500,False,False,False,1.0,231.51066705607093;336.3644760321231;468.38687735492636;,993.8700352265607;476.85234459024696;375.0535287828319;
3,500,False,False,False,1.0,221.9008493383801;519.361560739644;668.5525481332278;,269.2101204564767;281.4907746980846;406.0966906396219;
3,500,False,False,False,1.0,494.70260608629786;107.9627346572373;758.9891609252504;,946.185205224376;278.6586887352991;1049.2476164972568;
3,500,False,False,False,1.0,148.8852296920892;72.37109591903365;290.76235641461204;,339.9231429080265;389.7660569159237;319.4536486165426;
3,500,False,False,False,1.0,224.85556246693668;305.12291405996666;823.4721989327915;,358.24258196749656;650.8405767448551;1156.6104774155272;
3,500,False,False,False,0.6666666666666666,331.0714653291433;990.8516923993755;,392.3046598306473;618.5824983895089;
3,500,False,False,False,1.0,610.1444282716503;581.0528497950585;1357.5535649694937;,515.5542107149172;441.3578433400664;894.6623472735816;
3,500,False,False,False,1.0,405.8070676573035;2773.9869536711603;235.0818305660368;,150.50056770182556;954.4234428017;493.69195564079524;
3,500,False,False,False,1.0,324.31378554508035;134.88280705699827;28857.890737468442;,1543.0982979554822;401.80121888731975;1365.9350979248973;
3,500,False,False,False,0.6666666666666666,564.3568923471763;5632.114461365155;,572.1171498898727;1002.5044590155538;
3,500,False,False,False,1.0,452.1434233469061;1989.1603282307217;4381.115098469799;,698.6558651469027;1229.3922267191433;944.6657761549521;
3,500,False,False,False,1.0,69.33345624345812;1417.1552655004855;165.09506659138486;,376.45589928144324;983.7514848726229;459.79161851801905;
3,500,False,False,False,1.0,281.62638399644084;284.45798912935;170.37740783650406;,167.46575773809576;66.00789853633381;731.149365089143;
3,500,False,False,False,1.0,359.83815447575495;437.5360383393368;1009.9901466693898;,546.6877787511982;549.8054467079207;911.6741391243635;
3,500,False,False,False,1.0,85.41331165219395;1253.7255570614393;461.664005489529;,87.9876794419859;1028.3334506642452;655.8413016242953;
3,500,False,False,False,0.6666666666666666,950.1438385595357;181.98089242049437;,634.9869162001679;341.6363022065136;
3,500,False,False,False,1.0,406.3472900373778;2625.4429966477655;522.4576255807319;,333.6651532304461;1268.1232683304509;1134.4015625063937;
3,500,False,False,False,1.0,109.43255099191119;1278.665502324385;410.868408715338;,334.07222465112204;1377.56321285853;990.3377475920196;
3,500,False,False,False,1.0,461.26740654404307;251.78827685003552;544.599245927852;,732.495712369101;108.81319168411844;529.0448291466232;
3,500,False,False,False,0.6666666666666666,3233.091686993709;342.4665423902069;,827.0302279514029;254.80933644172515;
3,500,False,False,False,0.6666666666666666,475.875386774699;1842.262713023501;,832.4207452489433;632.8017689204953;
3,500,False,False,False,1.0,264.6686322238394;279.37190702774325;1212.9185469663385;,309.3567125500958;481.9302240821177;1078.1117145957282;
3,500,False,False,False,0.6666666666666666,807.0536903301213;267.28670357796943;,265.76028264781877;383.83904301268535;
3,500,False,False,False,0.6666666666666666,1906.030248333428;95.26255035082866;,966.3718182107337;891.5087996277151;
3,500,False,False,False,1.0,740.943706444098;245.84868577849988;682.9417231152129;,969.478543771806;145.288381166264;461.16236726890014;
3,500,False,False,False,1.0,505.35820275100775;544.0735746382621;294.8477915955149;,266.6348462617459;950.9178994274789;779.5547235031304;
3,500,False,False,False,1.0,447.690803126392;696.8251121501739;514.7367677003019;,191.36635213499162;203.62910720708314;1017.2698255310183;
3,500,False,False,False,1.0,161.33008905299027;143.32826724607386;702.047162330111;,424.1487964494312;707.7681607343656;886.4193453828739;
3,500,False,False,False,1.0,120.22464641505269;610.7222787340772;244.56242736674832;,395.44899139283643;491.387985261389;245.46912322032202;
3,500,False,False,False,1.0,1228.912423504374;361.43239441964073;1177.4313310196542;,890.6223915844212;306.23103329597234;1306.6429295417008;
3,500,False,False,False,1.0,414.5687898134259;333.7228126688689;1503.842349725195;,998.4425439049825;270.9775978491834;1562.054735679771;
3,500,False,False,False,1.0,351.4437702064895;210.36513115597617;75.02054856593709;,517.0592120394252;282.988661155774;371.94475599371594;
3,500,False,False,False,1.0,250.36611341631166;130.5074232061193;293.3585607776635;,569.7733286495229;406.5161481152209;155.6990569692834;
3,500,False,False,False,0.6666666666666666,1079.9583510179662;211.41855850108848;,357.11711051776825;297.9639039291007;
3,500,False,False,False,1.0,300.3913506700721;1421.9126916190419;178.17187903527105;,597.9059361416582;1064.8969126409665;1012.9469024676262;
3,500,False,False,False,0.6666666666666666,624.8091651033735;7468.476112925706;,962.3490753353608;456.9820399332511;
3,500,False,False,False,0.6666666666666666,790.0337325205414;351.1924469673858;,99.6984345214991;151.19959538962453;
3,500,False,False,False,1.0,142.7555211017366;922.950688682204;118.57931508649216;,180.05733097619094;376.91602241401733;442.17024031689317;
3,500,False,False,False,1.0,791.0472144133893;867.0336502990859;1976.5384704865342;,834.967519766928;1232.3282710177034;1760.5312424633266;
3,500,False,False,False,1.0,148.55245157218988;63.86663212590339;547.3841755542411;,97.54129187987186;146.02424432077188;397.544564339714;
3,500,False,False,False,1.0,871.166615623743;136.8609367821122;196.64257071702187;,1004.6402633600072;191.84096828881073;330.12614899003967;
3,500,False,False,False,0.6666666666666666,347.6600237203803;1313.6173626094026;,424.24898028294626;819.4226792323315;
3,500,False,False,False,1.0,338.0661033903751;675.102798363425;998.0707865763044;,70.11917685360994;669.245642309605;211.17146493233034;
3,500,False,False,False,1.0,317.2031053485954;434.2418490678924;277.6186527675215;,206.64490830838082;167.46479410183213;974.6951039031766;
3,500,False,False,False,1.0,350.96738871861857;381.1507357718031;278.3579816125086;,247.86128700116046;576.8925874004174;196.3355160319586;
3,500,False,False,False,1.0,400.3278536527499;234.53959610984833;523.3296471440173;,358.89842104508324;787.9359977397534;718.7132642781216;
3,500,False,False,False,1.0,492.82299688984796;737.1911109991325;109.16696306946479;,527.8220415321158;1389.608139877091;1182.8970560186538;
3,500,False,False,False,1.0,794.820597181772;553.8259474571133;1275.3679676942425;,1120.274565307129;186.79907156481838;645.9191491076585;
3,500,False,False,False,1.0,51.9382130644979;164.94634284090725;303.3994236352092;,194.60254771788178;535.1156288617032;720.5046602854613;
3,500,False,False,False,1.0,386.0133646257621;482.7712301477635;949.5962614350955;,916.3540571410679;856.8726846938042;757.010451103017;
3,500,False,False,False,0.6666666666666666,2023.6989195932272;29.203811259647278;,546.8843881633437;311.8736898978033;
3,500,False,False,False,1.0,415.6466350698869;336.4704420118113;424.29807497015616;,520.903950013386;1108.7224238631247;308.14303648009934;
3,500,False,False,False,1.0,1628.7150740895086;943.1216977529092;1173.2846911835875;,1897.3912217938882;982.6680775422768;1308.1754463194968;
3,500,False,False,False,1.0,623.068906193146;449.23835680977265;18447.879421924692;,454.51600582317826;259.5988295266447;1086.0017978182973;
3,500,False,False,False,1.0,492.4364848869009;512.6630832488066;949.6613525700878;,1488.5484244781387;1208.0843690392492;1131.637734957;
3,500,False,False,False,1.0,117.26068976810679;733.5022060046122;1179.090924792251;,594.9407061101097;726.7093580730223;1117.5234606331833;
3,500,False,False,False,1.0,228.39629492424754;254.49364372987557;231.49751889768436;,196.64448524573794;585.8334952944504;600.855163623475;
3,500,False,False,False,0.6666666666666666,199.50072930576044;692.3584542290367;,503.17968915132076;869.2321932503738;
3,500,False,False,False,1.0,378.3503310310769;649.3276343628656;2263.905090356533;,695.7995423323275;1186.3488710702125;2124.332106990371;
3,500,False,False,False,1.0,332.91167782660585;354.9460412658786;188.52712294436404;,1625.0627967342837;1325.8439831131086;100.15811631544382;
3,500,False,False,False,1.0,299.9143215708203;492.7114634715475;147.28537599777033;,480.76949644438383;960.895582165024;550.7465807416532;
3,500,False,False,False,0.6666666666666666,476.83111562319766;4112.020576619799;,872.0431653279178;462.1276935357206;
3,500,False,False,False,1.0,497.6877843561422;375.30855893403685;1053.2475018369798;,940.8432389992171;377.0616926700916;1645.5677911818705;
3,500,False,False,False,1.0,663.3967937794808;1249.1458424275304;177.23211266279685;,396.8367071680038;1547.5461281102123;366.6473642781508;
3,500,False,False,False,1.0,177.44105171748706;677.3646229514075;178.96894224213253;,181.69647471011882;1711.7919918638643;483.6442813482942;
3,500,False,False,False,1.0,252.0472331977913;445.81276281418843;270.86022581679475;,442.1555340197378;380.1752098827584;410.0150835421614;
3,500,False,False,False,1.0,332.2399433387829;442.2757963870866;735.4506016916162;,371.82477728862887;466.1105734448831;906.9700541530378;
3,500,False,False,False,1.0,256.7274482091478;561.4967015050358;219.75058668176862;,683.7863855916809;787.8585045544112;191.58392461429546;
3,500,False,False,False,1.0,259.4783527075018;273.525922617924;27.57701351245641;,296.80433773488426;1095.2495714809354;213.26585418685895;
3,500,False,False,False,1.0,932.0613217802941;443.9575319273368;107.40789781224396;,405.92289222685076;891.5295779170877;130.7867639838735;
3,500,False,False,False,1.0,762.3359456934148;645.9627821212099;308.7473870482566;,162.58035083812305;1143.138842487628;805.4061933285914;
3,500,False,False,False,0.6666666666666666,1349.7165467217912;25445.2568759708;,190.17639088580836;1445.6580366235385;
3,500,False,False,False,1.0,101.7447212196169;421.99668191398456;242.56258390923918;,287.65321019632466;572.5585072270688;606.6142313806561;
3,500,False,False,False,1.0,684.1213848580801;353.88418612006814;706.6658887810291;,687.3420568666625;212.64945537443765;1136.1265710945295;
3,500,False,False,False,1.0,11.474129647364087;620.2474116815471;394.13143418764076;,288.98726622434685;492.00005241328336;838.3785367143252;
3,500,False,False,False,0.6666666666666666,341.31537098890334;476.5198367474803;,692.7716598984122;155.31117618228564;
3,500,False,False,False,0.6666666666666666,1266.481145864833;589.2137967489641;,1301.6626239558634;749.3713286778731;
3,500,False,False,False,0.6666666666666666,1258.8712054351915;308.92334028659633;,993.0813248947386;940.1942288160138;
3,500,False,False,False,1.0,525.9526449217492;1343.2384431978137;598.8413728101141;,1230.6112543333948;1270.287279573691;516.3588746997134;
3,500,False,False,False,1.0,361.24433030236384;2040.3758495145482;966.154227973461;,1221.9110249452538;1459.012040860491;1748.822366839778;
3,500,False,False,False,1.0,239.55689977761259;209.5746501663996;187.3864234340103;,648.6678806398213;323.14741159382277;995.448642151187;
3,500,False,False,False,0.6666666666666666,142.6833463256821;758.269515108547;,259.73590000659965;349.82383361917994;
4,500,False,False,False,0.75,203.10856039661925;634.1691680182487;4776.16335178708;,368.4132564998105;1073.0744213078256;19.527071431119975;
4,500,False,False,False,0.75,182.97798635206215;957.6700799907275;1041.5004231090722;,1502.4006111240178;232.8398081717155;705.3933964181142;
4,500,False,False,False,0.75,217.18038293170684;1343.83076224385;876.866262659238;,202.51023997872414;561.6082658888351;1734.0875452953844;
4,500,False,False,False,0.75,1045.8611261655676;1115.2608295465427;58.187526134109326;,1703.401888377228;610.0929207653459;248.57981934719945;
4,500,False,False,False,1.0,223.26429162786644;585.2894542811869;177.5628686299898;1595.4377487897973;,79.88665147172067;911.9073511125036;315.22145344521203;1417.7094234659342;
4,500,False,False,False,1.0,144.60341836925951;1028.990055841786;248.11874240614807;260.3342718814213;,289.8358043530843;968.3855638203255;166.52437424263337;296.1104078273959;
4,500,False,False,False,1.0,204.95378362286237;631.7944429651048;1443.3393974788949;382.0484573254769;,205.07012566558606;313.61758898141466;1524.4317760388471;444.756761618388;
4,500,False,False,False,0.75,488.2549205179683;1080.5182413688228;102.49429515376093;,1202.9977929106121;1673.1631823189325;851.8130118424349;
4,500,False,False,False,0.5,4836.93510098582;493.3798109095296;,613.8686646892486;778.3347691755782;
4,500,False,False,False,0.75,8556.873856744456;206.07671397021429;274.110005988314;,516.5835777859775;818.026105398531;917.7412917901954;
4,500,False,False,False,0.75,636.3597523662048;278.68153051870996;407.2120780350871;,825.0539043724197;326.57869075447775;499.61237895838366;
4,500,False,False,False,0.75,535.1462813462208;428.48515117582815;6618.282886311566;,642.5461767409764;268.5987615435186;692.3113809546471;
4,500,False,False,False,0.75,615.844560830775;5746.908525969634;1379.9566782571064;,1331.4930806811299;132.06006200297216;1509.0214938659833;
4,500,False,False,False,0.75,165.0417322291597;386.76691489915345;565.7287257761587;,104.32975842732792;260.67814017226044;214.27392041661756;
4,500,False,False,False,1.0,308.3790190767899;4341.831655527439;432.06504440621455;769.2914474502404;,464.6438249755949;575.5626274325132;1149.0605524110542;587.5256716192315;
4,500,False,False,False,0.75,572.8213021483303;1328.9537643649087;4599.803947808107;,419.6986809193894;1268.9485640611852;541.0985856947391;
4,500,False,False,False,0.75,354.90427199345766;944.0557191026178;887.564913381833;,630.3739738726576;643.8392128995848;644.6293525165917;
4,500,False,False,False,1.0,601.9118558534925;385.6417538844243;1324.1205688133525;268.1366928352218;,294.1084221167381;276.81058998130055;915.1778679870625;579.8784621244496;
4,500,False,False,False,0.75,1587.3434303425079;734.8606246062471;6400.623386541023;,526.224295358981;996.4691034460318;196.60785877530154;
4,500,False,False,False,1.0,486.87920448092774;162.4232369314957;325.3365993986934;668.7471544419576;,325.59421798526523;171.66546479675625;495.23599760762426;169.5412823032871;
4,500,False,False,False,0.75,756.6633515905975;497.7923853346098;10005.91737351294;,923.1858970772861;1684.5824058657527;295.72317832571565;
4,500,False,False,False,0.75,231.65988316574126;809.431649442936;2722.8440178246965;,891.3516308846157;545.8464569223727;1043.6570620413042;
4,500,False,False,False,0.75,67.4109070865478;1413.5232362301692;262.06438086953403;,595.3500061916161;596.80336029758;529.2813001943407;
4,500,False,False,False,0.75,466.92504123473503;1665.7308488789186;5069.324591376839;,263.06879388294834;440.5979737834952;319.7491674099719;
4,500,False,False,False,0.75,76.00052481868966;1188.1413873740082;102.11453836203768;,171.26249095673825;801.1155025016587;94.33889105743108;
4,500,False,False,False,0.75,24344.151560888207;205.68149628032123;1411.4844513274734;,487.3218606398072;453.924886847168;733.8463250261716;
4,500,False,False,False,1.0,593.3450664912384;179.8698129978328;280.1426951816406;1089.9735360925201;,542.8066181469933;628.5060864299817;842.6759301611179;377.976676804754;
4,500,False,False,False,0.75,656.910361750951;309.63787566257264;1780.808822391849;,336.65421406100836;450.69823761524714;330.0002946821647;
4,500,False,False,False,1.0,173.30073048222175;250.8805964252485;502.6410024107743;361.94233985078654;,690.1752729175265;220.70203757448039;257.02969502795963;337.0224538139768;
4,500,False,False,False,0.75,767.9026000014802;176.31535980602956;97.85732799734949;,854.9642641262803;755.2114659806705;125.99872319294512;
4,500,False,False,False,1.0,646.3536525899164;742.8356772703115;323.87984749898766;347.93419850098064;,570.5083522050394;1033.118091500225;269.0840098521942;729.5964102292128;
4,500,False,False,False,0.75,1277.7267133306486;19655.63264482081;2989.7931640138013;,785.614982346069;835.0946556709416;250.449243463867;
4,500,False,False,False,0.75,235.43797758120317;429.0936127586665;3804.9865817142418;,1000.3437083637439;410.9193182163531;909.0040573160902;
4,500,False,False,False,1.0,641.25834892651;862.8099667564891;826.3553524771202;491.28843231498524;,232.34494653145188;1128.8488059644728;1285.115511859576;623.909894643511;
4,500,False,False,False,0.75,4491.092562641987;450.01634759640723;590.4710042326561;,659.3352894056494;189.52713030598423;494.8684762917841;
4,500,False,False,False,1.0,581.7090265616697;123.6480610302162;306.70784718664794;2670.198046199838;,914.803717311296;94.50447743777282;288.0448978726125;2885.532560746042;
4,500,False,False,False,0.75,167.21425680115405;267.32374406393996;538.3311934357888;,477.71296527309994;393.8820334938196;655.2820817960919;
4,500,False,False,False,0.75,330.8113677730526;1524.9832125283126;349.26323416348066;,393.446962933636;751.9381384766756;146.17771866569103;
4,500,False,False,False,1.0,307.5827854612313;840.1907653137914;1859.0053318371438;203.6720152128596;,760.8680344798422;862.0695474405343;817.6280833782856;805.0984778388087;
4,500,False,False,False,1.0,213.42444958455582;848.0410603160664;63.95927330109517;759.6727973152225;,393.3597507387883;725.0883966245499;675.522431369165;1208.1856716248874;
4,500,False,False,False,0.75,854.2791350788269;5223.54655265724;931.9878984521768;,941.9428898325934;390.79345336572356;1405.8217614802222;
4,500,False,False,False,1.0,830.5243888253345;436.57245943742856;727.9390606486802;511.328791381686;,1040.9234811450767;362.3772773066942;329.7407210968206;737.7123967935677;
4,500,False,False,False,0.75,324.1757297381738;737.8384151687887;109.52811466576696;,782.5637461250955;617.4856402354261;967.5970083197585;
4,500,False,False,False,0.75,981.3935052860976;3009.161550163234;3217.6298043667052;,516.5618982962621;488.64691301993815;1722.0192826617551;
4,500,False,False,False,0.75,292.479597858551;6256.731935256933;317.60128346311814;,831.9467258707128;260.8502576838202;100.30789905466968;
4,500,False,False,False,1.0,83.54138407233239;247.00373717298217;846.3547581007953;337.52854724852847;,550.5662020408301;39.51538600142697;1088.0615290646842;994.7215744640043;
4,500,False,False,False,0.75,210.2431633481437;351.8984664834366;736.3680408247018;,1152.9408666810677;1015.7865849408265;531.3559780990679;
4,500,False,False,False,0.75,693.6731282534203;450.2341908991865;384.56877068017343;,873.8721118576378;768.4736591221817;433.7167947394902;
4,500,False,False,False,1.0,273.15021931068657;454.51931463261303;601.5943058191605;431.54189470453014;,391.9088678304128;764.6344223610906;974.0219690260741;164.15569640292614;
4,500,False,False,False,1.0,2295.318055973819;144.52405419969574;671.5096416919782;654.7729583571185;,787.7226390184766;716.8078172425921;96.3227591614153;825.6027036534392;
4,500,False,False,False,0.5,325.80339321114184;3968.205956970791;,288.66185678751447;509.67044398422973;
4,500,False,False,False,0.75,585.8007242800911;493.45293997253003;1774.6391792217794;,1048.3388296950525;1805.3520720423817;409.43485895644585;
4,500,False,False,False,0.75,449.19170177260105;942.3239793741457;344.34040947233285;,1290.9829961385472;1571.8135761418405;369.90401786642065;
4,500,False,False,False,0.5,3546.6891616479224;448.3112666164308;,413.92717877677114;37.050443187951394;
4,500,False,False,False,1.0,967.7923703486724;231.2057674733455;584.283778786339;412.4557306127365;,1212.499501915661;536.5508401219488;224.6359658663764;1055.0516382368432;
4,500,False,False,False,0.75,797.0700736935249;152.63779117521358;1417.35224948723;,292.588714089893;466.98475680949105;310.37166385928276;
4,500,False,False,False,1.0,247.30654570271835;220.31029324916435;335.4083825032386;28144.21437145589;,436.743827578408;227.21706541391018;518.9545453665418;339.743903405964;
4,500,False,False,False,0.75,194.04905378545914;1569.1512544227528;1384.6687869189682;,313.7821036055001;706.4233609627792;157.18950612310365;
4,500,False,False,False,1.0,424.2231078674428;282.430892891082;229.77988874384332;553.5964141545235;,353.14551847945285;699.0662857205317;644.1013225988296;620.9855061656868;
4,500,False,False,False,0.75,666.9786817184906;11319.91335779253;1011.0902549871613;,558.1985271398576;1517.3771524724195;335.51604785883956;
4,500,False,False,False,1.0,405.97237319497816;86.10872471944857;270.24933492683067;302.30845288855244;,662.1141331330477;536.1739950991225;683.1434179941411;1409.5505375301846;
4,500,False,False,False,0.75,236.35332664226164;147.61586559102503;4719.683275374371;,311.138545097442;274.52780199825;542.24142783227;
4,500,False,False,False,1.0,463.73972624973163;1607.4532653246233;1176.121799780562;643.1674485794998;,205.4276954423793;200.79653754960484;588.610308971835;1095.3934722310985;
4,500,False,False,False,1.0,291.6406620027351;326.9255471788314;189.18221309522704;604.9465010403206;,212.03893096851158;597.7886368477688;335.2486894770946;461.9669097161387;
4,500,False,False,False,0.75,282.38607834097286;219.14877920737234;1137.3270934273132;,275.40452095342306;334.1885470251535;681.2347804169397;
4,500,False,False,False,1.0,346.96857256621036;510.5259058126564;398.55501057836784;580.7747482812289;,392.60128545382184;634.1727516993836;653.0073032482463;771.071266880167;
4,500,False,False,False,0.75,202.02532839610413;444.22895230259167;23855.688021030077;,1621.7290364725686;893.1867009315006;622.2188018190793;
4,500,False,False,False,0.75,275.8019989028476;1862.0207577503954;292.2192088361571;,898.9366165977642;244.63565909021233;989.2704161026459;
4,500,False,False,False,0.75,611.1063012462697;5488.575000908081;803.5660760214125;,1006.7106910328398;902.8051890506837;556.0548366703098;
4,500,False,False,False,0.5,291.1527782403562;1420.1670743667548;,548.5588633196813;743.6752607243714;
4,500,False,False,False,0.75,547.8333987692603;1943.7848909445083;527.4633813255052;,590.7403938348825;494.7603296586394;465.9042830042396;
4,500,False,False,False,1.0,172.87131376311672;821.6004110565623;65.11021882539643;605.8542190878014;,306.3901196563563;1279.8177538694822;36.96282078386021;55.36907099883042;
4,500,False,False,False,0.75,833.4813743176311;627.2663886883329;2001.4428686751985;,328.2131161450916;440.2652523619759;965.9548495037127;
4,500,False,False,False,0.75,284.78474341855474;394.0024819970084;9705.129415347294;,196.54394241551086;860.0397232662116;668.8618706244276;
4,500,False,False,False,0.75,2856.7204878065872;390.11325073999313;1090.049836999469;,697.0282689234984;1060.103144168845;1172.0450042013244;
4,500,False,False,False,1.0,524.1397084790475;353.3737331208719;130.66751550353385;1412.3928824320792;,392.9027832789725;892.1484701362557;1093.837826208677;1910.0265564417148;
4,500,False,False,False,0.75,881.5937059825278;158.6825087138089;477.9272605408617;,332.03372422503526;301.741538158786;846.1260285458497;
4,500,False,False,False,0.75,413.714988624609;238.41820761084222;205.8016107101672;,689.2020927618055;575.626884225326;712.5023068680174;
4,500,False,False,False,1.0,549.8595727464042;631.5633628559193;176.66709829779816;369.8994154039164;,606.9448268291011;1415.2785180604371;261.17545159323294;387.2103342100299;
4,500,False,False,False,1.0,576.1276834507282;357.7268688659323;601.7793584122292;910.4821829961802;,798.2875448407758;955.3394039708082;736.4836356294815;1668.704031175793;
4,500,False,False,False,0.75,853.5594590138627;183.02523938023435;1519.5401820804295;,1287.7260870816626;793.8399770478196;378.0105258739853;
4,500,False,False,False,0.75,1806.3499408032742;149.92833337650615;444.27829380311755;,510.1094842077639;345.005304577529;148.83294001050106;
4,500,False,False,False,0.75,295.93180533910555;1480.7928851421264;418.91312185956247;,801.5115274691374;960.3132340486806;1097.717929675808;
4,500,False,False,False,0.75,315.36235275357814;1206.4995086212418;846.2386208183698;,927.8102355798159;167.85422481333035;215.66138917480987;
4,500,False,False,False,0.75,35.297016102288865;361.815606661655;360.8951841028571;,476.76015282350414;431.482194373798;431.4854217827096;
4,500,False,False,False,0.75,502.1954381578756;955.4332307537245;389.0315710423666;,634.1696062093725;821.4502205720809;239.8404188851696;
4,500,False,False,False,0.75,584.7586578713715;794.1361046379727;13055.701303204249;,652.8695142180823;697.9910294033384;512.979973650639;
4,500,False,False,False,0.75,18198.461279152092;1727.5688745894295;364.3669737596683;,676.4034932229024;863.0130607163411;843.1929491121838;
4,500,False,False,False,1.0,394.6628286544593;1416.6694418512775;146.22829346220158;319.0487191074119;,333.1708029536215;836.6335490102388;639.6543397922917;453.877001144357;
4,500,False,False,False,0.75,186.90716886231698;734.0623692936043;1281.0318503256137;,645.3089765323781;1178.8930323969385;1310.2521657773725;
4,500,False,False,False,1.0,289.78540191751404;186.40759954659825;379.90412065447737;224.24754777495363;,212.87191497818088;227.91029920028976;519.2505695478014;415.6084075899242;
4,500,False,False,False,1.0,660.7550584810685;84.57172436502496;565.5380386748469;724.8138634381887;,41.49314556257729;516.7865468360994;677.7369904830559;1367.6409630372427;
4,500,False,False,False,0.75,615.9781575828057;796.6202389421693;244.02629656574948;,1273.4529361867574;1753.779371037687;312.97311216534376;
4,500,False,False,False,0.5,303.3790190740168;1146.8591753470323;,542.6966397742394;243.3855878241827;
4,500,False,False,False,0.75,482.2387478882676;970.5012879716694;9854.105776831271;,972.561884554922;1280.369041495321;854.6139539449491;
4,500,False,False,False,0.75,215.90851613317477;412.72290433551984;891.9548087944679;,899.2909725307529;208.43529569708252;1540.1823582752568;
4,500,False,False,False,0.75,462.5020475385939;374.7267434212368;3572.812145172414;,573.0071619054722;64.09278316214733;1460.0205559551978;
4,500,False,False,False,1.0,224.84030733510784;895.9152066869159;629.5013219435025;1101.5706468269725;,797.055220589563;1212.9372209777978;920.9454298194847;1101.7756974922784;
4,500,False,False,False,0.5,5847.01594935817;447.39641199076476;,1900.2732256188572;514.3138969026668;
4,500,False,False,False,0.75,518.3197540552109;2275.978506097494;58.74117275540651;,1054.6181385876428;1877.4706308276602;766.2160934398954;
4,500,False,False,False,0.5,710.608503028562;295.75821689279684;,888.9315210821458;793.0433048426069;
4,500,False,False,False,0.75,468.9981779014732;38.02858567393347;599.6232010807844;,460.0791131290146;456.17541659407107;1113.2937977449558;
4,500,False,False,False,1.0,66.46419145482567;249.86671669820132;689.3797622698664;308.4376403705249;,644.175378665597;696.7907311992686;485.87335058662416;226.85739374782852;
4,500,False,False,False,0.75,306.41049840445453;941.4109331137182;316.24260023373114;,799.9241884552936;779.5891611917085;16.76022217735086;
4,500,False,False,False,0.75,772.7061233034465;952.3898454895558;1469.7467626945886;,154.30820734347924;883.5796594866625;915.6577383038983;
4,500,False,False,False,1.0,534.7215332691504;471.59405820922984;363.1961200160387;832.5068610437713;,542.3505285765326;435.24527129401775;830.9146108350377;1203.0042347004626;
4,500,False,False,False,0.75,342.80693831896644;202.7901398340922;2948.1201861325762;,788.1181573628648;487.5162048438093;344.79419722351093;
4,500,False,False,False,1.0,334.95307247980315;437.7540275582342;982.1943147111609;490.77610237586214;,299.0462118632456;1144.9952665314709;303.45625772577273;1333.9326588412696;
4,500,False,False,False,0.75,257.1585377173752;12056.954737148848;368.90659212505125;,860.3696409345523;684.9387442991856;175.06483819200648;
4,500,False,False,False,1.0,799.0953286361449;352.0163097179683;414.59476952789925;368.6507540483504;,803.4878711177216;732.8298998667331;974.2168842606965;286.61264513673376;
4,500,False,False,False,1.0,1269.496816515062;666.9488160387671;358.910804105111;772.2769979926371;,641.0428085704502;744.7888046581069;460.4088417167058;1009.4402415727072;
4,500,False,False,False,0.75,519.3543221528635;4567.587887617919;894.2770392534745;,702.7610883613717;481.95144747713874;1228.5773972144357;
4,500,False,False,False,0.75,299.48020804655476;1300.1191616381407;958.5271904543126;,1023.785972334936;2119.4478306283117;2197.625779706627;
4,500,False,False,False,0.75,339.6658505194075;8962.373201787881;1515.3132715265522;,223.75320105783297;137.0675117113323;557.7395259471513;
4,500,False,False,False,0.75,179.62529576357204;10752.607386514648;602.4551924894415;,575.4812909960581;1413.0377842971238;340.2683742402029;
4,500,False,False,False,0.75,3371.3523943385294;473.53469566685646;339.85817286237744;,703.3254958317626;2187.7820522917655;454.799269700116;
4,500,False,False,False,1.0,265.7603482498546;299.1550682845018;1761.8466676655871;720.3494663261478;,478.13052026039355;151.8227919151993;808.2521329148643;669.4189784436495;
4,500,False,False,False,1.0,469.67750141860046;335.2137083460426;2465.9894243799863;443.601805488557;,544.7202248180506;183.21447025767796;625.9866224233939;623.3682271954416;
4,500,False,False,False,0.75,394.51470068022667;548.3796875094447;226.06819039308098;,713.5352080715396;452.70777534154644;1055.5215176732054;
4,500,False,False,False,0.75,399.2297594093043;395.25948083541266;1050.6567184184942;,329.16239635722513;779.9452790119085;1563.8040279878696;
4,500,False,False,False,1.0,217.60087474150276;459.8046665500342;108.64600601091365;336.2614085749215;,435.63648520851456;1116.2635091726854;210.00207744474278;422.8018585885126;
4,500,False,False,False,1.0,403.3720574124445;2347.4186470748223;264.8416650199863;344.98835510846965;,188.55103050255167;1660.1182833846499;967.7390530042379;374.21277305321524;
4,500,False,False,False,0.75,436.3713741739181;940.9177695183014;679.4151999191841;,266.5757890449037;592.1843699842981;1258.9409093515444;
4,500,False,False,False,1.0,203.7747195925731;441.5021709101893;226.09831250680978;486.4676617925072;,276.8384712584108;941.2435013518409;374.2740874258228;951.0704961921086;
4,500,False,False,False,0.75,936.2889538573882;2709.4466619426157;206.38955003438608;,816.4207047263117;758.2977358387498;236.37603743533467;
4,500,False,False,False,0.5,630.0555011602868;291.00613053316624;,1005.7557601241303;1181.9444507077822;
4,500,False,False,False,0.75,116.16137410085565;3346.943306431587;487.6324300641976;,559.7128516424217;129.9511072561893;609.350296676186;
4,500,False,False,False,0.75,643.2343260298893;395.2806857201546;955.9456764036809;,420.01269000333673;413.1590811229741;1111.7417047754325;
4,500,False,False,False,0.75,599.4756443064168;6343.151886112357;1025.394063228608;,925.6909896318447;514.6398583193593;738.6064229367514;
4,500,False,False,False,0.75,439.06990011073736;1169.3382435034212;1280.7377138161269;,480.05316339384086;651.6060384314214;505.558892199742;
4,500,False,False,False,0.75,241.08438733184727;2307.3239862379955;3278.2718629435876;,596.6715395562467;872.641049648741;1969.9450266430808;
4,500,False,False,False,0.75,1280.237543130324;624.6199133147198;1169.234924837186;,1114.8040509517236;311.27899608863726;228.32119876926967;
4,500,False,False,False,1.0,430.18882467592846;462.9536898595781;182.7489758808823;413.85188122667995;,620.4057695017797;419.38664573122725;1341.8857711824407;782.8859568799014;
4,500,False,False,False,0.75,103.47469008698515;488.2203984736557;1745.4777791993756;,392.8648423874136;791.9601034970791;317.64183647716277;
4,500,False,False,False,0.75,821.4433394717407;1045.956411314303;928.527277487153;,275.5900860310022;999.7462428688932;1485.1470391796431;
4,500,False,False,False,0.75,676.8118309284059;401.6787469903508;8723.67433067069;,658.8965995300416;644.1774110999689;1498.6962170172476;
4,500,False,False,False,0.75,2570.8101685588895;304.0730485841361;791.4000877401145;,838.0123296912409;137.1338375119438;478.681782096361;
4,500,False,False,False,0.5,13177.501047181464;1325.0658435581402;,629.4205547135826;1425.5882813546941;
4,500,False,False,False,1.0,197.2811505249841;210.159067896807;225.90925783969385;288.2259149237876;,744.2259023329731;521.8364718419506;839.4581180909915;908.3587729100682;
4,500,False,False,False,0.5,3264.1594551630415;2378.7932295458695;,329.69832482117516;236.95023006879435;
4,500,False,False,False,1.0,251.2426993744428;193.71317421718905;682.4757926683102;1157.2376678912206;,498.61885363106086;347.12834442324066;400.446503612465;640.9069226179739;
4,500,False,False,False,0.75,869.7496345716634;24846.906741341274;475.22787449934464;,924.9153992534738;364.7846291152915;1000.2725515903866;
4,500,False,False,False,0.5,635.1415395548601;3376.720787192416;,349.14943026824994;866.0092326471336;
4,500,False,False,False,0.75,564.6168517688811;717.5605988421312;981.7914813198204;,464.0519889623065;915.7217297510405;1310.8334460992335;
4,500,False,False,False,0.75,170.56490449188473;5394.673874629611;550.4132472523257;,439.5038570685095;1126.746949768273;324.8922430604546;
4,500,False,False,False,0.75,145.36169958024374;1535.76112144837;117.50616739021422;,492.32250965463345;1125.600923498481;722.394109282632;
4,500,False,False,False,0.5,6339.013391585484;740.2579211090718;,328.0467498277649;886.3871489255292;
4,500,False,False,False,0.75,911.2563955694711;453.5734015289512;8454.72696633448;,1371.655227681188;363.7356459594215;1018.1320996831661;
4,500,False,False,False,0.75,245.87662604062763;294.2565947238591;1771.8762249523209;,390.542086418273;875.9983627464306;219.72796021176677;
4,500,False,False,False,0.75,37.10204249201441;394.10292331209234;2637.914763748642;,351.304405226217;205.7521895851515;900.7208990736543;
5,500,False,False,False,0.6,232.88272617622323;2030.2522967251505;2343.2209500850595;,263.257616084569;1072.1373093856942;342.48615361052254;
5,500,False,False,False,0.4,768.2089640354992;2489.0374095463285;,1402.9370373234265;620.0049447707847;
5,500,False,False,False,0.8,775.9979192445145;26020.52466505357;1840.8053880674133;204.55916810581405;,723.516967023956;327.32146651694626;1035.8896077240022;309.8278351475645;
5,500,False,False,False,0.6,266.1993398498459;1552.482070206914;1263.526062183389;,182.82510576676606;249.23968582154663;259.70242859913515;
5,500,False,False,False,0.8,272.131087644047;534.7698534130545;848.8973030285708;395.85681642181066;,244.39148712427806;868.1110016475161;788.2452155591634;679.4637882316387;
5,500,False,False,False,0.8,202.01495428740202;3129.02475426901;292.4284452924675;65.19888683871984;,195.1222522900321;566.8032964055936;630.1624997154236;648.9003068655968;
5,500,False,False,False,0.8,217.74783359755537;8992.811812936941;258.89218781921886;242.85963075715702;,528.4917469063448;936.2373229953807;453.3089845962276;549.3258198688831;
5,500,False,False,False,0.6,4085.7148103944687;596.7640164571075;791.3866366277246;,519.194230433442;246.25404942117288;440.1486181753228;
5,500,False,False,False,0.6,2494.183783766881;235.54172382085406;2766.5068890047187;,366.28374633346664;645.9772942732776;848.1187921472543;
5,500,False,False,False,0.6,483.8205115994041;1363.5147345531318;2033.1958621014949;,599.0236977367301;1024.8433431830736;487.03698654310267;
5,500,False,False,False,0.8,795.6364430031686;10303.954983467946;391.696082917777;722.8835284676738;,538.7381303790995;801.637282791038;420.2382046909767;730.1718296737237;
5,500,False,False,False,0.8,2539.704906571857;901.7120398318687;77.31286297996094;5352.651939648268;,236.8451516536925;698.1175993041412;443.7864277982492;1792.2206582241454;
5,500,False,False,False,0.4,28606.606394150964;191.53830645206827;,213.82879770078497;734.704398153203;
5,500,False,False,False,0.4,1060.8451623339827;2360.6382286833423;,381.6579304687937;1061.8522200610305;
5,500,False,False,False,0.6,3868.320018410469;948.1063607721577;445.58351477303404;,706.267951593254;712.6562648020067;309.1174325170084;
5,500,False,False,False,0.8,117.60335900694463;17931.59850090881;1645.2478003587948;5703.917388920142;,208.33580848293184;718.0075072864669;2307.8098283948816;382.3432358048436;
5,500,False,False,False,0.8,377.39757293716906;163.3748416681793;354.7549996465842;309.78480926612934;,1081.7302306744216;768.4480557074753;115.38153008430184;656.1696401511651;
5,500,False,False,False,0.6,857.4717025560628;347.7805843612203;78.9341360461849;,901.4154047433666;809.3423773768975;758.978246995924;
5,500,False,False,False,0.6,767.5133394957023;1577.0935475488793;1006.0591031521618;,488.38978885590956;964.1326363160764;897.4112575183792;
5,500,False,False,False,0.6,3934.003409549041;11656.430904326187;211.7971102568677;,200.9974211343692;323.7674056369199;585.2477835303062;
5,500,False,False,False,1.0,167.3867816283196;320.4543134265625;1067.119635078651;522.9634551720922;174.18969655281887;,402.49592340337665;211.9139594066422;911.7587214549334;527.6602117802521;163.46275829253813;
5,500,False,False,False,0.6,363.96234810199184;7993.399708215279;495.39158225491514;,150.28828283430752;2416.978174877436;252.3050326031729;
5,500,False,False,False,0.8,637.6065534812454;633.5840980338927;1699.069053564178;101.73199542272162;,1141.8794221134071;948.9453461520219;529.9117780044681;466.34928939311254;
5,500,False,False,False,0.8,830.1704272661826;2134.187219842171;521.616669076266;274.6888891695213;,419.16421680925947;665.6873148212495;438.50985020148454;682.0694933244215;
5,500,False,False,False,0.8,917.414637487334;2762.1961593812557;407.69252461685164;749.1300068732407;,550.1281736853673;2067.5220634451603;268.5457189561527;1154.6056478841167;
5,500,False,False,False,0.6,5014.602333713549;575.935687242731;1022.3035265071304;,176.00548659838012;1195.4395835062658;517.4504449960983;
5,500,False,False,False,0.6,437.3681848298871;1528.9382935641813;739.1896601908168;,266.81824222316874;543.0638334070107;874.5344845108417;
5,500,False,False,False,0.8,626.1912782075589;2089.6993388034557;443.2377236132759;840.9516089244812;,1067.15145659874;227.19328999861847;682.5359703371918;72.13481277977235;
5,500,False,False,False,0.6,1069.0517019610274;1605.5239166144802;2695.1592827946643;,822.67863010891;1504.288578611968;1197.4332899136273;
5,500,False,False,False,0.6,367.3256081818416;6110.593622774818;557.6600519291901;,570.912464459501;368.05786143083003;1082.6279118508323;
5,500,False,False,False,0.6,4067.431371943232;665.0545228956099;1061.3819633123771;,716.7824944471425;1723.865938044399;1103.046195628013;
5,500,False,False,False,0.6,7328.908001024319;540.3723211002077;2044.4750191244655;,134.48576535737942;577.6787246754437;414.07792590454596;
5,500,False,False,False,0.8,293.4142510524093;2741.941932198996;696.664921274232;114.69062992575556;,395.80950480029986;216.36640880347196;573.8983896533102;586.5235523138665;
5,500,False,False,False,0.8,337.34270288409783;192.15406512857646;838.2481955774637;16008.741075327422;,390.3004483041116;178.66225758124276;308.79036115834526;712.2037089620729;
5,500,False,False,False,0.8,251.7089172342272;1673.2891419110342;825.5574131578262;1359.0710511669351;,581.0692891577304;436.60784892964784;1369.0807264921584;1359.0711336615766;
5,500,False,False,False,0.8,385.2802435764813;398.4829043278203;343.99655986238054;888.8306852904656;,304.0149267637874;218.30142506117093;563.2790918185933;786.231862572283;
5,500,False,False,False,0.6,859.5970644972936;1067.7451174341716;427.1072994373522;,476.9350588334387;872.1138739502092;234.71347897682682;
5,500,False,False,False,0.8,35.86211732420909;1505.4710030102067;705.3754539082886;329.60206068805724;,355.1550353787726;1062.2533393557599;377.95373505586497;209.46640345829138;
5,500,False,False,False,0.4,925.661065173057;1906.5744369957008;,752.9093092133476;475.7615331357623;
5,500,False,False,False,0.6,3545.315958353195;432.85335640131353;3025.8155022855926;,1628.8216785199565;250.54881464220006;813.4080976255924;
5,500,False,False,False,0.8,1264.901856667215;230.13134897808473;340.44697980188556;2207.9038849128424;,1053.0721678228153;415.8761028980021;1170.9300028728005;692.2702917140502;
5,500,False,False,False,0.8,1312.1030591496017;522.4278841854106;2996.1321528600765;171.43292020716683;,885.9162873927501;442.09399755516586;475.63158395387944;504.00953487613754;
5,500,False,False,False,0.8,289.4040771375593;493.47953455803366;16392.45387649332;173.4657399736955;,195.77184332740515;1078.9679097827632;291.7955541228249;29.950899418447946;
5,500,False,False,False,0.8,352.888943434435;586.7609613855434;617.3211755033525;760.1205030139197;,69.60918097585663;635.0233069780921;1007.9151235514297;1017.4507116659139;
5,500,False,False,False,0.8,345.80187793050044;640.8563668257453;115.33171840162265;263.82301871874205;,514.3848985024829;1301.1740319580188;1056.2755263461029;723.366357839284;
5,500,False,False,False,0.6,662.7955145459832;428.9299780080905;19755.683005048555;,531.0978502821373;1799.3785508862713;246.39503749113706;
5,500,False,False,False,0.4,4816.726720690562;171.98436271846802;,609.3383997310108;1428.9201550284233;
5,500,False,False,False,0.6,535.4308428621944;186.73821694082778;3268.2922483994694;,832.0337250475311;963.0350619014066;95.43776183121747;
5,500,False,False,False,0.8,781.9524356104228;1001.4618785100112;17783.157089665903;73.13265258983456;,1022.9150204378008;847.206515484941;203.67688996859198;136.90269849457326;
5,500,False,False,False,0.4,968.7802015623398;724.7319915470265;,265.81872166971016;1426.5609611429168;
5,500,False,False,False,0.6,123.50221432139024;2106.439027816368;2523.3900846794277;,750.3031130869681;556.6938359282711;1330.6830381756786;
5,500,False,False,False,0.8,529.9740849767358;248.59234131774758;503.9235967362652;1469.7357445591879;,755.4052210141471;1014.0164573787378;1234.8917491741179;1143.1450954506681;
5,500,False,False,False,0.4,1041.6208230066275;4989.76571698695;,437.7084918620163;645.2419906383504;
5,500,False,False,False,0.8,2782.8899114394626;381.0165046100922;641.0265223132375;188.64398018246638;,225.08526996852618;416.7490709644204;276.881731363815;475.79206352626977;
5,500,False,False,False,0.6,1020.5769529165113;1339.9416723769334;900.4799692881787;,989.3672382558295;370.1732822896446;379.38883105728155;
5,500,False,False,False,0.6,362.6144719308908;260.19992242866897;3354.275120037003;,450.8781575869743;941.6096423595983;452.20849478076633;
5,500,False,False,False,0.6,742.7281857210721;571.9779784481045;265.6994950395355;,771.8260049578187;480.1771233635247;206.2589399499895;
5,500,False,False,False,0.6,570.2504042373645;692.0039423290152;585.3923626482668;,134.03815036060698;673.636969934986;230.8434186432064;
5,500,False,False,False,0.6,1130.0881439187344;539.6291812560657;550.2615556956991;,553.3279025325849;312.65235359125927;137.18684371464676;
5,500,False,False,False,0.6,922.6571599696553;2396.171746012504;1916.9434243858288;,260.149814820024;883.3895490588061;358.64241417047657;
5,500,False,False,False,0.6,519.4557627084034;8918.252264524213;1014.6957920209807;,1367.8330578728776;661.1538077095668;1052.2486828755948;
5,500,False,False,False,0.8,3519.405955119893;241.37790499886674;1180.4076183777388;348.59500496570746;,253.84781445555083;359.032390568246;444.7881521367908;1006.2779940213662;
5,500,False,False,False,0.8,286.1966840061673;5774.094918495418;82.49876658479741;101.36316041272687;,339.4069593791408;1661.2117556303422;477.21482210776986;1066.624858171871;
5,500,False,False,False,0.8,507.9817512146495;391.7100073646643;279.30394605211967;2457.1837153896936;,640.6904387390587;291.5246921775793;220.07123430708197;459.722786650727;
5,500,False,False,False,1.0,65.1466007530568;221.70699256897646;525.3898310504344;503.19928526379874;401.148382338757;,936.4582134570376;1117.2315413741285;531.827776973461;411.8285158576696;1162.251392886717;
5,500,False,False,False,0.6,785.2556388286328;3028.152422377385;14166.739169078019;,711.3844662078009;424.0236191720407;610.4689636291305;
5,500,False,False,False,0.6,2304.335454419126;1067.8760754392856;578.2788752750173;,313.2362345183534;1374.2608535817806;739.3766478956894;
5,500,False,False,False,0.6,4851.756240002913;66.20707661660434;122.18543360201076;,513.7897506445795;462.59817938600827;99.81858499980063;
5,500,False,False,False,0.8,577.8945470557609;237.96122522322483;111.7732279481613;706.2289450040138;,630.515387874618;269.14901206927175;117.5628040367933;774.9519334554358;
5,500,False,False,False,0.4,552.8686203532624;627.8202649665486;,202.58509139385455;219.83059221360284;
5,500,False,False,False,0.6,1983.5151965437522;871.5308884906981;554.201358865945;,708.850680436283;1002.4022371902103;1816.5536422383298;
5,500,False,False,False,0.8,223.44002426810835;1022.773557302019;152.8718755947612;4996.170579180099;,329.4544889470636;307.7213511273776;384.11951676303977;372.9123097696764;
5,500,False,False,False,0.6,370.54785826779556;734.6490488416657;13755.207628564596;,555.8699853981464;429.1039607131996;2037.702893957837;
5,500,False,False,False,0.8,556.2820655531434;481.08624572486815;1276.6380868734889;899.6529666485998;,639.6849253406102;738.0823552415651;854.7020412692776;472.7155372337425;
5,500,False,False,False,1.0,34.61741969683635;234.7265817456824;298.53127940760015;738.1195518985967;302.2330751465347;,184.24781643294176;286.1869385755755;388.59734502966023;1174.4135754930878;269.0139392296755;
5,500,False,False,False,0.6,258.60552924829926;2184.429841890886;413.17376753787596;,448.54422455715314;400.5546775325004;661.0186129760846;
5,500,False,False,False,0.6,170.25340693300137;487.7977776401027;2297.497425307818;,646.1676580269851;1096.5336439843593;526.0769322482821;
5,500,False,False,False,0.6,1339.5949848740759;98.30164602378882;22186.116216985123;,1385.4490419328895;328.28918310368437;953.2276262592713;
5,500,False,False,False,0.6,4249.631151998409;2518.008166802799;833.6907404838338;,216.73253654308135;779.1833476536935;663.9525536659559;
5,500,False,False,False,0.6,174.11662918007053;851.1004739994459;1809.4697680597003;,594.1572558935678;751.1312849488309;372.86588946823895;
5,500,False,False,False,0.6,73.08558428146632;919.9211054065927;3322.174200493667;,569.3002633355754;1210.9455269490777;1012.2003009095755;
5,500,False,False,False,0.6,743.2417397893885;1309.4863688110413;291.7019873205983;,889.6160051759671;635.2727087848414;168.4150296381011;
5,500,False,False,False,0.8,109.36259113199559;2284.0816828322927;422.61228121528853;771.376807396823;,447.10904946493554;636.0284904743147;635.4824731152792;303.8714197461829;
5,500,False,False,False,0.8,150.10727102323156;387.10507635684917;30.62571979185914;265.4929444700731;,351.80495508953703;255.49215109119444;712.8478750542196;635.7792761583804;
5,500,False,False,False,0.6,349.2220167296969;1347.1590935797803;1050.5141953325333;,844.4403320198953;407.38451857650597;943.3340481050169;
5,500,False,False,False,1.0,3690.8707765034724;794.1989648691575;185.77683747806265;296.9619683943761;348.8523482864934;,2258.289152180387;1021.489428638331;166.0189216192615;256.6229034010562;703.9974503011742;
5,500,False,False,False,0.6,3988.4799052583676;729.5987175419177;935.3593942417324;,608.539087771982;812.3810618008395;733.5083173998875;
5,500,False,False,False,0.6,143.24515276440562;336.7803893785911;1178.1075433832434;,999.6592582636262;727.0461804656652;358.62559689530855;
5,500,False,False,False,1.0,392.5112912583532;1185.6947724293327;139.95952424848304;138.8936940055311;636.9653218080889;,635.2807010988569;606.1218286326184;661.702584688632;753.6658352621662;565.2128308824506;
5,500,False,False,False,0.8,1557.702843175824;224.6940403249948;3055.4252455048068;288.76517875608397;,899.2981359965536;975.812953855234;1227.9565216904466;210.8771415903247;
5,500,False,False,False,0.8,207.35070332017546;1502.017075586605;389.8303423669941;4686.862607415686;,141.7803475514978;1396.4607874736346;373.55647501781846;807.9304923883785;
5,500,False,False,False,0.6,1979.0672000443128;5149.0974342292875;5253.8459551842125;,1653.8029085416874;1214.1750845710694;244.68181642729715;
5,500,False,False,False,0.6,379.14711878098507;714.7513285524851;3962.0554510811335;,120.57699665739206;436.4153480530201;277.92467895261984;
5,500,False,False,False,0.6,7892.202224192677;1090.960407842249;306.8775671954958;,274.90358370420904;954.3880018905149;950.0002293660484;
5,500,False,False,False,0.8,508.1507527435201;532.6764915413197;784.0025858313323;172.47202937346714;,700.4775096502541;997.001865237635;443.5282936711681;265.74803993885314;
5,500,False,False,False,0.8,514.2890262845198;916.265963120937;1294.6147442007546;5301.040726807435;,823.7577668556838;634.2062552583817;1669.6120095137474;730.4845161271495;
5,500,False,False,False,0.6,160.03998208308323;15477.006000973493;253.412546070174;,200.48718575983364;387.9350247794176;313.43190244677635;
5,500,False,False,False,0.6,3500.8031320606924;1732.5256272377019;1693.6728083633457;,125.52630421263468;1057.9251771359286;624.3983855977742;
5,500,False,False,False,0.4,1120.3397839993568;120.7163614709066;,624.3565155483395;537.7681027469425;
5,500,False,False,False,0.8,136.18188665705046;206.44428407568094;902.5056439449121;6624.589590426007;,692.5039573670002;754.3073411691219;472.39034314826637;129.68382535240053;
5,500,False,False,False,0.8,1541.6176797904334;158.8549046858912;408.10806962293253;364.51763274474115;,1578.8963741648902;370.68100961709393;447.66621663364293;212.85522048976466;
5,500,False,False,False,0.6,24424.75590835288;73.43751684952866;8158.369001104911;,958.9530046735837;173.85134961720357;612.604474793866;
5,500,False,False,False,0.6,4081.140770003758;359.4179099157248;343.6589757399806;,1006.98518259087;117.1770283868149;706.0794524531032;
5,500,False,False,False,0.4,22401.390890910527;1228.8651354300343;,811.5958418826327;310.7229766643642;
5,500,False,False,False,0.4,4411.473305726726;958.8367194401377;,246.26183470696904;1375.9267832885537;
5,500,False,False,False,0.6,1044.344653754587;8937.522006968169;265.0441263252827;,265.6736336357244;639.3241748133082;223.68878589455696;
5,500,False,False,False,0.6,588.0268031491208;1615.7223429335709;8563.844926963386;,1212.7155302695448;396.2526297304413;187.50337963992385;
5,500,False,False,False,1.0,445.89737969967285;437.1813895749277;455.6084012232414;796.8333019745219;175.67117605743755;,687.7685905345853;330.0341032512426;395.32746144301666;802.5024072151381;231.35757303769694;
5,500,False,False,False,0.4,1507.62017493956;2116.2315209749277;,1382.9057726768679;936.2170118514249;
5,500,False,False,False,0.8,148.44372630176167;231.8284341535851;460.2410077209891;60.35067908355879;,163.11153603116546;776.6010146777629;1318.1097459708126;511.8666993600342;
5,500,False,False,False,0.6,696.1075693931523;4298.599039992758;713.8253113626538;,455.9241601888719;2053.4741143093706;1243.6320867588481;
5,500,False,False,False,0.4,2072.021173826192;30276.398873648166;,430.46864358711554;1471.1045616432516;
5,500,False,False,False,0.6,267.54764920055544;1305.688698785794;4314.861252757387;,639.8810760390948;1499.0773027023465;1445.1295691476398;
5,500,False,False,False,0.6,6774.300160238618;1030.0431427921308;534.5131390417367;,471.7576724723929;250.42403918817277;800.9337357289937;
5,500,False,False,False,0.6,303.79579450517036;62.73911589525658;7719.3879414344665;,776.3934845775825;395.21560905186703;796.2736746708783;
5,500,False,False,False,0.4,3323.828275050759;178.1282581970143;,1300.1653200596231;186.69365229742183;
5,500,False,False,False,0.4,1008.8794500008744;2715.3060758517363;,485.5215271280133;1384.7228368558308;
5,500,False,False,False,0.8,322.17595630777714;178.26763150863775;2230.0314668496158;600.6581229719159;,803.7884705815795;351.1449930600422;1261.4337390597177;898.1630531536227;
5,500,False,False,False,0.8,103.52167726649407;943.9612267979307;680.9701980445884;1575.8038600712755;,680.2511048080285;412.92187209041265;1463.4673131471377;102.12803658298779;
5,500,False,False,False,0.6,1893.3760038384737;602.6563898132661;561.1018673436341;,287.9735490761766;1112.8281527084168;331.2886308336431;
5,500,False,False,False,0.6,109.79674712476778;4651.386489339824;1525.5235585472512;,585.8882875206493;531.6591779235779;159.09953854190843;
5,500,False,False,False,0.8,507.0855659530951;814.0065912762475;839.8935301135413;452.0138332285203;,731.9302313173821;746.1695607171871;742.10147611506;173.40209753329233;
5,500,False,False,False,1.0,141.68718453905754;967.926249538428;264.5807285563704;241.78096343976097;144.20972823526566;,1247.944171299473;1309.282584586772;473.39784523801706;1096.8508802545832;181.53493838696326;
5,500,False,False,False,0.8,1344.3968075517373;11183.889720164003;324.16386523634065;687.2884897899804;,927.4727406522466;1020.2085211238;651.1012195747396;1019.421690529723;
5,500,False,False,False,0.6,338.9213648310058;1341.4776045761312;7372.759022641853;,286.12607966776096;541.8634614845953;1461.2378351821624;
5,500,False,False,False,0.6,276.6183841198443;6516.694994416707;20307.753264080646;,1210.4763662481523;756.9375425806394;314.26660914657907;
5,500,False,False,False,0.8,84.04334362987719;243.94469490273949;735.6489578765934;594.0860031418463;,607.5152303771645;385.534910026982;645.8571743190613;366.18767113237413;
5,500,False,False,False,0.6,1754.7217239123354;4572.087240862437;450.6126179915461;,484.3055306284141;520.5574616247774;302.55593332104604;
5,500,False,False,False,0.6,209.84726368096517;1261.0477098486474;334.4662487222969;,471.21205719317743;461.74738587693844;1441.8718855246582;
5,500,False,False,False,0.6,337.29303813900117;6001.680163645988;3603.71033764762;,382.66717664939955;499.60452722617487;662.3973234903737;
5,500,False,False,False,0.8,260.1582263496727;1472.7168643751365;222.78679110343828;1438.7696952051306;,187.70480017944868;477.9188820775399;725.9651461355254;980.6641322728545;
5,500,False,False,False,0.6,630.6024421586117;2278.566884075951;3767.015573421347;,631.8437984944451;933.9443114314274;248.2678019566099;
5,500,False,False,False,0.6,540.0996935656531;302.6450631713947;585.355165770687;,326.2322875579117;553.614179495568;743.5182094405475;
5,500,False,False,False,0.8,211.5362502272901;1445.9243152827742;717.5558505946216;473.6478456196548;,1475.47481612773;1116.8335903706263;770.7217927044892;912.6511638086291;
5,500,False,False,False,1.0,510.77132273580224;283.87397639374257;164.83527387172427;1650.1587557434366;1005.6700073778801;,434.72283874065556;609.9582428956129;379.41790216004637;579.8962567956738;998.1395252642627;
5,500,False,False,False,0.8,3786.266791587838;470.1483010989236;236.47590831752066;532.462469154872;,642.9164111484;826.887625598168;256.0802338024172;735.6614425030491;
5,500,False,False,False,0.8,857.8233700980563;295.01543460461824;765.3238165171149;7169.230747158294;,811.2757336150818;445.45895966601637;983.720152688122;758.5841548192047;
5,500,False,False,False,0.6,1715.8561292372524;325.05062572082613;9058.761894245092;,707.283915271644;210.00229184008768;399.48204773606386;
5,500,False,False,False,0.4,701.1379602419285;4963.501168360255;,107.29104276961738;177.8015125821334;
5,500,False,False,False,0.8,831.0342117110124;166.80348544387468;2350.6223437902167;2401.7485834426134;,879.6717518815793;390.74325324689585;32.40463573414137;799.4233287114203;
5,500,False,False,False,0.8,864.2620591234411;3289.2492484115046;540.96550752153;279.1172626619725;,523.0113151553553;1430.3968716425447;1414.3901889659587;518.5916567691227;
5,500,False,False,False,0.6,561.1959404933361;161.7347862838709;274.6952717091871;,397.2339402704589;208.6849896025642;792.5937734187366;
5,500,False,False,False,0.6,202.3278445715084;13173.39555204297;1387.49162095619;,564.6711438366617;296.51673276312613;1584.7483769914945;
5,500,False,False,False,0.6,372.30464283347095;25853.389676865503;970.7336138078563;,54.64011005294266;170.4986439789972;864.6038480283629;
5,500,False,False,False,1.0,42.2097664579281;321.5212340165838;586.7079018937345;620.9837824209969;250.24135905748807;,48.51071721036242;849.3793068656535;1467.230988362323;940.5299101686563;300.9810244083792;
5,500,False,False,False,0.4,550.3443850170571;535.7409300028669;,329.6032095221917;720.4576760009867;
5,500,False,False,False,0.8,333.469235634494;7010.307839733455;324.2381939960988;53.597647272053855;,444.8596908971584;689.9939234858253;777.8307181532191;272.2596616287656;
5,500,False,False,False,0.8,303.2654124200174;616.6875568161063;515.0863536379011;676.1676594901239;,306.12135150778846;741.0374776039646;373.4318573171504;449.8573936578049;
5,500,False,False,False,0.6,380.3709420005701;3249.033450357904;533.8198660948377;,539.027262483236;627.2828741464976;554.9360139730309;
5,500,False,False,False,0.6,19.546773816023332;5235.277225987925;1018.2015182649674;,348.7236671987976;362.64831932872966;383.58019565980146;
1,750,False,False,False,1.0,591.0664987553583;,458.98170289984915;
1,750,True,False,False,,,
1,750,False,False,False,1.0,383.387571647422;,609.8415234140549;
1,750,False,False,False,1.0,298.04314543998447;,492.9079712911164;
1,750,False,False,False,1.0,353.07615298934576;,370.9536229179422;
1,750,False,False,False,1.0,449.7151601672487;,1017.0791119877252;
1,750,True,False,False,,,
1,750,False,False,False,1.0,362.2126334980375;,722.9738919415823;
1,750,False,False,False,1.0,1315.7013253565956;,2250.084733290786;
1,750,False,False,False,1.0,1091.435326868251;,486.2678128524797;
1,750,True,False,False,,,
1,750,False,False,False,1.0,604.2301391223941;,924.3520827943702;
1,750,False,False,False,1.0,461.5694651432019;,882.4183603364531;
1,750,False,False,False,1.0,267.37653731839816;,577.9372007848154;
1,750,False,False,False,1.0,1038.346235474359;,591.7583765243988;
1,750,False,False,False,1.0,785.550093177705;,1081.6775296748347;
1,750,False,False,False,1.0,686.5062437801049;,1193.9519844384413;
1,750,False,False,False,1.0,159.7168421785715;,1308.4775357641413;
1,750,False,False,False,1.0,503.4516427186393;,1555.8792735091897;
1,750,False,False,False,1.0,416.62780892313646;,488.8400239484831;
1,750,False,False,False,1.0,804.4777677853482;,994.4932262125985;
1,750,True,False,False,,,
1,750,False,False,False,1.0,68.51292202336032;,1220.1391460076659;
1,750,False,False,False,1.0,271.4491809658471;,385.870825191205;
1,750,True,False,False,,,
1,750,False,False,False,1.0,1765.110703925453;,2141.635409758588;
1,750,False,False,False,1.0,220.76104466016577;,604.5831829443971;
1,750,True,False,False,,,
1,750,False,False,False,1.0,1110.2290191999757;,1523.393537464797;
1,750,False,False,False,1.0,757.3646161643732;,1047.9027514661827;
1,750,False,False,False,1.0,735.0900574492672;,526.8544964743166;
1,750,False,False,False,1.0,162.540107144893;,1046.671055659835;
1,750,False,False,False,1.0,278.40528128643336;,1773.5223618363389;
1,750,False,False,False,1.0,174.86557453481882;,535.5584405196316;
1,750,True,False,False,,,
1,750,False,False,False,1.0,1891.5980458767722;,2376.5843990243598;
1,750,False,False,False,1.0,1240.6163204589345;,1572.5032009203605;
1,750,False,False,False,1.0,480.66836639202074;,1408.8305711366963;
1,750,False,False,False,1.0,1121.7132817898446;,1661.2457438261968;
1,750,False,False,False,1.0,1144.2231223981942;,1270.1857030155159;
1,750,False,False,False,1.0,1006.0360412072272;,1333.7562336151457;
1,750,False,False,False,1.0,920.4870346637082;,1016.7847830427559;
1,750,True,False,False,,,
1,750,False,False,False,1.0,2259.0194226748017;,2442.846919646014;
1,750,False,False,False,1.0,196.51251476295067;,1549.3649910506433;
1,750,False,False,False,1.0,149.1106750230442;,1160.4462834034296;
1,750,False,False,False,1.0,1054.5301295287477;,1452.8818956025632;
1,750,False,False,False,1.0,347.61700199259656;,1487.7516907958918;
1,750,False,False,False,1.0,124.85289978994682;,293.9404497626346;
1,750,False,False,False,1.0,533.6146893517227;,422.9144217737228;
1,750,False,False,False,1.0,309.8939812655367;,1589.3202795016746;
1,750,False,False,False,1.0,60.97167260704984;,666.1577359828364;
1,750,False,False,False,1.0,547.9563971018463;,792.7754705691929;
1,750,False,False,False,1.0,74.73547914006986;,745.2068559430547;
1,750,True,False,False,,,
1,750,False,False,False,1.0,76.58122520090595;,542.2063859559117;
1,750,False,False,False,1.0,347.97576237252355;,560.8496105785171;
1,750,False,False,False,1.0,388.9460581802724;,1186.9120288086299;
1,750,False,False,False,1.0,287.28651858710197;,282.6868200480146;
1,750,False,False,False,1.0,147.89414347272603;,248.75718809878072;
1,750,False,False,False,1.0,1100.199276481982;,1186.7015208367013;
1,750,False,False,False,1.0,1601.2773628683901;,507.22225678212476;
1,750,False,False,False,1.0,290.9976184291174;,599.6362162177226;
1,750,False,False,False,1.0,485.4489659703305;,760.5787374914406;
1,750,False,False,False,1.0,1534.835736722903;,1787.959514506066;
1,750,False,False,False,1.0,752.5856885674974;,724.250423898934;
1,750,False,False,False,1.0,735.0344587315341;,1348.2866754717259;
1,750,False,False,False,1.0,226.01516055558588;,1153.880280322033;
1,750,False,False,False,1.0,151.36441255144445;,581.444095146387;
1,750,True,False,False,,,
1,750,False,False,False,1.0,735.4012653572038;,2194.108450237997;
1,750,False,False,False,1.0,394.40221237682425;,351.10917132662433;
1,750,False,False,False,1.0,640.4441972404672;,961.2825868609092;
1,750,False,False,False,1.0,943.3285439535957;,1671.094820335008;
1,750,False,False,False,1.0,1969.8509178255524;,1675.7396386144937;
1,750,False,False,False,1.0,317.91560874166623;,415.4788629655245;
1,750,False,False,False,1.0,439.04134332353107;,531.0102887705904;
1,750,False,False,False,1.0,1101.8032134278517;,791.625500648142;
1,750,False,False,False,1.0,737.9435550611796;,1156.1412392425536;
1,750,True,False,False,,,
1,750,False,False,False,1.0,704.2871730951625;,2514.5392350017664;
1,750,False,False,False,1.0,498.10085815676644;,1579.3882701802013;
1,750,False,False,False,1.0,221.2230658669816;,450.2495649566124;
1,750,False,False,False,1.0,500.1928484265942;,220.2187090845798;
1,750,False,False,False,1.0,781.973707019521;,1633.694632083338;
1,750,False,False,False,1.0,1429.3720777376484;,1188.2883617241;
1,750,False,False,False,1.0,262.314165549851;,665.3531504741474;
1,750,False,False,False,1.0,1368.6185242773015;,1397.0255788700858;
1,750,False,False,False,1.0,221.9271220367084;,747.671916403474;
1,750,False,False,False,1.0,201.532353050002;,346.8611744665511;
1,750,False,False,False,1.0,570.4910037311159;,631.3803799791053;
1,750,False,False,False,1.0,1521.6268736419506;,1375.9017641082928;
1,750,False,False,False,1.0,749.7359246388776;,1122.2712008875267;
1,750,False,False,False,1.0,592.1725513165196;,612.8329032540673;
1,750,False,False,False,1.0,961.588340165197;,2104.6877681869296;
1,750,False,False,False,1.0,954.3234988227034;,954.3234988227034;
1,750,False,False,False,1.0,36.52549327609815;,490.729242642777;
1,750,False,False,False,1.0,92.61407811926078;,223.03200792424767;
1,750,False,False,False,1.0,1024.0228463016394;,1122.3166404022506;
1,750,False,False,False,1.0,515.8137782982561;,412.9211176970506;
1,750,False,False,False,1.0,328.3176927564264;,177.35862723323825;
1,750,False,False,False,1.0,630.1658875253469;,946.6895545682504;
1,750,False,False,False,1.0,17629.16483165254;,371.1495851130935;
1,750,False,False,False,1.0,457.01377386963173;,474.70324335564277;
1,750,False,False,False,1.0,197.17600329366135;,1410.9193046111818;
1,750,False,False,False,1.0,1133.2519559890059;,1047.557607929023;
1,750,False,False,False,1.0,953.0262537429296;,604.020052233648;
1,750,False,False,False,1.0,188.04461766813955;,86.92102518140477;
1,750,False,False,False,1.0,442.1370578869426;,818.8658972314339;
1,750,True,False,False,,,
1,750,False,False,False,1.0,699.4721320919214;,580.5960700593738;
1,750,True,False,False,,,
1,750,False,False,False,1.0,216.60911627693048;,1147.1674182251854;
1,750,False,False,False,1.0,1328.965792923397;,2611.6811462969968;
1,750,False,False,False,1.0,1048.448443013007;,901.3582472940752;
1,750,False,False,False,1.0,474.7935231865277;,609.2892306685453;
1,750,False,False,False,1.0,1868.3443450136383;,2569.015864034078;
1,750,False,False,False,1.0,325.5572920006979;,213.7749458799087;
1,750,False,False,False,1.0,217.11743166664186;,213.27558734316574;
1,750,False,False,False,1.0,631.8531977614654;,558.3023260236967;
1,750,False,False,False,1.0,268.5417345074646;,1114.275995245618;
1,750,False,False,False,1.0,458.6644372836769;,360.71724158534374;
1,750,False,False,False,1.0,428.28788017838383;,542.4398447241499;
1,750,False,False,False,1.0,792.9044628807994;,1586.3093562895212;
1,750,False,False,False,1.0,253.6454426923411;,499.1829886586275;
1,750,False,False,False,1.0,328.75656238857033;,135.063840550058;
1,750,False,False,False,1.0,1033.3807540557475;,1702.6148212058338;
1,750,False,False,False,1.0,313.13644171156767;,328.44184757993054;
1,750,False,False,False,1.0,1389.2712183739493;,1435.3549983472394;
1,750,False,False,False,1.0,393.9467041199262;,231.55225731686238;
1,750,False,False,False,1.0,1738.0326456877547;,2068.736430890468;
1,750,False,False,False,1.0,470.52570881866956;,689.2666011515756;
1,750,False,False,False,1.0,490.71300086399003;,1214.1919445513747;
1,750,False,False,False,1.0,238.49193327509548;,564.7456288163246;
1,750,False,False,False,1.0,129.66356036588772;,564.4768949845737;
1,750,False,False,False,1.0,444.40594353305073;,377.5894817974426;
1,750,False,False,False,1.0,1101.3910963829464;,1020.5992670766276;
1,750,False,False,False,1.0,547.5704933076871;,853.0866559328477;
1,750,False,False,False,1.0,968.4601879104007;,2483.4827835711835;
1,750,False,False,False,1.0,523.9636960530016;,992.82961651166;
1,750,False,False,False,1.0,654.8277185218191;,1450.380489432386;
1,750,True,False,False,,,
1,750,False,False,False,1.0,364.7869100586174;,1409.30899126241;
1,750,True,False,False,,,
1,750,False,False,False,1.0,1936.4482341092441;,2064.9030749060967;
1,750,False,False,False,1.0,1419.2952332418038;,1764.781742108428;
1,750,False,False,False,1.0,357.1032716626045;,313.0039897262345;
1,750,False,False,False,1.0,845.6168649480088;,1245.1084269230535;
1,750,False,False,False,1.0,400.49091270957234;,319.934445277981;
1,750,False,False,False,1.0,234.7119124018039;,421.5681388781329;
2,750,False,False,False,1.0,829.7138979289724;1733.2213561060273;,744.3626503998207;1033.8825087732355;
2,750,False,False,False,1.0,349.07080819406195;1320.1788210192562;,350.1560237921106;1711.7302881705314;
2,750,True,False,False,,,
2,750,False,False,False,1.0,717.9346437248057;398.3760588248416;,1303.9140843484922;588.3486848947136;
2,750,False,False,False,1.0,1194.309192123905;481.5502186360602;,1748.4564056881384;377.3249339170209;
2,750,False,False,False,1.0,1286.4158293151888;633.9898934109013;,1329.1590920334024;1608.3023317563802;
2,750,False,False,False,1.0,1369.5457775973248;2560.8055068700714;,1261.9307260852934;2006.9870530369135;
2,750,False,False,False,1.0,445.12562137187734;260.15683661962606;,1188.2524911757043;570.6743397229895;
2,750,False,False,False,1.0,137.72445220431877;400.4676022897769;,316.81749362284745;808.2958646825984;
2,750,False,False,False,1.0,656.9532364602966;157.42626954354114;,116.26146216573413;844.6545864219272;
2,750,False,False,False,1.0,1929.9474851776904;247.1989268474842;,896.3259115176812;519.315035310373;
2,750,False,False,False,1.0,261.5712029979346;996.3098582157228;,236.42215905922245;1663.9488434201437;
2,750,False,False,False,1.0,305.10028790037705;408.22325729959397;,763.9083523846502;698.8417746670841;
2,750,False,False,False,1.0,827.2288754917942;407.8348919431665;,3230.033063171091;736.0211309821099;
2,750,False,False,False,1.0,1597.677394722277;1419.2162253467798;,2734.7650815703773;1835.9295076670871;
2,750,False,False,False,1.0,1258.4225006137783;729.3915636639276;,1145.727623172332;486.01782501529357;
2,750,False,False,False,1.0,739.5237502897194;637.4821157846442;,919.5046890960236;884.0671335596061;
2,750,False,False,False,1.0,1333.5369280333966;192.6484677538706;,955.6676741315398;216.37053607725886;
2,750,False,False,False,1.0,609.1748426105012;784.2915751748432;,1242.7739689781126;1042.6851724513958;
2,750,False,False,False,1.0,271.7355113319253;244.4870528842703;,435.0812613035338;1108.780361976728;
2,750,False,False,False,1.0,566.2382038583505;1114.45145302639;,1115.3677164597354;1103.659429716771;
2,750,False,False,False,1.0,461.8771131071096;2725.6808030434913;,546.8857646723349;1631.2192155770856;
2,750,False,False,False,1.0,518.3979019007687;649.8826298407023;,834.615462216744;367.9673878568891;
2,750,False,False,False,1.0,1016.0146888750692;1227.5425398701616;,102.85115708671592;639.3431427386539;
2,750,False,False,False,0.5,736.88245386597;,589.6626746666105;
2,750,False,False,False,1.0,674.2083777039163;706.7296734072706;,518.1015863456211;1343.0437126644515;
2,750,False,False,False,1.0,361.04196341371727;1321.088299676308;,162.374410770747;1151.2395256782404;
2,750,False,False,False,1.0,658.550135406318;298.1639965491129;,993.9220710262236;469.2345002549123;
2,750,False,False,False,1.0,701.4104730084671;547.5676440478916;,523.8980116726162;1556.0095473654576;
2,750,False,False,False,1.0,251.37881129608948;391.24644555902097;,254.22653084769044;935.0056840581294;
2,750,False,False,False,1.0,265.89838338647434;2037.6837845488024;,1340.799692167471;177.18768361049987;
2,750,False,False,False,1.0,1083.4390995782544;919.1908856205808;,808.8159698666448;2511.380749976197;
2,750,False,False,False,1.0,841.538407274677;492.78806816007295;,2121.8143171706442;452.43535094304286;
2,750,False,False,False,1.0,1399.1777027849128;109.44453343052963;,870.9840790130962;822.3910174635502;
2,750,False,False,False,1.0,217.8147896863301;809.1855697964793;,1211.5656866151792;1423.5805954560458;
2,750,False,False,False,1.0,658.8334829975919;190.2516026334433;,753.6111388793651;393.6642232569793;
2,750,False,False,False,1.0,1604.9372757743558;416.8005247788598;,2083.370053897347;810.3720181046125;
2,750,False,False,False,1.0,342.52090075869177;430.6291091463905;,1577.549961877041;578.3921484343001;
2,750,False,False,False,1.0,532.1455449165521;345.9388823727061;,740.0723970157626;533.0696345679523;
2,750,False,False,False,1.0,1573.4885311356586;892.247099335013;,1563.1955050320196;855.3881014472004;
2,750,False,False,False,1.0,396.48940080130785;1800.8437538269252;,398.49563632096323;710.0289391005654;
2,750,False,False,False,1.0,922.5292747101272;2369.6114096523434;,1435.7726667898003;1985.3465875379002;
2,750,False,False,False,1.0,640.719845741022;211.92421803200332;,780.9563653432922;137.59935048118143;
2,750,False,False,False,1.0,645.0122357585122;1326.2302402034127;,190.6154665544264;1512.071829106318;
2,750,False,False,False,1.0,2384.64854154197;35.031952885707334;,2798.106277943907;118.77021392548775;
2,750,False,False,False,1.0,202.62966915005794;330.1156096456586;,109.29108122033921;824.2170943671915;
2,750,False,False,False,1.0,754.4606242014886;385.73150735672607;,597.8399351809406;284.2240783031055;
2,750,False,False,False,1.0,189.32927291567765;582.0981424629148;,489.0905134038357;289.2928142146425;
2,750,False,False,False,1.0,306.7595232954596;506.9871563996616;,643.2480448308012;1151.849024422803;
2,750,False,False,False,1.0,1547.4712909297311;634.6896212508786;,1385.6084379232595;972.6283971540931;
2,750,False,False,False,1.0,1638.397667620374;31131.247782985112;,632.9000037023915;593.3826713351124;
2,750,False,False,False,1.0,1019.3246799081104;922.3513993497461;,1389.0993194537482;539.8333334536557;
2,750,False,False,False,1.0,560.5144041129923;613.7570904870781;,1364.3504586300721;978.7413389064875;
2,750,False,False,False,1.0,300.18377428559165;1735.6565037259918;,1071.9342515397154;945.2899461880335;
2,750,False,False,False,1.0,320.41603737452346;260.45336708363266;,468.0117794553574;181.14920214042587;
2,750,False,False,False,1.0,580.9866673724533;732.5368583130459;,801.1023381878432;1252.6975476650073;
2,750,False,False,False,1.0,1269.3859329482416;748.3207201579658;,1532.513701161792;1556.5335964784413;
2,750,False,False,False,1.0,494.7378204978158;1457.412761960722;,483.99173644969704;2396.745413088345;
2,750,False,False,False,1.0,601.1291377191445;685.5928192901162;,724.1554170416966;423.6138985722148;
2,750,False,False,False,1.0,261.4481649637485;660.8686146844187;,666.2344982372933;1308.5463908264976;
2,750,False,False,False,1.0,661.7857777150358;617.5886981181964;,947.7651988004842;21.377049312690673;
2,750,False,False,False,1.0,708.0213617540307;2089.4466890450785;,823.3817176897994;3324.5233305354996;
2,750,False,False,False,1.0,363.8475444467401;226.84297244780836;,660.4004076888086;265.3435514970103;
2,750,False,False,False,1.0,621.6488103464966;1249.21125607122;,677.7473733652388;330.73213954931657;
2,750,False,False,False,1.0,166.6525822988364;320.6550636353777;,1428.716126216326;163.4223246950844;
2,750,False,False,False,1.0,583.5861938740999;447.1103704535191;,611.4922182321516;659.9839867717999;
2,750,False,False,False,1.0,100.77491389074927;461.70105516586534;,880.1023479404254;562.662034188776;
2,750,False,False,False,1.0,725.4409090351104;1889.0453538804425;,382.0630059050109;1406.2085800096465;
2,750,False,False,False,1.0,451.025989754063;352.1423080343621;,1662.7722483422838;641.3221019627983;
2,750,False,False,False,1.0,546.1300326090169;291.35559767528144;,375.3513967750619;265.43099490512935;
2,750,False,False,False,1.0,298.467568206944;1111.7886905537434;,1626.9240903108537;1499.1412653354976;
2,750,False,False,False,1.0,506.0096455317444;1630.397762790416;,604.3693886920212;2139.319717789525;
2,750,False,False,False,1.0,1910.3130459266624;203.86226375015022;,1390.8098584648062;985.8999372984536;
2,750,False,False,False,1.0,1651.985227500297;86.27849273164345;,2071.803028743688;303.15399616937276;
2,750,False,False,False,1.0,189.99846402322393;155.51729983947953;,170.51051032281805;2363.9191088218904;
2,750,False,False,False,1.0,648.1948793719936;686.0798278766727;,706.1557104730834;843.405072004465;
2,750,False,False,False,1.0,1047.2381638524978;460.15815624974897;,675.0197888344032;644.2675381662717;
2,750,False,False,False,1.0,168.03273732643555;288.5044380265733;,423.50716421371845;832.0603461523881;
2,750,False,False,False,1.0,379.86037263771834;1404.7313704478347;,1076.7682512617569;1090.3519596050435;
2,750,False,False,False,1.0,793.2548496632809;399.0447201952508;,1039.2549084401123;1444.0082360327362;
2,750,False,False,False,0.5,1083.1321662194603;,112.65328690762337;
2,750,False,False,False,1.0,2073.236480573544;483.050850020454;,1637.8267586548309;314.44865088865544;
2,750,False,False,False,1.0,12.593607763055118;835.1886432728107;,605.2754741877809;898.1805903260279;
2,750,False,False,False,1.0,1321.4065700945623;479.8786540502442;,275.32333218902755;992.7793914706361;
2,750,False,False,False,1.0,715.3539833908223;1612.712006186244;,1579.372609170719;1296.1660498998986;
2,750,False,False,False,1.0,1494.9789062692837;501.37088922841565;,2019.556337621106;989.1435793400863;
2,750,False,False,False,1.0,78.6730516731762;741.2811496206087;,641.7636815071163;701.1311602096062;
2,750,False,False,False,1.0,221.80080705934114;323.6004763214809;,1143.8852449951214;391.7313939226686;
2,750,False,False,False,1.0,399.59368813120375;259.41409452610185;,1357.1668040626741;519.8693507802358;
2,750,False,False,False,1.0,123.42728432208987;376.8106535975325;,123.42728432208987;694.3445824049401;
2,750,False,False,False,1.0,658.502394058498;319.620980291815;,2279.428420037115;265.03000125175924;
2,750,False,False,False,1.0,1980.8896501849451;671.4912124509528;,1994.5733955468304;990.1400875320899;
2,750,False,False,False,1.0,748.2773737552343;444.4745741331224;,1107.301315397235;1903.8564811990834;
2,750,False,False,False,1.0,118.11617980764848;2266.6051570919903;,399.3475473122426;2706.8461661767374;
2,750,False,False,False,1.0,484.14058285988455;1312.7434492274544;,715.0699080646424;1480.126785278122;
2,750,False,False,False,1.0,1572.7721092114468;806.354336286154;,1466.3622013555737;1952.3667988879497;
2,750,False,False,False,1.0,969.5505579192946;421.82382472878265;,1665.195289048913;764.1582482330653;
2,750,False,False,False,0.5,1962.588020335797;,1018.432125418139;
2,750,False,False,False,1.0,221.3222391550772;322.0644600517626;,925.556293538199;2200.8098532146464;
2,750,False,False,False,1.0,220.32864146075522;592.7725378960811;,531.0906562853934;425.05979893617683;
2,750,False,False,False,1.0,676.7624574894525;1894.451427562303;,782.7576759191346;1743.6969822022252;
2,750,False,False,False,1.0,2042.7373941085018;2203.4324717645545;,801.2958612938783;1092.4411596604243;
2,750,False,False,False,1.0,355.25518055353996;550.2444266080491;,1597.9600359317483;302.81569904132124;
2,750,False,False,False,1.0,79.31114437238202;290.8197791370788;,1479.320147932303;395.76392984928333;
2,750,False,False,False,1.0,649.1715577124439;322.6218672332528;,1896.9305911351655;728.4100581149861;
2,750,False,False,False,1.0,226.39732438420623;376.37686225168596;,208.491845604535;1691.0841224884623;
2,750,False,False,False,1.0,836.2896930578305;635.9858750237713;,841.8156625033382;1985.1222256165279;
2,750,False,False,False,1.0,667.9414380308015;278.9556137404372;,1211.4103825981258;788.1559916046826;
2,750,False,False,False,1.0,283.52724201489053;447.90715853929015;,771.7523683999259;260.8979896750156;
2,750,False,False,False,1.0,466.19455682577046;946.670717310436;,173.93790176794337;1485.7071307335034;
2,750,False,False,False,1.0,674.077105760534;99.3120033478466;,864.4195390839986;631.1986616019743;
2,750,False,False,False,1.0,314.3422777545944;253.28520367005393;,196.75678768570916;1586.6702419063724;
2,750,False,False,False,1.0,916.6583873190629;94.96810204826589;,991.3831579861829;468.11436440110214;
2,750,False,False,False,1.0,1184.049887892188;747.6797594890495;,1121.9925038924353;545.0598543674382;
2,750,False,False,False,1.0,170.99229077545746;283.89052709834425;,484.2811216312826;1577.20853556628;
2,750,False,False,False,1.0,264.7970964375917;706.2564951784;,917.680332646102;566.4563977139507;
2,750,False,False,False,1.0,619.0638062425916;689.1132981404177;,669.109650636328;578.2532624216889;
2,750,False,False,False,1.0,822.709979878194;469.03422880382504;,924.2538090045788;565.4037311364474;
2,750,False,False,False,1.0,198.4394987032293;1703.6333015197208;,318.3939095368715;1110.8819184977008;
2,750,False,False,False,1.0,997.3980277156618;1094.102818090847;,490.71664507948117;2283.56140112082;
2,750,False,False,False,1.0,719.2392721758652;391.81974265482853;,1032.193005088869;115.09777051436188;
2,750,False,False,False,1.0,200.02486563154838;2480.4092894856503;,1021.7882569157421;2428.7756657177256;
2,750,False,False,False,1.0,837.8489549118034;1604.8906616999093;,713.9108386582953;807.9155692102628;
2,750,False,False,False,1.0,556.9101414849495;1549.0266144215595;,685.9079312637364;1590.5927915804607;
2,750,False,False,False,1.0,648.7811454030665;1999.8203905589753;,415.38270814835107;1600.7966333202228;
2,750,False,False,False,1.0,813.2977792366187;1353.2265216994515;,814.2142881678201;1461.1237960592366;
2,750,False,False,False,1.0,403.0869719862851;213.1858126796384;,373.1547809292481;1077.2114324600482;
2,750,False,False,False,1.0,1327.5293188419128;1114.4354761319507;,2060.518982064978;2624.6567971812383;
2,750,False,False,False,1.0,1062.7457727640779;707.3875469436014;,853.4108366494257;1064.4969608068502;
2,750,False,False,False,1.0,257.30354334386925;165.84104419715666;,484.1856768968853;495.32306948248544;
2,750,False,False,False,1.0,703.5375264571051;867.5993051887556;,703.5375264571051;1461.3088824817596;
2,750,False,False,False,0.5,938.4042954439346;,650.3685149676908;
2,750,False,False,False,1.0,977.3943372125623;441.7208425489362;,683.8665805371955;1104.3992658255597;
2,750,False,False,False,1.0,395.9812199417902;13.50251791278111;,1188.1587409411388;1001.3041478503244;
2,750,False,False,False,1.0,858.5060231439728;364.99760483692205;,668.9129972227583;667.9053638631472;
2,750,False,False,False,1.0,181.57788398187313;933.5219926719844;,1636.5290273779224;1220.9373677689855;
2,750,False,False,False,1.0,539.6663830938749;537.628107550495;,408.1987745755475;1030.0402196402915;
2,750,False,False,False,1.0,898.1213125063188;1429.6301259024867;,314.1210724889128;320.8715037721347;
2,750,False,False,False,1.0,350.98728127982815;1970.601785042198;,751.6038818881915;2562.5533980863297;
2,750,False,False,False,1.0,270.01699537248476;340.0151748045404;,370.78280734477113;263.44012018218064;
2,750,False,False,False,1.0,557.6444202843143;318.7519752609063;,773.2129509019476;1053.4953514106778;
2,750,False,False,False,1.0,313.6982334368887;2240.0040118769894;,1190.6917460685286;374.5685557276344;
2,750,False,False,False,1.0,499.85495097387945;391.79764690976486;,2408.2925401932675;674.283230581318;
2,750,False,False,False,1.0,1815.9815924301647;453.2453544109723;,1808.0234882988582;304.9819815144176;
2,750,False,False,False,1.0,969.1222816573028;1547.4421250298703;,1135.9290311074042;2418.3241891487855;
2,750,False,False,False,1.0,856.3282046656657;870.9160523152734;,329.0992990481618;2124.252800089036;
2,750,False,False,False,1.0,1431.1232713668296;543.6631680243212;,1253.397151802724;581.3936274700255;
2,750,False,False,False,1.0,3154.2359794087083;791.924132687749;,3728.5780150598835;1162.0402031671892;
2,750,False,False,False,1.0,456.67309456479074;1683.3700843566958;,954.4329938454036;1360.0485087708344;
2,750,False,False,False,1.0,592.8081120004061;1343.4241909779166;,2691.547727676705;2798.2906163057232;
3,750,False,False,False,0.6666666666666666,117.54479865162524;5469.402974604001;,187.42996905934928;1153.4973479655139;
3,750,False,False,False,0.6666666666666666,455.8301500486702;11037.404852089014;,685.467898906939;1874.607908787337;
3,750,False,False,False,1.0,612.066386441306;529.2845636689376;682.8209415563464;,1603.3637872344277;409.5217405665275;477.96198734600875;
3,750,False,False,False,1.0,668.6597107064722;190.24998099972603;545.3697616357862;,1036.8914931578042;1287.0433087021236;1699.7372877917574;
3,750,False,False,False,0.6666666666666666,651.7661338308426;1949.6644540654843;,1335.7851770664215;2096.6664520190884;
3,750,False,False,False,1.0,197.05500483101218;1029.88766751861;227.42214393746784;,134.57129923466474;1474.5835097059737;852.8424820522409;
3,750,False,False,False,0.6666666666666666,1972.8844109956829;788.1358079124567;,652.6785925249995;1563.8414504529314;
3,750,False,False,False,1.0,965.6454885824352;171.63535679812125;2086.6798523154052;,1195.012226246586;585.3735941665327;1737.773919135036;
3,750,False,False,False,1.0,1578.8580858779972;577.4596711067518;320.6002679265035;,1472.139590184307;565.8877689231442;194.01145466101485;
3,750,False,False,False,1.0,191.2680896050145;820.2274400549298;411.93359339681615;,585.7729915037322;176.18466256504047;263.6501067939238;
3,750,False,False,False,1.0,283.66438203938185;142.92192807594557;1476.5642146212415;,263.3510340992668;756.3780893095551;1819.9655942669629;
3,750,False,False,False,0.6666666666666666,236.87378198482168;3397.9077747555916;,672.497076804469;378.15766658391794;
3,750,False,False,False,1.0,1400.8067202504656;906.4994124331321;2678.3715973737;,1248.9091335170294;849.1907058025974;3543.920290303279;
3,750,False,False,False,0.6666666666666666,1854.8308742538647;608.9379758461295;,1683.3530704768743;1788.663337432625;
3,750,False,False,False,0.6666666666666666,427.72590302687854;306.39605094056066;,422.9163357650591;1381.5538901363016;
3,750,False,False,False,1.0,477.2691850552598;267.69503057063895;393.69891181776853;,544.3106124525904;802.1231471528055;794.1074310218097;
3,750,False,False,False,1.0,550.8091419430443;735.8575247143186;1070.8979460881187;,1370.2399015599738;598.2864217301458;251.08085633827633;
3,750,False,False,False,1.0,295.4354366877052;2137.3259791226706;564.1857458574516;,656.69786387154;3196.6636256843626;988.1536143880714;
3,750,False,False,False,1.0,524.4749755917584;972.1685651090205;161.05446039217856;,726.597943591864;1562.6858317815222;925.1258334977621;
3,750,False,False,False,1.0,697.9514741322098;380.52522719482346;1063.3330488844845;,95.52977449393894;1632.2149276117236;1180.115818954629;
3,750,False,False,False,1.0,527.1574148807157;32.90991377166541;264.2972963121652;,643.5888596454749;697.3085818439469;703.1428791656547;
3,750,False,False,False,1.0,357.3501269407326;1721.495156467654;1862.7894757778731;,435.3277348913528;1041.3651464513493;734.179624532351;
3,750,False,False,False,1.0,838.4868718890432;623.1846643955189;841.1542445419394;,1317.3700568345448;547.5042615457912;1843.4924088688672;
3,750,False,False,False,1.0,437.6123299823379;689.5283838365664;1657.2355970911922;,932.3534298785216;589.725672043799;1984.517091241392;
3,750,False,False,False,1.0,759.3595119133697;375.95215979796325;631.1049415122297;,466.6024717711469;1002.0694101876445;230.53518550504452;
3,750,False,False,False,1.0,1656.4682158694845;2545.7876654448655;295.4884971493265;,1846.1410857105677;3141.7623623313216;2016.9645112581613;
3,750,False,False,False,0.6666666666666666,423.31053246583366;9403.360770330943;,40.02892232943017;1232.2881607839038;
3,750,False,False,False,1.0,924.2844118196941;1451.813409739035;484.7773793762258;,1166.578579189327;1450.848741302795;1011.3234450345262;
3,750,False,False,False,0.6666666666666666,683.821038763915;731.4823561959575;,948.9233462403572;578.2420211985711;
3,750,False,False,False,1.0,719.9741958825524;1581.5938964400723;384.0376676466517;,669.4105754516866;2068.989826481454;417.1678480825021;
3,750,False,False,False,1.0,208.20270591734078;2954.5472297292617;30940.025699784972;,202.08199587619106;904.5480474422392;1785.0409698087449;
3,750,False,False,False,1.0,592.5806816209763;1186.3652329977413;168.80206500010607;,963.197798964767;804.294119463103;856.7669870581574;
3,750,False,False,False,1.0,718.2864322875903;284.6040949587177;798.7217823943498;,2254.9255453602477;599.8647110052607;1176.3639863394296;
3,750,False,False,False,0.6666666666666666,367.46825334427314;354.5002960520636;,652.2425577553464;1792.5538425049954;
3,750,False,False,False,0.6666666666666666,23434.230690723492;1422.1415690972324;,516.2738175648154;2031.9037029597887;
3,750,False,False,False,0.6666666666666666,357.0662657516394;3416.848874614737;,898.259217483942;1489.5575654116155;
3,750,False,False,False,1.0,1561.615107129213;1341.639981691422;1444.6694830400038;,1786.0030767956162;686.7843384321549;1623.7753047235417;
3,750,False,False,False,1.0,259.68001640015166;474.8249524040415;345.2598238034782;,391.89354642389736;1147.4120438586183;799.6400292662427;
3,750,False,False,False,1.0,45.30049234626111;233.10398784564325;119.36151513529518;,198.305424791502;372.02744334100277;390.6669699473567;
3,750,False,False,False,0.6666666666666666,1452.4448119730885;1376.1504976736371;,1009.915370962331;766.4665688697484;
3,750,False,False,False,1.0,500.0402813780092;1733.9287103071078;1900.8200628466902;,735.8744132719352;4225.85425047721;1228.234293043236;
3,750,False,False,False,1.0,881.0493511531478;420.5938186137496;966.9391525980848;,427.0553944770599;632.7038694657745;513.642201390798;
3,750,False,False,False,1.0,1944.8572764107885;571.5697686674876;1539.9835106606563;,582.0386078633987;318.23444140624366;736.5212671632188;
3,750,False,False,False,1.0,654.3591522363273;272.86816029946874;4239.645773645583;,1363.0228837078805;295.7660871647614;2048.9700473902963;
3,750,False,False,False,1.0,1367.7333500994266;2581.0809424416875;423.9386032624509;,476.86912652279506;2316.5720687829375;1053.2764912578664;
3,750,False,False,False,0.6666666666666666,19948.580129499118;383.95246153281056;,955.1311821272138;430.52452836017306;
3,750,False,False,False,0.6666666666666666,623.1765277146968;388.2233274583193;,146.95705917494544;789.1257992838334;
3,750,False,False,False,1.0,183.7508012546235;665.306179319528;485.959788845852;,619.0061145385939;1488.6720915656997;1211.3157192770825;
3,750,False,False,False,0.6666666666666666,1815.5731474231234;21192.546037771066;,608.5095660618761;436.5506017440536;
3,750,False,False,False,1.0,371.109098291446;239.99449200307214;1765.0707137985066;,391.56754297921947;1188.9961532053355;1023.5504394058648;
3,750,False,False,False,0.6666666666666666,1753.7497603051393;1597.7878157058633;,758.6490071732546;1577.7457479128175;
3,750,False,False,False,1.0,1115.2196541451174;752.3639581042431;950.2890136531415;,1052.3089333505284;1809.8273429430772;948.3072044167611;
3,750,False,False,False,1.0,402.2448086889469;370.0588767280509;1794.095816376346;,196.47450279304564;370.910223879976;592.2336873081495;
3,750,False,False,False,1.0,483.02100784501437;572.7724342725053;793.331029455301;,296.8509411426844;384.1486007289835;801.4080681961296;
3,750,False,False,False,1.0,906.4281414870763;2124.931256668643;1320.859788556224;,1924.6112544144767;2393.79474167567;555.620128745654;
3,750,False,False,False,1.0,1015.2037931107202;1335.4783829043492;1865.8102962949388;,1307.5775305726384;1490.0300097819234;1178.6785910043589;
3,750,False,False,False,1.0,348.25406919972164;522.4852948472485;706.9694448330222;,359.0190996648072;792.1001962774849;1069.9842716601117;
3,750,False,False,False,1.0,298.0418600584505;1575.2017273187532;198.53177103568441;,330.3744363951188;2903.938483461809;598.6701759587787;
3,750,False,False,False,1.0,971.8483910921556;2648.7226799131936;4152.391633446759;,802.1264497557835;327.93340712543767;1347.6953579404537;
3,750,False,False,False,0.6666666666666666,359.5191333883544;5552.363335649903;,564.9814802643052;965.9633882051078;
3,750,False,False,False,1.0,619.21311046242;807.6646144550456;960.0291406200239;,603.7728635019674;1545.4740194793549;367.5899764933731;
3,750,False,False,False,0.6666666666666666,509.6758364792389;1948.3362794057766;,1553.3001768515712;1494.3418835076955;
3,750,False,False,False,1.0,527.0104271600857;465.7641304980233;1605.2918343368185;,366.88613827702414;211.64949683044108;1672.4698279671802;
3,750,False,False,False,0.6666666666666666,1022.0435376317877;758.9796729104119;,1178.0991935067436;67.23371170750116;
3,750,False,False,False,1.0,533.9324488571231;1154.5787045406735;1790.8995559387083;,318.3155168877149;2302.5145129471225;3114.514561607261;
3,750,False,False,False,1.0,716.5839352635047;667.4725990981101;925.4949154412288;,814.2388614345048;168.88567171358127;1467.7981250042164;
3,750,False,False,False,0.6666666666666666,3068.9389874497087;1052.4452524673786;,1231.206990119979;228.95488484332134;
3,750,False,False,False,1.0,383.48432251402033;392.62032966976034;443.6417423309148;,736.8599021447064;728.9477952163824;348.6047388309578;
3,750,False,False,False,1.0,1036.5178980273404;312.40583965739233;737.3967484981445;,1380.3605788353905;414.6223620707437;883.7680311073601;
3,750,False,False,False,1.0,408.9075976798396;276.56942645061326;1751.850244844149;,558.7746259797577;302.0389421620234;604.0999245175306;
3,750,False,False,False,0.6666666666666666,1553.760642257155;533.5882913403607;,366.475376324998;309.37452012930095;
3,750,False,False,False,1.0,587.1799817717997;143.94443505795792;649.7752316166728;,570.8566916888335;371.32842406506416;1213.8228868405856;
3,750,False,False,False,0.6666666666666666,531.9111891763682;1536.6710585550882;,571.3621004236707;572.0821244666571;
3,750,False,False,False,1.0,407.1748369282234;1247.2166841619503;351.38714568847683;,1128.2089784940367;2191.4139606769604;1077.6484171297998;
3,750,False,False,False,1.0,1261.3119665172967;197.54882321476114;505.70843235042526;,1332.8787283667305;1595.557129788699;77.70190469115128;
3,750,False,False,False,1.0,207.51746178987926;228.59220888361259;434.50980050490887;,361.5127609909436;1259.0807490891434;687.2992843422934;
3,750,False,False,False,1.0,748.709336962399;1109.5052856091022;198.93495892244803;,1215.0527254608621;1150.0293635283729;324.159177333407;
3,750,False,False,False,1.0,645.3215059082981;9104.84289514816;1150.8256177769954;,1251.4704146992983;682.4639457331714;1495.1988613169901;
3,750,False,False,False,1.0,496.94584834948523;243.1372257639091;633.0125788773646;,1915.602204290646;291.56239128093387;965.0825998428769;
3,750,False,False,False,0.6666666666666666,52.12771290230075;269.55118321224217;,176.42641335057334;349.72401014057675;
3,750,False,False,False,1.0,166.78991793688837;531.6702184400842;1781.4806603053705;,465.8870021803981;969.9151376385611;2192.6999560003387;
3,750,False,False,False,0.6666666666666666,749.7856889089729;291.366739566694;,1176.8696063727791;858.223213331126;
3,750,False,False,False,1.0,711.0204722490914;118.16663142390306;551.8457035461055;,980.7812433038573;581.2815347553676;349.02002311321354;
3,750,False,False,False,1.0,524.3147102002806;429.71570499279176;468.502079677539;,2111.758742332862;386.5566447281293;2274.588227340336;
3,750,False,False,False,1.0,885.3610068542848;653.350812177506;914.7680440152109;,565.6318320289064;167.10591788790495;768.611465053959;
3,750,False,False,False,1.0,363.9754787300896;283.94002117934724;421.9264871856294;,373.74787150175194;791.3918466117215;1374.8525335932734;
3,750,False,False,False,1.0,1055.0632081390245;441.8427576256947;248.12871134124396;,416.4547462699126;175.08451916968133;596.2794776252445;
3,750,False,False,False,1.0,411.15809610387;279.92746967250235;1335.9780491795436;,597.8696663737954;1592.0173412537342;1151.800521148907;
3,750,False,False,False,1.0,271.06886135036325;595.3091028678379;303.8233406633938;,427.8221313049832;741.9982613419977;853.6023013773225;
3,750,False,False,False,1.0,499.99960738764423;2068.099271985156;1605.9616369172143;,739.8167506534642;1320.834487735403;791.5621093401177;
3,750,False,False,False,1.0,1009.3408151496736;530.0239089002444;474.97026703872405;,1150.1631929170635;1487.2868333196168;628.0638298719683;
3,750,False,False,False,1.0,153.5077953286177;690.2434479141492;361.747620491123;,449.87177604200895;1555.7135283897846;1454.5944433277084;
3,750,False,False,False,1.0,147.22746039142606;6280.324468976635;2238.6644077239825;,474.65688242333727;1858.6648100599086;1709.5176746261016;
3,750,False,False,False,1.0,54.68765137652068;678.0241196327744;2286.5226438126324;,774.0625096071608;1534.9196923702775;2606.3822537320743;
3,750,False,False,False,1.0,308.81871900257494;440.91224023566457;1096.9313850284377;,607.9560823044637;1189.5261859120953;838.5130033809176;
3,750,False,False,False,1.0,300.3957321414355;622.9205523332428;4150.763681089107;,3395.6296473875987;512.8106316328196;1575.0163179605313;
3,750,False,False,False,1.0,554.8863002991935;202.71540156983124;833.5213914576682;,646.5120806390524;1505.604476566492;1150.6384684386162;
3,750,False,False,False,1.0,1494.887539342036;1892.2068193369164;522.4299529636575;,2082.0538535800174;637.6162690102008;948.537870796986;
3,750,False,False,False,1.0,229.55182631208166;450.0153407060975;668.2066465902145;,83.47306959029197;544.1731576262431;725.7105502697358;
3,750,False,False,False,1.0,451.28861715020133;164.2366736323219;299.49442136498965;,884.2459934527618;2130.3022604385915;279.9666930044666;
3,750,False,False,False,1.0,557.3127377197227;763.1557159938752;577.288114548943;,414.18684014226153;721.5785613272959;1015.7675712891421;
3,750,False,False,False,1.0,62.40933574146442;544.5903657101125;347.8138356703189;,143.29249949583652;664.807898761049;958.3681567957628;
3,750,False,False,False,0.6666666666666666,574.0113102905735;667.7468362030631;,482.7885280984218;1127.3461908634592;
3,750,False,False,False,1.0,728.7777108001607;735.8741246233167;269.2357237839212;,385.1700771537985;1110.7327417012214;945.9088842588438;
3,750,False,False,False,1.0,678.3208938959189;634.8294932060664;627.7439203575068;,1161.954942358027;611.5693366959393;708.2376989100208;
3,750,False,False,False,1.0,929.3491273119938;15537.216047759486;838.9305472265611;,1077.1964807905185;1948.9531756027613;1336.9093023841535;
3,750,False,False,False,1.0,2879.848736501429;612.6305050565833;527.4877956198014;,1897.9492788726532;370.83931468831264;491.68265435366857;
3,750,False,False,False,0.6666666666666666,392.9211555535905;1002.1420990820634;,422.1073946100658;3534.2138817986174;
3,750,False,False,False,1.0,766.6906392678204;550.939208665478;776.3124477239301;,444.8424869686256;163.29804880011818;1834.9986758598031;
3,750,False,False,False,1.0,882.2324821453357;20334.585647625867;248.27328006130804;,1530.995502048024;625.9079929222302;220.21253600023306;
3,750,False,False,False,1.0,256.1229164517461;3189.4128098104184;2894.1315572941367;,297.6585594175525;202.96248440474972;892.2519587290379;
3,750,False,False,False,1.0,667.8370221685217;220.51071702096058;889.611881373005;,588.5573150270563;630.1141311493741;973.8470777244613;
3,750,False,False,False,0.6666666666666666,963.0628335327272;5310.752548077948;,1681.3550803659139;505.87887266740347;
3,750,False,False,False,1.0,468.9203517591855;650.4854809404025;1086.078247909877;,1506.6605318044205;1672.0800183962313;1371.5603519305387;
3,750,False,False,False,1.0,3568.478262659777;628.9633894894525;1004.7375036207322;,3392.8221954151554;465.78150472826144;261.3780185244542;
3,750,False,False,False,1.0,139.41395256643438;248.27127759472774;1411.8289492931797;,131.3244806546811;538.6834702187717;1622.3052417001716;
3,750,False,False,False,1.0,1579.7448214832432;1066.8168918050121;1055.1636938742204;,1401.7674367612058;1439.598589921992;2198.195917784364;
3,750,False,False,False,1.0,1970.2700788979485;1512.0993685350309;322.3846127055096;,2002.1242602184955;1915.3552208567562;431.4190784108366;
3,750,False,False,False,1.0,449.3875640143072;508.7332846410464;1634.910534917457;,314.50918732024746;716.1474110988112;1611.7494603927435;
3,750,False,False,False,1.0,460.609526422713;3546.237767996881;1418.2820840154247;,745.5426484120107;2526.639385890461;707.856978504304;
3,750,False,False,False,1.0,1246.976492162038;300.52982796379894;413.2209388686138;,1918.4151234106512;858.1838709160551;824.5315628292525;
3,750,False,False,False,1.0,529.1682469135488;206.68597862862674;1127.4488800170577;,652.3883822909913;587.946843990055;1360.0953732969992;
3,750,False,False,False,1.0,585.8541753510704;425.2377304913056;1448.3755701006396;,735.6033092137263;880.3094190012623;1484.956234764535;
3,750,False,False,False,0.6666666666666666,1993.5106569596455;1040.5252560007698;,482.8678026002494;274.26493485895287;
3,750,False,False,False,1.0,132.90053744869897;1462.7894159390237;339.18931584115205;,403.7415134135219;2408.199357040123;1508.9742591295776;
3,750,False,False,False,1.0,374.3340194431785;400.28174763664344;3020.1326405712966;,2390.1831891223096;964.7252089350881;3494.2633085527696;
3,750,False,False,False,1.0,1305.9698714032293;245.94107017630483;1350.4564090150989;,1575.5313095639744;144.64197115431506;318.7479945993957;
3,750,False,False,False,1.0,413.56754517713637;937.1107127222856;1099.5900363075068;,656.0267378696317;1458.1440272530429;788.4960880927538;
3,750,False,False,False,1.0,1103.991324032726;435.5182630778621;1424.173585043077;,1473.7153721699156;1185.7522661853209;2381.8077239665417;
3,750,False,False,False,1.0,174.06596415625296;1222.2006348664506;889.731047259354;,1086.181032768234;817.0349954052143;1571.1449769864125;
3,750,False,False,False,1.0,174.92098562824276;1101.876818562623;384.14135702611617;,498.64660254024136;1218.4560399744119;1762.337954950018;
3,750,False,False,False,1.0,724.1626722916171;2077.993654210517;244.66523620962107;,1184.9826008888488;1990.8326041541982;252.27231196563628;
3,750,False,False,False,1.0,190.14738489296943;374.6571593295718;358.98438379350455;,434.4774693592745;305.652392134238;222.16477179582895;
3,750,False,False,False,0.6666666666666666,331.1069846532615;841.1639163509003;,490.8560001744373;789.6177669741309;
3,750,False,False,False,1.0,402.31373670002785;363.6724816204831;408.3015945683709;,557.2456385757288;398.599654179385;1117.4603344190116;
3,750,False,False,False,1.0,1595.7728014573631;508.0531614227089;307.3414182900522;,3051.4342611588177;261.29913430190857;505.5287731048034;
3,750,False,False,False,1.0,205.74053584108933;926.6075970703723;641.0239360507605;,1245.5169060068893;1094.9952362985334;1826.8832979131678;
3,750,False,False,False,1.0,79.21042513829791;805.7447079062409;188.15237611507558;,774.4089709157181;742.7128121569024;333.624793869269;
3,750,False,False,False,1.0,342.420844118503;417.492417730957;361.65104264671885;,690.6652285597706;604.4361089974948;820.4936424202589;
3,750,False,False,False,0.6666666666666666,232.35930757431797;3811.6177411806852;,669.5367019661408;468.827346887244;
3,750,False,False,False,1.0,278.6710850007448;278.12239411809367;798.1607151164856;,654.9561529654826;574.9826476686907;1427.446710559175;
3,750,False,False,False,1.0,354.82452203932723;1424.6404078812798;2235.70942539616;,464.416734576794;2045.4468969656082;1941.6838682329426;
3,750,False,False,False,1.0,540.0499122306359;1221.9395494991363;778.6422596385756;,496.901895819253;1823.713867494927;445.17899332992636;
3,750,False,False,False,1.0,533.9966644505164;663.6594959222705;598.6088700718892;,590.2431774708824;1895.2842538988211;611.0327051714108;
3,750,False,False,False,1.0,525.4723730798066;1173.3758410133767;2292.189718761352;,358.1721911212357;1360.7093058868536;847.1447729872317;
3,750,False,False,False,0.6666666666666666,3044.215316903935;1108.7919253786417;,4144.292288685512;579.8709504855968;
3,750,False,False,False,1.0,4229.744954308913;1025.6771632248629;167.81907784091803;,796.6723989943862;483.537430469071;813.8132886655134;
3,750,False,False,False,1.0,120.02318984171886;1370.183470488509;762.8701960319721;,795.8280090432078;2083.1388483200167;591.237692590002;
3,750,False,False,False,1.0,5172.0377362844365;402.7373848262294;415.50866025062084;,596.845497349224;563.5455033633742;232.61895963501266;
3,750,False,False,False,0.6666666666666666,169.94522224534538;1054.4142831106394;,194.1287906594576;751.3160545174173;
4,750,False,False,False,0.75,475.9665671943973;5117.478596398822;733.7344846556886;,134.35610710160051;843.2762172702259;578.6439252398579;
4,750,False,False,False,1.0,599.9317065191511;1125.7734287357746;1573.9543511068919;684.4955951301378;,1578.991710510466;1376.3347018577267;1393.6099100490062;1497.5845358379327;
4,750,False,False,False,0.75,1345.8378250642647;10445.336851179236;479.56783639164826;,851.7656404484432;833.6829604803945;657.1586630067104;
4,750,False,False,False,1.0,155.16202809501613;598.6805687365706;587.7216016974625;1001.0363327955783;,398.8802860287318;147.27754209579112;308.5524613250533;353.4997830837192;
4,750,False,False,False,0.75,521.5515897756103;6318.428191677143;471.98987060229;,372.41857426348673;1461.4218886757096;722.2383494013528;
4,750,False,False,False,1.0,228.09064638769854;865.0507850189284;240.6646403852982;849.1095470330473;,692.1588805982841;890.1897349281629;1084.350012266545;766.7209791029776;
4,750,False,False,False,0.75,655.4548868646684;2022.4539181772848;521.3411892998602;,3224.8812722351327;849.9830698249208;653.2820963670757;
4,750,False,False,False,0.75,4496.620647649728;864.0935901786361;259.05557584923065;,690.3241866912896;379.94501681969706;365.5470575813869;
4,750,False,False,False,0.75,175.45207403032518;6217.746384231711;234.79083498399737;,246.38295204293584;2965.239404231609;380.48267831190185;
4,750,False,False,False,0.75,1637.1004540757324;373.0146804503568;5971.412129614765;,2256.707217860135;1949.3934411697487;454.43211910540685;
4,750,False,False,False,1.0,284.50153110051383;115.02263453872246;176.13618290725282;453.5067348536058;,288.01025497487325;1882.1752637338345;1537.315720408973;414.8812670929288;
4,750,False,False,False,0.75,588.0858764633615;109.08222959419977;207.60488512345037;,1313.1583629542674;2094.4829222319986;743.7500616015726;
4,750,False,False,False,0.5,3215.3479212065286;739.4805195993239;,1101.866691996978;460.51269478255864;
4,750,False,False,False,0.75,1454.9457664636789;2835.679473054668;538.7143638832356;,877.0257933756814;616.1632528128138;699.5164859552739;
4,750,False,False,False,0.75,349.45940758500984;979.1198083544189;552.3332315202244;,288.9811541830596;855.4751148005008;777.9484519370417;
4,750,False,False,False,0.75,7336.544811453586;410.12869729047907;642.0971552129784;,952.9304333796832;470.75319772274247;1296.6517600897273;
4,750,False,False,False,0.75,433.4722649121441;496.1567459357422;1022.0288504660946;,570.8552614337726;309.6992142138062;676.465180551859;
4,750,False,False,False,0.75,543.1464789388709;45.98357109869417;68.226324259147;,620.8978694631846;818.1676219797575;821.4346823235318;
4,750,False,False,False,0.5,670.4036499631583;560.3952618908927;,964.7673962284279;329.26457719375315;
4,750,False,False,False,0.75,1644.7734946893052;1917.5613894312678;652.131339309176;,180.17026577884724;1747.8017678099454;176.89786312500345;
4,750,False,False,False,1.0,436.05225922340736;1379.6792295834643;316.0240593552066;330.1007108984418;,946.8102469022186;1548.3820282523116;602.5917665468094;1012.4675981428979;
4,750,False,False,False,0.75,5101.185090759252;3030.5517542560374;2136.0453273825474;,1132.5890533846095;864.388590384946;741.1884119939514;
4,750,False,False,False,0.5,623.0276778517109;1894.4373036049415;,645.388156268737;282.0551037537662;
4,750,False,False,False,0.75,2331.2173501244824;1347.777776566829;1771.3876344924665;,1516.694486280256;561.9392425292381;1217.1564353737756;
4,750,False,False,False,0.75,168.95893547822521;3019.4613444207084;92.7745371936687;,579.697937538159;3030.400337442848;580.9548562993027;
4,750,False,False,False,0.75,1687.248912000102;4365.249292412169;26755.60245983711;,2152.9825586808092;1077.8082551694108;1008.0368716062698;
4,750,False,False,False,0.75,126.05597145349842;385.5308700386757;12424.870259430607;,767.8725901227381;453.8352508977885;252.0822127824907;
4,750,False,False,False,0.75,547.4672721398467;5867.900192151157;879.6225575950714;,393.934053969769;2728.477812128969;610.3296014405463;
4,750,False,False,False,0.75,373.16302212008844;2196.1903770936024;745.4476104363417;,373.17091165112345;490.74605105698885;1147.675523059445;
4,750,False,False,False,1.0,358.31711809195474;580.4628849662018;1045.7059480423793;115.97670002820449;,1809.206688308314;291.3864822177094;1146.5601253096647;489.596603103359;
4,750,False,False,False,1.0,319.03550814753214;1002.1039711585959;210.58118890422543;694.4664386168051;,1250.5181453602129;1862.379297868361;1051.471383254866;507.0893065415634;
4,750,False,False,False,0.75,942.4373641530639;201.16444921230521;1293.4394511299183;,1062.7606927451657;329.625114508237;1136.9451189416943;
4,750,False,False,False,0.75,3140.8646284871056;4001.288182745204;2511.6935492100674;,1721.1120363593084;4174.246610030341;1184.094155896466;
4,750,False,False,False,0.75,3211.805275711041;1193.3044789000821;310.15529202966826;,835.350895643218;790.8346278863525;580.9639391350653;
4,750,False,False,False,0.75,323.46003344866347;504.26874149559296;16819.11096538657;,718.6022571905058;614.0238340909087;1049.6153449524631;
4,750,False,False,False,0.75,2376.1933480956104;267.09330800664367;452.16142299761844;,1992.220172068354;1781.7657622367026;1273.1251986748218;
4,750,False,False,False,1.0,676.4028986948874;305.7271399341239;473.4165497597286;470.6084842933799;,437.6611341888596;1608.6305292287586;877.3985761482244;1757.4458626041046;
4,750,False,False,False,0.75,1959.0220138247394;1779.7943171393295;8285.319068032006;,1364.9198789017848;275.7641736848198;1983.4682044082172;
4,750,False,False,False,1.0,7185.673129040547;539.6084413137212;2165.534147500519;4449.140766529623;,476.25036430717984;980.6294168668928;502.7065153145689;1986.50436037757;
4,750,False,False,False,0.75,972.1156247911572;8867.106219213585;3858.2122153567093;,709.5767639419635;683.3550523399514;1837.5323606619186;
4,750,False,False,False,1.0,400.96082056485653;126.0049020528327;265.4548583712147;600.8307866829895;,1115.559223811781;1074.4301110899921;629.520431863919;432.953692939747;
4,750,False,False,False,0.75,493.3014509259302;3223.67494768678;388.50099470842514;,359.0960250666483;836.9866580266984;382.3011137777731;
4,750,False,False,False,0.75,2300.1305531177472;307.7347478160553;1279.0796114220166;,2422.24150864209;1473.8689652586868;142.71626046838563;
4,750,False,False,False,0.75,1807.9420883872654;361.9300227563092;112.75745477842935;,2682.07124561637;529.2331392762585;291.6738221707357;
4,750,False,False,False,0.75,338.83385477924605;1267.0139355437873;192.22345656750045;,356.55235881082314;1125.5642651323326;735.5951987613353;
4,750,False,False,False,1.0,236.87460353239555;514.0374165829402;701.873024797958;597.494548990008;,626.1113913355485;462.3809576970426;578.267297263344;644.2130743574717;
4,750,False,False,False,0.75,447.036802846651;1737.8766137613586;545.7313757801774;,223.62287604312178;382.8167441097457;1082.8569439678743;
4,750,False,False,False,0.75,328.16756007382276;621.1454457937891;1767.1765927179256;,747.795851402007;405.01035420220984;511.71912901022074;
4,750,False,False,False,0.75,909.4491039274468;714.8643512066857;4022.2256442109797;,135.52333645045618;1088.0229528423074;1744.227495000666;
4,750,False,False,False,1.0,304.90119491245207;2023.700706423907;125.8533883744027;1022.4097493921163;,246.4473468654928;1665.1138908642;244.91306761436596;353.8488036179651;
4,750,False,False,False,0.75,887.9201468470311;151.0760691589836;23415.501283607515;,1620.029109685888;709.6072810126976;2194.625761094554;
4,750,False,False,False,1.0,520.0585033637082;2724.0272368261376;420.5399869271389;448.0903506327799;,708.6789076139806;2614.858560267526;910.6647173896071;1266.217793337576;
4,750,False,False,False,0.75,182.06072180772938;4379.23773813688;3072.9975017878564;,658.3938927054223;1964.3599173782402;403.9663139514069;
4,750,False,False,False,0.75,892.0946943958536;3632.8895026309533;1220.97258321881;,850.7072008294061;502.12786591620534;164.1198155603035;
4,750,False,False,False,0.5,2193.8369317416436;754.8438891820924;,3444.0266256189634;682.9239372318913;
4,750,False,False,False,1.0,543.8652178230951;605.9305311503889;341.6569708816774;382.08076563984787;,2715.0119307166397;699.062535319831;1205.7303151795056;772.7571812275311;
4,750,False,False,False,0.75,624.5004462834729;1229.7634926763265;492.38327218708724;,75.68996278720792;753.9221170820003;1071.8749562879689;
4,750,False,False,False,0.75,632.1121444147359;2600.436644901187;1250.044342065683;,701.648872371492;651.5539083339528;780.4529096445679;
4,750,False,False,False,0.75,5589.166212962272;879.114459028027;365.6231532413418;,1703.624354311174;785.2640275021995;678.7825216346818;
4,750,False,False,False,0.75,1000.2686821738524;3269.835290401913;330.7371800964895;,588.8485111384083;2147.424563857911;109.887070617855;
4,750,False,False,False,0.75,149.56903307571696;3162.1046808660876;1975.3638187814734;,211.955311770811;2605.4939475290394;2990.132706652883;
4,750,False,False,False,0.5,1596.5162344031164;1688.6690388477955;,1085.0065222211463;262.62481833873665;
4,750,False,False,False,0.5,798.8899067019571;1635.588109416129;,659.9432967187796;838.6753296959231;
4,750,False,False,False,0.75,2478.7701983078264;216.96659858837907;666.7483393153939;,564.5262836371655;362.11293333468814;483.5349341805068;
4,750,False,False,False,0.75,616.2401685638737;262.64237016807186;564.100342764732;,688.0872167436394;419.66511546550146;1230.4791022655368;
4,750,False,False,False,0.75,1230.9824710822058;2742.3844837627494;4970.9716716292105;,1290.5229944629175;379.9384896134351;828.8541013120548;
4,750,False,False,False,0.75,1348.7276314197538;367.76702183301353;2854.6450838218466;,1290.039435484639;1029.75354034884;680.0600465383867;
4,750,False,False,False,0.75,13239.2155314934;820.3695057696816;1924.8896259713622;,1445.8122291376005;1970.5907974919264;2594.741661476401;
4,750,False,False,False,0.5,473.0214591197963;733.3004751753364;,682.6046302874811;613.9703263107457;
4,750,False,False,False,1.0,430.7259024213305;2426.2378296672837;2722.1061660327296;637.8868263535923;,290.2810317315063;2822.309590749783;1737.5451886652702;686.6415111716848;
4,750,False,False,False,0.75,3912.782067443944;145.21652718817418;1260.8592307426154;,492.95976378622055;165.90005249704046;512.6513855820236;
4,750,False,False,False,1.0,613.4182093675786;2279.330538494201;1186.2892005844076;1267.1815288793296;,2115.640630487825;1180.1643625645565;632.138216326815;1558.9790535120478;
4,750,False,False,False,1.0,478.8031580761001;104.48045245772931;977.3786579812896;4898.99396072765;,407.84178847074475;589.5496947980466;872.6945458550156;986.1092297725957;
4,750,False,False,False,1.0,990.0569094224783;336.7269050751727;804.7901367682721;1258.6144880085455;,744.9860267661392;2006.7949417214734;1326.5990018220402;1203.000730710452;
4,750,False,False,False,1.0,1249.9083715093475;591.6112410259904;2204.2932091793114;86.07818647163182;,2398.9999061592835;622.3211068777857;1778.9140629717517;775.481033910249;
4,750,False,False,False,0.75,5957.172109783963;12.522918798315086;1144.049386025766;,1168.6962343937614;772.5552154000796;780.6105840629245;
4,750,False,False,False,1.0,169.7686764163302;1380.0840610401444;297.25542668346793;819.1583740320739;,435.6430067739846;351.5226427568642;698.7282838530052;1019.0451674980139;
4,750,False,False,False,0.75,711.451515652147;3586.0995122516692;555.3762481859648;,147.06557913578374;501.91071333775375;1007.7238558592582;
4,750,False,False,False,0.75,618.1802663575052;229.8845117727689;574.5913197725166;,948.2412125536268;805.3337852450787;2283.8020461830465;
4,750,False,False,False,0.5,2004.6359061327585;1303.0480802911948;,1157.9339738620915;1363.5548641328312;
4,750,False,False,False,1.0,324.0119331080604;1103.1905680315265;2047.0906944363703;862.8263461880146;,343.75385735139446;993.1353811310116;1844.7019473104565;1105.61597902144;
4,750,False,False,False,1.0,2789.924044384556;441.9360384677675;701.3008348431404;1342.08786737775;,606.604594048106;942.4403909062414;1939.4197097543522;1372.8283122365974;
4,750,False,False,False,0.75,273.818122608594;9056.584551902297;1841.5836449072415;,990.9545251266377;1011.5526853930024;1829.7243445005372;
4,750,False,False,False,0.75,2376.953725917662;451.79607596348944;603.3527176088438;,555.7142677982209;490.05958538148667;366.71793813357664;
4,750,False,False,False,0.75,194.25319108138308;679.2212510674135;662.9084906587522;,550.6179663391406;683.2907098662423;805.9393990803617;
4,750,False,False,False,1.0,954.876600902628;4437.599776003071;2510.900266851156;19436.795308027133;,393.73216851004474;1060.5139352635447;595.0024533925595;1122.860452466271;
4,750,False,False,False,0.75,284.17217182242433;18066.329931690034;432.2149838280481;,375.83030355855203;871.2761521348282;896.2709353036408;
4,750,False,False,False,1.0,1102.2466425833195;3922.6623810621927;610.1191685351572;1639.578623416948;,585.5959437217972;1118.2185244829875;974.8000516920526;2409.8927852261827;
4,750,False,False,False,0.75,507.67292505267994;2082.3503705590615;308.27936219295935;,290.38971014342354;1456.152409557053;1017.1378435294694;
4,750,False,False,False,1.0,1239.0137286546267;479.1769161094832;1160.8316366330416;1628.169609817484;,1509.1860125826731;1646.3158773125276;1608.5159074396768;1778.6874553018386;
4,750,False,False,False,0.75,424.59866767267056;688.3652773564539;1052.6410579629694;,967.4109673949137;746.2928857182592;1519.7588112761946;
4,750,False,False,False,0.75,650.1369544192639;999.0835154203953;13108.035022141861;,968.8888122865409;1224.6334593126446;529.0104231029803;
4,750,False,False,False,0.75,498.50629755708593;5049.432539034641;552.683471514562;,374.3849026409969;2155.159125617813;715.1538324545141;
4,750,False,False,False,0.75,729.211998046392;786.3164674662602;257.47383552767576;,2375.8558586073377;1691.5903762129014;602.8657379774112;
4,750,False,False,False,0.75,1221.1229985221294;1304.0773489447743;1322.3581704421065;,2201.862582414518;699.681141663263;175.82063556020196;
4,750,False,False,False,1.0,540.4922957595164;711.8332961503154;3562.401569064808;1338.1175298518676;,888.447488615289;1785.2912964142322;2196.883724137174;1758.8124059879378;
4,750,False,False,False,1.0,43.63009364073796;2306.55282587536;2590.2279561421406;24936.968296914063;,722.8575310599746;289.38318494911465;2518.044646621374;1076.3020757098977;
4,750,False,False,False,0.75,285.874947847016;352.01439908363335;1144.9557377360527;,74.8111999739336;593.6186217664588;1051.994251597455;
4,750,False,False,False,1.0,491.7689468427277;619.2278912435598;955.5465137702001;966.9538626630805;,835.2724654911536;971.7580056993331;1289.3930060985842;1521.4381711688766;
4,750,False,False,False,0.75,1724.6216330942918;146.3876707513348;2826.2960482463322;,363.753486369254;170.392120700297;2156.762642727791;
4,750,False,False,False,0.5,1182.4209014124274;1494.7959374125164;,514.1525830091119;1102.6080808129857;
4,750,False,False,False,0.75,1221.3857310513154;4283.372002536196;194.32740692889817;,994.5261293153244;2137.149403806127;825.5214843598744;
4,750,False,False,False,0.5,1946.6251158166963;2301.7708765302395;,279.74267379337897;1618.4662747661691;
4,750,False,False,False,0.5,373.68442712108293;878.7629921433721;,1257.074384384989;1139.4451663984541;
4,750,False,False,False,1.0,2089.936585768607;1724.7730716698209;212.2832281906526;676.461754127873;,2426.343525234467;1697.32841723464;497.4825380353803;437.5539754618512;
4,750,False,False,False,0.75,452.3897247176505;715.8681904079235;5442.885648047315;,705.0410386087253;1670.4738452907027;1262.7001041112067;
4,750,False,False,False,0.75,770.0347591657792;420.45841729032145;978.4011020678635;,134.67775054659558;1185.4819366133179;878.8196167531879;
4,750,False,False,False,1.0,181.98554391098943;181.11116537499836;160.55580289960992;1236.874979142948;,300.99268563868196;462.6215906039575;274.5871076427564;770.1461120906393;
4,750,False,False,False,1.0,27093.21407787086;136.28930443792572;157.66363162424716;1276.9186733227198;,307.7851646604945;695.1045905415784;195.84142622449136;200.67192246053256;
4,750,False,False,False,0.75,378.6635631354237;2990.196695401411;709.4717546332124;,983.87415390981;2576.171880931984;1329.9150790586104;
4,750,False,False,False,0.5,811.5913223786077;851.0945077360401;,501.3118038517451;191.71191922109534;
4,750,False,False,False,0.75,495.89816795216734;1509.1823481111937;1228.513793127737;,677.9300526960545;1733.309092867965;578.6867739129078;
4,750,False,False,False,0.75,574.3437661738342;1150.4237674275248;1410.5499437352364;,765.0608193403475;1977.8350478866676;1095.2152072089527;
4,750,False,False,False,1.0,519.7066567254101;931.206770339003;271.2885135801228;72.10933884530343;,1778.1455998137412;620.2765317189338;1930.9274517057772;1635.21621249652;
4,750,False,False,False,1.0,547.1753716072898;799.2368716322518;1482.6205646926137;41.22910475147768;,613.2131404182469;366.92362913464336;2431.9165248804443;41.22705399198985;
4,750,False,False,False,0.75,3883.381434348329;1435.0285154886003;648.4794449646437;,1053.2658411823056;958.6628732008363;266.64835286211473;
4,750,False,False,False,0.75,905.4223808571231;1036.094408128534;893.906204214005;,1399.5813257240427;1060.2293152688019;709.55409000669;
4,750,False,False,False,0.75,309.16818434858146;1608.6987680595048;1066.0046056882902;,415.5762930184929;2785.0894702640844;1430.70691781079;
4,750,False,False,False,1.0,489.91660766467544;259.7090933727286;679.4100375556179;4482.560494127199;,87.31894167847096;301.3413931769265;327.674400754895;1236.462737356857;
4,750,False,False,False,0.75,1310.3876444467974;1881.848798696478;3345.1008637721716;,1357.085723835682;1498.6331086537061;343.0478305974343;
4,750,False,False,False,0.75,922.5142713799535;1804.5130549560085;597.4804141801148;,694.0171403714972;1562.231495825062;297.6689158855292;
4,750,False,False,False,1.0,219.66979649365967;420.925326214476;1859.9146935235544;3456.25662751912;,465.76426604511437;660.1714931558082;874.5843547957351;1490.34608510332;
4,750,False,False,False,0.75,2446.3760486766155;459.8656216146108;3231.5274152363377;,838.4081379849116;1553.115115915097;852.4237937002874;
4,750,False,False,False,1.0,444.5609177184013;225.79453792748302;872.7944160287468;531.8216523983499;,835.3225530730426;368.54235577187046;831.6908442598587;1670.3506236068724;
4,750,False,False,False,1.0,766.5200959455534;4097.399883435584;281.283643886179;2133.292050540741;,1234.1803494068;2243.521488125667;694.9115637556059;4279.598348740396;
4,750,False,False,False,1.0,112.6724623111017;1245.7155981602566;340.1046139895071;848.9372241261324;,1021.0540066890733;1349.7356634849193;269.3762857102057;1324.5589479272037;
4,750,False,False,False,0.75,1743.3812197649243;1730.1488096866674;2312.048013166695;,238.8160642957413;2091.6301952510626;1843.586802815397;
4,750,False,False,False,1.0,382.9820110106873;94.48552113824921;268.5111880222284;106.9057613614542;,183.09853689966252;428.3416553006351;229.82071047520006;362.01290766161344;
4,750,False,False,False,1.0,858.6273112807166;704.1975646676162;899.8431237271285;1107.8717344342258;,1093.0252306698956;958.8856729499514;102.12060370143352;1399.8143216740043;
4,750,False,False,False,1.0,505.6491914650111;500.6805621353385;277.8094106311656;1779.3894043557127;,651.5998509395623;807.6494678164197;326.810969695558;1020.1577815610868;
4,750,False,False,False,0.75,371.3018668444132;808.6156859606575;6185.633341668525;,692.1397415350291;1060.0405130245208;950.9686126232684;
4,750,False,False,False,0.75,611.1057319838983;359.81247171856774;426.2182050931131;,485.9643949165345;964.286336007519;599.1485167718536;
4,750,False,False,False,0.5,3833.101877394473;215.80741288933882;,503.605260961369;879.9364416773423;
4,750,False,False,False,0.75,305.28212974156025;6376.1339163617695;569.0627371645182;,1742.8183956453424;558.7894092740577;879.7999012199339;
4,750,False,False,False,1.0,450.07564687124045;742.3366387422445;770.3876727269736;1194.8148124331517;,870.5502891155134;819.3948124118706;1388.7469204699248;487.91300064209605;
4,750,False,False,False,0.75,143.63070066198497;246.51235248837924;4411.97801720057;,1005.3623214114149;656.7214781721688;477.31383878066237;
4,750,False,False,False,0.75,970.57836732765;765.5460077985383;1075.1900874020275;,571.8097758404369;1211.4446661194972;1204.2610749553128;
4,750,False,False,False,0.75,265.01023797153914;1256.0012934486613;1286.8604314387019;,313.5631703518353;1342.6702314188858;148.67798676981897;
4,750,False,False,False,1.0,832.1978071464458;137.61786270329017;337.87677977017603;109.56815590935724;,1029.048698764991;1677.180936626256;390.3703252395187;1083.1766911320435;
4,750,False,False,False,0.5,886.6871587342997;882.5637623489266;,582.608697955999;269.9647742381137;
4,750,False,False,False,0.75,50.22490121925742;2147.9671537164704;1542.1896984280745;,539.1360013578847;1133.3766861498968;1329.9276115207347;
4,750,False,False,False,0.75,1486.5450055269998;1640.1553976718562;3064.776450293024;,1367.5579976181484;1751.4106815981115;745.7295964192651;
4,750,False,False,False,1.0,1285.7961213368492;1366.388157239607;1067.2362413522812;332.15717072614456;,721.5229518392327;439.6353480519666;988.8424068329709;593.8111035687728;
4,750,False,False,False,0.75,2458.4979345850197;384.91514366603445;644.6204251270018;,1092.948505581871;808.7666440415655;980.3721698431419;
4,750,False,False,False,0.75,105.0149143845563;7343.055517785349;218.7909166908017;,399.01467401641924;455.5694662915613;215.8164609980735;
4,750,False,False,False,1.0,266.2019624260578;595.1587193231233;326.5098211097209;198.65223924589455;,1762.630199693616;634.2980608234922;696.2540784546187;617.732982988202;
4,750,False,False,False,1.0,292.7353874791782;714.4931715528705;763.6092620644721;573.0621460543423;,324.29377722606995;890.5755549130708;1411.982815313016;344.21636806452074;
4,750,False,False,False,1.0,574.0227030477225;589.6788924086127;1245.1046130149525;479.31449422719265;,824.5986445163263;787.1951218781411;1111.9104467865739;1298.8504263446143;
4,750,False,False,False,0.5,3268.774723484681;1054.114367134769;,922.185688963977;1732.4542781302453;
4,750,False,False,False,0.5,6.377245973615732;12019.11989482509;,819.6109777331598;1425.23720620541;
5,750,False,False,False,0.8,572.7535847293904;530.7071570031774;16044.514351208632;2651.208526977229;,684.0095771204064;272.1827649688129;429.26183596893674;762.2413034386162;
5,750,False,False,False,0.4,1712.9881874448374;2027.220319949787;,244.36226589581287;2977.9084755094646;
5,750,False,False,False,0.6,664.7909135702192;1886.8287899098832;14336.818212729022;,402.84401257352283;1323.1815927638004;672.6706269123673;
5,750,False,False,False,0.6,577.7561632595375;359.73543123938043;948.8103144530937;,1541.0739569650923;558.1571574439826;1258.6332856916206;
5,750,False,False,False,0.6,367.1002218480374;2822.0453159482195;2404.4808595415057;,360.52812797673187;783.0755689055785;1760.810254130142;
5,750,False,False,False,0.8,764.6237184951522;510.422708407579;1151.289408875389;2546.3679915401785;,430.961370065028;245.4802521917308;1119.7113175097077;1417.9945232956147;
5,750,False,False,False,0.6,1042.8596173604237;2911.530805400465;798.9124870707825;,840.3339809867608;512.3622539159361;1639.1072904547332;
5,750,False,False,False,0.8,1827.3398440802719;1499.454032291332;265.6391397294739;762.6564514390433;,1513.874820692792;249.5376348317568;372.1556674787382;939.4346047290992;
5,750,False,False,False,0.6,401.4221515786312;4969.361054334285;898.6100884697589;,372.6208651540259;830.5292273757115;1076.0459836122802;
5,750,False,False,False,0.8,3952.6409125657756;1340.6800684454206;1228.8421926957194;1291.7309455505083;,2389.9437414862205;597.5707354225506;400.6704186024056;496.88195020588904;
5,750,False,False,False,0.6,4466.416927876164;2888.307342070363;297.90488626426725;,1311.232224376871;1055.8754334323003;1874.2879956484237;
5,750,False,False,False,0.6,179.76436684191364;1436.375228973703;453.5076018446574;,180.9931827594355;1968.8427607510723;706.5312668997859;
5,750,False,False,False,0.4,8602.691828293693;611.5176722518889;,488.35149379553667;1458.453070917576;
5,750,False,False,False,0.8,514.3833319931069;1024.2112342805706;1074.266169159473;1036.1305371550748;,488.79595118679606;126.44115913680056;2187.538167620232;1029.6304487945574;
5,750,False,False,False,0.8,695.7886245175459;1034.2009674958836;1107.0178042463533;368.4733576223441;,1490.508523654441;1349.6254692802372;1978.0997550244567;727.6682420836911;
5,750,False,False,False,0.6,2402.821509400827;5162.428983118249;274.76721034370183;,757.7420894899408;1079.3714466023855;475.4812943485961;
5,750,False,False,False,0.8,4852.37601686003;363.9385505551538;5329.642625130405;3260.243264941475;,2007.875291313151;305.7450147413434;933.675886417765;3413.1598550365325;
5,750,False,False,False,0.8,1125.0798279765406;419.05436663754807;239.69391734006612;681.4475277220109;,427.7759023284324;352.07865729045363;800.1313388503593;1022.0385120291276;
5,750,False,False,False,0.6,445.8883774880093;6461.366594977208;945.0723669799769;,945.0973184102265;774.2281895414525;1779.231790689571;
5,750,False,False,False,0.6,6752.055363334533;582.8306293255503;1518.8684291607622;,1346.0460957200696;797.50977877014;350.1729400164852;
5,750,False,False,False,0.8,87.34770424142671;4559.261828734618;506.0455526141309;4790.436577677776;,426.8202132715842;2052.7947387966187;883.6353729393145;296.99257941710414;
5,750,False,False,False,0.8,423.65238720076036;4279.012626953738;137.7651630421149;1058.63019095538;,885.3794850446391;1578.8945215563076;1975.269579167685;1555.9512521052918;
5,750,False,False,False,0.6,10077.913371698049;2568.9331164676883;9699.305258172219;,1075.7542078004453;1725.4595304510628;1363.8403858599108;
5,750,False,False,False,0.8,1374.7278023509896;372.4724643208504;1609.7167321350282;1220.7592396979774;,1079.261969150346;727.1001740618746;282.25488653944564;1334.3489017480651;
5,750,False,False,False,0.6,633.3206545328636;1194.6207384734294;10043.048758422356;,1078.204711588398;660.9111190734903;2282.4695599745746;
5,750,False,False,False,0.6,12703.566102363684;299.4358827863316;2457.447633649639;,1738.7504280351138;680.9011010623409;944.4584040779149;
5,750,False,False,False,0.6,1449.3531140591913;2361.750637891105;666.2900322411808;,1140.2567402845093;1004.2320992849708;217.33348666963772;
5,750,False,False,False,0.6,567.9370550324445;881.2978169030905;2183.390230761242;,708.0261696956511;1051.3953024937873;1677.597405841377;
5,750,False,False,False,0.8,804.4245247083078;391.79524206551986;2537.6702579083158;8290.212547273873;,726.9524069612853;538.0759884244133;102.78426179419955;892.4016864340249;
5,750,False,False,False,0.6,2530.9748688397344;3515.0066057142717;168.7663196638716;,2847.906475645287;2188.6411647573905;1087.8416125263532;
5,750,False,False,False,0.6,2063.7353799345165;1079.0350473502733;1241.8764122263435;,791.4853943121216;776.9868868259035;433.44727330399695;
5,750,False,False,False,0.8,282.02001310313324;512.8949363786265;515.8154665798049;4718.026755329953;,994.5717859901308;1886.9715597315167;264.59237319137696;1590.1437169735834;
5,750,False,False,False,0.8,463.6092160287536;13117.310616608172;410.7163518901066;1409.21691907931;,339.6403705543864;1488.7527539211058;293.0810085678241;1406.8796731869488;
5,750,False,False,False,0.8,1322.9158574304613;838.4028487881076;654.7516205119679;1492.4041124651048;,1658.9900253703688;946.7902058653995;2083.920439818225;759.3264709182432;
5,750,False,False,False,0.8,20815.686892908747;1120.0389220118236;12466.958937331832;1727.9753122692468;,1149.9543995965175;1960.57444296402;661.6111394896665;754.477805737424;
5,750,False,False,False,0.8,230.86432839461307;575.2160458308704;324.4489322624492;647.047560506229;,707.1497495531984;421.2814168708643;917.7643286258005;2989.3932449696376;
5,750,False,False,False,0.8,2090.9014603005276;100.65402050881823;2252.3750283313534;10380.136202094647;,1914.9559960880663;808.932761277137;532.398664151059;352.73979976223546;
5,750,False,False,False,0.6,1536.2664967957664;550.68897773998;508.4638073639439;,301.09928592841226;2497.5262444482323;693.9192406649563;
5,750,False,False,False,0.8,443.6253158865178;1238.059766462603;984.7526405495988;2672.184855636222;,1112.5310665514182;1279.7221496287575;1956.6490650765597;451.0473657527337;
5,750,False,False,False,0.6,1152.885910978162;762.0544731164119;3706.3564657665306;,541.1670504676414;1306.9002293792532;1194.430567046555;
5,750,False,False,False,0.6,696.8334375697856;6170.592505194036;127.17670003188493;,252.53944927410433;1467.6427184969589;599.145955625634;
5,750,False,False,False,0.6,930.5306329525906;1891.3709269893632;770.5389385764223;,397.62786969716865;643.0524336033841;516.6108021668293;
5,750,False,False,False,0.6,710.5517696776349;6037.281254763577;3114.5716445411977;,720.2733327510216;287.86826288032375;314.1371079420511;
5,750,False,False,False,0.4,2816.708550306247;417.2860889992895;,1421.3115177617406;651.3659051509736;
5,750,False,False,False,0.4,981.3844151586399;1217.384619696697;,436.8941859793948;2130.372635034366;
5,750,False,False,False,0.6,4260.7842343599195;515.2464597751218;152.84947126013583;,856.4443060311361;1484.6458955937305;1231.4080289405806;
5,750,False,False,False,0.8,325.65985541333583;69.02721851143836;2714.1065950124694;109.77929929685679;,764.4734171340971;900.8687048257224;739.4873900041159;532.152948248159;
5,750,False,False,False,0.6,903.7525438956952;1185.5967475206198;460.1242872828219;,937.4821324454516;1484.902112494344;672.9809606179402;
5,750,False,False,False,0.8,407.53804213621765;665.4812817672406;1183.9340372014294;3089.551847157576;,612.9131638087856;905.5791789210865;1265.5170452624056;922.9671585790735;
5,750,False,False,False,0.6,2731.8392169062035;2448.447036901384;1175.5940363496172;,2013.7580455175078;276.0803611731319;1517.3056515473734;
5,750,False,False,False,0.6,544.6316137803619;392.5891093750727;66.27990315744346;,2029.2450172557542;453.571854344125;2003.148674661216;
5,750,False,False,False,0.8,462.40548321589745;1879.0266924896368;2391.119797041518;1678.516134259196;,745.7239822857322;1657.5829786710217;1187.6540821751403;1656.234736181127;
5,750,False,False,False,0.8,1083.7450771513168;8905.152303701083;2010.0628386500314;2857.820995960321;,1849.9685476306283;1210.9973192635143;1182.5368339152553;2799.1888444958586;
5,750,False,False,False,0.6,1646.4233756630595;1383.8573382197887;256.5475017782848;,1317.4398982219634;1202.7982292909846;931.7243206784591;
5,750,False,False,False,0.8,358.28813164193906;1148.2208225306254;4207.939212573452;1124.5663466207425;,1285.799603751701;1368.8663648289698;501.24764202770973;1016.8933097444055;
5,750,False,False,False,0.8,643.274808429615;620.9208035328935;1611.5833213515032;246.87990698307135;,205.7371832184445;121.5896416869067;1859.106975539047;410.64079213733413;
5,750,False,False,False,0.8,503.70103611389266;415.52026418613883;678.6552696667059;2178.905152141765;,847.4056554509499;361.4870568240414;1376.1344481224844;2238.759006820257;
5,750,False,False,False,0.8,612.4124462628155;1451.0295124362533;1848.4079677452853;4088.2741903745377;,2848.1721147536045;1298.945756337841;1669.7687795824697;456.5828564533425;
5,750,False,False,False,0.8,1319.5108462614587;752.634940421986;445.8912291956173;26868.085388586613;,331.3237105156557;901.1481720504507;240.96687947217697;1066.701145972123;
5,750,False,False,False,0.4,454.3183100600069;2244.319324373496;,781.8697974028407;962.7434490627295;
5,750,False,False,False,0.4,743.7638760209812;459.566854498116;,1259.1864711053693;1100.0785116399434;
5,750,False,False,False,0.6,368.9034133481216;951.3946652484036;2016.4361250665663;,218.8739574616955;749.4694832759074;1486.1988250733295;
5,750,False,False,False,0.6,4604.9751364995545;113.27351569540876;2108.1686712909996;,1956.9104487633456;263.76241561095844;1965.2770844525908;
5,750,False,False,False,0.6,2272.2631341818656;2452.0452861251574;770.8339366245136;,722.7223239326755;654.3814475603356;285.97417538906046;
5,750,False,False,False,0.8,602.2414781177084;405.73811829974693;241.9296825500355;1080.1196671744835;,471.5898222726226;286.70731231409684;359.7834853743435;2947.401196909844;
5,750,False,False,False,0.8,673.8067876540342;1544.3381641325675;906.7928645441435;887.777953671068;,1047.487926365431;263.03047972885844;1155.3614895525297;899.3201266087517;
5,750,False,False,False,0.8,1200.9096660031935;848.3182155466308;435.9989800149844;10450.500973665465;,274.1324623707613;393.1100739058129;519.1160395368635;71.25216337067044;
5,750,False,False,False,0.8,1123.2903776624526;2157.183336668753;2730.7285898305913;1375.4086558402794;,1058.1991863174376;272.548033018989;491.01247029919676;2473.0862825459776;
5,750,False,False,False,0.8,1197.122362200337;4196.878319083623;865.2923567032917;18011.517636804856;,2029.8858491591964;1606.3734337729973;1660.424409897202;1188.004698306201;
5,750,False,False,False,0.8,269.8428347754255;1007.7870611605395;165.00107302606935;823.6117154884903;,1309.0546213812322;393.49844264380994;2392.595885086022;777.3943740510921;
5,750,False,False,False,0.6,350.7482340127017;372.2630187827522;4557.414341287521;,1546.623311979087;221.49409336058324;401.6525460062453;
5,750,False,False,False,0.8,430.1965163207348;2550.0259835141514;12407.315958555866;1866.212890555738;,505.3418651247304;1065.0150856236835;1301.4363547530745;3286.179123952686;
5,750,False,False,False,0.6,825.4061724797823;848.6986239296892;1864.6101855212003;,751.6697947304261;1032.6576099682263;573.6726146775776;
5,750,False,False,False,0.6,4094.769115340384;845.80024175865;1509.7991942967349;,1348.6546267175247;1067.7224821036143;517.1246181449642;
5,750,False,False,False,0.6,1940.5032590645621;146.90033646938386;1333.915887266395;,1260.513798152847;334.6434539308492;2219.028487771588;
5,750,False,False,False,0.8,291.1756059242917;9809.82965357922;326.6633072458934;545.0328615574084;,394.20869636948566;814.7641216490938;1041.4881661708646;311.8849406353654;
5,750,False,False,False,0.6,1426.6764577635888;2486.3291726535876;1589.5232064433221;,1614.1633120394738;486.90803348995604;1342.092561393022;
5,750,False,False,False,0.8,707.2721667899797;876.2109562244494;4006.9926252368455;1081.0538196398904;,1383.5235666549754;662.0137832935048;873.2220389707343;831.2763842379176;
5,750,False,False,False,0.6,2188.7966560822947;767.4691568928437;3299.685149629432;,1013.9824456688955;898.3497918719045;862.714077245557;
5,750,False,False,False,0.8,521.548934452096;197.55720100602161;5237.853416878986;699.3675104398495;,405.18989404924383;469.22101242017834;665.9925729450733;270.282905554632;
5,750,False,False,False,0.6,2329.9335306615053;1194.9325664469072;779.9112925475506;,330.394526361989;758.3299430381219;671.9389255937541;
5,750,False,False,False,0.6,2203.5140850923985;1299.3267324487297;204.16257190275482;,1627.8413300663447;878.0283802082859;959.5888473121693;
5,750,False,False,False,0.6,265.7782066969617;750.6513012790566;5100.02746020578;,668.3731524328366;1005.3878757919185;573.9107536174506;
5,750,False,False,False,0.6,1607.0474239411033;632.56785075173;5171.48558557866;,1342.8450454924448;676.9333337188106;1371.3979749421658;
5,750,False,False,False,0.6,477.1590895424323;6765.811695625759;1065.1495663179846;,159.76518470325968;826.8818711936693;301.487546272342;
5,750,False,False,False,0.8,677.5805991252107;914.8340287200742;261.8350561294511;12172.981265458484;,373.8465846897727;737.308928299133;52.88433920515611;2400.0697071941763;
5,750,False,False,False,0.6,993.9283467793277;1843.425232355887;2020.4381225075053;,688.0569716198469;268.9488264036972;3013.63176550311;
5,750,False,False,False,0.6,423.4090042426143;1007.5342169542714;10733.130639589835;,389.8922191049618;982.2138272756869;1168.3077025131915;
5,750,False,False,False,0.6,342.1783803922397;873.999169868789;872.6965949770379;,665.8879018027724;301.46937782177935;779.4074435603333;
5,750,False,False,False,0.6,1547.249992888217;1345.5822610136806;2624.109389852739;,1724.028998822179;797.0459510250728;1290.231738723779;
5,750,False,False,False,0.4,3140.162829373343;1667.16531476209;,572.3599361144296;2535.314658947635;
5,750,False,False,False,0.8,125.11176122739549;427.06263779854197;761.2428774047052;267.2760369146641;,500.3407942846576;1470.811777818432;1432.1068947172225;1745.5797982710092;
5,750,False,False,False,0.6,474.2889927735626;836.2233544154134;20821.129924881832;,702.8616841693434;939.313136039767;591.1036760240296;
5,750,False,False,False,0.8,803.2085391971063;564.8744748989826;1717.953158413265;2664.747589149417;,996.7533676110504;973.1054747655386;612.9372665070131;2116.8228715446853;
5,750,False,False,False,0.8,499.27192850796627;3389.2207127471897;1660.3869426079584;795.4331468535395;,891.3836633279413;1537.2446721530357;2516.3341408145366;1087.713657227649;
5,750,False,False,False,0.6,312.6614782152101;602.9582235629349;366.5342093526372;,1136.257918610211;254.01971073403212;213.3936991438815;
5,750,False,False,False,0.8,308.43179189611834;385.68608252966294;252.22771775564422;3206.9553850343063;,1467.9812050605126;1921.5181560434264;404.53410494547205;1234.8228856331934;
5,750,False,False,False,0.6,5704.046880441546;1002.3683546984398;2869.675855380337;,1317.2480394666165;2192.0735279646437;791.284402065883;
5,750,False,False,False,0.6,790.0623478613121;287.68387723652734;1610.2906888231635;,486.3212660212236;794.2507904149537;359.9422166754548;
5,750,False,False,False,0.8,951.608876842582;145.42695685883416;1130.9919990458409;1333.5423606065972;,1032.3465560855595;352.2376117595317;1343.3204419350682;189.80066830704885;
5,750,False,False,False,0.4,716.6929828601208;895.938337014542;,902.1042133274104;1269.9094006222929;
5,750,False,False,False,0.8,585.4108843819655;471.60740522947845;1439.500119073658;5870.130560390812;,641.8672436744837;678.594371916872;2037.6740979738786;359.5688497092013;
5,750,False,False,False,0.8,296.93124332551395;2104.9799062815855;76.54569434333843;4033.6198241933553;,442.4226265209789;1559.0894668973149;322.3062196369138;2234.893196586661;
5,750,False,False,False,0.6,445.18180588001593;1016.6333527421266;3531.322214166426;,991.0430837160619;512.6060091413402;297.7423024319623;
5,750,False,False,False,0.6,13045.963615355604;460.03433543497187;977.0585402646237;,2867.975754419481;427.57502888432316;56.0334464612415;
5,750,False,False,False,0.8,142.59186445697574;737.4501353458547;504.5517815620465;2071.7690115679516;,1042.0903000412416;986.424898641973;409.6324644226031;2298.973142768129;
5,750,False,False,False,0.4,2305.224150231586;5095.333696588823;,1841.2007855081015;659.6169738485564;
5,750,False,False,False,0.6,1227.2887817713988;831.5256818134219;1766.672481662981;,321.49070223870075;1156.5125721618967;956.7787915435525;
5,750,False,False,False,0.6,1525.669170371427;6900.502259731419;60.09376012008872;,864.902624235741;944.1518711195356;839.5739997240355;
5,750,False,False,False,0.4,496.7709827948602;18492.450530326623;,100.7474076020326;1330.6522502802688;
5,750,False,False,False,0.4,10543.458374007103;441.5090350319845;,624.5441331246598;795.6537146452439;
5,750,False,False,False,0.4,1062.3967540111455;4669.227877570337;,492.6207428145758;821.4350731210301;
5,750,False,False,False,0.8,1868.890002996408;509.3245350504024;620.4666655787277;965.623935494687;,1606.9680952344443;1940.520480818761;876.3915048301258;372.3566899032205;
5,750,False,False,False,0.4,326.96078850061485;1151.635930358293;,101.62588100568463;924.8048627171345;
5,750,False,False,False,0.8,497.7909234645451;1518.9479154482317;2264.393080491503;374.793560526895;,1650.5040937884567;88.19904394179345;1207.5910649945092;355.6132382334427;
5,750,False,False,False,0.6,3018.592854229759;1197.1354595527744;3310.108053670857;,534.126703205067;1686.720611524775;2070.158834787771;
5,750,False,False,False,0.6,2388.5277775214254;2122.8162905325844;8640.806779208933;,1165.89903819568;815.8117201249921;739.8618624290135;
5,750,False,False,False,0.8,1039.1131957097764;518.8004105039664;437.27491720516315;368.74872968940025;,1205.5667764177508;353.8850401005484;931.836016520429;691.5130757050207;
5,750,False,False,False,0.8,465.72086981042844;1638.9909788403188;1988.3784063873534;544.8816167460952;,1797.1508623561695;2024.4151482667833;1941.9385660269284;1041.7547146024745;
5,750,False,False,False,0.6,2458.623749858868;555.194604457279;21429.523477746232;,378.7426713909003;172.74265211673344;301.1080183242533;
5,750,False,False,False,0.6,737.0937325966108;258.9573415454449;289.40408654724394;,647.9830582332107;412.66932549048164;522.7402550397335;
5,750,False,False,False,0.6,1041.371707275856;282.14376549412924;3977.176650630392;,462.94194949261265;783.4296800594244;1375.8260503519898;
5,750,False,False,False,1.0,278.46137479503864;1244.2106361894323;178.56711284435073;1791.0584110601756;405.40795637284697;,1309.9464334125742;881.6869201308136;332.7960096510553;788.0508716560316;660.9008603790445;
5,750,False,False,False,0.8,293.50930320742316;536.8318227678892;703.7132590055007;1057.2323827934565;,209.52583846238775;843.7538329142078;550.2057524935245;1187.7123813825092;
5,750,False,False,False,0.6,810.3404778042817;394.6471564492038;956.4940549072206;,148.36898152514806;836.8302705156831;596.8367585585461;
5,750,False,False,False,0.6,1460.8748658717932;937.8537925129727;2948.746997212767;,1035.0457059323041;1114.1280531851091;1270.0890286431886;
5,750,False,False,False,0.8,499.1811358243161;326.10588080357564;395.8993443789468;890.2483590095275;,347.6621423905699;326.10535054192263;422.5587863016708;263.8002980822744;
5,750,False,False,False,0.6,16451.438612529302;927.0451092890718;1319.4795942385435;,1504.478749151922;871.0842473965168;1856.299812699695;
5,750,False,False,False,0.8,332.2384707398299;1061.2116790629877;558.8947869962338;370.9852751148937;,838.3609771261604;550.2780421249938;1228.7279934678293;2039.2849142709242;
5,750,False,False,False,0.6,1017.1323815785386;2421.3924230108314;8455.813167498276;,690.2373588149082;1571.1293249453174;898.4998813342091;
5,750,False,False,False,0.6,3926.4301696816597;1625.1140456937471;1480.7592664242352;,774.8188358618413;1735.2057088224235;633.1714837647932;
5,750,False,False,False,0.8,1398.9986135927277;625.0971854806858;1163.0742320108359;2594.121883467542;,334.01588443519046;761.2125453724514;529.4401333738562;2213.8928281261697;
5,750,False,False,False,0.6,415.19426004177257;2925.3282574783652;387.2862109557805;,873.0615621122311;1620.2246610051286;382.0198576618651;
5,750,False,False,False,0.6,198.01132340278457;3287.0146102350486;512.2396430046371;,1850.028084257341;179.99143434501164;1495.0556546392206;
5,750,False,False,False,0.4,7984.35642884976;1441.4956614777957;,927.6086870123277;684.1598622084856;
5,750,False,False,False,0.6,1921.4610882313398;590.7693526329028;8854.997422266788;,1360.3870791707234;748.6259951283856;651.3063961355736;
5,750,False,False,False,0.6,513.915589664044;564.7259599691736;2062.165300631709;,816.2596487186263;467.9163887736221;677.6710591344137;
5,750,False,False,False,0.6,24086.90407303997;3813.9232557181736;851.8040115426396;,1151.912468075881;1242.1679564171982;500.02393020339764;
5,750,False,False,False,0.6,961.9766124421199;2124.56396499019;2345.9215833889743;,431.44933154241886;1668.0301466195642;2338.879059652394;
5,750,False,False,False,0.8,2214.3174063478855;3674.857187160275;703.3017078694795;683.9479973284641;,796.8155503783706;4245.837979340293;1052.1055906517367;635.4083185341481;
5,750,False,False,False,0.8,1690.241902199894;144.07370397404904;2153.989538304227;338.73602087372836;,788.0536178142548;1024.452234884854;902.3337019294057;549.476523135563;
5,750,False,False,False,0.6,543.1948104288596;3039.457918508707;400.59727456860634;,899.0178858050969;963.2490042737666;762.7530146109752;
5,750,False,False,False,0.8,565.7559524858788;1667.1210590162787;386.38261924714357;4155.496005890242;,1141.501035349826;1169.4480904254629;1421.509982483173;442.416349424403;
5,750,False,False,False,0.6,944.0060756540257;10654.418659012219;2300.9830784158858;,332.9460566736348;252.57630900943903;1108.5641561615703;
5,750,False,False,False,0.8,1438.0791928485771;638.3582228712828;590.4266815975709;321.04761445124575;,1060.4537234772429;1812.5491739067143;1341.1767635367364;1066.7260641938938;
5,750,False,False,False,0.6,818.4773211010344;1847.0264226751337;643.6728460495798;,739.7039838639266;590.056021653907;532.6780142252646;
5,750,False,False,False,0.8,482.317511110905;2325.6966431468504;361.50948140369616;7866.646058401553;,1232.7234069684198;499.86772607962354;279.12282952367974;795.5613779066096;
5,750,False,False,False,0.6,3066.55039485699;1641.598487592366;1322.0845374536007;,828.619860687668;2288.2186013303235;1114.2276717950028;
5,750,False,False,False,0.8,1592.383531833449;2707.239438380029;3874.3506168168574;180.97364081463934;,773.4476187964693;1667.7248247473046;1306.6618942373118;635.1881808197813;
5,750,False,False,False,1.0,462.7285624020707;986.0189297028941;348.4388078580075;889.7947985050179;2168.3521509323705;,100.85254959363971;2564.618373933349;617.9900462742651;968.1966690210952;1225.6710454291492;
1,1000,False,False,False,1.0,588.1232732054926;,669.0261199152546;
1,1000,False,False,False,1.0,374.3301589389197;,167.53537745446243;
1,1000,False,False,False,1.0,467.2800848582929;,1132.6790454292807;
1,1000,True,False,False,,,
1,1000,False,False,False,1.0,646.7450516740921;,621.1067440187599;
1,1000,False,False,False,1.0,1401.4164765679163;,806.8793254484503;
1,1000,False,False,False,1.0,1875.8465485948614;,2730.968850050581;
1,1000,True,False,False,,,
1,1000,False,False,False,1.0,765.4218004563804;,732.4609138525908;
1,1000,False,False,False,1.0,760.0942651066612;,637.3782553732723;
1,1000,True,False,False,,,
1,1000,False,False,False,1.0,253.393932958628;,716.879825608725;
1,1000,False,False,False,1.0,148.5619228733985;,2353.7910849015907;
1,1000,True,False,False,,,
1,1000,False,False,False,1.0,1195.1862029487854;,1436.5204627372773;
1,1000,False,False,False,1.0,536.4440507869754;,696.0267142097741;
1,1000,False,False,False,1.0,660.1039905665613;,374.69886838312027;
1,1000,False,False,False,1.0,806.4745115516565;,603.3186680599182;
1,1000,False,False,False,1.0,1669.5589593746909;,2380.1536991306407;
1,1000,False,False,False,1.0,2494.204364503169;,2157.6016012569016;
1,1000,False,False,False,1.0,358.84697983646436;,177.8666350596472;
1,1000,False,False,False,1.0,592.9060329028803;,1356.2679628146846;
1,1000,False,False,False,1.0,2570.234616838945;,3370.2350598306293;
1,1000,False,False,False,1.0,240.65833001983478;,492.2246911764252;
1,1000,False,False,False,1.0,248.60653727036603;,315.4158468360509;
1,1000,False,False,False,1.0,463.24067330987026;,1715.5187637777715;
1,1000,False,False,False,1.0,204.48045490684876;,845.4284413297985;
1,1000,True,False,False,,,
1,1000,True,False,False,,,
1,1000,False,False,False,1.0,352.2617142682353;,672.9667074315909;
1,1000,False,False,False,1.0,846.2895212671428;,1552.0232053910606;
1,1000,True,False,False,,,
1,1000,False,False,False,1.0,930.6364521396553;,1072.696080796703;
1,1000,False,False,False,1.0,807.4148727939312;,646.9446709962792;
1,1000,False,False,False,1.0,2037.178262935797;,2713.770633410117;
1,1000,False,False,False,1.0,186.81576168233397;,641.7163903679351;
1,1000,False,False,False,1.0,1703.0774199213365;,2160.350450325864;
1,1000,False,False,False,1.0,1331.4576103927463;,1158.404081371343;
1,1000,False,False,False,1.0,205.49302972639282;,1329.6594019136091;
1,1000,False,False,False,1.0,125.54740262114734;,361.82162270752497;
1,1000,True,False,False,,,
1,1000,False,False,False,1.0,441.30524878733524;,907.338662012561;
1,1000,False,False,False,1.0,909.0355446128422;,1459.950663168785;
1,1000,True,False,False,,,
1,1000,False,False,False,1.0,702.4617646046833;,859.4918516730359;
1,1000,True,False,False,,,
1,1000,True,False,False,,,
1,1000,False,False,False,1.0,1269.2095062602891;,990.9642680775107;
1,1000,False,False,False,1.0,274.3079539260277;,1435.2511143116362;
1,1000,False,False,False,1.0,315.605434770412;,1433.6666406924817;
1,1000,False,False,False,1.0,802.7049951452852;,1132.1571991255562;
1,1000,False,False,False,1.0,886.9264588990543;,1516.2112164380364;
1,1000,False,False,False,1.0,766.1844135602853;,1201.2417390594126;
1,1000,False,False,False,1.0,317.5801456363624;,1408.3810206129733;
1,1000,False,False,False,1.0,704.7061139474337;,704.7061139474337;
1,1000,True,False,False,,,
1,1000,False,False,False,1.0,375.2361616463452;,1663.9109356843587;
1,1000,False,False,False,1.0,195.4603443875145;,537.745337967752;
1,1000,False,False,False,1.0,304.6334363001232;,1898.4619976192087;
1,1000,False,False,False,1.0,884.3507912672407;,667.497683370947;
1,1000,False,False,False,1.0,2127.1540972078283;,2044.3925320048113;
1,1000,True,False,False,,,
1,1000,False,False,False,1.0,1237.6473496161748;,1234.371830106704;
1,1000,False,False,False,1.0,760.6330242762987;,1103.9761955885958;
1,1000,True,False,False,,,
1,1000,False,False,False,1.0,845.6037685540017;,1230.3981432085343;
1,1000,False,False,False,1.0,2683.898666386689;,5161.9188020028605;
1,1000,False,False,False,1.0,388.9943455865533;,1313.3042314953993;
1,1000,False,False,False,1.0,353.11464025388807;,732.3206264651542;
1,1000,False,False,False,1.0,916.4290459221552;,875.5278691612102;
1,1000,True,False,False,,,
1,1000,True,False,False,,,
1,1000,True,False,False,,,
1,1000,False,False,False,1.0,475.79519771987725;,439.4095762863275;
1,1000,False,False,False,1.0,1817.1066868641562;,1318.4427628539754;
1,1000,True,False,False,,,
1,1000,True,False,False,,,
1,1000,False,False,False,1.0,959.1755530712463;,753.1700266167942;
1,1000,True,False,False,,,
1,1000,False,False,False,1.0,223.65128749649926;,263.0144848655049;
1,1000,False,False,False,1.0,789.4424673352165;,1232.5165674698505;
1,1000,False,False,False,1.0,1286.4596064735522;,1391.120323200159;
1,1000,False,False,False,1.0,515.52951878561;,2125.4694141756845;
1,1000,False,False,False,1.0,385.2220563284432;,110.19893682513464;
1,1000,False,False,False,1.0,660.7761130995785;,1238.8144143364248;
1,1000,True,False,False,,,
1,1000,False,False,False,1.0,1395.0531213423565;,1983.0285356216473;
1,1000,False,False,False,1.0,1076.3288245613992;,587.1746299909503;
1,1000,True,False,False,,,
1,1000,False,False,False,1.0,2780.57280536883;,1943.877128900085;
1,1000,True,False,False,,,
1,1000,False,False,False,1.0,508.53157329616096;,629.3475856448819;
1,1000,True,False,False,,,
1,1000,False,False,False,1.0,625.762964837507;,1447.8455264987003;
1,1000,True,False,False,,,
1,1000,False,False,False,1.0,244.01516928608038;,346.94921475396404;
1,1000,False,False,False,1.0,722.435092881215;,922.6541425022117;
1,1000,False,False,False,1.0,687.1890938836235;,1016.5940119905591;
1,1000,False,False,False,1.0,718.6091122068542;,635.3963441593265;
1,1000,False,False,False,1.0,1277.1059276114568;,1229.6952238561003;
1,1000,False,False,False,1.0,635.1684528580956;,820.717565041991;
1,1000,True,False,False,,,
1,1000,True,False,False,,,
1,1000,False,False,False,1.0,692.33636293773;,877.693527984028;
1,1000,False,False,False,1.0,389.21669772913185;,1337.3346440500839;
1,1000,False,False,False,1.0,1210.131354640573;,1207.664171359741;
1,1000,False,False,False,1.0,309.679965404573;,177.0443727212794;
1,1000,False,False,False,1.0,1041.8872390461706;,1041.8872390461706;
1,1000,False,False,False,1.0,510.53305687133036;,1418.1089468843384;
1,1000,False,False,False,1.0,958.7902107193383;,969.6498492280238;
1,1000,False,False,False,1.0,825.2045218719252;,1147.9994854973377;
1,1000,False,False,False,1.0,810.4147027473967;,379.69951064311346;
1,1000,False,False,False,1.0,649.8938225679922;,614.0061101521128;
1,1000,True,False,False,,,
1,1000,True,False,False,,,
1,1000,False,False,False,1.0,1666.5804617245142;,2376.5876703637878;
1,1000,False,False,False,1.0,1799.2729414676282;,2653.759787619721;
1,1000,False,False,False,1.0,1357.809269037719;,1748.417291459714;
1,1000,False,False,False,1.0,19109.447695548915;,1065.5209914796053;
1,1000,False,False,False,1.0,80.30638809374061;,911.0070985370053;
1,1000,False,False,False,1.0,625.148117734359;,1793.4061685950826;
1,1000,False,False,False,1.0,640.9647156559098;,2299.3019542631896;
1,1000,False,False,False,1.0,1124.5000001692038;,718.8121344210933;
1,1000,True,False,False,,,
1,1000,False,False,False,1.0,447.9185458775928;,530.5846212703366;
1,1000,False,False,False,1.0,64.07879059843515;,2335.03594175365;
1,1000,True,False,False,,,
1,1000,True,False,False,,,
1,1000,True,False,False,,,
1,1000,False,False,False,1.0,185.29907846779938;,861.1343344441452;
1,1000,False,False,False,1.0,399.1167422567434;,1264.800863773451;
1,1000,True,False,False,,,
1,1000,True,False,False,,,
1,1000,False,False,False,1.0,1799.4860676498313;,1647.893943784706;
1,1000,False,False,False,1.0,1010.9332882108469;,1926.837633099654;
1,1000,False,False,False,1.0,115.06473479875011;,366.737637294349;
1,1000,False,False,False,1.0,308.9418311697657;,394.9859056548366;
1,1000,True,False,False,,,
1,1000,False,False,False,1.0,366.2443400788348;,669.5891825773688;
1,1000,False,False,False,1.0,497.2624493883157;,1353.9200023583671;
1,1000,True,False,False,,,
1,1000,False,False,False,1.0,2298.3050720667234;,1608.4327228631626;
1,1000,False,False,False,1.0,245.44017918968302;,322.53219559800584;
1,1000,False,False,False,1.0,614.5976871024668;,691.9433439753988;
1,1000,False,False,False,1.0,760.7805909302759;,2726.6031152245782;
1,1000,False,False,False,1.0,958.0479672208623;,1312.2513099697421;
1,1000,True,False,False,,,
1,1000,False,False,False,1.0,175.48109844725067;,1781.5271637616008;
1,1000,True,False,False,,,
1,1000,False,False,False,1.0,322.4748904036012;,348.5980251673881;
2,1000,False,False,False,1.0,668.7239250186162;849.3842358960029;,646.1669629324708;1015.7839726039604;
2,1000,False,False,False,1.0,784.6350977848037;520.9739967785945;,1288.016401482848;1007.5750388358448;
2,1000,False,False,False,1.0,559.2457398394606;1320.017795294693;,498.82566909703075;2955.607556100595;
2,1000,False,False,False,1.0,1429.4324432340468;2780.4527933195736;,2185.8421490492215;2789.50437623915;
2,1000,False,False,False,1.0,112.54570029003631;1456.7129158133441;,2327.1918631133303;1907.625760631678;
2,1000,False,False,False,1.0,695.8859040126804;443.6999433885558;,1074.8061798348385;402.003833140508;
2,1000,False,False,False,1.0,736.3791711486762;1363.1283986773574;,425.21728363123407;1126.2097572974146;
2,1000,False,False,False,1.0,131.9274646307227;1419.7644553357236;,2064.5933392109255;1427.3320477318302;
2,1000,False,False,False,1.0,551.130449679158;136.65067915506353;,744.2408844929868;1219.9053533216183;
2,1000,False,False,False,1.0,455.26042356971533;1254.6914684205187;,124.73702011696899;686.5614313578697;
2,1000,False,False,False,1.0,1558.1764313289211;106.808079256226;,1875.877628512424;1853.3172839700314;
2,1000,False,False,False,1.0,957.4336864364426;451.6747601277328;,609.2243638957765;1694.2037992501464;
2,1000,False,False,False,1.0,772.20034597974;572.0378316273298;,1279.4101198362148;2362.8890228009154;
2,1000,False,False,False,1.0,1006.3794131623852;3865.8236175899337;,1116.381689916885;3233.6998461359353;
2,1000,False,False,False,1.0,336.6445490436301;2715.6818285951085;,298.1242969502052;2168.2093585783527;
2,1000,False,False,False,1.0,3612.471296377804;1560.317499532457;,685.6852163210624;2619.750011549281;
2,1000,False,False,False,1.0,197.41958702731847;22877.155602390194;,700.8419469434542;642.9616283466777;
2,1000,False,False,False,1.0,615.4170342845912;720.0436749840735;,639.8008371164119;866.0674803940881;
2,1000,False,False,False,1.0,605.7223177220233;210.45755291223938;,467.14501613065124;403.23837734103864;
2,1000,False,False,False,1.0,2376.5502760936233;2045.2368865472158;,2415.843928832524;2316.5519032561147;
2,1000,False,False,False,1.0,405.46863931917994;791.2101821992243;,973.6963152608971;1932.206703692532;
2,1000,False,False,False,1.0,1099.0292169683141;647.5454508982309;,966.327670725887;1360.4774922404376;
2,1000,False,False,False,1.0,248.65216967383057;453.75906006768093;,977.2883137007261;952.1072224838294;
2,1000,False,False,False,1.0,869.8778393769663;563.0911066312;,957.7783886780358;1895.1016731144505;
2,1000,False,False,False,1.0,397.7718913979605;837.6589418158975;,1728.55478569817;957.8640586803168;
2,1000,False,False,False,1.0,639.6116793657965;674.3796741210756;,590.5974607637011;1685.8716542270472;
2,1000,False,False,False,1.0,666.3317864145534;398.5539208385966;,480.76308092069075;478.1226678295468;
2,1000,False,False,False,1.0,103.92893297707163;286.40698338222376;,1362.0077274742168;1410.409912188643;
2,1000,False,False,False,1.0,5585.7174487374905;1840.0377559655042;,1804.1378027911283;2487.782854462774;
2,1000,False,False,False,1.0,2931.740491449209;783.2955490962912;,982.3299421274246;1402.2193881011428;
2,1000,False,False,False,1.0,768.9463633147056;255.24122952786482;,1488.4040458555196;1496.2263340581246;
2,1000,False,False,False,1.0,632.1728056016129;1104.268396216632;,1347.4361366104872;1000.5863749450556;
2,1000,False,False,False,1.0,351.5929330159061;834.5701289065681;,1205.7049638785495;1470.6133575843394;
2,1000,False,False,False,1.0,707.5065250538408;245.7840962394964;,414.71086489647075;930.0684008794298;
2,1000,False,False,False,1.0,983.6641649665642;608.2869313513964;,1539.2993175735714;840.7032179250633;
2,1000,False,False,False,1.0,316.7137129217974;813.3053392971345;,735.4249616906179;813.3053392971345;
2,1000,False,False,False,1.0,68.36320977712792;225.88487754742488;,187.07312230291706;710.3712991679163;
2,1000,False,False,False,1.0,571.273850758056;866.0650987274216;,618.5513552242383;589.559302902246;
2,1000,False,False,False,1.0,415.52724235621685;1468.215638522167;,935.8245265923119;1892.5754364596426;
2,1000,False,False,False,1.0,554.2892682601839;235.50285554364876;,111.84075734943488;578.666808835214;
2,1000,False,False,False,1.0,703.3280307994213;2641.8025400149204;,1778.0203623630173;1395.6847600853753;
2,1000,False,False,False,1.0,1500.6055639923704;563.9367667750588;,2093.825822739142;1768.7980513727064;
2,1000,False,False,False,1.0,1174.0875742662774;479.4193035058965;,562.2302455123202;663.0250532739868;
2,1000,False,False,False,1.0,1380.9119518890404;419.01028169226305;,1163.4637318665793;366.521276064903;
2,1000,False,False,False,1.0,784.1542931194878;1116.2134183211879;,1191.6734082110052;1561.402737018895;
2,1000,False,False,False,1.0,466.2019729250752;645.4552562232794;,925.7530338768408;2494.129244562938;
2,1000,False,False,False,1.0,553.3904569762008;204.7470674929347;,262.25509128233205;1142.001517307965;
2,1000,False,False,False,1.0,304.1149935846723;352.08349074464803;,1288.882452544263;855.5219835582867;
2,1000,False,False,False,1.0,531.5418821159429;639.5958107932137;,904.0081463340439;370.5414517953994;
2,1000,False,False,False,1.0,19855.966340228035;2262.8556056671137;,302.2825782103207;2356.7687139256923;
2,1000,False,False,False,1.0,2410.7508202815175;603.359696147998;,2841.3155553274905;766.8983783098805;
2,1000,False,False,False,1.0,1618.405586479347;543.7834570948216;,2147.0455531489206;965.4216963133068;
2,1000,False,False,False,1.0,625.6755775945254;4174.825462379841;,1411.776708884131;4436.3279475343115;
2,1000,False,False,False,1.0,880.5386575481645;1212.2866366410778;,664.3412360037975;1918.4468738704088;
2,1000,False,False,False,1.0,5998.745758061746;293.99278814792757;,742.620574423102;282.8960684697999;
2,1000,False,False,False,1.0,726.6035264558457;160.67871975111316;,419.2877954431143;835.2431753858509;
2,1000,False,False,False,1.0,652.6911013906582;286.1035737742684;,832.4208183047826;534.1387051907204;
2,1000,False,False,False,1.0,3278.3009032716946;1167.8611336765248;,3499.4358285545054;101.95508435332364;
2,1000,True,False,False,,,
2,1000,False,False,False,1.0,1414.356088875359;508.9827598359759;,2164.9323714920465;360.7608951709143;
2,1000,False,False,False,1.0,1398.167852807222;673.9675529875424;,1206.0561844345245;1383.727573413606;
2,1000,False,False,False,1.0,2238.1889304118185;915.4580305764442;,2367.0679503598117;882.9955775006973;
2,1000,False,False,False,1.0,1437.3595817175076;1103.2504677696093;,747.9253485702576;1073.5881531852008;
2,1000,True,False,False,,,
2,1000,False,False,False,1.0,1403.9084977459054;647.5293580352119;,655.0165590522964;510.84558603313576;
2,1000,False,False,False,1.0,532.0873320846177;308.11939669100303;,802.1820423180533;713.9932098132;
2,1000,False,False,False,1.0,336.60076307653685;991.1286380615957;,261.69475822292344;1169.7218046084804;
2,1000,False,False,False,1.0,959.3041389692412;539.7817658206794;,4231.848352569684;139.98560354915443;
2,1000,False,False,False,1.0,529.9942667884126;2325.2212705996567;,1563.7488487311387;987.3167465068624;
2,1000,False,False,False,1.0,1118.6775973108922;1495.1512455487245;,510.1183431534018;2637.7246355295156;
2,1000,False,False,False,1.0,2266.582069501964;1370.7743716867078;,1621.6782276976066;1454.3175594861066;
2,1000,False,False,False,1.0,938.783623019769;1446.901441141823;,498.14710045303343;1278.0927749029338;
2,1000,False,False,False,1.0,390.5658446203769;745.8858806031649;,595.3796234569819;1621.4589090470452;
2,1000,False,False,False,1.0,1202.0453279824155;354.85891954447806;,2398.1511595666143;355.7595369191209;
2,1000,False,False,False,1.0,2364.044225124483;473.5280275818268;,1736.43737375977;623.0594930391827;
2,1000,False,False,False,1.0,538.6357986539116;706.2459303099092;,761.2751740624536;691.2894877050263;
2,1000,False,False,False,1.0,1309.697800522657;925.3243932795785;,1584.6736560529162;2013.875082700259;
2,1000,False,False,False,1.0,147.9507018232016;954.2969885529036;,321.54406314677544;1674.3043818444307;
2,1000,False,False,False,1.0,1085.7309141130854;302.22454927658646;,2376.802637292077;411.9943825981849;
2,1000,False,False,False,0.5,429.81603525173523;,3016.9545350390613;
2,1000,False,False,False,1.0,612.1975567473312;251.30023405913596;,1556.2988902052975;1078.4946484829127;
2,1000,False,False,False,1.0,1620.4185066550035;999.525832929139;,982.9194456506347;956.0776043971833;
2,1000,False,False,False,1.0,561.4762630827446;528.4643480569799;,1361.0969524728307;562.826360199413;
2,1000,False,False,False,1.0,472.45398373024324;2478.430683078122;,1283.314528935463;2282.542442016173;
2,1000,False,False,False,1.0,1104.802634063494;844.9458610757179;,769.640699742336;125.93014570872081;
2,1000,False,False,False,1.0,906.5399984235996;1557.6470416088746;,1394.7887138869169;3575.967649759913;
2,1000,False,False,False,1.0,385.3650929913308;67.8835023961209;,182.08796547610058;287.9144322016038;
2,1000,False,False,False,1.0,1106.4990439592943;325.1474271829961;,1221.244481144515;1840.1729861474141;
2,1000,False,False,False,1.0,281.3932954250247;965.5963456523473;,391.5730210598722;2206.477178896501;
2,1000,False,False,False,1.0,577.7654971807018;460.2033974285212;,2559.085998312562;1219.3897456892666;
2,1000,False,False,False,1.0,1627.1167942781967;632.5863801329335;,2798.745092860363;583.2888105966958;
2,1000,False,False,False,1.0,456.6582115099394;240.52317717782836;,843.3477225695939;498.60092655349393;
2,1000,False,False,False,1.0,229.45790003656762;170.38743699102056;,281.17559772569416;1021.6322357384414;
2,1000,False,False,False,1.0,490.53790013761613;1334.6578406150686;,797.3455018020334;587.1195565521962;
2,1000,False,False,False,1.0,613.744691942237;1290.5581455508618;,717.2415888473053;1336.6807935468487;
2,1000,False,False,False,1.0,1548.0972866643456;2527.2094744782344;,1573.5273686848475;3227.817398028397;
2,1000,False,False,False,1.0,524.7494403911777;140.2421713848605;,651.3321699357986;749.2935931820605;
2,1000,False,False,False,1.0,336.68640933587415;1884.3244195960253;,290.1147408905566;1717.4782088246434;
2,1000,False,False,False,1.0,323.72252927847717;1191.8196294583017;,695.0008171206523;1537.3881627512962;
2,1000,False,False,False,1.0,416.65247378849824;420.46122755734893;,1132.21134623478;608.8086095793668;
2,1000,False,False,False,1.0,1347.0060895223069;639.3770132684298;,1589.432655353666;1627.6120977133312;
2,1000,False,False,False,1.0,172.65271662063327;626.026045768467;,1725.0370715882457;773.3347489154037;
2,1000,False,False,False,1.0,1092.499794756397;964.0254999454986;,872.9336764925562;352.314357091588;
2,1000,False,False,False,1.0,1478.6032922426166;18.854031557688785;,1570.210124754169;676.2639160605352;
2,1000,False,False,False,1.0,2052.2235522449637;659.0157177148386;,2602.777413596161;1081.4909076957003;
2,1000,False,False,False,1.0,435.9819036402814;1846.1257710983425;,1251.6539394288536;2989.5106366104496;
2,1000,False,False,False,1.0,2007.2415803658237;1039.854191153313;,3542.1751344676773;1243.5879638889032;
2,1000,False,False,False,1.0,895.3599763309576;450.15758497686323;,2113.931687763386;429.11700098650374;
2,1000,False,False,False,1.0,1150.8368549919205;197.7297018473918;,379.6006311709823;2422.895091401053;
2,1000,False,False,False,1.0,1552.6124794670723;797.6843161833057;,1288.220513473167;1214.4288064393972;
2,1000,False,False,False,1.0,221.0887696736829;2176.0434856393954;,1096.3222689911565;3176.7755722167885;
2,1000,False,False,False,1.0,577.3793606410945;2411.4232617365833;,1191.9235710495586;1901.988239482884;
2,1000,False,False,False,1.0,1546.4735701712718;1190.0480042428053;,2801.116992897636;287.19153435628186;
2,1000,False,False,False,1.0,486.6261497424691;2009.7492125700196;,847.9166654599624;2431.5188429635673;
2,1000,False,False,False,1.0,890.626042074865;1580.8107009280259;,1309.40769877105;463.88837117417364;
2,1000,True,False,False,,,
2,1000,False,False,False,1.0,1250.0832397684924;518.4271861635455;,1853.00238331306;1241.407585181794;
2,1000,False,False,False,1.0,349.5387342843288;614.2583673836032;,482.4213154332399;456.48305181388633;
2,1000,False,False,False,1.0,687.3287749711195;1194.35263858752;,1005.582934744;1489.7849454159639;
2,1000,False,False,False,1.0,3099.1001819464973;419.3797485388868;,1067.461967662892;1825.8548767620332;
2,1000,False,False,False,1.0,220.68777514611676;1074.3018291740516;,1118.1597333426184;1290.8377579410007;
2,1000,False,False,False,1.0,205.46561886320322;1575.9853461587074;,427.6947187540676;2487.993804359939;
2,1000,False,False,False,1.0,465.88138262181434;559.2313542546897;,2446.388905512593;943.8344672919803;
2,1000,False,False,False,1.0,559.7351741521949;736.3613834945506;,938.9926340956814;1551.079793902593;
2,1000,False,False,False,1.0,1870.9186684251151;1611.5713464510939;,847.0629414292215;795.7548711640621;
2,1000,False,False,False,1.0,467.26981015164813;2174.9135245621205;,1484.4179398726228;1589.0089993178492;
2,1000,False,False,False,1.0,3238.94096966229;537.6028157726961;,3661.4810560591504;459.1354765865734;
2,1000,False,False,False,1.0,999.304600022224;289.8916611234324;,1732.592358639361;210.04315860221047;
2,1000,False,False,False,1.0,529.0979415148178;2964.5728076819087;,757.5916650102358;2807.0000374919387;
2,1000,False,False,False,1.0,981.9561062829051;1048.4424488850398;,537.965747174082;1315.477968945524;
2,1000,False,False,False,1.0,1239.7616848974428;506.5895445053528;,1911.9133830402448;508.18761882012564;
2,1000,False,False,False,1.0,402.4546534777501;462.130387738883;,437.3718723415812;441.501458933594;
2,1000,False,False,False,1.0,1022.2526583153649;1256.5410471894381;,192.57063799355132;1094.9531341187917;
2,1000,False,False,False,1.0,1135.4989495115688;1639.733342612849;,1909.1675276208864;2383.5204589975474;
2,1000,False,False,False,1.0,1157.552184136326;579.1548887058746;,1247.451081983538;1532.6413689513647;
2,1000,False,False,False,1.0,89.87081691287061;958.6044539154087;,1160.7961235922899;163.75674215338944;
2,1000,False,False,False,1.0,567.5678140644134;1147.905750758056;,1254.535515510367;1203.7448062298372;
2,1000,False,False,False,1.0,1102.1182895747716;700.5484003920913;,1638.438217956528;871.7433885829477;
2,1000,False,False,False,1.0,341.1509293459036;952.9992946328781;,614.9622629589998;966.5226201520962;
2,1000,False,False,False,1.0,2651.455543568373;1466.2148506106448;,1151.2576397723824;119.71053616937796;
2,1000,False,False,False,1.0,700.8247327597711;520.5181896966565;,1065.8796551433054;1181.3448019020514;
2,1000,False,False,False,1.0,576.7459784033326;1123.7565997304728;,1154.245550107867;1578.1707599223348;
2,1000,False,False,False,1.0,508.4342251390784;577.9935013896052;,1690.40162208993;1068.6796042314977;
2,1000,False,False,False,1.0,927.3096134407568;753.0104729088614;,2160.9097738307323;405.9756553910789;
2,1000,False,False,False,1.0,3350.047894130732;426.1203410048548;,3250.819909736581;429.05949678957967;
2,1000,False,False,False,1.0,639.271201798504;751.3855774756399;,1216.1688525428729;2800.53486317844;
2,1000,False,False,False,1.0,1200.0950694014125;772.8573677565884;,1608.5694735221734;758.5616517749636;
2,1000,False,False,False,1.0,1353.25736727608;798.7244142709256;,1329.9721707908798;852.0405843154582;
2,1000,False,False,False,1.0,1403.4077912670693;1137.1812179815324;,26.14418537541813;1044.5858655339366;
2,1000,False,False,False,1.0,1164.2351315090016;568.8837776756432;,1154.6323817317832;2993.414738824198;
3,1000,False,False,False,1.0,22376.792438017477;6168.287515161716;1072.0126048759616;,593.8215413570998;1099.58095802661;1004.6119654602669;
3,1000,False,False,False,1.0,367.021535760006;1174.2971170025555;344.81802359722553;,1221.4209494984993;2923.3866376859587;1011.2896638656946;
3,1000,False,False,False,1.0,2062.5602707910634;3476.1711163679784;445.4364360033928;,2466.6874247279457;2178.560660211472;1016.8590058608102;
3,1000,False,False,False,1.0,958.0646898233528;245.50012547540746;968.0081668040048;,718.569614313785;522.1246344024806;1609.9407259733218;
3,1000,False,False,False,1.0,741.3445707413542;527.2025867369571;463.3559411671071;,2926.2315455117055;530.7119485115406;203.31978003816155;
3,1000,False,False,False,1.0,624.7537502584232;821.1810032835582;510.2719160015018;,189.27738458984064;1806.1308921857071;1074.9730772606042;
3,1000,False,False,False,1.0,612.5579338023408;742.3456833461319;502.560874370824;,1118.7544247692763;91.57650236077971;19.142517910538846;
3,1000,False,False,False,1.0,1875.2629905951708;1258.662408051786;544.8337295116607;,1483.42503677095;1384.0707575726628;933.4990507790295;
3,1000,False,False,False,1.0,638.788496333405;1248.3616542534353;420.44638160681984;,1025.4775112844648;1880.8506181861899;1334.1165406984496;
3,1000,False,False,False,1.0,410.41675931699757;1763.1526825869482;2269.8539317586124;,1178.6796312123045;889.301768652718;316.2071569213752;
3,1000,False,False,False,1.0,791.0974588277821;1110.8178794632465;2847.113462117104;,1222.4155011811695;341.512521932155;2060.462767244411;
3,1000,False,False,False,1.0,1548.318125263835;1042.3903650202456;623.285481058513;,1830.4937362550972;1419.2104761943394;401.40693196875003;
3,1000,False,False,False,1.0,8200.495787352706;9874.925615897957;1278.1680595907312;,1861.587013304908;1785.2408777283115;1818.266328417574;
3,1000,False,False,False,1.0,494.88049468950635;138.55071698953216;876.6548512713863;,1127.0028572747792;1651.2416648670755;1824.368404250545;
3,1000,False,False,False,1.0,826.1091890139776;2044.897662185523;416.63599835781093;,826.8332945250555;2414.51826170142;736.3028216977247;
3,1000,False,False,False,1.0,1074.9932870586076;2630.6969478754822;196.22753641060865;,865.8326549603189;1311.5859894329278;280.25113242421935;
3,1000,False,False,False,1.0,541.7464922729699;916.3899895067506;533.7858335179308;,1762.221733333892;1944.6413474547703;310.58909676894615;
3,1000,False,False,False,0.6666666666666666,1161.9853421410432;15385.928045828696;,1652.6083709436646;2298.577579258833;
3,1000,False,False,False,1.0,1975.1003558174639;962.0013094167474;1422.8207517012322;,2190.3799216319526;97.32997534865876;1441.1346526639497;
3,1000,False,False,False,1.0,886.4850517234652;6642.855294246274;702.8149959848578;,1764.5672057612144;2224.8907604931032;1573.1721945695228;
3,1000,False,False,False,1.0,194.100552027022;686.6089123288832;860.5731058079747;,877.3980209787571;1015.3228716385258;1539.6266076260915;
3,1000,False,False,False,1.0,835.649190908412;534.274257671293;138.85136244683565;,2372.2413033454945;1127.6257397373877;1101.5605305063748;
3,1000,False,False,False,1.0,1754.7416708219184;382.45476558690234;458.8564836880471;,2210.483896451071;1041.5805293670628;620.9319174128311;
3,1000,False,False,False,1.0,470.05734004008326;1309.2705980338403;1974.3424174170361;,1045.3805499660507;401.6003001020669;325.18597932003775;
3,1000,False,False,False,1.0,324.7437432740605;3382.3311226075457;871.9208606277717;,618.9172036958505;2815.644978549744;2230.0804091029504;
3,1000,False,False,False,1.0,1046.6775706548244;2108.4960368278557;1754.2800734505001;,2396.383774284564;1842.80095322807;1448.3552485811667;
3,1000,False,False,False,1.0,200.69563614641012;672.0682975388632;474.75917085956496;,1386.491936897085;2514.5417218991424;2047.2796020491485;
3,1000,False,False,False,0.6666666666666666,506.38232460370773;812.300039718328;,530.7666079612552;1245.9271782777712;
3,1000,False,False,False,0.6666666666666666,1112.0669270606381;434.1324119793299;,1636.7050287133886;703.9906688754525;
3,1000,False,False,False,1.0,2140.240773051232;251.7215075464024;820.3473512567425;,2822.269597208008;2132.4843342208387;1153.1390004725226;
3,1000,False,False,False,1.0,2563.281696011206;1031.709900867357;975.3290718582315;,946.941292181774;2370.2308429359127;1909.9354970119261;
3,1000,False,False,False,1.0,886.3628388345676;1568.123879281766;63.94114071603651;,735.370037155629;908.5325864827058;748.6305840542775;
3,1000,False,False,False,1.0,1452.094931517743;731.6086003633495;647.7977409929148;,2106.6533620730984;1730.623657232384;668.5916416938005;
3,1000,False,False,False,1.0,2578.376739534508;889.2200748189631;123.75434818848981;,1891.0077429686864;2315.864505194063;220.74795780289546;
3,1000,False,False,False,1.0,350.9988720891156;632.9390807238427;626.1802493912196;,3198.6400561667233;2525.8933977427373;865.3148144354196;
3,1000,False,False,False,1.0,2029.244096458627;32960.42053106342;3469.308535616886;,3708.5064749394724;924.9035434024895;2539.619706196917;
3,1000,False,False,False,1.0,1585.677501996216;477.73091359257137;887.2770722111633;,1060.585990644977;1098.5526225872827;1718.1692147985393;
3,1000,False,False,False,1.0,1521.8179952514777;3824.4948721705573;948.244054439743;,3219.92944278554;3342.8612917511978;2071.2609664128;
3,1000,False,False,False,1.0,319.7066007748757;975.2835332161463;619.2463445857455;,1703.6142344595235;1939.427942621351;2448.2013957816107;
3,1000,False,False,False,1.0,1832.8088015292267;614.2623919085818;18825.031899624708;,1980.4015847239834;304.4199446095494;838.2951142482154;
3,1000,False,False,False,0.6666666666666666,6114.424145478932;403.97836038541993;,1124.0354088217548;1318.4063375189594;
3,1000,False,False,False,1.0,1457.6385819986594;998.362337465979;1128.4183680036208;,1694.8389468321259;730.4725268555642;464.5532497222528;
3,1000,False,False,False,1.0,919.3994221865888;539.7923957139228;1110.3597022272243;,1101.725003794958;933.4638908030466;1681.6899814174776;
3,1000,False,False,False,1.0,14055.286541402831;813.1365885978815;256.8324243027479;,649.0275698931566;1424.5951514832332;765.2261521380428;
3,1000,False,False,False,1.0,1039.0871254995086;515.8872191739553;1077.3142828648388;,1584.641417395697;1445.4179414745422;688.5336703813008;
3,1000,False,False,False,0.6666666666666666,3433.144538285846;968.0605763897697;,3273.054562158427;938.1042884764547;
3,1000,False,False,False,0.6666666666666666,4144.28347405128;3587.143061088999;,1657.4066089147632;3485.9853732857637;
3,1000,False,False,False,1.0,857.4528698995894;2124.186398884761;228.72245115491575;,1593.3513788295595;1507.7777399808044;1295.0499891822055;
3,1000,False,False,False,1.0,2970.6700315574953;1158.9803459106706;1387.2951840601459;,3670.8685990885;735.6560566201613;1312.921995708325;
3,1000,False,False,False,1.0,922.6590174148762;1670.4732076683615;247.28914473604328;,1656.158586916068;1333.210562461056;1091.4799904537629;
3,1000,False,False,False,1.0,470.5086935912339;617.3763341372792;821.1420071714165;,1084.5380535043437;2242.021895385716;92.29577044735949;
3,1000,False,False,False,0.6666666666666666,8794.05122277001;723.6735205194741;,720.6320630145219;494.11017971381847;
3,1000,False,False,False,1.0,1052.2311219512967;1084.4891911998975;4456.655660507462;,751.8857968228442;1339.835764026935;4658.338869229145;
3,1000,False,False,False,0.6666666666666666,2453.896466116794;4014.305461561866;,1967.8216085756299;1544.732143767184;
3,1000,False,False,False,1.0,616.7489732558147;647.0549178794199;652.4459587517545;,525.5292282597005;1255.1506672851108;589.8896719657798;
3,1000,False,False,False,1.0,944.4107736672436;1117.1665978490225;326.988274819291;,338.11278652782306;1911.0147767207563;951.740765164802;
3,1000,False,False,False,0.6666666666666666,1464.2326199683218;1048.4038711752696;,843.2698576827897;394.6536247447005;
3,1000,False,False,False,1.0,1289.2516077844643;1078.6257666181937;1050.3421654117988;,1144.8074461771344;698.3493627835858;335.29903456826213;
3,1000,False,False,False,1.0,364.69372826131644;337.1985760099208;627.330852392541;,1066.4985365525263;1876.7018746393585;1285.0435284594294;
3,1000,False,False,False,1.0,824.2614588401922;1757.8670299663186;287.7312193577192;,764.7364115529086;1559.5961583138496;915.3796038649353;
3,1000,False,False,False,1.0,994.0485212393897;934.8628163647141;429.0684988684509;,1115.6075307211674;1328.9727700413819;720.7707974981803;
3,1000,False,False,False,1.0,494.5882303389354;3538.3178957942364;830.7911349721793;,1220.7110642834666;3200.006651269919;577.3655323093099;
3,1000,False,False,False,1.0,1135.2463101923584;287.24402579101644;506.17588427546167;,1315.4504567424951;1652.8697640364976;745.7728852892244;
3,1000,False,False,False,1.0,292.1503474384663;1270.473492682529;1286.3942241717043;,403.5603934226159;1633.7130334316544;629.8130043993924;
3,1000,False,False,False,1.0,693.8269330577572;1941.624085387757;77.36972786045894;,2492.6444595032735;3796.7138769995086;1241.5002523473443;
3,1000,False,False,False,1.0,988.391814980888;688.9568923612077;270.54222328983406;,862.4722099767047;578.4467739096544;460.6186231441958;
3,1000,False,False,False,1.0,4499.419698987216;3001.2196599112976;2810.7126999910433;,689.2387362093502;635.5725067689376;84.89527295741499;
3,1000,False,False,False,0.6666666666666666,1039.6215968666954;988.6982478846526;,948.8528873577558;820.4798685201482;
3,1000,False,False,False,0.6666666666666666,1152.2804198579634;280.34898744322163;,2812.5488457763986;763.1408885745533;
3,1000,False,False,False,1.0,684.3691186244715;311.5961633958266;1255.511274570053;,1422.6335759013946;374.1636613372922;1001.6049504716921;
3,1000,False,False,False,1.0,2471.1427437801867;817.9816189908133;105.8697285494882;,347.845153727965;318.9605803880858;1480.1194472721568;
3,1000,False,False,False,1.0,2404.0885855878423;874.0709378157021;2078.529683599598;,1278.1354953715052;1462.8405945420752;1482.440949106534;
3,1000,False,False,False,1.0,469.8794038508015;150.2327694966173;388.6788664259178;,226.93335211379545;818.75762799217;344.7595464980611;
3,1000,False,False,False,0.6666666666666666,1464.461505758942;68.4125135469878;,1001.0733604005746;1293.5877640873866;
3,1000,False,False,False,1.0,798.5916542339262;614.7627276928677;1629.3870865456204;,371.4585126420535;1067.8426755324554;1667.6195351058325;
3,1000,False,False,False,1.0,2445.370650872122;1741.6748619191028;22379.318770334852;,1364.2881099172318;2347.7579264196243;530.3139245363185;
3,1000,False,False,False,1.0,140.65184272353775;1099.4340586696962;5502.374699520999;,2735.365260107885;2124.593613424188;1702.1625461273698;
3,1000,False,False,False,1.0,3603.144367007696;3138.5903647762384;18525.5923848168;,1189.8942923090253;1743.7530373992772;1480.064795875071;
3,1000,False,False,False,0.6666666666666666,132.45635938023958;14199.431190495918;,376.2060980617548;2405.646167204569;
3,1000,False,False,False,1.0,1098.8299250167627;636.5977534176902;609.5548432545763;,916.853436482028;490.28708645090154;1430.4518950040538;
3,1000,False,False,False,1.0,223.3753504516256;720.2665071909865;979.5744694242949;,443.12409362081917;1361.0943777956088;438.20695499355827;
3,1000,False,False,False,1.0,398.69936231971707;738.402304291357;716.3476700117407;,731.7486497557783;240.9687981513499;799.4232074662309;
3,1000,False,False,False,1.0,1066.2935224133944;642.4690298579613;864.2473607625268;,1066.2935497953981;3643.6462255161473;1148.4194105108506;
3,1000,False,False,False,1.0,194.3154726603987;1933.4888548820136;1366.8809655983011;,774.2300417626826;1157.1955217472037;1521.142108425814;
3,1000,False,False,False,1.0,480.81656375400485;2502.6290069610013;116.11364936036809;,1111.5128248478252;671.2249446066432;1047.5210317240253;
3,1000,False,False,False,1.0,1982.4694137721053;1087.4790489008476;2512.7247017438917;,2218.9750026496235;2143.225841693974;4217.345670866098;
3,1000,False,False,False,1.0,578.3137814039533;6170.100411492912;6939.112971163392;,3301.6848092545874;266.1303582471805;1261.6894778783355;
3,1000,False,False,False,1.0,1739.9669478612623;479.6639087493045;397.88480217315765;,441.0675831195195;968.2689697896668;196.99342724915553;
3,1000,False,False,False,1.0,311.4682263087413;282.85091984312373;504.9733645383;,700.32254717682;943.0358767676464;745.0075340469953;
3,1000,False,False,False,0.6666666666666666,1076.7882361229874;6214.046310549976;,2676.863268163371;1276.3718380344385;
3,1000,False,False,False,1.0,1030.3998231870305;517.4396584060822;45.715889325546236;,1299.343605168762;3062.565375870365;1534.696023443859;
3,1000,False,False,False,1.0,1860.152773363201;1556.7458461724736;528.5529642468423;,748.640158956288;466.0537021670346;460.943184201734;
3,1000,False,False,False,1.0,423.2300944345737;1011.2525627876842;478.2086185486301;,1079.5517388579756;1975.2412517105718;1328.009158498279;
3,1000,False,False,False,1.0,202.28218892075103;77.71497667073851;733.2551896438221;,711.6382556671208;477.2790758192946;1629.0599058097853;
3,1000,False,False,False,1.0,207.84384176852367;1511.320931839222;1523.0660993102927;,689.8815896554992;1464.3856621461005;1720.4786715496557;
3,1000,False,False,False,1.0,820.696324111548;712.6141268925226;1590.7682294764409;,1039.6723607478148;940.1219730308763;1252.7479083783837;
3,1000,False,False,False,1.0,1134.7274237507424;1299.4667808313843;546.0208884421467;,1017.4107233427803;1499.0859212280247;1074.8856710390646;
3,1000,False,False,False,1.0,1770.0186660163124;389.4412726004345;2545.5983700474153;,1351.0257018065595;532.5332234673864;1772.7662570996088;
3,1000,False,False,False,0.6666666666666666,582.1360328232089;837.2524762206573;,265.30696946523364;508.0841596909969;
3,1000,False,False,False,0.6666666666666666,1190.4634340812456;1527.2760985206507;,1116.2257434338192;2040.8773125357789;
3,1000,False,False,False,1.0,286.20988125987;612.5736311125777;1053.0464210788498;,691.2909898344717;968.5107553078998;2643.4026520037482;
3,1000,False,False,False,1.0,3296.3013240719524;2619.1726954247083;540.8277651937062;,151.15966183895236;1381.6181921320451;1261.990884619537;
3,1000,False,False,False,1.0,294.4099548115434;274.15786904783516;23544.660126962674;,998.3963612446257;1116.300960557915;1768.3847237281886;
3,1000,False,False,False,1.0,472.733328903097;3112.7625715498107;938.3125999172198;,4796.044248943348;1099.529869730468;1090.7567005562069;
3,1000,False,False,False,0.6666666666666666,1490.0108656631585;1367.3572310799;,2151.5526239867345;2499.5615886926;
3,1000,False,False,False,1.0,1117.4951256788102;797.9141468899649;559.7128083292666;,1765.8351000812688;2038.7360682798335;1037.896540227178;
3,1000,False,False,False,1.0,28742.136770202054;4070.058898205894;1188.6095948261836;,1475.950977677806;858.6111263166115;1281.5234773451173;
3,1000,False,False,False,1.0,954.8820958264703;957.1024298247277;603.62126202018;,568.6154294616011;1201.0451425716783;260.77904268832356;
3,1000,False,False,False,0.6666666666666666,1047.7470170647766;839.505809806872;,2449.3690651651464;1163.2987897051491;
3,1000,False,False,False,0.6666666666666666,1074.2753710445252;1374.9343309516819;,491.6118090641722;934.9155478724234;
3,1000,False,False,False,1.0,516.1594577393458;1459.5826304650914;8976.098628208956;,1920.7825299434467;1516.7009369623515;1220.8728789352645;
3,1000,False,False,False,1.0,1479.76730975983;2143.4229332807477;2451.785664518618;,1029.822040891845;1442.2670709098143;3016.956528913;
3,1000,False,False,False,1.0,1088.8227396701939;1093.3206771983168;1009.5597831324205;,568.7480621486005;1599.5737789977843;1892.4883831688762;
3,1000,False,False,False,1.0,1680.9133613318554;1248.033030490092;15324.92500149426;,2567.700544437555;541.8565656407527;662.6386591325318;
3,1000,False,False,False,1.0,756.9626851448169;709.7168333474744;1021.976425554586;,1583.0709666917535;2004.6025766541222;1819.2024447089764;
3,1000,False,False,False,1.0,1119.535480537588;1249.884318662912;283.67654277954375;,1396.4780084888284;1945.42482283829;2737.594361131649;
3,1000,False,False,False,1.0,492.3532705311255;1573.072346956287;1242.1458438193142;,2719.5132813274477;1796.1916533169306;1703.0304290530091;
3,1000,False,False,False,1.0,218.06638810247082;3069.6530249343505;842.4357820224669;,515.7508199397602;3326.7975367222894;1041.6747758520103;
3,1000,False,False,False,1.0,520.8836989379547;793.9704657005992;416.82328672182666;,1403.661919238721;665.7179966399522;447.9359868582321;
3,1000,False,False,False,0.6666666666666666,432.73039967071566;546.7559038104084;,561.4050847768093;451.37989240658766;
3,1000,False,False,False,1.0,1133.0766838157308;2789.038890283377;1423.9992971251359;,881.8131685579172;3550.6621225514114;1033.399233292114;
3,1000,False,False,False,1.0,518.2213229055534;1257.0626637784842;886.601514323878;,1001.2542387312234;2129.1897848058256;1047.9091686767401;
3,1000,False,False,False,1.0,1067.8085949162935;795.0294633334373;483.58651348668576;,2034.2157698492929;847.6631426424259;614.3888078820867;
3,1000,False,False,False,1.0,859.5692510428822;625.6766824323503;1179.7832416331316;,590.1034882690992;671.3395061966705;1199.149775193436;
3,1000,False,False,False,1.0,158.52296434885912;570.7425003284658;1276.860027066837;,670.754556929305;1403.1395025063014;1738.8764118518147;
3,1000,False,False,False,1.0,605.1698234463978;814.3658288191131;1023.4159758060396;,434.74860776053436;639.8869719759437;1279.8815701318615;
3,1000,False,False,False,1.0,858.4245979310713;1930.9167694628322;827.5077349543211;,785.8128790434374;3457.385735359238;736.418116563093;
3,1000,False,False,False,1.0,384.2203746417867;272.80370137367856;161.59128180909565;,392.7272886214304;1031.8482142517635;1134.097750211846;
3,1000,False,False,False,1.0,3557.520842568665;1043.2489197401292;28021.55728144387;,2019.9467275097809;1406.5335306652332;2009.1210121609938;
3,1000,False,False,False,0.6666666666666666,925.5963011825684;4430.098547469427;,1816.6281678437047;1528.7431845122217;
3,1000,False,False,False,1.0,1142.7424602417473;1112.3614689318094;1386.8605248942558;,701.120845526294;2374.781118538506;4091.72679862183;
3,1000,False,False,False,0.6666666666666666,448.71920284546445;547.539783586783;,255.09174692507952;885.1140277206619;
3,1000,False,False,False,1.0,478.1500326234682;17637.74556930231;22216.4393180904;,691.0527698918917;1634.4518681771012;229.01058487476107;
3,1000,False,False,False,1.0,2094.130871364041;3151.257679260414;307.4634526478862;,1849.0636685025581;3222.6063786628565;400.69277004339546;
3,1000,False,False,False,1.0,680.4266828559334;885.2487326513516;2471.602477043915;,1105.5219451004527;703.3320698738659;2451.253101701184;
3,1000,False,False,False,1.0,2376.7902610420037;496.89080355579125;1217.9565663911642;,3038.528540670247;2293.1672906185727;3164.3917779359144;
3,1000,False,False,False,0.6666666666666666,3365.6851038363334;1540.0225301599248;,461.5999233482547;1094.9635076762204;
3,1000,False,False,False,1.0,1717.7930610565788;4527.013505083732;16154.767782152494;,563.55367493785;493.79676890719406;1008.4546196609172;
3,1000,False,False,False,1.0,581.8249116265613;190.10116932577682;5144.322772965951;,761.6709356204884;804.1619242515345;1201.1862010441175;
3,1000,False,False,False,1.0,3346.573850036508;411.9538251084929;1545.260820184317;,707.1463155608051;1761.824570321374;602.9099318976354;
3,1000,False,False,False,1.0,805.6385790333892;720.8482555975967;1328.1492942328566;,855.3386700391034;286.27693379501505;1556.815793192857;
3,1000,False,False,False,1.0,584.0176332117054;2326.1675261069454;1608.420727641614;,1157.2627864492401;2152.925746455911;1000.2541726291576;
3,1000,False,False,False,1.0,906.0875995447913;843.8588983847513;1538.0454909707473;,804.5169172809154;2035.046149344228;2773.4240106893008;
3,1000,False,False,False,1.0,8766.312301681604;341.83871295256114;2378.410844020469;,1178.6294746822648;398.2586574932453;2316.050307439926;
3,1000,False,False,False,1.0,822.5125152543269;750.7398874370783;813.7492263195309;,1295.1439388446759;777.1795023446808;2982.6906732632015;
3,1000,False,False,False,0.6666666666666666,1302.8820680413992;227.83158547538568;,1152.036349247641;965.54279291977;
3,1000,False,False,False,1.0,736.5983990389451;2041.708648773369;936.7649852635623;,924.9292685066522;865.6004692927573;621.6913059259158;
3,1000,False,False,False,1.0,1072.7832767703967;1102.9308314847638;328.935342903427;,744.4967975614386;2386.8052951842446;1101.5314512956572;
3,1000,False,False,False,1.0,1229.5120590090937;1636.1301621549394;1789.130877688535;,1763.2062383829455;1858.5425321039922;2502.7112963469426;
3,1000,False,False,False,1.0,1134.8278217395496;1498.162095518373;1049.5792318662366;,1745.472896951148;780.903180282688;707.0771456731477;
4,1000,False,False,False,0.5,1334.609776673619;1317.8344151881086;,750.6096367329259;168.83888858087536;
4,1000,False,False,False,0.75,1016.4877339151284;2163.631192064757;1987.4362850113441;,1033.6311069176447;772.1451999752096;2240.275373711395;
4,1000,False,False,False,0.75,1972.3964253449035;7112.630945512645;815.8712022938373;,517.15098442426;696.0151918966906;1740.2224563070931;
4,1000,False,False,False,0.75,764.2809716304808;1313.1018307214933;363.2802722246359;,1368.6724223436368;1980.984931954592;1016.7704478421673;
4,1000,False,False,False,0.75,1550.5206019802388;170.82788639902745;1838.7319302539047;,826.4348292706704;770.2944114865264;732.8287441573586;
4,1000,False,False,False,0.75,5817.558809834608;1049.414739166911;1692.8491584589483;,177.0490970708231;979.0638498099455;1592.3563963528293;
4,1000,False,False,False,0.75,111.02411986801702;16553.414070166426;638.6376253915324;,1232.0842731068938;1454.0495066070089;745.5724802425215;
4,1000,False,False,False,0.5,2215.734760365523;218.6166170344865;,957.4964823687839;860.8596092391797;
4,1000,False,False,False,0.75,1420.1043408132812;930.67984592313;2135.7428616444386;,3109.666441378564;397.5936597478702;1154.1637412106556;
4,1000,False,False,False,0.75,534.7157255479162;2425.85171900626;2518.537183502916;,333.85702555512995;1018.8833553864754;2326.3780970321723;
4,1000,False,False,False,0.75,552.4036458149661;2432.7635781683744;14234.760792107414;,869.868826595909;1475.5986057940274;914.7390957456327;
4,1000,False,False,False,0.75,440.5111818909968;168.11476240112682;446.75446156279844;,276.9961193331447;1586.6840928615507;871.1224397903885;
4,1000,False,False,False,0.5,4325.858791359037;8702.82705816232;,1638.9784822708577;1259.3050254748446;
4,1000,False,False,False,0.75,1152.0733767636148;2018.0743063038553;1391.7468500594966;,1229.2662295730074;1879.7596547354476;2362.165824645326;
4,1000,False,False,False,0.75,615.7366732024517;1032.9287079694784;9120.467010641942;,769.2477928530953;2869.433843287443;2856.7651312970333;
4,1000,False,False,False,0.75,1675.391291138591;1724.1578712413361;2735.066344709719;,729.0380768271402;1121.8870151215688;385.96907921260856;
4,1000,False,False,False,0.75,789.4603448861766;999.288897852254;5547.489995156915;,1324.3364234454411;903.4808297027331;2654.1223435158895;
4,1000,False,False,False,0.75,1225.0850291022164;2095.12456780481;562.8096094209278;,1021.3709670106514;2193.2833408241863;1594.8698131128756;
4,1000,False,False,False,0.75,1501.2860819324314;286.49079815049856;2392.3078037509185;,1047.9893997655995;1558.1795939870676;674.1464414065873;
4,1000,False,False,False,0.75,168.92910550170967;393.93433234302813;871.2194843042506;,3223.600279185092;2026.5404189722765;2060.9531074924116;
4,1000,False,False,False,0.75,26764.55558053651;7143.030107681852;1699.8959102003232;,374.3785719127592;983.8259589591431;2321.8479811141237;
4,1000,False,False,False,0.75,1879.1453300651758;717.6193681928794;19479.516653675248;,793.0333669602721;895.746835968504;2336.3855960940086;
4,1000,False,False,False,1.0,288.76776074273704;1162.3473347939516;445.18389027670287;695.4736687454642;,320.68701244102795;633.0143226545227;657.4921929126583;388.42548946626744;
4,1000,False,False,False,0.75,920.4902571454414;1079.0286621173898;2448.8296603300255;,640.7409758025408;596.9510587070923;2658.634415598818;
4,1000,False,False,False,0.75,691.7959610445301;992.8171146699488;428.33843852833553;,1859.1757449891174;458.3028270707058;599.3764361505797;
4,1000,False,False,False,0.75,270.8196694727109;2226.244954116811;371.87696717643604;,493.5254505663386;804.2498232651021;193.24100226297233;
4,1000,False,False,False,0.75,780.8421600110916;3768.7196173188845;11842.08172674112;,403.0243290654537;751.7989411309346;1256.343622340999;
4,1000,False,False,False,0.75,2290.813336390675;894.5997749280428;761.9334863816381;,1161.7703031724275;628.6532874730021;2356.482917697733;
4,1000,False,False,False,0.75,821.6770306851125;726.4771246647163;1827.6590981363636;,1241.4715207815989;131.11550138007;1106.715826682632;
4,1000,False,False,False,0.75,3049.3727494166983;1226.0075614476325;84.43441422758488;,367.8381290801415;1115.508389126063;1049.390100296204;
4,1000,False,False,False,0.75,1199.18172662533;736.2984366767372;2528.929536048032;,1592.0294720194993;1393.4364885390464;2806.6330646369556;
4,1000,False,False,False,0.75,540.812892227274;637.9918843951336;1406.5508596238176;,1502.1338504154926;704.1621539551495;2229.455581496145;
4,1000,False,False,False,0.75,459.9582069634535;478.00543609848563;1756.7192269893198;,924.7860108577578;1057.5599440474434;1389.5487697117865;
4,1000,False,False,False,0.75,465.28200139145684;414.10386997010755;3032.7093066358725;,1665.6527232928122;1879.9486434929381;1132.9052725275726;
4,1000,False,False,False,1.0,385.3442539932836;158.69479200654263;455.74070421908266;4417.289002251269;,235.51845971454458;215.03005918633943;3548.2309098554806;2084.5764056224407;
4,1000,False,False,False,0.5,5128.337696310606;1225.402516365649;,2027.9009365811692;2109.7044881277816;
4,1000,False,False,False,0.75,575.0171307717595;3851.159689896796;573.3199327446442;,127.69027774292437;2638.6121587882776;766.3975054938942;
4,1000,False,False,False,0.5,960.4347419097643;778.2244732397454;,1335.6960348368098;750.6476106551886;
4,1000,False,False,False,0.75,255.71166568468018;18282.100861329815;491.7383185210577;,284.4662537833432;2251.6779457590555;760.4335952653486;
4,1000,False,False,False,1.0,1069.406986575477;3694.244970337067;792.9860311277704;185.99942211079323;,1760.3876110947892;1742.8339033726788;1520.6281226055303;654.2702446098376;
4,1000,False,False,False,0.75,481.05821572446865;741.1707106181555;2224.042859456066;,1262.7402829013;987.8179186099912;2095.9965930856283;
4,1000,False,False,False,1.0,2499.881112652487;971.2194349551468;400.52656508120134;3891.5901352788337;,1810.5521414373677;384.910043711591;1448.1985704507229;669.4642238936713;
4,1000,False,False,False,0.75,3710.402002222848;1156.3733419412838;1820.682032896758;,950.0192633779839;2470.460691029277;1625.113166935732;
4,1000,False,False,False,1.0,325.9548093032567;700.2336627074952;3171.6743387714705;809.3134967710812;,1874.725865816103;955.9972182951672;4080.1211603230217;2346.1538545019857;
4,1000,False,False,False,0.75,5096.770598811507;12994.149013771681;2944.080829665882;,1631.995251612436;636.0496091515444;1010.4307654201134;
4,1000,False,False,False,0.75,1330.5706025313968;588.4486022996041;1164.3866689785916;,1300.780259784299;755.0928840023998;1594.5336790352667;
4,1000,False,False,False,0.75,5434.703310708746;677.7298939070286;4046.3079849012215;,3247.008352739588;2603.918384389883;965.3677058100142;
4,1000,False,False,False,0.75,437.98141589022754;1283.2249448124558;925.1029764838646;,639.0241972080113;1730.1246795320976;1292.1020140330345;
4,1000,False,False,False,0.75,261.6302439788675;430.3747084216416;13106.560207324626;,2083.5672937910963;1911.0957643487363;1160.3691158474608;
4,1000,False,False,False,0.75,430.9097706485935;660.0163764245902;172.51918983626658;,1555.4995288294094;1260.041689557196;3618.4659044672653;
4,1000,False,False,False,1.0,2400.654377039178;470.209921555111;839.423787504399;961.6008829934023;,1958.6610836431414;2182.5760006646397;1209.906804800156;1877.4038225074726;
4,1000,False,False,False,1.0,728.0898050499566;357.221484976446;435.0415647990216;671.4645168530228;,820.6810304199773;1366.7069527529288;85.04971150915377;650.7122506464231;
4,1000,False,False,False,0.75,448.71759484091245;1411.5768600945476;1047.4955304515433;,860.8666054535433;502.1900601936119;3681.421398583023;
4,1000,False,False,False,0.75,1277.305260681053;916.2535496287156;938.3664931367372;,2872.7401213831845;1983.4489883175459;3381.5932727940362;
4,1000,False,False,False,0.75,361.23167619116407;728.7653534743785;4417.633969328776;,1037.6866712133499;171.96440891722577;900.4016781381483;
4,1000,False,False,False,0.75,163.7074838246537;162.38448954938644;2456.4735312943567;,1033.6594325506983;1422.8881226684216;481.0484926802419;
4,1000,False,False,False,1.0,816.3577573240321;527.11035415345;177.17566460078302;1121.240577505584;,322.58322626233377;1094.4875589233473;1456.1346372340581;985.0309392101719;
4,1000,False,False,False,0.5,2296.248608449399;24185.57913947415;,1451.6883815314259;457.6858285946665;
4,1000,False,False,False,0.75,323.27711824753504;1526.375939793939;617.1731217176505;,955.1429742175999;1380.0481733506433;1351.613702747524;
4,1000,False,False,False,0.75,848.5768836036248;1832.0735539284092;1503.576732654037;,403.58243100968156;433.2692729896889;1545.1184128166703;
4,1000,False,False,False,0.75,260.8873386463011;1923.5989718001474;105.89193742841745;,1182.382961321794;969.5975626039502;81.78609503918985;
4,1000,False,False,False,1.0,11108.850750605434;458.69166595246105;29.316662158831022;810.0445347351308;,1220.3617834175786;1014.530807072393;324.53800726131516;981.5641067422466;
4,1000,False,False,False,1.0,3027.830810725638;247.67378356722907;313.7931418226906;231.3164762400108;,1734.8688528481744;643.1166069923152;349.21064905849613;1229.4944425463104;
4,1000,False,False,False,0.5,1182.6927169392309;904.2354434008256;,2230.2646539661228;270.5362825538362;
4,1000,False,False,False,0.75,1632.262824473587;378.0213864487333;23071.906339324625;,510.27015766689243;136.49828613460122;1903.7959122833477;
4,1000,False,False,False,1.0,1785.720580475821;5684.892408162219;3830.0647781636353;2984.263365801287;,1305.580442730665;5408.313132801833;1700.5643129547695;1542.7548827584853;
4,1000,False,False,False,1.0,7876.116159080817;9294.702822201572;822.4148881515274;422.13757998217187;,2249.1533553655504;4126.020847048569;950.0491602203628;2803.688734259872;
4,1000,False,False,False,0.75,949.3617666273514;468.77821211346935;3502.051597233449;,1098.7318133716103;519.6163585998642;1278.2020380277047;
4,1000,False,False,False,1.0,760.0620250728364;579.9990537180943;346.65319755517265;574.1542814243645;,1053.3271750559168;827.6988786767083;1521.0199319336427;642.0440354558759;
4,1000,False,False,False,0.75,690.6060809457305;1310.698895782687;18678.102550964268;,403.1979327559643;1177.4162031431595;674.3782022186389;
4,1000,False,False,False,1.0,1977.2658599030385;1792.322671943077;2088.4701277899426;14207.29115659455;,3967.145320730855;1260.252786525045;1131.9932372261171;1038.2545312729376;
4,1000,False,False,False,0.75,459.48643806098886;2155.611437631151;334.6076489982652;,626.1080400795438;1298.1365895359588;796.7992748184203;
4,1000,False,False,False,1.0,658.0302002857028;1117.9107512229073;4708.199372791608;1089.1235715500093;,344.7223855544462;890.6049886811866;4359.302971868814;1290.094634597146;
4,1000,False,False,False,1.0,1922.034886844235;3036.4056687741167;452.2209400286962;1131.8212157468322;,2912.114870052823;863.1429357599619;789.3564466799488;1403.3542548229893;
4,1000,False,False,False,0.75,702.2585385542066;1056.6633085007209;1777.3599787657577;,642.3029174911221;1158.4068327314371;1437.539264022867;
4,1000,False,False,False,0.75,7312.140307917246;333.2155764647383;2667.964642599947;,1318.678697174489;963.2336369494966;1168.8114433069202;
4,1000,False,False,False,0.75,312.32144590021744;913.1696350161724;18352.740100652245;,564.8075813855712;1011.4940038978268;3099.3187419835785;
4,1000,False,False,False,1.0,553.8957677572614;481.43572777330075;418.78824844404005;3554.2118720383764;,1093.7009299224146;2530.9832127451837;944.431568528667;2783.5857588169;
4,1000,False,False,False,0.75,1741.9892583415262;809.2911735742547;5452.835603851116;,2889.375150585993;1215.9913532362484;725.7984884445344;
4,1000,False,False,False,0.75,1887.8863304033252;2855.076008947206;6673.168566810036;,3064.2340820372187;1704.5272327135247;829.9760976591394;
4,1000,False,False,False,1.0,651.2954231275382;497.698465109474;1823.5246015127095;4544.1803177818565;,794.3339191486654;2059.7456717327723;1124.845464798808;4737.906537546386;
4,1000,False,False,False,1.0,574.0452372355638;560.8298587339564;481.244250497791;718.2762402238417;,49.47077101997581;582.1565131005104;1469.3569678859412;731.9382443120645;
4,1000,False,False,False,1.0,1349.1654897460412;322.4178763310966;2122.7748817499473;1259.042173480365;,1193.4494647945971;1326.2768792615282;1907.0747942095397;3463.8819273406198;
4,1000,False,False,False,0.75,242.95923424250014;1803.7141229887686;629.4400314839962;,2573.5086682653446;1770.549411347966;668.5812294011135;
4,1000,False,False,False,0.75,756.7444088148127;3912.64407534587;3418.028852447402;,1196.6773587701848;3846.0869167168325;1619.8574327977794;
4,1000,False,False,False,0.75,1004.596014477367;574.8266432649374;203.1534632871538;,615.3199337021213;680.4076910743852;3594.279798859113;
4,1000,False,False,False,0.75,1607.5082943376003;7042.269993615721;826.7823901837668;,776.8468347812747;2626.7179504825017;919.9683053296302;
4,1000,False,False,False,0.75,2100.2928654319603;944.0057786294079;692.8110667888438;,1893.573120676482;644.8716524676287;564.214691964793;
4,1000,False,False,False,0.75,1211.651462707273;2941.160239544188;6785.494404959096;,1534.1463447149715;1124.0687576782004;1389.0271108899663;
4,1000,False,False,False,0.75,1006.3655456657382;3156.4661130082845;680.7224775372349;,741.3566873935392;2893.742177856518;1831.408691417135;
4,1000,False,False,False,0.75,432.53350552609794;323.28223152936846;456.76238001720253;,321.0025774807458;57.558336935413095;1844.5302331071273;
4,1000,False,False,False,1.0,544.1797675952632;271.04361776503185;624.3622120419869;2181.8909627453068;,871.7816905234415;401.3040881987734;800.3012748527831;1868.6776964892636;
4,1000,False,False,False,0.75,8743.602611942642;1131.4270041756245;2257.809855169241;,578.9580238248514;1082.4067257986953;1247.2551567248893;
4,1000,False,False,False,0.75,342.3836474016609;9041.836629795698;418.4065919184307;,1833.9906768318112;1827.0538803617808;973.6203182374453;
4,1000,False,False,False,0.75,863.2708296599513;572.8960419264686;849.4120449118135;,796.6020920253338;110.43390265070826;319.2917722767185;
4,1000,False,False,False,0.5,910.462801397278;879.8789577520652;,944.0364225477817;789.7963392402988;
4,1000,False,False,False,0.75,2487.2028828615503;452.8707225662797;792.5992561037143;,2020.4005375965196;1979.0682794857453;783.1801281735546;
4,1000,False,False,False,1.0,821.8585030922948;867.2391437186734;331.92927854822767;2776.0785978202825;,3110.4420146979232;723.8641874052618;1686.074846840988;1542.4214663107634;
4,1000,False,False,False,0.75,645.0054273800977;9813.830837213587;2563.793201942633;,3914.641616838945;779.8568919553682;3460.19261131701;
4,1000,False,False,False,0.75,1095.273707071505;195.81208850365462;1531.7265679834272;,54.36011402290305;714.850382258056;1073.4133985666786;
4,1000,False,False,False,0.75,344.4361219432277;521.2485963614558;5304.059791129817;,523.4027319467212;281.59349273124553;1264.4685457247972;
4,1000,False,False,False,0.75,1532.2561482616577;2264.4915427186806;923.4879793927312;,1221.6382724869882;2017.9227172697392;1205.6095180733937;
4,1000,False,False,False,0.75,399.19141598833914;658.6945901377592;2035.9594289274899;,1394.268763042292;992.5026060757608;2163.3034193620824;
4,1000,False,False,False,0.75,701.2552066946346;15734.549433603106;12929.857149607446;,1071.1840964136136;385.4443064047815;2340.928689889888;
4,1000,False,False,False,0.75,1205.1306620062035;1716.385282728346;845.1412345412896;,1503.187076144251;434.0889803154697;1075.381651567138;
4,1000,False,False,False,0.5,388.4352819589741;8473.444031807037;,2250.6606025116453;1911.6386995779872;
4,1000,False,False,False,0.75,1416.6771792679913;2034.4098182456544;333.8660333276468;,934.2860432284017;3263.9671536570104;1614.5247521763742;
4,1000,False,False,False,0.5,512.6132957443697;767.8358031175601;,720.8026996065913;1123.053840872885;
4,1000,False,False,False,0.5,336.41008161861816;2752.6929437359922;,886.4740198662691;3346.7537509854915;
4,1000,False,False,False,0.75,230.84627756836207;675.2564121017022;499.6294350392545;,1446.7398333920653;1107.7166987850917;562.9875703473683;
4,1000,False,False,False,0.75,4933.5463521902775;783.4793209410462;308.47101935559687;,2257.6066588032663;980.275295434005;868.862771350892;
4,1000,False,False,False,0.75,134.92058323874;1605.5724737654866;1707.1088903304603;,1448.5819113437321;1908.818436164857;1080.6198719194351;
4,1000,False,False,False,0.75,608.4368709707132;13178.690626343248;9772.105738099239;,407.4978411479519;2411.1403053852896;1645.4879048935195;
4,1000,False,False,False,1.0,707.5087003025099;301.9078772322225;435.0857437984874;253.86659688395565;,586.7671066204248;324.643899797305;765.8544897808779;2659.5628301787015;
4,1000,False,False,False,0.75,485.2432564021933;1416.1890166690096;805.6249315966636;,1562.147490393805;1370.4718718337622;1640.390114301344;
4,1000,False,False,False,0.75,5825.715136939612;43.839627998837294;469.2124203704773;,654.2583388642719;320.7037079210373;634.4478263392439;
4,1000,False,False,False,1.0,775.0424534824194;661.4210870287839;870.8554962682042;2419.6133018715727;,585.9620194370842;338.31309761004894;1647.548233642648;2123.174872715254;
4,1000,False,False,False,1.0,493.0324188317535;1567.9553790683797;380.3266910325014;1171.8337953972052;,924.3300683570291;769.7694924423421;1387.2611625885215;562.3757949011474;
4,1000,False,False,False,1.0,776.5706118874401;220.03329826669352;481.4373960466023;1667.8589432608603;,763.9149066781591;514.4011084348421;1350.2583530993786;2462.3033954445214;
4,1000,False,False,False,1.0,1349.7218060904215;2565.271872173073;358.98993775493295;1089.6651580088112;,1784.3835133768198;2043.822041204448;1994.319646763334;1145.362715415732;
4,1000,False,False,False,0.75,994.2650827206469;5301.322106176487;2120.939470652066;,1566.0337592976555;1980.6909490464564;2955.6052471064045;
4,1000,False,False,False,1.0,1649.1022449219465;690.182493118239;2120.925496916045;702.0728943263902;,2725.53625134631;391.4150451373087;2024.0196057841956;877.7592995205106;
4,1000,False,False,False,0.75,661.5887115892367;2314.6813432409076;829.8901832318151;,508.53047782032843;1898.4266836274935;1030.6760845590438;
4,1000,False,False,False,1.0,770.3904594985494;135.12001227724846;713.4457227248524;1117.8846565412446;,1287.8232655509707;527.896949380836;661.8261112283852;954.3927775097669;
4,1000,False,False,False,1.0,414.27084005427184;1101.5545263339582;1702.4600652921222;1057.257995482482;,613.3079469587192;831.2873251028828;1729.3702051954185;1651.9785564801412;
4,1000,False,False,False,0.75,3031.2806504728437;4097.820928086555;2244.461381237161;,2980.570053219667;4435.7612773454775;891.8992549708587;
4,1000,False,False,False,0.5,4776.482430511509;589.7740412685391;,1478.4955967810433;315.1187978466513;
4,1000,False,False,False,0.75,705.8106901600734;250.40247951596282;2625.5939302992965;,1148.169321012744;1363.1592903637647;3282.7078138754355;
4,1000,False,False,False,0.75,1894.288674753648;395.72894595185153;3240.685945644226;,1517.8448242149918;680.6477553586985;889.9365651007604;
4,1000,False,False,False,0.5,12041.139268269575;2903.6117572909116;,1185.5526904725332;2443.2600996748542;
4,1000,False,False,False,0.75,3786.015001317552;757.9546324547861;712.0165221774939;,50.77789323960738;1066.9049442854812;682.0278150290865;
4,1000,False,False,False,0.75,633.7967881715433;5897.528915324491;1150.587048878838;,1510.1285152722578;1669.130284145123;498.14216627292086;
4,1000,False,False,False,0.5,124.04808003007469;2432.4037932773094;,1263.3465074363373;1434.4273928374357;
4,1000,False,False,False,0.75,1988.24973993631;6378.259205835334;4319.426629790838;,1496.052807618658;2517.9468825676086;1051.7352301884428;
4,1000,False,False,False,0.75,101.84381640787791;1587.3558430930452;773.1516371271081;,751.0660670117455;1062.5654412170657;1652.154233267287;
4,1000,True,False,False,,,
4,1000,False,False,False,0.75,386.0589019354939;733.7902380672226;858.0781579342977;,2044.33296331256;1456.1713041859277;384.60841651231675;
4,1000,False,False,False,0.75,1946.714502456902;258.1428302791344;865.2733456857983;,257.0400416255033;499.30436288788746;931.989675037585;
4,1000,False,False,False,0.75,2750.204274734311;1621.9759426250475;3889.0264381672114;,1801.5645970389849;3438.0821988551284;1697.9815706878446;
4,1000,False,False,False,0.5,3766.6223983192917;583.1329573386596;,739.7329631234104;488.18702599125635;
4,1000,False,False,False,0.75,693.0864009242963;955.5396173986626;1521.1960931463568;,2731.8588471539288;1384.7106603588772;1124.482545454208;
4,1000,False,False,False,1.0,685.4349873936503;3949.22701727595;1094.516388020287;365.3969833078178;,1362.6792959857582;4467.478948131215;390.883885028586;640.3205580770141;
4,1000,False,False,False,1.0,2450.874689833764;906.5450718481254;707.6309211600664;808.7836514092855;,3066.905608984018;1713.9450376629522;1966.0866189106707;2836.6304540774395;
4,1000,False,False,False,1.0,667.7215037783864;1804.6131191100603;1776.826306397435;2732.6852566678785;,1497.965289589309;2255.1429815399156;2694.4532405672885;1899.0851949217474;
4,1000,False,False,False,1.0,7896.772158547283;1604.8653390834154;374.534150580267;965.6830858026115;,916.9038483107219;939.9981990389975;479.6628430006234;510.3533645234965;
4,1000,False,False,False,0.75,1628.0349696094581;1047.650351367796;1319.2055767888498;,1672.2479662996393;1620.1100947728596;236.47720639665343;
4,1000,False,False,False,0.5,724.5002629550295;1721.5484452204075;,970.143415565199;835.833948316642;
4,1000,False,False,False,1.0,1923.1290387781467;803.7453006727218;2992.8956695310753;536.6144172064097;,2113.973698762616;1287.1809689628228;2991.662085386036;263.45843332920714;
4,1000,False,False,False,0.75,1393.985852818822;1373.6259880110467;3955.7395952801858;,3261.889926512183;692.6236527076006;780.9344774077489;
4,1000,False,False,False,1.0,340.190160442878;454.3238826134362;1106.9354474924214;476.82746631422293;,274.0688579762421;1134.033654760187;1361.9380151828816;1400.1930400766164;
5,1000,False,False,False,0.6,675.5978006323892;2436.72481937973;2407.393155595688;,1110.4956827398692;574.8882899204461;1629.436191079742;
5,1000,False,False,False,0.6,1086.4263125372072;41.18898337914398;913.3115905110625;,1168.2786962589983;2498.4847403707554;445.51246247666546;
5,1000,False,False,False,0.6,4009.893559862002;7027.787097857969;999.308243532449;,1573.3748605605585;1153.2202867483827;625.436173560885;
5,1000,False,False,False,0.8,1040.6646298048693;1040.9687469373944;8435.171692890015;2085.986795134882;,2680.0571946621853;2047.3185924530137;4016.272107820982;2790.562049172748;
5,1000,False,False,False,0.8,596.1915554386431;773.391404446238;2534.656912110194;17209.946727392595;,481.65713669184674;1097.3151258801227;1996.4114416926657;180.0665751027501;
5,1000,False,False,False,0.6,181.88028603313646;244.7192679880218;3579.0626592722047;,575.3502647342152;1065.2076333150815;796.6114698323915;
5,1000,False,False,False,0.8,5590.646173365666;1747.3089633106426;251.11066446170489;1297.495930954661;,602.1639014862757;1430.4577051417423;1064.5119775206012;785.4564662396535;
5,1000,False,False,False,0.6,1855.3779971030383;314.618863579085;920.9299063227851;,245.09998309037144;2109.1665500513136;2220.655497720668;
5,1000,False,False,False,0.8,1043.946480795106;611.3829712539458;1125.9706242235254;1328.8724958114615;,1245.6122209879582;692.8155943577178;686.4179119320764;2081.823152442166;
5,1000,False,False,False,0.8,959.1631206326871;815.2024081442607;401.1192318604223;580.7335134484194;,452.078980099343;1320.3723335263273;1583.703966306805;1157.1667261409216;
5,1000,False,False,False,0.4,965.9925710257379;1535.4454975137087;,1686.7306015689883;304.7501752008928;
5,1000,False,False,False,0.8,1001.2694687418084;5674.998947145096;774.8095883951501;919.0017844418987;,953.5958951408107;2620.1906459959314;2280.650941037724;974.5782588991615;
5,1000,False,False,False,0.8,4881.211117914959;1644.9233582313277;1899.5941531148333;719.6787464257156;,4636.746874860216;1321.600722796769;1114.6817787493267;631.514706926795;
5,1000,False,False,False,0.6,1096.9440220352756;659.6513021988184;2137.857255923688;,2191.9093145288625;291.45516733498783;1429.7677338098285;
5,1000,False,False,False,0.8,2361.424079435957;10180.801682950787;2921.628694212947;10186.811118007618;,988.558517465008;3160.452950342424;997.8037348436468;669.0499511200298;
5,1000,False,False,False,0.6,409.2879131290036;1995.529390791365;1195.0514323196567;,409.5489677559529;1579.5955712779546;616.2353500290765;
5,1000,False,False,False,0.4,2558.924350662618;1012.7188121250311;,1263.8760625459497;1420.605031182748;
5,1000,False,False,False,0.8,1239.1750851508323;391.0609232354276;3477.85881064284;170.78088435037984;,1130.0081037503703;744.5706018592168;2092.655441047869;388.23932822294285;
5,1000,False,False,False,0.8,713.8332129977856;2385.1076171285854;3610.0362558282204;722.8782331723938;,1385.0446234500298;1409.2144956931722;4675.839512156449;1617.2836922031547;
5,1000,False,False,False,0.6,127.62564903772693;343.7952581430832;2629.581101653322;,207.03757206799855;127.08257045004709;295.04687447683085;
5,1000,False,False,False,0.8,371.1615267778602;2176.980625174907;2026.913142923713;821.0054978653351;,939.3488191224611;1803.4314817835211;4542.06499761359;295.8282802582965;
5,1000,False,False,False,0.6,13784.925131463826;643.2219132078822;1030.1373740065296;,554.885016041589;2420.9376288877097;924.6504503011007;
5,1000,False,False,False,0.4,421.08653573407594;2468.7752669843676;,713.2123003647575;1277.5230076671178;
5,1000,False,False,False,0.8,1517.3017484031889;2455.256497645718;963.2307262696293;9116.865329358647;,2178.642333816326;1154.6424531213577;886.2974114325306;1242.5288492995899;
5,1000,False,False,False,0.8,2368.2077270961536;583.0056976684441;254.19606063772017;985.7414100467369;,2943.107527373627;1041.9345253869858;478.4828325440268;1027.1328383061305;
5,1000,False,False,False,0.6,3429.798771386826;518.9869872271479;718.6073960494156;,988.0640733234933;757.1725139568724;1879.626796840923;
5,1000,False,False,False,0.6,5219.554429960948;1398.1657701107395;470.25838870977003;,958.9786645704895;657.5300094387283;768.7500434480452;
5,1000,False,False,False,0.6,20049.69332606288;2172.880970556231;1991.3783748548044;,2158.745512696769;1469.5950523756867;1325.9200098755193;
5,1000,False,False,False,0.6,357.96841742684626;4193.271150764811;4050.045243864597;,718.8338455254353;1006.012870141016;474.7773443547389;
5,1000,False,False,False,0.6,2955.3232097850455;644.9088476290062;1270.8747648367525;,1049.401012740267;278.88344386180154;1260.7795994436328;
5,1000,False,False,False,0.6,1125.698960422828;3975.162766404812;1160.5206365496801;,750.5622627124309;1699.5140869060078;1255.1808010189436;
5,1000,False,False,False,0.6,436.16711290761566;1455.1164978719355;1626.81555508759;,1831.1015742107286;764.433109310473;5306.186230369841;
5,1000,False,False,False,0.6,1909.4291486761724;6869.458458008491;653.5924550836896;,2461.9839236565;1668.0655653530268;1170.149724843631;
5,1000,False,False,False,0.4,4847.302695700308;1305.0357100460758;,1359.2215449066252;863.1702062758463;
5,1000,False,False,False,0.8,1286.0153036888287;3599.946734501008;1196.235758683442;554.7238603206176;,1469.7885978157015;2122.415644049717;2326.3950558855377;670.8730924198152;
5,1000,False,False,False,0.6,1079.0151673019573;3748.049215923138;821.6862316878185;,1306.3749148626064;1395.2150396723775;1300.7888219292226;
5,1000,False,False,False,0.4,2109.615294265274;856.0136565321834;,1555.082843819591;293.6128158768044;
5,1000,False,False,False,0.4,502.73433483147227;700.646867398372;,1092.2593987006494;962.0508556879323;
5,1000,False,False,False,0.6,9308.389879017828;2711.8163942111546;919.1522069570237;,514.7844329039001;2392.8015406199424;942.422854994401;
5,1000,False,False,False,0.6,6993.687246588834;487.33743596345636;1998.5797458812062;,145.6215812003069;2546.9109879227617;657.3629631328652;
5,1000,False,False,False,0.8,1891.2363081602714;587.7261613404468;487.09318715943436;8542.255545171703;,1417.6085262197437;1016.6737925033021;2008.4883906638481;1640.094484920321;
5,1000,False,False,False,0.6,1538.996047712542;4326.3362712003745;2559.1124913067833;,927.3602274400675;621.4253613709975;4469.149711414812;
5,1000,False,False,False,0.6,1533.036490144515;2586.766351259696;6766.7623301959;,1362.9270237590872;588.2787537029;770.9552618872267;
5,1000,False,False,False,0.6,1708.8455998390082;2798.828542998219;494.5506993048406;,1355.811989344165;782.3050857097049;956.084149786774;
5,1000,False,False,False,0.8,1327.9534383194962;1618.7606542043784;1304.0112457407288;734.9433303801885;,770.5372366417199;886.5907305402471;719.4460175003372;1390.8963716312314;
5,1000,False,False,False,0.8,9758.750876607515;1099.867478611821;292.80166711632154;1070.9494596771763;,1695.0877615592026;850.9414438874355;2020.0382496953282;1154.0758292248024;
5,1000,False,False,False,0.6,12080.594881931476;2296.580466583988;255.56336002447318;,1725.494420579645;853.9371042430904;490.0831957584802;
5,1000,False,False,False,0.6,1538.3206694884384;1364.4101887598827;845.3998963003036;,515.7975676756315;1545.5704174598472;684.1795194584084;
5,1000,False,False,False,0.6,911.8161160648793;890.3040110751195;3263.7351412039116;,2088.8556180758856;1225.5567126535116;2502.0184605784893;
5,1000,False,False,False,0.6,6115.810436651715;542.0287856209037;949.0088730724439;,1913.1037474453576;383.3114879863306;980.8990411770476;
5,1000,False,False,False,0.6,461.49408586959817;3864.291688424423;1985.7664611124026;,592.9672095325077;1994.8963086049441;1197.1713319681646;
5,1000,False,False,False,0.6,5155.175330444314;1374.3508014536717;319.6510722003425;,2405.478954320016;2057.5444610203012;1884.145216754793;
5,1000,False,False,False,0.6,1820.1940024323137;4790.919617677596;533.5629808652084;,638.6841093453509;2504.2312358194895;1097.4155319526053;
5,1000,False,False,False,0.6,437.93717738853934;954.917225631703;1996.438799170113;,2542.538527506346;1772.8704480791203;1736.128794133511;
5,1000,False,False,False,0.6,10599.798115890579;5620.036748376109;3695.7103145317537;,2911.4674232586976;633.519203201835;3513.177082774829;
5,1000,False,False,False,0.6,645.5971971651426;1345.911919876057;5190.663415235173;,467.44327973064105;1783.5184784673172;1316.600648855156;
5,1000,False,False,False,0.6,4097.382242812725;2522.66447047479;1754.034024533942;,2180.5628266538833;3660.921769564967;1335.9176014208422;
5,1000,False,False,False,0.8,2998.01342525336;12538.40233722939;8909.657509535391;461.03474402670497;,3269.9890060413745;1137.098316552596;417.9323458440058;4522.113026948784;
5,1000,False,False,False,0.6,641.4605620072912;1032.5109512234062;5307.81397976403;,2256.7926508289806;939.4203453203581;1571.695904310321;
5,1000,False,False,False,0.4,2532.634623370637;1059.4927473152347;,1666.3602058695215;1382.1391503153598;
5,1000,False,False,False,0.6,361.35715236066125;5852.0845125147935;1065.6910596770447;,812.444957606604;947.9321671777603;1192.5378442096987;
5,1000,False,False,False,0.8,2336.8172228720528;1299.7302375858999;682.5616452780758;230.43513385277456;,3861.2918099608582;1420.7853956631986;241.85739710848335;2447.8482057951796;
5,1000,False,False,False,0.6,707.2894469677937;811.4772219248439;1680.2219199253354;,882.7632301674008;3439.424076006694;1442.8965254801867;
5,1000,False,False,False,0.6,1924.1412952812734;1577.4393002124123;607.1252909886405;,1619.4679918415816;1094.3001400793598;540.697429149704;
5,1000,False,False,False,0.8,496.4756509646514;696.6252754869265;868.398234130682;498.7917285975705;,685.7423325360858;1175.4355956233844;512.1903630753865;484.93068849869866;
5,1000,False,False,False,0.6,1163.4021640231792;1216.0083413458183;1160.1105605652153;,1090.597087548544;498.8643175866418;671.7963780598719;
5,1000,False,False,False,0.6,2471.4848032590094;5872.320392736806;8145.3528329646;,3178.8015423013003;1426.7222216214861;775.8206853920603;
5,1000,False,False,False,0.6,396.98230445317876;571.5389770649201;34.66023303387159;,2204.4649011607057;1704.791323023976;264.34320103064357;
5,1000,False,False,False,0.6,824.6724155927822;15083.874013125553;1838.982696520346;,336.69200787021936;451.24305041750944;884.1623270062603;
5,1000,False,False,False,0.6,450.5056118601322;1439.6052849422229;4257.134704269952;,337.80638937939045;1475.782192176696;2615.054974154229;
5,1000,False,False,False,0.6,536.2947934892288;596.735900791862;444.5329970620148;,1098.4294061915627;1415.1095735494093;548.9403691373268;
5,1000,False,False,False,0.6,1182.7019868684217;2248.9629979868705;582.3600681472674;,653.3154066194129;541.8972037964658;365.06878978596905;
5,1000,False,False,False,0.8,12931.33652852361;1959.5000715306885;317.06261808404105;1171.7238269799234;,1219.655600976447;819.5990905381069;1548.7893094685548;812.9079517619198;
5,1000,False,False,False,0.6,717.5011242071349;5987.1289701681735;5828.278011408144;,801.0680999280808;3252.0372027840554;1066.365892486675;
5,1000,False,False,False,0.6,1258.7755911909403;188.2772563358462;2643.973169480763;,1054.4239750396391;558.0007764868742;1582.82584318786;
5,1000,False,False,False,0.6,334.17332541643253;1357.6555756171795;7115.7623290426345;,2238.1534458229667;1153.3742817126094;454.1114908493894;
5,1000,False,False,False,0.6,1181.331183158376;1176.6454641574169;4417.021002977029;,1268.9686068024869;890.3698490465323;893.990957136874;
5,1000,False,False,False,0.6,1304.4956623917874;418.8837952033805;420.851610678572;,147.35520120025788;647.6184507592766;3053.134856601886;
5,1000,False,False,False,0.6,996.2952097130905;1912.4979364093288;178.74978044511332;,748.7837888315488;1177.2892697439759;684.2881961523559;
5,1000,False,False,False,0.8,219.02029968871247;300.60628355016473;14610.007751837169;654.595318530048;,986.4143677963787;509.05098782543155;320.9769568205833;2188.793879495319;
5,1000,False,False,False,0.6,364.98009235146543;3152.558599291817;7178.8531835606345;,1392.9092088233276;1479.7980160924706;1231.1229650670928;
5,1000,False,False,False,0.6,3446.2062508092686;1428.8616466989236;335.0696962238792;,1168.3581464038634;1307.474917828873;1880.7354267777848;
5,1000,False,False,False,0.6,2100.05101260267;918.5556016126711;3138.48473247619;,1907.530764375251;1689.2594221277932;219.32282391318887;
5,1000,False,False,False,0.6,1260.2214493661495;1063.9764143278096;9832.698085194357;,387.15345125747876;172.4589063758013;2469.530702171075;
5,1000,False,False,False,0.6,4177.014919099243;5864.599743362173;3634.6105036157123;,314.2858040003101;825.8862531113748;1175.4199240764922;
5,1000,False,False,False,0.6,442.3066812422905;2642.5224101619533;2087.257906808288;,807.3367870543572;3314.0862910479245;919.0741195232148;
5,1000,False,False,False,0.6,694.1622890409482;1670.4916886354351;5423.865000859395;,1961.406728617818;71.98987976359024;2946.760820552845;
5,1000,False,False,False,0.8,5971.080321266738;3470.227714224247;207.73556169280891;1151.0206320994305;,2081.2863677468654;2130.7999351471553;375.4758186060646;1408.7990556004781;
5,1000,False,False,False,0.8,1481.908156440742;630.0159449975705;1069.4247263337818;2043.14763346802;,708.5580860219695;428.40962572524836;1737.8256495268147;2487.5682351288247;
5,1000,False,False,False,0.8,189.30594279290779;1013.5284163721159;8628.672173979701;1098.3689344518077;,125.9964940667426;1322.1567649528902;1032.751140217955;1137.3545367566062;
5,1000,False,False,False,0.6,4053.3909021648865;1056.3478061104338;1441.0582159788835;,2141.3148892063978;1044.2214420729322;1760.3615967710753;
5,1000,False,False,False,0.4,1612.4931479524905;1614.5126764299841;,646.9695146584651;2178.10048130816;
5,1000,False,False,False,0.8,3870.925675961633;8767.346638817824;880.3844192899362;1461.1227093871034;,2250.7091350012274;1390.2916208070994;236.32205836071637;2274.1400153063646;
5,1000,False,False,False,0.6,3368.934135831119;307.0774645005729;248.15851850607845;,1835.0562201912865;1650.2563119640788;556.7501367879003;
5,1000,False,False,False,0.6,701.2824368456888;269.1044184419716;9531.95339785002;,1198.2170119994073;342.3623853657965;306.7251765315597;
5,1000,False,False,False,0.6,749.6704641954794;15212.377610632695;1925.73020831428;,229.65459332043707;1144.515243692528;2493.1517936904543;
5,1000,False,False,False,0.6,364.05993021301276;6601.138752195553;1132.2104839674914;,336.4389666882908;2510.5903213574784;2272.325271251582;
5,1000,False,False,False,0.8,770.6424204888033;1809.6945512610603;611.3894595697355;1046.9750807441656;,285.60597661938357;174.50228547765315;895.2507843191277;398.1714778172481;
5,1000,False,False,False,0.6,1153.1319916722236;1042.2942298820528;10141.468714698593;,1210.589828478518;516.0170087429814;1759.79159854184;
5,1000,False,False,False,0.8,1178.6368193841906;1391.7894483382609;2699.333609148981;3482.5588133449874;,267.05373302114975;643.9752221546563;1914.1599966676617;1476.7888312137381;
5,1000,False,False,False,0.8,1628.9065190307663;477.77530018522185;5228.744545694112;144.94388648614606;,1245.0946611092234;369.2131029151884;2600.151483799432;1574.191576299457;
5,1000,False,False,False,0.4,7195.12744111126;4311.255468329174;,352.16143110987633;1917.3722938368983;
5,1000,False,False,False,0.6,3689.547570221752;1403.9509149219946;2840.372237079397;,1140.5741793096668;1145.416202867514;4091.823228311783;
5,1000,False,False,False,0.8,278.70665246855367;2701.9020367936705;3594.082887400882;3150.779939560242;,1204.7234842362166;1747.0801391425248;1201.0717723962973;928.9850281712678;
5,1000,False,False,False,0.8,1673.8688127019036;1178.6546607815314;11702.507407091647;4537.420410055354;,755.4629379483687;375.46293039489586;932.4146344833316;1665.0907727751417;
5,1000,False,False,False,0.8,1270.5810185491134;1024.0021548426494;666.1186583188098;1628.7132347409884;,1127.18841374546;1316.6313537322444;1099.4080947195916;1311.2593251399553;
5,1000,False,False,False,0.6,1605.2121355134852;2567.1733923931297;13180.37992217034;,2517.4549029526124;1180.4459592068843;1606.5881970788744;
5,1000,False,False,False,0.6,367.86068000237066;8670.655367041807;654.0714529970427;,880.2596646566794;1016.849053172987;702.2035384420558;
5,1000,False,False,False,0.8,393.2074847783583;2275.7780400964716;366.52869322731334;993.0889489131816;,169.3313581704383;1702.616808663939;769.2333391689953;520.3709069988405;
5,1000,False,False,False,0.8,488.8042894363071;286.07490374029015;1686.7952705811256;2429.6995588246964;,788.1536140734289;1156.1894796818174;1028.8827373222346;2510.7580356231842;
5,1000,False,False,False,0.8,2809.19536330231;2220.6549114310656;11900.710507390528;1400.537394578353;,2706.0755334548767;1520.0990605206068;930.8077198185698;1181.1255000754786;
5,1000,False,False,False,0.6,2018.9912474986058;358.4769998812378;736.9405926679972;,841.6537187429236;1542.36155747214;1500.869588309903;
5,1000,False,False,False,0.4,3109.1817960476437;323.07055364171055;,798.7224391350385;2145.0100505937294;
5,1000,False,False,False,0.6,597.9828339282343;680.7437785019841;5818.151859507092;,376.96489368420885;2316.214787628233;1651.730342122862;
5,1000,False,False,False,0.4,1242.3898960671916;3457.8721748576377;,215.9743132905599;966.1895607979025;
5,1000,False,False,False,0.4,7081.796871171131;897.6626306091418;,3862.265716801577;471.7891809177617;
5,1000,False,False,False,0.6,1086.7323968059484;846.5045332511459;453.19528741105995;,1279.7240406433905;2046.6914864090043;466.1644722850521;
5,1000,False,False,False,0.8,955.5312800866323;6412.093745469869;1596.9542191444923;417.11050474567014;,1051.1159524369612;1465.0172295398831;1865.8692390716083;121.63923231624129;
5,1000,False,False,False,0.6,1574.903461559564;474.9295132040896;1551.9748376103328;,1443.1308022723783;1593.7259811438373;714.5019144758633;
5,1000,False,False,False,0.6,542.7236828801595;1001.0535273422472;760.0304956680582;,2427.661769656418;2694.7624505736294;906.3176323500733;
5,1000,False,False,False,0.6,587.4252814196517;833.0814342992512;2404.889041378396;,2245.901793819835;1082.129116137093;1615.4318883155597;
5,1000,False,False,False,0.8,171.02117206641276;4866.579129797874;1031.9073668551773;953.8221533253893;,1549.5806318914288;860.3578405498947;3609.998420329988;760.5546872479082;
5,1000,False,False,False,0.6,420.88373960926117;5403.535093671757;1102.304605536489;,1853.0324895574674;1277.826312612092;1128.3653820909497;
5,1000,False,False,False,0.6,527.1561207009589;7800.736713402357;2450.997001874099;,413.8255346502432;1617.8718792506686;843.4918302137099;
5,1000,False,False,False,0.6,1209.676460235552;3571.898993460342;1122.6840424916886;,276.45885536461515;2054.428307023443;1656.4495192614343;
5,1000,False,False,False,0.6,822.4000058227647;7604.299630920668;1071.4066653491116;,656.6011305138906;609.0595261107129;1163.1296473687219;
5,1000,False,False,False,0.6,798.816440022897;323.40941522822476;962.5513169404148;,216.70399498996;1422.5022364372112;779.7081370927102;
5,1000,False,False,False,0.6,1854.425884199773;1718.6758411209705;1059.4870188735033;,3172.953093868346;1936.3183113284333;2708.8918424492927;
5,1000,False,False,False,0.8,2473.427859725171;5527.02013087462;1043.2372813487366;932.5127228903647;,2051.00832940263;675.6069563699798;1793.9832211592413;2614.513239314076;
5,1000,False,False,False,0.6,1611.987035684565;1008.7519792726263;966.7036724770592;,1410.2937263593842;702.7183951780365;1312.588743902567;
5,1000,False,False,False,0.6,741.3801393910258;2476.850914923853;318.3955787355099;,1477.5521420909722;895.5588239278835;650.0241794431327;
5,1000,False,False,False,0.8,239.46451752152305;5866.789838152301;1757.9534982075047;632.9926937654885;,806.361612932617;1497.5280815742994;1062.9790299729766;401.16540899608174;
5,1000,False,False,False,0.8,2279.946502570722;10.979334267381935;4983.867504231952;299.99252093251147;,3168.861557949886;520.5169050265299;3144.0143289977727;599.6847888020309;
5,1000,False,False,False,0.6,888.282536671714;1207.5988988467002;2718.5295189156695;,1235.0987554902836;1523.6443536597587;385.8343010450399;
5,1000,False,False,False,0.6,1178.5018148583288;819.50861353808;5582.725946270866;,2569.295399462586;633.4759586098601;1241.8973035295955;
5,1000,False,False,False,0.6,817.4067128816724;3891.6014039282027;1005.4004119074323;,288.2718957698472;963.085231414055;613.1489645528732;
5,1000,False,False,False,0.6,3163.105953690492;1271.9424002683756;570.1813310877545;,330.19810581331524;113.96491272057953;1038.2644927047052;
5,1000,False,False,False,0.6,2771.647927864451;1198.773625636946;1745.1734817211452;,1058.280390793907;1304.065343778407;2281.3882139084903;
5,1000,False,False,False,0.6,3191.7920852292095;1050.1520859114953;3811.9739250065554;,2972.7010852868516;2089.018698066415;1793.3634254121166;
5,1000,False,False,False,0.6,1419.3501789474758;12201.798858382892;10510.615365822507;,3274.5546272710444;887.9141989566629;650.1415573062606;
5,1000,False,False,False,0.8,553.1995801692549;207.24500174167156;1902.2612337938167;18874.513014331336;,937.735170322973;419.62976498222054;1993.4014214462936;793.4010394770398;
5,1000,False,False,False,0.6,1374.3773489491114;7354.753603876193;3342.188107642258;,1141.9150039579342;1874.3123915074423;1362.348003133259;
5,1000,False,False,False,0.6,2901.007389995845;1225.8495423401341;1909.4273047592185;,2692.64586400794;725.5680939001953;2251.698048983218;
5,1000,False,False,False,0.6,1373.83838057967;684.1155590154463;702.0197355163488;,1314.9935477614886;1845.3595555515399;242.03127389577867;
5,1000,False,False,False,0.6,911.6488017216469;2353.7423094490564;1395.3295741589989;,1236.9192541940058;939.523989251235;1286.0219771431675;
5,1000,False,False,False,0.4,4293.852491094578;4046.686026847371;,439.54748167532597;2061.765008604748;
5,1000,False,False,False,0.6,658.1100910598423;3178.828852336425;488.1599109586903;,1589.4825756446685;3045.669798287273;527.3223530484107;
5,1000,False,False,False,0.8,10292.468748354551;5271.9396631462605;13934.653030453544;14258.648593060148;,1363.2463690282673;1533.673300907502;2318.4173764215975;2541.0081188469144;
5,1000,False,False,False,0.8,848.8240357887464;393.2633529368671;4728.359726350615;1289.9422110151177;,1739.3325851127054;2279.049360004558;741.8143113993729;1502.9928549203903;
5,1000,False,False,False,0.8,3155.217356055716;319.6622791405768;1572.6422747035688;783.3761900609218;,2854.8484347703697;2728.4314799811787;3122.15717251966;905.3264860104285;
