num_sources,std,over_predict_sources,FN,FP,percent_possible_detections,localization_error,best_localization_error
1,0,False,False,False,1.0,2.033691978340166e-12;,1.1504299109832135e-11;
1,0,False,False,False,1.0,1.1368683772161603e-13;,6.760305380939147e-12;
1,0,False,False,False,1.0,1.5662399254592424e-11;,3.6450773090749405e-12;
1,0,False,False,False,1.0,3.279229782005122e-12;,4.591822493735649e-11;
1,0,False,False,False,1.0,3.637978807091713e-12;,6.251080877496709e-11;
1,0,False,False,False,1.0,3.3106106863126654e-11;,1.7938039421384038e-11;
1,0,False,False,False,1.0,1.216311031583242e-10;,2.7284841053187847e-12;
1,0,False,False,False,1.0,0.0;,1.324244274525066e-11;
1,0,False,False,False,1.0,0.0;,4.038811914356214e-11;
1,0,False,False,False,1.0,5.684341886080801e-13;,8.829596408280667e-12;
1,0,False,False,False,1.0,3.410605131648481e-13;,1.016845989170083e-12;
1,0,False,False,False,1.0,0.0;,4.022650958394054e-12;
1,0,False,False,False,1.0,1.263008926462543e-09;,1.8393392034483154e-11;
1,0,False,False,False,1.0,2.2737367544323206e-13;,2.033691978340166e-12;
1,0,False,False,False,1.0,0.0;,1.1647215137477994e-11;
1,0,False,False,False,1.0,8.580155856231252e-12;,4.897778860262864e-12;
1,0,False,False,False,1.0,0.0;,8.47930061049313e-11;
1,0,False,False,False,1.0,0.0;,1.8749713606747085e-12;
1,0,False,False,False,1.0,0.0;,1.19625350980331e-11;
1,0,False,False,False,1.0,0.0;,1.6370904631912708e-11;
1,0,False,False,False,1.0,0.0;,1.1395935949750917e-11;
1,0,False,False,False,1.0,0.0;,1.016845989170083e-11;
1,0,False,False,False,1.0,3.9089760635473073e-11;,3.858659226461245e-12;
1,0,False,False,False,1.0,9.094947017729282e-13;,1.8749713606747085e-12;
1,0,False,False,False,1.0,2.033691978340166e-12;,1.19625350980331e-11;
1,0,False,False,False,1.0,2.317545992343206e-12;,4.547473508864641e-13;
1,0,False,False,False,1.0,0.0;,3.6481962743221775e-11;
1,0,False,False,False,1.0,0.0;,9.795557720525728e-12;
1,0,False,False,False,1.0,3.5095183887414785e-11;,3.6662903532026344e-12;
1,0,False,False,False,1.0,2.491168911511038e-11;,1.6377219349459762e-11;
1,0,False,False,False,1.0,5.208286744730389e-10;,3.506276066437064e-11;
1,0,False,False,False,1.0,4.547473508864641e-13;,4.099037227506402e-12;
1,0,False,False,False,1.0,7.1901869436450835e-12;,1.4380373887290168e-12;
1,0,False,False,False,1.0,4.3310668647560174e-10;,1.0219175716994974e-11;
1,0,False,False,False,1.0,4.067383956680332e-12;,9.140308630886366e-12;
1,0,False,False,False,1.0,0.0;,1.1504299109832135e-11;
1,0,False,False,False,1.0,3.4022031781829673e-10;,1.0606439709309235e-11;
1,0,False,False,False,1.0,7.87591035643638e-10;,1.1737856311029015e-11;
1,0,False,False,False,1.0,0.0;,2.6233838256040975e-11;
1,0,False,False,False,1.0,1.0913936421275139e-11;,6.008862932197709e-11;
1,0,False,False,False,1.0,2.9869129287026855e-09;,4.749062685324457e-12;
1,0,False,False,False,1.0,0.0;,1.5116502380437543e-11;
1,0,False,False,False,1.0,1.2862197421537486e-12;,3.551690349880416e-12;
1,0,False,False,False,1.0,9.094947017729282e-13;,3.637978807091713e-12;
1,0,False,False,False,1.0,4.547473508864641e-13;,2.7661201467245607e-12;
1,0,False,False,False,1.0,3.012701199622825e-11;,8.385126836667848e-12;
1,0,False,False,False,1.0,6.821210263296962e-13;,1.4559018921847493e-12;
1,0,False,False,False,1.0,0.0;,8.134767913360665e-12;
1,0,False,False,False,1.0,9.094947017729282e-13;,9.495403454739563e-12;
1,0,False,False,False,1.0,9.094947017729282e-13;,1.3853010579375966e-11;
1,0,False,False,False,1.0,4.912483899502068e-10;,4.912113442111432e-11;
1,0,False,False,False,1.0,4.547473508864641e-13;,1.7565260273684513e-11;
1,0,False,False,False,1.0,0.0;,7.499885442698834e-12;
1,0,False,False,False,1.0,0.0;,3.30560976097081e-11;
1,0,False,False,False,1.0,0.0;,1.4206761399521663e-11;
1,0,False,False,False,1.0,5.730610569474055e-10;,3.310610686312665e-12;
1,0,False,False,False,1.0,3.4926520881641396e-09;,1.1101797659406386e-11;
1,0,False,False,False,1.0,0.0;,1.0645362554641566e-11;
1,0,False,False,False,1.0,1.865174681370263e-13;,1.8189894035458565e-12;
1,0,False,False,False,1.0,2.2737367544323206e-13;,9.094947017729282e-13;
1,0,False,False,False,1.0,1.5118212295309867e-11;,8.735411353108496e-12;
1,0,False,False,False,1.0,2.3874235921539366e-12;,1.669765148811817e-11;
1,0,False,False,False,1.0,9.094947017729282e-13;,9.094947017729282e-12;
1,0,False,False,False,1.0,4.447280296591296e-10;,2.2208251624897056e-11;
1,0,False,False,False,1.0,2.033691978340166e-12;,1.8749713606747085e-12;
1,0,False,False,False,1.0,0.0;,3.637978807091713e-12;
1,0,False,False,False,1.0,2.9955270810128456e-09;,3.432062342492501e-11;
1,0,False,False,False,1.0,9.094947017729282e-13;,1.0655071049641248e-11;
1,0,False,False,False,1.0,4.547473508864641e-13;,5.532240293449121e-12;
1,0,False,False,False,1.0,6.558459564010244e-12;,9.140308630886366e-12;
1,0,False,False,False,1.0,3.221011150701958e-11;,6.1010759350204984e-12;
1,0,False,False,False,1.0,0.0;,3.1767284229450486e-11;
1,0,False,False,False,1.0,0.0;,4.3807065881236834e-11;
1,0,False,False,False,1.0,0.0;,1.0913936421275139e-11;
1,0,False,False,False,1.0,0.0;,3.970910528681311e-12;
1,0,False,False,False,1.0,0.0;,1.8189894035458565e-12;
1,0,False,False,False,1.0,9.094947017729282e-13;,1.251175171291616e-11;
1,0,False,False,False,1.0,0.0;,2.21476432887101e-11;
1,0,False,False,False,1.0,0.0;,3.6662903532026344e-12;
1,0,False,False,False,1.0,0.0;,4.067383956680332e-12;
1,0,False,False,False,1.0,0.0;,2.8760747774580336e-12;
1,0,False,False,False,1.0,4.547473508864641e-13;,2.7661201467245607e-12;
1,0,False,False,False,1.0,8.383962702955632e-10;,1.2732925824820995e-11;
1,0,False,False,False,1.0,6.011787497406505e-11;,3.0926163410039053e-12;
1,0,False,False,False,1.0,7.528266510754885e-11;,1.0616183799292005e-11;
1,0,False,False,False,1.0,5.362597410144533e-13;,4.1179124028246485e-12;
1,0,False,False,False,1.0,1.6867142611642565e-10;,2.033691978340166e-12;
1,0,False,False,False,1.0,9.822542779147625e-11;,2.033691978340166e-12;
1,0,False,False,False,1.0,3.092616341003905e-11;,1.124982816404825e-11;
1,0,False,False,False,1.0,5.124774660490317e-10;,1.543463690584498e-11;
1,0,False,False,False,1.0,0.0;,2.6249599049445918e-11;
1,0,False,False,False,1.0,3.283692331317379e-10;,8.185452315956354e-12;
1,0,False,False,False,1.0,2.5724394843074972e-12;,7.499885442698834e-12;
1,0,False,False,False,1.0,5.846997068309221e-11;,4.547473508864641e-12;
1,0,False,False,False,1.0,2.8072186466127587e-10;,9.549694368615746e-12;
1,0,False,False,False,1.0,9.094947017729282e-13;,7.941821057362622e-12;
1,0,False,False,False,1.0,3.6319825691441443e-10;,1.124982816404825e-11;
1,0,False,False,False,1.0,9.094947017729282e-13;,6.752959882158965e-11;
1,0,False,False,False,1.0,0.0;,1.107382164435505e-11;
1,0,False,False,False,1.0,4.262775567911258e-10;,1.2370465364015621e-11;
1,0,False,False,False,1.0,9.094947017729282e-13;,1.543463690584498e-11;
1,0,False,False,False,1.0,1.8727642129282687e-11;,7.71731845292249e-12;
1,0,False,False,False,1.0,2.6937783731445753e-10;,7.332580706405269e-12;
1,0,False,False,False,1.0,1.016845989170083e-12;,3.865352482534945e-12;
1,0,False,False,False,1.0,4.547473508864641e-13;,2.992016406932813e-11;
1,0,False,False,False,1.0,0.0;,9.094947017729282e-12;
1,0,False,False,False,1.0,2.033691978340166e-12;,2.1903532940618417e-11;
1,0,False,False,False,1.0,4.547473508864641e-13;,9.495403454739563e-12;
1,0,False,False,False,1.0,6.558459564010244e-12;,6.558459564010244e-12;
1,0,False,False,False,1.0,0.0;,8.385126836667848e-12;
1,0,False,False,False,1.0,9.094947017729282e-13;,2.2393709973121314e-11;
1,0,False,False,False,1.0,6.431098710768743e-13;,6.760305380939147e-12;
1,0,False,False,False,1.0,1.707883955952551e-10;,3.811477339295427e-12;
1,0,False,False,False,1.0,4.547473508864641e-13;,1.5006662579253316e-11;
1,0,False,False,False,1.0,4.547473508864641e-13;,1.7494479890657516e-11;
1,0,False,False,False,1.0,2.448889430131432e-12;,4.547473508864641e-12;
1,0,False,False,False,1.0,9.927276321703277e-13;,5.697967974875459e-12;
1,0,False,False,False,1.0,9.374856803373543e-12;,1.9057386696477137e-12;
1,0,False,False,False,1.0,9.094947017729282e-13;,2.6186498960465485e-11;
1,0,False,False,False,1.0,2.4479443670100344e-09;,1.639614891002561e-12;
1,0,False,False,False,1.0,0.0;,1.016845989170083e-11;
1,0,False,False,False,1.0,0.0;,3.6662903532026344e-12;
1,0,False,False,False,1.0,0.0;,9.374856803373542e-13;
1,0,False,False,False,1.0,6.431098710768743e-13;,3.6662903532026344e-12;
1,0,False,False,False,1.0,9.094947017729282e-13;,9.275062463698822e-12;
1,0,False,False,False,1.0,2.033691978340166e-12;,1.2751183833470307e-11;
1,0,False,False,False,1.0,7.158275825661034e-10;,1.8189894035458565e-12;
1,0,False,False,False,1.0,0.0;,7.332580706405269e-12;
1,0,False,False,False,1.0,2.637534635141492e-11;,6.558459564010244e-12;
1,0,False,False,False,1.0,0.0;,1.8990806909479126e-11;
1,0,False,False,False,1.0,1.3520610761878294e-11;,1.0289757937229989e-11;
1,0,False,False,False,1.0,0.0;,1.016845989170083e-11;
1,0,False,False,False,1.0,4.547473508864641e-13;,9.094947017729282e-13;
1,0,False,False,False,1.0,2.2087243147694986e-10;,4.7477017273697814e-12;
1,0,False,False,False,1.0,0.0;,1.2862197421537486e-11;
1,0,False,False,False,1.0,5.684341886080802e-14;,1.2202151870040997e-11;
1,0,False,False,False,1.0,0.0;,1.1064480586898243e-11;
1,0,False,False,False,1.0,0.0;,6.558459564010244e-12;
1,0,False,False,False,1.0,0.0;,1.2862197421537486e-11;
1,0,False,False,False,1.0,4.92510538391719e-10;,9.094947017729282e-13;
1,0,False,False,False,1.0,1.445438615502726e-10;,9.363821064641343e-12;
1,0,False,False,False,1.0,6.892545232163694e-11;,7.107018795108063e-12;
1,0,False,False,False,1.0,1.775845174940208e-11;,1.639614891002561e-12;
1,0,False,False,False,1.0,0.0;,7.332580706405269e-12;
1,0,False,False,False,1.0,1.0347389574344776e-09;,7.402750541632352e-12;
1,0,False,False,False,1.0,0.0;,3.637978807091713e-12;
1,0,False,False,False,1.0,1.210057408220606e-11;,5.0138344411607124e-12;
1,0,False,False,False,1.0,1.5878602815743722e-09;,2.6043964795965355e-11;
1,0,False,False,False,1.0,0.0;,1.1647215137477994e-11;
1,0,False,False,False,1.0,4.582862941503293e-13;,1.8749713606747085e-12;
1,0,False,False,False,1.0,2.4445083853359043e-10;,6.431098710768743e-12;
1,0,False,False,False,1.0,3.637978807091713e-12;,2.220359531881277e-11;
1,0,False,False,False,1.0,3.753869832948883e-11;,4.092726157978177e-12;
1,0,False,False,False,1.0,3.410605131648481e-13;,1.5097680535322095e-11;
1,0,False,False,False,1.0,9.795557720525728e-12;,3.410605131648481e-12;
1,0,False,False,False,1.0,0.0;,1.4665161412810538e-11;
1,0,False,False,False,1.0,0.0;,3.279229782005122e-12;
1,0,False,False,False,1.0,0.0;,7.332580706405269e-12;
1,0,False,False,False,1.0,1.8410599683081325e-12;,4.834030647877921e-12;
1,0,False,False,False,1.0,9.094947017729282e-13;,4.7302468825167466e-11;
1,0,False,False,False,1.0,0.0;,1.324244274525066e-11;
1,0,False,False,False,1.0,8.666983460131066e-10;,7.275957614183426e-12;
1,0,False,False,False,1.0,1.021431792442909e-09;,6.9414170513817895e-12;
1,0,False,False,False,1.0,3.3656258196203725e-10;,6.821210263296962e-13;
1,0,False,False,False,1.0,6.558459564010244e-12;,1.016845989170083e-11;
1,0,False,False,False,1.0,4.547473508864641e-13;,4.834030647877921e-11;
1,0,False,False,False,1.0,4.547473508864641e-13;,7.402750541632352e-12;
1,0,False,False,False,1.0,1.3412503107848007e-10;,8.385126836667848e-12;
1,0,False,False,False,1.0,1.1504299109832135e-11;,6.3175521015408794e-12;
1,0,False,False,False,1.0,3.1239680101713794e-09;,3.498895978131503e-11;
1,0,False,False,False,1.0,2.0305169403896416e-10;,1.1064480586898243e-11;
1,0,False,False,False,1.0,0.0;,8.385126836667848e-12;
1,0,False,False,False,1.0,0.0;,1.4665161412810538e-11;
1,0,False,False,False,1.0,0.0;,7.77072613829435e-12;
1,0,False,False,False,1.0,3.3654560782268747e-10;,1.9426815345735873e-12;
1,0,False,False,False,1.0,4.963638160851638e-13;,2.207399102070167e-12;
1,0,False,False,False,1.0,1.2675710241790457e-10;,1.8331451766013172e-12;
1,0,False,False,False,1.0,3.315058283899367e-11;,4.130197596044869e-11;
1,0,False,False,False,1.0,4.1393500949331907e-10;,9.374856803373543e-12;
1,0,False,False,False,1.0,6.976039663196919e-10;,3.710426154268931e-12;
1,0,False,False,False,1.0,6.805281571204376e-10;,3.6662903532026344e-12;
1,0,False,False,False,1.0,0.0;,6.327364510407674e-11;
1,0,False,False,False,1.0,3.003759747429256e-09;,1.8189894035458565e-11;
1,0,False,False,False,1.0,2.2737367544323206e-13;,1.8189894035458565e-12;
1,0,False,False,False,1.0,8.436030657126042e-13;,2.8760747774580336e-12;
1,0,False,False,False,1.0,1.9336122591511685e-11;,9.094947017729282e-13;
1,0,False,False,False,1.0,1.0923406216047e-10;,6.996018642396734e-11;
1,0,False,False,False,1.0,3.799250148259566e-11;,6.431098710768743e-12;
1,0,False,False,False,1.0,6.431098710768743e-13;,4.897778860262864e-12;
1,0,False,False,False,1.0,0.0;,7.77072613829435e-12;
1,0,False,False,False,1.0,0.0;,1.8749713606747085e-11;
1,0,False,False,False,1.0,7.350748639662164e-11;,4.547473508864641e-12;
1,0,False,False,False,1.0,0.0;,6.407904931187126e-11;
1,0,False,False,False,1.0,3.989355209243751e-11;,7.71731845292249e-12;
1,0,False,False,False,1.0,0.0;,1.411915463564585e-11;
1,0,False,False,False,1.0,0.0;,4.4999312656193e-11;
1,0,False,False,False,1.0,8.818892524616175e-10;,3.0926163410039053e-12;
1,0,False,False,False,1.0,4.547473508864641e-13;,1.084741638067186e-11;
1,0,False,False,False,1.0,4.092726157978177e-12;,1.0923406216047e-11;
1,0,False,False,False,1.0,2.2737367544323206e-13;,2.2737367544323206e-12;
1,0,False,False,False,1.0,1.6676274222389362e-10;,5.322681277320783e-12;
1,0,False,False,False,1.0,0.0;,2.8760747774580336e-12;
1,0,False,False,False,1.0,5.684341886080801e-13;,1.2737492780529208e-11;
1,0,False,False,False,1.0,1.1368683772161603e-13;,2.2737367544323206e-12;
1,0,False,False,False,1.0,0.0;,1.3021982397982677e-11;
1,0,False,False,False,1.0,4.290077928115626e-12;,7.622954678590855e-12;
1,0,False,False,False,1.0,1.8189894035458565e-12;,3.339220666145742e-11;
1,0,False,False,False,1.0,3.858659226461245e-12;,4.067383956680332e-12;
1,0,False,False,False,1.0,3.979039320256561e-13;,5.752149554916067e-12;
1,0,False,False,False,1.0,0.0;,1.7087854055767762e-11;
1,0,False,False,False,1.0,0.0;,1.411915463564585e-11;
1,0,False,False,False,1.0,6.558459564010244e-12;,6.046600952175017e-11;
1,0,False,False,False,1.0,0.0;,2.729999508993139e-11;
1,0,False,False,False,1.0,2.2737367544323206e-13;,3.6662903532026344e-12;
1,0,False,False,False,1.0,2.2737367544323206e-13;,3.865352482534945e-12;
1,0,False,False,False,1.0,1.1698944574320538e-10;,9.140308630886366e-12;
1,0,False,False,False,1.0,6.597341915010941e-10;,1.4665161412810538e-11;
1,0,False,False,False,1.0,9.094947017729282e-13;,1.590965956396385e-11;
1,0,False,False,False,1.0,1.016845989170083e-11;,1.324244274525066e-11;
1,0,False,False,False,1.0,7.280503667494304e-11;,6.62122137262533e-12;
1,0,False,False,False,1.0,7.546751163633749e-11;,1.5916157281026244e-12;
1,0,False,False,False,1.0,4.547473508864641e-13;,1.2370465364015621e-11;
1,0,False,False,False,1.0,0.0;,5.823607568738997e-12;
1,0,False,False,False,1.0,0.0;,4.7477017273697814e-12;
1,0,False,False,False,1.0,1.8189894035458565e-12;,6.997791956263006e-11;
1,0,False,False,False,1.0,0.0;,1.8550124927397645e-11;
1,0,False,False,False,1.0,0.0;,2.1618442267944762e-11;
1,0,False,False,False,1.0,0.0;,5.532240293449121e-12;
1,0,False,False,False,1.0,0.0;,1.8749713606747085e-12;
1,0,False,False,False,1.0,1.5502157772908653e-09;,3.028767570021357e-11;
1,0,False,False,False,1.0,0.0;,1.4206761399521663e-11;
1,0,False,False,False,1.0,4.547473508864641e-13;,1.4038368172289785e-11;
1,0,False,False,False,1.0,2.2737367544323206e-13;,9.374856803373543e-12;
1,0,False,False,False,1.0,0.0;,7.332580706405269e-12;
1,0,False,False,False,1.0,1.224444715065716e-12;,6.0028372820143364e-12;
1,0,False,False,False,1.0,0.0;,4.067383956680332e-12;
1,0,False,False,False,1.0,2.033691978340166e-12;,4.570154315443183e-12;
1,0,False,False,False,1.0,0.0;,1.000444171950221e-11;
1,0,False,False,False,1.0,0.0;,1.1647215137477994e-11;
1,0,False,False,False,1.0,1.506168260828344e-10;,3.749942721349417e-12;
1,0,False,False,False,1.0,2.125305420974213e-11;,1.2862197421537486e-12;
1,0,False,False,False,1.0,2.0206344309552246e-10;,1.8990806909479126e-11;
1,0,False,False,False,1.0,0.0;,9.196696017241577e-12;
1,0,False,False,False,1.0,0.0;,3.749942721349417e-12;
1,0,False,False,False,1.0,4.526662123461374e-10;,4.067383956680332e-12;
1,0,False,False,False,1.0,1.8189894035458565e-12;,2.5270208406163518e-11;
1,0,False,False,False,1.0,2.9789608763705375e-09;,1.4482471614696059e-11;
1,0,False,False,False,1.0,2.5579538487363607e-13;,8.829596408280667e-12;
1,0,False,False,False,1.0,0.0;,1.6207453324747562e-11;
1,0,False,False,False,1.0,2.2296536684973512e-11;,1.2635104203081759e-11;
1,0,False,False,False,1.0,0.0;,1.6770253673335696e-11;
1,0,False,False,False,1.0,0.0;,2.3825463172087868e-11;
1,0,False,False,False,1.0,1.2862197421537486e-12;,3.749942721349417e-12;
1,0,False,False,False,1.0,4.547473508864641e-13;,1.337452083121456e-11;
1,0,False,False,False,1.0,6.273964473859782e-10;,1.3642420526593924e-12;
1,0,False,False,False,1.0,0.0;,1.1647215137477994e-11;
1,0,False,False,False,1.0,0.0;,7.73070496506989e-12;
1,0,False,False,False,1.0,5.6179705641667095e-11;,6.558459564010244e-12;
1,0,False,False,False,1.0,3.848594829806372e-10;,3.183231456205249e-12;
1,0,False,False,False,1.0,0.0;,5.6418002420362693e-11;
1,0,False,False,False,1.0,4.547473508864641e-13;,5.823607568738997e-12;
1,0,False,False,False,1.0,2.1865735616613724e-11;,1.7160311712462504e-11;
1,0,False,False,False,1.0,7.494311190668975e-10;,4.206412995699793e-12;
1,0,False,False,False,1.0,2.298414139461895e-10;,3.279229782005122e-12;
1,0,False,False,False,1.0,0.0;,1.0369835082193621e-11;
1,0,False,False,False,1.0,0.0;,7.103380699760832e-12;
1,0,False,False,False,1.0,2.2802076961931835e-11;,2.572439484307497e-11;
1,0,False,False,False,1.0,3.979400503188441e-10;,6.431098710768743e-12;
1,0,False,False,False,1.0,0.0;,9.151613902530748e-12;
1,0,False,False,False,1.0,1.8319643636085822e-09;,1.22359997904584e-11;
1,0,False,False,False,1.0,3.762673673297741e-11;,6.558459564010244e-12;
1,0,False,False,False,1.0,0.0;,1.6990763190069088e-11;
1,0,False,False,False,1.0,5.084229945850415e-12;,7.458411103860602e-12;
1,0,False,False,False,1.0,0.0;,1.1395935949750917e-11;
1,0,False,False,False,1.0,1.462246028873624e-09;,8.134767913360665e-12;
1,0,False,False,False,1.0,6.821210263296962e-13;,6.558459564010244e-12;
1,0,False,False,False,1.0,0.0;,4.897778860262864e-12;
1,0,False,False,False,1.0,0.0;,1.0989466294262977e-11;
1,0,False,False,False,1.0,0.0;,3.3981526380138176e-11;
1,0,False,False,False,1.0,9.275062463698822e-12;,9.094947017729282e-12;
1,0,False,False,False,1.0,0.0;,1.6990763190069088e-11;
1,0,False,False,False,1.0,0.0;,4.092726157978177e-12;
1,0,False,False,False,1.0,1.8003079478083816e-09;,7.103380699760832e-12;
1,0,False,False,False,1.0,2.2737367544323206e-13;,9.795557720525728e-12;
1,0,False,False,False,1.0,8.526512829121202e-14;,3.751665644813329e-12;
1,0,False,False,False,1.0,5.303219854654618e-12;,8.957483989248525e-12;
1,0,False,False,False,1.0,5.684341886080801e-13;,1.0961793132074624e-11;
1,0,False,False,False,1.0,3.410605131648481e-13;,1.2732925824820995e-11;
1,0,False,False,False,1.0,4.085646186507111e-11;,8.385126836667848e-12;
1,0,False,False,False,1.0,2.815998874342967e-10;,2.8760747774580336e-12;
1,0,False,False,False,1.0,3.8242062222031817e-11;,1.8749713606747085e-12;
1,0,False,False,False,1.0,1.546140993013978e-11;,1.4999770885397668e-11;
1,0,False,False,False,1.0,2.4170153239389606e-12;,6.1010759350204984e-12;
1,0,False,False,False,1.0,1.3642420526593924e-12;,8.687935939880299e-12;
1,0,False,False,False,1.0,0.0;,7.332580706405269e-12;
1,0,False,False,False,1.0,0.0;,5.823607568738997e-12;
1,0,False,False,False,1.0,1.835345336720708e-09;,9.094947017729282e-13;
1,0,False,False,False,1.0,9.094947017729282e-13;,4.555651607504185e-11;
1,0,False,False,False,1.0,0.0;,1.1647215137477994e-11;
1,0,False,False,False,1.0,4.547473508864641e-13;,1.1936576582599344e-11;
2,0,False,False,False,0.5,1.1368683772161603e-12;,3.2155493553843714e-12;
2,0,False,False,False,0.5,726.9798710277107;,8.829596408280667e-12;
2,0,False,False,False,1.0,3.5681182267476324e-10;0.0;,9.094947017729282e-12;3.9266584544607944e-11;
2,0,False,False,False,1.0,1.9729118303739595e-10;4.547473508864641e-12;,9.795557720525728e-12;7.77072613829435e-12;
2,0,False,False,False,1.0,0.0;1.6667988589381e-09;,1.0951766470309208e-11;4.440719063762554e-11;
2,0,False,False,False,1.0,4.183447778278559e-11;0.0;,8.413276819886116e-12;1.2370465364015621e-11;
2,0,False,False,False,1.0,1.2274098754510978e-12;5.0351847805964676e-11;,5.823607568738997e-12;5.4569682106375694e-12;
2,0,False,False,False,0.5,4.567413805031093e-13;,2.2737367544323206e-13;
2,0,False,False,False,1.0,0.0;2.065193927064639e-10;,1.084741638067186e-11;1.6770253673335696e-11;
2,0,False,False,False,1.0,0.0;4.644246887861736e-10;,2.5724394843074972e-12;1.274104372543834e-11;
2,0,False,False,False,1.0,4.547473508864641e-13;0.0;,3.663204435205904e-12;2.1903532940618417e-11;
2,0,False,False,False,1.0,2.2737367544323206e-13;0.0;,6.9414170513817895e-12;9.140308630886366e-12;
2,0,False,False,False,1.0,5.084229945850415e-13;2.381976173792158e-09;,3.3801526904695734e-12;4.184664092582294e-11;
2,0,False,False,False,1.0,5.529997038524111e-11;9.094947017729282e-13;,9.094947017729282e-12;9.973388023109378e-12;
2,0,False,False,False,1.0,4.547473508864641e-13;1.0987960784797146e-10;,1.472847974646506e-11;4.123934213113765e-11;
2,0,False,False,False,1.0,4.7477017273697814e-12;0.0;,3.749942721349417e-12;2.5856696039826602e-11;
2,0,False,False,False,1.0,4.547473508864641e-13;0.0;,5.532240293449121e-12;2.371672018926856e-11;
2,0,False,False,False,1.0,0.0;2.845147143178685e-09;,1.4665161412810538e-11;6.013679105241514e-11;
2,0,False,False,False,1.0,1.4796559212551253e-10;3.385581047632156e-10;,9.837689346015367e-12;5.234930151767243e-11;
2,0,False,False,False,1.0,7.71731845292249e-12;4.547473508864641e-13;,1.4665161412810538e-11;2.1832609280241383e-11;
2,0,False,False,False,1.0,3.7865792389067194e-11;1.368970808788651e-11;,1.0435064581705444e-12;7.332580706405269e-12;
2,0,False,False,False,1.0,0.0;0.0;,3.858659226461245e-12;8.580155856231252e-12;
2,0,False,False,False,1.0,6.821210263296962e-13;5.500347326432875e-10;,3.310610686312665e-12;6.926505289687983e-12;
2,0,False,False,False,1.0,3.529903082259756e-13;0.0;,3.92345716940057e-12;2.1903532940618417e-11;
2,0,False,False,False,0.5,75.09748201664303;,5.532240293449121e-12;
2,0,False,False,False,1.0,0.0;4.547473508864641e-13;,1.6090603833576217e-11;7.941821057362622e-12;
2,0,False,False,False,1.0,9.094947017729282e-13;0.0;,1.2040074848185874e-11;1.1395935949750917e-11;
2,0,False,False,False,1.0,0.0;1.5101994520364546e-10;,3.858659226461245e-12;4.637531231849411e-12;
2,0,False,False,False,0.5,50.38759462780848;,7.332580706405269e-12;
2,0,False,False,False,1.0,4.547473508864641e-13;0.0;,4.4787419946242626e-12;1.993121895867364e-11;
2,0,False,False,False,0.5,0.0;,7.499885442698834e-12;
2,0,False,False,False,1.0,0.0;4.547473508864641e-13;,1.5883642114725243e-11;3.637978807091713e-12;
2,0,False,False,False,1.0,0.0;4.547473508864641e-13;,7.499885442698834e-12;3.637978807091713e-12;
2,0,False,False,False,1.0,2.979202573289367e-10;0.0;,1.8189894035458565e-12;4.547473508864641e-11;
2,0,False,False,False,1.0,3.371346704858675e-11;2.0903544163158956e-11;,4.687428401686771e-12;1.4235843848381163e-11;
2,0,False,False,False,1.0,6.61756151168466e-10;5.752149554916067e-12;,7.332580706405269e-12;1.4999770885397668e-11;
2,0,False,False,False,1.0,9.094947017729282e-13;5.5933924159035087e-11;,5.189900644160537e-12;6.501614972681103e-11;
2,0,False,False,False,1.0,4.715633552857941e-10;7.77072613829435e-12;,9.363821064641343e-12;7.402750541632352e-12;
2,0,False,False,False,1.0,0.0;4.547473508864641e-13;,1.7160311712462504e-11;2.7284841053187847e-12;
2,0,False,False,False,0.5,1.0506533812119083e-10;,9.795557720525728e-12;
2,0,False,False,False,1.0,2.8760747774580336e-12;7.83713885429348e-11;,1.0951766470309208e-11;1.8331451766013172e-12;
2,0,False,False,False,0.5,4.547473508864641e-13;,9.094947017729282e-13;
2,0,False,False,False,1.0,2.2737367544323206e-13;3.79436527082675e-11;,9.374856803373543e-12;5.624914082024125e-12;
2,0,False,False,False,1.0,8.134767913360665e-12;0.0;,1.1064480586898243e-11;3.339220666145742e-11;
2,0,False,False,False,1.0,6.431098710768743e-13;2.033691978340166e-12;,1.016845989170083e-12;2.121287941861847e-11;
2,0,False,False,False,1.0,0.0;0.0;,2.44719995809168e-11;2.448889430131432e-11;
2,0,False,False,False,1.0,2.6922425814729076e-11;4.067383956680332e-12;,4.918844673007683e-12;8.543927027883881e-12;
2,0,False,False,False,1.0,0.0;2.2716041260864683e-12;,4.897778860262864e-12;2.145038964057813e-12;
2,0,False,False,False,1.0,4.547473508864641e-13;6.821210263296962e-13;,1.8749713606747085e-12;7.957039150107289e-11;
2,0,False,False,False,1.0,7.32149590064467e-10;0.0;,2.2737367544323206e-12;9.094947017729282e-12;
2,0,False,False,False,1.0,3.2155493553843714e-12;0.0;,3.749942721349417e-12;2.9118037843694986e-12;
2,0,False,False,False,1.0,0.0;0.0;,4.067383956680332e-12;7.598500296519131e-11;
2,0,False,False,False,1.0,4.5965487918802417e-11;9.094947017729282e-13;,7.103380699760832e-12;4.067383956680332e-12;
2,0,False,False,False,1.0,2.2737367544323206e-13;9.609732596347458e-12;,3.637978807091713e-12;7.332580706405269e-12;
2,0,False,False,False,1.0,1.411915463564585e-11;5.084229945850415e-13;,7.402750541632352e-12;6.0028372820143364e-12;
2,0,False,False,False,1.0,4.067383956680332e-12;6.821210263296962e-13;,5.4569682106375694e-12;1.1647215137477994e-11;
2,0,False,False,False,1.0,4.547473508864641e-13;0.0;,3.749942721349417e-12;6.62122137262533e-12;
2,0,False,False,False,1.0,9.094947017729282e-13;0.0;,6.382683226374047e-12;5.823607568738997e-11;
2,0,False,False,False,1.0,1.2789769243681803e-13;9.094947017729282e-13;,2.033691978340166e-12;8.543927027883881e-12;
2,0,False,False,False,1.0,7.326692888944215e-10;3.5231152975350823e-10;,1.016845989170083e-12;2.033691978340166e-12;
2,0,False,False,False,1.0,4.547473508864641e-13;5.084229945850415e-13;,4.547473508864641e-12;1.016845989170083e-12;
2,0,False,False,False,0.5,92.08119295579638;,4.290077928115626e-12;
2,0,False,False,False,1.0,5.448808869607522e-10;4.547473508864641e-13;,5.823607568738997e-12;2.033691978340166e-12;
2,0,False,False,False,1.0,6.73233141861323e-10;4.547473508864641e-13;,2.259137972646244e-11;1.8240981371610888e-11;
2,0,False,False,False,0.5,175.34391303886184;,1.747082270621699e-11;
2,0,False,False,False,1.0,2.929151908608749e-11;9.094947017729282e-13;,6.1179998952292e-12;1.0259567873325503e-11;
2,0,False,False,False,1.0,0.0;9.361475968188426e-10;,9.094947017729282e-13;5.420132511544678e-12;
2,0,False,False,False,0.5,175.71009406579682;,1.9638558007217565e-11;
2,0,False,False,False,1.0,7.568504305296864e-12;3.9498570626418116e-10;,6.175037452043016e-12;1.274104372543834e-11;
2,0,False,False,False,1.0,2.2737367544323206e-13;0.0;,6.067086389578587e-12;4.834030647877921e-12;
2,0,False,False,False,1.0,0.0;6.117854654384756e-11;,7.71731845292249e-12;9.094947017729282e-13;
2,0,False,False,False,1.0,6.377121053446899e-13;2.0438351433989948e-11;,4.7881042064526e-12;1.1395935949750917e-11;
2,0,False,False,False,1.0,1.9166454497019812e-10;2.572439484307497e-11;,6.3175521015408794e-12;9.094947017729282e-13;
2,0,False,False,False,0.5,149.61479170372903;,3.183231456205249e-12;
2,0,False,False,False,1.0,9.209495028067618e-10;5.463785162965211e-10;,1.828061726177273e-11;3.0505379675102492e-12;
2,0,False,False,False,1.0,3.906594719394803e-11;0.0;,2.8760747774580336e-12;2.4080149696371748e-11;
2,0,False,False,False,1.0,1.2862197421537486e-12;2.5724394843074972e-12;,2.7284841053187847e-12;1.753138033218532e-11;
2,0,False,False,False,0.5,164.05178092122543;,3.279229782005122e-12;
2,0,False,False,False,1.0,2.2720674121195546e-09;0.0;,3.858659226461245e-12;2.129072510928313e-11;
2,0,False,False,False,1.0,6.431098710768743e-13;0.0;,4.570154315443183e-12;1.4665161412810538e-11;
2,0,False,False,False,1.0,1.0606439709309235e-11;4.547473508864641e-13;,1.8749713606747085e-12;2.7284841053187847e-12;
2,0,False,False,False,1.0,4.674174571949238e-11;4.834030647877921e-12;,5.475883235154604e-12;1.3312529670933552e-11;
2,0,False,False,False,0.5,54.65270507888097;,6.558459564010244e-12;
2,0,False,False,False,1.0,1.2662820500932789e-12;0.0;,5.550898829703193e-12;2.033691978340166e-12;
2,0,False,False,False,1.0,6.431098710768743e-13;1.8189894035458565e-12;,1.639614891002561e-12;4.547473508864641e-12;
2,0,False,False,False,1.0,4.897778860262864e-12;0.0;,1.9293296132306226e-12;2.9999541770795335e-11;
2,0,False,False,False,1.0,7.458411103860602e-12;2.5724394843074972e-12;,1.3830600733622803e-12;9.275062463698822e-12;
2,0,False,False,False,1.0,0.0;1.2862197421537486e-12;,1.4999770885397668e-11;5.823607568738997e-12;
2,0,False,False,False,1.0,0.0;0.0;,9.275062463698822e-12;1.3853010579375966e-11;
2,0,False,False,False,1.0,4.547473508864641e-13;6.659370885489049e-11;,6.9414170513817895e-12;2.033691978340166e-12;
2,0,False,False,False,1.0,1.1368683772161603e-12;1.2361184033187381e-09;,8.957483989248525e-12;6.251080877496709e-11;
2,0,False,False,False,1.0,6.298712517375697e-11;0.0;,9.668061295755842e-12;1.6090603833576217e-11;
2,0,False,False,False,1.0,3.799750876027016e-10;0.0;,5.475883235154604e-12;0.0;
2,0,False,False,False,1.0,3.4707085256908947e-12;3.4587714016754794e-11;,3.915599813648106e-12;3.749942721349417e-12;
2,0,False,False,False,1.0,0.0;1.8749713606747085e-12;,9.795557720525728e-12;2.7526304530368282e-11;
2,0,False,False,False,1.0,0.0;0.0;,3.354050734667139e-11;2.643799571842216e-11;
2,0,False,False,False,1.0,4.0990372275064023e-13;0.0;,9.713407672867936e-13;2.0997315697268633e-11;
2,0,False,False,False,1.0,2.8421709430404007e-13;8.572537585799866e-10;,3.858659226461245e-12;8.829596408280667e-12;
2,0,False,False,False,1.0,4.61658157843134e-12;5.533675499360533e-10;,2.8760747774580336e-12;7.103380699760832e-12;
2,0,False,False,False,0.5,293.3193195149846;,1.7565260273684513e-11;
2,0,False,False,False,1.0,1.2862197421537486e-12;0.0;,3.279229782005122e-12;4.067383956680332e-12;
2,0,False,False,False,1.0,0.0;1.8189894035458565e-12;,5.755743525622798e-11;6.027418394580633e-11;
2,0,False,False,False,1.0,4.547473508864641e-13;2.9118037843694986e-12;,1.524590935718171e-11;5.084229945850415e-12;
2,0,False,False,False,1.0,0.0;9.137368737212181e-11;,5.1849175410968106e-12;9.795557720525728e-12;
2,0,False,False,False,1.0,0.0;0.0;,4.067383956680332e-12;2.7661201467245607e-12;
2,0,False,False,False,1.0,0.0;1.3157037455989784e-09;,2.9330322825621076e-11;5.206410344312357e-11;
2,0,False,False,False,1.0,6.9414170513817895e-12;0.0;,9.795557720525728e-12;1.6019762327967815e-11;
2,0,False,False,False,1.0,0.0;0.0;,8.385126836667848e-12;1.5647538506605318e-11;
2,0,False,False,False,1.0,1.7240915663568397e-09;1.4089904718068822e-10;,7.77072613829435e-12;4.320099833421409e-12;
2,0,False,False,False,1.0,0.0;1.8189894035458565e-12;,8.134767913360665e-12;3.6391154978887343e-11;
2,0,False,False,False,0.5,2.2737367544323206e-13;,6.558459564010244e-12;
2,0,False,False,False,1.0,0.0;0.0;,9.363821064641343e-12;1.6471649611298594e-11;
2,0,False,False,False,1.0,4.570154315443183e-12;4.0347777439316817e-11;,4.856703836433968e-13;1.8749713606747085e-12;
2,0,False,False,False,1.0,1.0425860325396392e-09;2.2737367544323206e-13;,2.5724394843074972e-12;1.8773136118823472e-11;
2,0,False,False,False,1.0,2.5724394843074972e-12;0.0;,9.795557720525728e-12;2.0029543107325698e-11;
2,0,False,False,False,0.5,6.840131826034541e-12;,2.7661201467245607e-12;
2,0,False,False,False,1.0,9.094947017729282e-13;2.033691978340166e-12;,1.016845989170083e-11;2.0029543107325698e-11;
2,0,False,False,False,1.0,0.0;0.0;,4.067383956680332e-12;1.800707639015248e-11;
2,0,False,False,False,1.0,4.547473508864641e-13;6.431098710768743e-13;,4.897778860262864e-12;4.547473508864641e-12;
2,0,False,False,False,1.0,4.547473508864641e-13;0.0;,4.092726157978177e-12;4.547473508864641e-12;
2,0,False,False,False,1.0,1.4211709614507073e-10;0.0;,5.7269286085761144e-11;1.8727642129282687e-11;
2,0,False,False,False,0.5,5.752149554916067e-12;,1.2862197421537486e-12;
2,0,False,False,False,1.0,8.134767913360665e-12;1.9802942495775987e-09;,6.366462912410498e-12;2.033691978340166e-12;
2,0,False,False,False,1.0,5.563870780678415e-10;1.0231815394945443e-12;,1.1504299109832135e-11;2.8760747774580336e-12;
2,0,False,False,False,1.0,0.0;2.984279490192421e-13;,5.475883235154604e-12;3.208633511439223e-12;
2,0,False,False,False,1.0,0.0;5.021749793803808e-10;,9.795557720525728e-12;4.414798204140334e-11;
2,0,False,False,False,1.0,0.0;2.0259198632411572e-10;,1.0606439709309235e-11;6.463174215037677e-12;
2,0,False,False,False,1.0,0.0;0.0;,5.4569682106375694e-12;7.71731845292249e-12;
2,0,False,False,False,0.5,521.7215322108425;,5.823607568738997e-12;
2,0,False,False,False,1.0,2.5421149729252077e-13;0.0;,1.4062285205060312e-12;4.834030647877921e-11;
2,0,False,False,False,1.0,9.094947017729282e-13;2.14176989197801e-09;,4.067383956680332e-12;1.1477304237017927e-11;
2,0,False,False,False,1.0,4.547473508864641e-13;1.8727642129282687e-11;,4.2719635139419405e-12;3.7730330427969495e-11;
2,0,False,False,False,1.0,1.6270616189714585e-09;0.0;,1.2370465364015621e-11;9.837689346015367e-12;
2,0,False,False,False,1.0,3.5952085129730114e-10;5.827157467007545e-11;,5.9117155615240335e-12;1.324244274525066e-11;
2,0,False,False,False,1.0,1.8189894035458565e-12;0.0;,1.324244274525066e-11;9.275062463698822e-12;
2,0,False,False,False,1.0,9.776116200944873e-11;0.0;,2.033691978340166e-12;4.067383956680332e-12;
2,0,False,False,False,1.0,2.2737367544323206e-13;1.4442363492911105e-10;,9.275062463698822e-12;1.2862197421537486e-11;
2,0,False,False,False,1.0,0.0;0.0;,7.499885442698834e-12;3.6662903532026344e-11;
2,0,False,False,False,1.0,1.4787086113869846e-09;0.0;,7.499885442698834e-12;1.016845989170083e-11;
2,0,False,False,False,1.0,9.530185268835147e-11;3.310610686312665e-12;,5.475883235154604e-12;7.103380699760832e-12;
2,0,False,False,False,1.0,0.0;3.410605131648481e-13;,1.8189894035458565e-11;9.094947017729282e-13;
2,0,False,False,False,1.0,0.0;4.067383956680332e-12;,8.580155856231252e-12;1.3116919128020487e-11;
2,0,False,False,False,1.0,0.0;1.8189894035458565e-12;,5.084229945850415e-12;8.104205120596985e-11;
2,0,False,False,False,0.5,469.495326627664;,1.016845989170083e-12;
2,0,False,False,False,1.0,0.0;0.0;,6.3175521015408794e-12;2.1903532940618417e-11;
2,0,False,False,False,1.0,0.0;0.0;,3.749942721349417e-12;2.371672018926856e-11;
2,0,False,False,False,1.0,1.9895196601282805e-13;0.0;,9.052214062373597e-12;3.58876052940993e-11;
2,0,False,False,False,1.0,0.0;2.0308986652396986e-09;,4.637531231849411e-12;8.016461924642611e-11;
2,0,False,False,False,1.0,9.164114829843018e-10;3.556489836655287e-09;,6.3175521015408794e-12;2.3187656159247056e-12;
2,0,False,False,False,0.5,4.547473508864641e-13;,1.124982816404825e-11;
2,0,False,False,False,1.0,2.572439484307497e-11;0.0;,1.2732925824820995e-11;1.073242285311239e-10;
2,0,False,False,False,0.5,1.1368683772161603e-13;,3.6662903532026344e-12;
2,0,False,False,False,1.0,0.0;4.070931202371105e-10;,1.1368683772161603e-11;2.6043964795965355e-11;
2,0,False,False,False,1.0,0.0;1.5838008737107884e-10;,9.275062463698822e-12;1.2005674564028673e-11;
2,0,False,False,False,1.0,0.0;0.0;,3.279229782005122e-12;1.0457211721080828e-10;
2,0,False,False,False,1.0,1.0643621856695323e-09;3.226772996846807e-09;,4.085646186507111e-11;8.948244704696731e-11;
2,0,False,False,False,1.0,1.8189894035458565e-12;0.0;,9.795557720525728e-12;8.580155856231252e-12;
2,0,False,False,False,1.0,2.2737367544323206e-13;0.0;,4.320099833421409e-12;1.185836009463428e-11;
2,0,False,False,False,1.0,2.8157060338314045e-10;9.094947017729282e-13;,8.134767913360665e-12;1.237046536401562e-10;
2,0,False,False,False,1.0,5.429805243553519e-11;2.2737367544323206e-13;,1.1575977679383737e-11;4.290077928115626e-12;
2,0,False,False,False,1.0,9.094947017729282e-13;0.0;,1.2643284912390158e-11;2.1978932588525954e-11;
2,0,False,False,False,1.0,1.639614891002561e-12;4.547473508864641e-13;,1.8331451766013172e-12;1.639614891002561e-12;
2,0,False,False,False,1.0,4.149342196933785e-10;0.0;,9.837689346015367e-12;1.4999770885397668e-11;
2,0,False,False,False,1.0,8.914092079027186e-12;0.0;,6.402900835532238e-12;1.2862197421537486e-11;
2,0,False,False,False,1.0,6.977816191789705e-10;4.547473508864641e-13;,7.568504305296864e-12;1.8212617209884036e-11;
2,0,False,False,False,1.0,4.547473508864641e-13;0.0;,1.22359997904584e-11;7.499885442698834e-12;
2,0,False,False,False,1.0,0.0;4.547473508864641e-13;,9.094947017729282e-12;3.637978807091713e-12;
2,0,False,False,False,1.0,6.821210263296962e-13;0.0;,1.8749713606747085e-12;1.1647215137477994e-11;
2,0,False,False,False,1.0,5.684341886080801e-13;0.0;,4.950601662540749e-12;3.5876078842768076e-11;
2,0,False,False,False,1.0,1.7353542628454474e-12;0.0;,8.235824805649297e-12;5.6418002420362693e-11;
2,0,False,False,False,1.0,0.0;0.0;,6.1010759350204984e-12;8.298360440173682e-12;
2,0,False,False,False,1.0,3.986243791734728e-11;1.6370904631912708e-11;,6.62122137262533e-12;1.4665161412810538e-11;
2,0,False,False,False,1.0,8.385126836667848e-12;0.0;,1.639614891002561e-11;1.1936576582599344e-11;
2,0,False,False,False,1.0,0.0;0.0;,2.033691978340166e-12;3.885363069147175e-11;
2,0,False,False,False,1.0,9.094947017729282e-13;1.543505559148859e-11;,6.366462912410498e-12;1.60713143914766e-11;
2,0,False,False,False,1.0,9.525084647201171e-11;0.0;,1.0606439709309235e-11;1.4665161412810538e-11;
2,0,False,False,False,1.0,0.0;2.448889430131432e-12;,8.134767913360665e-12;7.30786208804975e-12;
2,0,False,False,False,0.5,2.8760747774580336e-12;,4.897778860262864e-12;
2,0,False,False,False,1.0,4.547473508864641e-13;2.26076674756683e-10;,6.62122137262533e-12;5.671776972183166e-11;
2,0,False,False,False,1.0,0.0;0.0;,4.7511850012993735e-11;1.1647215137477994e-11;
2,0,False,False,False,1.0,1.5463081705019526e-12;0.0;,6.8815761325920705e-12;8.134767913360665e-12;
2,0,False,False,False,1.0,2.8847797056562747e-10;3.217670918074123e-10;,7.568504305296864e-12;4.213228684202648e-11;
2,0,False,False,False,1.0,0.0;3.374412262850417e-11;,3.279229782005122e-11;5.096417490175336e-11;
2,0,False,False,False,1.0,2.0826116142005986e-09;0.0;,5.5706550483591855e-12;2.7041221523756587e-11;
2,0,False,False,False,1.0,3.749942721349417e-12;0.0;,1.1101797659406386e-11;3.637978807091713e-12;
2,0,False,False,False,1.0,2.676987692693265e-09;0.0;,6.431098710768743e-13;3.384738022928722e-11;
2,0,False,False,False,0.5,0.0;,7.499885442698834e-12;
2,0,False,False,False,1.0,3.410605131648481e-13;1.5568041607024215e-11;,2.448889430131432e-12;3.867224518302337e-11;
2,0,False,False,False,1.0,4.547473508864641e-13;1.2862197421537486e-12;,1.3116919128020487e-11;5.752149554916067e-12;
2,0,False,False,False,1.0,4.547473508864641e-13;1.185836009463428e-11;,6.558459564010244e-12;7.103380699760832e-12;
2,0,False,False,False,1.0,0.0;9.094947017729282e-13;,4.4787419946242626e-12;4.239650305246565e-11;
2,0,False,False,False,1.0,0.0;1.965034813294357e-10;,5.1448789686149945e-12;1.016845989170083e-12;
2,0,False,False,False,0.5,139.54008257272116;,9.196696017241577e-12;
2,0,False,False,False,1.0,5.003428378277358e-10;9.094947017729282e-13;,2.3874235921539366e-12;1.3882834102763579e-11;
2,0,False,False,False,1.0,5.684341886080802e-14;8.540509454288182e-11;,1.6626700016786344e-12;2.6957208550309988e-12;
2,0,False,False,False,1.0,0.0;2.4170153239389606e-12;,5.532240293449121e-12;5.6843418860808015e-12;
2,0,False,False,False,1.0,1.8189894035458565e-12;1.8189894035458565e-12;,1.3116919128020487e-11;7.71731845292249e-12;
2,0,False,False,False,1.0,9.094947017729282e-13;0.0;,5.752149554916067e-12;1.7565260273684513e-11;
2,0,False,False,False,1.0,0.0;2.033691978340166e-12;,9.275062463698822e-12;7.499885442698834e-12;
2,0,False,False,False,1.0,2.2737367544323206e-13;0.0;,4.1740258326821776e-12;1.039224560556835e-11;
2,0,False,False,False,1.0,8.045301916788108e-12;4.547473508864641e-13;,1.639614891002561e-12;7.103380699760832e-12;
2,0,False,False,False,1.0,4.547473508864641e-13;2.545692769940144e-10;,9.094947017729282e-12;5.4569682106375694e-12;
2,0,False,False,False,1.0,2.918401133694998e-10;0.0;,2.033691978340166e-12;4.3665218560482767e-11;
2,0,False,False,False,1.0,2.85924363215962e-10;2.4170153239389606e-12;,3.183231456205249e-12;3.992010957990587e-12;
2,0,False,False,False,0.5,0.0;,9.275062463698822e-12;
2,0,False,False,False,1.0,6.821210263296962e-13;2.033691978340166e-12;,1.1064480586898243e-11;4.547473508864641e-12;
2,0,False,False,False,1.0,2.2737367544323206e-13;0.0;,6.1852326820078106e-12;2.8760747774580336e-12;
2,0,False,False,False,1.0,0.0;0.0;,2.5724394843074972e-12;4.403307116048456e-11;
2,0,False,False,False,1.0,0.0;0.0;,1.9185811752075995e-11;2.5502367666940614e-11;
2,0,False,False,False,1.0,1.2085076619694803e-12;0.0;,4.897778860262864e-12;8.185452315956354e-12;
2,0,False,False,False,1.0,1.2033632285601236e-11;0.0;,9.363821064641343e-12;2.8017751539208553e-11;
2,0,False,False,False,0.5,136.45448718017798;,4.192563418333924e-12;
2,0,False,False,False,1.0,0.3990603903207195;0.6860553974848084;,8.580155856231252e-12;4.743344037853712e-11;
2,0,False,False,False,0.5,238.49384643879552;,9.462679393748118e-12;
2,0,False,False,False,0.5,5.303219854654618e-12;,1.0923406216047e-11;
2,0,False,False,False,1.0,1.8749713606747085e-12;0.0;,7.402750541632352e-12;1.2862197421537486e-11;
2,0,False,False,False,1.0,2.2737367544323206e-13;2.2737367544323206e-13;,6.206093559720185e-12;7.71731845292249e-12;
2,0,False,False,False,1.0,0.0;0.0;,8.580155856231252e-12;1.4665161412810538e-11;
2,0,False,False,False,1.0,8.00200295036998e-11;4.1572564085509495e-10;,2.2737367544323206e-13;1.6990763190069088e-11;
2,0,False,False,False,1.0,1.331822317149578e-09;2.5661544511940147e-10;,1.1504299109832135e-11;2.8421709430404007e-12;
2,0,False,False,False,1.0,3.734505852364289e-10;0.0;,5.752149554916067e-12;4.7302468825167466e-11;
2,0,False,False,False,1.0,0.0;9.618739601114907e-11;,6.558459564010244e-12;8.687935939880299e-12;
2,0,False,False,False,1.0,4.547473508864641e-13;0.0;,8.957483989248525e-12;9.795557720525728e-12;
2,0,False,False,False,1.0,0.0;0.0;,1.0369835082193621e-11;2.7284841053187847e-11;
2,0,False,False,False,1.0,2.310848509351193e-10;1.6464868725623165e-10;,3.0505379675102492e-12;2.1903532940618417e-11;
2,0,False,False,False,1.0,3.694993025547017e-11;5.840691134124296e-10;,6.169250221101191e-12;1.324244274525066e-11;
2,0,False,False,False,1.0,0.0;2.8760747774580336e-12;,1.626953582672133e-11;3.183231456205249e-12;
2,0,False,False,False,0.5,0.0;,8.0356571957383e-12;
2,0,False,False,False,1.0,1.1647215137477994e-11;2.1997742119215807e-11;,3.749942721349417e-12;9.094947017729282e-12;
2,0,False,False,False,1.0,1.2862197421537486e-12;0.0;,9.840316583168898e-12;9.094947017729282e-12;
2,0,False,False,False,1.0,4.547473508864641e-13;2.2737367544323206e-13;,3.749942721349417e-12;9.094947017729282e-12;
2,0,False,False,False,1.0,2.2737367544323206e-13;1.639614891002561e-12;,1.5647538506605318e-11;2.033691978340166e-12;
2,0,False,False,False,1.0,8.957483989248525e-12;0.0;,4.547473508864641e-12;2.1903532940618417e-11;
2,0,False,False,False,1.0,1.5647538506605318e-11;3.573747145199104e-11;,5.752149554916067e-12;2.8760747774580336e-12;
2,0,False,False,False,1.0,2.204000487118289e-11;0.0;,6.431098710768743e-12;1.2732925824820995e-11;
2,0,False,False,False,1.0,9.132279053265083e-10;0.0;,6.821210263296962e-12;4.246473519716802e-11;
2,0,False,False,False,1.0,3.7455284258565374e-11;6.431098710768743e-13;,8.543927027883881e-12;6.760305380939147e-12;
2,0,False,False,False,1.0,4.547473508864641e-13;0.0;,3.749942721349417e-12;1.3649997544965694e-11;
2,0,False,False,False,1.0,3.551690349880416e-12;0.0;,4.547473508864641e-13;3.260256258533431e-11;
2,0,False,False,False,1.0,0.0;2.2751369451470566e-10;,8.134767913360665e-12;6.62122137262533e-12;
2,0,False,False,False,1.0,3.128304829944425e-10;2.7000623958883807e-13;,9.363821064641343e-12;2.448889430131432e-12;
2,0,False,False,False,1.0,5.297390908272225e-10;2.146460870527348e-09;,4.067383956680332e-12;4.3807065881236834e-11;
2,0,False,False,False,1.0,2.5724394843074972e-12;0.0;,7.332580706405269e-12;3.749942721349417e-12;
2,0,False,False,False,0.5,1.2478320339972922e-10;,1.2862197421537486e-11;
2,0,False,False,False,0.5,93.63671368918013;,1.2862197421537486e-12;
2,0,False,False,False,1.0,1.8749713606747085e-12;0.0;,7.458411103860601e-11;3.183231456205249e-11;
2,0,False,False,False,1.0,0.0;3.279229782005122e-12;,9.795557720525728e-12;2.5724394843074972e-12;
2,0,False,False,False,1.0,6.252776074688882e-13;4.547473508864641e-13;,7.290154618149881e-12;5.1448789686149945e-12;
2,0,False,False,False,0.5,78.93775259945043;,1.8331451766013172e-12;
2,0,False,False,False,1.0,0.0;0.0;,1.3642420526593924e-11;2.2296536684973512e-11;
2,0,False,False,False,1.0,1.2079226507921703e-13;3.410605131648481e-13;,2.179606490701755e-12;8.442271585841114e-11;
2,0,False,False,False,1.0,4.547473508864641e-13;2.2737367544323206e-12;,1.8189894035458565e-12;4.067383956680332e-12;
2,0,False,False,False,1.0,2.6233838256040975e-11;9.165725883006586e-13;,1.2862197421537486e-11;5.752149554916067e-12;
2,0,False,False,False,0.5,0.0;,3.4858690736176505e-11;
2,0,False,False,False,0.5,0.0;,5.4569682106375694e-12;
2,0,False,False,False,1.0,4.547473508864641e-13;2.2737367544323206e-13;,4.637531231849411e-12;4.961749991798205e-11;
2,0,False,False,False,1.0,2.009139464860211e-11;0.0;,7.22247031002034e-12;1.7565260273684513e-11;
2,0,False,False,False,1.0,1.062669738092411e-10;5.684341886080802e-14;,1.55414522765887e-11;1.8189894035458565e-12;
2,0,False,False,False,1.0,5.752149554916067e-12;0.0;,1.5647538506605318e-11;8.957483989248525e-12;
2,0,False,False,False,1.0,3.2155493553843715e-13;0.0;,1.4559018921847493e-12;4.123934213113765e-11;
2,0,False,False,False,1.0,1.424170040291881e-09;0.0;,1.0616183799292005e-11;1.0289757937229989e-11;
2,0,False,False,False,0.5,129.46560136684508;,1.124982816404825e-11;
2,0,False,False,False,1.0,0.0;3.979039320256561e-13;,8.134767913360665e-12;4.718003765447065e-12;
2,0,False,False,False,1.0,0.0;0.0;,2.366434606530254e-11;4.38471725282985e-11;
2,0,False,False,False,0.5,133.01979783687244;,3.0926163410039053e-12;
2,0,False,False,False,1.0,6.821210263296962e-12;1.2561752526680391e-11;,1.9426815345735873e-12;2.776031453112132e-12;
2,0,False,False,False,1.0,7.146520011178926e-13;4.2719635139419405e-12;,2.804268329051327e-12;1.6053612042109173e-11;
2,0,False,False,False,0.5,151.7385685420265;,1.016845989170083e-12;
2,0,False,False,False,1.0,0.0;0.0;,1.4999770885397668e-11;2.5270208406163518e-11;
2,0,False,False,False,1.0,1.8998754924368524e-09;0.0;,9.275062463698822e-12;6.431098710768743e-12;
2,0,False,False,False,1.0,0.0;1.7672830097053034e-10;,3.279229782005122e-12;1.1656089207441525e-11;
2,0,False,False,False,0.5,1.639614891002561e-12;,1.1101797659406386e-11;
2,0,False,False,False,1.0,3.410605131648481e-13;2.2737367544323206e-13;,8.235824805649297e-12;4.320099833421409e-12;
2,0,False,False,False,1.0,3.174643875552766e-11;0.0;,5.823607568738997e-12;2.4080149696371748e-11;
2,0,False,False,False,1.0,0.0;3.2754438698919524e-11;,2.5069172205803562e-12;4.605313334167354e-11;
2,0,False,False,False,1.0,1.8749713606747085e-12;5.140053381526665e-11;,4.897778860262864e-12;1.1064480586898243e-11;
2,0,False,False,False,1.0,2.8760747774580336e-12;1.3168095883713742e-09;,4.547473508864641e-12;1.4676719773673338e-10;
2,0,False,False,False,1.0,2.0544315699365175e-11;0.0;,4.7477017273697814e-12;5.823607568738997e-12;
2,0,False,False,False,0.5,4.547473508864641e-13;,3.749942721349417e-12;
2,0,False,False,False,1.0,8.549972198541225e-10;2.009139464860211e-11;,8.6282243323741e-12;4.994773996348515e-11;
2,0,False,False,False,1.0,9.094947017729282e-13;0.0;,9.106308604942018e-12;3.285529941092762e-11;
2,0,False,False,False,1.0,7.367093752976195e-10;0.0;,6.558459564010244e-12;1.0379801288321075e-11;
2,0,False,False,False,1.0,9.094947017729282e-13;0.0;,4.067383956680332e-12;5.1448789686149945e-12;
2,0,False,False,False,1.0,1.490339293972855e-11;1.639614891002561e-12;,6.71836849950076e-12;9.094947017729282e-13;
2,0,False,False,False,1.0,8.134767913360665e-12;0.0;,1.3116919128020487e-11;7.115016056780567e-11;
2,0,False,False,False,1.0,3.8496048708627665e-10;2.5101152496227893e-09;,4.192563418333924e-12;3.749942721349417e-12;
2,0,False,False,False,1.0,6.821210263296962e-13;1.016845989170083e-12;,5.823607568738997e-12;6.431098710768743e-12;
2,0,False,False,False,1.0,4.547473508864641e-13;4.547473508864641e-13;,1.5916157281026244e-12;1.4380373887290168e-12;
2,0,False,False,False,0.5,572.4769499329665;,9.275062463698822e-12;
2,0,False,False,False,1.0,9.094947017729282e-13;3.7240032166117086e-12;,1.5488136674254204e-11;1.65858147964508e-11;
2,0,False,False,False,1.0,1.8331451766013172e-12;3.637978807091713e-12;,7.107018795108063e-12;1.9946776046218755e-11;
2,0,False,False,False,1.0,4.547473508864641e-13;4.435372173292671e-10;,5.084229945850415e-12;8.134767913360665e-12;
2,0,False,False,False,1.0,0.0;0.0;,1.3853010579375966e-11;9.668061295755842e-12;
2,0,False,False,False,0.5,9.791652441187105e-10;,4.897778860262864e-12;
2,0,False,False,False,1.0,6.821210263296962e-13;0.0;,2.033691978340166e-12;8.385126836667848e-12;
2,0,False,False,False,1.0,0.0;1.1368683772161603e-13;,5.4569682106375694e-12;2.575753385042545e-11;
2,0,False,False,False,1.0,5.684341886080801e-13;2.273501728854633e-09;,4.547473508864641e-13;2.5724394843074972e-12;
2,0,False,False,False,1.0,0.0;0.0;,5.787988839691868e-12;2.0519135746651005e-11;
2,0,False,False,False,0.5,133.94050271825088;,9.837689346015367e-12;
2,0,False,False,False,1.0,0.0;2.2737367544323206e-13;,5.823607568738997e-12;7.402750541632352e-12;
3,0,False,False,False,0.6666666666666666,0.0;454.6574843130359;,7.77072613829435e-12;6.558459564010244e-12;
3,0,False,False,False,1.0,4.547473508864641e-13;2.8717574248452263e-11;0.0;,8.348051665364355e-12;3.749942721349417e-12;9.795557720525728e-12;
3,0,False,False,False,1.0,0.0;0.0;8.665055349011818e-11;,1.016845989170083e-11;4.637531231849411e-12;1.1647215137477994e-11;
3,0,False,False,False,0.6666666666666666,0.0;308.34865668487595;,9.275062463698822e-12;2.033691978340166e-12;
3,0,False,False,False,1.0,3.39255239054287e-10;1.252991940367394e-10;1.4078297167897512e-09;,2.2737367544323206e-12;6.366462912410498e-12;7.005028328863273e-11;
3,0,False,False,False,1.0,0.0;0.0;0.0;,7.77072613829435e-12;7.275957614183426e-12;1.107382164435505e-11;
3,0,False,False,False,1.0,3.3457536934605436e-09;1.92493287158764e-10;8.950664171348239e-11;,1.0616183799292005e-11;5.489172578035754e-12;5.532240293449121e-12;
3,0,False,False,False,1.0,2.2393709973121313e-12;5.684341886080801e-13;0.0;,4.375097297473498e-12;1.1647215137477994e-11;7.499885442698834e-12;
3,0,False,False,False,1.0,2.2737367544323206e-13;6.821210263296962e-13;0.0;,3.637978807091713e-12;7.402750541632352e-12;1.0459189070388675e-11;
3,0,False,False,False,0.6666666666666666,42.045595233987385;0.0;,1.2862197421537486e-12;2.8760747774580336e-12;
3,0,False,False,False,1.0,1.42962181607981e-10;3.011422970426315e-10;4.547473508864641e-13;,4.290077928115626e-12;2.033691978340166e-12;1.8331451766013172e-11;
3,0,False,False,False,1.0,2.2887529492479366e-10;2.448889430131432e-12;0.0;,3.749942721349417e-12;4.547473508864641e-13;2.075960257664215e-11;
3,0,False,False,False,0.6666666666666666,4.791091293797282;3.678678406896631e-11;,5.475883235154604e-12;1.6770253673335696e-11;
3,0,False,False,False,0.6666666666666666,2.2737367544323206e-13;33.76377304966378;,2.7284841053187847e-12;6.005420443841714e-11;
3,0,False,False,False,1.0,0.0;1.9645927664970233e-10;0.0;,2.4170153239389606e-12;3.7455284258565374e-11;8.185452315956354e-12;
3,0,False,False,False,1.0,0.0;1.1368683772161603e-13;3.410605131648481e-13;,5.823607568738997e-12;3.279229782005122e-12;7.675545610868893e-12;
3,0,False,False,False,1.0,4.067383956680332e-12;1.7938039421384038e-11;0.0;,6.1010759350204984e-12;5.532240293449121e-12;3.1587760507704397e-12;
3,0,False,False,False,1.0,0.0;4.687428401686771e-13;4.774847184307873e-12;,7.499885442698834e-12;2.448889430131432e-12;1.2637149876891502e-11;
3,0,False,False,False,1.0,2.8760747774580336e-12;0.0;0.0;,1.4380373887290167e-11;3.531838563312267e-11;2.7720944952540178e-11;
3,0,False,False,False,0.6666666666666666,2.2737367544323206e-13;0.0;,5.574134171243378e-12;9.275062463698822e-12;
3,0,False,False,False,1.0,9.094947017729282e-13;1.3514873991619952e-11;4.973799150320701e-13;,7.71731845292249e-12;6.431098710768743e-12;4.766232541332414e-12;
3,0,False,False,False,1.0,3.8657704262548816e-13;1.016845989170083e-12;4.547473508864641e-13;,8.526512829121202e-14;1.8189894035458565e-12;3.749942721349417e-12;
3,0,False,False,False,1.0,2.5724394843074972e-12;0.0;4.637531231849411e-12;,4.547473508864641e-12;2.448889430131432e-12;9.094947017729282e-13;
3,0,False,False,False,0.6666666666666666,461.9453755500461;0.0;,3.466833468800527e-11;3.1987847969628955e-11;
3,0,False,False,False,0.6666666666666666,6.821210263296962e-13;8.242295734817162e-13;,7.265291655435457e-12;3.0505379675102492e-12;
3,0,False,False,False,0.6666666666666666,0.0;314.32725681315446;,2.2737367544323206e-12;6.558459564010244e-12;
3,0,False,False,False,1.0,7.16227077646181e-12;4.547473508864641e-13;0.0;,1.0491268763016094e-11;1.3920023652657589e-11;1.3520610761878294e-11;
3,0,False,False,False,1.0,6.558459564010244e-12;2.2737367544323206e-13;9.795557720525728e-12;,7.103380699760832e-12;3.183231456205249e-12;1.828061726177273e-11;
3,0,False,False,False,1.0,1.1625556213485962e-11;2.5724394843074972e-12;0.0;,4.169378558092887e-12;6.62122137262533e-12;1.0616183799292004e-10;
3,0,False,False,False,1.0,1.2564858238578413e-10;2.1978932588525954e-10;1.991351474632759e-09;,6.836160611185783e-12;1.6370904631912708e-11;3.125540438748354e-11;
3,0,False,False,False,1.0,7.978321633494532e-11;0.0;0.0;,8.702799827462804e-12;3.279229782005122e-12;1.6008140234547172e-10;
3,0,False,False,False,1.0,0.0;0.0;0.0;,6.558459564010244e-12;2.3873153165198688e-11;1.55414522765887e-11;
3,0,False,False,False,0.6666666666666666,9.094947017729282e-13;1.3064796420761982e-09;,2.033691978340166e-12;1.639614891002561e-12;
3,0,False,False,False,1.0,3.457650183405701e-12;0.0;9.094947017729282e-13;,1.1368683772161603e-13;7.71731845292249e-12;3.54702933691442e-11;
3,0,False,False,False,1.0,0.0;5.750842589959141e-10;2.1371664444917754e-09;,5.532240293449121e-12;6.556094308335314e-11;1.0917346493666204e-10;
3,0,False,False,False,0.6666666666666666,209.22164839279867;2.172315291395871e-09;,9.795557720525728e-12;1.3853010579375966e-11;
3,0,False,False,False,1.0,0.0;4.547473508864641e-13;0.0;,6.558459564010244e-12;8.134767913360665e-12;5.4569682106375694e-12;
3,0,False,False,False,1.0,2.8421709430404007e-13;3.7191454821340125e-11;1.8780570097646424e-10;,5.4569682106375694e-12;7.528266510754886e-12;1.1504299109832135e-11;
3,0,False,False,False,0.6666666666666666,1.0447452227758826e-09;25.626522195233044;,6.821210263296962e-12;7.103380699760832e-12;
3,0,False,False,False,1.0,5.303115056535623e-10;0.0;2.285690239909941e-10;,6.510991198991339e-12;2.734540681262462e-11;6.366462912410498e-12;
3,0,False,False,False,1.0,1.1368683772161603e-13;5.711742585156601e-11;3.132479850918485e-11;,4.547473508864641e-12;9.140308630886366e-12;2.082425115414537e-11;
3,0,False,False,False,0.6666666666666666,4.547473508864641e-13;9.094947017729282e-13;,8.185452315956354e-12;7.499885442698834e-12;
3,0,False,False,False,1.0,7.368282426360413e-10;4.026263938377447e-12;0.0;,1.1148268342486756e-11;3.279229782005122e-12;5.322681277320783e-12;
3,0,False,False,False,1.0,0.0;2.2737367544323206e-13;0.0;,4.067383956680332e-12;2.448889430131432e-12;4.067383956680332e-12;
3,0,False,False,False,1.0,0.0;0.0;0.0;,2.5724394843074972e-12;2.9624966327723686e-11;5.475883235154604e-12;
3,0,False,False,False,0.6666666666666666,957.6321329575686;0.0;,3.6662903532026344e-12;1.6770253673335696e-11;
3,0,False,False,False,0.6666666666666666,33.216414092949826;0.0;,5.697967974875459e-12;8.580155856231252e-12;
3,0,False,False,False,1.0,1.3520610761878294e-11;0.0;2.0938140429682494e-11;,2.096281709166962e-12;1.2202151870040997e-11;1.9121031111015908e-11;
3,0,False,False,False,0.6666666666666666,4.547473508864641e-13;311.68440907132543;,6.926505289687983e-12;4.3807065881236834e-11;
3,0,False,False,False,1.0,1.1368683772161603e-13;0.0;5.1448789686149945e-12;,2.654045949823001e-12;7.834862682750744e-11;8.385126836667848e-12;
3,0,False,False,False,1.0,6.431098710768743e-13;0.0;4.2719635139419405e-12;,4.31411216618705e-12;7.499885442698834e-12;1.0412125577072685e-11;
3,0,False,False,False,0.6666666666666666,8.74345653687092e-11;1119.7593080738159;,1.0498657848634317e-11;4.0059086214651396e-11;
3,0,False,False,False,1.0,2.2737367544323206e-13;6.558459564010244e-12;4.547473508864641e-13;,4.067383956680332e-12;1.367270340631231e-11;2.648488549050132e-11;
3,0,False,False,False,0.6666666666666666,676.4564375583132;4.113370150332896e-10;,1.084741638067186e-11;1.2934344934663288e-11;
3,0,False,False,False,0.6666666666666666,291.28176598804146;0.0;,3.872568205414385e-11;6.251080877496709e-11;
3,0,False,False,False,1.0,4.547473508864641e-13;1.0091908289347042e-11;6.821210263296962e-13;,6.821210263296962e-12;5.275118273002673e-12;4.897778860262864e-12;
3,0,False,False,False,1.0,2.033691978340166e-12;5.084229945850415e-13;0.0;,9.094947017729282e-12;6.382683226374047e-12;6.272217305947076e-11;
3,0,False,False,False,1.0,1.8436738570485173e-10;3.068560859163493e-10;1.9426815345735873e-12;,8.348051665364355e-12;7.499885442698834e-12;1.2370465364015621e-11;
3,0,False,False,False,0.6666666666666666,0.0;290.7445199263462;,1.3520610761878294e-11;1.324244274525066e-11;
3,0,False,False,False,0.6666666666666666,0.0;2.2737367544323206e-13;,1.2202151870040997e-11;5.823607568738997e-12;
3,0,False,False,False,0.6666666666666666,98.43794383606594;9.094947017729282e-13;,3.637978807091713e-12;1.524590935718171e-11;
3,0,False,False,False,1.0,9.094947017729282e-13;2.7284841053187847e-12;0.0;,5.303219854654618e-12;9.275062463698822e-12;7.503331289626658e-12;
3,0,False,False,False,0.6666666666666666,1.7571145768999173e-11;4.547473508864641e-13;,4.918844673007683e-12;1.000444171950221e-11;
3,0,False,False,False,1.0,0.0;0.0;4.547473508864641e-13;,7.275957614183426e-12;1.4999770885397668e-11;2.737941617577302e-11;
3,0,False,False,False,1.0,0.0;1.8189894035458565e-12;0.0;,4.4787419946242626e-12;2.24996563280965e-11;3.238618558455502e-11;
3,0,False,False,False,1.0,1.1690191484805416e-10;1.419547593339422e-10;0.0;,2.448889430131432e-12;2.5611603342128952e-11;1.4206761399521663e-11;
3,0,False,False,False,1.0,9.669905965541159e-10;0.0;6.495814414685484e-10;,3.6662903532026344e-12;1.4665161412810538e-11;7.059577317822925e-12;
3,0,False,False,False,0.6666666666666666,0.0;113.91945334452534;,5.9117155615240335e-12;3.8543694427820976e-11;
3,0,False,False,False,1.0,2.335401054836116e-10;2.867794141898696e-11;3.422467112755037e-09;,7.402750541632352e-12;3.310610686312665e-12;3.728928277269006e-11;
3,0,False,False,False,0.6666666666666666,35.94226808945809;0.0;,6.926505289687983e-12;2.7661201467245607e-12;
3,0,False,False,False,1.0,4.547473508864641e-13;0.0;2.2737367544323206e-13;,5.624914082024125e-12;1.8727642129282687e-11;1.0130256400746231e-11;
3,0,False,False,False,0.6666666666666666,1.1368683772161603e-13;739.682068659847;,8.580155856231252e-12;5.322681277320783e-12;
3,0,False,False,False,1.0,7.164255509745264e-11;3.410605131648481e-13;4.290077928115626e-12;,6.431098710768743e-12;2.654045949823001e-12;1.3680263652069083e-11;
3,0,False,False,False,0.6666666666666666,3.151894534523937e-11;453.223452289635;,1.7087854055767762e-11;9.106308604942018e-12;
3,0,False,False,False,0.6666666666666666,0.0;45.79640724978994;,2.0463630789890885e-12;7.103380699760832e-12;
3,0,False,False,False,1.0,0.0;2.4211186280017405e-10;8.196682240693845e-10;,1.3116919128020487e-11;1.0951766470309208e-11;4.547473508864641e-12;
3,0,False,False,False,0.6666666666666666,1.2407187916531225e-10;23.789281420218515;,2.7284841053187847e-12;4.9146387340829446e-11;
3,0,False,False,False,1.0,7.731540852509763e-13;1.5191896874977517e-10;2.2737367544323206e-13;,2.4170153239389606e-12;3.6662903532026344e-12;7.558251190218771e-12;
3,0,False,False,False,0.6666666666666666,53.173830646279235;5.03544146169574e-11;,9.094947017729282e-12;2.737941617577302e-12;
3,0,False,False,False,0.6666666666666666,60.96360432294755;9.552400814573049e-11;,8.198074455012805e-12;1.1647215137477994e-11;
3,0,False,False,False,1.0,0.0;6.185045450509025e-10;5.293449737728127e-10;,1.4665161412810538e-11;6.558459564010244e-12;2.033691978340166e-12;
3,0,False,False,False,1.0,0.0;1.8189894035458565e-12;1.8189894035458565e-12;,1.2832016236209222e-11;9.094947017729282e-12;7.676480107332897e-11;
3,0,False,False,False,1.0,0.0;2.0851413332651636e-09;4.547473508864641e-13;,4.547473508864641e-12;2.448889430131432e-12;2.979202573289367e-11;
3,0,False,False,False,0.6666666666666666,1.0856563244539264e-10;1.0369835082193621e-11;,5.189900644160537e-12;5.084229945850415e-12;
3,0,False,False,False,0.6666666666666666,20.254820011713385;1.3116919128020487e-11;,2.8760747774580336e-12;1.1064480586898243e-11;
3,0,False,False,False,0.6666666666666666,4.547473508864641e-13;1.4039735115776981e-09;,1.4779288903810084e-12;2.156576684024799e-11;
3,0,False,False,False,0.6666666666666666,171.9615421060589;0.0;,4.547473508864641e-13;7.332580706405269e-12;
3,0,False,False,False,0.6666666666666666,34.42950163857655;0.0;,5.532240293449121e-12;1.2370465364015621e-11;
3,0,False,False,False,1.0,0.0;0.0;2.2208251624897056e-11;,7.275957614183426e-12;8.829596408280667e-12;9.094947017729282e-12;
3,0,False,False,False,0.6666666666666666,183.41801426336417;4.547473508864641e-13;,7.823769253302659e-12;4.192563418333924e-12;
3,0,False,False,False,1.0,2.1198251526232825e-11;7.910512836702595e-11;2.033691978340166e-12;,4.1740258326821776e-12;2.7284841053187847e-12;2.44719995809168e-11;
3,0,False,False,False,0.6666666666666666,284.08308097506585;0.0;,3.749942721349417e-12;1.4805501083264704e-11;
3,0,False,False,False,1.0,9.094947017729282e-13;5.303219854654618e-12;0.0;,5.752149554916067e-12;3.749942721349417e-12;3.749942721349417e-12;
3,0,False,False,False,1.0,0.0;6.821210263296962e-13;1.6770253673335696e-11;,1.1647215137477994e-11;6.821210263296962e-12;4.067383956680332e-12;
3,0,False,False,False,1.0,4.026391698203931e-10;0.0;2.2737367544323206e-13;,9.495403454739563e-12;3.279229782005122e-12;1.6770253673335696e-11;
3,0,False,False,False,0.6666666666666666,3.7749729189622308;5.261834121756998e-10;,1.8189894035458565e-12;2.7661201467245607e-12;
3,0,False,False,False,1.0,0.0;0.0;9.094947017729282e-13;,3.279229782005122e-12;1.8550124927397645e-11;9.095401753712053e-11;
3,0,False,False,False,0.6666666666666666,2.502090011882396e-10;4.547473508864641e-13;,1.129568986323122e-11;2.0014050355407914e-11;
3,0,False,False,False,1.0,9.205299841540662e-13;9.73495472447242e-10;0.0;,2.2737367544323206e-12;4.918844673007683e-12;5.657174020628731e-11;
3,0,False,False,False,1.0,7.004437884802138e-11;0.0;0.0;,6.8815761325920705e-12;1.5647538506605318e-11;3.82096032582922e-11;
3,0,False,False,False,1.0,1.469333658078859e-11;0.0;4.1216190920114875e-10;,4.897778860262864e-12;5.1448789686149945e-12;8.134767913360665e-12;
3,0,False,False,False,1.0,0.0;0.0;1.1248290086217068e-10;,1.016845989170083e-11;1.016845989170083e-11;6.558459564010244e-12;
3,0,False,False,False,1.0,7.77072613829435e-12;6.12222357532858e-13;1.8189894035458565e-12;,9.495403454739563e-12;1.7316263224219958e-12;2.7765668205527158e-11;
3,0,False,False,False,1.0,9.094947017729282e-13;0.0;2.143263776148165e-09;,7.275957614183426e-12;8.385126836667848e-12;8.991126807292142e-11;
3,0,False,False,False,1.0,0.0;0.0;1.3036248393340753e-10;,1.6471649611298594e-11;5.1849175410968106e-12;9.973388023109378e-12;
3,0,False,False,False,1.0,5.147083157478238e-10;3.410605131648481e-13;0.0;,7.332580706405269e-12;8.205165875445405e-12;1.0606439709309235e-11;
3,0,False,False,False,1.0,3.103341867660582e-10;2.5421149729252077e-13;1.4680058726637352e-09;,7.77072613829435e-12;2.579622594890744e-12;7.37139704795559e-11;
3,0,False,False,False,1.0,4.547473508864641e-13;1.0725194820289065e-12;6.1010759350204984e-12;,7.71731845292249e-12;6.960011826328794e-12;9.795557720525728e-12;
3,0,False,False,False,1.0,1.6008463184409206e-11;0.0;4.067383956680332e-12;,1.016845989170083e-12;7.332580706405269e-12;3.21426287829532e-11;
3,0,False,False,False,1.0,1.6043167557196115e-12;0.0;3.986243791734728e-11;,8.009881163983908e-12;3.637978807091713e-12;8.957483989248525e-12;
3,0,False,False,False,0.6666666666666666,116.53214703100247;7.600677205401072e-11;,1.4038368172289785e-11;2.2737367544323206e-12;
3,0,False,False,False,0.6666666666666666,0.0;0.0;,4.067383956680332e-12;4.192563418333924e-12;
3,0,False,False,False,0.6666666666666666,9.094947017729282e-13;84.34424601902684;,7.103380699760832e-12;1.1368683772161603e-12;
3,0,False,False,False,1.0,6.252776074688882e-13;2.487846243928276e-10;5.4569682106375694e-12;,8.134767913360665e-12;8.185452315956354e-12;3.551690349880416e-11;
3,0,False,False,False,1.0,3.749942721349417e-12;5.084229945850415e-13;0.0;,9.140308630886366e-12;2.096281709166962e-12;2.5270208406163518e-11;
3,0,False,False,False,0.6666666666666666,0.0;0.0;,9.837689346015367e-12;8.134767913360665e-12;
3,0,False,False,False,1.0,0.0;0.0;4.2719635139419405e-12;,8.580155856231252e-12;7.71731845292249e-12;1.0998871059607903e-11;
3,0,False,False,False,0.6666666666666666,39.54901787929091;1.8189894035458565e-12;,3.749942721349417e-12;1.4665161412810538e-11;
3,0,False,False,False,1.0,9.094947017729282e-13;2.2296536684973512e-11;2.5724394843074972e-12;,7.499885442698834e-12;3.885363069147175e-12;1.2862197421537486e-11;
3,0,False,False,False,0.6666666666666666,374.8570725353776;9.094947017729282e-13;,8.348051665364355e-12;3.710024985479529e-11;
3,0,False,False,False,0.6666666666666666,319.43670634731467;9.094947017729282e-13;,1.5116502380437543e-11;2.033691978340166e-12;
3,0,False,False,False,1.0,1.2713178994650007e-10;4.067383956680332e-12;0.0;,8.580155856231252e-12;1.4206761399521663e-11;2.075960257664215e-11;
3,0,False,False,False,0.6666666666666666,3.714951877948426e-10;0.0;,6.1852326820078106e-12;3.2296667822383284e-11;
3,0,False,False,False,1.0,7.958078640513122e-13;7.173417127853976e-10;0.0;,1.0725194820289066e-11;2.5724394843074972e-12;7.275957614183426e-12;
3,0,False,False,False,1.0,1.719041226482277e-10;3.8382400536664484e-11;6.172894314410441e-10;,3.639754730461873e-12;1.543463690584498e-11;2.1978932588525954e-11;
3,0,False,False,False,1.0,1.1101797659406386e-11;0.0;0.0;,3.858659226461245e-12;1.22359997904584e-11;2.9004183887267527e-11;
3,0,False,False,False,1.0,2.1609448655728372e-10;1.657199739923913e-09;6.821210263296962e-13;,9.094947017729282e-12;7.332580706405269e-12;9.374856803373542e-13;
3,0,False,False,False,1.0,1.0725194820289065e-12;5.400124791776761e-13;3.3238249142131724e-09;,3.701375270816176e-12;1.016845989170083e-12;7.622954678590855e-12;
3,0,False,False,False,1.0,4.405875569388644e-10;9.094947017729282e-13;2.2737367544323206e-13;,2.2737367544323206e-12;5.4082443047513174e-11;2.542623345087659e-11;
3,0,False,False,False,1.0,0.0;1.8189894035458565e-12;9.094947017729282e-13;,9.094947017729282e-12;2.5724394843074972e-12;5.999908354159067e-11;
3,0,False,False,False,0.6666666666666666,3.124772853616475e-10;0.0;,1.016845989170083e-11;4.834030647877921e-12;
3,0,False,False,False,0.6666666666666666,121.67466503793742;1.0660115972752592e-09;,4.547473508864641e-12;2.96981704509666e-11;
3,0,False,False,False,1.0,4.547473508864641e-13;0.0;0.0;,7.402750541632352e-12;9.795557720525728e-12;2.077951586906395e-11;
3,0,False,False,False,1.0,5.684341886080802e-14;4.547473508864641e-13;0.0;,3.815290300406067e-12;4.547473508864641e-13;8.495381595034544e-12;
3,0,False,False,False,1.0,5.115907697472721e-13;0.0;4.547473508864641e-13;,8.385126836667848e-12;5.1448789686149945e-12;1.9426815345735873e-12;
3,0,False,False,False,1.0,7.643273563176813e-12;8.490185408687625e-10;2.24996563280965e-11;,5.308091899646002e-12;1.2305517091349256e-11;1.2134172779157174e-11;
3,0,False,False,False,1.0,4.547473508864641e-13;0.0;0.0;,1.626953582672133e-11;1.5883642114725243e-11;1.2765366452748093e-11;
3,0,False,False,False,1.0,1.0616183799292005e-11;0.0;4.9481861456062484e-11;,5.624914082024125e-12;7.332580706405269e-12;7.71731845292249e-12;
3,0,False,False,False,1.0,3.2296667822383284e-11;0.0;0.0;,3.279229782005122e-12;9.795557720525728e-12;1.016845989170083e-12;
3,0,False,False,False,0.6666666666666666,4.547473508864641e-13;1.291159069026121e-09;,7.290154618149881e-12;6.1852326820078106e-12;
3,0,False,False,False,1.0,0.0;4.547473508864641e-13;2.2727042435126012e-10;,1.0616183799292005e-11;9.374856803373543e-12;5.1448789686149945e-12;
3,0,False,False,False,0.6666666666666666,3.279229782005122e-12;521.3485993965747;,1.2732925824820995e-11;1.669610333072871e-11;
3,0,False,False,False,1.0,8.969019710692019e-12;0.0;7.16948535474674e-12;,8.134767913360665e-12;1.6477925721113422e-11;4.227927747404268e-11;
3,0,False,False,False,1.0,0.0;3.607152760205634e-11;0.0;,6.821210263296962e-12;3.6662903532026344e-12;1.692369011464361e-11;
3,0,False,False,False,0.6666666666666666,4.296399929825395e-11;1.71180820186407e-11;,4.774847184307873e-12;4.547473508864641e-13;
3,0,False,False,False,0.3333333333333333,159.40719904064701;,4.067383956680332e-12;
3,0,False,False,False,1.0,6.431098710768743e-13;1.9941176892867105e-10;0.0;,3.2554955994956693e-12;9.635923606955244e-12;8.055063454043022e-11;
3,0,False,False,False,1.0,9.094947017729282e-13;3.410605131648481e-13;1.639614891002561e-12;,7.275957614183426e-12;4.918844673007683e-12;2.8760747774580336e-12;
3,0,False,False,False,1.0,0.0;2.1618442267944762e-11;3.014224647070644e-10;,9.795557720525728e-12;7.941821057362622e-12;2.033691978340166e-12;
3,0,False,False,False,0.6666666666666666,6.594586902794868e-12;1173.5479784541446;,7.137089651454053e-12;1.2370465364015621e-11;
3,0,False,False,False,1.0,9.374856803373542e-13;0.0;4.547473508864641e-13;,4.665317767076702e-12;1.2005674564028673e-11;4.092726157978177e-12;
3,0,False,False,False,0.6666666666666666,254.3878438450825;0.0;,6.1852326820078106e-12;1.2862197421537486e-12;
3,0,False,False,False,1.0,6.821210263296962e-13;1.2862197421537486e-10;1.589546972250325e-09;,5.475883235154604e-12;2.5868689869326576e-11;3.601702369208602e-11;
3,0,False,False,False,1.0,2.259137972646244e-11;1.0596846681658888e-09;5.684341886080802e-14;,1.2370465364015621e-11;2.7284841053187847e-12;3.637978807091713e-12;
3,0,False,False,False,0.6666666666666666,104.29044207522455;0.0;,7.332580706405269e-12;5.7980287238024175e-12;
3,0,False,False,False,0.6666666666666666,8.08849693072516e-11;2.2737367544323206e-13;,7.499885442698834e-12;3.685698523977795e-11;
3,0,False,False,False,0.6666666666666666,3.1783606580535273;9.094947017729282e-13;,9.973388023109378e-12;1.185836009463428e-11;
3,0,False,False,False,1.0,4.547473508864641e-13;2.4548197509021956e-12;1.248689855679031e-09;,4.547473508864641e-12;7.103380699760832e-12;1.8189894035458565e-12;
3,0,False,False,False,0.6666666666666666,10.984310698711505;0.0;,4.61658157843134e-12;6.314277910027079e-11;
3,0,False,False,False,1.0,0.0;0.0;1.4804942374568746e-10;,9.275062463698822e-12;1.1064480586898243e-11;3.0137091972903166e-11;
3,0,False,False,False,1.0,0.0;0.0;0.0;,1.3116919128020487e-11;4.897778860262864e-12;6.962833884398862e-11;
3,0,False,False,False,0.6666666666666666,1.8189894035458565e-12;0.0;,7.290154618149881e-12;1.4999770885397668e-11;
3,0,False,False,False,0.6666666666666666,115.0301293209791;8.957483989248525e-12;,6.558459564010244e-12;9.275062463698822e-12;
3,0,False,False,False,1.0,0.0;2.9118037843694986e-12;0.0;,9.094947017729282e-12;9.374856803373543e-12;1.639614891002561e-12;
3,0,False,False,False,0.6666666666666666,13.155867108853926;4.547473508864641e-13;,7.332580706405269e-12;2.033691978340166e-12;
3,0,False,False,False,0.6666666666666666,0.0;0.0;,1.1647215137477994e-11;1.2862197421537486e-11;
3,0,False,False,False,1.0,0.0;1.1368683772161603e-13;1.0269806207568988e-09;,7.332580706405269e-12;3.296918293926865e-12;1.4380373887290167e-11;
3,0,False,False,False,1.0,4.547473508864641e-13;4.547473508864641e-13;8.786923864039944e-10;,4.547473508864641e-12;4.414798204140334e-12;3.9727328235751984e-11;
3,0,False,False,False,1.0,2.929642751054232e-13;4.067383956680332e-12;2.5579538487363607e-13;,6.402900835532238e-12;6.558459564010244e-12;4.143822854874209e-12;
3,0,False,False,False,1.0,2.033691978340166e-12;4.0592512265339734e-10;0.0;,1.0606439709309235e-11;2.033691978340166e-12;6.022613208603909e-11;
3,0,False,False,False,0.6666666666666666,1.2749695010364288e-11;864.645405299332;,3.1587760507704397e-12;1.0998871059607903e-11;
3,0,False,False,False,0.6666666666666666,1094.9041019318522;1.8189894035458565e-12;,1.5387672024815976e-11;2.3151955358767473e-11;
3,0,False,False,False,1.0,9.094947017729282e-13;6.506392179734414e-10;0.0;,2.7661201467245607e-12;1.8189894035458565e-12;3.4751743759521194e-11;
3,0,False,False,False,0.6666666666666666,2.371672018926856e-11;0.0;,9.094947017729282e-12;6.760305380939147e-12;
3,0,False,False,False,0.3333333333333333,13.212014882180686;,1.0951766470309208e-11;
3,0,False,False,False,0.6666666666666666,17.0809320918782;6.37052186271917e-12;,1.016845989170083e-11;4.834030647877921e-12;
3,0,False,False,False,1.0,4.388724252365059e-11;5.896873916583323e-10;7.499885442698834e-12;,1.8749713606747085e-12;4.547473508864641e-12;3.885363069147175e-12;
3,0,False,False,False,0.6666666666666666,1509.3469560631493;6.511983652498968e-12;,6.558459564010244e-12;2.2737367544323206e-12;
3,0,False,False,False,1.0,0.0;0.0;0.0;,9.795557720525728e-12;4.897778860262864e-12;7.290154618149881e-12;
3,0,False,False,False,1.0,3.6658672952917463e-11;4.547473508864641e-13;7.324664353841343e-09;,3.0505379675102492e-12;5.303219854654618e-12;2.8017751539208553e-11;
3,0,False,False,False,1.0,1.1368683772161603e-13;4.547473508864641e-13;0.0;,3.551690349880416e-12;1.2862197421537486e-12;1.4999770885397668e-11;
3,0,False,False,False,0.6666666666666666,4.210793496028588e-10;1.016845989170083e-12;,7.71731845292249e-12;3.749942721349417e-12;
3,0,False,False,False,0.6666666666666666,1214.3377057361529;7.16948535474674e-12;,3.637978807091713e-12;5.64784493161561e-12;
3,0,False,False,False,1.0,8.735411353108496e-12;2.3471307759907977e-11;4.5983480086207884e-12;,5.532240293449121e-12;3.885363069147175e-12;3.865352482534945e-12;
3,0,False,False,False,1.0,0.0;0.0;0.0;,9.495403454739563e-12;5.426567036984597e-11;3.279229782005122e-11;
3,0,False,False,False,1.0,3.749942721349417e-11;5.684341886080802e-14;0.0;,1.19625350980331e-11;2.2737367544323206e-12;1.0369835082193621e-11;
3,0,False,False,False,0.6666666666666666,889.1512655970042;0.0;,8.213824852731906e-12;1.6770253673335696e-11;
3,0,False,False,False,1.0,1.3642420526593924e-12;0.0;0.0;,5.968288291299672e-12;3.3651303965598345e-11;3.701375270816176e-11;
3,0,False,False,False,1.0,5.684341886080802e-14;4.547473508864641e-13;0.0;,1.850687635408088e-12;3.279229782005122e-12;5.287599143684432e-11;
3,0,False,False,False,0.6666666666666666,1.5084748313945953e-10;9.094947017729282e-13;,6.3175521015408794e-12;1.3116919128020487e-11;
3,0,False,False,False,1.0,4.547473508864641e-12;0.0;2.3044819065240714e-12;,1.8189894035458565e-12;1.1647215137477994e-11;8.889591051742719e-12;
3,0,False,False,False,1.0,2.033691978340166e-12;3.831042396706993e-09;1.1504299109832135e-11;,4.192563418333924e-12;2.7197541484030225e-11;5.399059620560667e-11;
3,0,False,False,False,1.0,6.431098710768743e-13;0.0;2.033691978340166e-12;,1.0459189070388675e-11;2.39250701960662e-11;6.374902626294008e-11;
3,0,False,False,False,1.0,3.1042960774131665e-11;7.011750347083502e-11;0.0;,3.310610686312665e-12;1.3642420526593924e-12;4.3236884535889524e-11;
3,0,False,False,False,0.6666666666666666,0.0;2.448889430131432e-12;,1.2370465364015621e-11;2.651609927327309e-12;
3,0,False,False,False,1.0,4.736712671768082e-10;0.0;0.0;,9.094947017729282e-12;1.3021982397982677e-11;1.3642420526593924e-12;
3,0,False,False,False,1.0,0.0;2.263053515593399e-12;1.3853010579375966e-11;,9.140308630886366e-12;2.7573452906915244e-12;6.046600952175017e-11;
3,0,False,False,False,1.0,0.0;9.094947017729282e-13;4.547473508864641e-13;,5.532240293449121e-12;2.8760747774580336e-12;9.106308604942018e-12;
3,0,False,False,False,1.0,0.0;1.5036808232475604e-09;2.2737367544323206e-13;,6.62122137262533e-12;5.823607568738997e-12;1.0913936421275139e-11;
3,0,False,False,False,1.0,9.094947017729282e-13;1.2862197421537486e-11;3.979039320256561e-13;,4.067383956680332e-12;8.235824805649297e-12;2.2737367544323206e-12;
3,0,False,False,False,0.6666666666666666,0.0;173.43952397147316;,1.7160311712462504e-11;2.033691978340166e-12;
3,0,False,False,False,0.6666666666666666,7.465003025647625;2.2737367544323206e-13;,7.499885442698834e-12;1.8331451766013172e-12;
3,0,False,False,False,0.6666666666666666,157.45277274632508;6.558459564010244e-12;,1.791496797849705e-11;3.3981526380138176e-11;
3,0,False,False,False,1.0,4.8579278376832525e-11;1.8189894035458565e-12;0.0;,6.366462912410498e-12;3.798161381895825e-11;1.1395935949750917e-11;
3,0,False,False,False,1.0,4.547473508864641e-12;5.57413834488637e-10;1.639614891002561e-10;,5.303219854654618e-12;3.183231456205249e-12;2.0739670164387242e-11;
3,0,False,False,False,1.0,4.547473508864641e-13;1.22359997904584e-11;0.0;,1.107382164435505e-11;5.823607568738997e-12;1.2862197421537486e-11;
3,0,False,False,False,1.0,0.0;4.547473508864641e-12;9.837689346015367e-12;,7.71731845292249e-12;9.275062463698822e-12;2.782518739109647e-11;
3,0,False,False,False,1.0,9.932307036928052e-11;0.0;2.2737367544323206e-13;,1.775845174940208e-12;6.206093559720185e-12;1.5916157281026244e-12;
3,0,False,False,False,1.0,0.0;6.431098710768743e-12;3.637978807091713e-12;,5.752149554916067e-12;6.1852326820078106e-12;2.1903532940618417e-11;
3,0,False,False,False,0.6666666666666666,0.0;9.484971291951818e-11;,8.134767913360665e-12;2.123236759858401e-11;
3,0,False,False,False,1.0,0.0;3.966025256548257e-12;6.410821645531849e-10;,6.926505289687983e-12;8.181914627635547e-11;1.8189894035458565e-11;
3,0,False,False,False,0.6666666666666666,1.224444715065716e-12;1.49726040052805e-11;,3.279229782005122e-12;3.0505379675102492e-12;
3,0,False,False,False,0.3333333333333333,649.6505883068069;,7.71731845292249e-12;
3,0,False,False,False,0.6666666666666666,165.43571363013007;4.348521542851813e-12;,3.279229782005122e-12;3.749942721349417e-12;
3,0,False,False,False,1.0,1.9293296132306226e-12;4.547473508864641e-13;1.2498191344131107e-10;,1.5463081705019526e-12;8.045301916788108e-12;7.063677126624534e-11;
3,0,False,False,False,0.6666666666666666,1.4075032174103943e-09;16.551234801381668;,8.185452315956354e-12;3.279229782005122e-12;
3,0,False,False,False,1.0,3.4930223075212756e-11;0.0;3.4803958599625e-11;,9.165725883006586e-12;1.4805501083264704e-11;1.2732925824820995e-11;
3,0,False,False,False,0.6666666666666666,0.0;0.0;,7.332580706405269e-12;7.71731845292249e-12;
3,0,False,False,False,0.3333333333333333,157.78750754830034;,3.6662903532026344e-12;
3,0,False,False,False,0.6666666666666666,155.30176744600854;3.649967226297978e-11;,8.829596408280667e-12;1.639614891002561e-12;
3,0,False,False,False,1.0,0.0;3.444167094072711e-11;1.8189894035458565e-12;,4.570154315443183e-12;7.42454261274165e-12;2.5868689869326576e-11;
3,0,False,False,False,0.3333333333333333,0.0;,5.4569682106375694e-12;
3,0,False,False,False,1.0,1.509925562509177e-10;4.547473508864641e-13;0.0;,8.185452315956354e-12;4.092726157978177e-12;5.752149554916067e-12;
3,0,False,False,False,1.0,2.4963776130209314e-11;3.336742579966838e-11;0.0;,7.103380699760832e-12;6.431098710768743e-12;8.134767913360665e-12;
3,0,False,False,False,1.0,0.0;3.979039320256561e-13;5.002220859751105e-12;,1.4665161412810538e-11;2.5724394843074972e-12;6.1010759350204984e-12;
3,0,False,False,False,1.0,2.2026824808563106e-13;0.0;0.0;,1.0606439709309235e-11;7.275957614183426e-12;6.558459564010244e-12;
3,0,False,False,False,0.6666666666666666,0.0;8.580155856231252e-12;,4.192563418333924e-12;1.0054339493975002e-10;
3,0,False,False,False,1.0,1.445828926692854e-09;0.0;9.609732596347458e-12;,2.2737367544323206e-12;1.1064480586898243e-11;9.23316315686268e-12;
3,0,False,False,False,1.0,0.0;0.0;8.385126836667848e-12;,1.546140993013978e-11;1.6770253673335696e-11;2.670358378212547e-11;
3,0,False,False,False,0.6666666666666666,4.547473508864641e-13;4.067383956680332e-12;,3.279229782005122e-12;6.558459564010244e-12;
3,0,False,False,False,1.0,1.5926304656797925e-12;0.0;0.0;,7.589820475220457e-12;4.7477017273697814e-12;1.1504299109832135e-11;
3,0,False,False,False,0.6666666666666666,4.637531231849411e-12;0.0;,4.637531231849411e-12;1.1647215137477994e-11;
3,0,False,False,False,1.0,5.215983831910517e-12;0.0;0.0;,6.026742896803725e-12;2.033691978340166e-12;4.534950714131263e-11;
3,0,False,False,False,0.6666666666666666,1.0795437763360784e-10;9.094947017729282e-13;,3.749942721349417e-12;1.3021982397982677e-11;
3,0,False,False,False,1.0,1.0056627395985135e-11;0.0;5.968288291299672e-12;,2.033691978340166e-12;1.791496797849705e-11;5.574134171243378e-12;
3,0,False,False,False,1.0,1.543463690584498e-11;1.1368683772161603e-13;0.0;,7.103380699760832e-12;2.5724394843074972e-12;1.5883642114725243e-11;
3,0,False,False,False,1.0,0.0;0.0;1.3719250701224623e-10;,9.462679393748118e-12;1.1647215137477994e-11;6.152758545674628e-12;
3,0,False,False,False,1.0,7.103380699760832e-12;6.252776074688882e-13;3.498895978131503e-11;,1.19625350980331e-11;5.2055196861806385e-12;4.067383956680332e-12;
3,0,False,False,False,1.0,1.016845989170083e-12;3.920135816216922e-12;9.094947017729282e-13;,3.279229782005122e-12;3.0505379675102492e-12;4.786742417105694e-11;
3,0,False,False,False,0.3333333333333333,23.81747182253323;,1.0606439709309235e-11;
3,0,False,False,False,0.6666666666666666,7.70612177749937;0.0;,1.2635104203081759e-11;4.092726157978177e-12;
3,0,False,False,False,1.0,1.1429638408125589e-10;1.016845989170083e-12;3.0789141481117127e-09;,1.1064480586898243e-11;2.9118037843694986e-12;7.477794421390887e-11;
3,0,False,False,False,1.0,2.5724394843074972e-12;0.0;0.0;,1.55414522765887e-11;9.635923606955244e-12;5.752149554916067e-12;
3,0,False,False,False,1.0,2.2737367544323206e-12;3.865352482534945e-12;0.0;,9.15232001833771e-12;2.3233317638235292e-11;1.1395935949750917e-11;
3,0,False,False,False,1.0,1.3642420526593924e-12;2.4080149696371748e-11;8.580155856231252e-12;,8.045301916788108e-12;4.092726157978177e-12;2.674904166242912e-11;
3,0,False,False,False,1.0,0.0;6.1852326820078106e-12;0.0;,5.823607568738997e-12;2.033691978340166e-12;2.033691978340166e-12;
3,0,False,False,False,1.0,9.094947017729282e-13;1.3935168481326258e-10;0.0;,7.568504305296864e-11;9.094947017729282e-12;1.124982816404825e-11;
3,0,False,False,False,1.0,3.3981526380138176e-11;0.0;0.0;,1.1064480586898243e-11;1.2370465364015621e-11;1.2765366452748093e-11;
3,0,False,False,False,1.0,9.094947017729282e-13;4.547473508864641e-13;1.1368683772161603e-13;,9.275062463698822e-12;6.1852326820078106e-12;4.547473508864641e-12;
3,0,False,False,False,0.6666666666666666,2.2737367544323206e-13;265.2145422294561;,9.374856803373543e-12;9.275062463698822e-12;
3,0,False,False,False,0.6666666666666666,54.01917435916562;0.0;,9.094947017729282e-12;7.71731845292249e-12;
3,0,False,False,False,0.6666666666666666,201.9922488169584;2.2737367544323206e-13;,3.6662903532026344e-12;1.0219175716994974e-11;
3,0,False,False,False,0.6666666666666666,196.53503317277446;0.0;,9.094947017729282e-12;1.7659192816561335e-11;
3,0,False,False,False,1.0,1.8189894035458565e-12;2.7000623958883807e-13;9.094947017729282e-13;,8.385126836667848e-12;1.000444171950221e-11;7.275957614183426e-12;
3,0,False,False,False,0.6666666666666666,2.019405957178107e-10;309.6042609675912;,2.2737367544323206e-12;1.667751423237155e-11;
3,0,False,False,False,1.0,9.87178889140178e-12;0.0;3.936168663226111e-10;,2.5069172205803562e-12;4.547473508864641e-13;2.7706021158751932e-11;
3,0,False,False,False,0.6666666666666666,4.547473508864641e-13;9.094947017729282e-13;,4.834030647877921e-12;3.310610686312665e-12;
3,0,False,False,False,0.6666666666666666,0.0;6.9302362381350445e-12;,7.332580706405269e-12;4.067383956680332e-12;
3,0,False,False,False,1.0,5.5138116294983774e-12;2.2737367544323206e-13;0.0;,4.547473508864641e-12;1.1718571004216928e-11;9.094947017729282e-12;
3,0,False,False,False,1.0,2.9330322825621076e-11;0.0;2.2737367544323206e-13;,9.094947017729282e-13;1.124982816404825e-11;7.275957614183426e-12;
3,0,False,False,False,0.6666666666666666,62.62063733743045;0.0;,1.6553053431563327e-11;1.0616183799292005e-11;
3,0,False,False,False,0.6666666666666666,4.547473508864641e-13;0.0;,6.9414170513817895e-12;1.1647215137477994e-11;
3,0,False,False,False,1.0,6.431098710768743e-13;7.418310692901577e-10;6.991016606881618e-10;,7.275957614183426e-12;1.2732925824820995e-11;9.094947017729282e-13;
3,0,False,False,False,0.6666666666666666,5.83819271077363e-11;1386.7702151842382;,1.1737856311029015e-11;8.385126836667848e-12;
3,0,False,False,False,1.0,0.0;5.129582369483095e-10;9.094947017729282e-13;,5.532240293449121e-12;3.749942721349417e-12;8.045301916788108e-12;
3,0,False,False,False,0.6666666666666666,0.0;4.6942615519815954e-11;,1.3520610761878294e-11;1.3763152265184141e-11;
3,0,False,False,False,0.6666666666666666,1.0951766470309208e-11;1.2760764907558008e-09;,6.1010759350204984e-12;1.2370465364015621e-11;
3,0,False,False,False,1.0,4.822252064170536e-11;0.0;0.0;,3.749942721349417e-12;1.19625350980331e-11;3.637978807091713e-11;
3,0,False,False,False,1.0,9.094947017729282e-13;0.0;0.0;,9.140308630886366e-12;8.134767913360665e-12;1.669610333072871e-11;
3,0,False,False,False,0.6666666666666666,5.287599143684432e-11;229.1576547920605;,1.2954813447856616e-11;1.3853010579375966e-11;
3,0,False,False,False,1.0,1.4038073554965914e-10;1.2914844780448403e-11;0.0;,6.926505289687983e-12;1.5463081705019526e-12;7.099303819590761e-11;
3,0,False,False,False,1.0,1.1568722555634318e-09;4.547473508864641e-13;5.1849175410968106e-12;,1.5521480387065832e-11;3.885363069147175e-12;3.508210767042663e-12;
3,0,False,False,False,0.6666666666666666,511.56347147343604;0.0;,1.016845989170083e-12;4.637531231849411e-12;
3,0,False,False,False,1.0,1.156089049403605e-09;3.637978807091713e-12;4.909639501804391e-12;,9.721388017365802e-12;1.1647215137477994e-11;6.46542353619142e-12;
3,0,False,False,False,0.6666666666666666,7.650710300082183e-11;0.0;,5.1448789686149945e-12;7.499885442698834e-12;
3,0,False,False,False,1.0,6.821210263296962e-13;2.7284841053187847e-12;2.502350342583232e-11;,9.374856803373542e-13;1.828061726177273e-11;7.481250443399769e-11;
3,0,False,False,False,0.6666666666666666,4.547473508864641e-13;18.93783576095002;,5.752149554916067e-12;4.4787419946242626e-12;
3,0,False,False,False,1.0,1.8225386545374702e-12;0.0;4.547473508864641e-13;,9.795557720525728e-12;9.275062463698822e-12;9.763839695362498e-12;
3,0,False,False,False,1.0,0.0;5.700519240482959e-12;5.942704189413261e-11;,9.363821064641343e-12;1.457687384262575e-11;4.4787419946242626e-12;
3,0,False,False,False,0.6666666666666666,6.028125543546544;5.684341886080801e-13;,1.3853010579375966e-11;1.1395935949750917e-11;
3,0,False,False,False,0.6666666666666666,2.6397650135290935;3.637978807091713e-12;,5.823607568738997e-12;1.2732925824820995e-11;
3,0,False,False,False,0.6666666666666666,3.410605131648481e-13;133.31102957226565;,3.637978807091713e-12;3.65272819690712e-11;
3,0,False,False,False,1.0,9.094947017729282e-13;1.1368683772161603e-13;4.547473508864641e-13;,2.3383036263444303e-11;1.619309279227751e-11;1.929865463709843e-11;
3,0,False,False,False,1.0,2.5421149729252077e-13;0.0;2.2737367544323206e-13;,4.4787419946242626e-12;5.1448789686149945e-12;5.9117155615240335e-12;
3,0,False,False,False,1.0,9.830830592733465e-11;1.3115068124454135e-09;1.2729288138435031e-09;,5.823607568738997e-12;1.8749713606747085e-11;3.4858690736176505e-11;
3,0,False,False,False,1.0,1.0227995814814925e-09;2.2616893212626752e-09;1.5125758404355818e-09;,8.543927027883881e-12;7.275957614183426e-12;1.9426815345735874e-11;
3,0,False,False,False,1.0,4.547473508864641e-13;3.6383677980347694e-12;0.0;,3.551690349880416e-12;3.724764037369007e-12;3.1295077013210636e-11;
3,0,False,False,False,1.0,1.8189894035458565e-10;4.970078575069492e-11;0.0;,1.0289757937229989e-11;1.639614891002561e-12;4.478741994624263e-11;
3,0,False,False,False,1.0,1.4805501083264704e-11;0.0;3.410605131648481e-13;,1.016845989170083e-11;1.0923406216047e-11;2.2737367544323206e-12;
3,0,False,False,False,1.0,2.8471687696762326e-11;1.7659192816561335e-11;4.547473508864641e-13;,5.752149554916067e-12;6.62122137262533e-12;2.5611603342128952e-11;
3,0,False,False,False,0.6666666666666666,9.094947017729282e-13;4.547473508864641e-13;,1.3520610761878294e-11;1.2202151870040997e-11;
3,0,False,False,False,1.0,0.0;1.3774266481424262e-10;4.547473508864641e-13;,9.668061295755842e-12;1.6770253673335696e-11;3.310610686312665e-12;
3,0,False,False,False,0.6666666666666666,1.3283930411161513;4.717113362818032e-10;,9.094947017729282e-12;2.0739670164387242e-11;
3,0,False,False,False,0.6666666666666666,78.59585894171717;1.153481692655564e-10;,1.1064480586898243e-11;3.6662903532026344e-12;
3,0,False,False,False,0.6666666666666666,458.14104403364314;1.8058536631221592e-09;,4.067383956680332e-12;5.752149554916067e-12;
3,0,False,False,False,1.0,1.1952612623750827e-10;0.0;0.0;,3.9118846266513295e-12;9.668061295755842e-12;9.275062463698822e-12;
3,0,False,False,False,1.0,6.431098710768743e-13;7.279509460923746e-13;5.475883235154604e-12;,2.033691978340166e-12;1.2862197421537486e-12;1.3021982397982677e-11;
3,0,False,False,False,1.0,5.752149554916067e-12;0.0;6.558459564010244e-12;,9.094947017729282e-12;1.0951766470309208e-11;5.911715561524034e-11;
3,0,False,False,False,1.0,1.19625350980331e-11;0.0;1.3642420526593924e-12;,4.547473508864641e-12;1.2934344934663288e-11;6.1852326820078106e-12;
3,0,False,False,False,0.6666666666666666,48.96079912593044;0.0;,5.084229945850415e-12;4.067383956680332e-12;
4,0,False,False,False,1.0,1.4805501083264704e-11;0.0;0.0;0.0;,9.275062463698822e-12;4.3236884535889524e-11;2.4028567738465256e-11;7.460074504491741e-11;
4,0,False,False,False,0.75,49.45987846239917;1.5472508177208282e-11;1.9854552643406554e-12;,8.385126836667848e-12;6.696012390472054e-12;9.112693272687351e-12;
4,0,False,False,False,1.0,2.2737367544323206e-12;6.821210263296962e-13;6.821210263296962e-13;7.513108877197149e-11;,5.697967974875459e-12;6.9414170513817895e-12;1.1148268342486756e-11;5.743514849690453e-11;
4,0,False,False,False,1.0,0.0;0.0;9.447813987773464e-13;0.0;,8.185452315956354e-12;7.332580706405269e-12;1.368970808788651e-12;2.7765668205527158e-11;
4,0,False,False,False,0.75,223.19281556431878;0.0;0.0;,1.016845989170083e-12;9.094947017729282e-12;1.1064480586898243e-11;
4,0,False,False,False,0.75,0.0;107.45174713175227;9.094947017729282e-13;,5.532240293449121e-12;1.8331451766013172e-12;7.499885442698834e-12;
4,0,False,False,False,1.0,2.2737367544323206e-13;0.0;0.0;9.094947017729282e-13;,5.084229945850415e-13;5.98126754901655e-12;2.033691978340166e-11;7.73070496506989e-12;
4,0,False,False,False,1.0,6.431098710768743e-13;1.9591115441051456e-11;9.094947017729282e-13;0.0;,7.402750541632352e-12;6.431098710768743e-12;8.077623828712428e-11;1.7659192816561335e-11;
4,0,False,False,False,0.75,4.547473508864641e-13;0.0;0.0;,8.385126836667848e-12;4.897778860262864e-12;7.721604661779974e-11;
4,0,False,False,False,0.75,210.8017146373673;1.639614891002561e-12;4.121147867408581e-13;,9.094947017729282e-12;4.4787419946242626e-12;1.1577496033669111e-10;
4,0,False,False,False,0.75,0.0;1.0728962678587206e-09;4.547473508864641e-13;,1.8331451766013172e-12;5.322681277320783e-12;9.374856803373543e-12;
4,0,False,False,False,0.75,1057.905051498215;1.0754774848464876e-10;0.0;,2.2737367544323206e-12;5.303219854654618e-12;4.9146387340829446e-11;
4,0,False,False,False,0.5,0.0;66.00536814827895;,6.558459564010244e-12;1.1148268342486756e-11;
4,0,False,False,False,0.75,2.2230870291690458e-10;3.0926163410039053e-12;0.0;,5.550898829703193e-12;1.993121895867364e-11;4.66243568297661e-11;
4,0,False,False,False,1.0,6.516762778483174e-10;6.679101716144942e-12;1.8225386545374702e-12;2.140131932042746e-09;,8.580155856231252e-12;3.749942721349417e-12;6.6221973062105e-12;2.2737367544323206e-12;
4,0,False,False,False,0.75,0.0;17.56777730312949;9.004456876594378e-11;,1.3853010579375966e-11;3.0505379675102492e-12;1.812155355325674e-11;
4,0,False,False,False,1.0,0.0;4.242575883723694e-11;0.0;1.456583520824419e-10;,8.735411353108496e-12;1.2751183833470307e-11;5.4509015403788715e-11;1.0289757937229989e-11;
4,0,False,False,False,1.0,0.0;3.5452446914586433e-09;2.2737367544323206e-13;8.480867409663202e-10;,3.279229782005122e-12;2.823922465807805e-12;2.8124570410120625e-12;8.235824805649297e-12;
4,0,False,False,False,0.5,46.32313543043198;4.547473508864641e-13;,4.637531231849411e-12;5.1448789686149945e-12;
4,0,False,False,False,0.75,76.61929329960631;2.5579538487363607e-13;0.0;,5.303219854654618e-12;9.094947017729282e-13;8.134767913360665e-12;
4,0,False,False,False,1.0,0.0;0.0;2.448889430131432e-12;7.332580706405269e-12;,1.1064480586898243e-11;9.795557720525728e-12;7.5274080505764e-12;2.961100216652941e-11;
4,0,False,False,False,0.75,131.479654176338;1.1368683772161603e-12;9.944836951321594e-12;,1.084741638067186e-11;6.844854043943255e-12;8.848897374012255e-11;
4,0,False,False,False,0.5,4.067383956680332e-12;70.71290936869823;,7.499885442698834e-12;8.829596408280667e-12;
4,0,False,False,False,1.0,3.790531260924528e-11;1.4380373887290167e-11;4.547473508864641e-13;1.7053025658242404e-12;,2.033691978340166e-12;2.737941617577302e-12;1.1101797659406386e-11;1.0928729369620903e-11;
4,0,False,False,False,1.0,6.910490901871425e-10;8.715052348375498e-10;9.094947017729282e-13;1.097518953196359e-09;,9.094947017729282e-12;5.1448789686149945e-12;4.547473508864641e-12;1.8212617209884036e-11;
4,0,False,False,False,0.5,69.14653182584635;3.238465307894671e-10;,2.033691978340166e-12;7.103380699760832e-12;
4,0,False,False,False,0.75,1.8411248342544883e-09;0.0;5.532240293449121e-12;,2.2737367544323206e-12;4.067383956680332e-12;2.7360527304138165e-11;
4,0,False,False,False,1.0,2.033691978340166e-12;0.0;3.1946575897489406e-10;4.0990372275064023e-13;,4.897778860262864e-12;4.067383956680332e-12;1.0645362554641566e-11;9.374856803373542e-13;
4,0,False,False,False,0.75,11.647553610359754;4.860694008682901e-12;1.1563068983379697e-09;,7.73070496506989e-12;3.6662903532026344e-12;9.094947017729282e-12;
4,0,False,False,False,0.75,8.862063357394804e-10;0.0;4.547473508864641e-13;,1.3116919128020487e-11;8.385126836667848e-12;1.9527679390724996e-11;
4,0,False,False,False,0.75,3.646441220981596e-10;3.929027638203997e-11;1.4235843848381163e-11;,3.895433500277799e-12;6.558459564010244e-12;9.363821064641343e-12;
4,0,False,False,False,1.0,3.483569516176728e-11;2.1184826316465543e-10;0.0;0.0;,6.760305380939147e-12;4.067383956680332e-12;3.790531260924528e-11;1.639614891002561e-11;
4,0,False,False,False,1.0,4.3807065881236834e-11;2.2737367544323206e-13;6.536993168992922e-13;1.5347723092418164e-12;,7.103380699760832e-12;5.475883235154604e-12;5.084229945850415e-12;5.85759778481756e-11;
4,0,False,False,False,0.75,0.0;0.0;5.951772521045905e-10;,4.067383956680332e-12;2.5724394843074972e-12;4.192563418333924e-12;
4,0,False,False,False,0.75,4.547473508864641e-13;2.6186498960465485e-11;6.111912668133824e-11;,4.986694011554689e-12;5.532240293449121e-12;2.44719995809168e-11;
4,0,False,False,False,0.75,2.2737367544323206e-13;9.094947017729282e-13;0.0;,3.4200659130172707e-12;8.640199666842818e-12;9.837689346015367e-12;
4,0,False,False,False,0.75,0.0;0.0;1.0365288308656825e-09;,1.0606439709309235e-11;3.637978807091713e-12;2.448889430131432e-12;
4,0,False,False,False,0.75,0.0;0.0;83.08109135025296;,2.033691978340166e-12;2.7284841053187847e-12;4.018278929720422e-11;
4,0,False,False,False,0.5,29.155868519703752;1.1368683772161603e-12;,3.637978807091713e-12;8.735411353108496e-12;
4,0,False,False,False,0.25,323.064521626205;,3.410605131648481e-12;
4,0,False,False,False,0.75,4.547473508864641e-13;0.0;69.20633000292977;,3.6662903532026344e-12;1.0045697324301055e-11;1.2202151870040997e-11;
4,0,False,False,False,0.75,0.0;2.0464124216397433e-12;3.77623569234786e-09;,1.3021982397982677e-11;4.192563418333924e-12;4.172787065528414e-11;
4,0,False,False,False,0.75,48.11324348927013;2.396962890549376e-10;0.0;,1.0913936421275139e-11;5.189900644160537e-12;1.800707639015248e-11;
4,0,False,False,False,1.0,0.0;2.371672018926856e-11;4.547473508864641e-13;9.094947017729282e-13;,1.3116919128020487e-11;9.668061295755842e-12;6.62122137262533e-12;1.6090603833576217e-11;
4,0,False,False,False,0.75,62.92133578277161;3.0096064701273194e-10;0.0;,3.0589999476146e-12;2.7284841053187847e-12;1.8550124927397645e-11;
4,0,False,False,False,1.0,3.979039320256561e-13;1.016845989170083e-12;0.0;1.3736865986728313e-09;,7.275957614183426e-12;9.560515555507954e-12;1.0606439709309235e-11;6.374902626294008e-11;
4,0,False,False,False,1.0,2.9118037843694986e-12;1.6873761840410028e-10;0.0;0.0;,9.795557720525728e-12;5.1448789686149945e-12;7.71731845292249e-12;3.30560976097081e-11;
4,0,False,False,False,1.0,0.0;1.013622584857326e-11;0.0;0.0;,5.752149554916067e-12;7.31934897104105e-12;2.4170153239389606e-12;2.0739670164387242e-11;
4,0,False,False,False,0.75,24.77848610250718;3.410605131648481e-13;4.547473508864641e-13;,2.2737367544323206e-12;1.3642420526593924e-12;1.3882834102763579e-11;
4,0,False,False,False,1.0,3.38621584307089e-09;1.1368683772161603e-13;0.0;3.120362202100973e-10;,8.957483989248525e-12;1.8331451766013172e-12;4.975692487856552e-11;3.1987847969628955e-11;
4,0,False,False,False,0.75,2.2495611908718805e-10;1.639614891002561e-12;0.0;,7.103380699760832e-12;2.651609927327309e-12;8.134767913360665e-12;
4,0,False,False,False,0.75,134.88218302984225;1.0606439709309235e-11;9.094947017729282e-13;,9.196696017241577e-12;5.752149554916067e-12;5.532240293449121e-12;
4,0,False,False,False,1.0,9.277849023011715e-12;9.094947017729282e-13;0.0;2.2737367544323206e-13;,5.308091899646002e-12;6.558459564010244e-12;7.275957614183426e-12;1.0616183799292005e-11;
4,0,False,False,False,0.75,2.4149824650257175e-11;3.617046393158724e-12;8.409418383284215e-10;,7.275957614183426e-12;1.1504299109832135e-11;1.1461076793801741e-10;
4,0,False,False,False,0.75,217.59933823236443;0.0;4.547473508864641e-13;,8.580155856231252e-12;6.558459564010244e-12;7.941821057362622e-12;
4,0,False,False,False,0.75,1.6810650923525133e-10;0.0;8.404372046368835e-12;,1.0913936421275139e-11;1.1836017427411163e-10;1.9271847213910488e-11;
4,0,False,False,False,1.0,0.0;7.958078640513122e-13;2.5724394843074972e-12;2.832970153971932e-11;,1.2370465364015621e-11;3.749942721349417e-12;8.932631742011781e-11;2.3873153165198688e-11;
4,0,False,False,False,0.75,0.0;0.0;0.0;,3.637978807091713e-12;4.802269825611469e-11;7.332580706405269e-11;
4,0,False,False,False,0.5,2.3437142008433857e-12;84.94961287627383;,3.779125595109386e-12;5.752149554916067e-12;
4,0,False,False,False,0.75,1.0497968420697943e-09;0.0;262.4320120060654;,8.6282243323741e-12;2.643799571842216e-11;7.278230995777469e-11;
4,0,False,False,False,0.75,9.094947017729282e-13;3.1852609313595847e-11;0.0;,6.558459564010244e-12;8.385126836667848e-12;6.26495970183697e-11;
4,0,False,False,False,0.75,10.861453118006088;1.669511243465788e-10;4.547473508864641e-13;,1.3642420526593924e-12;5.093170329928398e-11;8.566648349600012e-11;
4,0,False,False,False,1.0,1.016845989170083e-12;0.0;9.094947017729282e-13;4.866485101771166e-10;,7.499885442698834e-12;1.0606439709309235e-11;8.829596408280667e-12;9.094947017729282e-12;
4,0,False,False,False,0.75,0.0;533.7835901313492;2.2737367544323206e-13;,1.1504299109832135e-11;5.475883235154604e-12;7.332580706405269e-12;
4,0,False,False,False,1.0,9.094947017729282e-12;0.0;0.0;3.343796449737975e-09;,9.275062463698822e-12;1.7565260273684513e-11;1.321899785921108e-11;6.737784500000096e-11;
4,0,False,False,False,0.5,142.09391042289784;3.678689649784117e-10;,9.196696017241577e-12;4.637531231849411e-12;
4,0,False,False,False,0.75,9.094947017729282e-12;0.0;3.524291969370097e-12;,7.103380699760832e-12;6.984185043528847e-11;1.626953582672133e-11;
4,0,False,False,False,1.0,2.033691978340166e-12;0.0;1.1368683772161603e-13;1.9426815345735873e-12;,4.067383956680332e-12;7.71731845292249e-12;3.279229782005122e-12;5.894374748754828e-11;
4,0,False,False,False,1.0,5.405949596647981e-11;4.547473508864641e-12;6.431098710768743e-13;8.813712267914689e-10;,7.103380699760832e-12;1.4665161412810538e-11;7.5274080505764e-12;2.4404303740081994e-11;
4,0,False,False,False,0.5,23.96244782078655;0.0;,1.46157241760995e-11;1.2635104203081759e-11;
4,0,False,False,False,0.75,0.0;0.0;207.99746119000915;,5.475883235154604e-12;9.094947017729282e-12;4.067383956680332e-12;
4,0,False,False,False,1.0,3.203952465593563e-11;9.584818557576906e-11;3.26696352867544e-10;0.0;,4.01782859786915e-12;1.016845989170083e-11;5.823607568738997e-12;6.1010759350204984e-12;
4,0,False,False,False,0.75,950.6029078464992;5.084229945850415e-13;0.0;,9.495403454739563e-12;7.236772245432598e-12;1.2202151870040997e-11;
4,0,False,False,False,0.75,0.0;1.7659192816561335e-11;6.431098710768743e-13;,7.332580706405269e-12;1.639614891002561e-11;7.73070496506989e-12;
4,0,False,False,False,1.0,2.5132911308462273e-09;6.821210263296962e-12;7.692626405984083e-11;0.0;,9.374856803373542e-13;1.9426815345735873e-12;7.275957614183426e-12;7.622954678590855e-12;
4,0,False,False,False,0.5,27.78827884820669;6.431098710768743e-13;,4.834030647877921e-12;6.1852326820078106e-12;
4,0,False,False,False,0.5,155.20578471602468;1.9185811752075995e-11;,1.0219175716994974e-11;4.067383956680332e-12;
4,0,False,False,False,0.75,9.094947017729282e-13;1.816749815207722e-11;0.0;,9.094947017729282e-12;9.59896689337788e-12;2.0029543107325698e-11;
4,0,False,False,False,1.0,2.033691978340166e-12;3.637978807091713e-12;1.509870778641717e-10;1.3196440808697372e-09;,5.752149554916067e-12;7.103380699760832e-12;9.094947017729282e-12;2.3738508636848907e-12;
4,0,False,False,False,0.75,4.547473508864641e-13;4.547473508864641e-13;1323.2205874495444;,4.4787419946242626e-12;1.2794189634595913e-11;1.19625350980331e-11;
4,0,False,False,False,0.75,681.4437339937457;0.0;2.5724394843074972e-12;,6.1010759350204984e-12;7.558251190218771e-12;6.988329082486797e-11;
4,0,False,False,False,0.75,4.0521025602984923e-11;7.830143293089421e-11;678.5758217334155;,4.637531231849411e-12;5.898583263421118e-12;9.374856803373543e-12;
4,0,False,False,False,1.0,9.094947017729282e-13;0.0;9.094947017729282e-13;0.0;,4.7477017273697814e-12;6.4351168921734396e-12;1.1504299109832135e-11;1.9271847213910488e-11;
4,0,False,False,False,0.75,0.0;5.684341886080801e-13;1.241351990019364e-10;,1.2862197421537486e-11;2.5724394843074972e-12;1.469333658078859e-11;
4,0,False,False,False,1.0,0.0;0.0;1.016845989170083e-12;1.8960292566718106e-10;,2.0997315697268633e-11;8.045301916788108e-12;1.4380373887290168e-12;8.134767913360665e-12;
4,0,False,False,False,0.75,1.2075747189593413e-10;6.291475205561392e-11;9.545795738378311e-11;,1.0606439709309235e-11;5.1448789686149945e-12;4.897778860262864e-12;
4,0,False,False,False,0.75,0.0;50.704283318841995;7.499885442698834e-12;,1.266779534233512e-11;5.752149554916067e-12;3.885363069147175e-11;
4,0,False,False,False,0.5,545.4214170559355;57.00657862235459;,5.1849175410968106e-12;3.749942721349417e-12;
4,0,False,False,False,0.75,5.115907697472721e-13;0.0;210.54216094472966;,3.922195901395753e-12;4.897778860262864e-12;3.2155493553843714e-12;
4,0,False,False,False,0.75,506.6927883273603;0.0;0.0;,2.2737367544323206e-12;6.227216642809686e-11;9.615299114694867e-11;
4,0,False,False,False,1.0,0.0;2.2737367544323206e-13;5.084229945850415e-13;0.0;,1.1064480586898243e-11;3.749942721349417e-12;3.5589609620952907e-12;7.402750541632352e-12;
4,0,False,False,False,0.5,293.87801017482457;0.0;,8.543927027883881e-12;1.546140993013978e-11;
4,0,False,False,False,0.75,1.639614891002561e-12;0.0;0.0;,6.926505289687983e-12;1.8550124927397645e-11;7.71731845292249e-12;
4,0,False,False,False,0.75,1.8189894035458565e-12;1.9864965415929592e-11;5.115907697472721e-13;,5.823607568738997e-12;1.513700861059373e-11;9.094947017729282e-13;
4,0,False,False,False,1.0,2.670358378212547e-11;4.547473508864641e-13;0.0;0.0;,9.275062463698822e-12;8.385126836667848e-12;5.68561503608645e-11;8.134767913360665e-12;
4,0,False,False,False,1.0,0.0;4.0990372275064023e-13;0.0;0.0;,1.3116919128020487e-11;1.7053025658242404e-12;1.5568041607024215e-11;0.0;
4,0,False,False,False,0.75,179.6789294534345;5.811977592553097e-11;0.0;,2.2737367544323206e-12;3.410605131648481e-12;9.668061295755842e-12;
4,0,False,False,False,1.0,8.242295734817162e-13;0.0;0.0;7.103380699760832e-12;,1.6633378991627446e-12;4.067383956680332e-12;2.8760747774580336e-12;1.0885097654228725e-10;
4,0,False,False,False,0.75,36.278402759380114;1.1971824928569914e-09;0.0;,3.6662903532026344e-12;1.2370465364015621e-11;1.3882834102763579e-11;
4,0,False,False,False,1.0,0.0;0.0;0.0;0.0;,3.279229782005122e-12;5.322681277320783e-12;3.113608321404843e-11;4.3995484238431613e-11;
4,0,False,False,False,0.5,365.4752583173484;0.0;,1.411915463564585e-11;8.134767913360665e-12;
4,0,False,False,False,1.0,7.279509460923746e-13;1.1795009413617663e-12;9.094947017729282e-13;4.547473508864641e-13;,4.2309225286609024e-12;8.580155856231252e-12;3.279229782005122e-12;4.4787419946242626e-12;
4,0,False,False,False,0.75,2.2737367544323206e-13;1.2862197421537486e-12;56.68938510920833;,3.0926163410039053e-12;2.033691978340166e-12;5.229594535194337e-12;
4,0,False,False,False,0.75,182.02731242590895;0.0;0.0;,1.4206761399521663e-11;9.837689346015367e-12;6.843003322856632e-11;
4,0,False,False,False,0.75,53.08897940472019;4.5398462307113676e-10;0.0;,1.0606439709309235e-11;1.8474111129762605e-12;5.325011868373421e-11;
4,0,False,False,False,0.75,155.75807519340705;0.0;0.0;,1.2202151870040997e-11;1.2862197421537486e-11;4.66243568297661e-11;
4,0,False,False,False,0.75,8.312303926502833e-11;9.094947017729282e-13;2.2737367544323206e-13;,8.6282243323741e-12;2.121287941861847e-11;3.905535878144999e-11;
4,0,False,False,False,0.75,9.094947017729282e-13;7.389644451905042e-13;0.0;,5.475883235154604e-12;9.124918065744945e-12;7.159057951559381e-11;
4,0,False,False,False,0.75,1.2862197421537486e-11;0.0;0.0;,5.752149554916067e-12;1.5916157281026244e-12;7.71731845292249e-12;
4,0,False,False,False,0.75,12.510859508687004;0.0;0.0;,6.431098710768743e-13;2.546585164964199e-11;5.4569682106375694e-11;
4,0,False,False,False,0.75,1.832129614885417e-10;2.827182969147673e-10;0.0;,2.033691978340166e-12;5.4486247975547155e-11;6.407904931187126e-11;
4,0,False,False,False,1.0,0.0;9.071506488364002e-10;8.210299389698137e-10;3.410605131648481e-13;,1.2202151870040997e-11;2.7661201467245607e-12;1.0951766470309208e-11;5.897706737186481e-11;
4,0,False,False,False,0.75,0.0;0.0;0.0;,1.1395935949750917e-11;1.626953582672133e-11;1.2765366452748093e-11;
4,0,False,False,False,0.75,0.0;0.0;0.0;,1.6770253673335696e-11;8.134767913360665e-12;2.6043964795965355e-11;
4,0,False,False,False,1.0,1.016845989170083e-12;4.206412995699793e-12;5.265717098058235e-10;2.2737367544323206e-13;,5.9117155615240335e-12;7.249486151826716e-12;1.324244274525066e-11;1.837229949434528e-11;
4,0,False,False,False,1.0,0.0;1.639614891002561e-12;1.8189894035458565e-12;8.580155856231252e-12;,3.811477339295427e-12;4.067383956680332e-12;2.129072510928313e-11;7.499885442698834e-12;
4,0,False,False,False,1.0,0.0;4.582862941503293e-13;3.410605131648481e-13;9.094947017729282e-13;,3.637978807091713e-12;3.6662903532026344e-12;1.8189894035458565e-12;9.3128882322395e-11;
4,0,False,False,False,1.0,6.431098710768743e-13;0.0;6.168006178076114e-12;2.7284841053187847e-12;,6.926505289687983e-12;1.3116919128020487e-11;3.6662903532026344e-12;7.941821057362622e-12;
4,0,False,False,False,0.5,0.0;0.0;,3.749942721349417e-12;6.558459564010244e-12;
4,0,False,False,False,1.0,4.856445188112436e-09;2.2737367544323206e-13;0.0;0.0;,1.5463081705019526e-12;2.984144145649836e-12;1.72564486647482e-11;4.9481861456062484e-11;
4,0,False,False,False,0.75,187.8180790459935;0.0;0.0;,1.5916157281026244e-12;2.4217164456230145e-11;6.840131826034541e-12;
4,0,False,False,False,0.75,9.134877130774635e-11;75.91372363002972;1.2505552149377763e-12;,7.332580706405269e-12;8.385126836667848e-12;2.9118037843694986e-12;
4,0,False,False,False,0.75,0.0;1068.1955326069474;0.0;,1.1504299109832135e-11;1.1368683772161603e-12;4.637531231849411e-12;
4,0,False,False,False,0.5,692.9229735955004;4.547473508864641e-13;,1.7160311712462504e-11;4.067383956680332e-12;
4,0,False,False,False,0.75,9.094947017729282e-13;1.0773290105573446e-11;1.2862197421537486e-12;,1.124982816404825e-11;3.551690349880416e-12;1.7659192816561335e-11;
4,0,False,False,False,1.0,3.678678406896631e-11;4.547473508864641e-13;0.0;1.8189894035458565e-12;,1.1504299109832135e-11;5.002220859751105e-12;6.550887739783905e-11;7.499885442698834e-12;
4,0,False,False,False,0.5,58.849468280634035;0.0;,1.3021982397982677e-11;4.547473508864641e-12;
4,0,False,False,False,0.5,124.64324621723841;0.0;,4.547473508864641e-12;5.278204527184028e-11;
4,0,False,False,False,0.75,153.33468726520795;5.2729126997740674e-11;3.354050734667139e-11;,6.558459564010244e-12;9.973388023109378e-12;7.275957614183426e-12;
4,0,False,False,False,1.0,1.2033632285601236e-11;0.0;0.0;2.4994747889377374e-09;,9.592905876037998e-12;8.134767913360665e-12;2.077951586906395e-11;7.103380699760832e-11;
4,0,False,False,False,1.0,0.0;0.0;0.0;0.0;,3.279229782005122e-12;3.0505379675102492e-12;5.15150677008509e-11;2.009139464860211e-11;
4,0,False,False,False,1.0,1.0785433805031662e-09;6.821210263296962e-13;5.6652103021033095e-11;7.195936794179027e-10;,4.637531231849411e-12;3.2554955994956693e-12;3.253907165344266e-11;4.018278929720422e-11;
4,0,False,False,False,0.75,253.09537150628915;4.547473508864641e-13;2.096281709166962e-12;,2.7284841053187847e-12;5.002220859751105e-12;6.21961560982069e-12;
4,0,False,False,False,0.5,84.49732711420783;313.48948315100563;,6.3175521015408794e-12;2.448889430131432e-12;
4,0,False,False,False,1.0,2.2737367544323206e-13;3.4725312862054284e-10;1.222111825499511e-10;0.0;,5.1448789686149945e-12;5.752149554916067e-12;3.710024985479529e-11;2.6043964795965355e-11;
4,0,False,False,False,0.75,0.0;46.86968541785934;1.4665161412810538e-11;,1.2202151870040997e-11;9.495403454739563e-12;2.2128961173796485e-11;
4,0,False,False,False,1.0,4.547473508864641e-13;9.094947017729282e-12;2.033691978340166e-12;4.2498445244932965e-10;,1.1504299109832135e-11;7.275957614183426e-12;6.1010759350204984e-12;2.033691978340166e-12;
4,0,False,False,False,0.75,6.821210263296962e-13;294.60104608843466;0.0;,7.8969401269261e-12;4.4787419946242626e-12;1.9675378692030733e-11;
4,0,False,False,False,1.0,2.2737367544323206e-13;7.499885442698834e-12;0.0;2.2737367544323206e-13;,4.022650958394054e-12;4.547473508864641e-11;2.9624966327723686e-11;1.343622598387279e-11;
4,0,False,False,False,0.75,9.094947017729282e-13;2.6613406386603914e-11;0.0;,1.1504299109832135e-11;3.0505379675102492e-12;6.558459564010244e-12;
4,0,False,False,False,1.0,3.114355418070824e-11;0.0;0.0;0.0;,1.1737856311029015e-11;5.4569682106375694e-12;8.913512093205366e-11;1.2870233784346879e-11;
4,0,False,False,False,1.0,5.684341886080801e-13;2.2737367544323206e-13;2.1154307159327815e-11;1.486378428924123e-09;,6.882515148238467e-12;6.431098710768743e-12;6.558459564010244e-12;1.8393392034483154e-11;
4,0,False,False,False,1.0,4.547473508864641e-13;0.0;4.067383956680332e-12;2.6043964795965355e-11;,3.6662903532026344e-12;3.285529941092762e-11;2.938667316157718e-11;4.964874847776148e-11;
4,0,False,False,False,0.75,0.0;0.0;236.8874976457532;,1.1064480586898243e-11;5.322681277320783e-12;3.1413794275377845e-11;
4,0,False,False,False,0.75,88.02414575052664;0.0;0.0;,7.275957614183426e-12;1.3853010579375966e-11;1.8727642129282687e-11;
4,0,False,False,False,1.0,4.686804104942512e-10;0.0;0.0;0.0;,3.551690349880416e-12;1.1148268342486756e-11;3.531838563312267e-11;8.134767913360665e-12;
4,0,False,False,False,0.75,1.2505552149377763e-12;5.073694674547638e-11;0.0;,9.275062463698822e-12;5.475883235154604e-12;8.134767913360665e-12;
4,0,False,False,False,1.0,0.0;6.431098710768743e-13;0.0;0.0;,9.094947017729282e-12;2.8421709430404007e-12;2.033691978340166e-12;2.548208745087668e-11;
4,0,False,False,False,1.0,2.0439616144330196e-11;1.016845989170083e-12;0.0;6.556039108848475e-10;,1.1368683772161603e-12;9.094947017729282e-13;2.0137658635107555e-11;5.4577260702635603e-11;
4,0,False,False,False,0.75,6.821210263296962e-12;7.02525787682269e-11;1.6894495089150861e-09;,1.1064480586898243e-11;1.4559018921847493e-12;4.9112713895738125e-11;
4,0,False,False,False,0.75,1.3642420526593924e-12;14.606991765192863;0.0;,7.332580706405269e-12;1.1064480586898243e-11;2.766120146724561e-11;
4,0,False,False,False,1.0,9.094947017729282e-13;9.275062463698822e-12;2.7706021158751932e-11;0.0;,8.735411353108496e-12;1.0951766470309208e-11;4.4925724197049816e-11;1.4551915228366852e-11;
4,0,False,False,False,0.75,0.0;0.0;2.3437142008433856e-13;,6.558459564010244e-12;5.002220859751105e-12;1.224444715065716e-12;
4,0,False,False,False,0.75,85.40943439457436;0.0;2.7360527304138165e-11;,6.1010759350204984e-12;1.6770253673335696e-11;1.185836009463428e-11;
4,0,False,False,False,1.0,4.547473508864641e-13;5.1448789686149945e-12;2.5724394843074972e-12;5.529744615397538e-10;,7.71731845292249e-12;5.472105460827633e-11;1.9591115441051456e-11;1.5116502380437543e-11;
4,0,False,False,False,0.75,4.547473508864641e-13;63.99223459812849;0.0;,6.366462912410498e-12;5.9117155615240335e-12;2.033691978340166e-12;
4,0,False,False,False,0.75,701.8927079893741;5.300930884826111e-10;0.0;,5.550898829703193e-12;1.1656089207441525e-11;2.6249599049445918e-11;
4,0,False,False,False,0.75,2.2737367544323206e-13;808.8058610294256;0.0;,1.1368683772161603e-12;1.5754551169557095e-11;1.3920023652657589e-11;
4,0,False,False,False,0.5,8.993685967465453;71.07496228054146;,1.5926304656797925e-12;1.0645362554641566e-11;
4,0,False,False,False,0.75,0.0;3.59193992198317e-11;3.320345310748387e-09;,5.4569682106375694e-12;4.2719635139419405e-12;2.3646862246096134e-11;
4,0,False,False,False,0.75,0.0;386.91417416215796;0.0;,5.532240293449121e-12;2.5491215544745758e-11;5.3474885484644255e-11;
4,0,False,False,False,0.75,12.502309138887627;3.706931711188191e-09;2.4158453015843406e-13;,7.332580706405269e-12;4.994773996348515e-11;2.766120146724561e-11;
4,0,False,False,False,0.75,210.02435004502087;0.0;4.547473508864641e-13;,1.8749713606747085e-12;3.279229782005122e-12;1.4559018921847493e-11;
4,0,False,False,False,0.75,4.918844673007683e-12;631.7299697712986;0.0;,5.189900644160537e-12;2.4430769753433762e-11;1.0919998035972555e-10;
4,0,False,False,False,0.5,0.0;155.4876350291755;,5.752149554916067e-12;1.0951766470309208e-11;
4,0,False,False,False,1.0,2.129072510928313e-11;9.165725883006586e-13;3.711209262072237e-11;0.0;,7.275957614183426e-12;5.752149554916067e-12;9.196696017241577e-12;3.749942721349417e-11;
4,0,False,False,False,1.0,1.1368683772161603e-13;0.0;5.1448789686149945e-12;3.1767284229450486e-11;,6.1946287704928535e-12;7.332580706405269e-12;1.22359997904584e-11;2.6043964795965355e-11;
4,0,False,False,False,1.0,0.0;0.0;2.326959568489399e-09;4.547473508864641e-13;,6.760305380939147e-12;2.033691978340166e-12;4.389195423578223e-11;4.547473508864641e-12;
4,0,False,False,False,0.5,315.26550210721285;1.2602438898888313;,9.795557720525728e-12;8.307894651123173e-12;
4,0,False,False,False,0.75,0.0;0.0;2.5421149729252077e-13;,1.0951766470309208e-11;7.823769253302659e-12;3.1587760507704397e-12;
4,0,False,False,False,0.75,9.374856803373542e-13;26.653620208696392;0.0;,1.8749713606747085e-12;9.140308630886366e-12;3.799250148259566e-11;
4,0,False,False,False,0.75,2.2737367544323206e-13;2.448889430131432e-12;8.242295734817162e-13;,5.624914082024125e-12;4.547473508864641e-12;1.324244274525066e-11;
4,0,False,False,False,0.75,2.2737367544323206e-13;2.7284841053187847e-12;10.575735247881859;,1.1368683772161603e-12;1.7304316852860617e-11;1.0289757937229989e-11;
4,0,False,False,False,1.0,0.0;0.0;2.2737367544323206e-13;2.159730122629062e-09;,9.495403454739563e-12;1.0951766470309208e-11;9.094947017729282e-13;2.0463630789890885e-11;
4,0,False,False,False,0.75,1.4235843848381163e-11;4.547473508864641e-13;4.547473508864641e-13;,1.3021982397982677e-11;7.892847387533849e-12;2.2737367544323206e-12;
4,0,False,False,False,0.75,0.0;1031.498111318576;1.2374476756445765e-10;,7.103380699760832e-12;3.846850810542783e-11;5.17693459942446e-11;
4,0,False,False,False,0.75,1.8189894035458565e-12;6.145519702022452e-10;3.3590911252381087e-10;,1.0645362554641566e-11;6.62122137262533e-12;1.919793378675576e-11;
4,0,False,False,False,0.75,170.14654611673487;3.0151669804242385e-11;2.2737367544323206e-13;,1.0606439709309235e-11;1.6553053431563326e-12;8.735411353108496e-12;
4,0,False,False,False,0.75,863.3648941585122;1.3795643634413436e-09;1.8189894035458565e-12;,8.205165875445405e-12;7.275957614183426e-12;4.389195423578223e-11;
4,0,False,False,False,0.75,3.979039320256561e-13;2.2737367544323206e-13;58.339123558874604;,8.134767913360665e-12;9.165725883006586e-13;3.9266584544607944e-11;
4,0,False,False,False,0.75,298.1912664027711;0.0;5.115907697472721e-13;,8.198074455012805e-12;1.2919947662943568e-10;4.712069141306677e-11;
4,0,False,False,False,0.75,30.81115135665518;0.0;0.0;,5.532240293449121e-12;7.499885442698834e-12;1.77351466845721e-11;
4,0,False,False,False,0.75,0.0;0.0;0.0;,1.1504299109832135e-11;3.279229782005122e-12;5.752149554916067e-12;
4,0,False,False,False,0.75,8.384404281969182e-13;3.410605131648481e-13;2.2737367544323206e-13;,3.894869674015586e-12;4.067383956680332e-12;1.107382164435505e-11;
4,0,False,False,False,0.75,1.639614891002561e-12;0.0;0.0;,7.103380699760832e-12;5.084229945850415e-12;5.237299792093097e-11;
4,0,False,False,False,0.75,32.53659385097631;1.639614891002561e-12;1.8189894035458565e-12;,4.343967969940149e-12;7.103380699760832e-12;2.983364441544241e-11;
4,0,False,False,False,0.75,6.002665031701326e-11;0.0;9.094947017729282e-13;,8.580155856231252e-12;1.0913936421275139e-11;2.7661201467245607e-12;
4,0,False,False,False,1.0,0.0;0.0;4.547473508864641e-13;4.547473508864641e-13;,9.094947017729282e-12;2.643799571842216e-11;2.0423168801140145e-11;6.558459564010244e-12;
4,0,False,False,False,0.75,1.2193373543397816e-09;0.0;2.482920535840094e-10;,1.1504299109832135e-11;1.3853010579375966e-11;4.547473508864641e-12;
4,0,False,False,False,1.0,6.821210263296962e-13;9.094947017729282e-13;1.3695673612587465e-10;0.0;,1.3281425587147381e-11;8.385126836667848e-12;3.279229782005122e-11;2.0739670164387242e-11;
4,0,False,False,False,0.75,0.0;58.62561053034811;2.2737367544323206e-13;,9.094947017729282e-12;3.2155493553843714e-12;3.6450773090749405e-12;
4,0,False,False,False,0.75,138.36208950792536;0.0;4.547473508864641e-13;,1.639614891002561e-12;9.094947017729282e-12;4.067383956680332e-12;
4,0,False,False,False,0.75,4.260087163358683e-11;4.547473508864641e-13;9.094947017729282e-13;,9.837689346015367e-12;2.371672018926856e-11;6.407904931187126e-11;
4,0,False,False,False,0.75,205.45944803673402;4.908405355527788e-13;4.9550818037041685e-09;,5.322681277320783e-12;2.581373497528043e-12;2.033691978340166e-11;
4,0,False,False,False,1.0,1.068770597817897e-12;2.2737367544323206e-13;0.0;0.0;,3.7267966490617255e-12;1.0951766470309208e-11;8.134767913360665e-12;2.5724394843074972e-12;
4,0,False,False,False,1.0,0.0;4.547473508864641e-13;0.0;0.0;,5.823607568738997e-12;1.71180820186407e-11;1.9185811752075995e-11;8.924641235519276e-11;
4,0,False,False,False,1.0,4.547473508864641e-13;0.0;3.127284763535156e-09;4.547473508864641e-13;,5.4569682106375694e-12;1.546140993013978e-11;2.2991740043103942e-12;2.9558577807620168e-12;
4,0,False,False,False,1.0,8.885162781967529e-11;9.094947017729282e-13;1.2203846495682116e-10;2.5724394843074972e-12;,1.1064480586898243e-11;9.462679393748118e-12;7.332580706405269e-12;7.77072613829435e-12;
4,0,False,False,False,0.75,0.0;5.642716520320458e-11;45.90072374683478;,1.084741638067186e-11;2.2778258037520926e-11;2.7706021158751932e-11;
4,0,False,False,False,0.75,1.8632048395916807e-10;4.687428401686771e-13;4.192563418333924e-11;,6.821210263296962e-12;5.303219854654618e-12;5.624914082024125e-12;
4,0,False,False,False,1.0,1.8189894035458565e-12;6.428102728692326e-10;0.0;0.0;,7.275957614183426e-12;1.3912593695548235e-11;3.3068607013224833e-11;4.056183228563488e-11;
4,0,False,False,False,1.0,6.640944786287192e-10;1.5598894734567895e-10;0.0;0.0;,1.124982816404825e-11;6.1852326820078106e-12;5.4082443047513174e-11;1.9675378692030733e-11;
4,0,False,False,False,0.75,4.547473508864641e-13;5.258987470686063e-10;2.2737367544323206e-13;,6.3175521015408794e-12;7.77072613829435e-12;1.107382164435505e-11;
4,0,False,False,False,0.75,1.1780695088340638e-09;284.9208664384112;0.0;,5.1448789686149945e-12;1.7565260273684513e-11;6.573577047526724e-11;
4,0,False,False,False,1.0,5.577854429493608e-11;5.084229945850415e-13;2.3133537477594994e-10;0.0;,1.1559357659304605e-11;4.817961803477622e-12;9.498125370648914e-12;7.278230995777469e-11;
4,0,False,False,False,1.0,2.6416733620888347e-10;9.094947017729282e-13;9.968165659758125e-10;0.0;,2.5724394843074972e-12;5.752149554916067e-12;1.6770253673335696e-11;2.0739670164387242e-11;
4,0,False,False,False,0.75,1.2016473092278853e-09;0.0;860.9852169792373;,2.5724394843074972e-12;3.4707085256908947e-12;1.1395935949750917e-11;
4,0,False,False,False,1.0,9.094947017729282e-13;0.0;2.033691978340166e-12;1.4097167877480388e-11;,4.834030647877921e-12;6.1010759350204984e-12;6.548993415852125e-11;9.094947017729282e-13;
4,0,False,False,False,0.75,4.547473508864641e-13;0.0;0.0;,5.322681277320783e-12;1.0616183799292005e-11;5.752149554916067e-12;
4,0,False,False,False,0.75,9.094947017729282e-13;4.547473508864641e-13;0.0;,7.402750541632352e-12;5.624914082024125e-12;3.279229782005122e-11;
4,0,False,False,False,0.75,9.797041983403015e-12;0.0;956.3767713086991;,4.547473508864641e-12;7.77072613829435e-12;1.2934344934663288e-11;
4,0,False,False,False,0.5,305.43171789263675;32.33531464795348;,5.9117155615240335e-12;1.3642420526593924e-11;
4,0,False,False,False,0.75,0.0;0.0;3.947984924217925e-10;,4.897778860262864e-12;4.3236884535889524e-11;2.1846812432094e-11;
4,0,False,False,False,0.75,2.2737367544323206e-13;72.6652250378963;6.431098710768743e-13;,4.414798204140334e-12;9.140308630886366e-12;2.8760747774580336e-12;
4,0,False,False,False,1.0,4.547473508864641e-13;9.094947017729282e-13;0.0;2.0209734093874875e-11;,8.385126836667848e-12;2.9999541770795335e-11;1.55414522765887e-11;6.821210263296962e-12;
4,0,False,False,False,0.5,107.63343304838857;40.334944232596875;,6.431098710768743e-12;4.067383956680332e-12;
4,0,False,False,False,0.75,1.0902938547076585e-09;8.355088806986815e-10;0.0;,4.192563418333924e-12;5.752149554916067e-12;8.134767913360665e-12;
4,0,False,False,False,1.0,9.094947017729282e-13;8.267902141497697e-11;3.046828461096401e-12;2.6381774754709793e-10;,8.385126836667848e-12;9.795557720525728e-12;3.138765735520456e-12;3.3651303965598345e-11;
4,0,False,False,False,0.5,5.551378699383536;251.77141517316065;,4.637531231849411e-12;1.1504299109832135e-11;
4,0,False,False,False,0.75,0.0;0.0;9.329423414731033e-12;,1.1064480586898243e-11;1.3642420526593924e-11;5.480896566037312e-12;
4,0,False,False,False,1.0,9.094947017729282e-13;1.3353243830375526e-11;1.1368683772161603e-13;0.0;,4.290077928115626e-12;1.4380373887290168e-12;1.2862197421537486e-12;2.2791871899501835e-11;
4,0,False,False,False,1.0,1.0616183799292005e-11;4.547473508864641e-13;0.0;0.0;,6.1852326820078106e-12;4.918844673007683e-12;5.823607568738997e-12;3.498895978131503e-11;
4,0,False,False,False,1.0,0.0;1.5631940186722204e-13;1.6090603833576217e-11;2.3368381013587006e-09;,4.4787419946242626e-12;4.706775815088575e-12;1.2202151870040997e-11;2.6562851174294763e-11;
4,0,False,False,False,1.0,4.192563418333924e-12;0.0;0.0;1.0707901022173786e-09;,4.834030647877921e-12;3.749942721349417e-12;1.2370465364015621e-11;1.3853010579375966e-11;
4,0,False,False,False,1.0,4.320099833421409e-12;2.2737367544323206e-13;0.0;2.906540149989841e-10;,4.092726157978177e-12;5.475883235154604e-12;6.62122137262533e-12;1.791496797849705e-11;
4,0,False,False,False,0.75,28.595729117107588;9.094947017729282e-13;1.202648301037999e-09;,2.033691978340166e-12;2.7284841053187847e-12;1.6471649611298594e-11;
4,0,False,False,False,1.0,6.821210263296962e-13;1.0418778435933672e-10;9.795557720525728e-12;1.2728328798538997e-09;,4.290077928115626e-12;3.779125595109386e-12;1.4206761399521663e-11;3.45128973294964e-11;
4,0,False,False,False,0.75,3.410605131648481e-13;8.907891525687601e-11;2.437041924494322e-09;,4.279520504660175e-12;6.960011826328794e-12;5.158526951158722e-11;
4,0,False,False,False,0.75,2.2716985727855332e-10;164.81080342876135;4.547473508864641e-13;,6.62122137262533e-12;4.067383956680332e-12;3.637978807091713e-12;
4,0,False,False,False,0.75,235.28046974823712;2.2777577130830134e-10;4.547473508864641e-13;,4.067383956680332e-12;1.1823431123048067e-11;4.4787419946242626e-12;
4,0,False,False,False,1.0,0.0;5.684341886080802e-14;0.0;7.462846014972797e-11;,9.795557720525728e-12;6.1010759350204984e-12;4.478741994624263e-11;3.637978807091713e-12;
4,0,False,False,False,0.75,0.0;453.77736351048026;6.366462912410498e-12;,4.897778860262864e-12;4.290077928115626e-12;1.929329613230623e-11;
4,0,False,False,False,0.5,20.188394517394805;3.410605131648481e-13;,4.834030647877921e-12;4.687428401686771e-12;
4,0,False,False,False,1.0,4.547473508864641e-13;0.0;9.094947017729282e-12;0.0;,1.5759472672619684e-11;1.0951766470309208e-11;1.8189894035458565e-11;7.853448568844461e-12;
4,0,False,False,False,0.75,177.20285833486184;9.094947017729282e-13;0.0;,2.7284841053187847e-12;8.134767913360665e-12;2.482437423888074e-11;
4,0,False,False,False,0.75,213.63518279533167;0.0;1.8189894035458565e-12;,1.7494479890657516e-11;5.752149554916067e-12;1.1395935949750917e-11;
4,0,False,False,False,0.5,5.4950694838814975;0.0;,4.547473508864641e-12;8.134767913360665e-12;
4,0,False,False,False,0.5,31.00818514144222;5.4569682106375694e-12;,1.0606439709309235e-11;9.094947017729282e-12;
4,0,False,False,False,0.75,4.547473508864641e-13;1.8189894035458565e-12;0.0;,1.639614891002561e-12;1.0913936421275139e-11;5.475883235154604e-12;
4,0,False,False,False,0.75,0.0;267.6481099935113;7.96862828286751e-11;,9.275062463698822e-12;9.094947017729282e-12;9.094947017729282e-13;
4,0,False,False,False,0.75,1.640144527193778e-10;4.547473508864641e-13;1261.253804205666;,4.547473508864641e-12;3.6662903532026344e-12;1.1647215137477994e-11;
4,0,False,False,False,0.75,28.55222871690045;0.0;0.0;,9.094947017729282e-12;5.322681277320783e-12;2.533559068467024e-11;
4,0,False,False,False,1.0,0.0;2.2737367544323206e-13;0.0;0.0;,1.324244274525066e-11;1.3642420526593924e-12;2.1978932588525954e-11;5.458673246833102e-11;
4,0,False,False,False,1.0,9.275062463698822e-12;6.431098710768743e-13;0.0;0.0;,1.3642420526593924e-11;1.9854552643406554e-12;8.134767913360665e-12;6.997791956263006e-11;
4,0,False,False,False,0.5,872.7720251412736;2.345569908418636e-09;,7.513108877197149e-11;4.199463139453727e-11;
4,0,False,False,False,1.0,4.547473508864641e-13;4.547473508864641e-13;1.1368683772161603e-13;4.5637701924704775e-09;,1.1368683772161603e-12;4.897778860262864e-12;1.0606439709309235e-11;4.246473519716802e-11;
4,0,False,False,False,1.0,2.3187656159247056e-12;3.279229782005122e-12;4.547473508864641e-13;0.0;,4.897778860262864e-12;5.1448789686149945e-12;1.639614891002561e-11;3.3981526380138176e-11;
4,0,False,False,False,0.75,9.094947017729282e-13;146.4336673361989;1.4234504635537266e-10;,1.1647215137477994e-11;1.4380373887290167e-11;1.2862197421537486e-11;
4,0,False,False,False,1.0,0.0;1.4380373887290168e-12;0.0;0.0;,1.4665161412810538e-11;3.6662903532026344e-12;5.4569682106375694e-12;1.0951766470309208e-11;
4,0,False,False,False,1.0,1.2241440558640109e-09;4.092726157978177e-12;5.084229945850415e-13;0.0;,1.185836009463428e-11;1.8189894035458565e-12;5.249328924317158e-12;6.85689040436801e-11;
4,0,False,False,False,0.5,2.6488789224842e-11;97.40464627181785;,1.8189894035458565e-12;1.4665161412810538e-11;
4,0,False,False,False,0.75,198.57051385316632;6.431098710768743e-13;0.0;,1.3853010579375966e-11;1.639614891002561e-12;9.363821064641343e-12;
4,0,False,False,False,0.75,0.0;255.9191179206278;9.094947017729282e-13;,1.5568041607024215e-11;1.0289757937229989e-11;1.016845989170083e-11;
4,0,False,False,False,0.75,431.6052856625389;0.0;9.094947017729282e-13;,6.027418394580633e-11;6.571059882185524e-11;5.532240293449121e-12;
4,0,False,False,False,0.75,1.8189894035458565e-12;0.0;2.2737367544323206e-13;,5.752149554916067e-12;7.499885442698834e-12;2.033691978340166e-12;
4,0,False,False,False,0.75,5.084229945850415e-13;0.0;4.547473508864641e-13;,3.858659226461245e-12;5.1448789686149945e-12;3.279229782005122e-12;
4,0,False,False,False,0.75,12.447802720327592;0.0;5.989947917751073e-11;,9.374856803373543e-12;1.3520610761878294e-11;1.0951766470309208e-11;
4,0,False,False,False,1.0,0.0;2.1774754352584451e-10;0.0;2.2737367544323206e-12;,1.1647215137477994e-11;9.140308630886366e-12;8.385126836667848e-12;1.0011054041254839e-10;
4,0,False,False,False,0.75,1.4674815032745149e-09;226.48896331986944;3.255466153038803e-10;,1.4559018921847493e-12;1.0045697324301055e-11;1.626953582672133e-11;
4,0,False,False,False,1.0,4.547473508864641e-13;4.973799150320701e-13;7.493264974635524e-11;2.8421709430404007e-13;,8.385126836667848e-12;3.6662903532026344e-12;2.945695949293012e-11;1.1101797659406386e-11;
4,0,False,False,False,1.0,0.0;0.0;4.547473508864641e-13;4.547473508864641e-13;,6.926505289687983e-12;9.837689346015367e-12;4.7835011962733034e-11;3.6108772348789566e-11;
4,0,False,False,False,1.0,1.418661601895809e-09;1.0641710840917456e-09;2.0029543107325698e-11;1.8749713606747085e-12;,4.897778860262864e-12;1.016845989170083e-11;1.3853010579375966e-11;8.057117007538219e-11;
4,0,False,False,False,0.75,3.276507694733327e-10;1.790130600591468e-12;0.0;,9.610573159007831e-12;2.3187656159247056e-12;1.0606439709309235e-11;
4,0,False,False,False,0.75,1.5724724838564468;0.0;6.05028704110303e-12;,6.558459564010244e-12;2.5724394843074972e-12;1.1088729114730299e-11;
4,0,False,False,False,1.0,1.6420395115318514e-11;4.547473508864641e-13;0.0;0.0;,4.01782859786915e-12;4.918844673007683e-12;9.795557720525728e-12;1.9185811752075995e-11;
4,0,False,False,False,0.75,0.0;9.094947017729282e-13;40.63440503153607;,8.957483989248525e-12;1.19625350980331e-11;1.0045697324301055e-11;
4,0,False,False,False,0.75,3.4632526448439915e-11;6.821210263296962e-13;0.0;,1.0989466294262977e-11;7.22247031002034e-12;1.6596720880347365e-11;
4,0,False,False,False,0.75,9.094947017729282e-13;0.0;8.385126836667848e-12;,2.2737367544323206e-12;7.71731845292249e-12;3.4632526448439915e-11;
4,0,False,False,False,0.75,4.547473508864641e-13;1.016845989170083e-12;4.547473508864641e-13;,9.275062463698822e-12;5.4569682106375694e-12;3.858659226461245e-12;
4,0,False,False,False,1.0,2.2737367544323206e-13;0.0;0.0;0.0;,3.6450773090749405e-12;1.1823431123048067e-11;8.153050596234596e-11;4.395786517705191e-11;
4,0,False,False,False,0.75,81.02511879080303;3.410605131648481e-13;9.639086417821064e-10;,4.067383956680332e-12;1.5916157281026244e-12;3.279229782005122e-12;
4,0,False,False,False,0.75,3.4751743759521194e-11;2.054409940916068e-09;74.06396534654027;,1.2765366452748093e-11;4.067383956680332e-12;9.495403454739563e-12;
4,0,False,False,False,0.75,1.8189894035458565e-12;1.1244455869582933e-10;513.9107514637064;,4.290077928115626e-12;2.7284841053187847e-12;1.7280399333685637e-11;
4,0,False,False,False,0.75,9.094947017729282e-13;9.08812324759187e-11;1.2202151870040997e-11;,5.9117155615240335e-12;7.499885442698834e-12;8.257891359110484e-11;
4,0,False,False,False,0.75,1.4812483163861844e-10;0.0;0.0;,4.897778860262864e-12;9.837689346015367e-12;3.749942721349417e-12;
4,0,False,False,False,1.0,2.6496907150017213e-10;5.1448789686149945e-12;5.684341886080801e-13;0.0;,1.0998871059607903e-11;4.570154315443183e-12;8.134767913360665e-12;2.146484570622478e-11;
4,0,False,False,False,0.75,1.6633378991627446e-12;208.64417779126387;9.094947017729282e-13;,6.2471537999217986e-12;7.332580706405269e-12;9.094947017729282e-13;
4,0,False,False,False,0.75,2.2331579355029453e-11;664.0752167547348;2.5724394843074972e-12;,5.0035125888519785e-12;5.475883235154604e-12;2.8413522799043327e-11;
4,0,False,False,False,1.0,4.547473508864641e-13;5.084229945850415e-13;0.0;6.821210263296962e-13;,5.624914082024125e-12;5.752149554916067e-12;7.499885442698834e-12;2.033691978340166e-12;
4,0,False,False,False,0.75,0.0;6.926505289687983e-12;2.2013576674625074e-10;,4.637531231849411e-12;1.4916822207721204e-11;7.622954678590855e-12;
4,0,False,False,False,0.75,7.958078640513122e-13;0.0;1.3642420526593924e-12;,3.0383325826944126e-12;9.732018297214697e-12;7.558251190218771e-12;
4,0,False,False,False,0.75,9.844037306567941;3.6481962743221775e-11;0.0;,5.532240293449121e-12;4.7477017273697814e-12;7.275957614183426e-12;
4,0,False,False,False,1.0,4.547473508864641e-13;0.0;1.4380373887290168e-12;4.037339589165154e-11;,4.547473508864641e-13;1.1823431123048067e-11;1.016845989170083e-12;1.895265630462264e-11;
4,0,False,False,False,1.0,0.0;0.0;2.033691978340166e-12;7.823769253302659e-12;,4.897778860262864e-12;3.749942721349417e-12;2.5724394843074972e-12;1.2926348430075355e-11;
4,0,False,False,False,1.0,6.78871239504044e-10;0.0;7.313378043536295e-11;0.0;,4.067383956680332e-12;1.8189894035458565e-12;3.6450773090749405e-12;2.7420925892659097e-11;
4,0,False,False,False,0.75,248.37761586995128;0.0;1.8189894035458565e-12;,3.749942721349417e-12;6.558459564010244e-12;2.44719995809168e-11;
4,0,False,False,False,0.75,119.83504516236509;9.094947017729282e-13;5.532240293449121e-12;,1.0606439709309235e-11;9.635923606955244e-12;6.558459564010244e-12;
4,0,False,False,False,0.75,557.1784403833749;9.094947017729282e-13;1.2635104203081759e-11;,6.62122137262533e-12;5.4569682106375694e-12;9.795557720525728e-12;
4,0,False,False,False,1.0,1.4559018921847493e-12;3.762673673297741e-11;9.094947017729282e-13;0.0;,4.98280473966841e-12;7.332580706405269e-12;1.2765366452748093e-11;1.8749713606747085e-12;
4,0,False,False,False,1.0,0.0;1.016845989170083e-12;0.0;6.821210263296962e-12;,1.4999770885397668e-11;1.016845989170083e-12;3.279229782005122e-12;7.293132477796564e-11;
4,0,False,False,False,0.75,3.813485997843103e-10;7.788270303380175e-11;3.6885588941037935e-10;,7.332580706405269e-12;5.4569682106375694e-12;4.8876350201842445e-11;
4,0,False,False,False,0.75,2.2737367544323206e-13;9.094947017729282e-13;774.8059713414913;,4.547473508864641e-12;5.084229945850415e-12;4.547473508864641e-12;
4,0,False,False,False,0.5,0.0;330.53294268196066;,1.3853010579375966e-11;6.926505289687983e-12;
4,0,False,False,False,0.75,1.18064472288562e-09;0.0;0.0;,6.558459564010244e-12;7.332580706405269e-12;4.112887492590749e-11;
4,0,False,False,False,0.75,4.547473508864641e-13;8.47538905522913e-10;2.1903532940618417e-11;,3.310610686312665e-12;3.885363069147175e-12;1.1064480586898243e-11;
4,0,False,False,False,0.75,104.58970349928305;2.8313272702752908e-11;3.8242062222031817e-11;,6.62122137262533e-12;5.084229945850415e-12;7.30786208804975e-12;
4,0,False,False,False,0.75,1.016845989170083e-12;1.1368683772161603e-13;4.547473508864641e-13;,9.837689346015367e-12;2.5724394843074972e-12;1.3642420526593924e-12;
4,0,False,False,False,1.0,8.911165085230911e-10;4.067383956680332e-12;0.0;0.0;,9.563218939007625e-12;1.6596720880347365e-11;2.4740930728031242e-11;5.624914082024125e-12;
4,0,False,False,False,0.75,277.614991780206;1.1823431123048067e-11;2.2737367544323206e-12;,1.1504299109832135e-11;8.185452315956354e-12;2.366434606530254e-11;
4,0,False,False,False,1.0,0.0;0.0;7.08673229230437e-10;5.968558980384842e-13;,4.5983480086207884e-12;7.290154618149881e-11;4.78501403921324e-11;1.8189894035458565e-11;
5,0,False,False,False,0.8,0.0;2.3874235921539366e-12;3.376479941079482e-11;0.0;,1.0913936421275139e-11;3.637978807091713e-12;2.7284841053187847e-12;2.782518739109647e-11;
5,0,False,False,False,0.8,3.410605131648481e-13;1042.5949075824742;2.5724394843074972e-12;4.699932121835493e-10;,6.431098710768743e-12;7.332580706405269e-12;5.752149554916067e-12;2.0519135746651005e-11;
5,0,False,False,False,0.8,2.8760747774580336e-12;0.0;4.547473508864641e-13;0.0;,9.495403454739563e-12;1.2370465364015621e-11;5.4569682106375694e-12;2.0029543107325698e-11;
5,0,False,False,False,0.4,0.0;44.022303262232185;,4.067383956680332e-12;8.960369311916125e-12;
5,0,False,False,False,0.8,0.0;0.0;0.0;0.0;,7.103380699760832e-12;1.6770253673335696e-11;2.0137658635107555e-11;2.9160618472599524e-11;
5,0,False,False,False,0.8,500.7804041512394;6.027975891276107e-11;0.0;4.067383956680332e-12;,8.580155856231252e-12;1.5463081705019526e-12;1.0645362554641566e-11;3.656123452354546e-11;
5,0,False,False,False,0.8,0.0;0.0;0.0;2.7284841053187847e-12;,9.094947017729282e-13;1.3853010579375966e-11;5.475883235154604e-12;2.1846812432094e-11;
5,0,False,False,False,0.6,479.09376059809904;5.532240293449121e-12;4.340411042860266e-10;,1.8189894035458565e-12;4.897778860262864e-12;3.0926163410039053e-12;
5,0,False,False,False,1.0,0.0;1.639614891002561e-12;0.0;1.2202151870040997e-11;2.4740930728031242e-11;,5.1448789686149945e-12;6.1852326820078106e-12;1.1368683772161603e-11;1.8189894035458565e-11;4.1479340328774485e-11;
5,0,False,False,False,1.0,9.094947017729282e-13;1.2862197421537486e-12;2.4576685950524204e-09;3.749942721349417e-12;0.0;,1.0913936421275139e-11;6.760305380939147e-12;1.2862197421537486e-12;2.300859821966427e-11;1.71180820186407e-11;
5,0,False,False,False,0.8,155.68381371582666;2.204000487118289e-11;0.0;2.033691978340166e-12;,1.2862197421537486e-12;6.431098710768743e-12;7.275957614183426e-12;2.979202573289367e-11;
5,0,False,False,False,0.6,2.2737367544323206e-13;335.68108879882055;9.094947017729282e-13;,9.795557720525728e-12;2.448889430131432e-12;9.668061295755842e-12;
5,0,False,False,False,0.8,8.508546538541341e-11;2.2737367544323206e-13;296.0467805971598;0.0;,1.2765366452748093e-11;7.73070496506989e-12;4.016622103092576e-12;5.877334632315437e-11;
5,0,False,False,False,0.6,390.55693769767106;49.035738396074755;4.547473508864641e-13;,4.547473508864641e-12;4.067383956680332e-12;7.402750541632352e-12;
5,0,False,False,False,1.0,1.5271117513039938e-10;0.0;6.2312937000253424e-12;4.547473508864641e-13;3.4360729091730767e-10;,5.9117155615240335e-12;9.094947017729282e-12;1.923459003101997e-12;1.324244274525066e-11;3.637978807091713e-11;
5,0,False,False,False,0.8,0.0;0.0;326.75212287019394;0.0;,1.1504299109832135e-11;1.1647215137477994e-11;5.4569682106375694e-12;9.822542779147625e-11;
5,0,False,False,False,1.0,0.0;2.0805080443870763e-09;6.821210263296962e-13;9.094947017729282e-13;6.558459564010244e-12;,1.4551915228366852e-11;9.094947017729282e-12;3.279229782005122e-12;9.713407672867937e-12;2.8413522799043327e-11;
5,0,False,False,False,0.8,0.0;1.016845989170083e-12;2.281001107618877e-10;0.0;,7.77072613829435e-12;3.4632526448439915e-12;6.926505289687983e-12;3.279229782005122e-12;
5,0,False,False,False,0.6,9.877736358264787e-10;286.29634218741086;0.0;,5.752149554916067e-12;6.62122137262533e-12;2.585269686015071e-11;
5,0,False,False,False,0.6,180.60929959358145;4.547473508864641e-13;2.2737367544323206e-13;,5.1448789686149945e-12;8.185452315956354e-12;5.823607568738997e-12;
5,0,False,False,False,0.6,0.0;1841.83748699634;2.7270103258739657e-09;,1.543463690584498e-11;8.385126836667848e-12;2.1997742119215807e-11;
5,0,False,False,False,1.0,2.8421709430404007e-13;0.0;2.3243106457959515e-10;0.0;0.0;,4.570154315443183e-12;9.275062463698822e-12;4.681910532320672e-12;3.858659226461245e-12;2.6233838256040975e-11;
5,0,False,False,False,0.4,226.78253191200304;27.85649587502098;,4.637531231849411e-12;4.547473508864641e-12;
5,0,False,False,False,1.0,0.0;9.584818557576905e-12;1.9638558007217565e-11;0.0;3.3981526380138176e-11;,4.547473508864641e-12;4.860694008682901e-12;3.279229782005122e-12;1.8189894035458565e-12;1.8990806909479126e-11;
5,0,False,False,False,0.8,0.0;4.547473508864641e-13;6.431098710768743e-13;3.186971180512324e-10;,8.957483989248525e-12;5.624914082024125e-12;1.0014771553662849e-11;2.371672018926856e-11;
5,0,False,False,False,0.8,5.752149554916067e-12;9.112693272687351e-13;1.502971060448054e-11;1.1368683772161603e-13;,9.094947017729282e-12;1.19625350980331e-11;8.267982257046274e-12;1.5116502380437543e-11;
5,0,False,False,False,1.0,1.016845989170083e-12;4.547473508864641e-13;1.1368683772161603e-13;0.0;1.4620477404473777e-09;,1.0211584400570073e-11;1.1647215137477994e-11;4.918844673007683e-12;2.1978932588525954e-11;1.0745902173033341e-10;
5,0,False,False,False,0.6,3.860333628460841e-12;475.7681075106717;1.639614891002561e-12;,6.897522012931182e-12;9.275062463698822e-12;3.749942721349417e-12;
5,0,False,False,False,0.6,5.288870239354548e-11;0.0;5.452820854603821e-10;,1.1823431123048067e-11;4.897778860262864e-12;2.9231448352199e-11;
5,0,False,False,False,0.6,0.0;27.85568041007348;1.8591274304111646e-11;,9.275062463698822e-12;5.752149554916067e-12;6.926505289687983e-12;
5,0,False,False,False,0.6,0.0;255.6540764426822;0.0;,3.637978807091713e-12;6.821210263296962e-12;3.498895978131503e-11;
5,0,False,False,False,1.0,0.0;0.0;0.0;1.126014680351096e-09;4.547473508864641e-13;,7.77072613829435e-12;1.0606439709309235e-11;3.865352482534945e-12;3.6481962743221775e-11;6.912758059355788e-11;
5,0,False,False,False,0.8,8.748557434046234e-13;3.979039320256561e-13;6.182557408231274e-11;143.5511264877351;,1.8189894035458565e-12;6.707523425575346e-12;9.795557720525728e-12;1.6770253673335696e-11;
5,0,False,False,False,0.6,228.08967558927608;4.547473508864641e-13;0.0;,3.0505379675102492e-12;1.3642420526593924e-12;1.6874742246072377e-11;
5,0,False,False,False,1.0,3.537688887950339e-11;5.532240293449121e-12;2.033691978340166e-12;0.0;0.0;,4.681910532320672e-12;7.77072613829435e-12;1.2544764307798434e-11;4.3236884535889524e-11;7.830110280349212e-11;
5,0,False,False,False,0.8,89.87604475186944;1.4210854715202004e-14;0.0;2.1904713056076325e-11;,7.499885442698834e-12;2.5724394843074972e-12;1.4272113573020047e-11;5.98334161746553e-11;
5,0,False,False,False,0.6,43.216568910151814;0.0;0.0;,1.22359997904584e-11;6.366462912410498e-12;6.431098710768743e-11;
5,0,False,False,False,0.6,6.821210263296962e-13;4.067383956680332e-12;5.002220859751105e-12;,4.067383956680332e-12;8.134767913360665e-12;3.183231456205249e-12;
5,0,False,False,False,0.8,9.094947017729282e-13;0.0;0.0;1066.349281286838;,3.279229782005122e-12;7.71731845292249e-12;9.094947017729282e-13;2.033691978340166e-12;
5,0,False,False,False,1.0,0.0;9.094947017729282e-13;2.0317844975593384e-11;4.5511100336432005e-11;1.0788102434318716e-09;,1.1647215137477994e-11;8.592950271439306e-12;4.570154315443183e-12;3.279229782005122e-12;1.4380373887290167e-11;
5,0,False,False,False,1.0,5.308091899646002e-12;4.547473508864641e-13;0.0;0.0;1.4779288903810084e-12;,7.275957614183426e-12;1.8749713606747085e-12;1.3853010579375966e-11;3.354050734667139e-11;5.338199331464853e-11;
5,0,False,False,False,1.0,9.837689346015367e-12;6.671625646083451e-11;1.1300837657445787e-11;2.4450212676172917e-09;4.547473508864641e-13;,7.499885442698834e-12;3.279229782005122e-12;3.5680283932550117e-12;2.7661201467245607e-12;9.094947017729282e-13;
5,0,False,False,False,0.4,771.6634764518973;270.73389287070216;,2.033691978340166e-12;1.3642420526593924e-12;
5,0,False,False,False,0.8,7.103380699760832e-12;2.2737367544323206e-13;1.4380373887290168e-12;0.0;,5.303219854654618e-12;7.103380699760832e-12;3.749942721349417e-12;1.19625350980331e-11;
5,0,False,False,False,0.6,471.50633315092756;0.0;4.025541601796789e-10;,9.094947017729282e-12;2.8760747774580334e-11;7.312246904709093e-11;
5,0,False,False,False,0.6,5.532240293449121e-12;368.8757187128158;0.0;,1.0606439709309235e-11;9.973388023109378e-12;1.672085664799873e-11;
5,0,False,False,False,1.0,1.107382164435505e-11;0.0;1.243923121964138e-11;0.0;0.0;,5.002220859751105e-12;7.941821057362622e-12;1.4559018921847493e-12;1.2862197421537486e-12;2.572439484307497e-11;
5,0,False,False,False,0.6,272.72723081293316;7.061764403534564;0.0;,1.2370465364015621e-11;9.275062463698822e-12;1.016845989170083e-12;
5,0,False,False,False,0.8,23.329544835890264;0.0;1.2274098754510979e-11;2.127023938963959e-10;,1.0606439709309235e-11;8.580155856231252e-12;4.986694011554689e-12;6.1852326820078106e-12;
5,0,False,False,False,0.8,2.0914423442161656e-10;9.094947017729282e-13;0.0;6.431098710768743e-13;,5.475883235154604e-12;4.897778860262864e-12;6.558459564010244e-12;5.550898829703193e-12;
5,0,False,False,False,0.8,2.0673356739869275e-10;0.0;2.464840760359111e-10;0.0;,1.6090603833576217e-11;6.1010759350204984e-12;4.547473508864641e-12;5.891391898586024e-11;
5,0,False,False,False,1.0,0.0;0.03623290067001374;0.0;1.4488277004824433e-09;0.0;,9.094947017729282e-12;9.668061295755842e-12;1.3021982397982677e-11;7.462846014972797e-11;2.2370611761741828e-11;
5,0,False,False,False,0.8,8.033477574754288;3.9623084213948396e-11;5.004700685166464e-11;1.8189894035458565e-12;,1.2732925824820995e-11;3.858659226461245e-12;4.9146387340829446e-11;2.121287941861847e-11;
5,0,False,False,False,0.6,3.2739693357087527e-10;1145.231538463028;2.45689990385254e-09;,2.145038964057813e-12;2.033691978340166e-12;3.3835158752005145e-11;
5,0,False,False,False,0.6,682.8936350603681;0.0;3.821569141400761e-11;,9.721388017365802e-12;1.3642420526593924e-12;1.472847974646506e-11;
5,0,False,False,False,0.6,447.9450833944912;3.3876327522883795e-10;6.752347396566833e-11;,5.017905723119374e-11;7.103380699760832e-12;1.129568986323122e-11;
5,0,False,False,False,0.6,21.00208465332925;65.42399769019397;0.0;,9.275062463698822e-12;6.558459564010244e-12;1.1797166526842236e-10;
5,0,False,False,False,0.6,140.54088390765816;6.821210263296962e-13;2.305533191212191e-10;,1.3116919128020487e-11;6.366462912410498e-12;7.853448568844461e-12;
5,0,False,False,False,0.6,1.4807177082864427e-10;68.88202233138914;9.094947017729282e-13;,6.510991198991339e-12;7.73070496506989e-12;9.275062463698822e-12;
5,0,False,False,False,0.8,5.303219854654618e-12;2.947187374377414e-11;4.320099833421409e-12;1.5347723092418164e-12;,1.324244274525066e-11;6.1010759350204984e-12;6.463174215037677e-12;2.8124570410120625e-12;
5,0,False,False,False,1.0,2.2737367544323206e-13;9.094947017729282e-13;9.175275824580152e-10;9.094947017729282e-13;0.0;,6.730606453682269e-12;1.8189894035458565e-12;9.374856803373542e-13;6.1010759350204984e-12;3.223257435214573e-11;
5,0,False,False,False,0.8,9.094947017729282e-13;312.6030675408547;0.0;8.459553633786362e-11;,4.067383956680332e-12;7.332580706405269e-12;1.6370904631912708e-11;3.9118846266513295e-12;
5,0,False,False,False,0.6,4.637531231849411e-12;4.515528994418277e-11;130.09489839414243;,8.6282243323741e-12;5.4569682106375694e-12;4.897778860262864e-12;
5,0,False,False,False,0.4,327.57684539118554;88.92042930179541;,2.9118037843694986e-12;1.167027368388831e-10;
5,0,False,False,False,0.6,52.61506103179694;9.094947017729282e-13;8.198074455012805e-13;,8.957483989248525e-12;4.067383956680332e-12;3.310610686312665e-12;
5,0,False,False,False,0.8,4.547473508864641e-13;70.63983710957588;0.0;2.2737367544323206e-13;,5.823607568738997e-12;1.124982816404825e-11;2.0137658635107555e-11;6.0028372820143364e-12;
5,0,False,False,False,0.6,0.0;14.533528208350987;5.684341886080801e-13;,7.332580706405269e-12;9.094947017729282e-13;2.0014050355407914e-11;
5,0,False,False,False,0.8,1.2773969646243717e-12;9.094947017729282e-13;719.5475844027156;0.0;,3.2175584460867198e-12;1.669610333072871e-11;4.570154315443183e-11;4.772031251321061e-11;
5,0,False,False,False,0.8,64.01793110585167;2.2737367544323206e-13;0.0;0.0;,3.749942721349417e-12;1.850687635408088e-12;1.9591115441051456e-11;1.2370465364015621e-11;
5,0,False,False,False,0.4,1.5854712748856083e-10;2.105278619768064e-09;,7.332580706405269e-12;1.6090603833576217e-11;
5,0,False,False,False,0.8,125.04923299147723;7.639087217138932e-10;0.0;4.547473508864641e-13;,9.275062463698822e-12;2.2393709973121313e-12;1.0289757937229989e-11;5.691613193033056e-11;
5,0,False,False,False,0.8,2.2737367544323206e-13;30.45741256976536;0.0;0.0;,6.1852326820078106e-12;1.3021982397982677e-11;1.6090603833576217e-11;1.1647215137477994e-11;
5,0,False,False,False,0.8,7.402750541632352e-12;564.7730729199192;0.0;2.2737367544323206e-13;,4.834030647877921e-12;7.77072613829435e-12;8.957483989248525e-12;1.532876357549246e-11;
5,0,False,False,False,0.6,0.0;6.821210263296962e-13;4.570154315443183e-12;,6.1010759350204984e-12;7.402750541632352e-12;1.9426815345735874e-11;
5,0,False,False,False,0.6,170.9623135711767;1.1354108871842813e-09;1.1368683772161603e-13;,1.1395935949750917e-11;1.241218711944037e-11;2.2737367544323206e-12;
5,0,False,False,False,0.8,4.547473508864641e-13;461.89061970188817;6.821210263296962e-13;0.0;,5.557048394706058e-12;7.499885442698834e-12;9.635923606955244e-12;1.55414522765887e-11;
5,0,False,False,False,0.8,9.094947017729282e-13;0.0;0.0;242.71687847694054;,8.580155856231252e-12;1.2765366452748093e-11;9.275062463698822e-12;3.693265262745072e-11;
5,0,False,False,False,1.0,0.0;2.1405079052520536e-10;0.0;0.0;0.0;,1.4665161412810538e-11;1.4896012866446834e-11;1.0374620055953855e-10;5.708845429208019e-11;1.0606439709309235e-11;
5,0,False,False,False,1.0,0.0;0.0;0.0;2.8717574248452263e-11;0.0;,1.3021982397982677e-11;6.558459564010244e-12;1.4665161412810538e-11;5.303219854654618e-12;1.318767317570746e-11;
5,0,False,False,False,0.4,682.8055108683046;785.3927893416216;,9.140308630886366e-12;1.0951766470309208e-11;
5,0,False,False,False,0.6,231.96793012729663;0.0;0.0;,5.1448789686149945e-12;9.795557720525728e-12;3.092281986027956e-11;
5,0,False,False,False,0.6,255.91418458660354;0.0;1.8189894035458565e-12;,1.8749713606747085e-12;9.275062463698822e-12;2.7284841053187847e-12;
5,0,False,False,False,0.6,5.6418002420362693e-11;1.2605650242457538e-10;832.3759172315093;,9.495403454739563e-12;7.71731845292249e-12;3.049181871436342e-11;
5,0,False,False,False,1.0,2.6664835181894746e-11;4.963638160851638e-13;1.7160311712462504e-11;0.0;0.0;,1.3181791510429088e-11;2.8421709430404007e-12;3.140062563330879e-11;1.5647538506605318e-11;2.989250502568174e-11;
5,0,False,False,False,0.8,390.9661177940693;0.0;7.190186943645084e-13;0.0;,7.332580706405269e-12;6.1010759350204984e-12;1.224444715065716e-12;5.922200433305882e-11;
5,0,False,False,False,0.8,3.077534404963195e-11;1.2300726712198748e-10;1.1368683772161603e-13;2.382945544710165e-10;,4.7477017273697814e-12;7.71731845292249e-12;7.71731845292249e-12;5.823607568738997e-12;
5,0,False,False,False,1.0,0.0;2.2737367544323206e-13;4.6554117344081096e-10;6.558459564010244e-12;0.0;,5.303219854654618e-12;1.3520610761878294e-11;2.033691978340166e-12;1.3642420526593924e-11;3.250091755982e-11;
5,0,False,False,False,1.0,9.094947017729282e-13;0.0;2.0292180190418883e-10;3.538577290463317e-10;2.1866980660792456e-09;,7.103380699760832e-12;1.4235843848381163e-11;7.275957614183426e-12;3.310610686312665e-12;3.701375270816176e-12;
5,0,False,False,False,0.6,9.530863337357932e-11;9.780768775600292e-11;449.13553716255444;,1.4665161412810538e-11;1.0645362554641566e-11;1.8189894035458565e-12;
5,0,False,False,False,0.6,275.7475480363866;0.0;4.547473508864641e-13;,4.547473508864641e-12;7.275957614183426e-12;8.580155856231252e-12;
5,0,False,False,False,0.6,907.4757657257151;1.546140993013978e-11;3.279229782005122e-12;,1.3853010579375966e-11;9.094947017729282e-13;7.499885442698834e-12;
5,0,False,False,False,1.0,2.0559006527610864e-10;3.749942721349417e-12;5.663868671085322e-10;3.858659226461245e-12;6.042538309847401e-13;,9.140308630886366e-12;8.385126836667848e-12;9.837689346015367e-12;1.0998871059607903e-11;1.4380373887290168e-12;
5,0,False,False,False,0.8,0.0;9.58367311140599e-10;792.7327162041356;0.0;,1.1647215137477994e-11;2.2737367544323206e-12;2.4080149696371748e-11;6.688342659199492e-11;
5,0,False,False,False,0.6,89.46954326630421;0.0;3.361748818547534e-11;,6.558459564010244e-12;7.622954678590855e-12;3.456379029677894e-11;
5,0,False,False,False,0.8,0.0;4.547473508864641e-13;1.1368683772161603e-13;0.0;,6.558459564010244e-12;2.033691978340166e-12;3.279229782005122e-12;1.6370904631912708e-11;
5,0,False,False,False,0.8,0.0;1.841586411621082e-11;3.4603972698779664e-10;109.25087067932466;,1.0951766470309208e-11;5.4569682106375694e-12;9.668061295755842e-12;1.706969158396847e-11;
5,0,False,False,False,0.6,1.1193460786159478e-10;0.0;603.461573269392;,5.475883235154604e-12;1.543463690584498e-11;3.749942721349417e-12;
5,0,False,False,False,0.8,1.7710772384427295e-09;3.06111178766429e-13;0.0;15.956310150253472;,5.98126754901655e-12;5.684341886080801e-13;2.5611603342128952e-11;5.624914082024125e-12;
5,0,False,False,False,0.8,1217.5074874131476;5.679821719192698e-10;0.0;2.42314104790293e-09;,9.094947017729282e-13;1.7304316852860617e-11;5.2499198098891835e-11;4.103827149330201e-11;
5,0,False,False,False,0.4,108.01196015389904;1.2249259539356862e-10;,8.134767913360665e-12;1.3642420526593924e-12;
5,0,False,False,False,0.8,4.547473508864641e-13;9.094947017729282e-13;2.1316282072803006e-13;597.7780127560472;,3.885363069147175e-12;9.275062463698822e-12;3.39267601391852e-12;7.693836012407988e-12;
5,0,False,False,False,0.8,0.0;3.3768229000389187e-10;17.392661166652232;0.0;,1.8749713606747085e-12;4.067383956680332e-12;1.2862197421537486e-12;1.8550124927397645e-11;
5,0,False,False,False,0.6,0.0;22.786736340336997;0.0;,1.1647215137477994e-11;2.7661201467245607e-12;2.0938140429682494e-11;
5,0,False,False,False,0.8,58.10605573304283;1.8749713606747085e-12;0.0;0.0;,8.580155856231252e-12;1.0989466294262977e-11;1.3116919128020487e-11;1.3116919128020487e-11;
5,0,False,False,False,0.4,445.98031860523906;4.547473508864641e-13;,1.0913936421275139e-11;6.1852326820078106e-12;
5,0,False,False,False,1.0,1.1647215137477994e-11;0.0;1.639614891002561e-12;0.0;0.0;,7.71731845292249e-12;4.637531231849411e-12;3.637978807091713e-12;8.829596408280667e-12;2.3646862246096134e-11;
5,0,False,False,False,0.8,2.7284841053187847e-12;5.808120793272563e-12;7.667854846061524e-11;34.65303941998736;,1.1368683772161603e-12;2.7321823424052258e-12;1.2202151870040997e-11;1.1504299109832135e-11;
5,0,False,False,False,0.8,3.837162350415199e-11;7.279509460923746e-13;1.8189894035458565e-12;9.780000196018633e-10;,7.77072613829435e-12;2.7661201467245607e-12;5.5412042317503864e-11;1.1823431123048067e-11;
5,0,False,False,False,0.8,50.336048296368396;2.2737367544323206e-13;3.694822225952521e-13;2.2737367544323206e-13;,8.580155856231252e-12;8.385126836667848e-12;7.930471848619056e-12;4.541102583178118e-11;
5,0,False,False,False,1.0,1.1170227909448852e-10;3.8036564650160944e-10;9.094947017729282e-13;5.951225259974057e-10;2.6147972675971687e-12;,7.279509460923746e-12;5.002220859751105e-12;5.532240293449121e-12;5.791024951114537e-11;2.3151955358767473e-11;
5,0,False,False,False,0.6,20.44505982360966;4.258145021856626e-11;0.0;,1.3520610761878294e-11;4.067383956680332e-12;6.370521862719169e-11;
5,0,False,False,False,0.6,3.607600616715619e-11;7.626344918775623e-13;33.495633229772565;,3.749942721349417e-12;2.700511122434296e-12;1.2635104203081759e-11;
5,0,False,False,False,0.6,1.016845989170083e-12;4.52831831622832;2.507274829693626e-09;,3.858659226461245e-12;8.960369311916125e-12;1.0951766470309208e-11;
5,0,False,False,False,0.6,260.869918604033;1.0128342443541617e-10;70.4937443317309;,2.7284841053187847e-12;9.094947017729282e-13;9.275062463698822e-12;
5,0,False,False,False,1.0,3.9431918705970964e-10;4.547473508864641e-13;4.547473508864641e-12;0.0;3.6662903532026344e-12;,1.0369835082193621e-11;7.941821057362622e-12;2.033691978340166e-12;1.8189894035458565e-11;2.5724394843074972e-12;
5,0,False,False,False,1.0,3.637978807091713e-11;0.0;0.0;8.067897597811245e-10;6.821210263296962e-13;,1.4551915228366852e-11;9.094947017729282e-12;9.094947017729282e-12;2.448889430131432e-12;1.639614891002561e-12;
5,0,False,False,False,0.8,1.7158398544379264e-10;2.387531968608385e-13;4.896300859150521e-11;2.033691978340166e-12;,5.550898829703193e-12;1.3642420526593924e-12;4.067383956680332e-12;8.385126836667848e-12;
5,0,False,False,False,0.8,79.51395011874413;0.0;2.1807962881323407e-09;1.4210854715202004e-13;,1.2934344934663288e-11;5.752149554916067e-12;5.426567036984597e-11;2.9118037843694986e-12;
5,0,False,False,False,0.8,301.1270295979232;1.7053025658242404e-12;1.0379801288321075e-11;5.260033338200429e-10;,1.3520610761878294e-11;9.663381206337363e-13;6.431098710768743e-12;1.7659192816561335e-11;
5,0,False,False,False,0.6,4.547473508864641e-13;63.62529247423132;4.547473508864641e-13;,4.897778860262864e-12;2.9118037843694986e-12;6.679834593209753e-11;
5,0,False,False,False,0.6,0.0;6.532357550987174e-13;462.22847579416344;,9.668061295755842e-12;4.547473508864641e-12;1.3116919128020487e-11;
5,0,False,False,False,0.8,0.0;8.08164997588948;0.0;6.12222357532858e-13;,1.1064480586898243e-11;8.134767913360665e-12;1.0606439709309235e-11;3.638422869199817e-12;
5,0,False,False,False,0.4,5.044230541695032e-10;475.0612669097033;,1.185836009463428e-11;1.2202151870040997e-11;
5,0,False,False,False,0.8,394.5739235742427;3.410605131648481e-13;4.547473508864641e-13;0.0;,2.448889430131432e-12;3.6662903532026344e-12;3.6662903532026344e-12;9.094947017729282e-12;
5,0,False,False,False,0.6,1.3642420526593924e-12;7.353508879160017;1.1368683772161603e-13;,5.550898829703193e-12;8.185452315956354e-12;7.958078640513122e-13;
5,0,False,False,False,0.8,0.0;4.547473508864641e-13;1134.0192031150664;1.317857509033635e-10;,8.385126836667848e-12;4.834030647877921e-12;1.0289757937229989e-11;5.125549361257207e-11;
5,0,False,False,False,0.8,2.5554859064461496e-10;9.094947017729282e-13;2.7284841053187847e-12;5.600419185597477;,6.926505289687983e-12;6.62122137262533e-12;4.547473508864641e-12;8.55118507282398e-11;
5,0,False,False,False,0.8,4.547473508864641e-13;0.0;8.964116536037869e-10;0.0;,1.4206761399521663e-11;9.838346221076761e-12;1.3882834102763579e-11;6.558459564010244e-12;
5,0,False,False,False,0.8,563.3602924169917;1.2862197421537486e-12;4.547473508864641e-13;0.0;,9.094947017729282e-12;7.941821057362622e-12;3.2554955994956693e-12;4.5620022152377545e-11;
5,0,False,False,False,1.0,5.798886884461764e-11;0.0;1.6553053431563326e-12;5.1448789686149945e-12;1.902317313688089e-09;,3.637978807091713e-12;7.77072613829435e-12;1.1368683772161603e-12;5.1480935137387517e-11;1.1647215137477994e-11;
5,0,False,False,False,0.8,3.410605131648481e-13;2.145038964057813e-12;1.1593828079623529e-11;4.547473508864641e-13;,7.499885442698834e-12;1.8331451766013172e-12;4.570154315443183e-12;1.642764970546381e-11;
5,0,False,False,False,0.8,2.2737367544323206e-13;84.55733761235037;3.2981532431753935e-10;1.016845989170083e-12;,5.828044603720762e-12;7.77072613829435e-12;2.448889430131432e-12;2.2737367544323206e-12;
5,0,False,False,False,0.8,9.094947017729282e-13;6.507814330688532e-11;0.0;1.1368683772161603e-13;,8.134767913360665e-12;1.1504299109832135e-11;6.821210263296962e-13;2.0630950631195288e-11;
5,0,False,False,False,0.6,172.43759933158964;78.79165733429876;0.0;,5.752149554916067e-12;0.0;1.3116919128020487e-11;
5,0,False,False,False,0.8,1.0509289004879458e-10;116.58553945747929;3.5345572434218976e-10;2.5724394843074972e-12;,9.795557720525728e-12;3.749942721349417e-12;5.499435529803952e-12;1.3853010579375966e-11;
5,0,False,False,False,0.8,1.5161391933519003e-09;2.2737367544323206e-13;915.0450556376251;0.0;,5.624914082024125e-12;4.860694008682901e-12;3.995570775530504e-11;3.4811199309851215e-11;
5,0,False,False,False,0.8,37.619132282049065;2.749717764901976e-12;1.554998243244615e-10;4.555651607504185e-11;,8.134767913360665e-12;4.422111109937924e-12;2.008914298934575e-12;9.837689346015367e-12;
5,0,False,False,False,0.8,132.2828132313062;2.590336073726032e-10;0.0;2.868763129647485e-09;,5.002220859751105e-12;4.547473508864641e-12;2.572439484307497e-11;1.0650023736746842e-10;
5,0,False,False,False,0.8,4.547473508864641e-13;4.4115649663297075e-10;133.22600497992335;1.8189894035458565e-12;,9.592905876037998e-12;2.983364441544241e-11;2.8017751539208553e-11;6.379604540184317e-11;
5,0,False,False,False,0.8,65.98999894864427;8.824471647278656e-12;5.532240293449121e-12;1.2238112177144911e-11;,1.3116919128020487e-11;9.674075226714561e-12;4.067383956680332e-12;6.821210263296962e-13;
5,0,False,False,False,1.0,1.1368683772161603e-12;0.0;3.0676187487828755e-09;3.7388972106954435e-11;1.2479998178104532e-09;,2.2393709973121313e-12;4.067383956680332e-12;1.129568986323122e-11;4.7223711538198296e-11;1.6090603833576217e-11;
5,0,False,False,False,0.8,20.73975816416486;0.0;0.0;0.0;,2.9118037843694986e-12;1.0289757937229989e-11;9.094947017729282e-12;2.729999508993139e-11;
5,0,False,False,False,0.8,1.4051704915781007e-09;0.0;9.929749695552296e-11;0.0;,1.4665161412810538e-11;8.957483989248525e-12;6.926505289687983e-12;9.458744898438454e-11;
5,0,False,False,False,1.0,4.547473508864641e-13;0.0;1.6015647134426107e-10;1.973100492367488e-09;1.8189894035458565e-12;,1.2862197421537486e-11;1.8550124927397645e-11;3.1587760507704397e-12;4.729372449219227e-11;5.7808387580992364e-11;
5,0,False,False,False,0.8,0.0;1.1368683772161603e-13;2.033691978340166e-12;9.094947017729282e-13;,1.4999770885397668e-11;2.033691978340166e-12;2.2128961173796485e-11;2.220359531881277e-11;
5,0,False,False,False,0.8,63.96785856632153;0.0;4.547473508864641e-13;3.0800475497355247e-09;,4.067383956680332e-12;5.322681277320783e-12;1.3642420526593924e-12;1.5647538506605318e-11;
5,0,False,False,False,0.6,5.684341886080801e-13;9.094947017729282e-13;9.565757261051055e-10;,8.385126836667848e-12;7.499885442698834e-12;7.499885442698834e-12;
5,0,False,False,False,0.8,112.24198362264217;5.684341886080801e-13;1.8189894035458565e-12;0.0;,1.6471649611298594e-11;9.094947017729282e-13;7.499885442698834e-12;1.4999770885397668e-11;
5,0,False,False,False,1.0,2.7284841053187847e-12;9.094947017729282e-13;0.0;3.800338602700536e-11;0.0;,1.3116919128020487e-11;8.235824805649297e-12;1.3642420526593924e-11;2.7284841053187847e-12;1.6370904631912708e-11;
5,0,False,False,False,0.8,0.0;6.8815761325920705e-12;0.0;0.0;,5.752149554916067e-12;5.4569682106375694e-12;2.7661201467245607e-12;6.1010759350204984e-12;
5,0,False,False,False,0.8,4.547473508864641e-13;0.0;0.0;5.737616004575591e-11;,8.687935939880299e-12;1.2862197421537486e-11;8.640199666842818e-12;1.3642420526593924e-12;
5,0,False,False,False,1.0,2.5579538487363607e-12;0.0;0.0;4.547473508864641e-13;0.0;,1.9633621422111153e-12;3.573747145199104e-11;6.335203494843153e-11;9.840316583168897e-11;1.9320073794231577e-11;
5,0,False,False,False,0.4,789.5579906144862;502.54497946927216;,5.1448789686149945e-12;1.7087854055767762e-11;
5,0,False,False,False,1.0,0.0;4.547473508864641e-13;8.90051050581951e-11;8.523286544193716e-10;2.0011789993633895e-11;,2.033691978340166e-12;1.0951766470309208e-11;7.77072613829435e-12;3.310610686312665e-12;1.667751423237155e-11;
5,0,False,False,False,0.8,1.74297743884857;1.210437786468239e-09;2.468268755134975e-10;2.8421709430404007e-13;,1.1575977679383737e-11;1.5916157281026244e-12;1.3853010579375966e-11;3.6662903532026344e-12;
5,0,False,False,False,0.8,122.4093031047914;4.637531231849411e-12;4.6190480890438336e-11;1.8189894035458565e-12;,2.5724394843074972e-12;9.495403454739563e-12;6.748824525700834e-12;3.3981526380138176e-11;
5,0,False,False,False,0.8,1.8727642129282687e-11;98.2777079604255;1.5132909587561334e-10;4.547473508864641e-13;,8.385126836667848e-12;1.3116919128020487e-11;1.6917579376002573e-11;6.3175521015408794e-12;
5,0,False,False,False,0.8,1.6379319242817505e-09;6.821210263296962e-13;0.0;622.0318103743159;,6.1852326820078106e-12;6.882515148238467e-12;1.4665161412810538e-11;8.829596408280667e-12;
5,0,False,False,False,0.8,0.0;1.1211274638365024e-12;0.0;0.0;,9.795557720525728e-12;5.684341886080801e-13;4.4593073369947024e-11;2.129072510928313e-11;
5,0,False,False,False,0.6,0.0;0.0;0.0;,3.637978807091713e-12;8.134767913360665e-12;1.0289757937229989e-11;
5,0,False,False,False,0.6,0.0;344.9136940350392;0.0;,5.752149554916067e-12;0.0;1.8189894035458565e-12;
5,0,False,False,False,0.8,9.094947017729282e-13;0.0;0.0;2.2737367544323206e-13;,3.858659226461245e-12;8.829596408280667e-12;3.4751743759521194e-11;6.088564374254968e-11;
5,0,False,False,False,0.8,1.191841671440368e-10;0.0;2.2737367544323206e-13;2.4170153239389606e-12;,4.986694011554689e-12;4.547473508864641e-12;1.2862197421537486e-12;1.2005674564028673e-11;
5,0,False,False,False,0.8,9.614950566587962e-10;0.0;1.4582936433735348e-09;0.0;,4.414798204140334e-12;1.4665161412810538e-11;2.2737367544323206e-12;8.6282243323741e-12;
5,0,False,False,False,0.8,8.824517417241116e-12;2.2939648870195456e-10;4.067383956680332e-12;4.730349636636287e-11;,4.067383956680332e-12;9.795557720525728e-12;1.016845989170083e-11;7.71731845292249e-12;
5,0,False,False,False,0.6,2.2737367544323206e-13;78.10970676621125;4.498890066613514;,1.016845989170083e-12;4.290077928115626e-12;1.346697253662646e-11;
5,0,False,False,False,1.0,5.172338828953136e-11;0.0;2.737941617577302e-12;0.0;2.5724394843074972e-12;,1.1064480586898243e-11;4.547473508864641e-12;6.9414170513817895e-12;2.5868689869326576e-11;1.8990806909479126e-11;
5,0,False,False,False,0.6,4.350375443902006;3.637978807091713e-12;1.0745902173033341e-10;,8.385126836667848e-12;6.926505289687983e-12;3.728928277269006e-11;
5,0,False,False,False,0.6,489.20347507228615;1.1368683772161603e-13;2.5724394843074972e-12;,9.196696017241577e-12;1.8749713606747085e-12;2.39250701960662e-11;
5,0,False,False,False,0.6,4.547473508864641e-13;0.0;4.547473508864641e-13;,9.094947017729282e-12;8.385126836667848e-12;1.274104372543834e-11;
5,0,False,False,False,0.8,4.547473508864641e-13;4.651083343910001e-09;3.551690349880416e-11;0.0;,7.103380699760832e-12;9.480146283359053e-11;2.3241104534791953e-11;7.499885442698834e-12;
5,0,False,False,False,0.8,1.3425833129938777e-10;0.0;457.68056247656176;9.495403454739563e-12;,3.310610686312665e-12;1.2370465364015621e-11;3.279229782005122e-12;9.340824964214529e-11;
5,0,False,False,False,0.8,1.4210854715202004e-13;4.547473508864641e-13;0.0;1.4921397450962104e-13;,3.0633540225079037e-12;5.303219854654618e-12;5.752149554916067e-12;1.8189894035458565e-12;
5,0,False,False,False,1.0,0.0;2.3843509875888037e-10;9.094947017729282e-13;1.016845989170083e-12;3.410605131648481e-13;,3.637978807091713e-12;7.332580706405269e-12;1.0923406216047e-11;4.5983480086207884e-12;3.1767284229450486e-11;
5,0,False,False,False,1.0,0.0;0.0;1.1450593377770896e-09;0.0;2.2737367544323206e-13;,1.1504299109832135e-11;1.3763152265184141e-11;7.558251190218771e-12;7.71731845292249e-12;2.349332381179827e-11;
5,0,False,False,False,0.6,569.1472159154059;0.0;1.321665543493094e-09;,3.749942721349417e-12;6.926505289687983e-12;3.639754730461873e-12;
5,0,False,False,False,1.0,3.701375270816176e-12;0.0;2.8349996249892286e-11;0.0;1.1368683772161603e-13;,9.094947017729282e-13;1.2202151870040997e-11;7.731540852509763e-12;1.8189894035458565e-11;1.8661271068306808e-11;
5,0,False,False,False,1.0,5.084229945850415e-13;7.958078640513122e-13;0.0;4.067383956680332e-12;9.094947017729282e-13;,8.188609674729881e-12;1.124982816404825e-11;1.0645362554641566e-11;7.499885442698834e-12;1.016845989170083e-11;
5,0,False,False,False,1.0,9.052214062373597e-12;0.0;1.3220562145100139e-10;1.192572738494576e-09;0.0;,1.0045697324301055e-11;9.275062463698822e-12;3.9118846266513295e-12;1.4805501083264704e-11;3.837162350415199e-11;
5,0,False,False,False,0.6,8.198074455012805e-13;1268.4656387771367;78.88402153853153;,1.0725194820289065e-12;9.140308630886366e-12;8.543927027883881e-12;
5,0,False,False,False,0.6,36.32292227127774;275.07034715035206;0.0;,3.858659226461245e-12;1.22359997904584e-11;2.945695949293012e-11;
5,0,False,False,False,0.6,0.0;2.2737367544323206e-13;106.95492135070519;,4.067383956680332e-12;5.574134171243378e-12;7.717318452922491e-11;
5,0,False,False,False,0.6,9.188130810505244;0.0;0.0;,3.749942721349417e-12;3.860333628460841e-12;1.3520610761878294e-11;
5,0,False,False,False,1.0,2.5724394843074972e-12;1.1368683772161603e-13;2.2737367544323206e-13;1.7472302218664597e-11;4.002035058636793e-11;,1.0913936421275139e-11;6.431098710768743e-12;7.332580706405269e-12;7.332580706405269e-12;1.9863664117875992e-11;
5,0,False,False,False,0.6,298.71827294335264;128.92576741142815;1.7601833757217968e-09;,3.279229782005122e-12;4.067383956680332e-12;4.924726952842642e-11;
5,0,False,False,False,0.6,25.20750174554843;2.8378020105508717e-11;2.2737367544323206e-13;,1.0606439709309235e-11;1.1504299109832135e-11;1.5252689837551246e-12;
5,0,False,False,False,0.6,9.316107439300764e-11;1.2505552149377763e-12;2.21476432887101e-11;,6.62122137262533e-12;3.0014186410071682e-12;1.4580309236299762e-11;
5,0,False,False,False,0.6,21.073786979453345;0.0;4.547473508864641e-13;,1.3116919128020487e-11;8.134767913360665e-12;6.1852326820078106e-12;
5,0,False,False,False,0.6,50.86265170237132;74.81439494690407;9.392816439904383e-10;,6.366462912410498e-12;8.957483989248525e-12;7.458411103860602e-12;
5,0,False,False,False,1.0,1.803576380102817e-11;8.658131612109979e-13;2.2296536684973512e-11;0.0;8.526512829121202e-14;,5.303219854654618e-12;7.279509460923746e-13;2.033691978340166e-11;2.4404303740081994e-11;6.1852326820078106e-12;
5,0,False,False,False,0.6,208.15169937688316;0.0;413.80651872996344;,5.475883235154604e-12;9.668061295755842e-12;6.431098710768743e-12;
5,0,False,False,False,0.6,1.016845989170083e-12;6.801670584127714e-10;43.62576203722392;,4.834030647877921e-12;1.0219175716994974e-11;3.218120766715243e-11;
5,0,False,False,False,0.6,0.0;0.0;0.0;,1.2370465364015621e-11;7.332580706405269e-12;1.1851731511371224e-10;
5,0,False,False,False,0.8,0.0;8.440625653966494e-12;2.522405303505107e-09;7.836446176420583e-11;,1.1504299109832135e-11;4.4787419946242626e-12;3.637978807091713e-12;2.0739670164387242e-11;
5,0,False,False,False,0.6,4.547473508864641e-13;766.8600025993104;3.6450773090749405e-12;,5.084229945850415e-12;6.1010759350204984e-12;8.358572993505536e-11;
5,0,False,False,False,0.6,133.44196719998178;1.7053025658242404e-13;2.9293354602200477e-10;,4.067383956680332e-12;4.479553548794058e-12;1.1101797659406386e-11;
5,0,False,False,False,0.8,308.1373487903472;1.2862197421537486e-12;0.0;0.0;,8.543927027883881e-12;0.0;8.913512093205366e-11;6.885781924483199e-11;
5,0,False,False,False,0.8,8.292876227682331e-11;0.0;226.801718151128;4.547473508864641e-13;,8.385126836667848e-12;4.192563418333924e-12;3.749942721349417e-12;5.308091899646002e-12;
5,0,False,False,False,0.4,4.547473508864641e-13;307.0263593440351;,2.7661201467245607e-12;2.5676116299097164e-11;
5,0,False,False,False,0.6,0.0;1096.2440341898641;1.1114201087435742e-10;,7.059577317822925e-12;6.821210263296962e-12;6.1010759350204984e-12;
5,0,False,False,False,0.8,1.9675378692030733e-11;1.016845989170083e-12;355.3456542396639;4.966474013003717e-10;,6.558459564010244e-12;6.9414170513817895e-12;2.807673634457957e-11;6.769476045857444e-11;
5,0,False,False,False,1.0,9.094947017729282e-13;4.680116928691035e-10;4.547473508864641e-13;0.0;3.6662903532026344e-12;,6.1010759350204984e-12;1.1395935949750917e-11;6.926505289687983e-12;3.551981460109984e-11;7.499885442698834e-12;
5,0,False,False,False,0.8,0.0;2.219544443266709e-11;0.0;2.5724394843074972e-12;,2.8760747774580336e-12;6.558459564010244e-12;5.308091899646002e-12;2.7526304530368282e-11;
5,0,False,False,False,0.8,3.533945795895236e-10;2.5724394843074972e-12;1.9742752934405957e-10;319.6503577603636;,2.033691978340166e-12;2.7284841053187847e-12;6.558459564010244e-12;1.5993923984814477e-11;
5,0,False,False,False,0.6,62.08698498150725;1.326023313559747e-10;1.0965150602929065e-09;,3.885363069147175e-12;4.067383956680332e-12;1.084741638067186e-11;
5,0,False,False,False,0.6,4.547473508864641e-13;0.0;6.694986753784632;,7.103380699760832e-12;2.809146319392403e-11;1.4999770885397668e-11;
5,0,False,False,False,0.8,6.821210263296962e-13;7.389644451905042e-12;0.0;9.094947017729282e-13;,6.9302362381350445e-12;1.0917636537471405e-11;1.2202151870040997e-11;2.5724394843074972e-12;
5,0,False,False,False,0.6,5.684341886080801e-13;1561.5255401399065;596.2949945574359;,7.332580706405269e-12;9.094947017729282e-13;1.000444171950221e-11;
5,0,False,False,False,1.0,9.374856803373542e-13;1.8189894035458565e-12;2.2737367544323206e-13;0.0;9.43843545981145e-10;,7.693836012407988e-12;8.235824805649297e-12;8.134767913360665e-12;4.729372449219227e-11;1.0387767368763244e-10;
5,0,False,False,False,0.6,74.51600438024352;2.0137709980423624e-10;1013.6850142826546;,9.837689346015367e-12;8.134767913360665e-12;1.6090603833576217e-11;
5,0,False,False,False,0.8,6.96835842507995e-10;0.0;615.8123820774313;4.547473508864641e-13;,3.8193743976897066e-12;1.1064480586898243e-11;1.1718571004216928e-12;4.547473508864641e-12;
5,0,False,False,False,0.4,32.926709813166134;189.8843368398602;,5.1448789686149945e-12;5.832123694519905e-11;
5,0,False,False,False,0.6,4.0990372275064023e-13;651.510182625857;1030.9419261836256;,4.7477017273697814e-12;1.22359997904584e-11;3.82096032582922e-11;
5,0,False,False,False,0.8,0.0;7.958078640513122e-13;8.48496166828269e-10;0.0;,5.532240293449121e-12;1.0289757937229989e-11;4.370308952905894e-11;9.340824964214529e-11;
5,0,False,False,False,0.8,3.927711601443513e-11;1.7053025658242404e-13;2.2737367544323206e-13;0.0;,9.094947017729282e-12;6.926505289687983e-12;1.639614891002561e-12;2.7765668205527158e-11;
5,0,False,False,False,0.6,185.6884666955843;0.0;3.4776912997437504e-09;,7.499885442698834e-12;8.957483989248525e-12;3.125540438748354e-11;
5,0,False,False,False,0.8,5.752149554916067e-12;1.1368683772161603e-12;0.0;0.0;,3.637978807091713e-12;3.1587760507704397e-12;1.3116919128020487e-11;2.8760747774580336e-12;
5,0,False,False,False,0.6,154.8205229239438;7.654187521724089;9.390285048823212e-11;,3.551690349880416e-12;9.275062463698822e-12;6.558459564010244e-12;
5,0,False,False,False,0.8,5.752149554916067e-12;309.9292171670531;2.2737367544323206e-11;1.7666276151690506e-10;,9.094947017729282e-12;1.639614891002561e-11;2.8760747774580336e-12;4.290077928115626e-12;
5,0,False,False,False,0.8,22.05787513549046;5.829463741649806e-11;0.0;0.0;,7.853448568844461e-12;3.279229782005122e-12;8.134767913360665e-12;1.3312529670933552e-11;
5,0,False,False,False,0.6,0.0;0.0;0.0;,9.094947017729282e-12;8.385126836667848e-12;1.3642420526593924e-12;
5,0,False,False,False,0.8,504.19983056406926;4.547473508864641e-13;0.0;3.410605131648481e-13;,1.0606439709309235e-11;2.2737367544323206e-12;7.332580706405269e-12;5.598427493280329e-12;
5,0,False,False,False,0.8,5.028313697992568e-13;550.6544740834873;0.0;9.094947017729282e-13;,1.6633378991627446e-12;6.752347396566833e-11;7.332580706405269e-12;5.4021229170457435e-11;
5,0,False,False,False,0.6,65.17584342229938;8.77136825837614e-10;2.393371208552847e-10;,1.546140993013978e-11;1.1368683772161603e-12;2.729999508993139e-11;
5,0,False,False,False,1.0,9.094947017729282e-13;9.094947017729282e-13;0.0;0.0;5.910572905206907e-10;,1.3116919128020487e-11;9.094947017729282e-13;2.3170666788672596e-12;6.971738147235301e-11;1.318767317570746e-11;
5,0,False,False,False,0.8,16.359121324832284;1.1368683772161603e-13;4.547473508864641e-13;6.821210263296962e-13;,1.1647215137477994e-11;7.347547867564811e-12;0.0;4.4787419946242626e-12;
5,0,False,False,False,1.0,1.8189894035458565e-12;1.1368683772161603e-13;0.0;4.547473508864641e-13;1.2725096396107148e-09;,7.275957614183426e-12;6.558459564010244e-12;4.637531231849411e-12;4.637531231849411e-12;1.8749713606747085e-12;
5,0,False,False,False,0.8,1.2862197421537486e-12;4.547473508864641e-12;0.0;2.2737367544323206e-13;,8.185452315956354e-12;1.1064480586898243e-11;6.366462912410498e-12;1.5261161201624268e-11;
5,0,False,False,False,0.8,13.033236675667593;4.547473508864641e-13;0.0;1.3196921689165895e-10;,6.366462912410498e-12;2.033691978340166e-12;7.499885442698834e-12;4.547473508864641e-13;
5,0,False,False,False,1.0,1.016845989170083e-12;5.273992198049653e-10;1.2765366452748093e-11;0.0;0.0;,3.310610686312665e-12;3.138765735520456e-12;2.4268345558314348e-11;2.7041221523756587e-11;6.997791956263006e-11;
5,0,False,False,False,0.8,0.0;5.084229945850415e-13;0.0;1.0987332173553792e-09;,8.134767913360665e-12;2.2393709973121313e-12;3.077534404963195e-11;4.591822493735649e-11;
5,0,False,False,False,0.6,62.52894730874972;366.97635941900216;0.0;,1.0606439709309235e-11;6.558459564010244e-12;6.558459564010244e-11;
5,0,False,False,False,0.8,41.59546333276568;0.0;4.547473508864641e-13;4.547473508864641e-13;,1.0951766470309208e-11;8.348051665364355e-12;1.2202151870040997e-11;2.0739670164387242e-11;
5,0,False,False,False,0.6,312.68051211789805;4.547473508864641e-13;1.4999770885397668e-11;,1.0014771553662849e-11;0.0;2.2737367544323206e-11;
5,0,False,False,False,0.8,9.094947017729282e-12;0.0;955.7222347827548;4.547473508864641e-13;,9.495403454739563e-12;4.192563418333924e-12;6.748824525700834e-12;1.1647215137477994e-11;
5,0,False,False,False,0.8,0.0;1.1368683772161603e-12;1.016845989170083e-12;7.958078640513122e-13;,1.4559018921847493e-12;9.795557720525728e-12;5.475883235154604e-12;7.283946833759432e-12;
5,0,False,False,False,0.8,0.0;7.626344918775623e-13;555.7012527665986;3.0120421728901065e-10;,9.795557720525728e-12;7.1179219241905815e-12;7.103380699760832e-12;2.005533776464285e-11;
5,0,False,False,False,1.0,0.0;1.2862197421537486e-12;2.7022249305661264e-10;0.0;0.0;,5.1448789686149945e-12;3.310610686312665e-12;7.499885442698834e-12;1.19625350980331e-11;1.7160311712462504e-11;
5,0,False,False,False,0.8,4.547473508864641e-13;1.274104372543834e-11;4.547473508864641e-13;4.3116817976044723e-10;,1.5883642114725243e-11;2.9118037843694986e-12;8.385126836667848e-12;2.651609927327309e-12;
5,0,False,False,False,1.0,0.0;4.547473508864641e-13;0.0;4.547473508864641e-13;0.0;,4.067383956680332e-12;4.897778860262864e-12;1.1647215137477994e-11;4.067383956680332e-12;3.1767284229450486e-11;
5,0,False,False,False,0.8,4.367054614988562e-11;244.75410752478518;7.749940920902257e-11;0.0;,7.332580706405269e-12;4.092726157978177e-12;5.4569682106375694e-12;5.752149554916067e-12;
5,0,False,False,False,1.0,0.0;0.0;4.547473508864641e-13;0.0;0.0;,8.957483989248525e-12;1.0369835082193621e-11;9.973388023109378e-12;4.6766072526888606e-11;2.938667316157718e-11;
5,0,False,False,False,0.6,3.959604189923666e-12;0.0;849.9131876817244;,3.279229782005122e-12;6.821210263296962e-12;3.172820205238606e-11;
5,0,False,False,False,0.8,57.33436466025425;3.410605131648481e-13;0.0;0.0;,1.2862197421537486e-11;2.737941617577302e-12;2.146484570622478e-11;5.096417490175336e-11;
5,0,False,False,False,0.6,0.0;306.5727140712515;0.0;,1.1647215137477994e-11;1.1823431123048067e-11;3.637978807091713e-12;
5,0,False,False,False,0.8,4.547473508864641e-13;9.094947017729282e-13;0.0;0.0;,8.735411353108496e-12;8.348051665364355e-12;6.558459564010244e-12;2.123236759858401e-11;
5,0,False,False,False,1.0,1.200843021324475e-10;1.287063547076836e-10;4.547473508864641e-13;0.0;1.4898958459581715e-09;,1.1064480586898243e-11;2.2737367544323206e-11;3.6662903532026344e-12;2.009139464860211e-11;4.3665218560482767e-11;
5,0,False,False,False,0.8,0.0;120.45879110278419;2.2737367544323206e-13;0.0;,3.637978807091713e-12;7.332580706405269e-12;3.785344919680348e-11;9.094947017729282e-12;
5,0,False,False,False,0.6,166.91214066688119;2.507736829196988e-10;1.2119507472296104e-10;,2.7284841053187847e-12;3.279229782005122e-12;4.367705676554248e-12;
5,0,False,False,False,0.8,85.0303263865993;4.547473508864641e-13;4.547473508864641e-13;1.5859535366586268e-09;,4.4554372470645915e-12;2.8760747774580336e-12;6.821210263296962e-12;2.028091614281744e-11;
5,0,False,False,False,0.6,2.6147972675971687e-12;92.5301040344148;4.098720794843485e-09;,6.558459564010244e-12;9.795557720525728e-12;8.391536542650532e-11;
5,0,False,False,False,1.0,4.437924107607924e-11;1.4214037590216125e-11;9.165725883006586e-13;2.0739670164387242e-11;0.0;,5.475883235154604e-12;1.1620552267395977e-11;4.897778860262864e-12;9.095657532711635e-12;5.1448789686149945e-12;
5,0,False,False,False,0.8,3.8131724593878115e-13;224.9134981230777;2.5011104298755527e-12;0.0;,3.811477339295427e-12;9.097788744721836e-12;4.067383956680332e-12;1.337452083121456e-11;
5,0,False,False,False,0.8,121.98319105683166;7.279509460923746e-13;0.0;2.3500795771548598e-09;,2.7284841053187847e-12;1.9293296132306226e-12;1.2732925824820995e-11;9.837689346015367e-12;
5,0,False,False,False,0.8,3.571093769723052e-10;65.77923942047376;1.2300726712198748e-10;2.2737367544323206e-13;,4.918844673007683e-12;4.834030647877921e-12;4.547473508864641e-12;2.033691978340166e-12;
5,0,False,False,False,0.6,2.5724394843074972e-12;6.463296698227547e-11;7.958078640513122e-13;,6.558459564010244e-12;1.8189894035458565e-12;6.0510880676571394e-12;
5,0,False,False,False,0.8,1.4087112908186838e-09;1025.9863017543903;1.1991541922797848e-10;0.0;,1.1064480586898243e-11;2.9118037843694986e-12;1.22359997904584e-11;1.7160311712462504e-11;
5,0,False,False,False,1.0,0.0;1.080922113397238e-10;3.8657704262548816e-13;0.0;1.8749713606747085e-12;,8.969019710692019e-12;3.749942721349417e-12;2.4933470057773444e-12;9.432472988893404e-11;1.0998871059607903e-11;
5,0,False,False,False,0.6,346.0490271424396;0.0;0.0;,9.004255923021505e-12;1.8189894035458565e-12;1.0913936421275139e-11;
5,0,False,False,False,0.8,0.0;4.547473508864641e-13;0.0;0.0;,5.1448789686149945e-12;3.922195901395753e-12;5.532240293449121e-12;2.7284841053187847e-12;
5,0,False,False,False,1.0,6.821210263296962e-13;0.0;1.1368683772161603e-13;0.0;2.2737367544323206e-13;,5.752149554916067e-12;1.1064480586898243e-11;3.885363069147175e-12;3.4751743759521194e-11;4.2900779281156266e-11;
5,0,False,False,False,0.8,177.95848703947743;0.0;6.394884621840902e-14;4.263256414560601e-13;,1.0951766470309208e-11;3.749942721349417e-12;6.62122137262533e-12;1.2977617148262206e-11;
5,0,False,False,False,0.8,757.0771702387325;0.0;0.0;9.795557720525728e-12;,2.6613406386603914e-12;4.637531231849411e-12;3.637978807091713e-12;1.9675378692030733e-11;
5,0,False,False,False,0.6,6.821210263296962e-13;0.0;4.547473508864641e-13;,6.419029074774291e-12;6.62122137262533e-12;8.543927027883881e-12;
5,0,False,False,False,1.0,2.961100216652941e-11;1.428022536281196e-10;1.1213395645479945e-10;1.053008315323576e-09;1.487213303391403e-11;,4.290077928115626e-12;6.62122137262533e-12;3.885363069147175e-12;1.324244274525066e-11;6.1852326820078106e-12;
5,0,False,False,False,0.8,2.0702245165175623e-11;0.0;1.8189894035458565e-12;4.547473508864641e-13;,1.7353542628454474e-12;1.7938039421384038e-11;2.5724394843074972e-12;1.1064480586898243e-11;
5,0,False,False,False,0.8,139.8527712417795;4.547473508864641e-13;2.2737367544323206e-13;0.0;,2.5724394843074972e-12;9.795557720525728e-12;1.8189894035458565e-12;9.094947017729282e-13;
5,0,False,False,False,0.8,0.0;2.5724394843074972e-12;3.498895978131503e-11;210.72979844050036;,6.926505289687983e-12;7.499885442698834e-12;1.1647215137477994e-11;9.795557720525728e-12;
5,0,False,False,False,1.0,4.547473508864641e-13;6.84723280745628e-11;1.016845989170083e-12;0.0;6.821210263296962e-13;,8.134767913360665e-12;5.1448789686149945e-12;3.2155493553843714e-12;3.9266584544607944e-11;1.8393392034483154e-11;
5,0,False,False,False,0.8,1.8189894035458565e-12;2.2737367544323206e-13;0.0;6.821210263296962e-13;,4.897778860262864e-12;7.332580706405269e-12;1.4665161412810538e-11;2.4740930728031242e-11;
5,0,False,False,False,1.0,4.547473508864641e-13;0.0;0.0;4.547473508864641e-13;0.0;,9.795557720525728e-12;1.1504299109832135e-11;1.8212617209884036e-11;1.2744613963589188e-10;3.0233004760875085e-11;
5,0,False,False,False,0.8,3.006839552620757e-11;6.431098710768743e-13;2.2737367544323206e-13;48.04820253889007;,1.1064480586898243e-11;4.067383956680332e-12;1.2862197421537486e-12;8.134767913360665e-12;
5,0,False,False,False,0.8,3.979039320256561e-13;0.0;271.57931401798714;0.0;,1.3642420526593924e-12;3.279229782005122e-12;1.185836009463428e-11;1.639614891002561e-11;
5,0,False,False,False,0.8,7.344451288725781e-11;1.1064480586898243e-11;0.0;0.0;,3.749942721349417e-12;7.499885442698834e-12;2.533559068467024e-11;3.0233004760875085e-11;
5,0,False,False,False,0.4,25.321944460524662;304.7123625627163;,1.1064480586898243e-11;5.752149554916067e-12;
5,0,False,False,False,1.0,7.389644451905042e-13;0.0;1.2862197421537486e-12;0.0;1.7376157508183613e-09;,5.303219854654618e-12;7.290154618149881e-12;5.752149554916067e-12;2.033691978340166e-11;1.8727642129282687e-11;
5,0,False,False,False,0.6,0.0;4.507529893880403e-12;6.431098710768743e-13;,5.823607568738997e-12;3.691322511952926e-12;3.858659226461245e-12;
5,0,False,False,False,0.8,0.0;6.267190067218693e-10;2.9558577807620168e-12;1.8189894035458565e-12;,1.1504299109832135e-11;3.895433500277799e-12;4.4787419946242626e-12;8.297862025179379e-11;
5,0,False,False,False,0.8,8.198074455012805e-13;5.16573775572867e-11;1.6541434888495132e-11;138.0840530087018;,4.099037227506402e-12;4.290077928115626e-12;4.067383956680332e-12;2.5740467568693758e-11;
5,0,False,False,False,0.4,1.6900763452347865e-10;433.67530442697216;,5.499435529803952e-12;4.067383956680332e-12;
5,0,False,False,False,1.0,0.0;0.0;2.4170153239389604e-11;2.1355944617102956e-10;4.547473508864641e-13;,8.385126836667848e-12;1.9442776034731604e-11;1.2862197421537486e-11;3.4632526448439915e-12;9.635923606955244e-12;
5,0,False,False,False,0.6,311.576777308415;0.0;430.7353915175723;,2.2737367544323206e-12;6.431098710768743e-12;2.220359531881277e-11;
5,0,False,False,False,0.6,17.2052441319264;1.8189894035458565e-12;3.837162350415199e-11;,9.094947017729282e-12;1.2862197421537486e-11;2.9160618472599524e-11;
5,0,False,False,False,0.8,0.0;62.63129123323504;1.1368683772161603e-13;9.094947017729282e-12;,8.957483989248525e-12;1.8189894035458565e-12;4.564848612270419e-12;9.094947017729282e-12;
5,0,False,False,False,0.6,978.1917870319911;2.8812273796709253e-10;5.8015497175136485e-11;,1.1504299109832135e-11;3.970910528681311e-12;3.113608321404843e-11;
5,0,False,False,False,0.8,9.094947017729282e-13;9.495403454739563e-12;2.2980719355243876e-10;0.0;,1.1368683772161603e-11;9.763839695362498e-12;5.752149554916067e-12;1.55414522765887e-11;
5,0,False,False,False,0.6,90.82085150039889;8.39560170250917e-11;0.0;,5.550898829703193e-12;5.322681277320783e-12;1.1647215137477994e-11;
5,0,False,False,False,1.0,9.094947017729282e-13;7.004437884802138e-12;6.073220249032206e-10;2.7284841053187847e-12;9.094947017729282e-13;,2.5724394843074972e-12;1.0459189070388675e-11;2.033691978340166e-12;5.752149554916067e-12;2.548208745087668e-11;
5,0,False,False,False,1.0,4.547473508864641e-13;6.431098710768743e-13;0.0;4.067383956680332e-11;1.1368683772161603e-13;,7.275957614183426e-12;8.045301916788108e-12;1.2370465364015621e-11;7.77072613829435e-12;1.639614891002561e-12;
5,0,False,False,False,0.6,0.0;1.2805927831004887e-11;366.8973135420375;,7.499885442698834e-12;5.979376495341629e-12;2.033691978340166e-11;
5,0,False,False,False,0.8,9.391386096496437e-11;9.998238696242124e-11;0.0;4.547473508864641e-13;,1.639614891002561e-12;5.4569682106375694e-12;4.192563418333924e-12;5.9117155615240335e-12;
5,0,False,False,False,0.8,2.538146175487052e-11;3.1891290314773615;4.467501020866116e-10;0.0;,5.629507724343033e-12;1.0951766470309208e-11;1.3944143671744281e-11;5.002220859751105e-12;
5,0,False,False,False,0.8,1.3497649051401667e-11;5.684341886080802e-14;0.0;0.0;,1.1513283335418385e-11;4.897778860262864e-12;7.71731845292249e-12;1.0606439709309235e-11;
5,0,False,False,False,0.6,2.5724394843074972e-12;1.9612426077445986e-10;0.0;,7.332580706405269e-12;5.303219854654618e-12;9.363821064641343e-12;
5,0,False,False,False,0.8,0.0;6.431098710768743e-13;2.2737367544323206e-13;0.0;,2.5724394843074972e-12;3.279229782005122e-12;9.097788744721836e-12;1.5647538506605318e-11;
5,0,False,False,False,0.6,54.3273007756862;72.18433501527511;7.932050513096515e-12;,5.9117155615240335e-12;1.8189894035458565e-12;1.7788993312996036e-11;
5,0,False,False,False,0.8,1202.1333589901667;4.897778860262864e-12;8.77605136952243e-12;1.0007025177703957e-11;,2.6432189770275727e-12;5.823607568738997e-12;5.823607568738997e-12;3.541486416440882e-11;
5,0,False,False,False,0.8,3.58876052940993e-11;30.881886431431123;0.0;0.0;,1.2544764307798434e-11;1.8749713606747085e-12;1.2635104203081759e-11;5.615347268915914e-11;
5,0,False,False,False,0.6,0.0;1.8189894035458565e-12;100.3514812642398;,2.033691978340166e-12;3.906594719394803e-11;2.123236759858401e-11;
5,0,False,False,False,0.8,8.476696766896533e-10;1.7053025658242404e-13;9.094947017729282e-13;2.0650987980224344e-11;,1.337452083121456e-11;4.2309225286609024e-12;1.0606439709309235e-11;9.973388023109378e-12;
1,250,False,False,False,1.0,126.73234343387108;,110.80519384628292;
1,250,False,False,False,1.0,181.11290990890785;,281.71186031465254;
1,250,False,False,False,1.0,418.5939449046502;,428.54702994400964;
1,250,False,False,False,1.0,121.86190868513192;,175.23023024776847;
1,250,False,False,False,1.0,151.77218254568157;,106.96681859135434;
1,250,False,False,False,1.0,175.40128272637202;,127.78968670433656;
1,250,False,False,False,1.0,205.41493363250106;,186.21539119027915;
1,250,False,False,False,1.0,143.13999146496278;,187.44221531236917;
1,250,False,False,False,1.0,60.843953295990204;,125.59899152243759;
1,250,False,False,False,1.0,54.19844760861612;,152.82170421763783;
1,250,False,False,False,1.0,94.87455485799622;,107.45325877536207;
1,250,False,False,False,1.0,216.71254594164603;,170.68446868530384;
1,250,False,False,False,1.0,149.15344837051686;,105.47449418281631;
1,250,False,False,False,1.0,136.00333084940308;,294.392635523068;
1,250,False,False,False,1.0,151.51690700389543;,210.37646670266344;
1,250,False,False,False,1.0,248.98811272730939;,433.03138205238827;
1,250,False,False,False,1.0,241.5652502442876;,213.73239688863848;
1,250,False,False,False,1.0,323.91238275726414;,402.03001330422876;
1,250,False,False,False,1.0,230.76840595879023;,184.08666017787465;
1,250,False,False,False,1.0,220.9968797506903;,263.6651324981978;
1,250,False,False,False,1.0,192.85752439220138;,324.7110207717015;
1,250,False,False,False,1.0,255.7786221058111;,304.37107638747904;
1,250,False,False,False,1.0,118.24714683236604;,225.61731327462442;
1,250,False,False,False,1.0,257.48859859275996;,224.63922814550003;
1,250,False,False,False,1.0,269.516885711336;,318.80651814629687;
1,250,False,False,False,1.0,272.07872090906795;,238.10919146255424;
1,250,False,False,False,1.0,432.7140965372174;,399.28783375731376;
1,250,False,False,False,1.0,62.62168941072054;,349.76478735949075;
1,250,False,False,False,1.0,200.1478853393552;,257.177314326927;
1,250,False,False,False,1.0,318.8514750513086;,401.90801566245335;
1,250,False,False,False,1.0,404.48325755815586;,272.4854404265417;
1,250,False,False,False,1.0,110.75193142069537;,172.1894387907288;
1,250,False,False,False,1.0,148.74195501299306;,145.8197040052684;
1,250,False,False,False,1.0,98.04608955927407;,177.85595854129966;
1,250,False,False,False,1.0,138.25381676549864;,116.52273834303452;
1,250,False,False,False,1.0,184.45825402979017;,181.66125397140138;
1,250,False,False,False,1.0,146.5304475514747;,141.31738748916285;
1,250,False,False,False,1.0,236.6008500933219;,82.45249783555265;
1,250,False,False,False,1.0,139.92950596608355;,124.05865734500676;
1,250,False,False,False,1.0,32.4414788039982;,70.02682582540815;
1,250,,True,False,,,
1,250,False,False,False,1.0,168.4020595274729;,200.19765415445798;
1,250,False,False,False,1.0,205.22196757868684;,90.06101879929365;
1,250,False,False,False,1.0,328.32057364376965;,36.992085117843246;
1,250,False,False,False,1.0,79.21611753512555;,215.62826511182723;
1,250,False,False,False,1.0,243.07494144401142;,362.5032894228445;
1,250,False,False,False,1.0,151.4600216555994;,187.89572279692024;
1,250,False,False,False,1.0,38.086340809031;,50.89155148425233;
1,250,False,False,False,1.0,163.074543538651;,155.85424000721702;
1,250,False,False,False,1.0,135.35441483558935;,125.2863870996251;
1,250,False,False,False,1.0,167.76424795301833;,420.30089210822837;
1,250,False,False,False,1.0,145.5833971600808;,311.0669836686753;
1,250,False,False,False,1.0,105.25509785158062;,71.09389051768379;
1,250,False,False,False,1.0,161.66746678347164;,152.54263863156035;
1,250,False,False,False,1.0,240.5070733678938;,279.0126285256066;
1,250,False,False,False,1.0,383.12533762145387;,534.2835399940762;
1,250,False,False,False,1.0,121.14797728223337;,174.0852498609616;
1,250,False,False,False,1.0,101.30516248764285;,70.99658935111603;
1,250,False,False,False,1.0,125.74929558955345;,192.97228356234905;
1,250,False,False,False,1.0,114.05078571674119;,309.8282311936754;
1,250,False,False,False,1.0,23.410739547160468;,131.49782466594704;
1,250,False,False,False,1.0,175.809745067411;,103.73921247486362;
1,250,False,False,False,1.0,60.08189357586068;,154.1799425652532;
1,250,False,False,False,1.0,118.5210466771972;,129.36933253240196;
1,250,False,False,False,1.0,187.68137752119108;,243.7643838586619;
1,250,False,False,False,1.0,241.04498945477164;,292.5276672248285;
1,250,False,False,False,1.0,533.3831759853529;,265.62309414729;
1,250,False,False,False,1.0,122.20763974250674;,237.17955423786498;
1,250,False,False,False,1.0,65.27462152208939;,117.82079831741218;
1,250,False,False,False,1.0,53.08329315099031;,73.38810111682204;
1,250,False,False,False,1.0,188.0761864250403;,261.95333654778506;
1,250,False,False,False,1.0,291.8683543984931;,271.00965790490886;
1,250,False,False,False,1.0,51.53827600453257;,131.40559587388125;
1,250,False,False,False,1.0,189.18915242305485;,165.53653781376758;
1,250,False,False,False,1.0,15.56226437952733;,23.734099586128533;
1,250,False,False,False,1.0,184.9083750562941;,209.60337604740448;
1,250,False,False,False,1.0,386.93647496249173;,347.2951514801293;
1,250,False,False,False,1.0,76.34264797033717;,125.17305018924513;
1,250,,True,False,,,
1,250,False,False,False,1.0,188.17396872360527;,204.59286111499367;
1,250,False,False,False,1.0,253.20462467082783;,355.08623816298496;
1,250,False,False,False,1.0,268.4594135063049;,356.38641084297393;
1,250,False,False,False,1.0,24.357036352825542;,72.6850844189318;
1,250,False,False,False,1.0,170.7280298808595;,314.8691480675415;
1,250,False,False,False,1.0,295.3139409428507;,326.8865981457576;
1,250,False,False,False,1.0,179.59868984553475;,183.08875217519352;
1,250,False,False,False,1.0,53.319480562280376;,299.1445680098227;
1,250,False,False,False,1.0,207.33087130191325;,118.58309221037673;
1,250,False,False,False,1.0,103.70779073225509;,67.42667196757068;
1,250,False,False,False,1.0,214.17958683539015;,230.6452861162589;
1,250,False,False,False,1.0,152.28388719447887;,145.58324474429128;
1,250,False,False,False,1.0,170.08977950114812;,216.31207039121043;
1,250,False,False,False,1.0,344.1487023085318;,320.35878088946913;
1,250,False,False,False,1.0,174.0214630666106;,159.3598174405527;
1,250,False,False,False,1.0,254.97826757216626;,246.63465102503065;
1,250,False,False,False,1.0,18.006117711696618;,253.38565188493635;
1,250,False,False,False,1.0,89.10562578725512;,118.03494771748605;
1,250,False,False,False,1.0,118.74050231290116;,261.1783958556927;
1,250,False,False,False,1.0,386.52652209709055;,319.4812838299317;
1,250,False,False,False,1.0,50.11340268774249;,159.46528303548843;
1,250,False,False,False,1.0,221.70974029174764;,241.37048443958722;
1,250,False,False,False,1.0,50.76858674075516;,52.59151021151294;
1,250,False,False,False,1.0,293.23761717716997;,253.52195774046552;
1,250,False,False,False,1.0,96.98891097193484;,39.887545610663;
1,250,False,False,False,1.0,139.1680939099642;,159.37109702007407;
1,250,False,False,False,1.0,48.3508347218342;,31.143176272101893;
1,250,False,False,False,1.0,160.90962686467856;,142.2461615715867;
1,250,False,False,False,1.0,343.236594856626;,175.42095417060747;
1,250,False,False,False,1.0,192.9307832658078;,293.18877120451765;
1,250,False,False,False,1.0,159.8422302124329;,343.484717838706;
1,250,False,False,False,1.0,98.79358512143688;,177.59302048538768;
1,250,False,False,False,1.0,107.6433628753476;,319.8857601797908;
1,250,False,False,False,1.0,173.9180574518624;,184.15792358989253;
1,250,False,False,False,1.0,152.33481173144526;,213.26977809288096;
1,250,False,False,False,1.0,169.58923182770837;,148.36688220225332;
1,250,,True,False,,,
1,250,False,False,False,1.0,143.0852205825592;,410.5163993244676;
1,250,False,False,False,1.0,153.794584481428;,163.8661148419113;
1,250,False,False,False,1.0,403.75652161166926;,96.78164009411934;
1,250,False,False,False,1.0,89.28730562570065;,272.59674240841366;
1,250,False,False,False,1.0,242.56019898217235;,157.6961822522427;
1,250,False,False,False,1.0,161.77267896810739;,349.8840979146232;
1,250,False,False,False,1.0,278.197114492574;,475.8946936229386;
1,250,False,False,False,1.0,66.34827972035689;,150.9013643963364;
1,250,False,False,False,1.0,107.06052353200087;,140.59497901298013;
1,250,False,False,False,1.0,49.10539472444257;,177.0879756480781;
1,250,False,False,False,1.0,198.56660024626873;,279.0090731729487;
1,250,False,False,False,1.0,175.73977241929526;,332.77317915777627;
1,250,False,False,False,1.0,292.88654516569125;,314.46250311813816;
1,250,False,False,False,1.0,130.25748422166242;,137.7702654197642;
1,250,False,False,False,1.0,241.82010091899835;,258.74924857900845;
1,250,False,False,False,1.0,140.78711768808174;,74.48558142239581;
1,250,False,False,False,1.0,386.98820794864696;,378.87801455413353;
1,250,False,False,False,1.0,205.48163717797584;,323.18028554786264;
1,250,False,False,False,1.0,258.93916843243784;,558.0298103567529;
1,250,False,False,False,1.0,166.6610465376803;,324.9490846385228;
1,250,False,False,False,1.0,136.1491562500386;,182.691863068281;
1,250,False,False,False,1.0,120.88924744914378;,379.4368556312914;
1,250,False,False,False,1.0,61.466013562459636;,189.07903726491347;
1,250,False,False,False,1.0,253.76440721017605;,497.8759394700312;
1,250,False,False,False,1.0,53.18683577200092;,318.164940631994;
1,250,False,False,False,1.0,105.22770650801348;,82.50165866665947;
1,250,False,False,False,1.0,38.50786373486953;,104.94380387372507;
1,250,False,False,False,1.0,193.6700290778713;,105.18980855970355;
1,250,False,False,False,1.0,200.15053264610728;,94.84265174271071;
1,250,False,False,False,1.0,179.1604981768363;,89.90555007479672;
1,250,False,False,False,1.0,176.20410962464797;,447.1802158412871;
1,250,False,False,False,1.0,151.21094142739062;,112.00963059702815;
1,250,False,False,False,1.0,342.3281090398693;,339.9546518424164;
1,250,False,False,False,1.0,127.12581627119279;,110.9718514145401;
1,250,False,False,False,1.0,90.57087501432346;,108.45011537528738;
1,250,False,False,False,1.0,35.329589141238415;,52.10089594046741;
1,250,False,False,False,1.0,94.48140715438431;,151.74612173097745;
1,250,False,False,False,1.0,27.412075072504027;,193.97957990401576;
1,250,False,False,False,1.0,66.72556315660167;,123.11738645802734;
1,250,False,False,False,1.0,57.78661836795392;,95.16038436418418;
1,250,False,False,False,1.0,25.159244740750648;,168.11419843681924;
1,250,False,False,False,1.0,233.34428176919081;,319.2119535022859;
1,250,False,False,False,1.0,32.21241672360282;,122.94891905766313;
1,250,False,False,False,1.0,25.801907356035883;,158.18963654938474;
1,250,False,False,False,1.0,78.32507611446044;,60.786177190335884;
1,250,False,False,False,1.0,62.18117272649176;,164.65192692654063;
1,250,False,False,False,1.0,800.1177720552258;,234.91511473841456;
1,250,False,False,False,1.0,84.25675493668957;,128.20269835693924;
1,250,False,False,False,1.0,139.72164360729948;,138.8357504355878;
1,250,False,False,False,1.0,119.34677238998714;,105.06690553549373;
1,250,False,False,False,1.0,180.3793389037446;,368.32666872116283;
1,250,False,False,False,1.0,372.82308950666066;,393.9807600408664;
1,250,False,False,False,1.0,112.85243295986807;,297.25961201152234;
1,250,False,False,False,1.0,31.916815170881833;,87.00056612819262;
1,250,False,False,False,1.0,178.29813456144083;,203.09059475810062;
1,250,False,False,False,1.0,125.11528993042572;,256.33557846893206;
1,250,False,False,False,1.0,291.8932306341996;,375.80294914798833;
1,250,False,False,False,1.0,303.9908772507071;,164.55736178878445;
1,250,False,False,False,1.0,392.09168576559506;,341.7802932468868;
1,250,False,False,False,1.0,92.12482024698721;,74.2656331437985;
1,250,False,False,False,1.0,117.78522435331712;,108.00465382613923;
1,250,False,False,False,1.0,43.8834635582205;,68.59792125426125;
1,250,False,False,False,1.0,367.948879118035;,352.2617077056481;
1,250,False,False,False,1.0,145.05328595586693;,94.60268564473664;
1,250,False,False,False,1.0,280.4017044817273;,350.60403120120105;
1,250,False,False,False,1.0,196.45206438441093;,358.21420375917046;
1,250,False,False,False,1.0,322.02493473026215;,286.16719624525814;
1,250,False,False,False,1.0,133.11169366416482;,379.23113227292487;
1,250,False,False,False,1.0,146.38315715110238;,186.1119676684825;
1,250,False,False,False,1.0,291.6530203576243;,188.55462503771696;
1,250,False,False,False,1.0,151.07517472687127;,354.6434204104647;
1,250,False,False,False,1.0,241.01636343369015;,313.8480062766186;
1,250,False,False,False,1.0,132.6806996440834;,182.08820073113668;
1,250,False,False,False,1.0,207.5799722498638;,367.39516849675266;
1,250,False,False,False,1.0,143.9681682844115;,150.21488040886473;
1,250,False,False,False,1.0,191.67012764298894;,221.77773056494047;
1,250,False,False,False,1.0,400.1369306461067;,125.2344102524479;
1,250,False,False,False,1.0,93.2178003380543;,123.8544152863377;
1,250,False,False,False,1.0,91.66958754020747;,203.07043240444332;
1,250,False,False,False,1.0,325.36984710453027;,424.0436494407028;
1,250,False,False,False,1.0,207.43396080359682;,199.4336478352058;
1,250,False,False,False,1.0,68.59063739350479;,12.645251456968873;
1,250,False,False,False,1.0,56.28392587140217;,24.903782270182266;
1,250,False,False,False,1.0,210.82923586567648;,174.67663863145546;
1,250,False,False,False,1.0,111.08425172902663;,151.76940688773203;
1,250,,True,False,,,
1,250,,True,False,,,
1,250,False,False,False,1.0,76.91925890222154;,111.61825291512436;
1,250,False,False,False,1.0,278.4063847168687;,255.5916017722574;
1,250,False,False,False,1.0,154.5851604903329;,229.20493205425248;
1,250,False,False,False,1.0,92.57882418420344;,185.35533801095195;
1,250,False,False,False,1.0,89.07525513197207;,6.733536174755529;
1,250,False,False,False,1.0,58.62281752340454;,152.9525338849732;
1,250,False,False,False,1.0,167.05994704774375;,209.4529262548793;
1,250,False,False,False,1.0,168.7372593319199;,249.29793834232623;
1,250,False,False,False,1.0,204.6541242794969;,255.39393882383084;
1,250,False,False,False,1.0,296.3946718554606;,345.4975135868811;
1,250,False,False,False,1.0,256.4234470287988;,341.45518957323384;
1,250,False,False,False,1.0,78.08403280004278;,11.516423460659471;
1,250,False,False,False,1.0,135.53468843092793;,145.06281065245605;
1,250,False,False,False,1.0,324.39259648197805;,357.9020868244009;
1,250,False,False,False,1.0,73.35357050687756;,64.76128030823051;
1,250,False,False,False,1.0,277.6348576331079;,69.21370632526862;
1,250,False,False,False,1.0,168.6422066802932;,225.22003142346628;
1,250,False,False,False,1.0,92.37508196903806;,63.61814024550891;
1,250,False,False,False,1.0,121.61537712135818;,164.13363654928608;
1,250,False,False,False,1.0,194.53907716580903;,282.1904484242144;
1,250,False,False,False,1.0,49.76082144870546;,158.87536029399453;
1,250,False,False,False,1.0,149.26678291219554;,348.6730805478382;
1,250,False,False,False,1.0,66.83255651544101;,124.39211533287092;
1,250,False,False,False,1.0,244.02620629937286;,294.02011122673633;
1,250,False,False,False,1.0,141.22471688854597;,94.16383588157603;
1,250,False,False,False,1.0,178.17594330740167;,292.9236458002461;
1,250,False,False,False,1.0,163.62310917726805;,32.194753065120594;
1,250,False,False,False,1.0,310.3505854024564;,341.458219015554;
1,250,False,False,False,1.0,323.2968094539524;,372.40467007378425;
1,250,False,False,False,1.0,109.50247429716096;,175.88883674570278;
1,250,False,False,False,1.0,189.6687695681527;,160.35010466723034;
1,250,False,False,False,1.0,142.92487893341783;,363.4389387746086;
1,250,False,False,False,1.0,205.00092141913166;,147.70885746245747;
1,250,False,False,False,1.0,85.90580618450944;,221.99267377583175;
1,250,False,False,False,1.0,124.2008299567539;,70.80122583916574;
1,250,False,False,False,1.0,84.6309379145044;,254.65919036856837;
1,250,False,False,False,1.0,69.65216159431404;,233.8630948788713;
1,250,False,False,False,1.0,363.6441259436461;,360.1461586459743;
1,250,False,False,False,1.0,104.23585812173481;,187.8602010153168;
1,250,False,False,False,1.0,160.9095547379175;,178.65357047048033;
1,250,False,False,False,1.0,149.64895162430318;,208.86775074400694;
1,250,False,False,False,1.0,386.94763583790706;,327.05332363958206;
1,250,False,False,False,1.0,95.36963670595975;,122.6279571726206;
1,250,False,False,False,1.0,71.1454282125342;,114.60567786343323;
1,250,False,False,False,1.0,304.67723275626366;,339.62228430395487;
1,250,False,False,False,1.0,75.95990606562192;,132.80442403653032;
1,250,False,False,False,1.0,35.84474792965858;,77.28722427339812;
1,250,False,False,False,1.0,279.9427710754889;,301.2898064029694;
1,250,False,False,False,1.0,104.03545816586004;,93.72452129153363;
1,250,False,False,False,1.0,313.1733595152625;,360.2029404366595;
1,250,False,False,False,1.0,213.37765209051;,172.1017715227309;
1,250,False,False,False,1.0,323.70060848007165;,215.0102611921111;
1,250,False,False,False,1.0,101.30850395668396;,227.7474916758123;
1,250,False,False,False,1.0,99.07303648440991;,233.78985511059116;
1,250,False,False,False,1.0,450.71038094276645;,567.8598934212752;
1,250,False,False,False,1.0,168.09603291182856;,90.00631822801151;
1,250,False,False,False,1.0,70.90802533429549;,204.74767296957387;
1,250,False,False,False,1.0,184.78242275871787;,196.12447443490433;
1,250,False,False,False,1.0,98.3455494474354;,183.8653184727553;
1,250,,True,False,,,
1,250,False,False,False,1.0,224.47830371939668;,352.36073710649595;
1,250,False,False,False,1.0,113.1606574612164;,36.57429571556684;
1,250,False,False,False,1.0,195.04611160522413;,157.28132694376237;
1,250,False,False,False,1.0,221.34191264609;,273.19555883816975;
1,250,False,False,False,1.0,96.6877174491355;,83.34348332286976;
1,250,False,False,False,1.0,117.75926283575754;,372.6805634212116;
1,250,False,False,False,1.0,51.996557012029434;,296.87532523000186;
1,250,False,False,False,1.0,436.82376259315413;,367.92888030632986;
1,250,False,False,False,1.0,97.32439066503115;,29.157886136881896;
1,250,False,False,False,1.0,147.5463012014069;,381.789881471931;
1,250,False,False,False,1.0,297.3132733585266;,362.2331782785519;
1,250,False,False,False,1.0,224.58411453048427;,255.27673650059964;
1,250,False,False,False,1.0,78.59434332265144;,320.06905947955596;
1,250,False,False,False,1.0,246.25589877887666;,306.16429936155015;
1,250,False,False,False,1.0,218.76153156295956;,158.24284896701624;
1,250,False,False,False,1.0,135.91349161309586;,133.52939010386638;
1,250,False,False,False,1.0,247.55810509182376;,261.8859152188072;
1,250,False,False,False,1.0,21.179025411861925;,84.26817401548101;
1,250,False,False,False,1.0,119.53077644079309;,238.22545501792985;
1,250,False,False,False,1.0,177.01564096240483;,196.77719678132615;
1,250,False,False,False,1.0,291.32114718774676;,408.555930421439;
1,250,False,False,False,1.0,98.7750189470721;,202.95444771442953;
1,250,False,False,False,1.0,126.27541134086333;,338.1896534041033;
1,250,False,False,False,1.0,138.00400224675514;,139.66692099162077;
1,250,False,False,False,1.0,214.5655778737489;,359.3414071436815;
1,250,False,False,False,1.0,81.31101293155845;,142.60598168899836;
1,250,False,False,False,1.0,270.8531931630057;,316.4274552896102;
1,250,False,False,False,1.0,266.4400575957011;,212.14395401721478;
1,250,False,False,False,1.0,176.989434199251;,273.5610710869972;
1,250,False,False,False,1.0,88.3230382403067;,118.69593548731795;
1,250,False,False,False,1.0,221.10317566777522;,184.70397775016116;
1,250,False,False,False,1.0,113.99774669560966;,115.06065000487793;
1,250,False,False,False,1.0,93.98358050343644;,475.7182326189361;
1,250,False,False,False,1.0,121.25908842670822;,91.66663981426923;
1,250,False,False,False,1.0,179.8818069224236;,110.95646654944991;
1,250,False,False,False,1.0,120.40312641943108;,186.62449655160628;
1,250,False,False,False,1.0,99.30496513902837;,39.361559498122396;
2,250,False,False,False,1.0,61.226533069541155;161.58329003733286;,98.417298497889;178.8698043734202;
2,250,False,False,False,1.0,137.44162743128118;205.22778088452046;,167.44436081147128;317.4905673763515;
2,250,False,False,False,1.0,33.51512874138681;208.98452907397004;,145.13271616604092;324.64643494673106;
2,250,False,False,False,1.0,121.13176479243114;299.1566809643592;,243.97201353189885;328.5607440392816;
2,250,False,False,False,0.5,159.19033964178126;,427.3180680377385;
2,250,False,False,False,1.0,163.6256348254588;454.3394547790025;,44.560166936685484;279.25770444261593;
2,250,False,False,False,0.5,110.68224518529573;,61.35577464138636;
2,250,False,False,False,0.5,364.30668166320993;,153.96649157006;
2,250,False,False,False,1.0,139.7574708762936;130.27191077651193;,54.59907207444161;122.937072606791;
2,250,False,False,False,1.0,295.99812572230303;242.53754672681646;,400.08102825212586;123.66274652484681;
2,250,False,False,False,0.5,91.68970777139657;,178.3879967523551;
2,250,False,False,False,1.0,162.77832751172386;68.25484678501141;,217.37876298078194;85.00050235412743;
2,250,False,False,False,1.0,154.63942056399586;153.8881901992185;,139.3888913322364;53.60116061932984;
2,250,False,False,False,0.5,298.8395741180278;,282.09796356715765;
2,250,False,False,False,1.0,72.70636765909953;190.09906123621877;,88.2620212889493;264.6807278667692;
2,250,False,False,False,1.0,494.21645757986676;220.51179677929193;,260.4187674114783;317.7128776786622;
2,250,False,False,False,1.0,111.02168105384231;340.5567347299021;,83.40354989336414;229.6063183075756;
2,250,False,False,False,0.5,837.1895085170858;,208.21680129217114;
2,250,False,False,False,1.0,36.175988734935046;83.08576954466372;,238.86244806375188;53.52562562240536;
2,250,False,False,False,0.5,313.5986079726783;,449.95374369807337;
2,250,False,False,False,0.5,860.2844696607326;,147.1791928129978;
2,250,False,False,False,1.0,82.76837568179366;231.4466408369408;,134.25122521146267;134.21020401133094;
2,250,False,False,False,1.0,112.74359176199873;134.82737073340326;,186.7154847667882;147.4273538691622;
2,250,False,False,False,1.0,157.76031085149089;289.40505990052515;,203.49321273879264;245.4922853288865;
2,250,False,False,False,1.0,355.4979435305609;2870.9873902667678;,294.72123220430257;320.7669733076467;
2,250,False,False,False,1.0,167.63683508229127;156.33627971378039;,210.8531731258691;244.44501387085083;
2,250,False,False,False,1.0,222.4533065172964;81.79464498092558;,109.33901635467137;127.2662114782919;
2,250,False,False,False,1.0,40.05665343704252;85.90615430152195;,26.34068399337353;131.4459937412902;
2,250,False,False,False,1.0,188.22111953070967;179.03504137133675;,236.7016132888155;238.92229231203464;
2,250,False,False,False,1.0,164.4012282468063;106.0215622311152;,295.854354930185;127.87859065844258;
2,250,False,False,False,1.0,136.7098634881147;223.03175527461062;,100.51428487547037;43.44807257514809;
2,250,False,False,False,1.0,229.75147758204352;182.0195991049655;,130.77505197739745;198.58384382283913;
2,250,False,False,False,0.5,349.8027965372062;,153.8491055532209;
2,250,False,False,False,1.0,93.06463154735934;116.53824034782627;,208.22401153664208;100.35685203741144;
2,250,False,False,False,1.0,179.56411374651628;38.54802141609525;,296.45912483559687;163.06205965941223;
2,250,False,False,False,1.0,137.94257189593185;198.61992534217342;,50.81524653191548;220.86904708211145;
2,250,False,False,False,0.5,22.94246817699259;,44.01958546390457;
2,250,False,False,False,1.0,188.8583504129728;171.29222501797477;,133.9134934329875;230.154108055626;
2,250,False,False,False,1.0,271.76765027074237;106.60992056802326;,389.3593497970051;180.3268582887064;
2,250,False,False,False,1.0,449.71578266165295;37.39977411258262;,134.87675763061526;32.68712720962705;
2,250,False,False,False,1.0,53.06172483425998;207.7302784654907;,162.09850819089988;316.0653502572236;
2,250,False,False,False,1.0,245.54784869690403;462.812533657744;,235.40293950774043;581.5992496025369;
2,250,False,False,False,0.5,309.83961164599503;,19.69802062354569;
2,250,False,False,False,1.0,491.1797174532276;231.39562994708635;,452.40155629429876;289.2095807473173;
2,250,False,False,False,1.0,218.27056953735726;227.9254018529756;,225.4416683482834;189.1137064512253;
2,250,False,False,False,1.0,141.47044862602615;57.37056371385765;,243.33477363695653;36.45100325831623;
2,250,False,False,False,0.5,161.13176707344286;,96.1771583572754;
2,250,False,False,False,1.0,86.51855705054517;7.527682658431058;,30.460370246927035;67.32460367397087;
2,250,False,False,False,1.0,765.7592744945647;174.72103568132377;,360.51073219820887;221.94204287303947;
2,250,False,False,False,1.0,94.80061326571749;145.5063224749493;,213.1306767988342;231.48845521419537;
2,250,False,False,False,0.5,872.1884649721769;,354.47182538768504;
2,250,False,False,False,1.0,143.97657224438538;152.92925813154423;,285.025976133568;327.7123029805837;
2,250,False,False,False,0.5,16.94653152744847;,238.95584823373744;
2,250,False,False,False,1.0,229.3648238039907;269.81530978125204;,270.1061616384023;409.4981631466978;
2,250,False,False,False,0.5,237.31953450176658;,84.18974189331682;
2,250,False,False,False,1.0,48.837798378807555;111.56015489489783;,56.08612102698655;361.5225595286278;
2,250,False,False,False,1.0,272.38599056230055;21.11711979381008;,186.5440879989489;201.0912170969736;
2,250,False,False,False,1.0,139.84711088045972;230.4317540746353;,180.5364222685106;280.4904251107403;
2,250,False,False,False,1.0,191.07846520161453;213.45664625433122;,332.97497332358694;167.51496967514967;
2,250,False,False,False,0.5,258.9204192992382;,208.98485540824151;
2,250,False,False,False,1.0,220.68070498640625;103.47957052313608;,39.8877684236142;240.881616270604;
2,250,False,False,False,1.0,112.98067657701365;231.81341167755068;,117.18020211894479;117.18462496698267;
2,250,False,False,False,0.5,169.4515559200983;,203.4011796848195;
2,250,False,False,False,0.5,148.36449466319783;,203.61518416289454;
2,250,False,False,False,0.5,413.80813041476847;,97.00106276568876;
2,250,False,False,False,1.0,167.4072063165029;270.9244192961406;,200.88396704165456;368.0408586991032;
2,250,False,False,False,1.0,138.82229047857555;220.9406343794447;,83.66074182933782;210.406330697924;
2,250,False,False,False,1.0,110.5490717624223;47.130588494004456;,47.572568699701854;184.1120617058551;
2,250,False,False,False,1.0,233.12423956612048;197.48434042132175;,168.95595813398546;65.74298495196466;
2,250,False,False,False,0.5,783.2011566565345;,181.0587624198491;
2,250,False,False,False,1.0,163.6925653836925;116.41781504413059;,269.00868720378924;148.1165351409309;
2,250,False,False,False,1.0,615.2177393020282;449.4260622339201;,168.78971626347337;447.72676525926596;
2,250,False,False,False,0.5,514.0205743981052;,176.46757878240987;
2,250,False,False,False,1.0,200.37597779937033;93.34161427576723;,143.18351363767437;25.79540778508902;
2,250,False,False,False,1.0,114.03338521063885;178.25598535794913;,153.11827108862548;159.21190724064138;
2,250,False,False,False,1.0,408.9035479876244;159.39087123954533;,426.47883507153284;56.12945126951977;
2,250,False,False,False,0.5,224.1462306916906;,385.61293999559587;
2,250,False,False,False,1.0,288.85021125232265;377.12501397003916;,399.10171349085226;367.65775520614415;
2,250,False,False,False,1.0,81.31999754043001;75.33899435428826;,100.1890272660188;113.54197254560015;
2,250,False,False,False,1.0,2055.414024499443;112.60046020444074;,76.3470923374233;66.03064938787375;
2,250,False,False,False,1.0,87.68359119476685;142.36036848190713;,201.90958725686295;230.64679191363766;
2,250,False,False,False,1.0,51.63661376287949;214.29151223504329;,181.23618756474224;106.63520339238215;
2,250,False,False,False,1.0,278.13357219281255;20.76004839124508;,538.7914633734758;49.589201678746264;
2,250,False,False,False,1.0,247.67976785653468;44.128058455904075;,431.4048367934961;133.19721886144683;
2,250,False,False,False,1.0,31.422014215562086;177.60162789923012;,141.0334102171589;174.10419375972157;
2,250,False,False,False,1.0,298.7594697921258;187.1924747140634;,216.58097558089608;221.07652953775158;
2,250,False,False,False,1.0,35.697873565788235;93.938380177835;,92.63130726845988;128.09847273392327;
2,250,False,False,False,1.0,308.70955785345984;447.89921380486084;,531.2011695907386;490.5794210455392;
2,250,False,False,False,1.0,319.5491582680016;391.0284082693527;,265.1024119917962;303.7651108412029;
2,250,False,False,False,1.0,168.64492179527232;180.11116138491963;,28.270611647640187;192.44221156017244;
2,250,False,False,False,1.0,125.20546811539924;340.6091640970977;,506.93841110574795;323.8336960148104;
2,250,False,False,False,1.0,245.454801752154;284.30530423127095;,255.1864028824446;173.57398711934428;
2,250,False,False,False,1.0,187.04511078669393;233.47563582632742;,60.329045456939454;347.7275223548329;
2,250,False,False,False,1.0,312.7887719232976;81.67139494415738;,285.06619252831695;226.09052360606518;
2,250,False,False,False,1.0,83.15096796499812;147.69501004320284;,167.81431472653216;7.1410564795570535;
2,250,False,False,False,1.0,123.15888405791692;137.47066962799926;,141.04986213184125;65.55045300221316;
2,250,False,False,False,1.0,133.29900893540747;228.13013934524648;,152.78220430461292;254.05495428498548;
2,250,False,False,False,1.0,66.38637001836318;257.1796935808821;,74.95615066206936;367.55934879087107;
2,250,False,False,False,1.0,152.19989905810348;35.40646052271;,36.275569849200956;201.00729013049437;
2,250,False,False,False,1.0,121.36008818536268;566.9058589566583;,167.48941996750324;256.55265222640946;
2,250,False,False,False,1.0,332.0353466346626;395.4394744766158;,530.8434037190783;332.52543572612467;
2,250,False,False,False,1.0,109.47011748699636;247.80278326673496;,254.414641936528;246.9607946230266;
2,250,False,False,False,1.0,118.83635671094753;117.89820111650205;,179.55229396980428;165.67128758991325;
2,250,False,False,False,1.0,132.94945418799128;132.27834750081988;,25.781167873676356;174.45987358105356;
2,250,False,False,False,1.0,221.90913962981404;157.28216032029783;,216.47956222902224;126.25225388580674;
2,250,False,False,False,1.0,122.00901726667709;150.92790843401656;,146.80522800400968;152.93769278496234;
2,250,False,False,False,1.0,83.48201440822898;133.85561841744115;,90.63222024843347;171.70911923267957;
2,250,False,False,False,1.0,220.97942562545666;313.09807533712245;,361.4152400307519;186.73527305821798;
2,250,False,False,False,1.0,276.63441379542587;254.542219469496;,267.4714529031274;129.5973851099259;
2,250,False,False,False,1.0,48.320880543205696;226.58703964872663;,147.74642846646051;135.2806041004149;
2,250,False,False,False,1.0,426.1593527917775;152.31626150418487;,275.7990580753548;150.30692085143872;
2,250,False,False,False,1.0,69.66177891364919;161.04647915087565;,61.312132860776416;151.66248894449097;
2,250,False,False,False,1.0,321.35087496945573;534.2572897141745;,301.7638083842353;659.8207042636957;
2,250,False,False,False,1.0,121.73447577711653;345.29117103889627;,298.3081548121131;338.0793427343277;
2,250,False,False,False,1.0,152.5704395224199;47.153021430605726;,300.8527991555318;173.72287798879788;
2,250,False,False,False,1.0,117.55841156566493;159.29749104414316;,125.39061288934242;291.74492240149294;
2,250,False,False,False,0.5,217.4379251791041;,80.89702033374078;
2,250,False,False,False,0.5,160.77701366085228;,263.6693596606478;
2,250,False,False,False,1.0,201.4826706129548;106.62215733126409;,246.82008425564027;59.66119356811364;
2,250,False,False,False,1.0,29.45442427404057;159.59318367769214;,106.04635867089794;172.86914625643806;
2,250,False,False,False,1.0,37.970377058493426;18.261717365761346;,87.86703642375416;53.17784570479872;
2,250,False,False,False,1.0,245.96407934855588;232.28164995782873;,245.18845277151226;239.816592971193;
2,250,False,False,False,1.0,128.4172959089958;190.56681503490253;,346.0215971702954;223.48632070760007;
2,250,False,False,False,1.0,236.77035803875708;2317.2384436772613;,123.22938037608411;281.88556739397234;
2,250,False,False,False,1.0,298.3184292518496;153.79852975676664;,151.0021442329143;151.43520756458875;
2,250,False,False,False,1.0,77.33952323175723;83.01666118961838;,144.77826880922802;177.9095236010424;
2,250,False,False,False,1.0,188.52374200608534;59.9404786378556;,327.62725590976396;67.58349657952141;
2,250,False,False,False,0.5,349.5612897398418;,254.85496691547752;
2,250,False,False,False,1.0,264.48881838889565;147.86221159534495;,326.70235777659263;235.37367420042526;
2,250,False,False,False,1.0,112.02541962084577;194.86509022596601;,148.06822750949215;290.3777204850537;
2,250,False,False,False,1.0,129.14649538797872;39.88116707235455;,343.2525885618034;71.91320273218885;
2,250,False,False,False,1.0,190.25320888566154;172.85457313360487;,363.55665712651864;169.36230397407482;
2,250,False,False,False,1.0,204.46039452363937;150.94664688799523;,164.21967276216358;99.47374744484127;
2,250,False,False,False,1.0,208.89934203034423;214.5777909979461;,102.61159176724728;299.09680143002373;
2,250,False,False,False,1.0,234.76054464664486;390.7305343740695;,100.08702133259953;459.601425460411;
2,250,False,False,False,1.0,282.04639468134235;119.93879967649967;,288.1324565151134;112.61105062416931;
2,250,False,False,False,1.0,124.79288548480605;30.63782795163303;,185.95749573903737;146.37077045659575;
2,250,False,False,False,0.5,177.27133935274807;,223.61479198039714;
2,250,False,False,False,1.0,121.78207128445116;330.4754146417507;,84.7468334190535;556.0935899885731;
2,250,False,False,False,1.0,156.30645073905944;164.8097931517971;,99.25478620080735;160.1624473358226;
2,250,False,False,False,1.0,68.64527325477025;106.87557630233246;,80.81564680587626;266.95804038702056;
2,250,False,False,False,1.0,464.5625108999021;205.17871482125454;,614.3752161561334;320.4620523136626;
2,250,False,False,False,1.0,104.29066822961897;84.38333251771215;,192.21950039964167;80.4264852766103;
2,250,False,False,False,1.0,130.82542605518188;115.58289770524758;,242.37886981344286;46.56884103132521;
2,250,False,False,False,1.0,69.85046475243757;267.1349539188889;,174.57419772875184;279.106743108577;
2,250,False,False,False,0.5,177.5614096574235;,78.05236708425129;
2,250,False,False,False,1.0,162.96112700481817;456.11422437633433;,65.05708498376283;355.3958362587309;
2,250,False,False,False,1.0,181.06621198158297;130.21665868677405;,108.70371018688911;241.8170523039624;
2,250,False,False,False,1.0,147.66237672943004;7548.710913871021;,230.5209524823267;113.1726786454147;
2,250,False,False,False,1.0,693.747789333641;147.839405608155;,538.7830716231226;206.26921826727283;
2,250,False,False,False,1.0,205.943184533259;114.93186739900159;,229.26925686084462;240.25247419395467;
2,250,False,False,False,1.0,337.92897963508517;306.84860454894454;,155.44613902258249;243.98141756356105;
2,250,False,False,False,1.0,26.07105309275876;110.0991542171725;,123.20291546935071;205.35586750889541;
2,250,False,False,False,1.0,209.08347389188327;228.5710021191605;,73.81780641810677;300.0698897965934;
2,250,False,False,False,1.0,194.19772198697126;220.21952319657095;,174.51792438694343;250.69381558143493;
2,250,False,False,False,1.0,220.59224777011877;261.361334204948;,214.68381094952304;81.13962977401484;
2,250,False,False,False,1.0,120.28364291184432;184.52153747110853;,173.49623348261653;193.54454966454313;
2,250,False,False,False,1.0,189.42862513214678;332.62638293733045;,185.82441307334463;199.5691884881241;
2,250,False,False,False,1.0,246.74545523120284;245.22507299348203;,333.37926279373755;332.9961671825426;
2,250,False,False,False,1.0,170.80519771577286;830.0930310756735;,163.69812242334777;136.55291278670146;
2,250,False,False,False,1.0,217.69758982810512;33.38532559884819;,291.0460723826114;163.40182273741837;
2,250,False,False,False,0.5,713.0800901056656;,345.62399956208355;
2,250,False,False,False,1.0,254.16439368014056;93.39258512327797;,247.9135498822951;112.8088483970654;
2,250,False,False,False,1.0,157.1870204852902;1250.4451915442407;,155.26309795592704;617.3132707015853;
2,250,False,False,False,0.5,181.2738904600467;,384.7104511933479;
2,250,False,False,False,1.0,132.13629281533503;87.15324264314329;,181.78188050134582;131.0565630948666;
2,250,False,False,False,1.0,152.553291373973;134.40117018004068;,165.98951561664143;238.53355930259872;
2,250,False,False,False,1.0,311.82661710742286;174.61759049831255;,412.99004963878724;470.2568053971062;
2,250,False,False,False,1.0,105.56729994842645;185.93040239908834;,21.616538046208706;93.57209548689536;
2,250,False,False,False,0.5,113.93446724748581;,131.52965227333758;
2,250,False,False,False,1.0,49.5947394538672;270.2239228415523;,97.58304855397363;146.19858068874555;
2,250,False,False,False,1.0,136.8703519923962;54.77001671882562;,372.1274466257396;254.2126386406585;
2,250,False,False,False,0.5,217.0066663498312;,321.0516698168371;
2,250,False,False,False,1.0,237.04276344648983;34.69869262118877;,167.2094440852141;212.4119172338588;
2,250,False,False,False,1.0,38.77668569654021;89.57723106774131;,118.0317961786151;81.0246073608451;
2,250,False,False,False,1.0,198.9747408088515;100.48495014044593;,88.94114251964858;139.06301005433838;
2,250,False,False,False,1.0,211.46352101418663;4643.353027250829;,158.4244950963565;121.06302525237622;
2,250,False,False,False,1.0,85.18780490116455;214.14501489278578;,137.76327966629736;235.40972963783528;
2,250,False,False,False,1.0,85.13803555207245;124.40363844179558;,143.652922774105;99.44880361467312;
2,250,False,False,False,1.0,130.78237516255757;274.78545711855185;,210.7536663235012;463.606380058801;
2,250,False,False,False,1.0,161.7738829747456;168.27362342126682;,115.09459156889552;176.86957783650044;
2,250,False,False,False,1.0,175.99318165004914;135.78668349683343;,240.98751233151464;159.7446319892168;
2,250,False,False,False,1.0,301.2857715138736;116.8660606911095;,249.84562818871635;162.8587403357562;
2,250,False,False,False,0.5,222.99623454964785;,167.85769977395927;
2,250,False,False,False,1.0,228.23476050178687;215.41065828116052;,234.03629963569884;231.75652607881622;
2,250,False,False,False,1.0,302.0212639104501;248.04744861144178;,325.366501886248;144.93707877911817;
2,250,False,False,False,1.0,195.62313665949839;111.0763732435879;,185.4460166145476;66.55801104114508;
2,250,False,False,False,1.0,87.65650884262352;71.04612315024478;,31.678478254145357;347.84011681092585;
2,250,False,False,False,0.5,90.0043246329952;,83.89892429993995;
2,250,False,False,False,1.0,94.8777867282439;71.73366418226674;,86.1789961658449;246.9125167786077;
2,250,False,False,False,0.5,36.3406248652712;,74.84269746496706;
2,250,False,False,False,1.0,85.00990862956554;102.96518619240528;,183.59683350518068;110.81723266017771;
2,250,False,False,False,1.0,170.3939198967279;321.3039103369963;,188.42656370877242;298.3227731035816;
2,250,False,False,False,1.0,52.145212029512905;96.57929248494186;,105.28564197146338;69.83345647774787;
2,250,False,False,False,1.0,209.19847699768357;91.38060614914778;,169.45595802839455;236.91059530886614;
2,250,False,False,False,1.0,342.94319123055215;287.15921012604593;,310.40212549208456;428.2748300044611;
2,250,False,False,False,1.0,100.07000197761224;234.64709962613773;,272.18414910589854;226.38614999392513;
2,250,False,False,False,1.0,278.41284266833577;201.07669531820466;,450.8657867288213;193.45662460154693;
2,250,False,False,False,1.0,136.4142284295428;33.73726464553407;,99.9149694650778;223.12586342163198;
2,250,False,False,False,1.0,54.377651724485446;172.94355256261605;,130.9243855917158;291.1983037608398;
2,250,False,False,False,1.0,98.4112352029664;106.00814424087169;,164.92119035064687;368.17943168827213;
2,250,False,False,False,1.0,25.46072777586914;242.17095380616985;,41.69572292536144;264.6453644429285;
2,250,False,False,False,1.0,118.07801377396603;136.23875077998736;,121.26302190919846;96.16234488037077;
2,250,False,False,False,0.5,619.4729415850479;,293.5805191985108;
2,250,False,False,False,0.5,132.00101211496187;,99.3033618702256;
2,250,False,False,False,1.0,318.8125052093214;235.993880532068;,271.7389742673683;203.4560171231773;
2,250,False,False,False,1.0,90.07746537438045;232.47607753555974;,162.59881306579496;71.70213825685704;
2,250,False,False,False,1.0,112.63232231553745;103.4010803858235;,58.49549544118615;112.75909003771902;
2,250,False,False,False,0.5,288.17522698082536;,36.02180549947967;
2,250,False,False,False,0.5,210.5353298056398;,424.9873424418364;
2,250,False,False,False,1.0,153.69364178798563;166.45257980432427;,418.1787010437171;217.68795130662107;
2,250,False,False,False,1.0,124.59162510698168;130.13378935385026;,123.65647534469882;70.19639037117034;
2,250,False,False,False,1.0,176.14065363795092;15.999595031020485;,163.25470659659197;118.85499595865379;
2,250,False,False,False,1.0,393.31004590966575;60.79350528666346;,144.9779098037652;88.92491403217508;
2,250,False,False,False,1.0,237.8578000587376;259.67255659697395;,30.486785319161935;279.2887137870093;
2,250,False,False,False,1.0,323.1493975151362;270.8438216570796;,357.67123161731445;347.9521068687264;
2,250,False,False,False,1.0,137.98512895830973;499.2081212381139;,224.47024184869298;543.3498340746036;
2,250,False,False,False,1.0,56.04379107278615;413.0871272944485;,68.7671481798243;171.44549144817486;
2,250,False,False,False,1.0,124.30836664556672;522.1637389310948;,54.38701086711245;316.696466976082;
2,250,False,False,False,1.0,45.442375033385666;352.41909116233927;,189.60675730955975;74.2066025195348;
2,250,False,False,False,1.0,104.11858705776356;161.6041478237475;,165.29172532525112;356.6607273199406;
2,250,False,False,False,1.0,178.5122623910779;223.4910334298054;,356.7205745399366;161.6941020459607;
2,250,False,False,False,1.0,341.49736608557197;130.96931092353867;,227.20230590984795;207.69773558597228;
2,250,False,False,False,0.5,249.9177361771918;,106.73526175311136;
2,250,False,False,False,0.5,139.17618182068372;,69.4718069724526;
2,250,False,False,False,1.0,38.86220470992839;444.1037171277833;,108.86701779410836;387.37170007218305;
2,250,False,False,False,1.0,196.8532495126528;49.082852718879636;,189.7841622285656;111.97660961799026;
2,250,False,False,False,1.0,164.70878663238784;125.15353207950604;,168.09162122402338;165.45559288401546;
2,250,False,False,False,1.0,106.72608350993394;158.24727676668522;,202.86671055207924;132.9010712336697;
2,250,False,False,False,1.0,328.078269341148;79.58024455206565;,267.8792635050408;96.48754448607068;
2,250,False,False,False,1.0,211.40972835528797;138.9845812061907;,385.0063868090647;331.0187659682347;
2,250,False,False,False,0.5,34.34310147967634;,45.03456471562381;
2,250,False,False,False,1.0,68.48209026894385;192.700481197626;,405.55617637590797;273.0586161368697;
2,250,False,False,False,1.0,140.31024063910255;337.35807455073035;,229.6862663602588;347.87815926498473;
2,250,False,False,False,1.0,188.37430664250886;192.00942909849374;,278.3396626764767;360.88479560548825;
2,250,False,False,False,1.0,122.66741071749134;156.50385061613798;,126.39314839235634;77.8251488070516;
2,250,False,False,False,1.0,49.41372781286996;52.69908732865735;,28.551249985909234;280.754711208395;
2,250,False,False,False,1.0,48.471436502719705;146.67851034497716;,151.01428146512484;90.60614686889845;
2,250,False,False,False,1.0,105.6172515752793;325.00071738056766;,176.2742506526675;377.12483617390563;
2,250,False,False,False,1.0,29.429296540102744;107.34822126667979;,218.9084371755205;186.811834750944;
2,250,False,False,False,1.0,371.7751972273862;99.39217553454401;,320.6903486398999;107.80196207881816;
2,250,False,False,False,1.0,75.61767167962033;2461.320304680708;,194.33363894646442;269.06793674711525;
2,250,False,False,False,1.0,228.3903947493106;197.67565607165312;,159.43933531680153;162.42852327266823;
2,250,False,False,False,1.0,151.7584361757081;249.785520705815;,60.360646010409695;77.10318017033181;
2,250,False,False,False,1.0,155.55832322583484;143.34410715637645;,403.5111133135021;137.0127079766291;
2,250,False,False,False,1.0,289.090623885591;177.43692531941147;,178.13822915583773;168.71399806871653;
2,250,False,False,False,1.0,289.5160227575258;192.8168433534663;,123.23482204497877;352.58293307629475;
2,250,False,False,False,1.0,43.29109008610975;224.2211705196153;,192.5824337614931;370.8307068148983;
2,250,False,False,False,1.0,198.31555372877241;207.57663288425704;,193.43665677304057;270.79427105997974;
2,250,False,False,False,0.5,416.85702215075395;,109.15273430639888;
2,250,False,False,False,0.5,304.6862800764;,93.48846061096384;
2,250,False,False,False,1.0,124.90913688034819;104.49025951266344;,116.23125988361109;171.66284345584003;
2,250,False,False,False,1.0,93.00164959107211;214.38492207690297;,112.8316738411076;77.43637259646648;
2,250,False,False,False,1.0,38.302617011074126;484.7539072000647;,118.72501293501361;324.0227586595058;
2,250,False,False,False,1.0,29.373038724490318;472.45861686533243;,133.64422469936315;363.57025703464393;
2,250,False,False,False,0.5,281.72756750286067;,81.61500928795309;
2,250,False,False,False,0.5,196.61582898244916;,206.22377498830426;
2,250,False,False,False,0.5,286.96736438604154;,282.3763789834265;
2,250,False,False,False,1.0,259.377134590665;313.28505932630515;,233.289898268713;248.1567870435604;
2,250,False,False,False,1.0,107.71281149174732;237.14542012481343;,33.46127268557793;192.02125073330518;
2,250,False,False,False,1.0,43.20299707010332;165.21926622173675;,68.2181387165848;133.04215960244096;
2,250,False,False,False,1.0,17.00216759011482;122.47979446802476;,171.14881220380715;310.37316846713895;
2,250,False,False,False,1.0,110.97614564987312;171.97446545956356;,68.94171132406474;197.8638993212358;
2,250,False,False,False,1.0,107.90211655612018;129.29701841422295;,150.60226417081472;130.32870080435737;
2,250,False,False,False,1.0,299.5702759973582;107.2597461083675;,252.09464200630686;96.4364850398311;
2,250,False,False,False,1.0,152.30268546194284;114.57085358740919;,145.7100657702487;150.51645585650948;
2,250,False,False,False,1.0,18.85599342691224;155.39279114197862;,61.03670058763336;140.52789580514462;
2,250,False,False,False,0.5,532.6521597430338;,191.32314947320907;
2,250,False,False,False,1.0,159.13539792220197;101.53541846438831;,113.3256897984271;99.83565658514424;
2,250,False,False,False,1.0,237.39252897096526;106.67384681710892;,128.10650541580358;259.6265266708285;
2,250,False,False,False,1.0,445.6238254881653;143.5174245593168;,125.89455688465875;281.80306007109857;
2,250,False,False,False,,,
2,250,False,False,False,1.0,101.99099636407483;26.347146185018634;,186.6494420212467;93.44918587427125;
2,250,False,False,False,1.0,11.108952876762377;266.022876484112;,206.7956577884597;288.89070294170085;
2,250,False,False,False,1.0,213.96273150869396;235.97962356814656;,276.45240854416755;232.97987941462148;
2,250,False,False,False,1.0,42.68614341002792;126.7838565936136;,187.3951452218053;256.3056357268222;
2,250,False,False,False,1.0,163.2096086270194;122.45966543672911;,203.85697372628363;373.48452237347135;
2,250,False,False,False,1.0,81.434380490101;242.78845575085586;,179.40233309442945;218.51073123759727;
2,250,False,False,False,1.0,92.09378726377555;429.67560128013554;,109.17277153942743;426.5174400711744;
2,250,False,False,False,1.0,167.0253577446896;101.32758623216228;,320.4609793997939;176.1518853615757;
2,250,False,False,False,1.0,236.14304774653507;65.2130226297615;,251.43768840887395;89.6424459739509;
2,250,False,False,False,1.0,61.74777460311313;367.29992890544355;,85.84444829750105;625.2612821189514;
2,250,False,False,False,1.0,122.70460753534948;61.2592918300571;,97.67271705207209;51.23707472362444;
2,250,False,False,False,1.0,100.16091880398558;54.76029950946171;,10.434261526247756;157.09884301730312;
2,250,False,False,False,0.5,102.89006703269237;,114.11637878911431;
2,250,False,False,False,1.0,399.5258511604187;153.5906576181245;,545.2410644173141;115.59740898158124;
2,250,False,False,False,1.0,144.6226761682803;196.50193002377645;,123.63841094585693;61.92154162789434;
2,250,False,False,False,1.0,546.3443580059264;282.3840778050986;,480.86757713686853;239.8629976141311;
2,250,False,False,False,1.0,195.7681167063048;183.34121788050047;,78.51384297448698;139.3792659370781;
2,250,False,False,False,1.0,239.62186951746074;182.69627543613976;,209.65833915678706;235.2561175089919;
2,250,False,False,False,1.0,172.57846450645107;315.8969548404774;,133.3711568503487;257.3545345715158;
2,250,False,False,False,1.0,79.31899567854477;240.76956659637702;,59.63062775789243;293.41266396114054;
2,250,False,False,False,0.5,428.39788517965195;,110.53747982032213;
2,250,False,False,False,1.0,153.65304198145702;100.52647030705762;,104.85144086862232;276.12314342627883;
2,250,False,False,False,1.0,67.09606969935282;102.10183926821821;,158.2309016315077;50.36285325212231;
2,250,False,False,False,1.0,141.572773719118;217.67309910359646;,238.21464931704912;283.7309970887926;
2,250,False,False,False,0.5,273.71522957479647;,154.795228481158;
2,250,False,False,False,1.0,308.8776978723432;94.67578048851743;,156.5086618988659;85.02656914043678;
2,250,False,False,False,1.0,396.4452404526912;1726.2912868722103;,111.38706213089112;53.10447649569145;
2,250,False,False,False,1.0,192.61166867385754;156.948370560459;,64.09841387185891;204.68586586299503;
3,250,False,False,False,0.6666666666666666,93.20683178019951;67.76740223712059;,116.1449421091905;156.85350413968004;
3,250,False,False,False,1.0,234.3223599258888;77.7077708438332;212.8701327536584;,234.59938262865242;146.01200768716475;234.89146132604657;
3,250,False,False,False,0.3333333333333333,37.04850453821305;,103.17817723951363;
3,250,False,False,False,1.0,168.3281088747781;139.0988863498168;120.27337306461338;,254.3116530041813;193.99987500853598;81.92056637819655;
3,250,False,False,False,0.6666666666666666,180.80572091151078;234.84092902371816;,232.04954820379515;232.7416724068555;
3,250,False,False,False,1.0,189.07934182577006;98.33124351894988;167.46590193559408;,104.60054659315658;231.62936351172863;135.62718907699767;
3,250,False,False,False,0.6666666666666666,319.66627943940045;253.69286017333224;,477.0419928910778;235.86655865310848;
3,250,False,False,False,0.6666666666666666,123.63343811804776;150.48517772252777;,164.1121392677223;106.2187152031398;
3,250,False,False,False,0.6666666666666666,40.06041349720003;1062.5700920308411;,150.0774034771344;222.36407219294122;
3,250,False,False,False,1.0,84.68998516680995;157.96877976395717;280.80929841048203;,61.78191388076822;171.35369611109044;207.67379837817342;
3,250,False,False,False,0.6666666666666666,156.7510522472608;4764.096463235982;,182.73156984580893;105.69533695168894;
3,250,False,False,False,0.3333333333333333,327.7940425894053;,112.35748668987864;
3,250,False,False,False,0.3333333333333333,162.6331767508174;,87.36973352004706;
3,250,False,False,False,1.0,682.5159354421104;256.8291877831503;160.92074414957426;,487.5255568755466;310.42179458297716;121.30156760799842;
3,250,False,False,False,0.6666666666666666,570.2221022590606;328.14776267023007;,279.3953031479748;180.24346081752282;
3,250,False,False,False,1.0,208.26743216540706;394.22997277436326;374.550246599743;,315.89626873025793;394.8098230631601;132.317421364171;
3,250,False,False,False,0.6666666666666666,293.4352764102319;3704.87759100717;,300.61249841044526;263.17095444572453;
3,250,False,False,False,0.6666666666666666,475.02615932142766;171.51589939876936;,265.84649340588885;218.36821498606574;
3,250,False,False,False,1.0,171.2771714600052;188.26177064828224;326.7523847516846;,204.8317806179834;195.39401488622647;359.69625081877194;
3,250,False,False,False,0.6666666666666666,189.98424201382215;113.20315283966359;,348.55752138029135;175.13608101008455;
3,250,False,False,False,0.3333333333333333,293.1548893358159;,213.198786217395;
3,250,False,False,False,1.0,188.8087440259337;267.10464168441126;225.88240707176183;,70.28334985997031;202.00240810818568;220.8251084492937;
3,250,False,False,False,1.0,51.00561355301621;160.95583840276404;229.75244517900816;,11.625210077076352;133.48938253717057;475.42454878702193;
3,250,False,False,False,0.6666666666666666,125.60515405455858;108.20996618483832;,406.86592922517855;65.07050523671928;
3,250,False,False,False,0.6666666666666666,342.99119689823215;21.11450600571956;,218.7976161692833;147.5742853690592;
3,250,False,False,False,1.0,143.73467964044434;262.2886604152743;17.539838063390153;,240.08958277014125;313.79875013192645;106.93876840143572;
3,250,False,False,False,1.0,78.44923464352586;136.7444375409839;164.32944756976488;,178.7211930160461;192.74363863487224;168.96927084447617;
3,250,False,False,False,1.0,54.040180841331804;69.73882603514106;144.1931949052725;,77.19727474678422;157.32541297441503;77.72314248436746;
3,250,False,False,False,1.0,7.171565276712391;258.71765498604105;243.6034972365574;,203.8026071234915;85.69197083911887;347.05274934439785;
3,250,False,False,False,0.6666666666666666,104.03709633751802;4178.142929704413;,85.09469492332165;61.1216210061649;
3,250,False,False,False,0.6666666666666666,47.73173978640748;958.5329792769057;,275.2123008339612;590.1502565793907;
3,250,False,False,False,0.6666666666666666,205.55282078683769;2837.1287677672817;,294.4168174111761;206.9516242852402;
3,250,False,False,False,0.3333333333333333,343.191688345738;,94.79142516137979;
3,250,False,False,False,1.0,142.61791356669121;190.67851456893595;118.053135529913;,286.0507459610126;279.6554697956568;156.5483211639148;
3,250,False,False,False,1.0,190.65582699676514;121.22329442135909;91.06671306768557;,194.76990362373198;42.072534335480405;112.14524110171712;
3,250,False,False,False,1.0,111.95423311488638;167.1882635407538;113.8681641572559;,132.06527609368314;196.8997884858832;138.7613725981097;
3,250,False,False,False,1.0,61.794021380714284;290.1831601832275;373.0809169331111;,115.4181353604251;160.63903304262237;143.85412574971937;
3,250,False,False,False,0.6666666666666666,148.84107723770848;304.7098660806026;,142.78024302310794;82.26218632764869;
3,250,False,False,False,1.0,75.40651145190068;136.16616441744327;97.75175129420664;,175.1996915223542;135.33637124160305;196.66513679260353;
3,250,False,False,False,0.6666666666666666,131.55464392682873;254.78442935418076;,30.727884233542383;294.68653523137897;
3,250,False,False,False,0.6666666666666666,345.0493264185679;5612.158029795713;,237.73060856905948;191.85733544325046;
3,250,False,False,False,0.3333333333333333,208.6406306462644;,80.60027073299662;
3,250,False,False,False,1.0,175.66562680289942;185.763188782887;200.14471788594173;,206.26801962050484;181.67613383815797;198.27303922629036;
3,250,False,False,False,0.6666666666666666,31.411481628364204;1644.8053198469843;,116.04377410523392;183.5936572046581;
3,250,False,False,False,1.0,236.00876266449194;368.4864033014663;195.89144644815553;,169.51196749347238;115.96998901542165;123.47044410866621;
3,250,False,False,False,0.6666666666666666,143.70450660848516;152.8456893480376;,104.86190572648273;248.51755448627202;
3,250,False,False,False,0.6666666666666666,170.72054205016045;96.65894205531802;,223.47459906964272;151.27208707539765;
3,250,False,False,False,1.0,82.43356649456376;144.3650064478735;175.46198173766234;,101.5263819487584;195.41221781355594;161.78507744525126;
3,250,False,False,False,0.6666666666666666,315.16741870684507;6945.29644217505;,439.3034923946988;167.1148805098365;
3,250,False,False,False,0.6666666666666666,372.1526019222803;212.12507981941494;,319.9428123194812;47.216911413550285;
3,250,False,False,False,1.0,144.65290936103705;71.2173506879817;77.18945220532113;,106.03284804390447;111.58191841268479;77.54213927203368;
3,250,False,False,False,0.6666666666666666,167.14086044377197;4373.768538015373;,189.91595615102915;120.84119250422366;
3,250,False,False,False,0.6666666666666666,551.7914238704315;541.1459814496509;,158.77424943091876;288.1036810484688;
3,250,False,False,False,1.0,97.91144083588037;40.123994923819716;126.66738124273455;,144.95561598628828;142.28268960870608;183.42428991619744;
3,250,False,False,False,0.6666666666666666,82.05680079247605;112.39118012181545;,155.44510167662642;143.58902541487006;
3,250,False,False,False,0.6666666666666666,249.69616181732184;208.41296086431757;,167.65532755824884;126.13047119249536;
3,250,False,False,False,0.6666666666666666,211.63312704890689;48.7005347143781;,191.46917019598976;78.81424123203563;
3,250,False,False,False,0.6666666666666666,111.2439185932845;25.121414649211527;,394.93805543823055;145.22118148810745;
3,250,False,False,False,0.6666666666666666,65.68846868020822;151.25602394393485;,136.2134859856266;156.10235838442316;
3,250,False,False,False,0.6666666666666666,939.410068607438;216.83029691261115;,92.71563321776165;152.03132359763168;
3,250,False,False,False,0.3333333333333333,631.9522833082108;,190.43149420058316;
3,250,False,False,False,0.6666666666666666,157.48039102479413;1341.1693427518169;,216.65193247487775;272.2648971437795;
3,250,False,False,False,1.0,158.76370315331965;375.6401607981426;360.01825916552417;,422.25509689626523;412.158108739866;311.11051032027933;
3,250,False,False,False,1.0,37.66682905340043;122.39034074016557;154.78589854062946;,289.81933243601264;101.17144756866556;188.896721846119;
3,250,False,False,False,0.3333333333333333,681.9300391267436;,228.87578100034625;
3,250,False,False,False,0.6666666666666666,142.0615812147127;396.25515195356996;,133.56518513420474;210.32790070333988;
3,250,False,False,False,1.0,32.89854070512135;128.88555506023263;258.6194856325512;,161.12628278041277;201.23497686831462;227.17732181232597;
3,250,False,False,False,0.3333333333333333,104.07830250082604;,104.46276589548954;
3,250,False,False,False,0.6666666666666666,246.73540526500392;5531.596211292763;,262.7940250179796;55.7445282095577;
3,250,False,False,False,1.0,307.51027172244477;232.37820649600792;429.0879524408914;,241.74349910069313;306.48056126237583;164.00389398344637;
3,250,False,False,False,0.6666666666666666,310.5297832820761;200.1242889912514;,284.9708738013376;226.92635175497298;
3,250,False,False,False,1.0,55.647561258359275;336.7442230012013;413.6851380421022;,83.44611820874746;209.3797657253096;359.4832148847169;
3,250,False,False,False,1.0,264.40704069884026;162.06675380614897;127.42133493509529;,246.86981189805914;300.04465373945305;28.193972095741692;
3,250,False,False,False,1.0,259.95569649882486;36.21737721847119;150.6681056457491;,262.6381679211483;205.85950553616019;113.43060018638955;
3,250,False,False,False,0.6666666666666666,294.5024358556351;91.8108588598592;,178.68913998234075;124.99509600709143;
3,250,False,False,False,1.0,43.07417424356318;201.60726076418473;470.8159949847848;,309.2783717949016;213.1851493455238;685.2941646296848;
3,250,False,False,False,0.6666666666666666,258.615271560007;65.19329399237714;,296.3384115887329;72.51149756510621;
3,250,False,False,False,1.0,149.9628575272509;259.67209490932885;103.29748077064741;,63.726789750627596;338.8835439705246;304.4666903944513;
3,250,False,False,False,0.6666666666666666,64.15370567935149;510.3734378811617;,248.55162363383988;149.55745822471195;
3,250,False,False,False,0.6666666666666666,85.10769218081582;280.1590853947192;,71.93465216411663;367.9816637589954;
3,250,False,False,False,0.6666666666666666,201.97415695932614;304.3300516576476;,143.10204792498732;414.7354328018792;
3,250,False,False,False,1.0,303.9301645948234;231.6999961587507;273.08216403418965;,193.199448357832;292.4923177401255;297.7464109411308;
3,250,False,False,False,1.0,137.90352278760838;83.55105972056012;145.17097185285996;,119.37528205264573;110.0531247631021;168.50823737010037;
3,250,False,False,False,1.0,335.1997633248931;271.923299072466;256.3408342667386;,175.6402101244287;202.7208604750592;83.41985994410798;
3,250,False,False,False,0.6666666666666666,155.69935300427375;1988.6734474032226;,123.86351172468069;311.6519086619801;
3,250,False,False,False,1.0,215.9495571161978;43.42416798522234;205.9842085529027;,130.58479616202888;105.7281870251058;109.74890768207364;
3,250,False,False,False,1.0,71.61664504669413;98.41437149594125;237.26624720208994;,170.9511005215026;206.72833715735027;100.52344693493008;
3,250,False,False,False,1.0,70.07002410648543;181.6566522064655;123.34216792497563;,226.79444011395896;334.081499127541;139.0504749129426;
3,250,False,False,False,0.6666666666666666,413.82016992736914;662.4049876833795;,560.4064930195428;83.91928105558156;
3,250,False,False,False,0.6666666666666666,121.31794052778626;145.38438369494284;,155.6490310805956;118.65593946138097;
3,250,False,False,False,0.6666666666666666,81.15835058232916;73.56220006424871;,171.3277688425817;245.1106709383706;
3,250,False,False,False,1.0,57.661699132664204;246.2339665381789;93.34878819070875;,73.20069594193649;67.5607599534137;297.8128505928746;
3,250,False,False,False,1.0,256.19078960810657;148.38216454922764;177.68307864514205;,313.8143102699633;46.15833866134082;172.43515056503585;
3,250,False,False,False,0.6666666666666666,129.09427938476438;384.0113709517506;,80.22635913955435;262.6793977331044;
3,250,False,False,False,0.6666666666666666,267.8032891383614;62.43786096966214;,170.59704860637314;80.75264296490555;
3,250,False,False,False,0.6666666666666666,109.05459367440895;4402.490245077437;,29.66283495553959;426.04876532807623;
3,250,False,False,False,0.6666666666666666,262.23740564485234;3949.956636084323;,267.4850134803069;129.05950992870936;
3,250,False,False,False,1.0,183.85321710919837;308.0999635584018;39.47197072969109;,269.60234578925474;310.6467046402503;177.512345569953;
3,250,False,False,False,0.6666666666666666,205.7554385071617;134.15697844048222;,198.5529979805043;122.44030355825358;
3,250,False,False,False,0.6666666666666666,312.01439288086374;177.5268095293702;,352.1872532546399;414.27717768516317;
3,250,False,False,False,0.6666666666666666,129.7247214887379;257.71969625290455;,264.59595414735065;305.28079776270897;
3,250,False,False,False,0.3333333333333333,31.33127796934939;,115.3852072516468;
3,250,False,False,False,0.6666666666666666,276.1992779192696;1423.1298208712374;,227.63895832795936;129.16908279638542;
3,250,False,False,False,0.3333333333333333,132.4261780652485;,101.75618549728527;
3,250,False,False,False,0.6666666666666666,88.45898603914557;110.97387293711121;,274.49612468431167;145.7828656073813;
3,250,False,False,False,1.0,99.24737000910034;86.66737971073636;274.8709553372704;,132.4263710143718;104.17150519719318;317.3828433705184;
3,250,False,False,False,0.6666666666666666,118.03282507581251;198.40707083326748;,21.158513484675993;201.21950864008377;
3,250,False,False,False,0.6666666666666666,1594.9699185505026;487.3610185107527;,200.0053357171048;382.68910051760355;
3,250,False,False,False,1.0,66.74120473688981;285.19617314083143;168.05540283960818;,132.4581107603055;229.15975051768854;61.93852629156835;
3,250,False,False,False,1.0,194.68654939713662;22.32006104993588;336.937255526858;,147.04452189690514;263.2471693342187;195.70514385316116;
3,250,False,False,False,1.0,212.50694620483515;206.3881713298064;590.5214252153536;,289.975254571351;233.96098004845038;279.2073690490191;
3,250,False,False,False,0.6666666666666666,232.38788182440746;353.2818378385092;,48.669380597467764;222.95232147898648;
3,250,False,False,False,0.3333333333333333,1710.0573956957116;,190.32705557474537;
3,250,False,False,False,0.3333333333333333,1004.1317636869388;,125.99849323267622;
3,250,False,False,False,1.0,197.90397636153227;111.72165837522807;378.9371255518628;,177.3191635689327;162.20640435822543;600.387691500618;
3,250,False,False,False,1.0,186.9722374213628;148.32033746311404;193.64321270146894;,190.77811046050707;283.6076876068801;291.34159492364194;
3,250,False,False,False,0.6666666666666666,40.45533233770123;146.28196874333128;,109.40032626965761;326.98615789784077;
3,250,False,False,False,0.6666666666666666,252.78119553006343;36.44840092713886;,287.02201498082513;70.0262487879782;
3,250,False,False,False,0.6666666666666666,51.677223287370744;230.65784048107307;,161.3308912195582;218.61955617152395;
3,250,False,False,False,1.0,131.94659795870658;97.74422128544302;493.1426832983235;,167.20633576462436;49.997102132995145;290.033389879767;
3,250,False,False,False,0.6666666666666666,89.74989840693466;242.21304370213898;,249.12390917135087;281.1891401273792;
3,250,False,False,False,0.6666666666666666,65.52443282124156;217.0600262182728;,245.8879701123475;234.41049723957636;
3,250,False,False,False,1.0,371.0948993250032;203.66621555644682;321.73907485559545;,533.5614123229863;263.0086313290684;357.3565750629736;
3,250,False,False,False,1.0,157.78864194702973;297.5264546199702;145.48092832593485;,194.13934814766196;279.88560929772586;343.73848408027993;
3,250,False,False,False,1.0,190.68128925121255;136.98078957899276;120.17237308779924;,230.5920432582762;324.02208472541395;190.67719437713095;
3,250,False,False,False,1.0,523.9322786091066;229.67276589007295;213.24586471689355;,406.4786382612753;243.4624777402231;253.0476402025946;
3,250,False,False,False,1.0,38.163185761691686;45.209516415242064;572.5874466221935;,220.00714164584932;60.398210946905195;261.38800164565356;
3,250,False,False,False,0.6666666666666666,49.561463761074656;853.2689880981056;,189.23673552934054;275.60866542242786;
3,250,False,False,False,1.0,341.2774577630277;197.00932661717067;254.9278289790732;,286.09969391720614;368.2574673206044;348.8335942789543;
3,250,False,False,False,0.3333333333333333,259.1162879957122;,126.30964681457557;
3,250,False,False,False,0.6666666666666666,578.229167712694;247.61543882150355;,172.84930060917011;293.8210792433006;
3,250,False,False,False,1.0,135.7032558957225;142.98850334519713;313.88752161766377;,337.2545005892292;132.40406655203557;63.87101745328418;
3,250,False,False,False,1.0,164.93016904278184;90.16010782761062;185.8435037405666;,144.47222290064965;267.49834349807804;103.4405515757608;
3,250,False,False,False,0.6666666666666666,172.12395505546235;257.49024167376587;,100.67893807106249;204.55145146079022;
3,250,False,False,False,0.6666666666666666,1325.6252016902738;365.55599813197284;,314.4064946428761;185.18875834485644;
3,250,False,False,False,0.3333333333333333,15.09458722513217;,107.84679805363618;
3,250,False,False,False,0.6666666666666666,83.02247231794487;227.65937978560538;,291.16855839284074;220.1540574137479;
3,250,False,False,False,1.0,83.72066458738287;101.3886571312039;172.30387363073618;,131.17664662173055;154.8627681533784;321.7370606569945;
3,250,False,False,False,1.0,243.62271714490484;138.24871858723284;540.1350044916672;,226.82767092007057;313.3720742907836;368.9990589354368;
3,250,False,False,False,0.6666666666666666,205.1868199339193;76.37917917727755;,151.8608258900914;127.5854168294512;
3,250,False,False,False,0.6666666666666666,57.88421346292944;275.1649972885437;,83.11970626530433;154.13309374109357;
3,250,False,False,False,1.0,192.27607348916288;327.0445877978003;192.46942257861605;,194.07495955468193;294.3002408084597;279.3125206549926;
3,250,False,False,False,1.0,116.9886676079575;258.80557448495716;292.15719669060474;,136.79567549460782;229.39299240589713;247.3295041855272;
3,250,False,False,False,0.3333333333333333,949.135705692906;,176.89722395582598;
3,250,False,False,False,1.0,71.76100719187309;201.7376622855055;119.04414027800593;,77.30791087161485;226.8091314968181;201.58423513654785;
3,250,False,False,False,1.0,32.303697115484844;8.861591035462691;85.72779202580143;,71.32925122512415;216.60641944268087;79.12676646376063;
3,250,False,False,False,1.0,116.54223727908358;122.41991430047696;192.17690423111006;,47.140582510126805;268.96135539966;98.7859271012491;
3,250,False,False,False,1.0,40.17272068560149;117.66611626931063;56.82620518743775;,25.153188009168677;215.8035825361616;57.31469514552881;
3,250,False,False,False,1.0,164.26369172253035;23.604118040517946;249.06979399753172;,355.4991213553339;97.56572284779047;182.45959947122628;
3,250,False,False,False,0.6666666666666666,667.490828919003;281.31912016968937;,172.44898992821894;312.91909834026416;
3,250,False,False,False,1.0,27.356838120114574;444.83984384436417;195.50637763852276;,186.83022385361215;234.3948040707858;99.88996691818362;
3,250,False,False,False,1.0,85.60857025135601;73.49776576917822;85.4243285016837;,161.77900857140128;163.9297179693215;273.709694225371;
3,250,False,False,False,1.0,246.88210850790875;37.367676516494086;89.60472675086983;,490.4658042736448;111.29142913923812;69.91311779747018;
3,250,False,False,False,0.6666666666666666,278.952016835263;639.4728759300242;,136.9776960722601;49.465186171278354;
3,250,False,False,False,1.0,375.165412679704;94.83783504466467;1239.4231819241245;,62.85671468021632;141.15942017435506;260.4103237998039;
3,250,False,False,False,1.0,166.16537827089792;84.26938710852242;223.7285611352792;,168.62045163318504;286.05095311014963;178.15791145074826;
3,250,False,False,False,1.0,127.67426392251707;192.88829279429305;327.2766100188207;,189.57263839233363;165.12467919111438;365.9795935123856;
3,250,False,False,False,1.0,52.84098903312996;255.28604557592803;106.22623486664436;,132.64567547299487;174.7696989616648;184.7016627362077;
3,250,False,False,False,1.0,163.34318815034686;142.0833536861977;98.23365093492826;,223.70219855576755;191.33095736112037;213.50142695350513;
3,250,False,False,False,0.6666666666666666,162.6222200886973;4030.9854660829287;,207.88315075161245;202.96754704209374;
3,250,False,False,False,0.6666666666666666,306.98130363140467;1652.3132192528005;,291.2086933465277;453.5780356904663;
3,250,False,False,False,0.6666666666666666,179.47792455725912;180.11611814419084;,117.62603879521744;261.9767947527678;
3,250,False,False,False,1.0,117.82692467055999;373.30625878166086;76.70758455691052;,156.07304662699715;484.9547860087924;66.57345613119763;
3,250,False,False,False,0.3333333333333333,513.0023073802712;,98.73924414371083;
3,250,False,False,False,0.6666666666666666,274.8372046758684;244.56824667301632;,228.1373817329536;230.76861693879752;
3,250,False,False,False,1.0,242.78974219586283;252.5805718479731;203.69030636408553;,4.288563340979334;136.2935499725271;286.4952719882742;
3,250,False,False,False,0.6666666666666666,186.58079973231213;376.75645834453036;,296.8733884156842;529.2705469341115;
3,250,False,False,False,0.6666666666666666,141.22978591768958;90.6805827436111;,219.1172342856082;129.56351841775108;
3,250,False,False,False,0.6666666666666666,274.494608200746;151.8276280178845;,204.57617874521435;135.81671467233704;
3,250,False,False,False,0.6666666666666666,131.24689480022033;2601.2913885340313;,212.83198273844735;305.22857565442956;
3,250,False,False,False,0.6666666666666666,108.8320779318434;4280.838330706232;,95.09842680108738;66.84579997669815;
3,250,False,False,False,1.0,208.3704320776291;94.65268307806858;121.51839700808276;,214.33974221760178;224.18312793118767;299.4676027315336;
3,250,False,False,False,0.6666666666666666,89.34545313645364;3283.993545092704;,135.01181017720387;280.4080471829925;
3,250,False,False,False,0.6666666666666666,56.956897377757805;169.90687477465917;,70.8420388140084;257.70467030785636;
3,250,False,False,False,0.6666666666666666,313.9234082158731;121.52227274521236;,288.0963965284219;83.82358027810844;
3,250,False,False,False,0.6666666666666666,133.3549367251441;252.9651688093528;,189.06170829436084;485.9322481722735;
3,250,False,False,False,0.6666666666666666,112.10264107283349;774.7845947594933;,176.00813250338794;242.37872155654884;
3,250,False,False,False,1.0,118.59746935481184;190.45204474999704;128.1392595732113;,162.45312435827128;114.27685436861202;64.0543659592051;
3,250,False,False,False,0.3333333333333333,2126.3749831194814;,601.2345605169965;
3,250,False,False,False,0.6666666666666666,193.16598243567356;403.91672770622614;,266.8262998261132;79.14519142798714;
3,250,False,False,False,0.6666666666666666,168.22920159287818;86.0031404868461;,81.26630541993887;250.82176658507765;
3,250,False,False,False,1.0,328.9491870066355;389.0878842222705;501.4510372080914;,433.3361346616078;404.1122365034174;253.35822751190193;
3,250,False,False,False,0.6666666666666666,107.34594579338237;670.8056786325931;,88.88572918610132;294.8082947024126;
3,250,False,False,False,1.0,21.467864171087044;52.46655011067278;199.85798949078597;,77.27521798624079;67.63250411918285;188.8415259494065;
3,250,False,False,False,0.6666666666666666,85.3147933464797;1252.4025699155475;,160.94019798338235;162.5783068226706;
3,250,False,False,False,1.0,201.1964081032152;54.51756265190083;204.97136264775654;,397.8601636042687;386.86258823668715;324.94614890785294;
3,250,False,False,False,0.6666666666666666,111.65162133631338;4082.772578552961;,379.4338650451297;321.00739706390164;
3,250,False,False,False,0.6666666666666666,283.2375919388165;102.96046383748734;,237.52413325801527;59.87329913639153;
3,250,False,False,False,1.0,407.75130201956995;399.8086879570088;144.46645688859394;,501.22514849721136;293.4767736601939;84.7367987503894;
3,250,False,False,False,1.0,127.23301400521109;75.29097645785342;202.05601056321933;,239.8183117800667;132.9424100928829;296.0378312126207;
3,250,False,False,False,0.6666666666666666,87.3434071744086;36.30359611591361;,156.75622263362462;138.91421386166766;
3,250,False,False,False,0.6666666666666666,110.40220587246162;2077.760228466704;,76.38124691370915;227.22968040570157;
3,250,False,False,False,0.6666666666666666,311.7539353618319;74.24382456594802;,300.05645363882;64.59602037388647;
3,250,False,False,False,1.0,46.323072357742575;117.02401535959247;123.84700354208438;,26.62720508710159;158.79220968942272;353.0506237684817;
3,250,False,False,False,1.0,212.82837200971656;30.386565956145617;277.7378648888033;,203.5322499486364;267.0445659617416;342.1514814350167;
3,250,False,False,False,0.6666666666666666,116.49699307816284;568.3391998013129;,72.66610839778065;75.27766273682562;
3,250,False,False,False,1.0,207.723317891576;201.3450662694559;157.5085314778772;,191.9833861412274;197.78633789745564;141.8178406355303;
3,250,False,False,False,0.6666666666666666,308.11639805845425;1838.188134718373;,240.99044866540564;311.7818287656795;
3,250,False,False,False,1.0,71.77766163201095;57.325720717845975;53.125656083391185;,74.19961140815523;182.94149599028495;106.75506859129368;
3,250,False,False,False,0.6666666666666666,184.24738635960782;92.084790688605;,349.7546056602115;48.098258511943655;
3,250,False,False,False,0.6666666666666666,69.81267310034885;436.49970196947885;,282.68404313082897;177.71231015159628;
3,250,False,False,False,1.0,160.7003112853871;230.99481428275277;72.47373112595815;,259.969579132429;288.73194185909887;91.70259772127646;
3,250,False,False,False,0.6666666666666666,677.9162444388008;351.3701993004285;,203.4260354927288;409.0850043681734;
3,250,False,False,False,0.6666666666666666,30.113033041563863;344.5300298792025;,94.72701423568948;469.0691972635508;
3,250,False,False,False,1.0,162.9015870421173;61.803960686391385;204.37415093506596;,333.04934925065845;78.14567195119457;203.82276781803088;
3,250,False,False,False,1.0,141.22757534067208;94.69168056776022;165.7766416415067;,183.80236104180725;95.05059146221322;185.27418913509626;
3,250,False,False,False,0.6666666666666666,219.40953736337573;2458.6671977295427;,328.7149895822592;352.612732818785;
3,250,False,False,False,0.6666666666666666,218.62597606198995;48.749603766962146;,212.0714717695239;63.99221279713639;
3,250,False,False,False,0.6666666666666666,561.6524773980566;221.66400388999432;,211.8093387020769;91.76611011483517;
3,250,False,False,False,1.0,977.1785051279637;152.34381024323503;141.02049590787394;,197.0235160195331;139.26524068312813;300.12660258242164;
3,250,False,False,False,0.6666666666666666,188.44975485384083;166.68402891755375;,122.21451116272114;203.54549094779583;
3,250,False,False,False,0.6666666666666666,744.111916476461;191.14358568563966;,163.47648104272665;126.0223982945636;
3,250,False,False,False,0.6666666666666666,64.1834898434462;853.7620610112308;,112.71166777986247;548.126852869382;
3,250,False,False,False,0.6666666666666666,133.4916302403279;80.41189415698227;,144.19607533356682;359.6167147020995;
3,250,False,False,False,1.0,240.6554378359957;135.566875513892;279.9988233046247;,299.38988484802206;210.6073980345354;118.72651956907181;
3,250,False,False,False,1.0,195.13351970799258;355.05256856693364;271.9029529915541;,208.65062577159333;229.5773823830012;325.41529075136356;
3,250,False,False,False,0.6666666666666666,209.10269113679115;4062.048203341819;,129.4149480660254;106.84671394223187;
3,250,False,False,False,0.6666666666666666,123.25131259237953;586.9848152421979;,58.23731766851253;298.4095763417508;
3,250,False,False,False,1.0,97.08717661662111;44.34376468991366;252.42472692048634;,284.93221446629394;217.96711477528345;312.33372728421443;
3,250,False,False,False,1.0,155.91158760648207;94.43645217819822;159.78323925381565;,153.50670321530166;418.3352031455848;82.10840185829267;
3,250,False,False,False,0.6666666666666666,312.5778152206068;50.99616752364113;,184.2339869338177;92.77840767796897;
3,250,False,False,False,0.6666666666666666,279.25206695251956;373.069111151152;,375.71608975662457;69.03221689760221;
3,250,False,False,False,1.0,224.19086276569524;233.61812589730332;198.41282151735717;,258.6875864571999;179.7718391244453;131.94783174909142;
3,250,False,False,False,0.6666666666666666,97.9995143373955;78.27205488661504;,329.91380425087135;107.04589274584079;
3,250,False,False,False,0.6666666666666666,38.31464771057304;87.51143367025554;,115.96981794966071;341.8357470964959;
3,250,False,False,False,1.0,178.25066626828757;170.50078314919867;66.30291146493794;,249.13412051082622;124.0298588186794;294.53913310117883;
3,250,False,False,False,1.0,201.71302897091405;199.49401621413796;119.14930004153562;,120.24807750074113;134.81242898059912;163.46571265458255;
3,250,False,False,False,1.0,98.58326259736008;135.90312822346016;303.4579547909274;,282.0898684358128;169.9911135317176;361.00136017992696;
3,250,False,False,False,1.0,284.32129514927993;325.33524526976623;275.59475734252794;,254.43363480170706;311.3952661369361;402.64300655593644;
3,250,False,False,False,0.6666666666666666,305.2914700568141;88.23602401203927;,83.09345439904473;116.0998113839478;
3,250,False,False,False,0.6666666666666666,211.61823739265213;251.72549940285992;,156.26985865948402;270.6014457715909;
3,250,False,False,False,0.6666666666666666,271.75546944834565;152.4298937831392;,203.60417867809792;199.09992893658358;
3,250,False,False,False,1.0,101.80256509197326;339.17966478184803;242.16368068998463;,168.92939433211757;227.20037099619634;432.25453699179786;
3,250,False,False,False,0.6666666666666666,245.5237406943096;448.6757217627662;,250.77109286557825;88.55128921683742;
3,250,False,False,False,0.6666666666666666,1005.1515704591243;215.7108707693273;,363.63884034026194;250.109374289938;
3,250,False,False,False,0.6666666666666666,56.485346082204096;343.76336770258416;,180.61691060717783;57.264101004576816;
3,250,False,False,False,1.0,118.5801902955856;77.63567583713403;133.1012407977163;,136.7553162273882;189.333963787881;163.7254740260921;
3,250,False,False,False,0.6666666666666666,126.4809625274336;292.18002062331857;,122.90566691574112;165.5593287539641;
3,250,False,False,False,1.0,45.658503387514905;232.19492387902827;263.24350970631036;,50.758228654711765;135.41449570199183;356.1450462270223;
3,250,False,False,False,0.6666666666666666,44.138656451317146;2816.048970545349;,32.478946131871766;86.76312439816779;
3,250,False,False,False,1.0,116.73116614132279;238.1260314741743;340.3159881341542;,92.26820326916176;362.70609862962567;549.8332808275901;
3,250,False,False,False,1.0,13.697808114112235;437.67367975404704;167.2625310678936;,184.60383217764624;517.1241660846573;139.0466501392215;
3,250,False,False,False,0.6666666666666666,163.91980881598573;309.6062720797496;,224.41557695338665;173.012555390339;
3,250,False,False,False,1.0,172.97186662326368;133.8470347983368;223.1852652003961;,160.10081827339405;316.86233946092614;117.26392236624548;
3,250,False,False,False,1.0,274.7333818471226;245.5512543757702;414.51570049567255;,200.9134590915812;230.9365143997429;261.72741465737846;
3,250,False,False,False,1.0,220.26284039540283;93.41511666037681;126.76160358573685;,312.15358236041646;106.31028995663411;140.87919514507763;
3,250,False,False,False,0.6666666666666666,120.73426601287954;3305.2581403371405;,142.03308983419464;239.41410367931977;
3,250,False,False,False,0.6666666666666666,71.69309325224425;4626.919797627501;,207.19288041182773;116.4110095691619;
3,250,False,False,False,1.0,200.2376663576412;23.234440421136192;353.58409017575525;,294.22434646613385;171.79685169031276;461.94104090200193;
3,250,False,False,False,1.0,127.66806142503785;31.48423382486773;178.17290380159037;,85.175886622702;13.687402620745598;140.38355130699952;
3,250,False,False,False,0.6666666666666666,19.026004083939647;3173.569753921189;,146.94225481903968;429.90216306156174;
3,250,False,False,False,0.6666666666666666,268.7828308854606;199.34801226118643;,243.03720262528486;391.7085952068994;
3,250,False,False,False,0.6666666666666666,70.18989425078476;1653.179345252828;,72.34452867181612;68.70939087737621;
3,250,False,False,False,0.6666666666666666,342.41822130637746;164.17570177652485;,327.6012950364657;194.1219659013089;
3,250,False,False,False,0.6666666666666666,380.2054421414051;132.13264649615013;,191.72072526609128;229.12119536197994;
3,250,False,False,False,0.6666666666666666,1131.459219503156;312.9933873789153;,206.07235188902777;86.57808183605722;
3,250,False,False,False,0.6666666666666666,620.904252431443;187.01879856110963;,115.58725474365215;154.7503601627505;
3,250,False,False,False,1.0,210.8499063579244;163.1160946771633;67.54907892494779;,240.0771695888031;29.33610954353087;148.05429245978416;
3,250,False,False,False,0.6666666666666666,223.42267942288728;536.6143802075603;,189.8422451378281;118.99414152440163;
3,250,False,False,False,0.6666666666666666,155.6746933842557;136.70228877251617;,163.14967294081316;124.60617229569871;
3,250,False,False,False,1.0,120.7316054161486;48.04072296060987;295.472722225077;,295.3709303684304;59.69024272668745;295.36624775088046;
3,250,False,False,False,0.6666666666666666,44.00109964410044;42.489105470182345;,250.50059888391675;292.35238323647724;
3,250,False,False,False,0.6666666666666666,178.480242644283;135.9159814997272;,126.71547362173912;129.48581971051274;
3,250,False,False,False,1.0,84.16622589841427;209.4695351063938;262.91940514602703;,130.8689973496754;208.4302526985333;267.017250747115;
3,250,False,False,False,1.0,71.69404439001562;86.61746015302464;90.02017820373148;,54.56724397396888;229.12305837305027;113.62877613101473;
3,250,False,False,False,1.0,135.37995188125987;228.46353345058117;101.37211248158786;,245.74898992310054;137.78292821919902;72.78705629329065;
3,250,False,False,False,0.6666666666666666,71.21445155578648;528.040597547108;,135.63679937222096;38.47120963338233;
3,250,False,False,False,0.6666666666666666,131.53816644623257;56.74839267162106;,52.59824753287058;138.33611113514297;
3,250,False,False,False,1.0,144.52722709177255;138.05570292801718;109.69693100380182;,123.56862380518997;197.86664885741192;132.36947116974176;
3,250,False,False,False,0.6666666666666666,25.798036553829952;932.0591765862656;,75.69966109367239;322.63281948792604;
3,250,False,False,False,0.6666666666666666,96.99503718297466;3437.961794069342;,163.55346079164948;303.606846181523;
3,250,False,False,False,1.0,166.96900946940414;10.671923121128057;252.5783641321735;,181.15604515383882;44.16805199493787;149.1980153957404;
3,250,False,False,False,1.0,133.30656203885056;67.47266850642292;249.8142116375082;,100.72911930622159;123.35073252381983;234.29471248991157;
3,250,False,False,False,1.0,103.7654251749319;147.44024632516002;52.79135348643266;,174.5542993124785;216.47354422466927;5.762622041681061;
3,250,False,False,False,0.6666666666666666,354.716736816091;451.75283756139567;,359.61350232795905;406.8218120388428;
3,250,False,False,False,1.0,63.41983567216812;305.0934670791958;375.7075160147156;,69.08914776772856;390.21630605614445;246.00881666479236;
3,250,False,False,False,0.6666666666666666,778.6449152159471;75.01609366782627;,363.6417662838628;201.20511193990603;
3,250,False,False,False,1.0,242.27738454242999;174.57344517903107;1295.5809720860018;,106.36346021022285;301.4397355832252;95.968401710026;
3,250,False,False,False,0.6666666666666666,175.23299806138928;220.21755278578135;,167.61553788226956;197.85536988831507;
3,250,False,False,False,0.6666666666666666,203.3716109219961;357.24963505911825;,208.132238805905;104.57285746008645;
3,250,False,False,False,0.6666666666666666,270.1645026557427;504.130717460356;,247.30638677450975;176.08047097516854;
3,250,False,False,False,0.6666666666666666,128.48202261722764;398.2477242000063;,91.29670151448346;326.86760207227644;
3,250,False,False,False,1.0,153.719789402626;180.16458993204657;176.37402704221634;,224.93572581005702;296.2603686099785;82.64526713281155;
3,250,False,False,False,1.0,144.93798912555633;79.16199383934034;276.8222674391204;,181.3086882797834;125.03544700437506;603.877508826339;
3,250,False,False,False,1.0,293.05393019081123;158.9372895623855;97.30776622778238;,368.20249168200974;159.88291402142596;83.589860634304;
3,250,False,False,False,1.0,184.5188137421554;91.68903017031249;163.46976614847173;,208.70901477512913;24.777536198825103;157.17640898289986;
3,250,False,False,False,1.0,109.2021451354453;76.54257990872189;128.9118178409178;,136.73772111894513;121.12661816526872;210.78574424745793;
3,250,False,False,False,0.6666666666666666,146.90365310880247;263.7494607874865;,152.9806663010467;370.23403203083785;
3,250,False,False,False,0.6666666666666666,139.6171125434053;101.35350338391831;,35.92384900259219;177.8688941963311;
3,250,False,False,False,0.6666666666666666,177.1295471680576;3395.1526990008842;,214.84228755624733;278.2843279899205;
3,250,False,False,False,0.3333333333333333,429.4864205779865;,243.54715134242082;
3,250,False,False,False,0.6666666666666666,188.58408979287054;121.69606637237918;,216.9767527255715;56.707529285321314;
3,250,False,False,False,1.0,58.99421082544015;133.0581680037075;361.3820359013101;,219.38563001239305;151.19026451645436;395.98490538568814;
3,250,False,False,False,0.6666666666666666,262.74023703611954;243.3153082826949;,353.6496465464608;266.9291277310374;
3,250,False,False,False,0.6666666666666666,3464.385384252044;121.85597252091654;,197.82137070084798;129.9209174606846;
3,250,False,False,False,1.0,139.08745043454627;69.01476416890054;156.23348476271846;,46.43927611418072;55.296228270202285;158.62969800310935;
3,250,False,False,False,0.6666666666666666,164.15073713330492;345.4316633114515;,76.38847900349052;334.450427112602;
3,250,False,False,False,1.0,129.620949369127;71.32918609470615;236.51824633092548;,185.2700801498143;123.02032005780578;171.93208483752818;
3,250,False,False,False,0.6666666666666666,166.83692424245234;2623.44082882381;,132.2831132368396;127.89882386527658;
3,250,False,False,False,0.6666666666666666,141.1599861190173;70.36865705077726;,172.04942148439412;189.58956381788906;
4,250,False,False,False,0.5,62.758115688653625;3161.389307119433;,105.9162730034747;790.5226014228099;
4,250,False,False,False,0.5,103.37464872270465;530.821016499273;,185.51076509044364;175.6412770750826;
4,250,False,False,False,0.75,168.13967776522344;1368.5984106725664;89.02088351839487;,164.97164534612452;217.627342741611;111.56494039628843;
4,250,False,False,False,0.5,154.84017056724113;209.82816970070868;,221.45118001219586;135.2942935645678;
4,250,False,False,False,0.75,116.41345725577271;112.34544816402347;1400.6872612270552;,151.44483261226316;119.66947485541189;202.56983891163136;
4,250,False,False,False,1.0,231.0782461936951;177.5193833878357;126.49871808448455;288.090111393183;,266.6749563551301;146.30962230233345;103.72552734430863;249.99037239180132;
4,250,False,False,False,0.5,464.6978331477602;149.3405401090535;,200.79786651053828;188.39874536204482;
4,250,False,False,False,1.0,30.97458943134583;33.32304829779114;300.6077244551083;424.61499903188565;,15.764804894564323;96.67915944358374;274.1613167661884;280.99334201441656;
4,250,False,False,False,0.5,418.7084911886943;134.17802991979704;,85.46521907741392;205.80352025099495;
4,250,False,False,False,0.75,288.2099237881054;79.41821368848116;2706.5910461254903;,218.42746537434206;261.7118490326025;167.73490569991534;
4,250,False,False,False,0.75,201.07121020750367;192.76152453423177;162.6480867791677;,281.4206915138456;128.2863913872348;173.17825780313137;
4,250,False,False,False,0.75,185.3689932672714;169.47271043901728;255.17266314485926;,370.4655695812019;131.46488849567427;307.74230840640723;
4,250,False,False,False,0.75,124.03789507634718;59.58848606402982;2440.4679222786363;,104.1984713094045;110.22629140129735;203.0905978848895;
4,250,False,False,False,0.75,83.3487193524349;3451.58303125127;219.02433863503137;,64.70193118264747;376.6051721752043;203.9120801510042;
4,250,False,False,False,0.75,141.03184290815318;268.4537079165982;768.1304716212604;,63.486392411827666;416.01842306925903;268.3403082439117;
4,250,False,False,False,0.75,82.29630456416325;44.55042147024818;213.02678353508603;,124.64915341341928;188.6725067525255;314.03405687421565;
4,250,False,False,False,0.75,47.47084429250431;188.55731824705555;332.45309406249504;,150.6722361137215;108.14267404747105;230.78752719016128;
4,250,False,False,False,0.5,46.37153766806348;2688.7831228654295;,277.81536307061367;168.36752258736402;
4,250,False,False,False,0.75,177.41251952169083;208.0251668171317;103.32161355321574;,73.59221327056214;272.6098971687314;120.97536909564685;
4,250,False,False,False,0.75,199.75323644162233;32.312207555234316;513.0962469657348;,325.7303277130268;85.1234827914896;107.49650772587393;
4,250,False,False,False,0.75,185.10888341908628;4898.607980500042;299.5029215592632;,198.31744621761925;174.52735515856202;371.4460736342068;
4,250,False,False,False,0.75,92.03843991552726;859.5235438636588;188.0532044171266;,129.18177402653063;95.2311054754873;109.71818041256498;
4,250,False,False,False,0.75,37.7240476009376;717.6275163716679;2089.2613330882405;,153.8520829704159;319.8472714429432;203.4325377549094;
4,250,False,False,False,0.5,340.9543455225693;593.7943652869105;,43.891756936985374;208.53740107148124;
4,250,False,False,False,0.5,49.450588585957135;1344.5022580348673;,45.299842475054305;26.401639104119365;
4,250,False,False,False,0.5,335.5978909854359;41.733486180984585;,22.700621203620575;60.47478311549989;
4,250,False,False,False,1.0,245.03938911432888;115.13648221757467;255.90530122437602;112.57783027152824;,70.98058136282793;241.6262450297968;150.98168645439642;174.5708108055003;
4,250,False,False,False,0.75,133.20673569008275;154.05070487361405;387.5824067371846;,168.7026781739727;255.47320311686462;216.6584286862257;
4,250,False,False,False,0.75,178.62714080341868;117.34001766432402;210.5544132713341;,143.3714197805193;283.70166159214256;259.7200314166596;
4,250,False,False,False,0.75,218.18048388454702;286.3025630954482;1395.4410306653594;,264.5859733270789;304.4802833269284;244.62121723534744;
4,250,False,False,False,0.75,236.59477260426254;209.88479208678146;3605.80029006687;,120.57583531878504;367.1364599038282;269.27195782428896;
4,250,False,False,False,0.5,103.5716323859881;3017.237724180862;,222.34679367151955;280.52541040880766;
4,250,False,False,False,0.75,121.64039163986435;203.40167710018;349.44221792645584;,199.25410358412776;514.4213805837976;350.1920031493227;
4,250,False,False,False,0.75,345.6517418219221;280.7418733486602;248.9360940675513;,337.6143453947304;481.9870600507043;319.7656967588009;
4,250,False,False,False,0.25,217.29168540455876;,378.86511013655223;
4,250,False,False,False,0.75,376.577746305593;1078.6706335821002;132.68258081846716;,364.8438166166773;172.70805733201374;128.88275034696215;
4,250,False,False,False,0.75,82.18628140076531;197.14442577446832;150.08461016849466;,96.79947865656163;246.0771244180597;356.282191110753;
4,250,False,False,False,0.5,32.79937223613635;35.73768010670548;,13.461685905003021;89.66945272737014;
4,250,False,False,False,0.75,162.32007887260286;238.30083646706768;1742.990437421497;,195.11655452888922;250.9031281410173;260.9999504244013;
4,250,False,False,False,0.5,311.80116744315586;168.599323198888;,195.8990140310864;109.60255348132647;
4,250,False,False,False,0.5,845.5283199483114;139.8414861451687;,49.414045964715115;381.5054424789132;
4,250,False,False,False,0.5,359.10320452345763;1832.6651019852309;,148.82196551000843;147.2768971046045;
4,250,False,False,False,0.75,149.16097866141095;111.06299701213197;47.53987238876162;,317.20664341900215;48.52908868110831;118.14981342904713;
4,250,False,False,False,0.75,102.2223808229129;34.16110188095985;205.2569408010756;,154.82127405367024;117.08231371827218;119.03154901787119;
4,250,False,False,False,0.75,414.92055077298176;232.02600213373967;105.22449254189524;,45.55026217129182;106.56676517476477;140.21519142526674;
4,250,False,False,False,0.75,169.3820733717828;519.8895380279635;354.5364846066296;,200.86771830132028;316.2292148064563;102.42016720554467;
4,250,False,False,False,0.75,121.75466330348894;609.1781973446297;79.50655453748853;,134.5100507125913;127.19819975237988;101.57657758992538;
4,250,False,False,False,0.5,364.5525690017455;1910.4652990113982;,150.68244321148453;64.11951436289516;
4,250,False,False,False,0.5,272.88959753313196;42.50846995993526;,183.32777491730195;172.55556464342513;
4,250,False,False,False,0.75,203.17493601546136;42.15807841068365;651.8557279691928;,183.7694059143694;163.96228720062803;156.55232868925444;
4,250,False,False,False,0.75,62.914753564245494;117.27385303483321;326.7473179863373;,182.5509560989881;305.2487521209009;273.6114334559912;
4,250,False,False,False,0.75,31.54270077766961;52.12455238644123;98.69383141214522;,94.8384337484657;211.72824402935012;253.904207903363;
4,250,False,False,False,0.75,177.38781995698346;73.00817956742705;577.9868457835496;,137.8527196060243;217.92621870011791;138.95819367809023;
4,250,False,False,False,0.75,182.8021156422071;3288.61749183295;144.71414429331477;,113.6257053719437;207.93397371468382;237.12642361723476;
4,250,False,False,False,0.5,290.24337105732525;997.0252881784082;,265.48117379672215;286.0670434445008;
4,250,False,False,False,0.75,60.512966267925215;145.0569313332483;103.0941306007193;,80.4620597362714;115.17752053085943;286.4464833932327;
4,250,False,False,False,0.75,88.45217444859458;176.9730871540024;144.05061822970387;,144.4532951396658;202.92778036563334;244.73266023625294;
4,250,False,False,False,0.5,71.4968829051601;119.70451943175468;,267.64020905135925;214.42441068013656;
4,250,False,False,False,0.5,188.62027915594166;589.8458657678547;,246.96350829279717;304.93752786648605;
4,250,False,False,False,0.5,146.651940500418;418.5049703212042;,103.27928289895615;263.26061814000457;
4,250,False,False,False,0.75,98.3753055458906;85.74768551513756;225.72365988929076;,221.30914287271037;83.72950192309747;312.73157928013615;
4,250,False,False,False,0.75,174.8818458158433;251.21254064994847;98.12996777444938;,401.74831572065887;207.09624196669841;178.837427510591;
4,250,False,False,False,0.75,30.058987639962677;427.26304962387655;168.32817184307578;,126.68814810051511;479.6643507597294;321.4480096745074;
4,250,False,False,False,0.5,38.36491751581823;768.598303216508;,32.35766072784933;169.92429389879885;
4,250,False,False,False,0.5,79.81212125869291;65.49460886042684;,129.16424243543776;189.8880617841403;
4,250,False,False,False,0.75,1380.740360795491;42.267725830707946;289.1105103281744;,106.1908964877646;88.54473338653398;518.7177994438185;
4,250,False,False,False,0.75,172.27302956475526;170.9301286137356;176.38854206734183;,90.55195670827591;256.3650265642357;89.67276768988982;
4,250,False,False,False,0.5,241.1159037707329;4313.666829935604;,203.35131438785788;28.69753507178097;
4,250,False,False,False,0.5,193.58955530153767;196.94006276602389;,90.30574008203497;285.23646453495326;
4,250,False,False,False,0.5,253.37786083997074;2486.24257760247;,336.90524089784026;143.41849058825846;
4,250,False,False,False,0.5,30.887909095667887;1016.2781942419847;,103.16362004363732;150.65373126561232;
4,250,False,False,False,0.5,1890.1904316810226;206.418938901188;,206.3685008499678;367.16495712238867;
4,250,False,False,False,0.5,288.8705603449611;3404.7455947605345;,362.80471997699476;420.9512278141614;
4,250,False,False,False,0.5,518.9610527829693;286.6916084843261;,408.07031230408853;319.812959866291;
4,250,False,False,False,0.75,39.17921778448995;75.54973033404436;1040.0388692171182;,17.566055586022472;177.67653839753933;558.4094660352023;
4,250,False,False,False,0.75,173.89058594023797;359.44890210071026;142.6452624333457;,97.005106436323;329.02327684590557;230.3790374679663;
4,250,False,False,False,0.75,79.94265458268855;163.13085738783593;1362.176618972758;,160.89919380972407;110.74212258129523;192.90796883262414;
4,250,False,False,False,0.75,210.57970430471602;225.18843623361002;1209.300494465865;,276.5134483881542;230.13088435841098;224.78425006707656;
4,250,False,False,False,0.75,75.40668030671456;112.28226293282148;2448.951856238034;,57.917562822465726;384.2227533514053;473.3032224764188;
4,250,False,False,False,0.5,195.4119716616893;85.53803484192441;,21.004379950630735;129.00993686922902;
4,250,False,False,False,0.75,176.65064595945267;279.51420965143103;172.21455377897706;,249.95200641562923;92.58669609917007;223.10700916710388;
4,250,False,False,False,0.75,102.56164522761492;61.182592070082094;94.36394147802345;,86.02109818375308;195.46885096005354;213.79838100949058;
4,250,False,False,False,1.0,205.1922007482117;122.64286965863724;220.38083854372985;427.70269776860255;,314.28695187351;108.67604679665618;77.07093585337903;524.2517797316546;
4,250,False,False,False,0.75,209.7372635868923;18.318901090983896;72.89731563628396;,231.25471942672215;44.817684793906345;65.61273274321331;
4,250,False,False,False,0.75,172.1563019598705;118.04108488789439;62.970201400429744;,322.1598154732629;84.99081549560184;239.99962952049032;
4,250,False,False,False,0.5,228.3000367225127;245.6848054858893;,284.3823864154453;130.01937655263765;
4,250,False,False,False,0.75,765.7296779136042;325.8679256445304;73.66464015861666;,146.24940628381108;352.56539504554615;76.39220835057336;
4,250,False,False,False,0.5,1352.5792246881247;1183.7028650047207;,67.18598773657895;298.24742818972055;
4,250,False,False,False,0.5,176.44136155304346;1253.0333595341224;,315.22569708445496;119.5889330483265;
4,250,False,False,False,0.75,95.91319126446233;121.8527175260383;1832.7330288483386;,148.5371012500008;122.25187542481378;72.06718530218174;
4,250,False,False,False,1.0,130.5582949571239;129.05894022961783;204.87232337898607;261.90018014842144;,176.4880478409836;194.851927347619;213.2187859833251;107.47093928814195;
4,250,False,False,False,1.0,189.2319577962799;218.46270438308176;211.06909489150289;181.28005851226337;,115.0165632260843;93.96290424573884;173.33886550911024;244.04910409123087;
4,250,False,False,False,0.5,222.72003582338735;344.08756138796076;,245.35942585049668;270.2299471266573;
4,250,False,False,False,0.5,1136.14395065759;173.1530533186288;,87.96901017976838;189.3065313836731;
4,250,False,False,False,0.25,249.5139190637782;,158.4737797854326;
4,250,False,False,False,0.5,1299.1495569708086;1486.4770363288856;,90.37379227059904;225.82649785479651;
4,250,False,False,False,0.5,57.91277453117054;262.4594885393771;,66.58653428986399;112.6786532787273;
4,250,False,False,False,0.75,617.5910177983592;98.84787650423694;170.1103915100368;,155.65951778126848;289.7743365192831;255.5159983000921;
4,250,False,False,False,0.75,617.8667972968084;77.82032155395467;275.1909496489073;,316.45335735571575;102.40494117598878;246.36801441384034;
4,250,False,False,False,0.75,244.68098084851223;90.6865157407354;82.06495225038407;,409.95342186746007;48.99523777266747;50.26490216242116;
4,250,False,False,False,0.75,105.04605146638521;433.7973531900307;22.805252263051436;,130.7108537199422;210.13999841013637;214.5722107798258;
4,250,False,False,False,0.5,1105.2035368790343;659.9244423733071;,52.14759979490756;15.916752503274529;
4,250,False,False,False,0.75,528.9634592994028;133.64637667460758;65.60971577006036;,112.09535758504053;189.03423682333528;24.646453881914024;
4,250,False,False,False,0.75,85.46252734813278;411.2696725526027;97.70417686641177;,87.6030787767129;259.25151278259756;216.36131532941823;
4,250,False,False,False,0.75,190.99696269093528;2776.8679975064583;260.03814146630924;,111.32888553132332;206.44889685933546;200.7714749437883;
4,250,False,False,False,0.75,235.62143718091596;646.2782740004818;285.2421982192494;,268.9443577435453;481.5010086406378;305.75052564654095;
4,250,False,False,False,0.5,59.67806120088445;485.4409897750003;,150.04994762445412;137.04448056750567;
4,250,False,False,False,0.5,3613.1478937140773;49.33351479602906;,56.92738595270291;103.7009486703436;
4,250,False,False,False,0.75,204.16274130669;2489.4394151627184;107.25365805770295;,126.18442482672623;68.23773837109663;94.78814070790666;
4,250,False,False,False,1.0,196.11916951313162;102.88382193115521;114.52466188800305;45.50712113109147;,258.30955378339036;183.31130932592131;16.09942614301361;95.45769512541024;
4,250,False,False,False,0.75,139.760499217075;3177.88500321167;388.72745283692444;,190.60214230454864;487.57935601020296;382.62532864257946;
4,250,False,False,False,0.75,85.93542620489825;166.17518393628976;247.24039740171764;,78.9274907434349;103.70319670682403;347.00990000018305;
4,250,False,False,False,0.75,202.36142578984925;86.65879608058937;282.7294238612531;,80.18357184594605;28.411376447188925;476.35540697878776;
4,250,False,False,False,0.75,111.17283590373711;289.85802601839373;222.10902215233523;,209.73053235825512;95.99360346261345;117.59336343145503;
4,250,False,False,False,0.5,66.2368398140198;375.79853109822847;,154.02776066193366;323.87063289816916;
4,250,False,False,False,0.5,377.534458724862;249.15611981214863;,108.03366542041503;72.30445282541581;
4,250,False,False,False,0.5,244.57221313973935;3809.017432360366;,122.03668171217137;164.3862050169508;
4,250,False,False,False,0.5,117.26927727470935;167.67879520740843;,111.46870111013745;131.97072227878917;
4,250,False,False,False,0.5,74.49076338530264;928.6120912917315;,295.185550979838;160.86281181116175;
4,250,False,False,False,0.75,235.00090642249785;230.61558341108025;199.27411416133668;,288.41778701384044;189.24655930507822;212.78121486130738;
4,250,False,False,False,0.75,295.53681926233054;1250.9271083996057;343.4232755860076;,365.64013800526743;407.15141874294045;274.8589684170816;
4,250,False,False,False,0.5,311.6388363402264;1543.3242594982214;,440.66510949064167;58.16090910633663;
4,250,False,False,False,0.75,111.96345937324061;177.18982647407736;352.3997961581848;,123.91626128074371;293.293248131175;374.0789701075491;
4,250,False,False,False,0.75,2916.2196022968574;236.26880619509296;641.500219270312;,573.5866636319216;264.67501953298756;109.17618540486522;
4,250,False,False,False,0.5,247.80374881858805;112.14480714513854;,339.19672242204666;89.2930867800215;
4,250,False,False,False,0.75,142.59352363768608;297.8745481732232;72.41870380449716;,400.28611194190097;164.4585352010485;149.086215442461;
4,250,False,False,False,0.75,2056.9558220535296;40.478229629683874;177.77430270787073;,209.4415127442409;122.02479182300841;211.62371485865475;
4,250,False,False,False,0.75,1375.8892368693469;5.359612852923108;52.464640967106746;,243.41520639362005;103.10346524566064;54.870785175191706;
4,250,False,False,False,1.0,80.25025714519518;67.02518254212258;399.21493313634426;142.95120316798798;,65.1919981980024;148.91658511900528;103.28144604246155;68.41729008585045;
4,250,False,False,False,0.5,184.7753313618691;2337.8223279223284;,95.47893630386584;268.22979614032124;
4,250,False,False,False,0.5,458.47559163999404;511.27754311243814;,279.722171565637;328.65770370897724;
4,250,False,False,False,0.75,24.595218553844347;93.14632034141921;3560.0465224721893;,139.19271138463222;176.51477474856412;157.10543036598315;
4,250,False,False,False,0.5,34.51181458607463;270.8501276938422;,274.9527924045737;263.4953027953053;
4,250,False,False,False,0.5,425.49291791464174;186.7265408350618;,136.05289983184485;119.71236798048002;
4,250,False,False,False,0.75,177.3341038299454;58.3637860911758;212.79894281130285;,265.6673312804834;239.9647079727653;238.48645047735985;
4,250,False,False,False,0.5,1391.657995600124;144.28980861856712;,105.00245236878705;88.70316546416755;
4,250,False,False,False,0.75,145.92342507705027;121.0482990932058;63.82637455495358;,126.5741353538702;216.24361496016564;178.426441817633;
4,250,False,False,False,0.75,84.47638917341224;23.832142428297473;3028.1092561705846;,165.2258869129062;104.48856107437234;106.15697348660824;
4,250,False,False,False,0.75,130.03255140761752;196.71095562944123;453.9659906909824;,175.57791070048148;498.31799511305644;305.2931292812167;
4,250,False,False,False,0.75,201.2284473902205;180.7541971895446;151.75942136202136;,243.2375134231194;235.65081470106705;188.77325302338684;
4,250,False,False,False,0.75,142.13870497040477;53.036966324838474;150.91656019648136;,46.03463634886133;197.2285615468367;81.49718838387001;
4,250,False,False,False,0.75,256.28192267991096;107.67993741536472;3211.6077562702294;,185.306458048215;238.24035056079597;223.33686877083426;
4,250,False,False,False,0.75,197.69579280311692;225.61941288884213;2686.40136105157;,280.7996989341273;211.69316660799808;58.52881723796113;
4,250,False,False,False,0.75,446.5159322762696;1170.3465800400777;221.8418653819911;,173.03240479798527;281.5204982747583;146.27199329691098;
4,250,False,False,False,0.75,264.32541617917036;89.72622208388655;1878.380228722665;,346.6863973665918;334.87106307648446;250.07388477118567;
4,250,False,False,False,0.5,3189.9285979057227;117.34393509951549;,231.24607221585205;30.85790961874085;
4,250,False,False,False,0.5,249.46874777833213;287.6029639669431;,206.65932631824163;114.30228230531783;
4,250,False,False,False,0.5,136.41933967367098;2923.0511081986224;,110.9001536164645;173.49261158016202;
4,250,False,False,False,0.25,1069.0371309264601;,269.2091844042767;
4,250,False,False,False,0.5,256.9400868283001;446.31256906270755;,180.7446683921406;357.16955196487544;
4,250,False,False,False,0.75,29.726213999429785;125.44761885162772;328.8689015336518;,113.9917819556633;357.99081028381863;338.66796191900954;
4,250,False,False,False,0.75,86.96681066278015;43.57594725393149;4169.354591177296;,101.40699786241382;124.80563951356274;96.97987439506106;
4,250,False,False,False,0.75,188.04913979814438;649.8222291299046;181.43790964091468;,166.09844577491066;51.83378352370603;128.43754540820473;
4,250,False,False,False,1.0,169.31975694858411;74.49740337391341;170.16498087241325;226.67289131528983;,122.0722393458274;255.82512613634444;238.3806381814391;138.76099050254422;
4,250,False,False,False,0.75,68.88477431212338;870.5539538971772;233.08229924944644;,275.8474142567247;168.10845829843316;365.0690111578531;
4,250,False,False,False,0.5,230.11989427678253;121.03289244064231;,145.47142300300985;33.042224744282784;
4,250,False,False,False,0.75,104.51863302782246;344.55108864346374;201.22482357645603;,58.478895090160655;191.68254582561985;327.3121322623863;
4,250,False,False,False,0.75,254.67996893495447;359.9353091287168;169.40625845686537;,193.51392414269034;395.81637361598376;263.7424754037025;
4,250,False,False,False,0.75,246.89972571028875;411.1643237320342;80.71494065513812;,332.91142309885566;629.9522579035196;166.4104045221651;
4,250,False,False,False,0.5,2874.0587562933592;100.09877097714848;,195.19922192623832;177.57421214305185;
4,250,False,False,False,0.75,58.899806699201676;100.9196957011503;5492.614778215709;,306.04856437393255;21.924287220147047;46.644167396556924;
4,250,False,False,False,0.75,173.4246105137194;101.58156843015209;153.76449544010657;,39.704003710680425;118.07431511320561;224.70122909369218;
4,250,False,False,False,0.75,122.63411493014864;134.95476968901173;325.8800646382182;,28.76917758728098;113.85359208483071;280.62756469651697;
4,250,False,False,False,0.5,61.5795976980641;2282.034760076153;,58.077800486453675;242.19954292740616;
4,250,False,False,False,0.5,378.5282687763435;3384.185640434675;,164.58952679043418;25.460847659820445;
4,250,False,False,False,0.75,185.41760978814497;176.2796397946339;303.22841873208813;,224.95520047949603;414.6495089260971;202.28676016201055;
4,250,False,False,False,0.75,209.37303705086921;547.2031673369689;139.63046784537985;,56.99985352332153;481.626176661269;182.48393213651343;
4,250,False,False,False,0.75,230.01943237252482;1483.6413267653072;184.8198090624949;,88.89524022154403;129.61218855378155;56.1306308301448;
4,250,False,False,False,0.5,982.8816239431527;134.33613538867206;,351.5203339456612;442.03219620018655;
4,250,False,False,False,0.75,539.2129502666388;95.96357516444834;493.2049417793021;,9.260213215865916;315.76711714712263;341.9352498029343;
4,250,False,False,False,0.75,326.26813621545546;176.11947405149115;361.4655055118429;,108.04883658876825;273.8553055248445;432.30484715429566;
4,250,False,False,False,0.75,195.592314351191;2035.786845112293;346.44805695038303;,345.0316476990182;253.68650627404122;181.01062150042546;
4,250,False,False,False,0.5,144.89634065110616;144.84528209943235;,38.807532753282295;62.92839337838574;
4,250,False,False,False,0.75,122.92082508035064;168.07698480934255;424.48040382525835;,37.325801197004054;194.45190996263895;102.27812992438193;
4,250,False,False,False,0.75,3175.7531177613755;36.47934594760312;140.5449213936775;,117.86335208378381;157.37625021048876;231.3958109931927;
4,250,False,False,False,0.75,477.1381233259445;206.5820946798392;147.5649097905634;,485.10941246760007;299.87347230535653;124.84871586270091;
4,250,False,False,False,0.5,50.27573800285631;958.1160531301175;,168.9700013365812;141.67991913545902;
4,250,False,False,False,0.5,149.65652924267022;291.8064804518264;,182.55673213876696;391.92698360908724;
4,250,False,False,False,0.5,299.7157005303751;76.835724170519;,262.3855902085176;172.0789469662477;
4,250,False,False,False,1.0,16.592146048223228;188.4411191323176;188.8900681102737;60.287947210141056;,36.60292190673969;174.06683169111957;137.66233310033783;484.88954161060093;
4,250,False,False,False,0.5,293.81264989395993;4797.402694776002;,250.4217681616708;226.46251281327153;
4,250,False,False,False,0.75,157.369199646813;63.05785472068111;134.0199060169874;,143.9715748057531;149.38961958310438;142.31870791415028;
4,250,False,False,False,0.5,670.9439349938933;35.34392148592512;,230.79371717337676;51.79636030759109;
4,250,False,False,False,0.5,131.3189472687331;506.7045791918973;,70.6006851295969;261.1941805565383;
4,250,False,False,False,0.5,225.86166222340177;371.5682815759226;,140.07124362836464;232.3957424326436;
4,250,False,False,False,0.5,190.33933782774182;53.14250281923597;,237.07705467055382;80.93183777694483;
4,250,False,False,False,0.5,74.96332826237237;181.98371551839645;,162.37850306927578;275.735894677587;
4,250,False,False,False,0.5,763.2620054143814;126.616787306971;,125.49232482078625;235.94761596964443;
4,250,False,False,False,0.5,353.41978734905194;2650.7026538312575;,76.26303694911945;446.9184947490491;
4,250,False,False,False,0.5,474.43072131921554;1411.3093971589633;,68.34126848638793;296.4741453781362;
4,250,False,False,False,0.75,79.9468145407487;52.00402578474544;160.64172480523996;,130.23252256757868;31.48631144194554;122.11970008122427;
4,250,False,False,False,0.5,63.75199041044973;672.6302830300658;,130.75193712761566;234.56210346125405;
4,250,False,False,False,0.75,1001.5892789974237;105.95010491926551;135.90035404689016;,14.393624718988045;180.35681218708794;151.11959381874638;
4,250,False,False,False,0.5,109.96025473252728;1592.0532502344056;,178.27170274981736;261.2533211928221;
4,250,False,False,False,0.5,252.84786188971765;214.2732966521719;,103.65804000302869;214.6961117330441;
4,250,False,False,False,0.5,207.4059522390227;791.5063563523261;,224.76972465782248;324.8637574354512;
4,250,False,False,False,1.0,183.25739455866093;153.30033269379226;303.08140225207273;283.73787389728585;,411.12487343616635;257.9458912540546;284.7393818887291;249.54680509167926;
4,250,False,False,False,0.75,1448.3040354401887;14.315857191047929;665.8607263676383;,280.7181352989257;255.06894236113024;161.46404225516764;
4,250,False,False,False,0.5,1814.5389928899137;2762.6619037311784;,165.96938417782215;267.06718624071533;
4,250,False,False,False,0.75,7082.7017978668755;183.6032274474555;428.9013774636692;,243.22690753759716;98.08936711822497;321.50050030394175;
4,250,False,False,False,0.5,199.06008211263574;2381.178113763012;,275.5824379624609;95.17742302501495;
4,250,False,False,False,0.5,201.49794952816742;3001.243435537082;,306.78785292983144;78.87669911553432;
4,250,False,False,False,0.75,117.46281549281866;98.71725852147429;4655.080752694953;,155.0555540108756;127.0115845966786;300.7721942159137;
4,250,False,False,False,0.5,111.29187620415802;175.20233413250477;,12.518082842717803;206.53854585962537;
4,250,False,False,False,0.75,1047.3314629753147;124.83311727721103;120.86198027506414;,285.1270508274011;266.4631677699823;329.422788849013;
4,250,False,False,False,0.5,10.118863012770115;169.6824624174577;,102.35831290851816;84.6951508502885;
4,250,False,False,False,0.5,233.81022452831937;2585.5877877769403;,275.39856332820733;386.5899276612073;
4,250,False,False,False,0.5,103.11887589831073;63.181587950282186;,86.15939773561244;155.71070653915265;
4,250,False,False,False,0.75,153.52535355194124;116.8005976752013;192.24293533535587;,115.68101906319683;65.50798753539117;205.0612861127127;
4,250,False,False,False,0.5,44.05846207669429;236.7114473776493;,87.80210560101685;298.43601012167386;
4,250,False,False,False,0.5,608.8323633567603;71.01792650434584;,175.83163707628887;251.96218567420317;
4,250,False,False,False,0.5,662.1608599388373;593.6522860183616;,90.99230267248913;278.7683581521701;
4,250,False,False,False,0.75,281.6390010343701;151.03291665579212;124.71904905516854;,223.38989561599055;350.90541991807294;32.368559789019436;
4,250,False,False,False,0.5,841.5171178183646;181.80573784131263;,140.38044421709373;138.5885928029961;
4,250,False,False,False,0.75,119.77040491915896;183.12649325373536;258.20940035905807;,297.28630051090244;68.58865666545037;28.280812063708943;
4,250,False,False,False,0.5,156.5213635386642;729.8121225848689;,168.06201782358713;212.11055708787853;
4,250,False,False,False,0.5,1865.5881383084547;173.40585806528586;,239.15282760519958;281.1976204155045;
4,250,False,False,False,0.5,316.14276582691053;191.5889524892673;,376.8770645976945;290.5115035278081;
4,250,False,False,False,0.75,75.06418616765366;183.82231127997895;233.26813814820778;,112.21896687657114;318.1544499580106;215.51413015830258;
4,250,False,False,False,0.75,42.84536955662903;86.38994821673946;925.4374370916767;,309.4922811564427;113.2000470165969;268.5576755828816;
4,250,False,False,False,0.75,185.9870712867177;355.04293509003327;246.39220000087354;,162.18992361407342;398.8497952755663;159.1531249817201;
4,250,False,False,False,0.75,150.86095042408428;328.94198090048377;183.00157076800764;,111.43283113860856;75.94474221018832;470.90131776708506;
4,250,False,False,False,0.25,62.98337973664695;,212.96626635121697;
4,250,False,False,False,0.75,144.19526981227318;86.56789174611077;532.0589422824571;,143.42422305216698;141.906343252585;50.10683875398647;
4,250,False,False,False,0.75,157.68190069128735;194.18136535105506;115.18486086259;,178.83364143972878;196.1351247921302;152.17471955430148;
4,250,False,False,False,0.75,126.27248562182514;66.82244326757844;405.47367750051467;,156.83103942769426;99.81434449985757;245.06378422814515;
4,250,False,False,False,0.25,47.0324982871708;,10.239040405792581;
4,250,False,False,False,0.75,135.85832662016955;252.7745636327542;3008.9941770920086;,123.6992997376854;329.965410271828;50.95064509473338;
4,250,False,False,False,0.75,371.88722292713067;198.96652272793122;383.6527192741202;,167.41991058603384;204.60873063102957;399.5653869291393;
4,250,False,False,False,1.0,320.80763918663854;254.11774129538463;242.1039231333745;361.9693845294637;,199.145791750442;220.64898441156276;391.61797283936835;189.90494870779537;
4,250,False,False,False,0.75,46.751590231207885;116.06547457789468;618.925611024517;,139.78843449874736;108.83694010247864;33.277447267550464;
4,250,False,False,False,0.75,98.30644168908111;721.2818292626943;4.849882196383833;,113.855969889714;112.99350484230445;57.424618928069926;
4,250,False,False,False,0.5,98.48189722388534;4905.685060864026;,44.194465596099135;195.023320770541;
4,250,False,False,False,0.75,118.33479972099902;18.80600489715917;45.67725242326142;,79.26299889961562;208.96101611653927;122.19772245971929;
4,250,False,False,False,0.75,1922.5373920663715;27.992891650727167;363.074888082249;,241.41501223552547;38.398956539383086;355.68682100474007;
4,250,False,False,False,0.75,256.8386769454821;26.86527803141038;253.17989697890545;,276.8244121529676;132.50057008932248;377.39907788235286;
4,250,False,False,False,0.75,233.5877096300898;137.75101709363767;108.7693146541117;,333.6984246644585;217.66886134396034;389.9893403811785;
4,250,False,False,False,0.75,73.6596282495891;151.11553622760277;213.8119904420808;,204.9366362480683;215.91211397886798;205.57722088325804;
4,250,False,False,False,1.0,292.29572758252186;138.72138777498407;152.5485665603895;172.7576489450792;,187.86320504081226;76.09590750638523;98.9478088783993;213.3500618319107;
4,250,False,False,False,0.75,17.94148316314524;139.72571160610633;1327.7291758052365;,107.7580395794469;250.61219846171397;313.7797315511339;
4,250,False,False,False,0.5,103.43223367438459;713.3371148017194;,301.33011166058503;285.8328060139067;
4,250,False,False,False,0.5,94.90873753923209;130.1367963385248;,245.48189551353562;201.83975741443155;
4,250,False,False,False,0.75,77.94481759882346;132.30944726729706;39.08943300044726;,85.34518977892007;147.6736940065265;234.63606854075226;
4,250,False,False,False,0.25,241.31485216400839;,117.47929248950341;
4,250,False,False,False,0.75,112.39858397713036;266.70224622954225;205.13349367839115;,169.1318891893816;341.7792030391949;334.0191927451811;
4,250,False,False,False,0.75,176.057311598994;182.9420174493219;164.16543897161594;,163.17318590230664;198.07649825178774;204.59796725729532;
4,250,False,False,False,0.75,162.1931843812474;200.87723188321334;166.77987100475403;,262.9466855164705;63.46645413740281;114.36242031078787;
4,250,False,False,False,0.25,141.33411855758075;,99.81181191167863;
4,250,False,False,False,0.5,537.5271827506333;862.467724060231;,137.73731511077276;174.28798280165486;
4,250,False,False,False,1.0,91.00993612744116;99.02112884877168;184.00339788761545;224.39805532848482;,155.02841280238863;92.89773536608324;152.0656953039466;199.92187742764307;
4,250,False,False,False,0.5,963.0109197620644;204.21628300025446;,313.19197260423925;125.36810837597757;
4,250,False,False,False,0.5,220.85851654260688;178.3794690947299;,19.808771718774842;52.735789765686164;
4,250,False,False,False,0.5,2336.0160472213565;983.4401233924116;,296.0998177331492;85.68293084914174;
4,250,False,False,False,0.5,108.38707816050282;215.1954790965024;,84.41440933550982;311.94835844022515;
4,250,False,False,False,0.75,133.12687895152183;119.20540573984405;57.28931084125636;,135.62666531915212;319.5831953640173;91.3567048422661;
4,250,False,False,False,1.0,122.0677803979206;156.10029976395376;114.85924988587104;90.71295349319051;,142.8479318458512;140.61515973517464;213.4024380175406;150.2094170193904;
4,250,False,False,False,1.0,228.93818446939994;172.69728067963874;284.5390267616372;355.8916412066447;,240.04228209274027;146.0498311046267;287.96556577240966;270.6361693998977;
4,250,False,False,False,0.75,593.6318641935628;68.63941322077368;148.79813167319395;,139.01906454517112;29.721820069401293;234.51031302945074;
4,250,False,False,False,0.5,849.7328548226725;136.5974582952266;,152.27666209692123;138.09806192142824;
4,250,False,False,False,0.5,72.22427074738142;3101.2059529404323;,128.8350993551304;373.1940603542941;
4,250,False,False,False,0.75,38.12339647047191;178.52082461831824;123.5393422718395;,98.69385446276036;231.12026027631993;303.7000045415701;
4,250,False,False,False,0.75,5741.545359053494;180.20009339854607;46.491442651064354;,145.40698324670186;136.23880094328348;125.9141929312701;
4,250,False,False,False,0.75,52.19205469012422;216.2391956305682;264.0453494878041;,218.30664491509634;202.7653256433702;279.096837250608;
4,250,False,False,False,0.5,141.06186817719347;64.58199624838065;,117.65143638302676;193.86436116589442;
4,250,False,False,False,1.0,214.02891826123835;154.57768508418903;233.6835744988659;237.2116975671029;,366.58698039247327;197.7211084763928;238.8242690034821;121.50159075972185;
4,250,False,False,False,0.75,99.81748696705453;329.33959476830586;1031.9594291356814;,123.08960922917426;281.97312406515954;155.51887519366971;
4,250,False,False,False,0.75,146.32037624638656;35.542818674106655;275.65213793760654;,294.2544340665336;213.7454395179888;312.78344505121055;
4,250,False,False,False,1.0,120.27217237229307;287.79663317127086;258.6381528739764;365.5945549065609;,26.92201055971055;340.10431396548313;390.45133734546175;105.61185483709477;
4,250,False,False,False,0.5,81.44056125847025;1979.323470172278;,56.75699533991083;183.1191590389225;
4,250,False,False,False,0.5,207.32030500271568;106.34633966801535;,290.22897461402397;22.551336186356984;
4,250,False,False,False,0.75,228.3009475422701;353.3316460318289;179.44225444270887;,218.0643738371038;249.42550735390031;272.39006802133616;
4,250,False,False,False,0.5,84.58022493887592;215.87393366235736;,243.22419476857635;368.8431686091822;
4,250,False,False,False,0.75,163.48061471010794;53.61020452702548;241.72685477341668;,277.7640092822332;115.76573246626945;348.15048417509837;
4,250,False,False,False,0.5,129.7085187772729;79.32640330991457;,117.46508727987272;178.00214748841216;
4,250,False,False,False,0.75,106.16104273905822;37.64273547450292;302.1513705758138;,182.70255315419513;191.91814976657557;253.87980421043798;
4,250,False,False,False,0.25,268.0158564847899;,102.19914022472628;
4,250,False,False,False,0.5,913.7625184974478;81.18732640247617;,236.5405009377008;122.92245773137726;
4,250,False,False,False,0.75,192.74636195734746;6844.9847482029245;139.18437912732637;,227.5488993040507;240.00191075436567;187.4192391319318;
4,250,False,False,False,0.5,80.31443617760763;75.74931123417291;,232.64166324711354;37.552155479760266;
4,250,False,False,False,0.75,173.5493758402655;60.49727310130651;568.3918900940412;,268.1047385662009;76.23741413594306;407.3124719647975;
4,250,False,False,False,0.75,2877.668767073527;248.59188635906057;100.77065851449468;,680.1531402521815;211.84901986643433;74.89008433210931;
4,250,False,False,False,0.5,513.7203199707981;304.2808504347934;,121.11369948304552;322.8902241801175;
4,250,False,False,False,0.75,4073.24307364793;263.051532592557;192.60986893813373;,136.63803696319692;326.46807189030255;186.24639892993764;
4,250,False,False,False,0.5,116.07595964743997;2151.7623419605516;,234.8754827470536;203.8577873619629;
4,250,False,False,False,0.5,630.693693101098;433.12465958835577;,193.14689764228083;221.2367506024134;
4,250,False,False,False,0.5,663.934415202624;577.1133117170648;,93.59340706555818;220.01602249526175;
4,250,False,False,False,0.5,1258.017185298866;80.20850676042419;,106.85635193885845;176.9873737112381;
4,250,False,False,False,0.5,120.30110991084177;2838.116569070581;,127.23555837269646;198.116615799905;
4,250,False,False,False,0.75,242.09380738422936;48.139511049239985;75.38602579796716;,218.80768392968142;254.14572434487798;67.87195198769095;
4,250,False,False,False,0.5,33.30895501516008;1268.7933073375227;,36.01723441890465;60.09905654964474;
4,250,False,False,False,0.75,104.04311386247304;184.88085148557542;95.76283109102499;,200.68591082438476;320.09167911446684;164.00847064090388;
4,250,False,False,False,0.75,67.61695738125451;51.26060042920511;1633.0722170894696;,130.31093899433253;78.46373818052406;245.74962363937382;
4,250,False,False,False,0.25,284.043844758001;,150.13857287045332;
4,250,False,False,False,0.75,286.45384831020425;174.40073854551443;158.08779170804803;,352.4324152002029;74.16932826715936;110.80931332537158;
4,250,False,False,False,0.75,129.8964271159243;166.16951194394096;256.3707505797973;,232.99059932292369;326.6685991306181;128.66783039564606;
4,250,False,False,False,1.0,82.86615979661973;79.41355193568693;211.6659195639999;153.04362302753762;,39.09146816307112;82.76737506705486;201.9000507640151;186.46245275556544;
4,250,False,False,False,0.75,72.37620038082835;302.3853729867273;290.36090744543634;,156.30528137546213;309.62171644607884;223.343097738828;
4,250,False,False,False,0.75,354.1044792554337;165.08370858679365;69.87381336373961;,164.26090361731883;81.66403914245937;132.0474516908846;
4,250,False,False,False,0.5,71.10148731746001;107.78158542259581;,99.9184258108508;116.41980160031726;
4,250,False,False,False,0.5,56.00183749674001;422.30757472950137;,81.09793907485287;381.63673306880537;
5,250,False,False,False,0.4,666.8051036346797;121.36436746027755;,222.40651333637555;143.56848449418231;
5,250,False,False,False,0.6,775.0898571123959;13.15976638962289;1993.0529738701928;,39.581108469549086;134.174608303018;199.4494816836458;
5,250,False,False,False,0.6,115.68436586771212;134.13962744978704;2649.8472162024327;,183.0632737489701;150.6913121445576;430.94877157503305;
5,250,False,False,False,0.6,167.42536027425385;794.709445383833;157.16210406692005;,230.3032821442148;43.4506099379649;351.4554757406451;
5,250,False,False,False,0.4,247.37445902540279;2592.9000351101176;,83.31675309464742;134.67210622167542;
5,250,False,False,False,0.4,44.86420333798254;15.845166792708405;,288.599506316164;35.263290337814624;
5,250,False,False,False,0.4,244.87356242249854;184.8256057632507;,40.7623576338047;229.47141585255946;
5,250,False,False,False,0.6,128.6607497104471;173.44001793757099;147.61857482813107;,73.90273787398779;297.60578901778723;264.3008122009551;
5,250,False,False,False,0.6,674.2449184139654;293.5739058358476;180.93512372725849;,190.95821911023822;318.7734023237991;259.2739162627429;
5,250,False,False,False,0.6,65.29112678185527;50.471741871662005;1258.3910411581357;,96.38578906633408;39.494606916076755;348.76188564046413;
5,250,False,False,False,0.8,152.60440657732872;137.40829462710545;133.0415038552058;178.18938125960645;,150.873484797734;411.39196697172224;163.11952703097975;274.3951374991263;
5,250,False,False,False,0.6,182.89007801933434;82.60994888174567;616.85843239909;,225.14619437815261;52.980296892688216;195.19668630230012;
5,250,False,False,False,0.6,85.97482007346018;189.5440849530411;60.25388194066859;,123.03867187665061;280.7673748615475;99.81483987595693;
5,250,False,False,False,0.6,170.106756435121;133.35131669057768;86.28269018004642;,273.30255303629565;216.0865229776547;84.87030027674815;
5,250,False,False,False,0.8,108.40259580986884;2935.572093577719;35.32737499062688;207.8798125220147;,128.9305156310408;59.899495698817645;86.07860919646365;193.26316288822298;
5,250,False,False,False,0.6,1268.470059447029;49.465959561630335;2827.0393566470575;,471.8480420516479;140.5844198608089;404.4936000027087;
5,250,False,False,False,0.4,77.91976980836499;605.8326155126724;,51.90091564814091;64.81405715038215;
5,250,False,False,False,1.0,114.36227423535456;67.05320062209552;150.16317622267633;145.00909736615074;174.8466344751683;,59.147669357572795;161.54753181867312;159.96071201007587;147.37500830193724;241.67789344074635;
5,250,False,False,False,0.2,1586.409301737354;,216.574061922543;
5,250,False,False,False,0.6,1045.0855941324364;108.10781343912764;220.88061023996326;,122.68462441799359;203.4929175824962;122.50855566648733;
5,250,False,False,False,0.4,62.364816678306994;48.39075323754646;,60.87947985454668;176.07277535009285;
5,250,False,False,False,0.4,71.49428007522364;3446.7058193375497;,217.9145190166236;280.1568020028048;
5,250,False,False,False,0.6,123.60138896080336;88.77917238332229;69.58503477465965;,218.63703033849305;138.25508459769458;126.45642604875914;
5,250,False,False,False,0.2,416.09569269895724;,178.6703793965568;
5,250,False,False,False,0.6,190.1721576350647;370.4221725489396;41.22001193765329;,227.88304168117193;91.25683445886598;310.38082817889773;
5,250,False,False,False,0.4,197.66644186276054;2455.6812695969534;,283.8484499938669;476.9326210087848;
5,250,False,False,False,0.6,369.73899750738906;181.85682795915267;264.4994377503914;,301.5484191925414;200.52581026402606;196.67784062250527;
5,250,False,False,False,0.6,140.1473398218167;171.43381715611395;1004.1052488622659;,49.3031941408346;124.65672622945627;222.05959021686178;
5,250,False,False,False,0.4,1536.4000179083737;479.2302228084101;,159.15746413985815;136.73429447642945;
5,250,False,False,False,0.6,4082.8213743074984;184.21614581027336;83.85027478251634;,177.68138541922926;55.777603619655;92.17297799185;
5,250,False,False,False,0.6,208.91192115374508;814.8797533248684;219.32411514144385;,424.6981948657673;238.87012744067871;173.22647356583064;
5,250,False,False,False,0.6,190.71405863766344;112.6057279913401;1554.1922444211377;,350.2157667840855;86.90457764010326;26.539022676464022;
5,250,False,False,False,0.6,163.17047476586063;116.06937491758563;25.423433346091997;,132.10280608458274;401.2429770650852;327.08993882391707;
5,250,False,False,False,0.6,258.06353964001534;660.4572880144864;77.52136947841122;,178.50817238759115;159.78092569921526;159.67830120784853;
5,250,False,False,False,0.8,225.67368244659173;154.25781212288692;400.41511429488367;2678.9415437642892;,116.13641513181713;107.99266594000848;312.1365176657629;139.8607717047254;
5,250,False,False,False,0.6,188.42846183384233;1523.9746782205095;194.4834571931448;,170.62072013416727;508.95647087220806;240.5593637853991;
5,250,False,False,False,0.4,615.4086058767737;2133.382737597561;,220.72233740110744;175.3632276693265;
5,250,False,False,False,0.6,189.27242202703803;91.52512729504927;1041.1162346429576;,242.98871082168398;196.14678016481736;570.4398336701707;
5,250,False,False,False,0.6,55.96760257385364;258.3047351881505;513.9516493384444;,70.2230847082246;103.30122877515142;113.70070104357814;
5,250,False,False,False,0.4,3182.7725371359516;178.0477776695774;,593.7952156629984;124.763312537832;
5,250,False,False,False,0.8,238.97967346544598;66.87443024228322;166.05892068499924;289.19439224852;,187.87019440307787;62.008167422344556;130.18131616935023;169.56224431173865;
5,250,False,False,False,0.6,70.41779625536617;5139.125652961226;55.2426286094028;,156.01814467200225;206.87429468765208;227.39560820109014;
5,250,False,False,False,0.6,177.95188763184433;1998.9824670171638;99.49196543649353;,277.0798648943905;148.31420943853135;45.76584773764601;
5,250,False,False,False,0.6,117.80151410012078;1751.4324279330012;1825.143449400199;,78.74521350179104;339.67709585304254;154.31433352748735;
5,250,False,False,False,0.4,638.1977540698027;1675.8380756207337;,201.18082748498094;122.04282900912709;
5,250,False,False,False,0.6,100.53190661221588;1920.845186948944;91.3594145137268;,215.85598019327162;318.7854032717569;138.34534964405708;
5,250,False,False,False,0.6,23.633484027988803;103.49838233854408;180.08802660510295;,176.94371839852258;140.70269403821632;105.72854340596494;
5,250,False,False,False,0.4,139.05285276474942;82.67303809609679;,307.2163952221914;70.41718965357254;
5,250,False,False,False,0.4,95.1479288810648;79.63887942882805;,358.38821430974104;157.83410199178584;
5,250,False,False,False,0.4,84.86183451696077;1115.7187135424151;,117.3391638907506;211.604216747435;
5,250,False,False,False,0.6,977.4573629068553;259.78938808216816;94.13670332207948;,97.33707843544181;247.639722318776;221.36691603478974;
5,250,False,False,False,0.4,183.61700153768456;79.2059276144901;,99.10299031115224;251.11735454701778;
5,250,False,False,False,0.6,196.54980219449453;44.26435117534368;69.68372825979334;,43.812927786418044;148.0485685221364;87.27348695149975;
5,250,False,False,False,0.6,167.52529465989946;308.10286803724034;1244.0939859998527;,216.57892846051007;155.6570191666993;338.5274490175063;
5,250,False,False,False,0.4,377.2166025197437;1123.805633774736;,223.30184431384146;336.7720304352559;
5,250,False,False,False,0.6,119.55896608993099;195.765263042416;98.95442221589121;,312.9081021034477;97.31851076052365;336.2823684791966;
5,250,False,False,False,0.6,462.9021921279152;263.5590568114142;61.25495206952492;,332.21125222900747;256.1380331812255;77.06435049223147;
5,250,False,False,False,0.6,112.83802794739361;78.02169668025608;1917.9532684656958;,69.93742281835051;72.14582194049895;51.15293063094211;
5,250,False,False,False,0.8,228.33321611666636;91.08999674181653;164.55894770791318;386.85236373637366;,269.2761852470995;127.52718022888521;136.06991704601984;409.3775413008736;
5,250,False,False,False,0.4,824.490320059701;99.83829952246637;,364.9302877554383;53.40914142743565;
5,250,False,False,False,0.6,879.6663390794498;174.15445592685936;102.35361348772413;,72.63746964209929;200.09832686564226;105.66451221512025;
5,250,False,False,False,0.8,2465.100785812248;101.87285530852145;138.73223220602895;47.21817606865336;,235.15489547942806;303.2234724835519;188.83188386895793;120.55866150876781;
5,250,False,False,False,0.4,150.49155712481232;659.1438394063031;,401.2881163150244;430.6387745602774;
5,250,False,False,False,0.4,303.8383020457363;513.1724429250444;,207.27693147331843;187.88276008495666;
5,250,False,False,False,0.6,185.99284983434507;61.88891373439354;251.20105211000413;,135.8296344178577;139.71156062577026;216.042782039921;
5,250,False,False,False,0.4,177.7260995992499;1723.7293334675403;,253.54862994059667;334.6276609125432;
5,250,False,False,False,0.4,332.98113658146923;1813.3171594018688;,176.63629486867276;219.46859299188807;
5,250,False,False,False,0.6,72.09003224909776;32.59155763089809;2002.3765401663347;,339.252819495557;57.00797920986696;310.5350247639876;
5,250,False,False,False,0.6,132.1063320211872;160.65126129789903;799.2495572591143;,152.8079845332753;150.45339462964895;193.377520418767;
5,250,False,False,False,0.6,266.2868711557299;4565.013804026049;87.34184192949898;,165.22355234180773;143.23287720009444;126.3184024846608;
5,250,False,False,False,0.4,150.0728278511466;980.8144994731871;,98.81233823061162;157.60066369566488;
5,250,False,False,False,0.6,163.67571011749482;87.82848590501757;953.9310755240905;,153.85306233599206;125.79290606799557;291.0782019767802;
5,250,False,False,False,0.6,469.7396562721356;114.0104933940934;1016.5670157791405;,51.535680779722206;94.61775228196556;237.2238127614258;
5,250,False,False,False,0.8,212.1336833475523;71.50880518684333;323.2440043420103;200.19223957245063;,309.6640357669368;268.0025674577255;458.5685558628039;183.46808866954055;
5,250,False,False,False,0.8,120.67565648094559;67.49790435861098;151.1591763894137;369.56601926458643;,226.36604435014007;135.56061681580226;207.49029255833784;298.981806103776;
5,250,False,False,False,0.4,227.04820864947965;432.76449347045474;,112.1361900092834;130.90903715290463;
5,250,False,False,False,0.4,235.98710904698686;371.7371024075923;,236.22030148439364;308.5270377661462;
5,250,False,False,False,0.4,821.4100009783555;1108.0601899839044;,256.0940376818279;326.0564955295538;
5,250,False,False,False,0.4,1117.078549284617;97.62062173144453;,385.7936229689013;119.84055181178451;
5,250,False,False,False,0.6,71.0852997290922;169.45662817153766;87.16998560012519;,31.687051193557355;182.3229287993635;258.58379341984477;
5,250,False,False,False,0.6,603.2521667080896;149.1440147681274;1349.156927758048;,174.59755136307746;33.315039010255525;164.4481215766743;
5,250,False,False,False,0.8,204.2593061710211;3966.74610852037;103.66968122540608;182.95867063392237;,196.39564607147275;153.24285754087947;243.61350303692106;185.57804285145832;
5,250,False,False,False,0.6,827.7401980646385;59.951930224869464;150.4373936166151;,340.8714493830343;39.58063407290237;154.57329937850866;
5,250,False,False,False,0.6,116.47337466919713;278.73608120586584;2532.4263988139496;,141.46415817641474;169.37723457935198;405.4350484288749;
5,250,False,False,False,0.8,69.25589096092804;236.271306199749;75.75032724420885;114.72255699809192;,99.18664906041214;247.61101039549885;183.10179553040035;148.48580009957604;
5,250,False,False,False,0.6,250.9638745488777;158.34901262966756;171.75871867534002;,360.7542207243002;116.83136269034489;65.09141251920838;
5,250,False,False,False,0.6,22.09607307688613;1817.4020696011455;620.7560020026287;,108.87939910433703;151.80446534201263;211.87504431575016;
5,250,False,False,False,0.6,303.1640719387801;1541.501049269289;134.13443733196246;,62.6854001487607;259.3638541862861;107.389975794063;
5,250,False,False,False,0.6,280.46069326033825;237.83075836872695;987.6000267341612;,240.14434230991228;201.3063534271651;289.24445336266496;
5,250,False,False,False,0.4,2740.7130792528537;167.10514102585188;,422.7766144817223;151.00760098241204;
5,250,False,False,False,0.2,510.9646683261006;,147.74117551869264;
5,250,False,False,False,0.6,89.70051976091216;172.19946290816478;73.6757490224461;,153.98350812034286;255.04974230279188;276.42245476746206;
5,250,False,False,False,0.4,465.7786555891054;662.335105704015;,412.1127255543092;208.00293360601302;
5,250,False,False,False,0.6,192.60608714261923;1944.4190105612129;500.79154763169186;,412.17257543869397;74.9358742913311;120.96662323743627;
5,250,False,False,False,0.4,177.55943445764785;1138.2677829390543;,173.10322806652218;237.42819563899104;
5,250,False,False,False,0.4,193.90910704937264;206.69607728006315;,145.23916498218617;126.38107142738625;
5,250,False,False,False,0.4,752.3599944949556;162.42200662551718;,118.79632718614366;81.32655887045775;
5,250,False,False,False,0.6,103.96588983641229;107.36286932471756;2016.9719064545502;,207.87958833554592;130.06465081071636;112.86217071872338;
5,250,False,False,False,0.6,1937.93242752943;500.7430981798796;314.76980377454527;,34.104849513817065;362.21759478472416;342.437909074083;
5,250,False,False,False,0.2,430.8864359791953;,162.30264305242568;
5,250,False,False,False,0.6,2272.861190628723;92.07776797445884;269.6174773574048;,318.2285478251533;243.3576433870128;329.7657844142678;
5,250,False,False,False,1.0,148.86394431347193;62.14549017218287;36.970265050057584;265.3348394221261;248.41052967076453;,150.77444887440808;79.96076308039683;111.72567446634964;117.18606570441423;360.7073452159525;
5,250,False,False,False,0.6,72.05796179860862;128.67672759347187;121.54086598649707;,96.36873964610794;199.02346286544127;130.8249659735833;
5,250,False,False,False,0.6,726.1304447166492;67.6385845882756;1288.5762558865536;,73.19789855097011;152.3793592394068;27.927756227757065;
5,250,False,False,False,0.2,166.2185822372175;,88.98415029916411;
5,250,False,False,False,0.6,192.11178685357825;180.61789204083172;168.98791355847393;,204.67365418805605;284.04649767284104;95.47396028216498;
5,250,False,False,False,0.4,257.69802519299196;589.1505138315122;,299.2834361459479;74.91093887082552;
5,250,False,False,False,0.2,397.9367708851517;,22.959251672182017;
5,250,False,False,False,0.4,261.5737698106827;288.8414183138384;,170.1943586079058;81.22367835377875;
5,250,False,False,False,0.2,407.9505252181362;,67.87290362690436;
5,250,False,False,False,0.4,32.374088443684364;3286.7137725986436;,458.9365245391471;152.96555776623597;
5,250,False,False,False,0.6,618.5529209103269;106.85347033404973;40.01713215503429;,299.13604814032516;24.99714451650067;237.6642093872203;
5,250,False,False,False,0.6,205.69387863941736;66.37342583105846;934.8885781309696;,225.1738946323093;196.37299166259766;42.85963504157471;
5,250,False,False,False,0.8,92.29774701985737;329.67426223341585;119.4463312426874;117.7666392980129;,87.97388465270826;144.07728581372618;77.43671628254582;218.91213025369322;
5,250,False,False,False,0.6,80.26206643853408;126.82337592194757;211.34084772108895;,65.57303802590796;155.28044474578522;176.5186727086325;
5,250,False,False,False,0.4,267.2900079137517;98.48852393416581;,232.52166492665174;123.02522932633883;
5,250,False,False,False,0.4,109.3215169948542;520.6009707094921;,107.79825593292317;87.10602262417729;
5,250,False,False,False,0.4,1031.04062986235;61.49852338785326;,310.8506965985445;44.28899777881194;
5,250,False,False,False,0.6,70.61000384298346;1050.7904034989924;104.05481633328436;,49.65381054801851;207.35795438555803;184.2843341179885;
5,250,False,False,False,0.6,1109.4206287465045;33.197639984670225;170.04040343265947;,171.89002895779262;272.0409858454102;340.0896574119476;
5,250,False,False,False,0.4,254.2198845179541;391.3339221155671;,258.85879785069443;273.7271137018312;
5,250,False,False,False,0.6,106.05121606947793;299.53700678520465;3984.182677686401;,91.38984630032739;310.9049835203001;392.04809931080666;
5,250,False,False,False,0.2,87.34466096743978;,25.8147740675542;
5,250,False,False,False,0.2,212.43947226500654;,96.6203770808393;
5,250,False,False,False,0.6,169.4319455329682;196.34522485090963;1791.2002676608722;,161.13077763294436;207.99667374494558;139.20013881651803;
5,250,False,False,False,0.4,395.82346463939734;132.92784708187386;,181.90929025459468;38.72265865848437;
5,250,False,False,False,0.6,199.8422329166845;246.59957728773173;387.96255100876647;,175.92481773917604;99.61629275750836;218.80697117874928;
5,250,False,False,False,0.4,2922.555584561006;82.45982956824257;,396.82385765524856;37.47731041300256;
5,250,False,False,False,0.4,375.7236364468535;120.67912670415527;,142.58186181899228;154.39281927235905;
5,250,False,False,False,0.8,197.16486082286679;106.54801025660855;57.21845833771258;2190.141791888433;,386.6958557064229;113.1016321208732;171.54000894790784;124.1778394053734;
5,250,False,False,False,0.8,117.0400769085428;267.0181233815358;211.1831072838461;192.60048172638;,162.954864299339;305.45567092468093;214.54854387885482;243.098858211097;
5,250,False,False,False,0.8,79.00435345168027;97.11468005210247;83.60946823330563;107.60573978358366;,164.41521362879615;282.81594696746777;141.1549591548003;290.74391622723846;
5,250,False,False,False,0.4,44.5911850533406;2451.342678960058;,121.39847888969852;151.8387276356625;
5,250,False,False,False,0.8,173.87908958673657;120.473470850122;1400.5796397046502;150.52147801436934;,150.1035064010993;220.24177765197342;163.15086889364773;123.70963149763409;
5,250,False,False,False,0.6,76.22254521592794;187.7805530146682;321.4486990819443;,242.73147656567411;92.66078044362334;69.90669510166624;
5,250,False,False,False,0.8,122.76454724545394;271.53936311224237;64.31494484123857;169.44078563141437;,34.05573763806298;261.5547893710159;65.46836007140695;54.29000758217777;
5,250,False,False,False,0.8,47.43535685820143;46.63876941236296;251.7891204711781;1536.3422938232459;,306.0524570007143;86.58762541439357;312.78298715339275;172.00840185953163;
5,250,False,False,False,0.4,92.26803902172539;374.5568124019843;,101.97814788110149;362.54886782595344;
5,250,False,False,False,0.4,302.789943122714;2501.6407985893047;,159.35960042954747;118.7313116168296;
5,250,False,False,False,0.4,393.39337680804744;1467.0386340373132;,256.87827452305885;88.07777957566249;
5,250,False,False,False,0.6,202.8583573348545;163.90676234695326;197.67003994094415;,174.9917014953092;190.46975880382678;147.9515616134784;
5,250,False,False,False,0.4,134.71022362448525;303.96587414556006;,217.9775348949021;252.47829150364188;
5,250,False,False,False,0.8,102.08059876403749;284.401793643729;203.53927759527662;105.4930827194143;,136.4026956549445;175.9784727194141;61.11316848003115;228.15147245613545;
5,250,False,False,False,0.6,1530.6256230855147;132.89459102535798;221.84574609536057;,223.20257270596326;235.7978390676095;206.4407367937338;
5,250,False,False,False,0.6,146.0371785408282;46.83171562597926;1102.1251888774334;,169.82089733498668;194.91440972202759;220.67208782645437;
5,250,False,False,False,0.6,203.86438552917733;78.41453995442143;119.4917735695072;,129.55607529332977;267.48293814194227;138.6939094092444;
5,250,False,False,False,0.8,107.99533840719361;3223.467389440464;311.4580562827256;168.0207215339833;,31.730136962174694;241.07617337258716;200.64526136552897;175.88313092943;
5,250,False,False,False,0.6,421.19531422266664;134.73950641788326;94.26634255002345;,244.70246353586944;211.5245977113963;139.48846945128363;
5,250,False,False,False,0.4,71.85071862364798;2328.37929505435;,29.648274712131524;480.658674674046;
5,250,False,False,False,0.4,267.2431540411406;3186.032709951119;,207.5275294060882;461.1197193747185;
5,250,False,False,False,0.6,610.2479252680108;268.85247486493097;13.929704240194775;,66.01225003351416;108.51357791447339;137.87793642998616;
5,250,False,False,False,0.6,196.40981279649975;96.11550663756498;222.22055576996468;,195.2576453285619;167.41325046079976;168.5067032160772;
5,250,False,False,False,0.6,161.28202699222288;3080.926932495393;213.23383893833727;,148.51449321299617;97.88158853566439;112.69351819210445;
5,250,False,False,False,0.4,172.1398985834791;200.00595927688678;,213.81047763736845;121.6660422320314;
5,250,False,False,False,0.6,296.36141144806845;3273.0189286321497;19.07112206333131;,393.36076253196154;188.42181944305;76.68447685712195;
5,250,False,False,False,0.6,225.47551657133127;49.51050213173191;503.4625221468661;,295.75491219933076;257.2377585779083;140.4042432005102;
5,250,False,False,False,0.4,156.8216060791883;508.25261785040715;,280.6342308355063;248.48186242425362;
5,250,False,False,False,0.6,167.04752535358276;19.521580192390882;136.77360801481285;,287.8246491556264;164.16656734621253;151.29760654629587;
5,250,False,False,False,0.8,234.53765982432873;57.72183628822828;100.0836398314831;349.7446330433876;,193.28204973390456;168.910285310789;152.5188446575762;673.7977967228715;
5,250,False,False,False,0.4,130.88944888997838;1138.9865153232652;,233.69727301885584;81.9234409824824;
5,250,False,False,False,0.4,523.1134043020136;155.98339958367848;,107.60198406333897;146.70776053884197;
5,250,False,False,False,0.6,128.8139730544932;329.3399732691534;797.313336659641;,83.86585466314123;220.5903125203273;103.34332766134571;
5,250,False,False,False,0.6,83.40280236527585;159.08833624128417;3966.1150263228583;,145.9820038049585;264.3281685913456;434.569536230961;
5,250,False,False,False,0.4,446.81138804561215;3907.906255796708;,266.5711929331072;152.1323342013427;
5,250,False,False,False,0.8,225.6664533230908;218.18289851677562;44.67606212388852;361.79318310215535;,342.7544161276826;225.1525790174389;29.128221252438248;157.00333394203963;
5,250,False,False,False,0.4,255.44940654156804;4087.544350620262;,451.1520352069943;283.4928960740263;
5,250,False,False,False,0.6,197.69887646255847;147.32611268313877;941.5871354101062;,479.27195262216514;185.1138457796619;145.35565981090582;
5,250,False,False,False,0.6,175.29051226399758;219.9229228272257;1331.1463138252695;,135.3115194039761;237.53624841944236;127.84050125457289;
5,250,False,False,False,0.6,343.62500818086727;1239.6933475008382;93.3055489069977;,65.30788071271843;368.0181242917739;69.06946024334913;
5,250,False,False,False,0.6,675.243377697631;117.31428715131652;283.0963310075604;,124.01889650323844;228.76678555227284;254.38436467606846;
5,250,False,False,False,0.8,195.61601606993997;90.79900375703446;107.16902313238884;199.20533415775012;,268.79081943697685;153.99777669390969;74.14323953060001;154.43927424942603;
5,250,False,False,False,0.4,618.8390328035965;2773.0533337438924;,44.783066691140206;87.38582792442469;
5,250,False,False,False,0.6,103.81554676724315;224.78181381123306;2577.126915969318;,193.15431281294522;230.999068558925;393.63620445142317;
5,250,False,False,False,1.0,78.63647884854282;386.4391885031748;277.9236349468729;225.2334889114839;267.116131841099;,12.975011856578007;238.62161987103607;333.0434584554051;434.5244814649102;321.9793889977245;
5,250,False,False,False,0.6,193.79672290557937;256.7398289744963;4502.02816306691;,241.05339001623278;31.0797063295723;349.2332932896301;
5,250,False,False,False,0.4,156.8150000636276;167.888151579792;,86.63588813646204;77.07650735884792;
5,250,False,False,False,0.6,133.53661477492116;4076.39987355991;336.7844939590068;,216.83674391315884;214.58064691036355;214.13524093227397;
5,250,False,False,False,0.8,155.6573495370857;234.20632514041924;284.5485983878206;150.62539899309945;,223.21566252305482;241.4476153486144;286.40382089597796;109.40236484826922;
5,250,False,False,False,0.6,137.55256759420354;101.70173474557032;678.45110097381;,605.5026993864659;254.78616440548788;249.2276374448652;
5,250,False,False,False,0.6,215.58256243159704;115.91141224137178;814.8019092346265;,280.71562310529157;73.83495487415047;184.28434701724936;
5,250,False,False,False,0.6,54.05132131864946;2620.453326832005;437.7835363603464;,111.64225328570336;126.29456748318526;244.35992614290097;
5,250,False,False,False,0.6,685.2378286581504;48.0029428295184;234.97373043890352;,225.70292452529654;133.57515197081884;173.90618300410824;
5,250,False,False,False,0.6,216.33407256420915;344.6174960113531;134.74468009151238;,332.7325862282299;257.3351265622979;110.27071059805726;
5,250,False,False,False,0.4,972.2745934583288;333.20021911951375;,91.84934076206886;317.78106590832124;
5,250,False,False,False,0.4,685.594343305261;185.2768390836568;,379.37434879219796;168.15613481084242;
5,250,False,False,False,0.4,269.5584036859389;5145.553367863884;,337.21448849220064;198.6354753354816;
5,250,False,False,False,0.6,1337.7035297557557;92.68157043059342;982.2160803866568;,163.23477185891068;210.92198184938698;115.6826414733285;
5,250,False,False,False,0.8,285.7701579540623;4.6055269443629845;106.25817278686328;87.76534972806449;,164.225244254155;153.035746439038;83.89138981017236;206.8677609362097;
5,250,False,False,False,0.6,208.37338426589739;140.41190195844428;737.8780880699597;,192.68283450065212;256.3170359298914;293.51405434224677;
5,250,False,False,False,0.8,189.65855953917628;405.6267622487684;43.077503121874095;36.24364027878524;,104.02346732197105;305.902515822584;358.39680996580745;86.0415425054375;
5,250,False,False,False,0.6,105.70885197710041;229.35844519459337;3845.0684336081226;,307.8698042887029;307.7361929977335;210.31976193112732;
5,250,False,False,False,0.4,159.0025053738844;3837.6074685379554;,275.6630842121075;116.29807781931389;
5,250,False,False,False,0.6,138.15479404962994;353.2751473354386;506.39700802090175;,321.85409248598665;265.4529299603245;263.7558766971175;
5,250,False,False,False,0.4,94.04506271079588;3509.562292147042;,204.61172632221562;27.206935945360012;
5,250,False,False,False,0.6,271.95207636378694;336.2182925448824;372.1207930916053;,302.02937772884394;284.70171214856026;362.0593563222818;
5,250,False,False,False,0.8,208.02234827421896;109.44292312939601;125.41111169564053;271.43695756553234;,260.50119985878865;119.78356455873616;71.70047479159419;285.68397640634157;
5,250,False,False,False,0.6,1070.730247971943;199.25816912257665;277.547024357511;,232.01251140871352;21.661378155055445;422.47381817815216;
5,250,False,False,False,0.6,281.3476850808883;94.20563541517517;108.83484181048527;,194.91373080401658;136.9924260884629;263.9278072407754;
5,250,False,False,False,0.4,196.31215945679813;500.7195219359981;,351.0271445844987;241.82512753760633;
5,250,False,False,False,0.4,143.76288210100117;992.0217659048517;,181.0261839019882;254.13041591067125;
5,250,False,False,False,0.6,74.57006402821861;1348.9427511520219;34.365645221893;,135.9146395133721;284.7799342176403;122.26186027825673;
5,250,False,False,False,1.0,111.01565185923576;82.84627048638161;203.5472768640042;140.5400061432626;89.62182497404031;,302.6558757861644;53.7219483194974;368.30890345565444;283.8208717492976;193.11172863774712;
5,250,False,False,False,0.6,379.5300349860585;275.86523491425896;28.311853272114117;,211.34885099033866;292.71545745829087;84.07383676431526;
5,250,False,False,False,0.6,547.8529260943197;266.2587811902428;149.33641549953677;,112.29232079838538;163.440216172383;178.00683564781795;
5,250,False,False,False,0.4,155.25922161952647;118.96134724837884;,156.93460976685873;350.50742638127633;
5,250,False,False,False,0.6,3817.723684420094;287.29582762147953;1059.189495799693;,147.91510596776513;54.7667037700494;384.1487170932487;
5,250,False,False,False,0.4,200.81901966928697;894.451428953472;,166.5070534820816;112.9809349290805;
5,250,False,False,False,0.6,147.14137828757006;89.51700896757245;4465.6189926788575;,255.04967294119712;154.6002363041037;247.97026735984105;
5,250,False,False,False,0.6,954.3779985912804;113.73903346482588;468.8746084316947;,407.3793833123991;282.05338237606685;170.95380094106966;
5,250,False,False,False,0.8,152.58910387065094;73.02730496483242;106.7251059056254;171.38756512334925;,231.2930394019365;52.6144607250645;73.67602174064089;197.33686132427945;
5,250,False,False,False,0.4,201.78437526248206;83.30966773933844;,103.37579078389874;31.134685567317586;
5,250,False,False,False,0.4,130.67149778242901;3010.4802984248417;,257.07927207610936;263.0571449070816;
5,250,False,False,False,0.8,55.31158807761857;219.08796454714354;125.16931640459802;458.44205813501054;,101.90176265340467;264.34290230525863;195.43200412907885;263.80686270117616;
5,250,False,False,False,0.4,973.5987287505159;53.46240142786515;,209.25545903320676;147.0234747577744;
5,250,False,False,False,0.6,217.06871734894935;293.90479156037287;1970.0736525784887;,206.26885728460692;137.8154609610851;263.91582366627773;
5,250,False,False,False,0.6,109.00881636757889;202.73316222844866;2464.130023774501;,74.83394816889431;255.52909801985948;46.138324780673926;
5,250,False,False,False,0.4,281.0078398865302;1117.2204273424873;,330.60165318409133;166.54148442076166;
5,250,False,False,False,0.8,74.66661873195021;287.12487648036637;278.93606491138996;205.43049177926423;,110.16612682677622;226.58832265312986;344.7559871674925;210.30503832133837;
5,250,False,False,False,0.6,110.29122515041377;505.58826808974095;109.1205446021769;,192.9556694024618;273.53464790958014;190.22285850785664;
5,250,False,False,False,0.6,109.30473563905402;157.15823052341653;241.0819655568552;,306.88404907942623;185.2695905328117;296.40115498305386;
5,250,False,False,False,0.4,545.6283300852167;1497.040772120819;,145.5994073692914;430.350973816861;
5,250,False,False,False,0.4,570.3127984555008;93.79476054085886;,186.49109826697108;179.85183585454652;
5,250,False,False,False,0.6,142.32315835924513;639.3040159902587;146.56908530605295;,18.695163911470093;298.5352302724762;204.78473461466928;
5,250,False,False,False,1.0,276.0917948179649;283.7831626134316;110.54247131862694;55.27583899927561;61.485063572218195;,151.5491990688134;170.0663066107986;508.8216331537089;190.98064807484434;213.20782827142312;
5,250,False,False,False,0.8,569.6565049424123;589.8245694668412;154.34767320972844;146.04023860974092;,183.3878598185208;373.45008102891995;173.16771652413345;160.03109256027213;
5,250,False,False,False,0.4,685.7579375070757;1847.483498715974;,159.63928981748649;186.7816898216953;
5,250,False,False,False,0.4,1087.4914385536244;158.70666290448833;,146.0327266537259;199.91040458379408;
5,250,False,False,False,0.4,67.20585365817648;407.23485380159565;,117.61414270545495;206.5982696712119;
5,250,False,False,False,0.6,366.33210588274153;2200.030687828393;113.21584400144793;,134.9571717309748;300.1815149450834;266.08241168974314;
5,250,False,False,False,0.6,162.77294430913332;128.59225224592885;119.44071758545739;,224.3535337739861;150.67980349435595;100.72650443083748;
5,250,False,False,False,0.6,199.55372824661157;254.82550634304786;284.34174223846287;,186.52287991996428;144.81592981785238;204.79338439721369;
5,250,False,False,False,0.4,100.63998790811577;403.4794549081228;,111.52380851989521;68.54292523672227;
5,250,False,False,False,0.6,202.1521362493243;93.78332617347834;595.4384747091951;,127.64040780397663;80.70986803956747;60.157255247085715;
5,250,False,False,False,0.4,695.0309031389932;182.4244579648759;,267.79428270398256;338.98658141396766;
5,250,False,False,False,0.6,282.2552777511472;206.83878384516956;513.5071968717336;,149.4774113725196;118.08634770754348;169.18985870642763;
5,250,False,False,False,0.4,404.6446523348407;2355.6191586833493;,123.20950110948392;343.64639826597397;
5,250,False,False,False,0.6,96.93307513324461;1115.668001473288;170.97592446676083;,185.76195679222803;176.31578605663245;225.29996165962677;
5,250,False,False,False,0.6,140.07165386345181;158.1573176733592;268.4956733500239;,129.41188038307604;264.10754129802837;465.01141439237256;
5,250,False,False,False,0.4,138.00253137124497;4665.35736804808;,170.9948801672344;197.7405426976768;
5,250,False,False,False,0.8,107.1519769901849;152.3277436372378;11.345452922117877;529.751563960146;,132.12926367411276;128.48528707554843;121.13452302171173;200.98914079372375;
5,250,False,False,False,0.4,72.09151895047188;188.8173158913573;,79.00083777273301;230.324684976935;
5,250,False,False,False,0.8,103.00203520600412;490.87384718086616;39.440270329406644;273.4590017699729;,106.72447164669555;44.389225424862744;479.38483319882636;234.22352069030703;
5,250,False,False,False,0.4,288.7660263956566;78.78288538119676;,320.27215805211375;274.062047301341;
5,250,False,False,False,0.6,203.83874405417927;491.63456484149947;1005.3498062253295;,109.32858260180939;125.59576572180032;174.78415135727752;
5,250,False,False,False,0.4,538.3598768585723;58.80044145546503;,110.10671267508656;255.26725592154483;
5,250,False,False,False,0.6,192.8083927035085;279.83477598626916;159.28206409054704;,220.41395475557266;339.8209763690618;284.62561390951737;
5,250,False,False,False,0.4,1332.4832588217107;185.17736426375734;,114.83528690687821;56.51343674953521;
5,250,False,False,False,0.8,30.26216928415231;378.30420262294734;157.2709130838246;290.16764999380393;,48.001883220219085;402.4460565695433;77.61746952846613;214.09543165909926;
5,250,False,False,False,0.6,98.60870336809677;154.3340643097013;566.6872663321926;,86.25617242406192;279.27703923091883;168.05286735473496;
5,250,False,False,False,0.6,236.8767208570938;102.86242831786714;1292.9488353675838;,197.1113021408536;152.71839257301298;36.94055005560934;
5,250,False,False,False,0.6,43.09182915629108;240.31369533881656;18.839443894596073;,153.07426046645952;230.69286274216765;173.1933216488715;
5,250,False,False,False,0.8,129.97821562923187;503.1637195730013;190.60660264986592;56.51089060396617;,48.78341235341837;51.03586935818299;111.62773495100627;142.04469657430704;
5,250,False,False,False,0.6,288.1729964678313;529.7859104965858;3677.7092071542534;,269.9824606846054;211.70768978644605;52.53258280109883;
5,250,False,False,False,0.6,144.34126703938662;143.01047053424745;1786.8267752765644;,137.92956593965997;201.69719708770285;61.70087500010231;
5,250,False,False,False,0.4,174.98950252098575;140.35677045839296;,143.8111945492196;126.78242395504499;
5,250,False,False,False,0.2,331.9698655062526;,345.59683423638916;
5,250,False,False,False,0.6,315.94259927333565;264.45180354634675;46.825855953013395;,391.60368077316485;169.448745966619;71.35850403431395;
5,250,False,False,False,0.6,273.4753423353871;53.20329051906174;63.32710635815657;,147.64853887100685;9.112250489389918;180.03435192423325;
5,250,False,False,False,0.4,264.89621112368;1406.7358086365707;,269.1631787722652;102.79189966916744;
5,250,False,False,False,0.8,110.78420996798502;167.69086117983636;79.73405417567318;222.61769422808257;,238.56951254863017;131.14142356948605;21.99559192720433;247.7063117532631;
5,250,False,False,False,0.6,671.9293083194982;309.8007341941425;164.03260876569712;,144.43689079015948;52.35298799300597;219.65658185527587;
5,250,False,False,False,0.4,95.53652098028344;1284.6986564302254;,379.10442560795326;179.82595471656188;
5,250,False,False,False,0.4,275.5348577195287;2093.33084048539;,34.157549431709285;214.5256766823811;
5,250,False,False,False,0.6,175.53091223159777;226.19803577869752;3025.3032207376605;,225.57265287249115;116.11002464123825;99.76648428371486;
5,250,False,False,False,0.4,128.8941351119677;22.34874345271439;,183.58443611892292;198.75420080553454;
5,250,False,False,False,0.6,267.44219548370774;132.97751105588938;235.6219332163036;,153.61464513331788;112.54968338124438;209.01803942810696;
5,250,False,False,False,0.6,1062.7837650132558;253.89922207710745;177.7482540063874;,276.6928640296519;300.68516579702367;21.205759051007693;
5,250,False,False,False,0.6,87.76367598702491;177.7417857453434;482.1922951982084;,103.21588334374515;214.55365797587373;121.85259515134119;
5,250,False,False,False,0.4,295.03086810245753;176.10894265978544;,70.57202890128028;193.0808132505037;
5,250,False,False,False,0.8,234.4177497844519;115.96612218531078;318.62985715117446;239.7264043896677;,132.6433661280814;249.7386870056892;222.18283510495746;202.7621848098361;
5,250,False,False,False,0.6,74.86184970357279;203.59973104549223;735.8970458733014;,188.1096567913566;101.41509258536699;220.44558618989825;
5,250,False,False,False,0.6,275.6106047974806;3308.1463466165037;306.55991038007556;,157.66238967286614;157.25812170480688;181.69254479279465;
5,250,False,False,False,0.4,818.9452579915936;304.68468821096496;,64.23355359433607;369.737807003975;
5,250,False,False,False,0.6,193.85033584360318;309.93837816994403;1998.8940271105791;,211.0260065792704;198.72638658037152;458.63307060449426;
5,250,False,False,False,0.6,113.90979148337625;152.46597878288273;85.25196097333179;,407.6335643974641;94.82471270773063;203.26320848656553;
5,250,False,False,False,0.8,89.24238516631243;65.82351729656946;163.00194400827965;313.50461049309024;,174.35892674355227;106.51961498287697;185.9771043802193;409.13288208438837;
5,250,False,False,False,0.4,438.3388925450652;163.70530124069197;,265.89611230513333;238.12263148116395;
5,250,False,False,False,0.4,674.7184436631608;1147.034636098988;,104.88313390096111;327.3189510918022;
5,250,False,False,False,0.4,162.00829012511826;169.9125726221566;,194.00745504100684;215.27926543649295;
5,250,False,False,False,0.8,61.921172980962325;287.1149124883683;196.67169955051963;216.30837532944653;,191.78870918698308;216.57143875277885;264.24864547651913;110.99407269690778;
5,250,False,False,False,0.6,204.8771281029776;1607.0952175882617;179.61627986757043;,219.37839068854785;188.2939661041907;61.697636416989695;
5,250,False,False,False,0.4,392.46693621833106;408.3846716796089;,158.89883712140528;32.91247867384045;
5,250,False,False,False,0.6,251.0195472424331;158.04174976010333;88.7458165329986;,170.52936376004186;145.63249409764475;73.52518310583027;
5,250,False,False,False,0.6,235.16845354024923;75.986521861762;121.35210885960517;,72.1179753203564;181.6392133555136;176.12704568846155;
5,250,False,False,False,0.4,78.422371485245;2458.083655568344;,37.35609724765303;191.4369870229188;
5,250,False,False,False,0.4,419.48932849113623;347.5819527527955;,155.93045741644835;237.28785367956908;
5,250,False,False,False,0.6,3632.685020177491;72.53790027271893;101.97860359305827;,40.12891672429406;96.9511416832676;175.8359831625739;
5,250,False,False,False,0.6,107.80997112610059;155.0392286760108;3209.0902933665684;,119.94626896567257;374.50201638491643;292.88720753302925;
5,250,False,False,False,0.8,720.0022858551708;100.7762738819062;269.5462829392566;262.14207493035957;,157.43967000194849;165.223434344077;183.51903677931517;99.48318514793716;
5,250,False,False,False,0.8,117.19463778396928;58.45777186541735;101.0602468077703;237.21787371312018;,199.7286634404991;51.91529676609413;88.14444396333212;138.1310904064397;
5,250,False,False,False,0.6,57.82758323581102;80.33707754157977;163.11054109288506;,116.89751257015637;207.2840377549014;163.80600009169893;
5,250,False,False,False,0.4,132.91039796097806;639.9631536140658;,73.7677704023494;191.21605862890848;
5,250,False,False,False,0.8,910.8039309115139;65.43181198769238;13.507487201320814;223.03345851235295;,276.5693165053636;156.27753538088814;127.73122062347716;275.15940312446565;
5,250,False,False,False,0.4,613.0310712063407;251.42926926093455;,291.60455052090623;125.1667196209154;
5,250,False,False,False,0.6,877.1302328594318;152.12917794694354;2218.490766006006;,393.52343556434397;366.01048190500836;331.7073952537165;
5,250,False,False,False,0.8,290.06028693655975;147.91877412163834;138.51400678781087;291.96431841049997;,127.72031796139419;93.6195330766267;107.80181983675286;177.31912559869218;
5,250,False,False,False,0.8,357.70883741780403;96.47316534183095;208.50323798977283;3811.044171596808;,152.33652306882072;184.66342764148698;133.95894237493866;297.8213258332881;
5,250,False,False,False,0.4,307.6966329359773;2849.9920305737355;,213.9234536152241;297.1666433684134;
5,250,False,False,False,0.8,189.84267804270067;78.72877903556005;40.16079810030964;4263.554904702817;,212.67903437858018;234.9235025967457;134.49520821317688;261.4656232151845;
5,250,False,False,False,0.4,853.2269612383033;166.0138724292531;,157.6505505800438;67.91717545366639;
1,500,False,False,False,1.0,444.3967721727411;,591.3614074958857;
1,500,False,False,False,1.0,399.76727520154463;,374.10471455192226;
1,500,False,False,False,1.0,439.14765765166766;,411.78626114228047;
1,500,False,False,False,1.0,318.339841782517;,450.62035979735276;
1,500,False,False,False,1.0,479.56949200915165;,607.8392531789274;
1,500,False,False,False,1.0,30.458470454100322;,61.680308943966345;
1,500,False,False,False,1.0,643.3231819400492;,752.2706237257469;
1,500,False,False,False,1.0,335.65068333899615;,372.77261290602735;
1,500,False,False,False,1.0,319.71076123333387;,636.1313565515316;
1,500,False,False,False,1.0,239.45469126265655;,374.52510828667954;
1,500,False,False,False,1.0,178.84225405732118;,582.0889890054252;
1,500,False,False,False,1.0,212.1069683402678;,580.6059492981967;
1,500,False,False,False,1.0,159.15386162954593;,171.46048777451435;
1,500,False,False,False,1.0,286.4827458275332;,363.2599576285818;
1,500,False,False,False,1.0,110.7983215296708;,535.2761526589491;
1,500,False,False,False,1.0,746.0837400470493;,845.966195331719;
1,500,False,False,False,1.0,570.1077473023114;,426.3232148017798;
1,500,False,False,False,1.0,271.16301274930055;,261.5834750067565;
1,500,False,False,False,1.0,360.8917949426651;,220.98789028341335;
1,500,False,False,False,1.0,149.35289652815885;,290.6472537212973;
1,500,False,False,False,1.0,187.45548719632262;,338.9446974265522;
1,500,False,False,False,1.0,448.6634904751608;,483.0526649452772;
1,500,False,False,False,1.0,486.7557767619946;,783.712972320197;
1,500,False,False,False,1.0,266.3803643529935;,261.0571807155579;
1,500,False,False,False,1.0,183.2527212576135;,474.02003280203144;
1,500,False,False,False,1.0,884.005240306325;,252.95262050956057;
1,500,False,False,False,1.0,63.60473424442787;,257.3736668000801;
1,500,False,False,False,1.0,313.4664178967827;,137.99073033896354;
1,500,False,False,False,1.0,141.49913770427213;,23.329327294119423;
1,500,False,False,False,1.0,113.08818030081885;,434.43238763295614;
1,500,False,False,False,1.0,175.816233398383;,85.7225016479213;
1,500,False,False,False,1.0,603.721390451904;,629.5491086022788;
1,500,False,False,False,1.0,118.01300645795313;,170.1536956189138;
1,500,False,False,False,1.0,189.0935133154938;,223.6573952780613;
1,500,False,False,False,1.0,1032.4244380440891;,1123.0071007572658;
1,500,False,False,False,1.0,853.3681910466528;,780.0118356545715;
1,500,False,False,False,1.0,261.32416699328496;,448.5978548148103;
1,500,False,False,False,1.0,633.9031420262692;,1163.7243755510353;
1,500,False,False,False,1.0,219.87665979915514;,156.9493187275581;
1,500,False,False,False,1.0,423.1274725165369;,464.7974842516188;
1,500,False,False,False,1.0,225.00141817673602;,197.88752636469897;
1,500,False,False,False,1.0,347.23511465941294;,381.15391963127973;
1,500,False,False,False,1.0,424.8473457315135;,382.83363621502286;
1,500,False,False,False,1.0,458.7789488069196;,152.800771829015;
1,500,False,False,False,1.0,228.47204904869164;,617.4370136230631;
1,500,False,False,False,1.0,375.95504518880574;,402.2008955749397;
1,500,False,False,False,1.0,253.7195288892447;,327.69065030618975;
1,500,False,False,False,1.0,495.95814091821666;,648.4366920344401;
1,500,False,False,False,1.0,292.29210558071634;,496.9706426877404;
1,500,False,False,False,1.0,801.705169124298;,253.92887215714038;
1,500,False,False,False,1.0,343.9149742898568;,390.25373677141596;
1,500,False,False,False,1.0,211.9961998100371;,486.3333532516508;
1,500,False,False,False,1.0,96.98974015531495;,415.6360166033791;
1,500,False,False,False,1.0,361.7907756040775;,181.62204898340164;
1,500,False,False,False,1.0,92.64076569731716;,155.91538526346508;
1,500,False,False,False,1.0,357.8919057663954;,361.3304919472411;
1,500,False,False,False,1.0,184.4297993943806;,377.0958324695981;
1,500,False,False,False,1.0,472.3853853292062;,572.1805941975584;
1,500,False,False,False,1.0,408.11863032045136;,366.8397425955217;
1,500,False,False,False,1.0,283.90299828687426;,238.52359006855892;
1,500,False,False,False,1.0,298.4731350546512;,474.26829848252135;
1,500,False,False,False,1.0,326.31413060929754;,544.1611935007006;
1,500,False,False,False,1.0,353.0877228082934;,430.5898696133994;
1,500,False,False,False,1.0,151.2243559921407;,315.1748091702928;
1,500,False,False,False,1.0,611.2910664200502;,478.79419457934256;
1,500,False,False,False,1.0,146.19580931487238;,447.80226359109736;
1,500,False,False,False,1.0,235.80406288424203;,561.205630305752;
1,500,False,False,False,1.0,525.5467447346525;,644.544242614897;
1,500,False,False,False,1.0,180.24023215641148;,529.7871588953577;
1,500,False,False,False,1.0,325.45033634499674;,791.7040907793245;
1,500,False,False,False,1.0,112.932267658758;,557.3867943225986;
1,500,False,False,False,1.0,286.25953687777695;,267.6579276613385;
1,500,False,False,False,1.0,99.63404838054625;,39.80199823869297;
1,500,False,False,False,1.0,209.48275139304877;,404.14653177258947;
1,500,False,False,False,1.0,795.2341409431214;,842.5006229257073;
1,500,False,False,False,1.0,408.51833195261634;,457.10153653751877;
1,500,False,False,False,1.0,326.65482460265474;,292.7497390446404;
1,500,False,False,False,1.0,120.68494253235443;,319.50897073620905;
1,500,False,False,False,1.0,232.18292709872117;,220.84775005276657;
1,500,False,False,False,1.0,220.67367677481138;,460.25795440606885;
1,500,False,False,False,1.0,246.79433319972708;,232.3295907093834;
1,500,False,False,False,1.0,544.4399600360995;,454.9578988957753;
1,500,False,False,False,1.0,620.1345010136852;,451.7441032506;
1,500,False,False,False,1.0,171.18297118587694;,353.4078518621105;
1,500,False,False,False,1.0,312.8665179533056;,315.25443713743397;
1,500,False,False,False,1.0,279.9447342489292;,384.1330037083721;
1,500,False,False,False,1.0,270.30174898795764;,675.1118933578539;
1,500,False,False,False,1.0,325.96247880508906;,547.8342208074266;
1,500,False,False,False,1.0,412.6773607628873;,408.0317489088877;
1,500,False,False,False,1.0,142.33108673226522;,137.39457616457688;
1,500,False,False,False,1.0,444.6065652021934;,641.5340438461521;
1,500,False,False,False,1.0,63.358478949669404;,260.2406519973215;
1,500,False,False,False,1.0,140.19037402447606;,242.010376505469;
1,500,False,False,False,1.0,261.7230901363912;,413.8271908725587;
1,500,False,False,False,1.0,195.57819253384284;,407.3024484437084;
1,500,False,False,False,1.0,200.68711013523748;,167.73898724150175;
1,500,False,False,False,1.0,506.5919796589063;,299.9021086924589;
1,500,False,False,False,1.0,202.1510296373564;,480.3266861996702;
1,500,False,False,False,1.0,480.5017602427416;,644.0931594125695;
1,500,False,False,False,1.0,173.5749996854671;,334.5934680961651;
1,500,False,False,False,1.0,110.73666359298156;,32.76913443572084;
1,500,False,False,False,1.0,554.3344824631992;,563.7074742028301;
1,500,False,False,False,1.0,327.2331109982299;,284.28987326125105;
1,500,False,False,False,1.0,215.52363691175458;,306.61790428997847;
1,500,False,False,False,1.0,225.59748024827584;,205.42392500445652;
1,500,False,False,False,1.0,143.21291316919252;,174.9564666565234;
1,500,False,False,False,1.0,263.21652045556;,406.81326329171526;
1,500,False,False,False,1.0,315.4819638621103;,125.95480773350526;
1,500,False,False,False,1.0,450.98706728562985;,613.1683402241407;
1,500,False,False,False,1.0,166.60728018331358;,78.60526226786476;
1,500,False,False,False,1.0,532.6249878620453;,476.46347717534985;
1,500,False,False,False,1.0,467.5579712478976;,468.32937086832794;
1,500,False,False,False,1.0,442.9042484865667;,575.6407185071191;
1,500,False,False,False,1.0,354.7191204636104;,237.4942999456783;
1,500,False,False,False,1.0,85.27654450465128;,324.04889156328426;
1,500,False,False,False,1.0,321.86657468318714;,206.8480985343825;
1,500,False,False,False,1.0,811.639093239603;,725.4059422079556;
1,500,False,False,False,1.0,424.9584584841855;,623.6598451850795;
1,500,False,False,False,1.0,534.0968201329465;,564.4639530551484;
1,500,False,False,False,1.0,318.8660471878984;,498.80373705043695;
1,500,False,False,False,1.0,223.62832140741597;,127.8633228776807;
1,500,False,False,False,1.0,286.1365381378266;,303.3370810605967;
1,500,False,False,False,1.0,729.7992116741233;,654.437672140758;
1,500,False,False,False,1.0,225.647714708336;,421.86468707214044;
1,500,False,False,False,1.0,451.9992303173375;,363.41021636320176;
1,500,False,False,False,1.0,60.90212389621969;,97.11329610464628;
1,500,False,False,False,1.0,137.63437554902643;,128.93160514778992;
1,500,False,False,False,1.0,429.0766848599061;,262.90028070411694;
1,500,False,False,False,1.0,325.182643424048;,579.0714770123797;
1,500,False,False,False,1.0,189.31808490655004;,30.80041664368836;
1,500,False,False,False,1.0,53.96632244216101;,261.8111912763987;
1,500,False,False,False,1.0,374.80626689461315;,402.2383889917316;
1,500,False,False,False,1.0,204.79757802511475;,356.1496042947196;
1,500,False,False,False,1.0,375.61184932103237;,391.3396820189286;
1,500,False,False,False,1.0,420.24234209314983;,374.8953677007555;
1,500,False,False,False,1.0,144.21900758661587;,404.238007962981;
1,500,False,False,False,1.0,247.4077127333953;,352.68327801989255;
1,500,False,False,False,1.0,258.5193052493715;,397.38092214554257;
1,500,False,False,False,1.0,310.5317058769833;,465.3860510087951;
1,500,False,False,False,1.0,260.0978524385846;,136.14023699166282;
1,500,False,False,False,1.0,271.1808083610762;,252.1809231962395;
1,500,False,False,False,1.0,417.510670197014;,620.487019741232;
1,500,False,False,False,1.0,605.6739398012618;,663.2028653551629;
1,500,False,False,False,1.0,129.88131241268098;,341.36545604482944;
1,500,False,False,False,1.0,654.0438686192944;,796.2192130868877;
1,500,False,False,False,1.0,265.58730304408726;,188.91820252164143;
1,500,False,False,False,1.0,85.88116216748972;,193.5567895006742;
1,500,False,False,False,1.0,341.0457649978082;,219.51010323680964;
1,500,False,False,False,1.0,114.74277576134936;,135.98432626279984;
1,500,False,False,False,1.0,114.34424719150532;,310.83942042740676;
1,500,False,False,False,1.0,131.05814165672993;,616.1119200864654;
1,500,False,False,False,1.0,318.0455537533067;,712.4434931351627;
1,500,False,False,False,1.0,705.3485710241191;,955.9948909250827;
1,500,False,False,False,1.0,405.95571668546637;,466.6161169835413;
1,500,False,False,False,1.0,188.4846326631166;,238.9600506577981;
1,500,False,False,False,1.0,317.04339097316097;,372.9141204952843;
1,500,False,False,False,1.0,533.4559583670565;,646.0868872429401;
1,500,False,False,False,1.0,272.2066986437135;,94.38561492373495;
1,500,False,False,False,1.0,457.3484635443498;,418.15983934081885;
1,500,False,False,False,1.0,217.56739775166497;,121.27707460420038;
1,500,False,False,False,1.0,1029.2704189602382;,934.0836315947637;
1,500,False,False,False,1.0,62.14318867843504;,136.72769371978262;
1,500,False,False,False,1.0,865.8448492664822;,1037.6227706721468;
1,500,False,False,False,1.0,464.2903459705932;,551.7633519177923;
1,500,False,False,False,1.0,128.32622971308012;,62.92919947503968;
1,500,False,False,False,1.0,135.9752166121979;,355.76377235796275;
1,500,False,False,False,1.0,339.4886441154944;,281.0603058274587;
1,500,False,False,False,1.0,608.1557048993138;,622.7517596812281;
1,500,False,False,False,1.0,252.7218997558618;,379.18431972599825;
1,500,False,False,False,1.0,155.20162617172448;,438.9411901716354;
1,500,False,False,False,1.0,253.84748286428876;,495.18170491510165;
1,500,False,False,False,1.0,134.50774662406448;,175.0677100156972;
1,500,False,False,False,1.0,592.4121228895616;,1037.816141466853;
1,500,False,False,False,1.0,395.4605613466193;,356.4501948128096;
1,500,False,False,False,1.0,526.6600353791815;,440.61243275021656;
1,500,False,False,False,1.0,595.4369627282271;,605.0067602707841;
1,500,False,False,False,1.0,231.2017250074532;,81.95352083034449;
1,500,False,False,False,1.0,134.97685670810628;,481.5058769100713;
1,500,False,False,False,1.0,269.3530036999114;,569.5927317370712;
1,500,False,False,False,1.0,247.9614101067374;,298.71998428305943;
1,500,False,False,False,1.0,303.4611327492337;,596.9209437439318;
1,500,False,False,False,1.0,95.73441192006614;,254.64927072487438;
1,500,False,False,False,1.0,752.7626122092074;,1027.7687521524215;
1,500,False,False,False,1.0,105.35517917023664;,280.79534889768877;
1,500,False,False,False,1.0,184.8918909309674;,332.2833253028065;
1,500,False,False,False,1.0,306.36611074147703;,321.6952886109417;
1,500,False,False,False,1.0,395.23166691604825;,514.8937456253187;
1,500,False,False,False,1.0,558.786998689149;,47.09615842286305;
1,500,False,False,False,1.0,774.49028218051;,687.5465169352019;
1,500,False,False,False,1.0,236.3198029036027;,416.7665152118305;
1,500,False,False,False,1.0,169.30696250102932;,161.29519643539865;
1,500,False,False,False,1.0,102.98935211081995;,377.3998402639436;
1,500,False,False,False,1.0,541.9392323064238;,662.4889604041745;
1,500,False,False,False,1.0,125.27222583916432;,173.9702185677656;
1,500,False,False,False,1.0,290.5042393312323;,395.662033121926;
1,500,False,False,False,1.0,574.8461892323932;,738.6135933764099;
1,500,False,False,False,1.0,394.906739341648;,835.8192337550645;
1,500,False,False,False,1.0,254.9763129879221;,362.3970331023262;
1,500,False,False,False,1.0,411.5403700584649;,314.0347212759972;
1,500,False,False,False,1.0,460.3224142679094;,386.1901488145829;
1,500,False,False,False,1.0,65.58726609942765;,105.91804023617982;
1,500,False,False,False,1.0,933.6557101472073;,1079.20834143356;
1,500,False,False,False,1.0,621.2125785028987;,723.400421067233;
1,500,False,False,False,1.0,97.17396463212776;,679.2731777273929;
1,500,False,False,False,1.0,454.6687173392907;,481.18798402772285;
1,500,False,False,False,1.0,302.69534954222235;,1196.0035759866753;
1,500,False,False,False,1.0,421.89034905628364;,385.2169517009575;
1,500,False,False,False,1.0,310.75346743439576;,768.5941376536566;
1,500,False,False,False,1.0,379.7257181696982;,386.69490263264294;
1,500,False,False,False,1.0,379.13708906400296;,383.96231924192625;
1,500,False,False,False,1.0,417.6122028583645;,561.089974029063;
1,500,False,False,False,1.0,418.87632981317915;,1053.5332665573924;
1,500,False,False,False,1.0,182.5306640240244;,390.62038558751027;
1,500,False,False,False,1.0,380.68788801394174;,691.1950127923224;
1,500,False,False,False,1.0,215.51952227634632;,308.2906774491625;
1,500,False,False,False,1.0,259.52432503532316;,589.5766994504958;
1,500,False,False,False,1.0,428.12686485770803;,349.19900997481915;
1,500,False,False,False,1.0,376.91387166988216;,434.30479932121347;
1,500,False,False,False,1.0,201.72731896163228;,93.99507158678342;
1,500,False,False,False,1.0,244.03526987925056;,47.465117106917624;
1,500,False,False,False,1.0,377.9924438141543;,537.6103539596838;
1,500,False,False,False,1.0,52.02765783540063;,188.38843825696472;
1,500,False,False,False,1.0,233.72950579124387;,302.25319372987525;
1,500,False,False,False,1.0,148.7433205180854;,11.973816712985444;
1,500,False,False,False,1.0,348.44222046360716;,597.354645659039;
1,500,False,False,False,1.0,574.1647061633236;,633.5485719819638;
1,500,False,False,False,1.0,151.10234353641772;,157.55760148942926;
1,500,False,False,False,1.0,413.3385305790957;,614.9055164196734;
1,500,False,False,False,1.0,601.2889706757126;,647.0227089310109;
1,500,False,False,False,1.0,153.13522820560388;,443.4493659027971;
1,500,False,False,False,1.0,138.24868589015892;,188.98166492282874;
1,500,False,False,False,1.0,628.8130349072388;,825.7673731187526;
1,500,False,False,False,1.0,866.8271452090078;,706.0920587802916;
1,500,False,False,False,1.0,329.98884725751867;,1144.8411641745345;
1,500,False,False,False,1.0,315.0385777970532;,291.29801286886214;
1,500,False,False,False,1.0,311.9609830963239;,147.0804335354285;
1,500,False,False,False,1.0,204.55723650105944;,84.50724216959026;
1,500,False,False,False,1.0,29.744528017846992;,190.9770585559623;
1,500,False,False,False,1.0,157.41528348592624;,317.0664791609789;
1,500,False,False,False,1.0,60.68996150746433;,150.4417039149289;
1,500,False,False,False,1.0,604.3007831845073;,670.5846094259425;
1,500,False,False,False,1.0,189.53630273068978;,177.66943875314186;
1,500,False,False,False,1.0,500.14425151324537;,442.5465992684771;
1,500,False,False,False,1.0,301.93816248682924;,725.3736719668766;
1,500,False,False,False,1.0,205.9237602816769;,511.9973588979878;
1,500,False,False,False,1.0,525.0306953115787;,558.4665772064811;
1,500,False,False,False,1.0,289.21142053492366;,289.9879298979204;
1,500,False,False,False,1.0,483.290460081699;,820.1148685137323;
1,500,False,False,False,1.0,116.22419124560604;,367.69543499839466;
1,500,False,False,False,1.0,189.26550387993683;,103.52529039811205;
1,500,False,False,False,1.0,177.174851215028;,301.0138967458369;
1,500,False,False,False,1.0,206.07359886497034;,259.7123422551178;
1,500,False,False,False,1.0,467.6380892512363;,311.46546439795287;
1,500,False,False,False,1.0,233.11112839071453;,146.68326735651726;
1,500,False,False,False,1.0,463.58896593554704;,930.3987576225217;
1,500,False,False,False,1.0,239.3227072589083;,331.9927663841367;
1,500,False,False,False,1.0,527.8905935435447;,553.7057443329807;
1,500,False,False,False,1.0,176.93182079644347;,137.8144148398664;
1,500,False,False,False,1.0,200.49084243373417;,119.21999838344912;
1,500,False,False,False,1.0,421.88910594582933;,310.3462991312091;
1,500,False,False,False,1.0,143.03230265003776;,340.4265791382418;
1,500,False,False,False,1.0,209.41802679317618;,451.6363883054721;
1,500,False,False,False,1.0,490.13041071178327;,540.0526237318969;
1,500,False,False,False,1.0,73.65198752437637;,229.02412895326054;
1,500,False,False,False,1.0,323.74998703318;,371.2654387262955;
1,500,False,False,False,1.0,89.47737960277472;,142.17558066445838;
1,500,False,False,False,1.0,515.2033506427497;,402.29732972775514;
1,500,False,False,False,1.0,316.8363991994044;,198.03504120381172;
1,500,False,False,False,1.0,273.71312306191396;,333.0807445990035;
1,500,False,False,False,1.0,224.60892039837955;,852.1351148064132;
1,500,False,False,False,1.0,135.88083397511974;,132.21345262446587;
1,500,False,False,False,1.0,526.1475958388576;,677.0575467946012;
1,500,False,False,False,1.0,98.76664009602625;,188.67612761525223;
1,500,False,False,False,1.0,306.6218274172181;,322.87048859170017;
1,500,False,False,False,1.0,172.36515340833844;,88.90131218278758;
1,500,False,False,False,1.0,248.34815942405038;,168.89085205175982;
1,500,False,False,False,1.0,396.89905822336135;,365.2822901266135;
1,500,False,False,False,1.0,132.40202561481206;,56.27597102064029;
1,500,False,False,False,1.0,143.9347890960351;,314.57404157639365;
1,500,False,False,False,1.0,242.94534729569236;,142.2725442061298;
1,500,False,False,False,1.0,217.6822113941745;,334.4017926160676;
1,500,False,False,False,1.0,450.3136528309745;,557.1900438128768;
1,500,False,False,False,1.0,438.5597882873511;,399.55572399626703;
1,500,False,False,False,1.0,61.149094618306975;,220.9051600948499;
1,500,False,False,False,1.0,259.1522764415328;,461.1037639044803;
1,500,False,False,False,1.0,166.68147604718916;,363.0369369785139;
1,500,False,False,False,1.0,388.6345885209271;,327.5826593435547;
1,500,False,False,False,1.0,616.763243422484;,866.4888037991437;
1,500,False,False,False,1.0,407.235741038554;,577.3728425524519;
1,500,False,False,False,1.0,662.9061530836248;,422.7874148976756;
1,500,False,False,False,1.0,246.70065509857707;,334.4560658656074;
1,500,False,False,False,1.0,98.54465639294081;,412.3552019389629;
1,500,False,False,False,1.0,354.28337709561316;,403.1611394753661;
1,500,False,False,False,1.0,431.22951732161084;,400.9838985787206;
1,500,False,False,False,1.0,162.1840229570959;,68.64516833877315;
1,500,False,False,False,1.0,314.85122350204836;,444.0447283750914;
1,500,False,False,False,1.0,80.13757316315836;,90.14092028796252;
1,500,False,False,False,1.0,332.4386116477537;,96.49927164662459;
1,500,False,False,False,1.0,109.11318891224305;,414.2352033836019;
1,500,False,False,False,1.0,179.4332045787014;,358.6254895854575;
2,500,False,False,False,1.0,420.4544722409904;256.83528943955787;,675.3669288337061;555.7737208740397;
2,500,False,False,False,0.5,455.3932962584569;,430.0686644807285;
2,500,False,False,False,1.0,594.7573518704816;329.04675937988816;,643.8745839317645;63.08133597421342;
2,500,False,False,False,0.5,121.23181133592762;,174.61326005788703;
2,500,False,False,False,1.0,107.47627116433786;151.82552898676116;,502.32888678138767;327.2409519092511;
2,500,False,False,False,1.0,234.31621477211493;792.5207794332831;,81.84379986394661;770.1283477889032;
2,500,False,False,False,1.0,187.00134262319705;458.7175445722239;,297.46140566999424;613.9919258519644;
2,500,False,False,False,1.0,661.3851264393656;888.8801763149495;,1060.5913633275545;391.2060548685247;
2,500,False,False,False,1.0,201.99369163212782;209.06070922203494;,361.1606300246684;166.817721360495;
2,500,False,False,False,1.0,652.5614841726402;474.6506115350381;,632.466523575109;399.0889594493156;
2,500,False,False,False,0.5,524.8655991892053;,179.34273087973477;
2,500,False,False,False,1.0,575.3567705873435;207.38914237774853;,491.94563143371215;270.4201531000677;
2,500,False,False,False,1.0,1848.350266121251;129.8946197426202;,646.6317476027323;516.251462108864;
2,500,False,False,False,1.0,448.84603224872285;140.06720918424043;,348.6846492616664;212.54175211588364;
2,500,False,False,False,0.5,241.39082051734087;,175.77314650058403;
2,500,False,False,False,1.0,247.84753260213395;281.2298748040302;,38.49495018902288;282.16410831480056;
2,500,False,False,False,0.5,976.4839233510702;,840.7410032384832;
2,500,False,False,False,1.0,634.0610032998483;401.8353639666026;,351.0339308081596;354.54213945916405;
2,500,False,False,False,1.0,420.78405454443305;368.4932078627613;,546.4941142630441;299.3205648620283;
2,500,False,False,False,1.0,155.68153810017762;134.32446055585686;,234.42320653473334;78.14166978404691;
2,500,False,False,False,1.0,537.2457423494087;280.5841440013807;,883.7893268013157;968.7301091984529;
2,500,False,False,False,1.0,289.42760272525084;174.85491185810926;,92.52495420670421;332.98868285179975;
2,500,False,False,False,1.0,392.59194944020516;500.10232025662623;,187.64737631167986;284.3795310844548;
2,500,False,False,False,1.0,584.9376705312312;262.44397465684403;,688.6113802799939;230.36505332306413;
2,500,False,False,False,1.0,391.6021644356619;613.5217672566793;,417.98718091242046;385.3384045132113;
2,500,False,False,False,1.0,551.0928516051639;154.1588330501251;,595.093279516714;126.24273566133833;
2,500,False,False,False,1.0,504.25868059450784;277.8695900360163;,217.6331068164539;200.20301092961373;
2,500,False,False,False,1.0,366.8348877184836;372.9113662718984;,460.1049686042464;219.25026560059612;
2,500,False,False,False,1.0,237.91492135781974;731.1296242736013;,390.84371633371495;384.4104997656544;
2,500,False,False,False,1.0,158.78720096524842;361.669005217943;,328.41758020659256;318.5888115605273;
2,500,False,False,False,1.0,611.7524451972798;263.8044665464723;,211.26107131153955;601.0642196218284;
2,500,False,False,False,1.0,203.83500019821403;356.16368383293633;,141.63816217791398;70.30730163137726;
2,500,False,False,False,1.0,351.50707548494825;478.4912823233249;,570.2492247380768;499.81805288399653;
2,500,False,False,False,1.0,46.715526687094325;81.25812125382684;,354.99217719546374;153.35234925564143;
2,500,False,False,False,1.0,375.6259548872204;419.3801408634111;,409.5064696923928;552.4139761085111;
2,500,False,False,False,1.0,396.931753247512;2377.246485434176;,498.30327402551876;843.6372017663642;
2,500,False,False,False,1.0,273.27898269328347;224.28190244063475;,253.31129534469235;450.4509195034022;
2,500,False,False,False,1.0,181.72804328857288;534.0693723394392;,117.71271738038757;669.5041321984696;
2,500,False,False,False,1.0,134.5950693290027;489.9246881225092;,490.6365484046839;284.46933342618166;
2,500,False,False,False,1.0,246.81350736018973;1086.8754839113399;,108.19413982311714;742.237851412541;
2,500,False,False,False,1.0,490.27264150144964;185.39152352469313;,578.7437195754965;280.67077696474036;
2,500,False,False,False,1.0,407.39777789331623;662.907519720399;,533.5356745339593;358.78722459246865;
2,500,False,False,False,1.0,649.895753778203;878.4166597244496;,1082.6529604513871;834.2597298212927;
2,500,False,False,False,1.0,285.4654744539827;1248.5390623110013;,337.2881124605511;256.33404097073253;
2,500,False,False,False,1.0,216.77653281495526;534.5548649813783;,299.1374779234771;586.3171810682089;
2,500,False,False,False,1.0,228.88835002071136;153.2403062485499;,296.2679554222185;519.671883279474;
2,500,False,False,False,1.0,560.8930752831656;339.13871366456186;,982.4868760968056;424.4047779273438;
2,500,False,False,False,1.0,191.40151610317676;324.7645527025077;,218.93898303163732;219.75089949889187;
2,500,False,False,False,1.0,587.5072006100885;491.6849454438217;,568.2407878919297;569.9597114191436;
2,500,False,False,False,1.0,350.87078225831164;129.62009930832713;,131.7685192144602;276.8353013312053;
2,500,False,False,False,1.0,568.4776171212338;534.8493774763197;,714.4922099636614;792.1829693996808;
2,500,False,False,False,1.0,371.3658803465331;308.36647570537326;,290.9182652019161;214.12522294817686;
2,500,False,False,False,1.0,56.842202639173834;290.44576310173017;,420.89007756576603;79.86836090080297;
2,500,False,False,False,0.5,407.60990212328375;,263.5893915823177;
2,500,False,False,False,0.5,255.17286570523848;,197.0732782074604;
2,500,False,False,False,1.0,680.9415995880006;159.11920597775082;,700.429539518191;497.1160766629139;
2,500,False,False,False,1.0,502.6274780871951;301.0849135190254;,392.3279772404397;421.5550722235408;
2,500,False,False,False,1.0,372.35258545978616;374.9875751350964;,639.5312380818929;421.6377093252058;
2,500,False,False,False,0.5,1319.7686008868445;,191.92278037023868;
2,500,False,False,False,1.0,82.92581870496264;143.1986312853359;,81.68775601425588;330.9541256788898;
2,500,False,False,False,1.0,270.66054847593864;604.1792833908149;,250.71951129401924;633.0926996680287;
2,500,False,False,False,1.0,263.86999464234043;60.83921888048672;,336.7618975006385;224.52352779084026;
2,500,False,False,False,1.0,270.5330085177881;247.35449168071506;,459.4938363627749;286.27160959882923;
2,500,False,False,False,1.0,83.24320811355612;167.52101564550276;,229.5709164332964;16.564053710487592;
2,500,False,False,False,1.0,481.1638353842124;325.6067510869684;,614.1874507097322;554.0156504787319;
2,500,False,False,False,1.0,977.0930815463129;148.2487165378012;,955.265396829084;96.05636681791243;
2,500,False,False,False,0.5,841.4141456317977;,163.77573194408419;
2,500,False,False,False,1.0,547.8692604735791;261.61958488684104;,589.4233549594088;251.00281123677968;
2,500,False,False,False,1.0,354.58980308685165;321.01882649402677;,386.3699170743772;513.2473189058912;
2,500,False,False,False,1.0,293.07271561239645;647.3760994888568;,262.1577384538191;802.8883817628234;
2,500,False,False,False,1.0,464.99533010641426;495.74096851931824;,330.0198316049844;546.7333966137263;
2,500,False,False,False,1.0,220.57394449361226;370.4511106795401;,175.5711261715173;334.012890591854;
2,500,False,False,False,1.0,423.4318865401959;338.8647136528651;,382.45794580442174;149.1777277919093;
2,500,False,False,False,1.0,242.82264725517638;433.6087869279666;,350.872969483074;165.42698949528136;
2,500,False,False,False,1.0,633.6127501050205;390.1444966059588;,307.26386702335725;183.025454805572;
2,500,False,False,False,1.0,643.6137516252207;248.2315109887722;,913.2316172443974;290.63709463348647;
2,500,False,False,False,1.0,394.8891276089832;199.99015134348227;,702.0061797926111;391.5966805587663;
2,500,False,False,False,1.0,246.10602828892593;13.745515679408285;,431.23842924522864;329.89353276073183;
2,500,False,False,False,1.0,350.5086954219482;384.0096461285298;,254.29995907188794;503.9964357200899;
2,500,False,False,False,1.0,319.63057684546703;438.35177733625244;,514.237329517189;639.6803418589471;
2,500,False,False,False,1.0,387.6942499331265;402.99384935097305;,383.0824652154962;394.62120353996954;
2,500,False,False,False,1.0,1097.2188805985031;665.6180130368193;,949.5992042127612;489.74984242221836;
2,500,False,False,False,1.0,232.98656717027725;305.686351736384;,384.9452240505305;356.79639593841523;
2,500,False,False,False,1.0,310.3963043525676;307.64937424061253;,440.1478561694963;359.5519772112952;
2,500,False,False,False,1.0,330.43386747877605;318.3205290250144;,733.8248374979952;315.2262889507145;
2,500,False,False,False,0.5,71.72485893432774;,128.22492194474555;
2,500,False,False,False,1.0,173.21155401356484;285.7090213104021;,573.5061613826991;556.0198718179826;
2,500,False,False,False,1.0,256.3710690982584;227.118060929587;,196.30212309000828;529.9579263590467;
2,500,False,False,False,0.5,111.80893898325004;,254.29284217496118;
2,500,False,False,False,0.5,204.34754559051945;,326.44456462729585;
2,500,False,False,False,1.0,233.82089327147793;464.4202377447891;,85.99610452075187;643.3948522179161;
2,500,False,False,False,1.0,98.41066370156618;64.95732839332788;,367.18403923083156;463.0590022199033;
2,500,False,False,False,1.0,868.065624672657;316.1006608565262;,1112.4301903192513;221.4472472998704;
2,500,False,False,False,1.0,1220.4989549462712;737.9325924157904;,962.887776499465;347.17254125053523;
2,500,False,False,False,1.0,272.85719081944274;257.2232664650053;,450.5444460144754;613.2456638152813;
2,500,False,False,False,1.0,193.48622063356964;272.61165249566;,231.09383848984018;382.2890922821414;
2,500,False,False,False,1.0,222.8561404137876;431.39818957044554;,181.4614438212891;669.7013400872349;
2,500,False,False,False,1.0,102.13930000187459;446.9660226202363;,356.16183647607943;461.6447096863711;
2,500,False,False,False,0.5,619.3685709018539;,385.33193596217245;
2,500,False,False,False,1.0,53.45301400616499;621.0142772285745;,184.5834210754742;701.7976001302553;
2,500,False,False,False,1.0,465.2492120225305;396.5500774943495;,686.8138564249339;675.0407082214305;
2,500,False,False,False,1.0,135.89231851604904;408.57857887613665;,348.20045694935135;319.8352559367939;
2,500,False,False,False,1.0,204.32085341003392;650.3142738829947;,376.5643555586136;397.20214236845095;
2,500,False,False,False,0.5,373.659236000716;,390.548021702933;
2,500,False,False,False,0.5,341.4110771836367;,131.3024361607866;
2,500,False,False,False,0.5,340.907113241365;,207.61948549954306;
2,500,False,False,False,1.0,398.8648405899548;272.9302948504236;,548.0366338171964;434.40927212473264;
2,500,False,False,False,1.0,87.54971322999327;204.43879220692992;,442.34088119982783;190.97877242308311;
2,500,False,False,False,1.0,30.205832955901574;241.49509273558735;,307.7405534356089;169.0794903012033;
2,500,False,False,False,1.0,184.3979106924801;956.200994025964;,392.84081903104783;1143.2054970483314;
2,500,False,False,False,1.0,584.6617706279521;263.2614922644063;,1017.164990253527;453.92274669870756;
2,500,False,False,False,1.0,415.09428880721725;303.94534789579126;,605.9541883797517;283.3840890036614;
2,500,False,False,False,0.5,213.17858381844678;,257.09674113759684;
2,500,False,False,False,1.0,192.28519186142466;683.406156662535;,74.88804603325181;758.0209057598469;
2,500,False,False,False,1.0,120.64750111405455;523.0751905801884;,210.36790790631008;488.29016522038813;
2,500,False,False,False,0.5,274.1781093343042;,188.17573740958127;
2,500,False,False,False,1.0,376.73901495516236;385.87278845715946;,164.85748193579317;305.5855874965866;
2,500,False,False,False,0.5,210.49993172011264;,121.33663683339007;
2,500,False,False,False,1.0,186.72898400686725;428.6410682580155;,325.855643774436;296.444135840933;
2,500,False,False,False,1.0,634.5638438791149;484.6975081435277;,532.6499151830309;961.0862582512437;
2,500,False,False,False,1.0,748.5424845497398;331.36768711597614;,1230.539298450891;342.6184601154679;
2,500,False,False,False,0.5,321.7595364816291;,669.5926764394868;
2,500,False,False,False,1.0,360.3066702154731;688.1557476079142;,334.9386556437866;471.58321045314966;
2,500,False,False,False,1.0,438.0890629342921;193.25168813883624;,565.2269755292632;1153.0805186080827;
2,500,False,False,False,0.5,1167.4221356487383;,123.14820724967285;
2,500,False,False,False,1.0,84.51385095762852;335.0176612839152;,177.13495453614763;129.6161782073062;
2,500,False,False,False,1.0,222.07813202249116;307.575277283043;,326.5355409095362;228.1687654797184;
2,500,False,False,False,1.0,841.3036906631844;545.4361777271096;,582.5375094768134;491.91992850974424;
2,500,False,False,False,1.0,819.4376405325625;285.2887162384609;,559.2319272501876;188.96161293806693;
2,500,False,False,False,0.5,262.54131700740317;,122.28913104212853;
2,500,False,False,False,1.0,100.49227718375955;669.5961052428312;,115.19331037300644;201.42543109390596;
2,500,False,False,False,1.0,86.09767512142459;209.8055932797442;,317.3663105381622;583.8941585711558;
2,500,False,False,False,0.5,471.3963592690597;,578.636737946575;
2,500,False,False,False,1.0,250.3666697384327;192.71760796159765;,893.7653034817323;583.0471504363875;
2,500,False,False,False,1.0,620.8329289806118;553.7874483492565;,269.51677948847225;887.7142807936339;
2,500,False,False,False,1.0,321.29218289399125;148.19283293316303;,203.96106691599732;292.39851808459497;
2,500,False,False,False,1.0,252.89601848521178;330.9917770710107;,213.98943654421532;425.27653924832396;
2,500,False,False,False,1.0,95.70115035454847;151.6641028924298;,375.8434068924306;43.37542748388246;
2,500,False,False,False,1.0,138.6738190298167;235.6225439395296;,582.2420997980091;336.65608903234954;
2,500,False,False,False,0.5,201.72027690511942;,639.1533202206856;
2,500,False,False,False,1.0,558.9592853916922;300.83045952541045;,661.9009827510507;147.64983372751857;
2,500,False,False,False,1.0,814.8275212992352;379.66847711629924;,1118.9685316350362;216.31195146475943;
2,500,False,False,False,1.0,134.1198276651799;340.1384367704888;,598.7163526881506;543.1557601855759;
2,500,False,False,False,1.0,211.6448599558952;42.82061102208525;,300.8138387632758;197.92254921962117;
2,500,False,False,False,1.0,471.6781181818027;420.64883183049;,617.9354841097024;286.14756805230707;
2,500,False,False,False,1.0,450.37298063210505;281.0262963118515;,495.9025449119877;468.32280011812315;
2,500,False,False,False,1.0,296.2406250982455;712.6830068571084;,333.50044822580315;825.55683906351;
2,500,False,False,False,1.0,393.4205575535297;600.5043529751049;,710.988635226626;403.5339129417816;
2,500,False,False,False,1.0,301.5798423877858;548.8323727320549;,457.94381485018835;443.75495185814844;
2,500,False,False,False,1.0,127.32208386175115;739.2440852287256;,454.8736360002108;497.7642099973417;
2,500,False,False,False,1.0,252.31012650457515;449.7165746923884;,150.51533513676338;376.0879300016413;
2,500,False,False,False,1.0,314.2804586750558;162.0902168504245;,728.1434702972953;68.09302989013293;
2,500,False,False,False,1.0,358.85643192772085;94.8577316987807;,373.03387909615674;79.7927843697241;
2,500,False,False,False,1.0,520.6504136180471;438.9349633707414;,404.76245157351036;446.08141994228237;
2,500,False,False,False,1.0,436.69491546305653;179.13589299943166;,272.60723395311174;194.2610951500311;
2,500,False,False,False,1.0,941.4813205473679;429.0507604615382;,469.1294657710686;174.59032075153866;
2,500,False,False,False,1.0,560.8543971118127;624.1869485931342;,274.8765917564815;813.6919988855052;
2,500,False,False,False,0.5,547.0608681328904;,1008.8331402109324;
2,500,False,False,False,1.0,270.9500532561919;746.2964331660728;,130.63734972929785;708.0787866508455;
2,500,False,False,False,1.0,428.29724762380727;409.0651659267205;,388.79455960098426;410.2083371048911;
2,500,False,False,False,1.0,413.9983241513316;272.32219330353075;,401.5010287789242;547.7747274345927;
2,500,False,False,False,1.0,133.68546688515087;417.41575558457924;,177.64498483654327;554.877551675226;
2,500,False,False,False,1.0,296.28529412607145;424.83300196263264;,573.012487567245;266.05661756462473;
2,500,False,False,False,1.0,170.77018891271973;82.64844738867474;,78.97086947331327;337.7074042147553;
2,500,False,False,False,1.0,174.93439361615583;486.0180224183714;,76.190468907658;488.18927969213416;
2,500,False,False,False,1.0,104.77021222675242;314.68742785332665;,151.049485093828;546.5307528087117;
2,500,False,False,False,1.0,124.27037083245624;222.47585455662298;,142.85112752147063;431.72863839997865;
2,500,False,False,False,0.5,625.3336690153418;,321.16500114886713;
2,500,False,False,False,1.0,440.9938258290437;452.2020949348524;,640.2128414381477;522.1774271800064;
2,500,False,False,False,1.0,417.6176313305487;643.6919915183404;,401.61869680539843;1078.8427257756607;
2,500,False,False,False,1.0,596.6011755120421;183.14997285235927;,806.9703749066963;219.29729987656003;
2,500,False,False,False,1.0,236.07154688379762;402.74982168765786;,286.86680477788775;218.40425338894866;
2,500,False,False,False,0.5,217.44648437995573;,487.39939006783857;
2,500,False,False,False,1.0,112.87975220582506;173.936738872662;,309.65120052021365;227.30414293151617;
2,500,False,False,False,1.0,216.6170611414295;460.805709937835;,677.4872627429253;435.2416803311214;
2,500,False,False,False,1.0,672.5444996967934;818.2660540903221;,773.3986903119127;626.37278995977;
2,500,False,False,False,1.0,453.13858411260367;133.82134982416432;,690.6312872199294;226.63175233860593;
2,500,False,False,False,1.0,94.28225520948716;74.2367710446418;,98.12560748647854;392.10925370431386;
2,500,False,False,False,1.0,264.4196380893619;383.6349562277119;,269.54005979701515;397.60251505808577;
2,500,False,False,False,1.0,199.93120387449883;252.25916373751758;,859.4536199932606;172.23217485102424;
2,500,False,False,False,1.0,405.273070134596;216.8829732779487;,328.68624440898157;533.4578425156719;
2,500,False,False,False,1.0,422.0072110976734;433.62151598821924;,227.01900720393576;268.09422425810396;
2,500,False,False,False,1.0,218.1729928416947;792.2770869224095;,187.3139871325575;726.8364020330935;
2,500,False,False,False,1.0,156.5820620960999;136.51346407982203;,171.44738882209634;290.16961198675665;
2,500,False,False,False,1.0,739.6556299001849;287.7559233976204;,409.9683887343604;525.0513765130517;
2,500,False,False,False,1.0,613.1405710418751;373.89257493777865;,14.38226699880571;931.3629933575736;
2,500,False,False,False,1.0,158.82582205878876;558.9660000992106;,287.2244107194427;400.48444240314404;
2,500,False,False,False,1.0,606.239942282935;531.7201340630309;,541.845370872934;60.497957900317935;
2,500,False,False,False,1.0,180.56772874935638;598.9624152139731;,316.379807987233;326.5457128799258;
2,500,False,False,False,1.0,282.2364420912608;511.8976784480258;,426.79640532564235;575.4283462438746;
2,500,False,False,False,1.0,159.84401328384268;132.70440068428766;,150.31672530101613;295.17124168380866;
2,500,False,False,False,1.0,137.5966895295364;527.5891034306833;,240.08787206868195;447.4146833341293;
2,500,False,False,False,1.0,424.77060539207565;836.3653937620945;,313.97734672155775;541.7672840788584;
2,500,False,False,False,1.0,66.81458104021712;40.15719837286252;,210.26281506872527;331.61151978120466;
2,500,False,False,False,1.0,185.08206179068677;507.9666694561161;,127.2051972625392;465.4637334664452;
2,500,False,False,False,1.0,201.26690947433167;426.26184976321235;,339.61082365492086;421.1132898623529;
2,500,False,False,False,1.0,348.2634098810961;611.3519834664808;,147.60964465156803;172.40944327348365;
2,500,False,False,False,1.0,452.6298465224376;731.392357459364;,262.5731075750463;810.5124915540489;
2,500,False,False,False,1.0,305.05758968222284;122.76993867760781;,529.3167847309913;158.2378634091149;
2,500,False,False,False,0.5,354.37321448271626;,875.3302264803995;
2,500,False,False,False,1.0,320.28721576593824;367.6839808564604;,441.18293896378617;422.5660275697633;
2,500,False,False,False,1.0,515.6359211587962;182.76871448306608;,586.8254432374691;177.40460357833086;
2,500,False,False,False,1.0,260.1013818744881;81.21760208393741;,249.01013975322627;332.17264248841724;
2,500,False,False,False,1.0,201.2226801243205;97.99887670357101;,496.1505035119626;39.74435341860678;
2,500,False,False,False,1.0,88.32357750548283;510.49945553331725;,161.97647942810747;436.3034486123514;
2,500,False,False,False,1.0,585.8253096090675;376.4929697571079;,862.3331832042804;291.2040679432563;
2,500,False,False,False,1.0,53.972811343349015;441.1721494768374;,289.00089653035536;342.0213172414524;
2,500,False,False,False,0.5,349.62483157925925;,233.5569518259198;
2,500,False,False,False,1.0,213.1625721857723;107.06185596287972;,134.6721708516501;804.6104811359238;
2,500,False,False,False,1.0,350.70755181195204;366.9573124032401;,558.7137790397948;73.83243245239373;
2,500,False,False,False,1.0,240.45500189566172;428.01328199102926;,195.98357555908774;363.0779400386685;
2,500,False,False,False,1.0,35.18463008220921;318.71849408524145;,452.0214612265435;593.9692631618763;
2,500,False,False,False,1.0,561.7808760063856;314.3372669196691;,935.0385472539093;356.8286239692791;
2,500,False,False,False,1.0,736.0655115806411;168.94957815715307;,146.83590708656416;499.0919132896865;
2,500,False,False,False,1.0,72.69526219274567;230.69270650049262;,511.9344606284981;878.156748619397;
2,500,False,False,False,0.5,398.90593017437806;,427.94183364201706;
2,500,False,False,False,1.0,563.3730646758358;154.7148120890681;,500.92134301146456;277.0476094101773;
2,500,False,False,False,0.5,219.26053850235132;,451.30091255780906;
2,500,False,False,False,0.5,547.4104423734889;,397.9536301318491;
2,500,False,False,False,1.0,349.91719191183864;112.01330567803977;,413.4008420078754;197.0569848247178;
2,500,False,False,False,1.0,260.54214949872056;249.22815428666885;,52.92180756494132;221.0000309524944;
2,500,False,False,False,1.0,291.54497253473863;112.55837631505891;,180.0976942168;286.6665843580696;
2,500,False,False,False,1.0,182.73951175213415;73.01543060060179;,522.7458267188041;287.46786145907816;
2,500,False,False,False,1.0,95.98760450430602;452.48753854254807;,365.4927227678209;236.24633120182312;
2,500,False,False,False,1.0,71.44970101337258;448.99158545308734;,454.9278638692286;455.76033213883665;
2,500,False,False,False,1.0,546.474933282035;584.4058898222377;,675.2546170688427;904.2912164745611;
2,500,False,False,False,1.0,380.8295476872525;627.2896225906787;,106.54694782545963;224.02631393532178;
2,500,False,False,False,1.0,360.3923792175116;162.24984521801102;,157.56728149255966;559.7144658386468;
2,500,False,False,False,0.5,840.1004919290344;,358.3701773312621;
2,500,False,False,False,1.0,1061.4353318138456;343.10683671228253;,544.4767429186082;570.3864356457564;
2,500,False,False,False,1.0,502.5574966003207;1199.4998317691734;,680.406958984059;630.8060946868338;
2,500,False,False,False,1.0,469.07537096654664;471.41100215330977;,592.3198399164704;593.4045933569718;
2,500,False,False,False,1.0,171.06629654899027;224.5167639247429;,275.40961040707816;223.91855640225305;
2,500,False,False,False,1.0,220.71778017154784;91.80140876905988;,608.8321995826321;198.38999926889474;
2,500,False,False,False,1.0,25.128333193704346;148.0147571945326;,300.9326237553197;298.44874458609354;
2,500,False,False,False,0.5,477.99326980151284;,287.38555262121304;
2,500,False,False,False,1.0,498.530395307489;1582.472305522085;,547.4339632874652;1318.8130027857233;
2,500,False,False,False,1.0,191.06517991885482;386.4738098667123;,270.04927370431636;828.7330710225483;
2,500,False,False,False,1.0,140.80050186217971;732.5253423363384;,72.79361569562447;564.1004023735691;
2,500,False,False,False,1.0,133.28951753655556;341.23539152023915;,48.656920066694326;457.3953409009396;
2,500,False,False,False,1.0,52.7335155220833;389.17491759644764;,89.8643176925708;182.16748881027885;
2,500,False,False,False,1.0,108.32643513336312;500.4513276413752;,208.34319534776986;251.25528026864302;
2,500,False,False,False,1.0,660.2066615917392;3745.3612252618254;,217.80444468942972;176.1382764263777;
2,500,False,False,False,1.0,380.0854057355709;800.4269705536487;,166.38702235532668;796.6854048657565;
2,500,False,False,False,1.0,981.3247096607877;875.0649763040213;,379.68511184603085;1445.2374175897876;
2,500,False,False,False,1.0,617.3987492411992;131.18504076996834;,665.5395341814127;241.08272646639094;
2,500,False,False,False,1.0,335.59275191399274;494.13822136034986;,88.43120413743054;689.3357102836414;
2,500,False,False,False,1.0,460.4866223929609;238.89280914244026;,316.9978393803183;229.3387222016847;
2,500,False,False,False,1.0,141.80665522367656;636.615724536547;,386.1408333022026;541.1110317725315;
2,500,False,False,False,1.0,645.5577376984612;178.97886969742495;,883.2317177595806;158.9729971145335;
2,500,False,False,False,1.0,25.00154812299492;291.655734694578;,196.14154852910843;668.5411613876511;
2,500,False,False,False,1.0,195.6382450992042;310.92164037619426;,210.4445470974375;481.4687800896973;
2,500,False,False,False,0.5,254.78852454690892;,567.1370235003183;
2,500,False,False,False,1.0,187.48357010046192;347.31725585580034;,229.4501106657162;279.325823654058;
2,500,False,False,False,1.0,206.11911161566422;250.87868017860905;,159.0152165180104;558.0275021420227;
2,500,False,False,False,1.0,516.1929447599603;449.0407218873857;,634.2342546282489;352.9163426312713;
2,500,False,False,False,1.0,165.2096874267497;738.8151316761762;,474.6109477789414;304.22078248735727;
2,500,False,False,False,0.5,820.5828179820046;,230.03016221147226;
2,500,False,False,False,1.0,193.90383861639364;675.1469713520322;,337.9848886866935;494.4758908207973;
2,500,False,False,False,1.0,230.90571695092245;387.34504968283215;,334.1673278891365;283.50373951742034;
2,500,False,False,False,1.0,337.87694277116026;483.12402508362305;,676.9092955615305;690.5957686455636;
2,500,False,False,False,1.0,542.488973436546;403.3940234709918;,773.2911087727401;540.4883866486554;
2,500,False,False,False,0.5,570.2341282459653;,130.3083176050373;
2,500,False,False,False,1.0,666.2075416852651;123.62469977877562;,782.1264201296882;307.04656743845044;
2,500,False,False,False,1.0,236.40199881387073;165.67128700523713;,311.2097219410676;300.4130166353441;
2,500,False,False,False,1.0,56.82890878075136;417.3703022428942;,205.87973078967767;573.1394390422479;
2,500,False,False,False,1.0,176.71612743380766;99.1244689800425;,256.2294599408257;406.08759132653586;
2,500,False,False,False,1.0,333.0022018212119;354.31506458968744;,482.293876381435;912.4989952180547;
2,500,False,False,False,0.5,997.625140988104;,195.66638403159413;
2,500,False,False,False,1.0,799.204507702867;535.6480012700786;,738.9004636831603;687.4953231905608;
2,500,False,False,False,1.0,423.2127819557507;378.63013214853675;,307.7620159770732;294.8280555205248;
2,500,False,False,False,1.0,147.79467334117416;176.82882293566735;,498.3300697143424;139.61473468805661;
2,500,False,False,False,1.0,277.21254112242065;329.4992587586583;,201.71338917592632;292.26482799423724;
2,500,False,False,False,1.0,158.04254543881592;550.1647761198544;,298.0929222948726;710.391240800429;
2,500,False,False,False,1.0,783.8849809300062;535.795921805457;,676.6927089925233;602.7475839147014;
2,500,False,False,False,0.5,422.80782279926535;,441.31854404883507;
2,500,False,False,False,1.0,371.5869550083883;368.8019388625562;,478.085293409642;466.7926928478217;
2,500,False,False,False,1.0,468.76177754106567;239.77002643035394;,547.3458720061428;458.46493498380516;
2,500,False,False,False,1.0,480.2271276847062;276.85690039306894;,357.34167591615966;383.96966434554946;
2,500,False,False,False,1.0,635.8452483423046;286.6607327661057;,778.0910665632578;224.92932208722584;
2,500,False,False,False,1.0,140.60427980434685;1335.4205972911082;,159.81766713686758;980.6925908194494;
2,500,False,False,False,1.0,34.53861500610008;384.94298848031895;,303.76146075917296;263.96701293376316;
2,500,False,False,False,1.0,100.59619183557537;105.59119066334914;,364.0433035008633;278.41078462323287;
2,500,False,False,False,1.0,489.3495219971658;289.93623437216206;,547.3519768778249;63.025036527351304;
2,500,False,False,False,1.0,242.19496996452207;255.48846915611756;,114.35931462820538;131.61259686629907;
2,500,False,False,False,1.0,224.2997740797529;880.5076963412092;,246.8108286670883;563.0344975646744;
2,500,False,False,False,0.5,509.0964269827171;,250.75723016508928;
2,500,False,False,False,1.0,131.2700171871393;732.0834823801351;,442.805067559713;867.1804864089083;
2,500,False,False,False,1.0,1100.668235019111;343.92914589691424;,1159.591990473801;586.638266922027;
2,500,False,False,False,0.5,334.96803875809144;,321.4934800502175;
2,500,False,False,False,1.0,371.6945314852306;132.94085727332913;,332.6018708035026;241.7091326679204;
2,500,False,False,False,1.0,187.41651836709832;96.41322430723633;,152.2104725606006;266.59465321334346;
2,500,False,False,False,1.0,432.17214372989145;354.2829806499969;,172.6173131601218;829.6934899175083;
2,500,False,False,False,1.0,389.8305917141193;477.9409859650084;,534.704175803897;283.2890217563934;
2,500,False,False,False,1.0,403.7660546806285;181.70756125958493;,510.8500093082086;346.1784276260788;
2,500,False,False,False,1.0,487.23300771743516;213.42411295471848;,243.91967982467258;358.82451211914207;
2,500,False,False,False,1.0,401.64920753625836;221.10111208106014;,445.04706463588445;112.94895879281529;
2,500,False,False,False,1.0,261.76846727945673;377.9158419279024;,566.7415674826921;248.92989850176184;
2,500,False,False,False,1.0,152.82395591095244;133.8456974174392;,198.3504971497858;303.22955526608945;
2,500,False,False,False,1.0,250.05571990162247;47.01106908465432;,302.1289736655257;248.0310989280602;
3,500,False,False,False,0.6666666666666666,549.9147016913004;262.86223946469005;,612.505711450156;394.3032613009012;
3,500,False,False,False,0.6666666666666666,91.10882355119317;1127.709402150365;,300.98085991036555;349.81661840349284;
3,500,False,False,False,0.6666666666666666,377.3060561332212;465.0189699013901;,238.79372385198428;352.7545681896584;
3,500,False,False,False,0.6666666666666666,204.76840921052812;198.15297280854233;,193.42273324061495;402.28536332977706;
3,500,False,False,False,0.6666666666666666,251.29091964528;300.4321281100578;,386.6259589470868;131.43735098493113;
3,500,False,False,False,0.6666666666666666,585.2590243699756;219.35996557399284;,847.4173858855881;63.89930339964337;
3,500,False,False,False,1.0,215.58486305566387;249.93467313158501;488.11882122115753;,233.37620543683954;587.3943567432036;452.53413882337213;
3,500,False,False,False,1.0,386.4985964651709;437.55751418571487;542.7343338309007;,357.2411493735257;422.5007652138717;624.4381226802484;
3,500,False,False,False,0.6666666666666666,88.74585899708485;196.57876307569555;,49.82091534257063;639.6650140000024;
3,500,False,False,False,0.6666666666666666,541.9150420321662;252.61294716016138;,416.6316828262153;76.09270398532371;
3,500,False,False,False,0.6666666666666666,375.01088205961395;1152.1569959576198;,431.9155971118643;593.8291805310635;
3,500,False,False,False,0.6666666666666666,136.3690646038331;5858.566786367249;,435.0826370544935;855.5906573366634;
3,500,False,False,False,1.0,404.9316091589451;299.9507461702021;375.85063572380943;,481.1612904798212;242.2490572979347;144.53380077607923;
3,500,False,False,False,0.6666666666666666,545.6468333628724;462.69344400722196;,491.8430974263557;882.8657944183328;
3,500,False,False,False,0.6666666666666666,667.2115854311027;231.01696471742125;,184.81496217566442;369.84287206935716;
3,500,False,False,False,0.6666666666666666,69.20669412982083;1159.8663564703868;,245.46325660671945;485.3148957998098;
3,500,False,False,False,0.6666666666666666,265.8200562745664;115.82653868855009;,458.84649348211593;321.5839841865915;
3,500,False,False,False,0.6666666666666666,144.46069210533915;1775.1199192396552;,242.80164110791748;361.3693522851633;
3,500,False,False,False,1.0,741.1180747679275;309.61387638222624;590.812150707986;,209.8331217454275;634.2015776825958;467.064996805027;
3,500,False,False,False,0.3333333333333333,302.71430192071676;,280.8040623881163;
3,500,False,False,False,0.6666666666666666,472.34358987799123;292.57231422928527;,419.8664851800232;529.5465922222888;
3,500,False,False,False,1.0,215.31591183232644;110.87683087499124;263.02364175430694;,132.77556027360103;238.66012508424697;604.5570942747186;
3,500,False,False,False,0.6666666666666666,388.64625493629666;2039.0946603375294;,622.9254371514226;165.35618552245825;
3,500,False,False,False,0.6666666666666666,138.19498255320525;360.4559085468459;,348.9544298512055;326.9548138604315;
3,500,False,False,False,0.6666666666666666,203.28100375705398;307.11264513614367;,324.1426346909562;574.570067973288;
3,500,False,False,False,0.6666666666666666,214.6712682193765;309.70883633289026;,231.05755124537825;176.1107513395658;
3,500,False,False,False,1.0,588.0464840442208;333.5854623135068;490.4073984794762;,696.2703699554962;93.43246289871017;669.252417301811;
3,500,False,False,False,1.0,473.0134999803933;702.9834763846039;141.72984008068332;,51.24229714587127;415.21273420217256;505.59038373612066;
3,500,False,False,False,0.6666666666666666,1466.4336849920892;415.9451810589581;,348.92918557196845;472.05126033633366;
3,500,False,False,False,0.3333333333333333,470.3880290414126;,605.1183831265278;
3,500,False,False,False,0.6666666666666666,354.1420075843959;212.13263635493257;,463.10363380273395;291.55575738718755;
3,500,False,False,False,1.0,542.477065639701;128.35667803430198;93.6049279880774;,545.5194093481241;246.0173530182402;267.42389263542935;
3,500,False,False,False,1.0,1019.2664641895245;127.57979862716411;174.80178908339863;,364.5074675374565;228.2375760877333;270.6748612916402;
3,500,False,False,False,0.6666666666666666,399.12186006531675;3096.8848081899987;,260.42483112825465;261.2457610081387;
3,500,False,False,False,1.0,558.1777080571147;164.04597053970446;667.117074126658;,862.2145437098126;158.75769484521905;594.4572364929988;
3,500,False,False,False,0.6666666666666666,395.3512935301328;218.91308995213726;,521.5053642457036;287.5242682080984;
3,500,False,False,False,0.6666666666666666,1021.1544711163626;150.4589622579878;,513.8314867804083;100.81579554305296;
3,500,False,False,False,1.0,256.2480691903767;595.5067917350809;460.0237985639041;,315.80248269553886;677.9897211084133;838.5106332512946;
3,500,False,False,False,0.6666666666666666,501.17411126610267;148.70546610669493;,129.22438170870925;91.57452384659109;
3,500,False,False,False,0.6666666666666666,368.4792379434671;398.47855989410925;,420.374023139119;601.4965457846528;
3,500,False,False,False,1.0,274.42486975646443;432.33463106929787;321.7646237901391;,190.4189078994381;351.6753800598571;239.1850925201144;
3,500,False,False,False,0.6666666666666666,114.36307472382222;975.4375150276408;,664.3291388852352;144.9515014585912;
3,500,False,False,False,0.6666666666666666,246.32794779790672;2366.250870867853;,411.15068271831524;131.1782164104356;
3,500,False,False,False,0.6666666666666666,428.49491377291616;2310.016500900269;,850.583510413456;1043.974947545978;
3,500,False,False,False,0.6666666666666666,289.92430211879633;2430.743446325342;,206.00390523497612;382.9079315816492;
3,500,False,False,False,1.0,315.60836834760386;544.2432116299447;136.53283959562273;,123.52945333936304;476.23276191691707;275.20814877442643;
3,500,False,False,False,1.0,73.6728667160443;103.47696530975364;247.41808352987115;,382.8473241675494;309.7944552940755;337.8574491076471;
3,500,False,False,False,0.6666666666666666,212.104309710212;3275.9677059246874;,213.4038420780993;566.0705178312039;
3,500,False,False,False,0.3333333333333333,278.16696648468223;,418.7146693863698;
3,500,False,False,False,0.6666666666666666,308.97224507950375;261.83139125789273;,606.5967240837723;391.76264365479733;
3,500,False,False,False,0.6666666666666666,52.03850866469959;1431.8504325376805;,67.72474101948892;255.319556361667;
3,500,False,False,False,0.6666666666666666,371.20358994798295;421.10317213142156;,305.7487552009342;604.595967347038;
3,500,False,False,False,0.3333333333333333,717.2483952603028;,481.021041456712;
3,500,False,False,False,1.0,354.00306225522235;450.22479664678843;328.06943545286634;,549.5770378226416;290.95939440658395;283.2924366593194;
3,500,False,False,False,0.6666666666666666,280.6725752420743;1933.0889473616646;,259.61313544900025;384.46590598950064;
3,500,False,False,False,0.6666666666666666,901.7460093959992;160.14965817831288;,259.95672460011633;367.5141999774649;
3,500,False,False,False,1.0,229.84866612220293;173.42662845506672;241.4974873588628;,464.4455856000676;269.30603612941184;259.52785639708156;
3,500,False,False,False,1.0,177.4930927477447;567.879896292067;207.93140763314773;,980.4588976204512;740.1801546766923;410.75106121524175;
3,500,False,False,False,0.6666666666666666,69.71441106042609;2492.150828604803;,274.9888564227401;643.1492981456528;
3,500,False,False,False,0.6666666666666666,439.1659226887403;432.47914232423375;,207.21359879141545;457.44960753345634;
3,500,False,False,False,1.0,393.14274451844216;335.4891105109854;622.5249259456402;,38.86773658584382;342.32454930777385;637.6278902014473;
3,500,False,False,False,1.0,296.8601554079506;138.09775800620838;418.7512827109918;,415.65013768049505;223.7380688927609;284.1409438990249;
3,500,False,False,False,0.6666666666666666,323.5544944998717;526.7224215009481;,284.36224622757413;430.6577869983661;
3,500,False,False,False,0.6666666666666666,117.58114403705167;674.737584411492;,172.7046285821907;639.5228686879675;
3,500,False,False,False,0.6666666666666666,1096.6203993049282;587.1008485075337;,215.96485938099335;251.8820184267224;
3,500,False,False,False,1.0,513.5876526134971;48.336719036986764;331.54441005936195;,471.79913046378874;598.4152504716666;269.5417121019719;
3,500,False,False,False,0.6666666666666666,413.0293898582031;404.19735959682777;,267.1483854100272;474.47528739400684;
3,500,False,False,False,0.6666666666666666,332.4239257719565;360.5045710113758;,380.25696665355235;348.6802103466967;
3,500,False,False,False,0.6666666666666666,467.73595542828537;477.3874120531973;,243.610877285294;306.5172923531135;
3,500,False,False,False,0.6666666666666666,774.5321552727293;940.4676777938339;,317.6870490058399;202.54696130361978;
3,500,False,False,False,0.6666666666666666,1218.626571335553;151.98050292382598;,530.8724795663454;503.81321624570745;
3,500,False,False,False,1.0,397.5025339477731;664.809876206444;566.4016776894247;,432.80345544755545;391.53912179636797;878.821404037833;
3,500,False,False,False,0.6666666666666666,158.34036572662333;422.0255243430951;,628.701755091953;267.62830291605593;
3,500,False,False,False,1.0,477.0473827736332;201.33092400126452;264.3880778978539;,205.75263093030276;197.75405494104362;266.79920427233907;
3,500,False,False,False,0.6666666666666666,105.74535633851507;268.2202565455845;,128.77533980406747;131.0125411301887;
3,500,False,False,False,0.6666666666666666,131.5042788305249;365.7459243741922;,176.99807187206534;481.94000116520925;
3,500,False,False,False,0.3333333333333333,789.6593786879679;,121.02770030586092;
3,500,False,False,False,0.3333333333333333,852.2595318141109;,36.454550295097334;
3,500,False,False,False,1.0,691.1133076900413;182.0681118410805;310.27927867140403;,389.78886332011507;392.63928891688386;495.35806639669556;
3,500,False,False,False,0.6666666666666666,396.9521421527939;6201.839806454293;,775.2006170229865;418.3570321611151;
3,500,False,False,False,1.0,658.6417268504691;269.6801027238344;945.6237487991532;,222.22634577774448;286.081602396302;607.2568260831077;
3,500,False,False,False,1.0,536.4332342076547;293.43737702569007;445.63052688901814;,274.53687989731026;143.46225978275965;109.47717077451671;
3,500,False,False,False,0.6666666666666666,1519.1593514622714;137.43511053038043;,367.1853824126497;212.88930681381075;
3,500,False,False,False,0.6666666666666666,514.7476686158908;121.42460219329247;,958.0681110402244;383.5521958611261;
3,500,False,False,False,1.0,89.70639336428312;199.01802720225405;408.7515738310989;,350.88649066848063;562.1441234400397;500.57159087048893;
3,500,False,False,False,0.6666666666666666,1035.0145533750479;197.9431131363978;,580.9325877042395;203.79468236551656;
3,500,False,False,False,0.6666666666666666,1304.8205515506932;563.0121159597066;,324.79063912076657;293.0469594790858;
3,500,False,False,False,1.0,83.86479703478207;497.52861685040926;476.36499829019954;,870.5548910439124;556.0774826288662;540.9809903418063;
3,500,False,False,False,0.6666666666666666,411.70074653763385;51.01560859973741;,362.92943261436136;212.9647630825406;
3,500,False,False,False,0.6666666666666666,275.39919877318243;1274.8534905291872;,317.26487255379993;533.3074162657642;
3,500,False,False,False,0.6666666666666666,1234.4303878620665;675.7003815450383;,420.1133960776528;309.518551915051;
3,500,False,False,False,0.6666666666666666,776.4273255525288;464.6509422207509;,301.69211145467654;453.31780632370715;
3,500,False,False,False,0.6666666666666666,276.72354502754024;3993.8364303818203;,547.5773965430193;566.6861017429438;
3,500,False,False,False,1.0,262.70058051979015;358.21677034272835;526.6825786281246;,269.1031262051759;366.2565193308252;222.45821204441816;
3,500,False,False,False,0.6666666666666666,3796.886062043964;111.47020066073472;,425.82035237837505;260.9361623032054;
3,500,False,False,False,0.3333333333333333,458.6093997829169;,539.6673153485399;
3,500,False,False,False,1.0,458.8017100405947;563.4656117075036;173.38081168867484;,605.4725445248804;303.2847781520033;241.30031484063772;
3,500,False,False,False,0.6666666666666666,544.3165204745673;294.3820207841015;,523.4423641918055;550.1238739535821;
3,500,False,False,False,0.6666666666666666,271.4813624728478;584.9212990467734;,564.768982178187;568.9466790868765;
3,500,False,False,False,0.6666666666666666,129.9070631778568;780.849479339928;,394.0705195968273;1443.6499692734508;
3,500,False,False,False,0.6666666666666666,619.0886360891562;116.87591106109411;,472.1738911206258;275.9229083809986;
3,500,False,False,False,0.6666666666666666,57.80586132901809;377.70582248686253;,37.863552836885354;286.1919034101426;
3,500,False,False,False,0.6666666666666666,696.7413875629329;309.14415485633253;,512.7384865636567;260.8759928620144;
3,500,False,False,False,0.6666666666666666,423.5518768568465;1573.7978461057446;,830.3428813813243;536.1672236976814;
3,500,False,False,False,0.6666666666666666,242.18031273751544;716.7095369170313;,117.78752874432801;516.6722985158023;
3,500,False,False,False,1.0,92.59642045056589;242.69919138913784;277.4698378201695;,496.53979080643035;538.5700217574387;300.23069843837555;
3,500,False,False,False,0.6666666666666666,233.2432684770611;1528.8480727850967;,368.39164655866114;752.3931178402158;
3,500,False,False,False,0.6666666666666666,315.0027546058231;577.0226861914347;,135.4561080212389;354.9260604631389;
3,500,False,False,False,0.6666666666666666,62.35800481360938;2282.757962840146;,275.50557076385167;110.2630724245822;
3,500,False,False,False,0.6666666666666666,654.1793286749348;345.179348955398;,713.7452318739556;288.43917796260035;
3,500,False,False,False,0.6666666666666666,210.93975583205125;3891.732311550223;,322.4827592774759;910.7925347949657;
3,500,False,False,False,1.0,134.68500564757238;350.89508792762507;229.33986117716947;,191.73290330844304;543.9734233150118;303.37972660499076;
3,500,False,False,False,1.0,187.3833039571251;519.2695570820364;320.51554435349976;,129.598153473218;223.30902893225473;472.44515645773583;
3,500,False,False,False,0.6666666666666666,88.63043018011554;1985.936914001137;,238.08004456522548;167.59965462627895;
3,500,False,False,False,1.0,435.092046825653;162.84297949258053;132.63352725470733;,629.4083525120253;199.36390050976937;243.9844409051488;
3,500,False,False,False,1.0,134.1359737024205;451.8214357020027;220.41505933195347;,213.3438267901212;734.0309623428587;677.9139908852962;
3,500,False,False,False,0.6666666666666666,51.74426624924927;2313.666275140104;,432.9595591143347;908.0289203891406;
3,500,False,False,False,0.6666666666666666,53.86924192623918;545.1353145227076;,223.4065578580602;591.5802429359145;
3,500,False,False,False,1.0,663.390358275177;339.0686028372503;361.91723237861805;,622.6727304906053;749.6444880262482;884.1457418153054;
3,500,False,False,False,1.0,396.84104651413793;114.09715553958478;288.3955176927892;,253.07816929704126;239.82446194086563;554.8430696153632;
3,500,False,False,False,0.6666666666666666,273.11769851995587;852.1757426637179;,376.4566398510949;353.6058847036795;
3,500,False,False,False,0.6666666666666666,253.74505696045236;586.4860165741001;,284.8134486109851;679.8388076439737;
3,500,False,False,False,0.6666666666666666,87.24435068722984;223.9779300066472;,349.6221650437335;20.842544712056903;
3,500,False,False,False,0.6666666666666666,396.54968466553527;270.91268842003626;,318.6026230669629;405.5456470726088;
3,500,False,False,False,0.6666666666666666,2224.521105002543;425.2171188763476;,56.857417286436565;293.24414597129476;
3,500,False,False,False,0.6666666666666666,674.452046820254;420.5620555467077;,323.2246927368417;132.2193504341336;
3,500,False,False,False,0.6666666666666666,3471.9919568542596;187.5418038013371;,425.54589889570144;377.44747011701975;
3,500,False,False,False,0.6666666666666666,406.19750276493215;591.004193159594;,333.1237463329104;466.40478340483975;
3,500,False,False,False,0.6666666666666666,465.88715597995605;254.8068407304158;,498.028129347904;144.0969650313449;
3,500,False,False,False,0.6666666666666666,368.525197008486;101.18781158544792;,612.0752383227511;388.6959385617713;
3,500,False,False,False,1.0,297.11692015562073;853.3597486089418;186.17017211713062;,409.2621406983325;760.3645305529526;240.97722949622386;
3,500,False,False,False,1.0,206.57744820355876;397.3227445319457;394.5188162079211;,172.39491986944464;435.9485591382736;363.46604991988255;
3,500,False,False,False,1.0,319.53501359922103;49.48774154610085;211.11636048535792;,329.5534019589771;509.4014744525926;240.30363895994628;
3,500,False,False,False,0.6666666666666666,413.977578610091;310.84063153202396;,93.96296846550096;61.19240463301246;
3,500,False,False,False,0.6666666666666666,247.63473772254537;3277.3687699589104;,291.4416575130943;152.01371860671392;
3,500,False,False,False,0.6666666666666666,122.63011596216812;846.7459929323903;,48.90744254251931;558.4698778200693;
3,500,False,False,False,0.6666666666666666,323.67924761809843;828.0567808440065;,631.5072401116477;312.939422776192;
3,500,False,False,False,0.3333333333333333,1416.7368487759181;,188.70558651053287;
3,500,False,False,False,1.0,442.63275217651875;130.4166443532584;814.0276576641473;,485.9427274499968;157.766757331156;246.28265908345222;
3,500,False,False,False,0.6666666666666666,132.3166816224129;220.07872797163685;,141.92829536816305;319.26757707887;
3,500,False,False,False,1.0,275.27231966031553;242.5642780164742;531.1442911746464;,226.13627315766206;538.662466118061;651.2158073374418;
3,500,False,False,False,0.6666666666666666,25.21649312208577;43.669579041120336;,877.9542952091285;85.0553938003635;
3,500,False,False,False,0.6666666666666666,472.286120136003;896.5950104119007;,508.85274931903047;297.0373791927454;
3,500,False,False,False,0.6666666666666666,272.6996579057888;450.68011845922126;,419.98119008543574;717.3789324201873;
3,500,False,False,False,0.6666666666666666,475.43789801678184;647.2286302086841;,215.40938933784534;682.3690326455581;
3,500,False,False,False,0.6666666666666666,115.95405704729977;485.35812810583036;,137.58571815586052;681.0316677835804;
3,500,False,False,False,1.0,255.8374462749125;729.3269271911804;77.2895759476609;,340.7630332750952;734.9636879877326;45.66588035361133;
3,500,False,False,False,1.0,353.04797511678726;821.598919762514;246.93007843780936;,206.57144923198675;874.3244670295827;208.8818702414721;
3,500,False,False,False,0.6666666666666666,324.475271716455;559.4542932607908;,149.36307605335213;246.03309492773263;
3,500,False,False,False,1.0,152.60081530448758;258.44095217088926;574.2633288287454;,244.60401465246704;174.64019618641944;514.1796758667966;
3,500,False,False,False,0.6666666666666666,171.2462775772768;3663.956301106443;,271.3382153272645;285.5844212393691;
3,500,False,False,False,0.6666666666666666,1087.8215419043047;367.7179174254293;,489.71121695333034;359.3554265118409;
3,500,False,False,False,0.6666666666666666,808.7446055452682;323.93846335500785;,322.3488400137402;430.6978391232526;
3,500,False,False,False,1.0,505.10244635006984;55.04239033488847;104.63472743362858;,432.8441502340524;102.20043849578487;81.67227817539718;
3,500,False,False,False,1.0,264.35834436966195;391.49959809718985;536.3051036982538;,111.12926620710526;448.6280686787887;569.9920778900209;
3,500,False,False,False,1.0,433.1899261797967;710.0354412889059;120.9360821893266;,198.4060681166582;381.34378810337705;262.25093763443084;
3,500,False,False,False,0.6666666666666666,276.218613672537;429.04268781958933;,493.2702494410315;379.31087439910624;
3,500,False,False,False,0.3333333333333333,812.1197948634966;,286.0088609023648;
3,500,False,False,False,0.6666666666666666,448.57130177337206;205.4002466237137;,361.34507487329955;581.7982491827864;
3,500,False,False,False,0.6666666666666666,309.4520197593646;1562.2351779121097;,501.0895886215901;807.8229983240634;
3,500,False,False,False,0.6666666666666666,293.73192475054697;936.3814794221253;,468.8097452896357;330.95102463396194;
3,500,False,False,False,0.6666666666666666,237.2019928864986;166.09402134982722;,370.61256150766;250.67804382133266;
3,500,False,False,False,0.6666666666666666,420.6840277572605;2325.0402944106545;,521.5161229715407;342.6650548344787;
3,500,False,False,False,1.0,229.05174296923403;73.88160449400976;635.5745640134955;,494.59542711737583;324.474459331274;596.8269254263748;
3,500,False,False,False,1.0,988.5548019820432;211.07686682689493;1091.267425532164;,779.4346034013113;159.9732138947845;467.75017868780236;
3,500,False,False,False,0.6666666666666666,59.80579456745647;844.4064484455831;,282.02853685142566;534.8312245748749;
3,500,False,False,False,0.6666666666666666,511.400725600577;561.2034375091287;,456.07462483616575;822.222192986569;
3,500,False,False,False,1.0,338.7298691059921;369.5606113787994;187.6924123685128;,208.33210059924227;143.2208451035323;226.5841692622958;
3,500,False,False,False,0.6666666666666666,144.79731354078962;1180.4301896168015;,101.13255054290309;169.15776470327978;
3,500,False,False,False,1.0,119.8526423248083;734.8061546262886;417.19281424400106;,469.9662926181141;485.73962622340787;639.9009774828008;
3,500,False,False,False,0.6666666666666666,599.3810944290368;315.01768276293257;,278.24969409105313;404.2017517040755;
3,500,False,False,False,0.6666666666666666,279.6499161584706;400.8842424874526;,183.70373446659062;443.5470173589031;
3,500,False,False,False,0.6666666666666666,321.4437377554266;179.96080654636273;,811.9040435428269;386.70821909871955;
3,500,False,False,False,0.6666666666666666,328.971997058077;224.2039041871884;,738.397850144829;118.83379875603822;
3,500,False,False,False,0.6666666666666666,672.0491654868174;66.66864301675501;,344.9030631646886;50.26399316437949;
3,500,False,False,False,0.6666666666666666,581.7790751218422;414.3029081461048;,239.4538334525302;318.18296905802634;
3,500,False,False,False,1.0,351.7946083467866;176.63337493169772;434.0806239859891;,196.25976930053704;234.02167759137643;341.82143432064254;
3,500,False,False,False,1.0,969.3979233295498;714.4894640831976;440.83935254150987;,732.9023611590561;158.94105736736154;854.7867850581039;
3,500,False,False,False,1.0,300.1588343513535;464.36666020062836;288.2961380025026;,597.1722322085678;317.1273146650674;436.1697614929135;
3,500,False,False,False,0.6666666666666666,333.65983032645596;104.81122718236719;,183.47195867213208;420.37289854386063;
3,500,False,False,False,0.6666666666666666,440.51129664399633;179.3930537067011;,579.7212423802418;45.95469285046576;
3,500,False,False,False,0.6666666666666666,616.627124512769;415.1593424239432;,622.4783538787281;309.49795755650996;
3,500,False,False,False,0.6666666666666666,362.0357941136339;916.7307816441725;,370.1519405435763;448.3786588037451;
3,500,False,False,False,0.6666666666666666,436.28450645932554;1121.4550610813912;,424.06651428033535;476.37498180976195;
3,500,False,False,False,1.0,289.2612359408685;428.54078332966617;284.27835880834044;,261.20071809628314;155.39671066277495;214.73650711501614;
3,500,False,False,False,1.0,347.590500882558;161.30689933737662;652.6898181404988;,374.23409067109094;361.6125533441668;389.8416499789261;
3,500,False,False,False,0.6666666666666666,710.7183600017553;3431.106045977812;,218.74076476443747;542.6459798126392;
3,500,False,False,False,0.3333333333333333,891.6469395377989;,360.7159485765943;
3,500,False,False,False,0.6666666666666666,411.73755219583626;255.31708497089397;,763.0802799636009;194.43109336349846;
3,500,False,False,False,1.0,220.70334883084755;166.14685211695445;264.015450641235;,406.0544965686051;201.47415039334612;393.00531017477886;
3,500,False,False,False,0.6666666666666666,917.2885481039142;819.1285026590328;,171.57064564678058;850.2699837342982;
3,500,False,False,False,0.6666666666666666,337.4834529662052;1682.9902631979503;,233.5808822105741;350.03136825904363;
3,500,False,False,False,0.6666666666666666,1150.5203695624657;544.415460393791;,247.8864192860386;511.8756137036016;
3,500,False,False,False,0.6666666666666666,609.0328434718303;183.68837671892408;,495.1274522484829;416.55990991062765;
3,500,False,False,False,0.6666666666666666,308.43340180954965;234.33505227478702;,317.7788588826623;498.61869281721386;
3,500,False,False,False,0.6666666666666666,849.840304263545;2294.4789697190786;,464.9132412446761;518.3278182543181;
3,500,False,False,False,0.6666666666666666,914.5857015498649;232.1993218561329;,368.53767902492626;333.84149662962534;
3,500,False,False,False,0.6666666666666666,519.3706729184314;920.2483661680943;,698.099846810255;409.97130846178084;
3,500,False,False,False,0.6666666666666666,1416.8980206283707;57.401454169250954;,209.84111742130057;462.4622850968541;
3,500,False,False,False,1.0,302.00144939899013;461.1154460530579;327.9308545060512;,353.9726891444074;687.2198488481438;86.81177016484143;
3,500,False,False,False,0.6666666666666666,263.20722810881813;375.1313365976375;,378.54255089337653;665.4309465367389;
3,500,False,False,False,0.6666666666666666,409.4804534571581;449.181839239912;,175.77161826070443;322.8933741681551;
3,500,False,False,False,1.0,45.670249548762506;209.0015307132906;439.95290518195;,91.2756179633035;149.72653399323133;514.9308799105384;
3,500,False,False,False,1.0,355.5226461933583;543.961130625342;245.67404258897744;,302.94035179901505;305.267539143402;152.06618204086286;
3,500,False,False,False,1.0,87.81596248984144;213.36300968912184;174.12261096797363;,317.04275868224005;196.01745669359227;358.9461787204056;
3,500,False,False,False,0.6666666666666666,354.3019981370593;217.96197006965232;,281.4399160174031;386.30407081845374;
3,500,False,False,False,0.6666666666666666,312.5192434892846;1451.4976207953318;,301.9262726425913;827.6979473031415;
3,500,False,False,False,1.0,458.7806416036141;492.1342648592329;868.2451325690353;,260.1208506249254;306.8987828303954;669.8827566164464;
3,500,False,False,False,0.6666666666666666,245.3196602466489;236.22028742660444;,429.30037909498355;302.2571811124291;
3,500,False,False,False,1.0,357.5737741877276;537.3382036481504;420.7841849972413;,297.41289379901764;439.3348750309065;360.1251001201567;
3,500,False,False,False,0.6666666666666666,637.635371900838;302.88736169285966;,727.8723074685759;243.617768820151;
3,500,False,False,False,0.6666666666666666,628.6835875311715;251.7063430627599;,194.56305895681956;476.41774168119883;
3,500,False,False,False,0.6666666666666666,141.30629782266593;280.5683669942931;,460.25673158207985;454.73394869662735;
3,500,False,False,False,0.6666666666666666,302.6314556982672;23.474026034860046;,323.81013449462864;101.8447842679621;
3,500,False,False,False,0.6666666666666666,723.3350192714722;321.6224357719861;,811.8683152056251;169.38134695507563;
3,500,False,False,False,0.6666666666666666,141.2680264635844;346.7368894006165;,241.94971178003195;373.5282190535648;
3,500,False,False,False,0.6666666666666666,260.4571758031302;612.6169594368253;,282.27216117154705;90.57882154640886;
3,500,False,False,False,0.6666666666666666,677.024910284672;390.06364977762826;,416.0242405676146;542.131429017232;
3,500,False,False,False,0.6666666666666666,268.6956769428782;2855.222693231036;,426.07574584612934;393.83449974336213;
3,500,False,False,False,0.6666666666666666,222.37389077932926;151.4077862957297;,220.18281002423328;443.48126493059425;
3,500,False,False,False,0.6666666666666666,248.8106511097668;293.20670417778143;,439.35019370679385;126.75229723329961;
3,500,False,False,False,0.6666666666666666,322.9193644435927;120.35530393938906;,144.6356374205102;175.65690471569204;
3,500,False,False,False,0.6666666666666666,469.1799449234588;201.60933234906867;,279.2545853696882;611.0729838763148;
3,500,False,False,False,0.6666666666666666,381.15790502652163;634.2505657515421;,407.222477281304;1203.3895227409557;
3,500,False,False,False,0.6666666666666666,277.04228416931227;72.49917820164045;,391.217675668789;137.29865052907064;
3,500,False,False,False,1.0,118.31119848179172;417.30902219715495;628.5186194005695;,177.24466435134406;193.19658802034658;292.0771233801629;
3,500,False,False,False,0.6666666666666666,164.38038086354803;685.4282958126167;,357.5928493771559;513.2320889138059;
3,500,False,False,False,1.0,130.75791973528112;554.9614299212236;186.9833084143226;,587.439947832332;577.5734431715684;97.03499651085751;
3,500,False,False,False,0.6666666666666666,533.0945159536669;397.25909697842394;,96.91977858782604;345.3091222799486;
3,500,False,False,False,1.0,260.19621960711817;408.07143120154336;33.594011082740074;,472.37769564610636;872.4390401388548;388.5890784926043;
3,500,False,False,False,0.6666666666666666,233.51072761218498;1394.6065767709242;,167.63006535281548;823.2758755057151;
3,500,False,False,False,0.6666666666666666,498.3443457593507;567.5217028685414;,346.6156691654685;450.5699543035104;
3,500,False,False,False,0.6666666666666666,61.18343427516184;3090.7329582731036;,97.13527816599887;307.32594597815574;
3,500,False,False,False,0.6666666666666666,72.91589550292245;814.9386700681013;,257.8732009881083;563.4534860761153;
3,500,False,False,False,0.6666666666666666,144.3501414352141;893.4994362211263;,102.7318184541938;698.2255822086327;
3,500,False,False,False,0.6666666666666666,172.77523342640905;5635.946340686744;,159.6829993210094;836.7605826721693;
3,500,False,False,False,0.3333333333333333,469.2573635243494;,425.01982370138666;
3,500,False,False,False,0.6666666666666666,774.0365657637225;54.10942929184782;,460.8353376773335;496.04842668158483;
3,500,False,False,False,1.0,338.0637723934044;845.7116606683172;757.1349818644859;,899.7098939004939;1050.1250831423383;941.915164929748;
3,500,False,False,False,1.0,933.3050287965542;365.745345932994;237.31795409698034;,1242.0596147216525;532.9885967776137;530.5260215153633;
3,500,False,False,False,1.0,1058.6386277614251;178.1985667263645;1396.428337925164;,847.5111306951243;642.3676839308454;172.1935638902453;
3,500,False,False,False,0.6666666666666666,958.1077197733051;470.4762553241607;,982.243700147898;603.1009934554733;
3,500,False,False,False,0.6666666666666666,122.24423235196417;254.2883734463297;,348.5512151469412;220.2030522526093;
3,500,False,False,False,0.6666666666666666,264.58180764203104;145.72810674730127;,139.04796157097988;235.44194818861354;
3,500,False,False,False,0.6666666666666666,284.5586465809871;189.59579212000958;,296.1358316432767;154.34921247004175;
3,500,False,False,False,0.6666666666666666,432.6138729721553;303.69428176585285;,612.4976836370652;229.14331469072772;
3,500,False,False,False,0.6666666666666666,559.3985734285659;1428.9815081401384;,362.307071005657;701.6971650965162;
3,500,False,False,False,0.6666666666666666,405.8972001211527;391.9023527795935;,330.1122096465952;767.9079465241335;
3,500,False,False,False,0.6666666666666666,418.66087871900254;285.5153456104622;,572.8747232792425;468.1995407858863;
3,500,False,False,False,1.0,240.1144566891404;119.89351773647839;79.05822162902156;,539.7809012248777;426.13627189859494;173.52597834542445;
3,500,False,False,False,0.6666666666666666,546.285978004645;95.46969998780271;,242.074699119002;260.62762898133303;
3,500,False,False,False,1.0,346.46623786633097;233.3086811649565;75.12408169000031;,575.9355188673015;233.69422878337295;280.3821921281326;
3,500,False,False,False,0.6666666666666666,476.6136922628377;54.10993603459163;,238.91433213570346;150.8368783805015;
3,500,False,False,False,0.3333333333333333,1497.0094416340219;,123.68004315192502;
3,500,False,False,False,0.6666666666666666,250.91983205443452;210.03341881026793;,209.472951578534;227.77655007040678;
3,500,False,False,False,1.0,607.6881507852274;163.99782115228055;208.04245808189128;,469.2094891960294;282.5012322686372;99.04954718915695;
3,500,False,False,False,0.6666666666666666,1911.2476507938254;943.328229115755;,467.3390804926322;667.5918230786209;
3,500,False,False,False,0.6666666666666666,2222.81511016675;210.87295506465128;,536.726075590437;463.2943617587653;
3,500,False,False,False,0.6666666666666666,459.86401990256076;222.9006006665248;,171.71182964743443;316.05685831532384;
3,500,False,False,False,0.6666666666666666,111.38648728772422;265.2462289263625;,351.9609253849108;633.5710357931641;
3,500,False,False,False,1.0,587.801791188947;325.422549285274;674.2934349275376;,824.836104187141;148.35361133721904;263.13361975698155;
3,500,False,False,False,0.6666666666666666,61.727659292275575;3511.571660005687;,124.16833780955535;386.726053423747;
3,500,False,False,False,0.6666666666666666,96.00107978004868;768.6150992073116;,189.52518278716937;829.1590323910207;
3,500,False,False,False,0.6666666666666666,1473.3230571596814;390.8845455530825;,173.8815696617782;420.0314176981304;
3,500,False,False,False,0.6666666666666666,133.9762306017535;592.8174619993099;,287.40289247285494;521.2358375783065;
3,500,False,False,False,0.6666666666666666,187.535654086668;563.0572399722034;,125.47698530862526;499.8588813575775;
3,500,False,False,False,0.3333333333333333,968.1469325723907;,553.8209897009472;
3,500,False,False,False,1.0,374.2251019034441;292.2063437516719;315.07434704119845;,429.18398755864825;285.3385014346907;554.4943434362211;
3,500,False,False,False,0.6666666666666666,1205.7400854440925;142.54707733181428;,681.062251257165;366.7075119027083;
3,500,False,False,False,0.3333333333333333,224.20237540262374;,238.2198677346195;
3,500,False,False,False,0.6666666666666666,256.2205054192281;92.49277460790803;,397.56166373039395;193.86974622408337;
3,500,False,False,False,1.0,359.3045062156466;77.94528116179464;299.59567144102607;,738.5627814780522;308.1030092928298;574.0046388127736;
3,500,False,False,False,0.6666666666666666,227.87164008152521;109.04004048831298;,596.5054862332306;223.3636517804465;
3,500,False,False,False,1.0,401.4088638829069;906.322699989518;335.3732103095704;,185.50761880652385;333.8448105603885;298.6369952952314;
3,500,False,False,False,0.6666666666666666,318.68856690884735;549.8531556164183;,487.23445981184375;303.53021316123534;
3,500,False,False,False,0.6666666666666666,483.0672202938591;443.72433658790925;,276.78929783706315;860.307370120099;
3,500,False,False,False,0.6666666666666666,420.7416569829423;4851.561353549194;,446.63290944122286;241.41627322040384;
3,500,False,False,False,0.6666666666666666,188.41463731247876;2694.3869604025444;,654.1831122434443;816.3833927026121;
3,500,False,False,False,0.6666666666666666,456.7805738444768;582.742138782096;,644.8093667358796;402.0579103629356;
3,500,False,False,False,1.0,335.34388051217303;336.66769678490516;423.7520746243758;,217.98852619417082;501.0104545182334;264.00696910438074;
3,500,False,False,False,1.0,334.0226677448434;186.82385787071283;72.35826192691317;,277.12533043800306;202.0119002618239;310.65469656693404;
3,500,False,False,False,0.6666666666666666,648.9848016332311;242.94080395455688;,443.2925756508242;830.7174341846682;
3,500,False,False,False,1.0,183.17731602729478;540.2923136645338;367.4946712782;,162.43644100119644;612.8794781874952;583.3293018207657;
3,500,False,False,False,0.6666666666666666,175.81357508231875;351.1990982868838;,420.0420171262911;408.3137076572658;
3,500,False,False,False,0.6666666666666666,476.1731372264697;783.854277182003;,870.921031947427;734.2822077908089;
3,500,False,False,False,1.0,141.88127092963293;562.5385838615512;240.8199502145564;,439.73654523175236;245.41556565871724;578.0197566658399;
3,500,False,False,False,0.6666666666666666,256.2186280840415;2850.2847332403576;,584.4477966101546;172.63033708696108;
3,500,False,False,False,0.6666666666666666,264.02811854085763;714.9890661962903;,325.2852556785569;521.9734623357332;
3,500,False,False,False,0.6666666666666666,207.53841483235618;315.36590456055814;,135.03402417195898;510.2747955598097;
3,500,False,False,False,1.0,262.8950310182508;282.17060135724824;289.76207273120997;,359.4663098398152;263.7458484471258;460.28456193361234;
3,500,False,False,False,0.6666666666666666,396.2529661382202;244.72401286782153;,180.082069564863;603.7596572398086;
3,500,False,False,False,0.6666666666666666,315.8634014216452;78.78258796595037;,139.9498213698718;371.5230551399728;
3,500,False,False,False,0.6666666666666666,127.86433989127445;935.2008957827522;,435.19241091496;555.8063562651568;
3,500,False,False,False,0.6666666666666666,1167.7573643790302;263.28979608123655;,263.32602655823075;257.9499053970892;
3,500,False,False,False,1.0,201.26731998918817;219.14199886284692;562.4203950651146;,358.202381034281;96.70913620771411;141.2581630497072;
3,500,False,False,False,0.6666666666666666,804.5914707898723;166.4033203316936;,188.15633584191247;879.7982342270899;
3,500,False,False,False,1.0,201.56729140054722;489.53968286965625;305.45969407572676;,137.26272072236225;129.20640196964467;490.61290943351713;
3,500,False,False,False,1.0,210.43053994869936;186.86210642242625;1227.8784086859946;,275.46160213618913;407.28387596339667;1006.5873294500501;
3,500,False,False,False,0.6666666666666666,169.9023474864841;322.0598793797484;,371.501302248369;37.91736606422871;
3,500,False,False,False,0.6666666666666666,281.8169875310664;1022.5212465203917;,467.9626290465914;545.8625515088379;
4,500,False,False,False,0.5,295.90714169458744;1321.9159843898183;,380.32722201956034;175.80920514031934;
4,500,False,False,False,0.25,1044.6966637020116;,531.2709563622801;
4,500,False,False,False,0.75,278.9469973002021;296.55192121906225;462.0242173224459;,255.13736244385473;376.6518975505195;639.2580674680873;
4,500,False,False,False,0.5,319.63408108930315;277.9788071860674;,184.79132037004925;566.2703431070411;
4,500,False,False,False,0.5,215.23320723130098;2615.0298056643387;,374.9470340330458;577.9164057114052;
4,500,False,False,False,0.75,277.25447467378297;5913.431497708365;309.28316831564035;,127.30279383571212;456.20366786093956;833.855235513701;
4,500,False,False,False,0.75,101.30705290530237;151.8897025746779;759.1402838495795;,182.18462801472344;404.13824040212506;226.71396917559204;
4,500,False,False,False,0.5,637.6958029173679;443.92518567712693;,187.68408122430915;555.155884434447;
4,500,False,False,False,0.75,433.75747121364475;1077.0132098844663;790.7774811472243;,338.9463118647139;170.20100632549202;411.6943327315369;
4,500,False,False,False,0.5,377.8550426741713;1585.5977583755268;,99.45390224513913;182.18043387618965;
4,500,False,False,False,0.5,342.41638870020455;1339.2729583897817;,378.9790831545892;170.3520512111052;
4,500,False,False,False,0.5,1412.9696153940076;391.81174505343915;,747.6933978573965;282.0916518150971;
4,500,False,False,False,0.5,113.630417832761;2283.7560389267205;,520.9939581181162;461.8289847180654;
4,500,False,False,False,0.5,686.5725594214521;1254.7931351590419;,410.52177853525933;526.7149517041597;
4,500,False,False,False,0.5,1362.0207843666353;438.618371642752;,345.45208207077616;407.21859201595055;
4,500,False,False,False,0.75,167.590589736966;268.66960009071545;303.22100305507746;,248.0145189309791;644.6844102897147;396.367687579027;
4,500,False,False,False,0.75,371.88554780471543;430.72301730442183;98.70064616426517;,378.84829799119666;281.4163297737795;230.75966741402743;
4,500,False,False,False,0.25,1036.1057578106845;,634.9565777340348;
4,500,False,False,False,0.5,34.06141058867413;483.01547405650507;,219.78316363132618;161.65922322603151;
4,500,False,False,False,0.75,288.8873510748457;503.3538685145756;764.0082032198053;,48.7136694357013;291.47165116623665;634.905337507102;
4,500,False,False,False,0.5,301.256303890761;250.12719149784235;,76.45763058070217;417.09760259477014;
4,500,False,False,False,0.75,503.7166280474472;420.2456008103433;72.8789973775529;,542.6804304000011;713.7741396038214;348.90622481322265;
4,500,False,False,False,0.75,1699.1294396408098;191.84717451112348;474.38789201474043;,274.85071928767104;110.7212838882927;630.8814470453782;
4,500,False,False,False,0.75,193.255215938867;94.11408160265104;2304.375270711547;,272.47313269239976;264.1810750709699;528.5606536279627;
4,500,False,False,False,0.75,323.52716272192606;336.17913476548347;409.28715712526576;,674.3558127538156;252.14715481812377;510.3276171091061;
4,500,False,False,False,0.5,587.594083392978;1773.668154767362;,471.3132823286887;169.32683903038287;
4,500,False,False,False,0.5,278.317757346866;3590.10744129705;,394.0153584497683;229.642764097756;
4,500,False,False,False,0.75,294.420143186373;316.74736454879024;214.50387712713422;,624.544092622053;292.3756115379223;471.6988129914569;
4,500,False,False,False,0.5,541.1810468150019;1100.383774404228;,513.1975047433972;595.7781851035228;
4,500,False,False,False,1.0,343.17645565060127;364.2449383334061;331.1407691102058;290.8057910388496;,323.45328772396687;665.9329804503677;572.7899027823203;352.1559665475237;
4,500,False,False,False,0.5,536.9839751933657;171.84083674227304;,234.26968747422012;115.3769441271297;
4,500,False,False,False,0.5,623.7789770967528;3038.459447855769;,396.597671576336;694.120216586084;
4,500,False,False,False,0.5,3434.8797005293645;231.36790559863667;,171.0088995483943;312.22478886626794;
4,500,False,False,False,0.75,375.11684024108985;218.38876787487303;400.1409643358935;,482.08162919966156;168.01927601676874;564.8502439479286;
4,500,False,False,False,0.75,74.66891384773457;40.19994928945356;1648.7865239581856;,129.07353039864643;258.4079595718458;319.9231991373964;
4,500,False,False,False,0.5,101.29054856954266;939.1705411476264;,295.548886783209;725.1405170161303;
4,500,False,False,False,0.5,26.865961388288785;329.55659046038187;,123.24040026869525;404.00026475957134;
4,500,False,False,False,0.5,1870.1760347447016;616.4467100074528;,684.907546435482;326.2876573987525;
4,500,False,False,False,0.75,106.1959744736942;257.312261602398;2326.1183732275395;,666.1193143552613;390.59508652302344;157.43452328129578;
4,500,False,False,False,0.5,373.3044991779889;352.40962104181415;,98.49207642658378;295.54480128304795;
4,500,False,False,False,0.75,317.09905323289087;654.6448996600751;345.58293085392154;,344.0707890812421;379.06586848662005;485.84681359749567;
4,500,False,False,False,0.5,523.1712303942594;183.81476561168708;,108.22680337944148;100.82837224734263;
4,500,False,False,False,0.5,164.6050039964166;3427.723346178418;,135.36660121443325;421.99369683185097;
4,500,False,False,False,0.5,246.5332046324033;769.171305716949;,169.92488449430004;224.1122305859854;
4,500,False,False,False,0.5,463.6401824714106;328.5153526234587;,574.1009226915644;181.42461149572938;
4,500,False,False,False,0.5,177.39145132325112;539.9628996018666;,204.375620129739;336.41666194055387;
4,500,False,False,False,0.5,248.7987279067403;823.0676707456474;,279.6204253989089;819.0106210133683;
4,500,False,False,False,0.5,123.7066032189332;2623.6369094879406;,309.16886869951486;144.19699778392368;
4,500,False,False,False,0.5,777.40979179193;3190.3758386914565;,830.6832300819665;528.4297368645786;
4,500,False,False,False,0.75,563.6971659696173;360.4780873541098;454.76619317538086;,509.2503850056019;262.29954607640616;241.7228960151954;
4,500,False,False,False,0.5,612.0112120097922;1679.2507090832069;,81.83292757192295;313.38237220352954;
4,500,False,False,False,0.5,520.8800457776878;742.7444973985406;,348.526215684743;490.2781040700247;
4,500,False,False,False,0.75,270.25947631370406;258.0587266035707;181.81706281760768;,293.66851290563744;186.27833571420882;63.23201694906565;
4,500,False,False,False,0.75,1517.3859204293437;265.1702786512143;75.09177250257872;,662.2992110949805;444.5281663948276;238.1589630247709;
4,500,False,False,False,0.75,302.12300517820006;50.20883469047965;254.55856607396422;,252.68947569188796;155.61883616764857;599.4347399820307;
4,500,False,False,False,0.5,101.73164263131169;343.4821445105693;,453.60685818448087;350.26479201616166;
4,500,False,False,False,0.75,830.0453594305263;230.49264683456747;409.7986148911839;,400.80320971814706;226.22507128996017;638.9710763205089;
4,500,False,False,False,0.75,285.99234712194817;178.02701651330068;530.2551422587686;,557.2538045736383;69.3720561263796;591.2516884665313;
4,500,False,False,False,0.5,335.67423227894767;389.6304024093876;,300.4950381814114;439.74142595675784;
4,500,False,False,False,0.5,478.61597778135905;522.3953897566033;,358.05843912989815;472.8334154915112;
4,500,False,False,False,0.75,360.31232712626837;242.67698647527783;375.2736798649904;,302.53331221923224;334.51841153186274;425.7509328424208;
4,500,False,False,False,0.75,602.084124303618;1989.4094424908767;394.1700071303552;,169.39579691231887;549.274782024017;196.6864093196525;
4,500,False,False,False,0.5,370.4627385294853;699.546546373331;,60.10698169111065;507.0196910668519;
4,500,False,False,False,0.25,454.12873416177865;,209.67381435758398;
4,500,False,False,False,0.5,181.1126769817054;366.7370180423695;,195.12356007519503;540.7304570265189;
4,500,False,False,False,0.75,295.13396922818;238.57910515773185;228.48809774725484;,222.08855494363286;322.07426583828635;206.9872847075127;
4,500,False,False,False,0.5,1330.6995817255133;426.8169835202674;,588.8585932573951;616.4278153610809;
4,500,False,False,False,0.75,355.30281705590505;234.23430501269638;379.1455504751439;,307.0966901014932;72.68809538251095;503.5129411983775;
4,500,False,False,False,0.75,316.02205140091496;246.714854070085;4109.533786181366;,345.07589247226827;233.61973245366156;270.50675753841256;
4,500,False,False,False,0.75,741.8695885281348;2719.8786254571587;403.620559926501;,473.95848252786914;439.8823158777487;663.4756865114618;
4,500,False,False,False,0.5,593.9477008482719;142.2163227377837;,391.81674856840914;47.42152116742682;
4,500,False,False,False,0.5,134.34483344662456;534.7558183403636;,647.1192726426012;318.8663794278772;
4,500,False,False,False,0.75,354.79956460868317;516.7050666602851;860.0841292487653;,301.9664425325424;478.60520011341464;613.8345448860754;
4,500,False,False,False,0.75,460.95570354550256;75.58027503590296;401.16030111514476;,424.39174270586545;414.4148234085255;784.1505949704124;
4,500,False,False,False,1.0,60.78935449237432;415.2597648599028;409.629999734557;461.07778331157795;,249.3396359704544;517.4441571345578;314.68830265034484;541.6727602751046;
4,500,False,False,False,0.75,1515.7969552193006;123.92428560236405;282.9980512471306;,282.52471644625695;103.48562100377048;157.96232657649531;
4,500,False,False,False,0.5,427.1259599991119;1008.8751140732068;,117.09080130195358;299.07942640080324;
4,500,False,False,False,0.5,120.34932010473109;700.106934958726;,232.1295843128283;351.9281575311105;
4,500,False,False,False,0.75,2483.482333752418;398.20988089190814;158.2484385220831;,354.86970741598657;238.30043767159341;49.350899969492644;
4,500,False,False,False,0.75,171.7572172698949;716.2234139114516;648.2025667817014;,257.6878227329116;121.76831116325856;530.1641649839469;
4,500,False,False,False,0.75,236.09701908025647;474.46613028804495;525.3579933895511;,456.640431006617;146.84219833526186;276.9540724960948;
4,500,False,False,False,0.75,113.21108852569388;185.87937193438276;405.77087093978884;,123.96783027185208;362.6303955710308;428.88897713539313;
4,500,False,False,False,0.5,201.3413699596432;2289.710967235408;,179.5816203075891;847.8622747929297;
4,500,False,False,False,0.75,525.4492721929729;1227.3228914298218;282.4984531839596;,636.305180493806;359.215594017247;413.08180773566414;
4,500,False,False,False,0.75,217.87253661035504;381.94785302819133;2512.9543926205333;,108.19553016937263;44.14533801422544;442.3761363475363;
4,500,False,False,False,1.0,844.7620487824363;466.25237908920894;1363.6760875229345;408.46970526316517;,775.8781512404378;139.7065397516398;767.6282949097505;396.1908565630131;
4,500,False,False,False,0.75,548.2251444285719;147.2561015595966;611.6742081888339;,243.54557805516765;36.6365259409802;821.4900676735932;
4,500,False,False,False,0.5,1602.1101021649072;2818.760671410782;,494.8979757497417;546.9567517222563;
4,500,False,False,False,0.5,183.2994576367364;2882.3916542485376;,342.59619100162536;922.6464546021504;
4,500,False,False,False,0.5,1320.4060800702357;561.4781717283195;,578.1221386772295;139.92218118101366;
4,500,False,False,False,0.5,182.18151990250396;1506.0198501850728;,495.5564459611555;401.4680049604697;
4,500,False,False,False,0.75,99.913311132664;339.19981355383845;2474.802849580054;,380.4240846690237;331.0162589205542;457.8353804292011;
4,500,False,False,False,0.75,111.7320735274872;1477.3526878026896;309.00770744047423;,490.94943338804524;773.3714235831657;756.284047067369;
4,500,False,False,False,0.5,617.1056829294374;396.40772822637445;,555.7420595258105;537.9765480531092;
4,500,False,False,False,0.5,307.0637743082024;3497.727200389566;,223.06652379333326;783.5327765607498;
4,500,False,False,False,0.75,241.1758878363733;433.67675972878504;235.03836197170608;,91.42914183009071;479.16431257842197;434.3659963764507;
4,500,False,False,False,0.75,1003.6706987169199;619.5006356286602;307.1934850358463;,405.352766144758;243.67854531373672;436.9725610763746;
4,500,False,False,False,0.5,320.3402452989427;2586.896288437514;,17.4050041436177;270.79406876915544;
4,500,False,False,False,0.75,869.4331939959861;178.61367922705205;100.45804072844811;,266.3684090458264;71.42338501427561;281.3395380635201;
4,500,False,False,False,0.75,81.40195633558496;580.378648303858;1491.606641939939;,216.5910667150789;250.71559196844208;239.25439069253238;
4,500,False,False,False,0.5,1125.2554696158627;4129.509028125475;,538.9752540418768;1115.7514632777522;
4,500,False,False,False,0.5,142.01802316372195;1250.8585906192477;,182.54722632433982;310.00027947760583;
4,500,False,False,False,0.5,142.7791610905855;236.56634462342723;,117.20604094896164;257.08716405449945;
4,500,False,False,False,0.75,369.8464582733248;236.82375785154701;367.25633781664607;,328.4351936936073;794.5999392796717;284.1092552875314;
4,500,False,False,False,0.5,177.31391312127536;2092.627294380786;,162.4433876957478;643.5107294077948;
4,500,False,False,False,0.5,619.007373474574;643.0826382311051;,195.75338642223699;795.2370466407077;
4,500,False,False,False,0.5,592.8256308311871;469.3570969085156;,326.38358443188633;322.61406795267214;
4,500,False,False,False,0.5,489.8598291517042;148.29649151408626;,494.9511275342064;342.69586725937006;
4,500,False,False,False,0.5,453.4165777368089;3012.4702199946933;,680.9677363978449;541.8588344361789;
4,500,False,False,False,1.0,314.39021121829984;441.54859563601593;442.23723911212284;425.1176108034477;,264.97003860901737;257.40713224545215;143.71908138189406;360.752673361694;
4,500,False,False,False,0.75,399.0414422538234;383.12164818076644;1395.8011562593165;,763.4843984086925;396.26367222842435;759.7274109497555;
4,500,False,False,False,0.75,466.01721612537347;1798.7357477795829;860.7638252561877;,624.3160549126944;532.4078583927635;1017.5161591611346;
4,500,False,False,False,0.75,216.2390547148043;77.30719691987805;1208.8313694995732;,208.5847401123798;196.77518829458643;817.286845025242;
4,500,False,False,False,0.5,105.8654055909631;5453.287951929564;,153.89965288069172;291.99230017009575;
4,500,False,False,False,0.75,162.4175508397433;399.5484002858105;646.5446327369673;,90.74597806351956;351.94879100338426;664.6531660294352;
4,500,False,False,False,0.75,512.7030545113947;685.5337380560387;4771.115506879722;,217.6011755316699;626.6966054125106;477.44792815821825;
4,500,False,False,False,0.5,342.621284074052;1885.3558979032246;,671.2050881772044;499.97206343622855;
4,500,False,False,False,0.75,706.7202683372301;463.3385176001647;191.82534293151863;,468.6903385634594;115.79554619357135;431.39651260988643;
4,500,False,False,False,0.75,212.56027553229364;1705.0334058367991;467.55455641720545;,195.51928019615445;437.40862221344423;498.39731932668604;
4,500,False,False,False,0.5,597.659173543781;531.6215109910443;,466.8943945114048;658.2879753117952;
4,500,False,False,False,0.75,487.3660073611616;364.9586366594093;3331.1019853430075;,600.4108979258589;624.172514105178;137.36705460607783;
4,500,False,False,False,0.75,511.7240709604819;340.50165381728533;315.5007897659171;,644.0403603440133;596.6289463065541;691.165459071196;
4,500,False,False,False,0.75,180.81137622741076;333.2036905693202;283.9664456586733;,584.6439317260855;444.3553652643172;347.49774303646217;
4,500,False,False,False,0.5,225.64828583034551;2207.206126887763;,346.23432669717613;653.9962241401307;
4,500,False,False,False,0.75,283.58713834130566;638.228850317751;388.25521370007635;,231.3122774712861;11.117289383245883;693.2923684995831;
4,500,False,False,False,0.5,451.36869581119464;612.2571461212367;,369.93429289302753;759.8363419535863;
4,500,False,False,False,0.75,202.26012378200502;239.5501831414451;577.1336775143715;,120.00888510974055;352.9997564199878;210.57929323663558;
4,500,False,False,False,0.5,385.0868761436949;312.89141818581055;,848.5632294958026;413.56575688363955;
4,500,False,False,False,0.75,462.24999937054685;194.56963760264216;1452.6239114870095;,308.1030351729531;123.44899948341848;691.1086016957007;
4,500,False,False,False,0.75,691.0525691195564;239.66831010916047;600.9870267555864;,578.2582856052163;627.9446059002679;961.4733921101538;
4,500,False,False,False,0.5,389.4423430291804;1168.407609830202;,329.2372029567685;702.3989257852455;
4,500,False,False,False,0.75,268.11555201864473;429.053496059821;364.31846260739957;,606.0737844624512;145.31856973432565;324.7362637547709;
4,500,False,False,False,0.75,2537.9407301855404;265.20189765077146;185.76013593738108;,687.0483006739142;368.71430069674153;96.87884021174303;
4,500,False,False,False,0.5,552.292096997116;463.95646926592775;,175.10777594262504;287.98027376832715;
4,500,False,False,False,0.5,539.4587148385513;776.0575410917165;,815.933107348333;268.97117559503266;
4,500,False,False,False,0.5,2969.6950133080068;700.2455913478542;,236.48356651773895;241.82053813108558;
4,500,False,False,False,1.0,513.6380930720551;42.344844436030286;640.898167915651;362.3619869588952;,339.281035602059;162.53172697076408;279.65222121149424;53.54178240561097;
4,500,False,False,False,0.75,868.5413230863572;402.47109280328334;378.61806709422535;,687.9191665592944;706.5467691672499;765.2254837738104;
4,500,False,False,False,0.75,353.9050379588135;915.7864777689548;353.0113208054181;,334.7572807876304;294.25894180979617;191.59968072538345;
4,500,False,False,False,0.75,286.2938215675663;217.16571924174787;675.133273111922;,143.5676484673743;368.1768114240578;456.60771290810874;
4,500,False,False,False,0.5,104.37680879025139;1711.4991744537208;,170.51067322287977;618.9492763231079;
4,500,False,False,False,0.5,448.767796308171;3079.2071190340907;,149.93319020721594;482.87052460153075;
4,500,False,False,False,0.75,877.6836735168322;94.41870675321296;228.9405218009262;,255.8311193076607;250.92360168686275;244.80144094584804;
4,500,False,False,False,0.75,74.19225010580948;235.63417274165943;658.0731500341614;,341.1374946091401;355.93399790489934;652.8089242048625;
4,500,False,False,False,0.75,126.01206757417228;136.64393791703898;378.2414966902949;,231.65662271561936;360.0645839774731;517.5553234219865;
4,500,False,False,False,0.75,443.8944915336003;410.34576552247836;320.820832724498;,196.5655837779897;204.53262764880662;609.1734666717742;
4,500,False,False,False,0.75,341.25240023187234;1644.7190705936127;180.8141119950936;,182.30716002769884;1126.025729532514;536.8634131467047;
4,500,False,False,False,0.75,432.70340182490975;336.35003819010245;376.6807693136149;,69.52353767108211;706.9486583038995;466.8468004922437;
4,500,False,False,False,1.0,272.9001665039859;383.8929189976399;438.94910504025194;212.34731299278764;,296.6380607007591;81.93133976262327;248.9844283301889;126.31270786943257;
4,500,False,False,False,0.5,218.79851083820128;610.7985348602209;,198.58410033754114;548.9637280759857;
4,500,False,False,False,0.75,430.1140498912035;622.850513189607;265.7980284558251;,299.03575891351306;343.4125542319786;419.4745288948638;
4,500,False,False,False,0.25,165.4969944658853;,123.82171482577168;
4,500,False,False,False,0.5,1273.859776286605;366.0599008543437;,243.77486081665765;398.42839544938363;
4,500,False,False,False,0.5,483.2916011964681;132.2786924990955;,131.05891778524958;286.6948056451792;
4,500,False,False,False,0.75,215.76293030444654;206.77713347511187;451.34924154496497;,281.0338133192504;76.53489096018227;558.3782399693924;
4,500,False,False,False,0.5,251.7144848755133;404.8014302607604;,187.34159130856162;433.20062594340425;
4,500,False,False,False,0.5,162.48531042638152;1011.8792403613652;,359.7893463798714;274.34274509849644;
4,500,False,False,False,0.5,213.2156693038596;192.48887449710338;,294.1612098319387;338.61280154204303;
4,500,False,False,False,0.25,1040.7131325303951;,836.6217243034224;
4,500,False,False,False,0.5,283.01666492539573;1074.629403097001;,316.67029282298347;507.4913133316864;
4,500,False,False,False,0.5,1306.0178223774515;3747.2710404196364;,194.52154469588302;447.36707359600825;
4,500,False,False,False,0.75,519.0727885585528;461.1070462262182;430.0568693971428;,414.52974384631597;390.0499285979843;329.4348483634071;
4,500,False,False,False,0.75,697.4172393045176;540.6862765825009;502.64895657960795;,228.2457111915813;775.8827812134381;416.0176310348272;
4,500,False,False,False,0.5,4664.589080632702;327.41189761861636;,275.6338903046422;208.9640097377199;
4,500,False,False,False,0.75,112.99149726779989;440.5698877097561;448.78016551643054;,490.8425626072586;337.2209114432137;260.4373500385127;
4,500,False,False,False,1.0,249.44948395992213;426.7994601542297;674.5919708286646;110.10317347580744;,435.15846547293455;614.1884470632468;306.0380687276447;246.12046697083835;
4,500,False,False,False,0.5,357.91381324481233;732.547397634918;,304.9876636681766;533.2914116372069;
4,500,False,False,False,0.5,367.5388381224523;2170.4129465841647;,521.832114212454;802.0984129318559;
4,500,False,False,False,0.75,508.08903797158644;0.783203325636563;876.3227796120348;,739.7457279217806;438.2584933790479;474.3381848542737;
4,500,False,False,False,0.5,213.23433062315962;370.6509517876802;,309.44678006317525;321.30442919557987;
4,500,False,False,False,0.5,1017.3131020571716;2776.5221295607384;,288.24636382922233;701.9806340220836;
4,500,False,False,False,0.75,123.78857603307574;269.0526582103218;347.01713042082764;,134.88762940152566;213.47241772088174;637.2625088494766;
4,500,False,False,False,0.5,394.01187995723404;2156.8429096028026;,477.80595837276536;535.1023937266021;
4,500,False,False,False,0.75,820.8055325554093;161.86079215506382;93.33814528736642;,458.4484503173323;403.7075573046579;620.5667019999827;
4,500,False,False,False,0.5,642.4573353641405;192.69678320358722;,253.80826501764668;606.1888970030168;
4,500,False,False,False,0.75,311.87913208746045;250.2652050148713;619.1361589762272;,222.51566645161856;539.3668212914898;153.91168825691804;
4,500,False,False,False,0.5,188.2457520680246;225.44468812193068;,242.76203082895242;345.27557543867465;
4,500,False,False,False,0.5,803.2242034625683;3395.095893290579;,374.8044708063964;595.0558044656451;
4,500,False,False,False,0.75,177.94017596081508;125.68093821947177;1212.1079622749223;,357.3563302210612;287.1979131181491;226.3580091953814;
4,500,False,False,False,0.75,1177.9817592205213;47.95344765314643;1334.3291059735434;,82.4011044792239;246.04594812386526;410.3740458721753;
4,500,False,False,False,1.0,574.7887552272357;961.273531318351;544.1769238147132;38.84383891795085;,190.6186930679404;297.2150649905159;325.4942820090855;552.5764821401522;
4,500,False,False,False,0.5,388.0051797730937;629.3844490126253;,346.6805927289146;503.5004816703133;
4,500,False,False,False,0.5,570.4427905323741;727.5982165331203;,522.211994843428;211.40498615549947;
4,500,False,False,False,0.5,331.2875753147572;1040.5225540933486;,97.89732403985815;204.83853069602299;
4,500,False,False,False,0.75,242.81563337631442;176.7693282134327;1053.7300368496947;,185.8911117331661;367.8942704240944;652.2362346382889;
4,500,False,False,False,0.75,125.79535333412933;195.5946495321045;429.754249678179;,320.8595460945983;147.66979681588703;231.4913984514388;
4,500,False,False,False,0.75,194.12137805851862;1729.6330374475249;1115.0231347954832;,110.25922705309013;228.78384744175293;247.7929950594648;
4,500,False,False,False,0.75,438.77078094270405;64.95985176506684;1118.5873445218976;,350.5177468327249;327.6033432556834;292.7299272272036;
4,500,False,False,False,0.5,961.8372469990046;2775.924525036407;,165.72710465526464;163.91009767540208;
4,500,False,False,False,0.5,397.5136268344971;389.1763231147571;,381.1455300778914;344.8795024651865;
4,500,False,False,False,0.5,373.19974735842334;199.06832867424637;,494.2917334079393;254.72025542915705;
4,500,False,False,False,0.5,617.640157889937;195.8288538626132;,724.709651592468;323.14230301625304;
4,500,False,False,False,0.75,149.59987308970153;501.27902735615555;258.8265334241533;,424.9651355972884;665.0958387255797;459.04173309326313;
4,500,False,False,False,0.5,47.275463722222256;1484.1160054541817;,649.6369052607471;317.3266467602146;
4,500,False,False,False,0.5,271.4166350650221;888.3209397496826;,703.3563500921201;145.1445907024977;
4,500,False,False,False,0.75,163.9045516368465;91.96363925385155;443.1524530467975;,98.67219863293403;255.9537630705831;411.61534849847436;
4,500,False,False,False,0.5,475.0281850380207;350.4977069266941;,866.8209070316608;267.01641077749315;
4,500,False,False,False,0.5,210.9381405253689;502.68898943466013;,116.8248760888423;714.229156487181;
4,500,False,False,False,0.75,1215.9268237874135;416.5782348616798;662.7668898740359;,429.0463794198548;109.30912118134208;703.5487869227338;
4,500,False,False,False,0.75,446.5790808789024;498.8914369582601;720.2753696324868;,858.6038165456544;363.3592438353717;261.13255225297644;
4,500,False,False,False,0.75,63.98434604603661;223.35142557406232;652.2916055647127;,738.4695567109244;228.4386677916662;779.4945631425303;
4,500,False,False,False,0.75,857.3257572482369;349.02140633338024;2024.0707585308314;,371.8382912674068;161.43851934791596;586.7495854520145;
4,500,False,False,False,0.5,2736.2648187262307;543.5363276784364;,697.7719123473121;373.5451952632764;
4,500,False,False,False,0.5,206.09283308115215;322.3309758729797;,117.29281229931401;596.4520472975516;
4,500,False,False,False,0.5,127.69375627287145;298.70883704202095;,345.55288834902024;173.7656373129965;
4,500,False,False,False,0.5,713.1113188300199;323.003144719937;,536.3009886402043;70.8151162555839;
4,500,False,False,False,0.5,392.4210858707773;2458.2421211577207;,386.2048466541985;396.1954515692394;
4,500,False,False,False,0.5,1012.6094310898454;840.3615472694108;,368.71131013495057;211.22387906556804;
4,500,False,False,False,0.5,543.803793410729;2705.7844153601595;,436.05077390198574;790.1069114281117;
4,500,False,False,False,0.75,1826.721330034997;515.1894926675657;161.94460555245303;,173.08686827896454;485.3159379772261;609.7798704948968;
4,500,False,False,False,0.75,475.8566185451475;223.6367904038898;774.8415050863828;,490.7581420312586;229.2127230439292;756.9776843858465;
4,500,False,False,False,0.5,860.5898562628586;3051.6636229237356;,715.7379045333493;441.7640583158253;
4,500,False,False,False,0.5,315.0670002526562;400.5267868537169;,568.3087227119669;443.0019282816686;
4,500,False,False,False,0.5,200.5735788181859;2772.8139441431185;,869.3543701088836;401.750803662445;
4,500,False,False,False,0.5,139.67124879213674;1854.6126958515356;,223.2089113862505;268.3007276960208;
4,500,False,False,False,0.75,86.848213938533;1364.9930378258955;489.2131625318921;,340.18162157044134;253.2831339346128;461.8657033446793;
4,500,False,False,False,0.5,131.7423126573868;79.30717224943676;,152.97864532347734;416.91814256652424;
4,500,False,False,False,0.5,1411.0986791205821;3568.798868915066;,743.9066935071734;156.7936703958542;
4,500,False,False,False,0.25,645.4565847094233;,487.15751108140233;
4,500,False,False,False,0.5,222.24475203280883;2360.843624682515;,77.9663757784211;230.2194155430597;
4,500,False,False,False,0.5,102.48203444498276;556.0369948503572;,266.6824980236766;762.8342474392252;
4,500,False,False,False,0.5,205.42529394469128;907.4997298743732;,423.1861392829079;181.33465818096855;
4,500,False,False,False,0.5,3122.26456657395;452.47048607875087;,380.63778494503003;267.26332244937;
4,500,False,False,False,0.75,415.68695556111146;437.55484341767084;4182.041649479316;,527.5191922663629;622.5554281699797;583.5212205614025;
4,500,False,False,False,0.75,358.35364982655625;2484.2562920157616;269.4127967974644;,185.34550810898725;199.34275341777146;422.6184650293926;
4,500,False,False,False,0.75,443.4256450526185;448.9816536788382;269.59816020876195;,440.3935773260415;333.14728830148914;797.7736703074946;
4,500,False,False,False,0.5,407.08137510886405;928.6240474461137;,761.1997929669486;921.9032619507082;
4,500,False,False,False,0.5,114.15811802203994;394.39495876268535;,186.22285277709003;109.5873605760059;
4,500,False,False,False,0.5,141.25490450242665;2129.0313481843805;,152.71196716153506;99.27375962822656;
4,500,False,False,False,0.5,271.13032941664346;118.48606752792544;,567.9871724504429;168.0556744069176;
4,500,False,False,False,0.5,913.0415262664268;42.86824739993396;,187.74386374315085;431.99640249969553;
4,500,False,False,False,0.5,313.5006305296363;153.0016918407861;,332.6443595893588;309.32651225229915;
4,500,False,False,False,0.5,206.70326516268875;331.5632018675567;,580.8574821062424;348.2342803132682;
4,500,False,False,False,0.5,1337.7041212210984;2222.9185881963285;,182.32481501009673;31.394814619532944;
4,500,False,False,False,0.75,1111.6364493486535;42.49813994095651;902.1448031640402;,233.20399132567593;566.45348950558;195.87534271409461;
4,500,False,False,False,0.5,2222.9882355329487;100.55663718729384;,515.8848700544859;288.88834424495485;
4,500,False,False,False,0.75,373.644269247169;275.41350979161973;248.32731687047084;,266.99225479538075;40.764319186814866;281.9754071536014;
4,500,False,False,False,0.75,540.3266159140834;380.1122133051282;240.54577268951482;,235.54717013627885;191.26523842786554;486.5755634750365;
4,500,False,False,False,0.5,5723.195678523515;446.8915581302952;,379.75088052930306;394.08519548835204;
4,500,False,False,False,0.75,311.89458737692013;762.8285215379794;963.367935421278;,269.9296050828972;448.35236880969364;409.53060071462494;
4,500,False,False,False,1.0,289.7907080690463;437.90897899943457;339.66440666870335;292.5739164937758;,377.7420622690652;670.1837624459251;219.39603391577973;90.82534269079824;
4,500,False,False,False,0.5,2560.542875746628;214.4092141649198;,132.07733907925515;190.90216622216548;
4,500,False,False,False,0.75,86.55862771918203;965.6167625731;362.20594409064086;,704.5165032942964;394.93820743722415;421.32968570644687;
4,500,False,False,False,0.5,166.43402707811995;316.47346074487984;,260.40260193698964;432.4082299121055;
4,500,False,False,False,0.75,171.41086187607667;626.3272461424931;925.3122177662863;,509.3529512572179;247.63025778870252;100.64023527001868;
4,500,False,False,False,0.75,587.6619580547649;446.5843860223988;292.812796966322;,385.9215540304261;757.6276885606488;355.9454713348338;
4,500,False,False,False,0.75,704.3394219453462;310.1508789647174;598.6963588928794;,854.8672538894593;79.58269808227288;808.186631344889;
4,500,False,False,False,0.75,383.56914689888174;522.1551695896833;552.7465000044099;,329.57411777143216;329.87184077159975;581.0968380521717;
4,500,False,False,False,0.5,154.94258836696045;271.72917614868226;,174.22452731163503;1446.2795062804328;
4,500,False,False,False,0.5,1137.1093076669545;375.772576167206;,123.78041070074295;232.34397397043168;
4,500,False,False,False,0.5,191.8844967531963;1371.2541718111984;,408.3860491723077;413.76920082443803;
4,500,False,False,False,0.75,283.9588187656157;300.08648762331273;1142.5317326243892;,76.02617871536175;112.78056202428105;1051.0914242440974;
4,500,False,False,False,0.5,681.8282625491046;344.19527837214633;,368.8797893872012;478.36164038331077;
4,500,False,False,False,0.75,413.0712406552569;305.42157621498257;297.1148580057782;,627.6036832539703;251.40903708436474;269.17240279128737;
4,500,False,False,False,0.75,473.32731620102174;106.7817071226567;223.05318677989547;,238.6454859442655;154.73110397329643;214.01991639639417;
4,500,False,False,False,0.5,1540.8383484193;482.9877395045836;,577.4548627380477;224.2630524369923;
4,500,False,False,False,0.75,104.71889995793693;176.36017185763595;1885.7767909910094;,128.67223413818022;144.57884472347777;1062.421432169585;
4,500,False,False,False,0.75,1350.0305519891924;432.66443221891296;261.8215959877554;,175.33284047967524;220.50849383907286;375.4604203448738;
4,500,False,False,False,0.5,680.5090848602664;753.5343018749772;,339.9761762657409;164.39191008031747;
4,500,False,False,False,0.25,1240.66210792383;,549.1194571380362;
4,500,False,False,False,0.5,280.56330447503706;274.4983284810872;,542.1335236047745;168.51078069616568;
4,500,False,False,False,1.0,695.7985798525941;319.655995199017;220.83331277252245;227.97835427380102;,695.6836458937468;204.50855566285264;266.79319193981826;343.28124000292166;
4,500,False,False,False,0.5,260.3673723388755;124.30176709992068;,342.07299601256295;148.5538845377817;
4,500,False,False,False,0.5,397.27510556251275;2213.940321392153;,268.7473123913282;399.4259425511744;
4,500,False,False,False,0.75,172.67002987606259;60.770475055531215;779.0228993484982;,529.0334433522938;245.81426240742502;585.415871315428;
4,500,False,False,False,0.5,634.073269949102;2077.127705640626;,826.6882222005393;325.20992541375443;
4,500,False,False,False,0.75,607.6094401012374;176.33483094462474;1092.416765247737;,672.9478027091244;209.06274615329414;124.44463346851984;
4,500,False,False,False,0.5,499.7357779520183;172.58934880198106;,496.51704588861736;138.06442549564102;
4,500,False,False,False,0.75,809.5910702443052;169.30012208306016;422.67285792855444;,421.9512476120646;227.0949007983735;415.04351277267307;
4,500,False,False,False,0.5,253.2740010737116;1119.2307728273254;,275.3701542286858;583.0235472298294;
4,500,False,False,False,0.5,3246.607145433467;16.942418834041746;,1012.712914146687;300.3536411400104;
4,500,False,False,False,0.5,1115.039835840551;474.74715436991477;,191.86338063537988;488.63707442802917;
4,500,False,False,False,0.75,368.0854391293617;437.3883278902558;59.75622908779984;,383.56469940843033;346.55321067677687;31.70968421688536;
4,500,False,False,False,0.75,350.03599148856296;2523.972435299125;170.76618798416706;,255.87139612554438;687.9427399137876;16.6491402317538;
4,500,False,False,False,0.5,939.9102958875426;1576.4020830401903;,186.8882741212105;351.2572239935447;
4,500,False,False,False,0.5,1421.3303837337735;358.889397157977;,89.15293492235844;459.69276520348524;
4,500,False,False,False,0.5,1306.9192696656319;1006.8202555493824;,676.4048046799011;1237.1982489688448;
4,500,False,False,False,0.75,1262.0305103056505;593.7776239545956;334.1554213317811;,357.95960588269344;546.9665233362417;556.8635061978288;
4,500,False,False,False,0.5,428.3500587927048;274.59165265947564;,189.9822807692739;202.87894691060728;
4,500,False,False,False,0.75,854.4966480063666;313.08848721168937;364.8447052556554;,226.86747826240085;545.9659172181716;112.02661236491863;
4,500,False,False,False,0.75,96.63039219004348;259.03971192678864;1368.1448099203549;,132.37760817928475;400.2851300599168;633.1233877420123;
4,500,False,False,False,0.5,165.33792183202138;206.87800174595162;,388.0246264332012;1250.991747246128;
4,500,False,False,False,0.5,489.7048542688973;264.5471326084843;,229.94781928583106;592.8955295227778;
4,500,False,False,False,0.5,671.294073159679;574.4435572131443;,409.72353300437055;811.3278736086778;
4,500,False,False,False,0.5,411.6550911147766;119.12673922082506;,116.88524984677784;320.2681542516134;
4,500,False,False,False,0.5,910.3557457294506;360.5972286662991;,487.2068818213712;411.49972252065913;
4,500,False,False,False,0.5,182.86363712283654;127.76207133714716;,436.7608998688682;462.93336729314404;
4,500,False,False,False,0.5,1153.1066764489879;982.0278347208798;,296.54098570799056;246.6719767049928;
4,500,False,False,False,0.5,562.5263324449062;709.006172695387;,197.34747900551386;433.6486836334735;
4,500,False,False,False,0.5,150.3113393821674;656.3009811376335;,242.67677260297302;139.36797195400268;
4,500,False,False,False,0.75,103.38257111114348;317.49458827055787;239.65249911023315;,550.9725645556605;487.5088969123847;164.5110227637156;
4,500,False,False,False,0.5,167.01228199324265;468.95152369140294;,164.5365944459546;411.1965995767962;
4,500,False,False,False,0.25,459.9832304360791;,338.1780777566673;
4,500,False,False,False,0.5,1102.3362069851516;1167.7668452107557;,502.9388369314639;991.6389640029188;
4,500,False,False,False,0.5,58.451431076099084;4563.787662318114;,92.93165558012431;272.62858582234225;
4,500,False,False,False,0.5,5648.066994594722;902.2629150599452;,306.84383140043377;343.215086335334;
4,500,False,False,False,0.5,493.6391324869838;2333.743161993804;,406.71112169562366;286.7328041472528;
4,500,False,False,False,0.75,266.27754075723556;405.599150745456;3671.6924081625575;,129.02710435206038;317.7522901595584;676.0436501265876;
4,500,False,False,False,0.5,473.65312299923175;139.37654606285724;,166.54413794679402;798.5856157757767;
4,500,False,False,False,0.5,865.1726847507603;184.6978218056459;,426.20699120619776;80.15543690040161;
5,500,False,False,False,0.6,513.0978413949008;1101.148810330341;340.40892020508755;,395.9408165559004;609.2538408505576;530.1866528331077;
5,500,False,False,False,0.4,3570.1880843857048;933.6170569139106;,588.1773783203726;93.7154836656058;
5,500,False,False,False,0.2,554.9873239035398;,247.3497094779722;
5,500,False,False,False,0.6,4169.58748972979;228.11101857179668;2564.6392921528945;,217.5623177794528;100.82954798912085;131.90849752282352;
5,500,False,False,False,0.6,1305.6046804682107;158.70590305905134;309.8581857929612;,355.5820356337308;103.09208541616566;285.35626010103107;
5,500,False,False,False,0.6,76.74871121670738;53.92224122038972;285.22183990970274;,109.17160045126128;788.1424568659872;318.687409839084;
5,500,False,False,False,0.6,164.79056781773681;317.6153780371449;132.04091015466636;,590.4234071702292;201.87624751341173;365.2037933040888;
5,500,False,False,False,0.6,216.16744055279167;385.2669841169337;268.7086939425697;,278.9584442498879;93.99735666753185;712.2744994120095;
5,500,False,False,False,0.4,2461.8695445193853;461.4581201376998;,480.2300604419301;602.4919028276616;
5,500,False,False,False,0.8,262.29671067345083;226.7102380551202;502.8949114932839;897.4452460616626;,310.2566340680677;282.03637160550466;30.763757958441957;548.3217997155563;
5,500,False,False,False,0.6,429.4106186750226;164.7384306592676;3055.650652890234;,122.21801214033454;333.5447241250735;244.83336943839515;
5,500,False,False,False,0.4,806.9678579808016;1202.5092242169517;,222.94251141498228;626.1844312121567;
5,500,False,False,False,0.8,166.11638244910705;758.3625911850247;299.19552458405195;121.06461320426372;,293.65433545074353;327.9170205743818;392.22523507735013;259.3763191958348;
5,500,False,False,False,0.6,777.0823808600783;1857.7787603404247;441.6400650544679;,492.147967982599;549.151028345311;711.287640717836;
5,500,False,False,False,0.4,199.05836588204699;1022.880169388532;,72.2406088477472;410.2364750297549;
5,500,False,False,False,0.4,81.31729518272203;1553.7643068143307;,263.5643540859329;66.09223940260756;
5,500,False,False,False,0.2,884.1464631934393;,695.8347620950897;
5,500,False,False,False,0.4,118.42778727985889;523.9443834077357;,414.9818676372562;380.29600979543955;
5,500,False,False,False,0.6,1141.4058747702975;496.51044647173086;1313.3956556021678;,526.1330374812175;173.2436423600358;439.1982114565768;
5,500,False,False,False,0.6,413.4812544733987;695.8660332706812;340.12629594491676;,91.5884577873375;175.29374905166213;274.2077027027908;
5,500,False,False,False,0.6,2959.675588499576;194.7801788822038;762.4916058416582;,253.37293766946536;643.3862543927838;462.44110335556684;
5,500,False,False,False,0.4,1354.66898705677;485.2218309637489;,653.5153271710776;395.2458284624726;
5,500,False,False,False,0.6,3554.2656391437067;376.23801192725574;436.7348369060799;,254.57909420456483;60.99064021594937;125.30706952184502;
5,500,False,False,False,0.2,617.862980951729;,331.8995981984107;
5,500,False,False,False,0.8,439.22765595532763;309.41621989807595;437.65269478816407;2481.958471335286;,364.22379459368125;291.9047226763993;79.9478614861127;674.5099932734674;
5,500,False,False,False,0.6,950.5635013716671;1079.5991873387957;517.031047874145;,304.5952597072989;290.4322251568862;146.05484612095069;
5,500,False,False,False,0.6,693.4564198016209;377.00994556286014;65.4806356982587;,301.7504827139173;531.1327116000542;606.3884826710976;
5,500,False,False,False,0.6,1441.4721080557017;124.34893543664005;1919.1150818314668;,734.5089973021375;420.81174032321815;279.09950905135196;
5,500,False,False,False,0.4,474.58890511065437;332.6681286153035;,526.2755500381696;445.8755492579683;
5,500,False,False,False,0.4,179.71188038308713;1437.7512076672115;,495.331133988247;68.85212918086744;
5,500,False,False,False,0.4,763.6746710440516;1257.5209632121207;,511.2936596676517;558.8734547060754;
5,500,False,False,False,0.4,255.13255535827315;1032.5910396846853;,190.16315681799;734.3860721477391;
5,500,False,False,False,0.6,981.3099999084849;209.5598201636498;414.36405646416426;,546.1757951642367;348.0837977747435;295.30190089179064;
5,500,False,False,False,0.6,621.4959418954534;827.3231691172863;147.95746398746212;,860.6707739791915;791.907774570633;645.8935736876866;
5,500,False,False,False,0.4,240.75376026001453;1747.0616406818424;,490.96735985817486;559.4494267420564;
5,500,False,False,False,0.4,107.805759381926;124.36703875466695;,241.86329068920236;314.8824020753888;
5,500,False,False,False,0.2,1016.5452892868855;,584.9560692443744;
5,500,False,False,False,0.6,185.6947174392994;297.77763431531963;1133.6638902134764;,202.99794481601143;331.6261537246999;255.39029939730878;
5,500,False,False,False,0.6,559.0381263422748;132.45843599701655;2525.854081456982;,733.7338539799721;174.40322757213823;506.4886815822943;
5,500,False,False,False,0.6,73.81833438726656;266.1287472993704;1966.1134041512878;,278.3871565149882;306.9990261958931;557.6453277719309;
5,500,False,False,False,0.6,1868.5481648422947;780.11434485842;781.5444699554334;,595.2403559112196;427.5353752430494;19.398689110951295;
5,500,False,False,False,0.6,207.29905849621113;142.47887366959455;382.34314495198055;,531.4475570531174;181.9070699454043;251.43735229491335;
5,500,False,False,False,0.8,334.59187593004583;398.7632630737704;397.10332014342794;1166.6368845466884;,673.3304402494462;608.6298762037475;547.8857144235112;82.88576370891641;
5,500,False,False,False,0.6,911.5692921618643;314.9177029998056;880.8493288637825;,234.22628356090598;428.36707265090394;238.26052713008016;
5,500,False,False,False,0.4,1130.3833159101882;613.5306085489748;,423.049379739185;336.61676553748316;
5,500,False,False,False,0.6,2751.6938343774927;305.0013545098523;526.2782336603761;,444.9106131263079;309.9668767986803;35.730113921622234;
5,500,False,False,False,0.4,105.19259745394315;439.0470050912167;,348.7098896178726;466.0118268974815;
5,500,False,False,False,0.6,327.5280510687408;428.85705616152796;1265.8306091496843;,481.027947462492;500.4431334602793;369.3416936020915;
5,500,False,False,False,0.6,351.22090348424643;341.82556481321836;151.53615571290374;,159.7669692076911;447.660688320406;56.89032959792222;
5,500,False,False,False,0.4,959.5671349208486;631.0693641303224;,317.4594917324432;208.43781703559696;
5,500,False,False,False,0.6,2502.510946937737;149.29112800768314;318.62853177678153;,350.95499768052167;159.95747576068888;449.38083560983085;
5,500,False,False,False,0.8,455.1335364108652;1102.5418883151867;260.15983468966596;221.5715707763667;,607.2549130085175;545.0341874866905;380.22871375258137;304.6708637662139;
5,500,False,False,False,0.6,25.04230073939835;518.9225560059207;676.5887211038103;,127.90541165022721;284.5312730805781;252.65994025205148;
5,500,False,False,False,0.4,703.7159796067456;2032.6957623024448;,494.12129358173183;99.90125065459804;
5,500,False,False,False,0.4,572.5101636318161;1903.5277675316227;,48.8797953892615;332.47863143662016;
5,500,False,False,False,0.6,485.9245372170165;387.08192976956497;415.31807706678524;,427.4163132997301;409.03703734008946;112.38290972416345;
5,500,False,False,False,0.4,674.8144244269515;294.02876714755814;,838.6842218748832;452.5986625938818;
5,500,False,False,False,0.6,865.9835479547922;362.95808316332926;2440.9058798214387;,306.70230767547133;292.309078346798;278.4214361361327;
5,500,False,False,False,0.6,2575.1927502923204;254.84238816389714;582.7817067015111;,731.8184743747753;140.30645061466052;570.6948014407329;
5,500,False,False,False,0.6,177.63229617458586;1428.0740845394805;199.07996609349118;,297.2447787669259;353.20879603750495;319.77428321219605;
5,500,False,False,False,0.6,2306.131305160773;677.7823054115732;753.8221565142886;,976.2768453558534;322.07774833149523;1080.774349946674;
5,500,False,False,False,0.6,52.573065034570305;490.08025501983593;131.00846588100498;,302.85504755041035;83.72403339225342;82.20390031456442;
5,500,False,False,False,0.6,1056.5260249608527;292.8283946684512;616.0711591647914;,342.39376308723746;407.40481414726526;788.9308408001734;
5,500,False,False,False,0.8,202.90911587938436;736.9499171138251;270.10117239633774;535.6125157047991;,280.84282489095193;530.1253167135078;383.7514019737609;94.94789645881691;
5,500,False,False,False,0.4,98.69007434821742;141.5010528980462;,117.81251370297913;333.3363838042929;
5,500,False,False,False,0.6,981.1918849895062;339.87840731240766;719.7159370374284;,236.13578697859623;442.7066018412748;244.7918746795919;
5,500,False,False,False,0.6,204.93788437620995;702.4419826617049;125.62352032140315;,169.448587123697;61.914920884535455;432.50770559806114;
5,500,False,False,False,0.6,309.2735101860259;353.268437808775;446.3802255368321;,236.1919056782113;390.22122336392823;611.3267944821844;
5,500,False,False,False,0.6,168.35609112387365;1159.8825278773472;1628.2268163107744;,488.76431038405696;218.4000698822487;529.2042379182659;
5,500,False,False,False,0.4,886.0870764677272;1668.2588451725608;,111.48136723695072;341.6779577205226;
5,500,False,False,False,0.4,928.0515894903336;345.7093487238714;,264.44033630903124;441.7911561351371;
5,500,False,False,False,0.2,866.3470465581311;,341.8883717279126;
5,500,False,False,False,0.4,1328.528645235665;383.7242150891127;,920.1527781871899;477.3615408785998;
5,500,False,False,False,0.4,1085.6535407119115;1935.200823039758;,717.833285541553;613.8041270001625;
5,500,False,False,False,0.4,1059.5757753461764;2309.3700285274;,581.652922527315;112.20229442851931;
5,500,False,False,False,0.8,917.9740875053122;791.9037626520918;264.47669747800694;881.1700009329935;,380.89409192028626;311.3950531814757;728.1508810617431;467.8251502925238;
5,500,False,False,False,0.4,570.2314721062234;547.0310076418909;,170.69303654310127;358.5778336390472;
5,500,False,False,False,0.6,426.0492703819363;934.9432931874173;365.22708620784374;,340.08817408023054;16.532739477507373;163.65892988972905;
5,500,False,False,False,0.4,680.0072002935954;754.5021574063301;,698.7548736714301;781.0281435349381;
5,500,False,False,False,0.6,531.6445015453181;902.5233620232833;43.53503538900695;,276.0177584712207;135.60147961697706;547.160101408212;
5,500,False,False,False,0.6,213.05107207883023;299.9924841812711;351.69217078847305;,503.3540068274712;270.46594950001673;480.6280047890754;
5,500,False,False,False,0.6,148.80735366112444;596.9931663021222;3807.667691274402;,163.22583320947297;1151.847045837318;218.83205216968327;
5,500,False,False,False,0.6,224.20204568619224;328.6108368423893;190.69131909987445;,335.78488165268135;56.07570510806487;524.5930783789427;
5,500,False,False,False,0.4,468.0314176727966;2951.785204343152;,389.54232421958807;140.2246164401917;
5,500,False,False,False,0.4,107.43012605496537;4172.660827359107;,142.65319804300844;455.38052544617653;
5,500,False,False,False,0.4,522.3939826044323;3851.918520731243;,365.27087838562835;84.74205094389593;
5,500,False,False,False,0.6,843.0510780403763;330.7945357081633;41.37197696550614;,988.8422960356636;469.54386308266305;495.7559366613269;
5,500,False,False,False,0.6,267.6964186672748;206.90014892533932;989.3008200645027;,387.4617165419739;91.76623504762533;1060.1034961992434;
5,500,False,False,False,0.4,752.9143139416369;385.0518195222327;,653.7266625522502;257.1156788318003;
5,500,False,False,False,0.6,555.3396750400494;555.4862727704691;2839.4338586978865;,341.29557015400707;556.7068247902565;389.3082255883118;
5,500,False,False,False,0.6,217.29470323499856;1148.3756018101567;298.4881231982055;,211.6108950191077;379.84399615937724;232.75649251099676;
5,500,False,False,False,0.6,56.55671789157304;2113.612629145734;465.9039880633076;,391.4280760595532;507.92422696171434;185.3223803399077;
5,500,False,False,False,0.6,516.9429423475553;142.74486154294365;1824.0484281492766;,783.8065240982952;476.17354447147096;556.987191096485;
5,500,False,False,False,0.4,1501.5766226503729;3634.7476146659383;,222.0867850150657;508.2819687217649;
5,500,False,False,False,0.4,833.2468746248064;1939.4671129935514;,543.2000469986513;608.1440274484369;
5,500,False,False,False,0.6,1301.3980882418284;251.19440804392133;226.27640538144507;,109.63568599352136;199.14817060344117;232.64958363844696;
5,500,False,False,False,0.4,953.8422102966127;554.9903501805112;,337.551361346552;460.0114340202069;
5,500,False,False,False,0.6,538.7676793438832;524.4052502690812;326.37173397888904;,198.8655853362797;480.7931003624609;50.67200303354896;
5,500,False,False,False,0.2,311.6171205540553;,540.5277730732623;
5,500,False,False,False,0.4,775.529909094433;493.825266038195;,231.45657863369237;158.74895030477603;
5,500,False,False,False,0.4,474.38376994704913;209.99677101404114;,860.5853215433631;264.62664406798467;
5,500,False,False,False,0.6,435.2936582979035;906.8888123383607;3456.2755159102735;,985.8383960326194;362.0452197296757;721.9786498336855;
5,500,False,False,False,0.4,298.37562964673674;2829.7035390075894;,566.9665271015674;474.1069553418201;
5,500,False,False,False,0.6,191.64011252361576;1210.0822608746437;689.4232413224547;,270.0791368786225;410.78608948898017;641.1814748632174;
5,500,False,False,False,0.4,871.315285530174;494.96400688850105;,439.99915961821415;299.8218107484389;
5,500,False,False,False,0.6,250.2425133624196;597.7093580795413;2150.2599642689233;,234.56807752166245;231.25597101076661;1062.2443345139586;
5,500,False,False,False,0.4,259.2151400644606;1280.0933646220662;,166.33321144588376;355.7157210898855;
5,500,False,False,False,0.4,466.3218435410552;1230.7438282815854;,506.4363649942859;151.78791580253358;
5,500,False,False,False,0.4,214.86324926762134;164.25048654100428;,108.81620958854081;201.78482912696018;
5,500,False,False,False,0.6,268.31542510937567;574.3823936693806;1028.7299884493095;,216.0583695786657;167.96013968023368;470.1672365145026;
5,500,False,False,False,0.4,186.84237751819762;836.1870985229294;,204.6953907092211;438.3557736949956;
5,500,False,False,False,0.6,144.39497486486835;146.05859546955207;490.5867716833773;,269.1827305974538;279.6842740130676;853.3677791669671;
5,500,False,False,False,0.4,1148.4586092286643;904.0561299550214;,540.4913657585456;499.471851272281;
5,500,False,False,False,0.6,140.98818955805692;174.4279224406725;3046.33537742689;,585.7113264668143;343.3078990559648;1338.0322088668115;
5,500,False,False,False,0.6,1889.6998713338282;283.4364951367731;450.1716077443295;,396.1583132147268;663.9125177111347;436.2322406665903;
5,500,False,False,False,0.4,193.8847964091963;1185.3068439605418;,338.60353348093435;291.62614126048953;
5,500,False,False,False,0.4,1601.588030163473;292.1883898378378;,233.4610607509735;207.91173523269057;
5,500,False,False,False,0.6,1665.001683880889;416.8267140484911;276.8260089389682;,498.9092567013942;906.8966308668133;909.3924787723635;
5,500,False,False,False,0.4,456.2839149914953;996.0948938769985;,342.93052795758723;226.0241841522645;
5,500,False,False,False,0.6,265.1481604632506;1391.2296066375466;345.1682802467387;,924.0916535022301;874.7637937528792;381.38005149289796;
5,500,False,False,False,0.6,377.1054970158839;492.28387016253856;3078.931077327933;,193.43555351357804;338.1763051012981;522.3004541550398;
5,500,False,False,False,0.4,776.1445216692903;265.04738259261296;,1028.8708648117356;221.50625417253517;
5,500,False,False,False,0.6,1657.1560508388004;238.1948513082649;2434.1597405144585;,522.3261685923005;408.1909270890938;309.8367368723044;
5,500,False,False,False,0.6,429.1618525842599;39.531069649111004;2390.6688480809053;,490.29551819953684;156.15818760407285;318.25367703153563;
5,500,False,False,False,0.8,450.7700151148247;470.0613430103221;222.30672103057316;3753.3235092376713;,433.01905957212347;394.44082405594975;193.95928685461473;475.5252908642476;
5,500,False,False,False,0.6,348.09479989293516;625.0467223066049;157.71687026058973;,283.7560916052539;272.54525825209447;395.81253411239476;
5,500,False,False,False,0.4,571.7196433078459;2027.8552384100917;,391.9733048236666;278.03400920963867;
5,500,False,False,False,0.4,237.50902985453573;1121.4009040348844;,162.01775088110435;78.46104162348698;
5,500,False,False,False,0.6,1598.341090549143;412.65248472153263;409.65645960277044;,120.25178946483209;69.17761954381409;500.302991254213;
5,500,False,False,False,0.6,258.71867627232365;296.80570256185143;276.53669461206437;,123.60537438031358;133.65899018429172;593.7637515558572;
5,500,False,False,False,0.4,180.88446266419356;447.0151591719007;,97.63649731162722;188.9264272881219;
5,500,False,False,False,0.6,2355.134748602133;404.63890636073893;2241.343358525297;,427.2210139116466;213.11453120369745;355.6007939083698;
5,500,False,False,False,0.6,337.07521105057157;109.5894267028329;698.1434784750746;,465.03556188959413;206.70277185754074;748.9721309755527;
5,500,False,False,False,0.4,1761.4928223730087;812.3941461344185;,418.0251277653537;655.5317368708667;
5,500,False,False,False,0.6,476.1571485667904;199.55930968245883;295.30207497172483;,517.1946813444373;220.00937929430737;202.12290581842882;
5,500,False,False,False,0.4,388.491740791567;1741.293467541605;,251.8341621589399;418.7208255807572;
5,500,False,False,False,0.4,2619.88813194094;234.7854325830329;,831.0810980043428;271.17141293453665;
5,500,False,False,False,0.6,2698.847892960641;178.92110434250088;159.01102552836107;,641.4608261695553;280.4788852093499;403.8320230879283;
5,500,False,False,False,0.6,234.6715478139714;42.76502892089443;790.2974574622245;,434.2690458054788;201.47221143291281;321.1384837867078;
5,500,False,False,False,0.6,1637.9154862327778;425.2080858206301;176.44733941324947;,161.32323966738116;190.79480833456037;196.90630420673267;
5,500,False,False,False,0.4,813.3488363058809;3933.4965309091976;,132.25356486677694;109.80352156129199;
5,500,False,False,False,0.6,117.13410580431213;399.73981663045225;526.3935444077467;,288.55907550204705;141.48001157454667;281.3133496731512;
5,500,False,False,False,0.6,274.66647889518;289.1818954739016;2221.624777328166;,392.90836483391803;287.76867769859615;414.6003345946181;
5,500,False,False,False,0.6,336.3656623843638;590.5043285721388;1072.445181593785;,387.1745316784047;320.44361536620545;347.8893458799429;
5,500,False,False,False,0.6,770.5395355786743;547.121070727429;2971.6970403504247;,701.3634975911326;442.2417758339227;504.9324873679411;
5,500,False,False,False,0.4,139.1567731253463;2161.4497194801174;,630.6569690226264;115.10146341005616;
5,500,False,False,False,0.6,407.29812143226627;825.713679474042;736.2984277330828;,589.827557925148;95.8150116592556;354.7978322255373;
5,500,False,False,False,0.6,290.3522072617516;85.9746102772599;323.1765911178639;,210.0103854713696;591.294848989513;80.67497813858343;
5,500,False,False,False,0.4,733.3665847194542;572.827606272037;,95.2131256781572;826.6386685156084;
5,500,False,False,False,0.6,127.45315319776836;1780.792534958737;296.11569004648135;,234.34880614541464;376.1220344470543;642.3989293430836;
5,500,False,False,False,0.4,462.2772509263409;749.8193089970655;,304.17976836817587;390.25522942107085;
5,500,False,False,False,0.4,367.5135903390433;133.81383787042256;,266.80229663756336;40.344530245079035;
5,500,False,False,False,0.6,327.97655814442226;788.2833142706459;153.37434904439203;,189.7718809315143;406.781369496228;230.49609203393982;
5,500,False,False,False,0.6,1718.6883817155624;90.59842450980334;473.93210251584253;,366.5845485912971;53.215119788984495;284.2451105880751;
5,500,False,False,False,0.6,55.999246577507414;231.74127948480114;429.473937628175;,275.85147339586945;553.2617612802399;816.9216602261965;
5,500,False,False,False,0.6,1445.472969470576;97.85798217061827;239.01066000907;,315.4407549692678;252.66425048977166;171.345971811804;
5,500,False,False,False,0.6,560.4020925637489;640.4579737478351;617.084327313062;,428.6152733855607;436.17099817540486;456.0171335982975;
5,500,False,False,False,0.8,190.0933443957786;1118.942420681595;558.5538142973232;587.3686227824311;,440.01098649641665;408.0533839576779;693.1418389078689;105.3210692285659;
5,500,False,False,False,0.6,463.56015794302357;280.38581932935904;441.51189126348345;,255.9623300520296;323.0545615132869;548.851597357093;
5,500,False,False,False,0.6,215.8528924916789;1640.497880457672;1315.0302204681648;,245.27074342424655;220.4789048369167;210.35989539083187;
5,500,False,False,False,0.4,266.0422719707001;262.81660376300346;,681.7551401714857;943.3428115239108;
5,500,False,False,False,0.6,195.61937724824017;491.1922779682416;253.31964242330955;,301.7609332560175;469.9745932991771;738.7571989076428;
5,500,False,False,False,0.4,550.5420163151294;1765.8740308287472;,543.047859079086;238.65112995247208;
5,500,False,False,False,0.6,827.2496929008239;330.07769294332536;105.94263620225308;,294.5932080952179;328.42280323680257;249.39882808966678;
5,500,False,False,False,0.6,524.9713259535232;220.04528327711046;438.0420268883865;,355.08086144647905;349.02217953949815;390.2021502689497;
5,500,False,False,False,0.6,377.17549840064265;390.69666208717507;805.1761467731974;,84.25800680334454;355.1946249010425;296.9898079541854;
5,500,False,False,False,0.6,1451.950887901704;344.00535804300154;230.82980785657955;,1199.4571682625553;363.16658839299663;38.9405351327872;
5,500,False,False,False,0.4,318.3651519123882;358.0488651914415;,228.0642462621376;233.78203462949529;
5,500,False,False,False,0.4,229.9188656455332;3730.7594552222786;,325.0557951273894;676.0812527285821;
5,500,False,False,False,0.6,417.81690787375317;635.2692741425639;588.0350908585593;,252.4695555922932;902.2003554575647;313.3837150935696;
5,500,False,False,False,0.4,93.01823591620015;874.8034199676223;,171.1750774171162;528.6795003802877;
5,500,False,False,False,0.4,221.53276646774455;1881.0878552582942;,466.9540765479011;335.3714462853807;
5,500,False,False,False,0.2,452.8664501617752;,160.48820622748082;
5,500,False,False,False,0.4,858.0419188633712;344.0882336071652;,956.3805090800818;256.15619101959754;
5,500,False,False,False,0.6,525.1075724447845;109.33463435251689;773.4767945822107;,357.5291911588128;248.31547095117222;739.9241466505982;
5,500,False,False,False,0.4,410.0903053110065;1905.9043175621146;,752.0367754503451;373.48427209426035;
5,500,False,False,False,0.4,345.6083569575548;1517.5600684098554;,264.0667887617104;392.30602869557055;
5,500,False,False,False,0.4,552.7804609548056;819.1305984680696;,224.74509767502977;191.87635015133392;
5,500,False,False,False,0.4,671.5041903965472;226.1527693546287;,367.44443335937194;477.5572276387447;
5,500,False,False,False,0.4,501.9085891184716;288.43795272514484;,785.5015134601095;194.67031128237238;
5,500,False,False,False,0.4,311.7306684527938;971.1142624796883;,360.1524207416627;305.2224545766905;
5,500,False,False,False,0.6,547.0134346493466;260.2418629940667;4159.673077250811;,605.8658378087666;233.19182692670492;528.7576715127218;
5,500,False,False,False,0.4,2215.6330730226477;480.9430102052916;,261.5217858280466;601.973740387265;
5,500,False,False,False,0.4,1246.575235164983;595.4461705328862;,406.6477278038379;492.5711504817564;
5,500,False,False,False,0.6,1381.7234423270352;417.33947386428;72.66731278738251;,221.80930062181548;435.9570452942163;783.493647650162;
5,500,False,False,False,0.4,955.7078944794523;625.6867273303188;,260.45258252463185;382.77855234718487;
5,500,False,False,False,0.6,217.19184780803266;1788.0006948250734;778.734462235705;,241.03253426244186;144.98264433001756;322.9903211228634;
5,500,False,False,False,0.4,430.3110464987848;1289.0661829083397;,484.4666213050475;601.7940680087704;
5,500,False,False,False,0.6,338.9566554590188;932.354389195652;106.5722284277021;,444.53546235682927;165.5784704339136;475.1480538553805;
5,500,False,False,False,0.4,545.9215398414864;566.8559440701396;,339.4015280338796;277.0600640185834;
5,500,False,False,False,0.6,251.85827050432417;9.562185532061845;588.4063404149865;,284.8167488473357;197.69256090498155;377.92323929530227;
5,500,False,False,False,0.4,325.30533768716316;414.66983728209294;,602.0633142074728;135.23998882986243;
5,500,False,False,False,0.6,616.3399462141992;786.8296932122788;502.57321486864754;,753.3240909959178;194.7796496193437;68.96663262125979;
5,500,False,False,False,0.4,139.9504259256296;2089.232949417575;,249.77407100653633;145.54586969470517;
5,500,False,False,False,0.6,1526.6019891846213;845.139583171706;346.8164876921253;,479.9617967942961;219.44259067878855;127.84891047271331;
5,500,False,False,False,0.4,290.4368919496562;153.70730148150432;,147.15359959785394;578.0640852747816;
5,500,False,False,False,0.6,158.62565972121695;610.4974356443205;1351.4227843853803;,387.37726037149434;590.7918738840347;268.32649604598777;
5,500,False,False,False,0.4,845.6978331092744;655.1673145680728;,136.3614640253376;501.4663784849191;
5,500,False,False,False,0.6,328.669727682978;886.9104818326003;5164.030156642616;,239.7971412082367;658.5222218345277;334.88881014647626;
5,500,False,False,False,0.6,523.157993484369;292.21076521726644;1520.8972090594787;,383.8958070652614;312.08096275672904;387.948730949967;
5,500,False,False,False,0.4,1987.642310578793;1481.9951117903552;,359.7082309935677;194.0936106704353;
5,500,False,False,False,0.4,1940.1669980354484;511.7263468319838;,64.96022972400398;455.8624857392387;
5,500,False,False,False,0.6,499.32917832619825;158.862749717929;608.1974443794741;,817.5196708508352;242.31298127841038;211.7075387080458;
5,500,False,False,False,0.6,411.0602467168918;1284.6199648007641;497.22748741654596;,221.45882976396408;210.18596422668756;527.1731354445485;
5,500,False,False,False,0.6,303.12527318340335;1431.5414069888996;582.0125186693776;,172.18746399313022;1074.33057716392;897.842682554838;
5,500,False,False,False,0.6,199.60093494577234;191.25482394713686;1025.0174436888542;,285.38423108865373;322.65810360684026;486.97393733780893;
5,500,False,False,False,0.4,1274.9887635288628;198.34831949946064;,151.36704907605463;83.57341953490459;
5,500,False,False,False,0.4,333.1453223025311;781.4173659417214;,188.50183322761092;427.65476252367256;
5,500,False,False,False,0.6,547.1863023717111;257.90215698431126;1694.6537819469736;,587.1822518414979;144.35670695345036;324.94620675594626;
5,500,False,False,False,0.4,324.57884163834;1084.6934463249995;,203.21969038278053;242.76203304998705;
5,500,False,False,False,0.4,212.2082644162087;245.33868249733496;,245.0177473733418;285.42683063677555;
5,500,False,False,False,0.6,475.2612744910758;404.66207117522333;427.3833818033357;,134.94884072913732;1031.1163487467325;50.41345931336007;
5,500,False,False,False,0.4,691.9882860152888;1645.997827270676;,643.1638669926617;805.1784755195496;
5,500,False,False,False,0.6,1252.0118938607075;159.3713590673538;689.2828215849001;,476.5867765218912;237.59678049041952;631.8436443762114;
5,500,False,False,False,0.4,323.28420540242246;286.7915814973307;,870.5574048787455;245.45781223379444;
5,500,False,False,False,0.6,193.812580523076;141.58328914690543;224.55336074398016;,484.84875895604756;366.007798758174;161.37094959591377;
5,500,False,False,False,0.4,106.91737132965177;433.97889861090744;,297.19438752480585;327.3902248280774;
5,500,False,False,False,0.4,223.57629597687028;3293.0841700432957;,378.54796193151014;547.2348184778995;
5,500,False,False,False,0.6,428.9182605336348;350.6865016603107;1194.4197627222018;,365.85440369692395;336.7175605721899;575.6012205907305;
5,500,False,False,False,0.6,1442.1534474670368;178.18600163457273;1211.08109347191;,377.5455135668432;221.85782653676242;675.8434280868654;
5,500,False,False,False,0.6,682.7098222175848;190.2818244793661;292.5847018971697;,731.2697723395672;230.87750724718356;169.63787313188257;
5,500,False,False,False,0.4,763.8308783069873;1464.501803983211;,490.42837134638495;232.4624384069587;
5,500,False,False,False,0.4,422.5732050091493;1555.4540504454267;,388.67619719705584;733.245934224825;
5,500,False,False,False,0.4,88.00871144326739;904.6323883978827;,146.65228117797054;787.477914384066;
5,500,False,False,False,0.6,308.99638385747966;547.0399037172253;1241.9077587710265;,273.4613329783167;882.0772186534947;1379.1553862652042;
5,500,False,False,False,0.6,2515.8853351535963;313.15086038608547;488.2904488960945;,423.1492532333592;171.17321849275237;480.8501982617532;
5,500,False,False,False,0.4,815.7574892651871;1542.6853892332;,105.45042689722612;475.6132816149591;
5,500,False,False,False,0.6,1750.9720688590392;280.46954515486334;428.1356222165766;,559.8361246777043;630.6459262698479;382.24708984117535;
5,500,False,False,False,0.6,545.528211181128;159.78284818288927;1575.8079272123334;,432.66061214827704;58.14837377894921;336.6290180449988;
5,500,False,False,False,0.6,342.40280238238506;389.3099750876109;407.2124578823889;,367.28900041893206;555.1631009264019;270.65683915800463;
5,500,False,False,False,0.6,448.83276208265164;589.1903013952524;442.5766943627162;,342.89287147903275;375.4398673693778;622.9787228065311;
5,500,False,False,False,0.6,570.5899717216332;213.3687205166626;53.37481545570061;,373.4399691733109;517.4763865229268;773.5354699718529;
5,500,False,False,False,0.6,1647.7806088104765;254.04806591778132;356.3460663898288;,363.36605874197693;84.19222348597884;560.8400599028341;
5,500,False,False,False,0.4,1324.2786830610676;808.5911752455524;,196.57160252837468;356.63520829321436;
5,500,False,False,False,0.4,67.67194709515314;2587.8283655791934;,269.5845467381914;915.1430087917317;
5,500,False,False,False,0.4,543.1485804515884;2206.019948521902;,571.0771249113036;268.32668058204683;
5,500,False,False,False,0.6,522.8286572461807;266.4262682711087;1522.483323292912;,561.8175382463548;120.36726342928172;341.0515854952219;
5,500,False,False,False,0.8,230.30459618118968;582.9422097831097;158.35220589617907;1268.2873535419467;,317.6536392039949;559.0810379506975;201.10207147389698;594.2718847169793;
5,500,False,False,False,0.6,352.98536752040764;835.6447308558362;901.383867295089;,235.75394218410946;634.9506048936697;513.610733709496;
5,500,False,False,False,0.6,522.3707844854306;410.6731144650001;528.7822868194538;,668.2581999047607;210.5889729356748;139.28418810381245;
5,500,False,False,False,0.6,2432.075846458732;346.8704217603575;284.67578016372613;,568.7223714364086;373.5698994796027;156.934683464019;
5,500,False,False,False,0.6,619.6825931528141;2100.9913338969054;391.9369883524072;,669.2428767876976;424.6707734283665;314.99648966650744;
5,500,False,False,False,0.4,104.75158148271838;1447.1023948772822;,211.10117693051478;413.38538434186137;
5,500,False,False,False,0.6,852.7887210061147;188.31471234427306;5075.318332766032;,454.10306385796764;185.13740654261258;879.1623839303338;
5,500,False,False,False,0.4,1004.501592486604;320.82548705584867;,199.54484664898538;647.7691238491146;
5,500,False,False,False,0.4,386.3504430150199;544.2591874076502;,456.4543219460039;350.5207683468269;
5,500,False,False,False,0.4,4364.7705803745175;422.2915567684417;,444.61016708255676;175.2289247044804;
5,500,False,False,False,0.6,332.8089855422777;1046.3858314980032;618.5936058860954;,563.5359891228516;575.732178471315;487.03472351553904;
5,500,False,False,False,0.4,160.08785700350106;984.0457944319472;,387.0374786389991;90.72903254682174;
5,500,False,False,False,0.4,124.56454695462394;631.2029327734514;,437.7604106384509;207.91882051518408;
5,500,False,False,False,0.6,1585.4826085633376;287.2049300375593;244.94896619161563;,400.0376894353958;350.07190715877005;372.7904390824054;
5,500,False,False,False,0.6,951.3348438091721;1928.313868820926;132.7900371109295;,452.4711854638711;585.8870581488527;346.7889043390507;
5,500,False,False,False,0.4,342.02216174544213;141.64015248050137;,481.98413248963374;218.60532599069595;
5,500,False,False,False,0.6,372.9763961672668;362.2964115120886;154.12400215831548;,207.41572176776182;532.1401888087794;429.8028536384737;
5,500,False,False,False,0.4,87.97408642360982;1841.747749189745;,735.1723048846851;553.467765488765;
5,500,False,False,False,0.6,274.7439923038023;2325.1920897550544;588.8200628892806;,281.5079909648477;214.49176733410943;647.2427937501111;
5,500,False,False,False,0.6,198.8717165633733;508.0622104016987;1708.1591988584703;,128.6959135951006;492.2254237519582;449.394658145985;
5,500,False,False,False,0.4,195.56957958791148;446.6026951588664;,173.4987013968804;349.37029445961286;
5,500,False,False,False,0.6,699.6878955290015;312.15438424122385;386.3927796047271;,588.8405164522994;266.2063908183762;632.891807683857;
5,500,False,False,False,0.2,281.5014921344009;,191.32977417210742;
5,500,False,False,False,0.2,615.8320003364518;,343.5177285536795;
5,500,False,False,False,0.4,172.4186931644815;68.9921339678536;,186.10706031629442;43.73959892275142;
5,500,False,False,False,0.6,2063.6685774965194;221.95321904051426;487.8498248592284;,573.408129616935;564.0616341162818;482.1023284609224;
5,500,False,False,False,0.6,67.65919177016973;1030.5080825006498;235.84665190424627;,373.0092316727284;76.64633499864298;323.2981869032925;
5,500,False,False,False,0.4,4688.0369489988;379.997905717643;,343.19127761908186;321.6520860819706;
5,500,False,False,False,0.4,1746.0083508771977;628.4170202917355;,342.6134287291376;470.3299134162608;
5,500,False,False,False,0.6,432.9024033555233;625.3384168665076;732.8209643718624;,872.3832484892932;633.1826343494653;505.89163778129495;
5,500,False,False,False,0.6,1394.6483087681881;339.63199437996974;520.891727387662;,326.35256751404074;390.13446325027337;534.1304597395716;
5,500,False,False,False,0.4,270.002705463592;543.1697144255108;,755.3207274654603;252.0919610377835;
5,500,False,False,False,0.2,197.93172697979773;,242.07271221515526;
5,500,False,False,False,0.6,480.3292592081863;1087.9704776149188;492.30955649341786;,410.8640555858447;244.08429559823557;698.7192698829499;
5,500,False,False,False,0.6,43.95784738476787;420.58026581286606;3233.908951256673;,110.71041275219831;689.5226157614704;947.1859317342315;
5,500,False,False,False,0.8,350.0327966690603;9.056670031117676;364.19536452625596;131.0348323854367;,426.69689607100173;193.09536973016236;318.5170450100961;351.12967360985795;
5,500,False,False,False,0.6,377.10094814239585;534.6707413114945;1671.2352564786268;,98.58013800810083;452.08715072880335;346.91845849086013;
5,500,False,False,False,0.8,1219.7423337778096;525.8363009785292;480.3090641522683;861.641921110119;,326.9927221416712;946.6376168136107;408.15318046600316;315.2291009301314;
5,500,False,False,False,0.4,611.28288657187;1117.1572567621079;,205.77818582733963;340.77029063585076;
5,500,False,False,False,0.4,147.28082011997648;1331.0325165588235;,188.31368144076777;334.078375214687;
5,500,False,False,False,0.6,309.87409661893844;394.5094485365954;1957.2092680169828;,103.92105542992874;257.38134467637315;610.9145976712978;
5,500,False,False,False,0.6,175.25552938665575;1450.1806513919287;299.7627804953718;,543.8762419498022;702.8142147631621;347.0103947609915;
5,500,False,False,False,0.4,1570.4449523836133;456.63954127206;,401.85089961846296;259.9682166171712;
5,500,False,False,False,0.6,556.4246604880761;165.02876218725257;3826.207160448571;,478.2352666210583;352.5823586036628;461.78212725029357;
5,500,False,False,False,0.4,658.8409167711051;60.97370605228045;,553.7978881540266;474.102554598259;
5,500,False,False,False,0.6,197.84882649511843;662.560001375792;5010.193292572521;,611.8084048791361;458.09201351995773;269.4479676908784;
5,500,False,False,False,0.6,579.7233743636862;339.29784495628763;1364.4289073417117;,433.0653343029109;144.92213388677845;374.20033991113144;
5,500,False,False,False,0.4,664.4885789155945;292.86568263897664;,343.81354141252217;102.99774105022942;
5,500,False,False,False,0.6,66.14098290785977;264.0162119890272;394.85404032469023;,324.59891451065397;400.59774757214177;216.73301151992055;
5,500,False,False,False,0.6,6395.5403073312045;311.1035284301574;31.606241455349558;,318.20272879768066;199.274287276743;254.93713135928252;
5,500,False,False,False,0.4,498.384781650493;261.3314572880592;,526.368177889921;49.28356958450249;
5,500,False,False,False,0.4,1056.6043500825488;1499.8284885244432;,82.2063676742499;655.0400292001757;
5,500,False,False,False,0.8,549.0650682420774;640.7590788086692;683.3357279619147;278.3119063586036;,595.8880951789715;255.2422416475236;485.41382850453493;474.2249411389828;
5,500,False,False,False,0.6,164.05448372446102;611.2514641188121;214.32385337406296;,323.95903213891216;578.4932924310442;282.7658515969025;
5,500,False,False,False,0.6,357.14181083908926;880.6880199377265;154.57544435107533;,674.7211637871532;627.5939696750028;489.0176237685552;
5,500,False,False,False,0.4,316.30664907003626;2500.956358217251;,601.542092519346;527.1535736864859;
5,500,False,False,False,0.4,645.8387729415309;376.6295931963803;,433.79107979320304;160.27520399047904;
5,500,False,False,False,0.8,627.7548938499252;308.04856930225657;385.35528735786994;554.7783331759637;,396.01120745874226;141.34494287126466;522.6495796563611;259.1526061754856;
5,500,False,False,False,0.6,477.2685805799509;431.83633084641536;3130.2603756082517;,237.39734317027995;532.8258077713673;556.6810565012962;
5,500,False,False,False,0.4,333.2736103720562;3932.606245439859;,549.6729225535455;217.4491204996522;
5,500,False,False,False,0.4,751.828578542359;358.9128122750007;,332.96216713651035;718.5938250247151;
5,500,False,False,False,0.6,1103.639699488459;739.2175198858896;1969.0672660028815;,533.2764291673171;529.4767988848695;602.2540980775939;
5,500,False,False,False,0.6,331.1968840617077;600.4776415788847;253.4383397526336;,347.5941732787797;174.9553740205648;388.26105204437965;
1,750,False,False,False,1.0,646.143842021695;,997.1543478424356;
1,750,False,False,False,1.0,508.8662540474874;,697.1189057371802;
1,750,False,False,False,1.0,277.3801995496323;,698.4482721731164;
1,750,False,False,False,1.0,2421.996855263145;,1691.6417031857002;
1,750,False,False,False,1.0,291.73864202737974;,658.6853650774772;
1,750,False,False,False,1.0,117.65154466873697;,575.4174588009436;
1,750,False,False,False,1.0,613.2509951984187;,644.0843611141157;
1,750,False,False,False,1.0,61.91660912606066;,282.94779677091344;
1,750,False,False,False,1.0,607.1212860848437;,395.5998666981823;
1,750,False,False,False,1.0,1021.3285016764692;,778.1187685153735;
1,750,False,False,False,,,
1,750,,True,False,,,
1,750,False,False,False,1.0,445.0849835173558;,974.1368482828115;
1,750,False,False,False,1.0,398.52382529519423;,726.6015351000813;
1,750,False,False,False,1.0,963.0593874711296;,1793.4270424480296;
1,750,False,False,False,1.0,234.80224698284215;,422.115167666345;
1,750,False,False,False,1.0,840.2420971203768;,564.2313400548248;
1,750,False,False,False,1.0,615.8049599297956;,617.2715339662344;
1,750,False,False,False,1.0,758.8382527166243;,582.7585874154821;
1,750,False,False,False,1.0,498.46766741581155;,255.90286171432183;
1,750,False,False,False,1.0,654.3459580590414;,536.1130644896515;
1,750,False,False,False,1.0,615.5932706944355;,568.9525053712009;
1,750,False,False,False,1.0,430.5734264059089;,532.613053427338;
1,750,False,False,False,1.0,771.5655032301322;,863.6941879146588;
1,750,False,False,False,1.0,457.0061148098118;,1091.6767812124053;
1,750,False,False,False,1.0,622.447273017189;,811.0245064741937;
1,750,False,False,False,1.0,768.3830254405287;,824.9726962724133;
1,750,False,False,False,1.0,402.2619852669482;,366.83641924097066;
1,750,False,False,False,1.0,930.6996469725423;,622.4919635181433;
1,750,False,False,False,1.0,302.73254716454255;,1289.984020634456;
1,750,False,False,False,1.0,477.8393193412513;,617.3131852962756;
1,750,False,False,False,1.0,207.75412219081477;,395.0591265433356;
1,750,False,False,False,1.0,597.4127370591276;,1024.6315942686083;
1,750,False,False,False,1.0,388.5138747429135;,109.24188469218876;
1,750,False,False,False,1.0,556.4816779673665;,714.1756575967798;
1,750,False,False,False,1.0,1338.997759465879;,124.8536078480405;
1,750,False,False,False,1.0,392.50479075695176;,119.93496302582203;
1,750,False,False,False,1.0,834.7834622691252;,1101.7383592401418;
1,750,False,False,False,1.0,563.9662695434243;,939.8374191518102;
1,750,False,False,False,1.0,137.08555875907717;,279.6278197461056;
1,750,False,False,False,1.0,663.8638713416226;,1135.453760795924;
1,750,False,False,False,1.0,594.9975941653278;,774.2681544178139;
1,750,False,False,False,1.0,832.1311649466935;,670.792861927073;
1,750,False,False,False,1.0,1661.9347249178525;,614.1470304856076;
1,750,False,False,False,1.0,362.5137701509105;,650.8863654047566;
1,750,False,False,False,1.0,625.9003585570105;,769.2902739782636;
1,750,False,False,False,1.0,686.874438088408;,810.7527812526145;
1,750,False,False,False,1.0,566.9783730241787;,822.7921601428584;
1,750,False,False,False,1.0,256.6075801851772;,131.79332439988738;
1,750,False,False,False,1.0,515.3848194690044;,86.01108415068995;
1,750,False,False,False,1.0,948.9784981495901;,789.6276793747284;
1,750,False,False,False,1.0,494.8672062214197;,351.39762329806183;
1,750,False,False,False,1.0,180.77536776585308;,591.5085594390893;
1,750,False,False,False,1.0,208.05151009486988;,267.32920284298376;
1,750,False,False,False,1.0,589.7824239631625;,761.1954867258991;
1,750,False,False,False,1.0,417.5208645006199;,1962.306204845519;
1,750,False,False,False,1.0,361.1181554141784;,384.5410142808921;
1,750,False,False,False,1.0,806.1978885516318;,709.6644263630981;
1,750,False,False,False,1.0,321.9015624991979;,411.2691918774369;
1,750,False,False,False,1.0,1148.830999155428;,513.9433894200691;
1,750,False,False,False,1.0,145.91474931271026;,402.73015280439427;
1,750,False,False,False,1.0,701.735210817697;,816.4830879622715;
1,750,False,False,False,1.0,579.5433271785009;,381.89729588976354;
1,750,False,False,False,1.0,372.730872836591;,285.31171608057446;
1,750,False,False,False,1.0,263.6265004697611;,243.06984120991882;
1,750,False,False,False,1.0,91.16673193558658;,707.9299842221048;
1,750,False,False,False,1.0,216.46005138825453;,517.2485835366873;
1,750,False,False,False,1.0,631.8477551221055;,525.5506673069195;
1,750,False,False,False,1.0,620.7625712589925;,535.6665335021715;
1,750,False,False,False,1.0,679.2719005167703;,22.996195369957167;
1,750,False,False,False,1.0,58.355821948919655;,762.219129221591;
1,750,False,False,False,1.0,628.8733450935482;,836.8103308016682;
1,750,False,False,False,1.0,78.64153571410432;,488.6302459849128;
1,750,False,False,False,1.0,313.21032272836237;,537.060417457931;
1,750,False,False,False,1.0,243.3896141193125;,143.0145597126105;
1,750,,True,False,,,
1,750,False,False,False,1.0,776.5013814764856;,217.97665449338578;
1,750,False,False,False,1.0,824.026318889228;,1019.3756573703662;
1,750,False,False,False,1.0,1035.594630165143;,986.628174071493;
1,750,False,False,False,1.0,361.9522313725483;,892.652003559898;
1,750,False,False,False,1.0,161.00630284996197;,218.6238676260024;
1,750,False,False,False,1.0,208.637009902201;,165.4699442202238;
1,750,False,False,False,1.0,907.6119654970007;,533.9547236556106;
1,750,False,False,False,1.0,807.1137464504808;,626.8841559490627;
1,750,False,False,False,1.0,622.6236832035489;,580.9039329327036;
1,750,False,False,False,1.0,442.2768078412655;,384.89659762654514;
1,750,False,False,False,1.0,211.6381565427782;,380.53695130786315;
1,750,False,False,False,1.0,206.33860290286495;,499.33327993881073;
1,750,False,False,False,1.0,784.1911985512149;,645.4752936506311;
1,750,False,False,False,1.0,158.43614900556295;,636.2589077244756;
1,750,False,False,False,1.0,328.56666452947894;,357.56823797779197;
1,750,False,False,False,1.0,1511.9202214825216;,402.11202144091106;
1,750,False,False,False,1.0,258.2478713384204;,889.4039653720172;
1,750,False,False,False,1.0,225.0250269516298;,493.57271809053765;
1,750,False,False,False,1.0,857.4048947398966;,1007.6932514283548;
1,750,False,False,False,1.0,505.9852767312557;,450.5957171477843;
1,750,False,False,False,1.0,484.88982683726476;,608.360326358786;
1,750,False,False,False,1.0,354.70856389082206;,522.9233989651549;
1,750,False,False,False,1.0,1335.6480552096093;,1232.7307778909858;
1,750,False,False,False,1.0,283.8576947010392;,388.0082902596467;
1,750,False,False,False,1.0,370.0548871418363;,213.71178872255715;
1,750,False,False,False,1.0,412.8197331792922;,626.3668308960288;
1,750,False,False,False,1.0,113.00718120941046;,120.87826917820436;
1,750,False,False,False,1.0,426.70615509252656;,447.7632573088688;
1,750,False,False,False,1.0,480.7139372397716;,208.75590184894853;
1,750,False,False,False,1.0,1208.3540007402337;,1366.2717995148762;
1,750,False,False,False,1.0,329.12202508488593;,298.5301232972973;
1,750,False,False,False,1.0,634.0773735757051;,684.5332443679149;
1,750,False,False,False,1.0,357.89765036417026;,647.1293560097038;
1,750,False,False,False,1.0,989.0713386396801;,1145.1036240936787;
1,750,False,False,False,1.0,641.6759240373333;,440.3916694180474;
1,750,False,False,False,1.0,733.9794905430235;,1075.2802578344424;
1,750,False,False,False,1.0,50.009858937533714;,426.4231076785851;
1,750,False,False,False,1.0,553.589925212957;,977.2418573713717;
1,750,False,False,False,1.0,1046.0240143800388;,916.8879028364172;
1,750,False,False,False,1.0,379.0567296554054;,813.608315750415;
1,750,False,False,False,1.0,485.34533497028116;,476.85187463122105;
1,750,False,False,False,1.0,307.39661042017644;,255.2000259824222;
1,750,False,False,False,1.0,37.985567636084795;,199.0941158721771;
1,750,False,False,False,1.0,422.2381453824756;,511.3767914775727;
1,750,False,False,False,1.0,364.9085085533017;,180.7313041728816;
1,750,False,False,False,1.0,627.5040872255668;,165.17917623168512;
1,750,False,False,False,1.0,441.12006313384984;,97.65761218135897;
1,750,False,False,False,1.0,243.6270739318077;,776.6651859964543;
1,750,False,False,False,1.0,473.28524687052794;,422.34984738060564;
1,750,False,False,False,1.0,239.54481831568694;,586.7580872525298;
1,750,False,False,False,1.0,120.53148692767857;,296.7278364873041;
1,750,False,False,False,1.0,850.8563565445087;,594.6415105542178;
1,750,False,False,False,1.0,182.0050239227751;,201.942313065878;
1,750,False,False,False,1.0,360.76043612992027;,618.8196369246419;
1,750,False,False,False,1.0,332.3677127892164;,807.635017794114;
1,750,False,False,False,1.0,445.632163781579;,493.8157710274585;
1,750,False,False,False,1.0,148.38085479840188;,471.28651729665506;
1,750,False,False,False,1.0,1221.8436756753172;,1327.6603448675544;
1,750,False,False,False,1.0,253.99990043036243;,580.898422048133;
1,750,False,False,False,1.0,359.23668754757335;,256.79580762701715;
1,750,False,False,False,1.0,872.1143209899822;,594.9471215561617;
1,750,False,False,False,1.0,30.647962394196682;,39.271277373819494;
1,750,False,False,False,1.0,478.0807864949429;,698.40898446022;
1,750,False,False,False,1.0,390.9828432512553;,364.45999174732503;
1,750,False,False,False,1.0,535.0496194870179;,585.0797762665045;
1,750,False,False,False,1.0,517.6903730522025;,503.53180643769565;
1,750,False,False,False,1.0,674.9325316592963;,949.8351503919903;
1,750,False,False,False,1.0,623.7065902031721;,256.8789658484654;
1,750,False,False,False,1.0,633.3050110751182;,680.4013059822853;
1,750,False,False,False,1.0,724.6308453186266;,1688.8124400325319;
1,750,False,False,False,1.0,405.65400284092294;,286.02942614761264;
1,750,False,False,False,1.0,660.8503003794777;,1375.513738952316;
1,750,False,False,False,1.0,648.7547773889668;,1221.995443723035;
1,750,False,False,False,1.0,298.169047458237;,408.21814371602574;
1,750,False,False,False,1.0,1704.7293616451145;,1252.8066974760534;
1,750,False,False,False,1.0,388.5508250937228;,605.664428748774;
1,750,False,False,False,1.0,597.3868153143017;,479.99103396501215;
1,750,False,False,False,1.0,436.0188949326352;,1233.4421150896878;
1,750,False,False,False,1.0,1033.786983172224;,601.1544958824154;
1,750,False,False,False,1.0,592.6705940981996;,505.7311542345431;
1,750,False,False,False,1.0,592.7706438733284;,740.5336139507764;
1,750,False,False,False,1.0,425.72916887152815;,481.9840006627642;
1,750,False,False,False,1.0,1195.2632667700552;,1479.1313538870456;
1,750,False,False,False,1.0,505.70645525537697;,1026.5771311692292;
1,750,False,False,False,1.0,702.7156306110026;,739.9841494267909;
1,750,False,False,False,1.0,735.8225351353976;,740.4271122001757;
1,750,False,False,False,1.0,281.9847332622646;,498.03095535142194;
1,750,False,False,False,1.0,306.50195025506787;,1420.0762550146894;
1,750,False,False,False,1.0,1543.330827955287;,1082.2003669418016;
1,750,False,False,False,1.0,151.34514413154454;,639.1451580029214;
1,750,False,False,False,1.0,363.8851118513502;,257.3205673140026;
1,750,False,False,False,1.0,439.7122688769849;,746.349224562542;
1,750,False,False,False,1.0,439.567174010693;,497.9490456420835;
1,750,False,False,False,1.0,562.4195596445882;,569.8016124106267;
1,750,False,False,False,1.0,722.8847528820156;,386.01934697888953;
1,750,False,False,False,1.0,498.9038197193726;,826.7247718365849;
1,750,False,False,False,1.0,876.148449062587;,775.2083200207014;
1,750,False,False,False,1.0,678.0552657032628;,98.43832242197972;
1,750,False,False,False,1.0,574.8394581757742;,625.3974186046754;
1,750,False,False,False,1.0,689.7381760588182;,779.3964657190221;
1,750,False,False,False,1.0,405.7677862825399;,477.1130539622385;
1,750,False,False,False,1.0,466.9167930716045;,470.84859592660234;
1,750,False,False,False,1.0,529.5027645953038;,460.41716777347233;
1,750,False,False,False,1.0,878.1144135606414;,213.3457589129687;
1,750,False,False,False,1.0,409.1308089751745;,165.65287631785833;
1,750,False,False,False,1.0,268.23430597605426;,770.5643752292033;
1,750,False,False,False,1.0,252.05850220857357;,119.56798356344076;
1,750,False,False,False,1.0,458.8609588470445;,618.8137044307653;
1,750,False,False,False,1.0,903.6671334902173;,613.0353506039231;
1,750,False,False,False,1.0,956.1812122660131;,1162.1558561905647;
1,750,False,False,False,1.0,578.953976855015;,405.0843455498703;
1,750,False,False,False,1.0,653.1395503418028;,635.8632574474007;
1,750,False,False,False,1.0,373.4912137645928;,305.1015885261695;
1,750,False,False,False,1.0,2086.137935663268;,763.9350528979229;
1,750,False,False,False,1.0,729.0069911392666;,962.8580690099591;
1,750,False,False,False,1.0,524.3732149344212;,632.3836179511512;
1,750,False,False,False,1.0,1019.1638307930015;,938.2947725394812;
1,750,False,False,False,1.0,303.8497868651033;,845.4209754375789;
1,750,False,False,False,1.0,385.9487024500311;,506.0534215695743;
1,750,False,False,False,1.0,529.1956626233198;,412.101428899199;
1,750,False,False,False,1.0,1315.3532977265925;,942.6917959709168;
1,750,False,False,False,1.0,169.89620578764877;,838.7761230187632;
1,750,False,False,False,1.0,362.94996631036526;,527.3255238195994;
1,750,False,False,False,1.0,725.798465988841;,764.0174459975308;
1,750,False,False,False,1.0,493.26543603960414;,543.4755142170777;
1,750,False,False,False,1.0,589.8298627919182;,936.1481027996554;
1,750,False,False,False,1.0,3785.8215546728316;,1086.0826963115464;
1,750,False,False,False,1.0,474.15509339401217;,1033.5230289760807;
1,750,False,False,False,1.0,536.9775315425038;,731.3128449743893;
1,750,False,False,False,1.0,383.4207127719245;,1031.0779759905056;
1,750,False,False,False,1.0,629.7735460175662;,476.7314493499502;
1,750,False,False,False,1.0,437.9542285205201;,454.02076125696306;
1,750,False,False,False,1.0,295.6698441176119;,374.9901296617909;
1,750,False,False,False,1.0,367.15270528119476;,836.6570126704991;
1,750,False,False,False,1.0,80.97917085434146;,454.25931283640625;
1,750,False,False,False,1.0,67.92062455481071;,381.5868678052492;
1,750,False,False,False,1.0,1125.0709004653174;,1480.5222818899124;
1,750,False,False,False,1.0,249.25267371056358;,1037.763810097669;
1,750,False,False,False,1.0,706.1268169368652;,364.1984370719439;
1,750,False,False,False,1.0,554.5151328901287;,1174.575737009188;
1,750,False,False,False,1.0,895.1779165252859;,577.4820862543562;
1,750,False,False,False,1.0,974.4856362401727;,1172.490699078027;
1,750,False,False,False,1.0,448.8846530237948;,971.80574596971;
1,750,False,False,False,1.0,944.71356103817;,1359.2357318784502;
1,750,False,False,False,1.0,635.0308175463407;,553.0718042429932;
1,750,False,False,False,1.0,1361.5795984224662;,1547.5942714564612;
1,750,False,False,False,1.0,302.4555638700319;,414.5344758872545;
1,750,False,False,False,1.0,432.6993306443767;,726.0776969831904;
1,750,False,False,False,1.0,739.9734694100246;,817.4669067156592;
1,750,False,False,False,1.0,753.0349017146258;,471.61119025254703;
1,750,False,False,False,1.0,320.70307793867534;,340.82523632638953;
1,750,False,False,False,1.0,422.1023091827142;,284.0484365191849;
1,750,False,False,False,1.0,544.8101223651731;,651.0103157230849;
1,750,False,False,False,1.0,870.6602222834023;,689.4189497442915;
1,750,False,False,False,1.0,372.2648765303966;,411.7572384110007;
1,750,False,False,False,1.0,234.58043612960373;,260.5575835001247;
1,750,False,False,False,1.0,171.36390662955532;,436.60499686680726;
1,750,False,False,False,1.0,592.293888678189;,951.4686433663769;
1,750,False,False,False,1.0,701.8316467678045;,861.5212094679222;
1,750,False,False,False,1.0,1284.5936965869591;,862.2624378818194;
1,750,False,False,False,1.0,337.59212953240734;,234.24866791914664;
1,750,False,False,False,1.0,47.70296869965432;,293.68960694483076;
1,750,False,False,False,1.0,517.6369971579473;,423.699204119831;
1,750,False,False,False,1.0,661.1234834785109;,470.2326772776819;
1,750,False,False,False,,,
1,750,False,False,False,1.0,620.2668211674835;,561.8061736188216;
1,750,False,False,False,1.0,659.971085762851;,654.349897986988;
1,750,False,False,False,1.0,1175.5919926374486;,1026.2557355478907;
1,750,False,False,False,1.0,410.07169012959736;,645.7479477597975;
1,750,False,False,False,1.0,314.92574540965285;,847.7802467883809;
1,750,False,False,False,1.0,506.2617164600197;,405.6688560336245;
1,750,False,False,False,1.0,1176.910984260255;,646.8529751348443;
1,750,False,False,False,1.0,387.1872569932125;,523.3613631924087;
1,750,False,False,False,1.0,784.8659004482096;,537.251197302942;
1,750,False,False,False,1.0,548.0381700686125;,646.4043583498212;
1,750,False,False,False,1.0,423.2583282145225;,667.5933631867916;
1,750,False,False,False,1.0,590.2658310944405;,1084.0265727896224;
1,750,False,False,False,1.0,2185.6455193257593;,1395.7210185771307;
1,750,False,False,False,1.0,717.7484598454323;,894.334383409258;
1,750,False,False,False,1.0,321.2550510886721;,467.9568136124355;
1,750,False,False,False,1.0,296.6380304229404;,228.6192857818107;
1,750,False,False,False,1.0,197.67483227904572;,184.3904466760491;
1,750,False,False,False,1.0,271.7825644694128;,784.218319108;
1,750,False,False,False,1.0,84.61002960741412;,1351.056955079954;
1,750,False,False,False,1.0,287.3010759118004;,741.42165550858;
1,750,False,False,False,1.0,201.46173298323083;,223.6807451920725;
1,750,False,False,False,1.0,561.4050331083611;,677.6374188252285;
1,750,False,False,False,1.0,750.201209199681;,1268.057736101537;
1,750,False,False,False,1.0,489.53948044058785;,610.3991580058885;
1,750,False,False,False,1.0,1333.286127589929;,1164.7032247748634;
1,750,False,False,False,1.0,146.56242461097946;,158.6444106027845;
1,750,False,False,False,1.0,1052.1529935760918;,1006.3630521675725;
1,750,False,False,False,1.0,1038.0432076585876;,1067.00894719507;
1,750,False,False,False,1.0,194.6902649366084;,504.52632586256294;
1,750,False,False,False,1.0,236.90544787186442;,438.2481685215724;
1,750,False,False,False,1.0,112.32339948770363;,73.63624007830802;
1,750,False,False,False,1.0,147.5889717194763;,385.5956710884743;
1,750,False,False,False,1.0,237.94585285781747;,520.1223878197334;
1,750,False,False,False,1.0,990.8639463024017;,860.6045138704526;
1,750,False,False,False,1.0,445.95864924839015;,160.31827453033745;
1,750,False,False,False,1.0,167.30898666367156;,418.47595401477804;
1,750,False,False,False,1.0,125.82397954556019;,172.77028483882413;
1,750,False,False,False,1.0,171.13476082018943;,259.427834754223;
1,750,False,False,False,1.0,626.6711499737929;,639.3852699747606;
1,750,False,False,False,1.0,534.2198608476126;,223.8694989773443;
1,750,False,False,False,1.0,345.89583100863535;,182.42435634784272;
1,750,False,False,False,1.0,840.3821341622943;,1286.9714531107782;
1,750,False,False,False,1.0,634.6014914216303;,1014.1148376165887;
1,750,False,False,False,1.0,69.28461797686765;,325.3701104709866;
1,750,False,False,False,1.0,370.13220269311444;,719.7387004884904;
1,750,False,False,False,1.0,686.9450002342846;,360.8041817670246;
1,750,False,False,False,1.0,304.2815641671584;,46.24428945812836;
1,750,False,False,False,1.0,963.7563174105284;,1128.3260207818462;
1,750,False,False,False,1.0,191.34337789907042;,388.0731039869744;
1,750,False,False,False,,,
1,750,False,False,False,1.0,677.5424507071583;,1232.8198688666785;
1,750,False,False,False,1.0,101.13474871308217;,264.5402544714955;
1,750,False,False,False,1.0,793.5254972177884;,1052.524062917107;
1,750,False,False,False,1.0,698.182823166243;,596.1002033733433;
1,750,False,False,False,1.0,401.44312412473784;,1025.4949500467187;
1,750,False,False,False,1.0,406.7934184741958;,1409.7135158889325;
1,750,False,False,False,1.0,687.0417372430712;,478.90896444764826;
1,750,False,False,False,1.0,346.77280255076414;,462.0287945122886;
1,750,False,False,False,1.0,452.02836701372235;,480.38911031184654;
2,750,False,False,False,1.0,263.05884675927473;923.1425549683543;,191.15393764103047;1166.7458134637784;
2,750,False,False,False,0.5,217.43491926672797;,404.52257530852887;
2,750,False,False,False,1.0,640.1835266843824;625.358334342901;,187.73132889500351;202.52172164336483;
2,750,False,False,False,1.0,302.4065657293549;548.7970688049304;,207.1374857657878;258.4725196222047;
2,750,False,False,False,1.0,99.74857566313574;482.07656850576495;,246.14475035148638;799.5164393845905;
2,750,False,False,False,1.0,328.99424515462573;169.27882877073574;,1210.0462959218391;490.3930824867453;
2,750,False,False,False,0.5,1349.7015337219893;,377.9147887777885;
2,750,False,False,False,0.5,870.0601787811881;,598.8400635045082;
2,750,False,False,False,1.0,298.4348478186529;347.7510918831606;,868.0366330534994;382.4963566208262;
2,750,False,False,False,1.0,240.70339306619013;275.34971697398;,356.52956292816367;439.3886469382811;
2,750,False,False,False,1.0,566.9092086529829;623.376689763564;,218.57388928859274;457.6024210182094;
2,750,False,False,False,1.0,1386.229038594771;395.08540195170576;,555.9647623564059;404.6855776729276;
2,750,False,False,False,1.0,345.86208223642296;211.25245869158988;,383.43579346986496;309.264959828784;
2,750,False,False,False,1.0,719.2820421957808;97.73627555466253;,968.0607307741213;951.8632013809558;
2,750,False,False,False,1.0,455.4467003072401;958.6025312590306;,304.66299917586645;281.5530184859504;
2,750,False,False,False,1.0,313.72186914339744;623.3185951567659;,314.53967008468067;1177.7481288785127;
2,750,False,False,False,1.0,979.9491073144511;1032.9871530104592;,848.0158115342767;1088.2791713018714;
2,750,False,False,False,0.5,236.1411536939475;,727.0670503690641;
2,750,False,False,False,1.0,384.7830757473822;430.2637877231646;,249.78723216779218;459.9406577688329;
2,750,False,False,False,1.0,634.685492567825;712.7797993296024;,930.4253509903588;593.3376998584407;
2,750,False,False,False,1.0,229.68879800916272;997.0526341164101;,541.8719008342156;1256.6391142910923;
2,750,False,False,False,1.0,471.79622216437247;855.0358242803262;,1089.4973265035871;503.774005707557;
2,750,False,False,False,0.5,534.7390480342307;,150.55154710561092;
2,750,False,False,False,1.0,380.26049855591094;1076.2916324493026;,618.3577071383572;1089.5590601710212;
2,750,False,False,False,1.0,258.2493419351511;447.14990673336166;,618.6991225841995;484.1381783500142;
2,750,False,False,False,0.5,562.0880380311446;,696.3221137984565;
2,750,False,False,False,1.0,393.6474485715182;183.58313595927183;,560.4318165813247;381.7292390772404;
2,750,False,False,False,1.0,652.1394893455367;837.8909243247152;,456.61584434842933;434.72437109489675;
2,750,False,False,False,1.0,286.7414304554025;361.1235921966147;,214.50424926018;116.1003566529925;
2,750,False,False,False,1.0,195.8638999612952;376.63672033345443;,527.3690990208024;324.9886664911802;
2,750,False,False,False,1.0,443.4914970999354;420.9668214156401;,375.9446044824219;345.000186491269;
2,750,False,False,False,1.0,327.574767596663;667.0536019887872;,140.26698310545132;788.4371646735804;
2,750,False,False,False,1.0,672.5637667618103;606.5796404429417;,993.3412502659444;1026.102440349681;
2,750,False,False,False,0.5,660.8291701885095;,1459.8774223475536;
2,750,False,False,False,1.0,353.6151180698741;793.1343111889582;,698.1626234590944;931.4084029080055;
2,750,False,False,False,1.0,361.0853499560648;1074.6339210878978;,398.4934132081373;779.3658469497499;
2,750,False,False,False,1.0,149.94627942081593;231.08143527987934;,46.611339024363225;716.2172357541939;
2,750,False,False,False,1.0,208.28471594809577;483.9610528269376;,272.20918398922646;277.80638164884544;
2,750,False,False,False,1.0,690.5681351609533;181.3588919518296;,826.856936431586;296.90877758712713;
2,750,False,False,False,1.0,871.8229224825283;388.44823085196697;,1959.71498278753;659.4775024507284;
2,750,False,False,False,1.0,1075.9262589180735;1322.6702897102193;,1050.7286504087153;701.3679442014937;
2,750,False,False,False,0.5,519.698459398375;,169.23669005056684;
2,750,False,False,False,0.5,360.02688935368604;,159.90590141701347;
2,750,False,False,False,1.0,951.6747804558203;713.7328997678542;,840.2464721052337;263.623605306244;
2,750,False,False,False,0.5,229.4647970720824;,210.97102235024948;
2,750,False,False,False,0.5,619.853188150557;,854.4693839586705;
2,750,False,False,False,1.0,498.9590844616706;1001.8634229337154;,345.300142738051;1721.6588042685798;
2,750,False,False,False,1.0,608.765494140875;613.681413152989;,331.14527767628147;834.129382382022;
2,750,False,False,False,1.0,456.52282849152914;253.49797601522366;,798.2570069821404;386.4960511288684;
2,750,False,False,False,0.5,405.05602800806327;,497.65985664236496;
2,750,False,False,False,1.0,883.8113101795178;1562.158578435118;,899.1602913551138;600.280095488465;
2,750,False,False,False,1.0,846.5971234642371;637.0363173103518;,413.9595901217476;679.2825433772791;
2,750,False,False,False,1.0,137.67110518844282;127.78644182666535;,140.87488974872863;527.2839263115341;
2,750,False,False,False,1.0,1515.838817234294;1188.569507921106;,1480.1949229948164;657.7395109259979;
2,750,False,False,False,1.0,338.8211174001261;240.3927781034248;,699.7560677992286;248.22764939901322;
2,750,False,False,False,1.0,309.6961618535252;374.6016915890659;,1094.254119329243;709.086204382399;
2,750,False,False,False,1.0,942.1694285625958;747.6972714630142;,350.8570456995227;240.17311049030252;
2,750,False,False,False,1.0,244.29668889499752;204.55617415858833;,252.589497190149;936.8382370201512;
2,750,False,False,False,1.0,557.3268412938315;792.9544969939769;,706.1492138687836;1071.4365612305505;
2,750,False,False,False,1.0,300.550100700837;616.635493298855;,416.8589523777562;105.950455127562;
2,750,False,False,False,1.0,108.62225128959048;813.6275060090117;,561.3897062885178;975.5478110572957;
2,750,False,False,False,0.5,629.1715211476061;,567.5114435150851;
2,750,False,False,False,1.0,200.5560411455636;114.89113109498271;,466.5461519649813;654.8397052362478;
2,750,False,False,False,1.0,581.086803522127;567.9141942921375;,400.2621625825463;57.669730201607955;
2,750,False,False,False,1.0,908.4894824316538;820.3481456835232;,683.4975760555573;694.0241020271544;
2,750,False,False,False,1.0,593.1685289218861;5.973586973536834;,1150.0199545025318;102.63149439140595;
2,750,False,False,False,0.5,349.3910041490925;,524.0665219448116;
2,750,False,False,False,1.0,783.54378525005;411.8340941076643;,294.11390743229526;516.574901543481;
2,750,False,False,False,1.0,556.1742411884799;412.1138928968343;,576.6202399755718;867.3373027578047;
2,750,False,False,False,1.0,302.5006224539929;844.0712568794147;,541.6550480181556;1133.6219316094073;
2,750,False,False,False,1.0,481.86293469713536;2314.428668207641;,344.97871283408386;255.20176595374699;
2,750,False,False,False,0.5,1057.1916476544984;,796.6586369451426;
2,750,False,False,False,1.0,197.4263718323402;320.26270941541264;,773.4012553293081;467.2672320911305;
2,750,False,False,False,1.0,373.3118891823428;70.77325795800552;,575.0054686129291;607.166335822454;
2,750,False,False,False,1.0,977.1829841579972;1532.1010348469938;,966.9754255234432;1419.044717478013;
2,750,False,False,False,1.0,664.8425178822141;1477.5454928790818;,804.8705638649991;1574.8864573029716;
2,750,False,False,False,1.0,588.1963978704384;355.82349629221915;,627.2869795012728;100.61372798381362;
2,750,False,False,False,1.0,468.2420140011519;1205.0904798770216;,166.15315371598967;320.86057226912624;
2,750,False,False,False,1.0,309.6196267830071;348.08805342983254;,377.6269609232266;341.7478005868808;
2,750,False,False,False,1.0,388.9586933715407;1005.2623937607423;,557.4195636543698;399.8286731985177;
2,750,False,False,False,1.0,597.7649640543317;795.5236207032935;,171.17042368265535;616.1447727852448;
2,750,False,False,False,1.0,291.3962222749496;165.33361169467187;,322.6868126530618;328.24155121158975;
2,750,False,False,False,1.0,1768.132544723562;317.2551349997028;,1602.5711022787693;260.4108462572781;
2,750,False,False,False,0.5,446.32794717199596;,741.280837228667;
2,750,False,False,False,1.0,1125.0066821146806;1005.350380304558;,398.4132438355239;379.7421262593215;
2,750,False,False,False,1.0,558.7302883661447;2624.186683742699;,386.1001381276035;1086.2774296281289;
2,750,False,False,False,1.0,68.2169018442493;139.1134720259969;,209.16944512389009;64.60084838445022;
2,750,False,False,False,1.0,389.4357691016638;572.7952340803998;,114.93399012135433;751.8077438721534;
2,750,False,False,False,1.0,362.00718301688516;241.21220749460514;,721.7526407977815;302.6272665986808;
2,750,False,False,False,1.0,210.71365282952186;1270.4024101820944;,341.47238517512716;50.46637058733789;
2,750,False,False,False,1.0,20.33611828802416;340.7725610175026;,335.2415697446155;917.3000954866341;
2,750,False,False,False,1.0,330.3556581694546;521.9855123680951;,1096.587412290739;698.3219621264666;
2,750,False,False,False,1.0,390.43600771567145;158.8007373416356;,810.6642964625689;1081.7339277327112;
2,750,False,False,False,1.0,274.19805297947266;376.43231029768594;,340.9722226189861;691.0738769673421;
2,750,False,False,False,1.0,1494.0647771306749;1153.793484980949;,948.2687523420552;744.0788690208889;
2,750,False,False,False,1.0,469.8548980823578;430.20731949916353;,534.8973672774242;761.0326152960653;
2,750,False,False,False,1.0,208.23928442417747;284.1828382148134;,394.615495753155;298.2235002307938;
2,750,False,False,False,1.0,655.7823435643252;1367.4184345959047;,1054.513166237516;1141.3215415224436;
2,750,False,False,False,1.0,630.1473184875999;518.7525081970246;,822.8030876651126;877.7389059214504;
2,750,False,False,False,1.0,83.59955027102028;207.78683430014516;,140.21264754460904;974.0310590808149;
2,750,False,False,False,1.0,571.2383710220635;439.5639515053339;,731.4820758940291;384.12780768378786;
2,750,False,False,False,1.0,650.4240933872367;1165.6982358064324;,756.6869948115528;968.7590901993351;
2,750,False,False,False,1.0,300.5051867953045;1046.4223449634105;,213.15224464531283;397.1942755497523;
2,750,False,False,False,0.5,959.905072328525;,980.1374665634141;
2,750,False,False,False,0.5,593.0859765941435;,683.0221345599841;
2,750,False,False,False,1.0,830.9822449165217;408.1702219563124;,634.6710196452201;87.55743005329828;
2,750,False,False,False,1.0,664.6297411125057;718.62946743745;,919.8052848861585;833.7440353730912;
2,750,False,False,False,1.0,364.54228645383546;677.9116881662349;,847.8678624976532;593.4865184823026;
2,750,False,False,False,0.5,386.02367158959726;,965.4987356395458;
2,750,False,False,False,1.0,555.1721550483472;402.23460254808464;,857.1968795902549;414.5590094030604;
2,750,False,False,False,1.0,1260.0449228966313;1537.589965365548;,348.94512186604004;171.09051917168506;
2,750,False,False,False,1.0,417.8035648973482;363.9794501966846;,386.79420993600223;451.0842325186863;
2,750,False,False,False,1.0,765.6648792065862;1838.58934479104;,683.9349074639769;1049.870619712036;
2,750,False,False,False,0.5,410.2787940263766;,698.7561795405728;
2,750,False,False,False,1.0,207.8989102961514;618.5948758525269;,101.5350399550846;416.76955825960306;
2,750,False,False,False,1.0,206.7997296015549;884.4453238884336;,740.6842348560067;1034.7551070616;
2,750,False,False,False,1.0,371.40864510423427;444.4248777815547;,312.3385230693467;296.51817700582757;
2,750,False,False,False,1.0,420.01433948887046;981.6631791217732;,518.184417211046;807.7703027698778;
2,750,False,False,False,1.0,548.5540295922334;1606.087526388817;,435.83277559922834;505.68970941163394;
2,750,False,False,False,1.0,556.4477778470293;478.7437322448069;,500.24534596269393;213.18621972607286;
2,750,False,False,False,1.0,1676.6728242118513;268.95354103525204;,1559.3561739891372;642.3000677975106;
2,750,False,False,False,0.5,643.5766399111668;,665.3701258972699;
2,750,False,False,False,1.0,1125.2850561189389;934.4374406883072;,824.128853918488;1061.846362643583;
2,750,False,False,False,1.0,1335.6463794362364;660.3358401124507;,637.6983708157715;155.44758460064972;
2,750,False,False,False,1.0,471.6068135137059;785.2953517372586;,871.9756855499065;743.7460349183235;
2,750,False,False,False,1.0,808.2284948470834;448.8421099417468;,474.9676646320355;871.7932749173366;
2,750,False,False,False,0.5,468.60025698023077;,496.64284270258713;
2,750,False,False,False,1.0,393.6234119269092;369.5590312959006;,386.29086633351716;485.5390393707625;
2,750,False,False,False,1.0,685.9445179565463;535.3003907696641;,444.95723553039846;972.1298133741423;
2,750,False,False,False,1.0,775.9849664259547;385.8593063766357;,339.44339971747394;848.4191211305966;
2,750,False,False,False,1.0,715.2309233994608;767.6791096020278;,694.0919999865374;1125.3999985550327;
2,750,False,False,False,1.0,528.6092136081992;482.9176604353216;,293.9575051537167;615.2085096455532;
2,750,False,False,False,1.0,221.09782876199222;527.0995687886123;,497.4780064124008;689.168821494169;
2,750,False,False,False,1.0,278.59914234880455;328.2709516228015;,478.3459808484172;938.2153242995832;
2,750,False,False,False,1.0,235.78810015196206;768.1007407429458;,177.30668752303225;613.4714875682824;
2,750,False,False,False,0.5,553.6645057817568;,371.83236847755023;
2,750,False,False,False,1.0,503.64319268673785;315.8300655954905;,405.96083907918387;399.3919015263113;
2,750,False,False,False,1.0,230.01418651415707;1046.572411384982;,508.6541971215041;1369.8724336564505;
2,750,False,False,False,1.0,418.42304043434626;859.1344716543455;,587.5615657771912;329.6405411012979;
2,750,False,False,False,0.5,2164.1333390146515;,308.0501625103379;
2,750,False,False,False,1.0,924.5201869167877;237.55567339810364;,812.769078320046;417.8278977459168;
2,750,False,False,False,1.0,448.74318341715934;649.6126900125518;,323.4717754477253;1005.0363969840439;
2,750,False,False,False,0.5,622.6757189975716;,483.5518888403476;
2,750,False,False,False,1.0,873.2080355061871;392.34058271015795;,931.6771125934852;101.81473497896728;
2,750,False,False,False,1.0,438.8766020197697;106.25146168835262;,1390.972233348533;254.4103935304113;
2,750,False,False,False,1.0,823.6081871010653;383.6372739084841;,1232.3779252013733;249.41286197841058;
2,750,False,False,False,1.0,307.7211802261155;87.34578134047291;,176.57626746563702;579.4307413581914;
2,750,False,False,False,1.0,252.2156491403242;672.7243074381698;,825.5927244050088;437.68158258989655;
2,750,False,False,False,1.0,385.2488149398602;623.9775176482539;,190.3128619429799;98.78567423460416;
2,750,False,False,False,1.0,306.3935210093217;486.93746959383805;,585.4161545746892;761.8896234989827;
2,750,False,False,False,0.5,198.25498689382826;,647.6297816321832;
2,750,False,False,False,0.5,164.42828475270062;,221.35357244596665;
2,750,False,False,False,1.0,685.7178599521027;536.3701376009236;,1124.9735649655865;1184.396835548424;
2,750,False,False,False,1.0,819.3671624986384;207.37389571088588;,901.2760336916382;135.2724382257304;
2,750,False,False,False,1.0,735.3345679771083;907.7333353582268;,207.09831084550996;287.9856088375355;
2,750,False,False,False,0.5,1445.665343934945;,956.7500060092534;
2,750,False,False,False,1.0,22.28744590614147;643.6739214234847;,351.85776374454986;458.1185049623083;
2,750,False,False,False,1.0,646.4413365431013;488.7707974019184;,958.4416981831818;728.4264713182711;
2,750,False,False,False,1.0,673.6890916875618;481.48653820488767;,556.3958159658832;318.549090338969;
2,750,False,False,False,1.0,166.9803305245546;1246.2299664714526;,495.18886524307015;1378.0909351050161;
2,750,False,False,False,1.0,163.29389534437172;353.3817295663438;,263.56851272643;271.45177264060334;
2,750,False,False,False,1.0,264.3516340342495;514.0771390548491;,105.90757290930969;228.71597479854748;
2,750,False,False,False,1.0,487.1118947309861;254.93335461640135;,547.1197177597053;53.67742932116403;
2,750,False,False,False,0.5,336.38279401823604;,517.5378486563613;
2,750,False,False,False,0.5,317.3128308866997;,717.1207389104034;
2,750,False,False,False,1.0,516.2701510181676;726.4531202523406;,588.3105418220188;1003.8025688989845;
2,750,False,False,False,1.0,425.22702146637494;889.1855648748884;,994.0098671068005;938.9221107267219;
2,750,False,False,False,1.0,872.7803193563796;2071.251613783086;,438.6349809857223;345.7146809118141;
2,750,False,False,False,1.0,109.78502372360887;503.00837872125044;,78.40410908776414;1527.265583740436;
2,750,False,False,False,1.0,491.3328376772797;839.5906530567372;,376.1660966190424;496.9860446666316;
2,750,False,False,False,1.0,219.0695620384623;686.8842320277536;,774.3165695279957;335.310021444424;
2,750,False,False,False,0.5,426.497375616325;,362.28265937744777;
2,750,False,False,False,1.0,477.352387459306;411.2083520747893;,265.44645780585955;475.06194504866;
2,750,False,False,False,1.0,257.2154130133309;352.5547359505456;,549.8484595905373;220.4113808344537;
2,750,False,False,False,1.0,1100.627918667265;788.2342440594039;,1516.208217384991;467.8903017312096;
2,750,False,False,False,0.5,532.7060515164633;,476.8710763544295;
2,750,False,False,False,0.5,538.8117691678834;,469.0188456787273;
2,750,False,False,False,1.0,617.4880275178562;646.7786177985079;,704.8392199815133;628.6839823888381;
2,750,False,False,False,1.0,427.62884192641786;1142.0124381678947;,741.8211114815654;1138.0790949999446;
2,750,False,False,False,1.0,549.2193374619301;1266.5446937078068;,417.9695478731156;1177.3215455516652;
2,750,False,False,False,1.0,390.967353348409;137.4755181282764;,215.6088927632714;547.3873753283292;
2,750,False,False,False,1.0,522.9613274361502;748.6763006710332;,566.999059073278;2016.1749342311714;
2,750,False,False,False,1.0,1299.2548140087365;991.0068831954087;,1261.077031983838;202.78910764071236;
2,750,False,False,False,1.0,640.7106812771841;1120.8126863795994;,1073.4798134087973;1281.462737012566;
2,750,False,False,False,1.0,229.1258323206697;394.7408322952732;,895.1819799553871;566.0375145335873;
2,750,False,False,False,0.5,808.6498593781947;,649.0561525944586;
2,750,False,False,False,1.0,88.63798230217506;203.60153615145924;,749.2069252766714;565.366721434601;
2,750,False,False,False,0.5,1544.3627189782076;,548.3164177495852;
2,750,False,False,False,0.5,399.5010766165068;,402.8076797362013;
2,750,False,False,False,1.0,985.6158626524297;307.1195132740349;,1013.7190676492191;542.7603528340213;
2,750,False,False,False,1.0,884.5610847152865;676.0124675788499;,969.8296470674767;694.1178254813613;
2,750,False,False,False,0.5,1147.4203072903404;,354.7492020284208;
2,750,False,False,False,0.5,962.0782976324715;,75.03119881185182;
2,750,False,False,False,1.0,6666.230506887936;945.9693863671436;,1727.5624939327702;744.9803001322106;
2,750,False,False,False,1.0,1862.2426204069966;295.69522380806785;,633.88041259883;1375.1045764575842;
2,750,False,False,False,1.0,466.69202451075273;769.4360781457282;,735.4819127331073;746.9627796402374;
2,750,False,False,False,1.0,304.58724358174806;190.9984508338633;,527.795842444724;416.49023842641384;
2,750,False,False,False,1.0,190.738213155331;375.65194096173843;,510.5545012600698;824.3021469073201;
2,750,False,False,False,1.0,702.7906747617563;1057.8215587202778;,423.48765152023634;391.59746135694303;
2,750,False,False,False,1.0,795.9230975470008;603.8291287257746;,527.8985258722136;453.0525599775854;
2,750,False,False,False,1.0,548.2224771365012;561.7370674984392;,386.7230127352763;1010.7725456358467;
2,750,False,False,False,1.0,406.3278495380659;365.6320482403824;,733.7398049191643;774.5276476312508;
2,750,False,False,False,1.0,347.2603158771169;164.09213004723009;,416.2677171126898;584.5411135229396;
2,750,False,False,False,1.0,505.7697363096647;692.8809422559805;,376.89116047600766;616.4838078785298;
2,750,False,False,False,1.0,611.129549626934;159.60161870141727;,857.4069878102918;552.5016036437275;
2,750,False,False,False,1.0,4439.94081862296;1100.5331049485335;,509.5877830533077;313.99372107166255;
2,750,False,False,False,0.5,475.49619389932514;,741.7708510084249;
2,750,False,False,False,1.0,630.6243421416799;395.32554312107476;,472.84473144784755;1101.5997208130652;
2,750,False,False,False,1.0,500.58164209729824;832.9995972825149;,364.5792245782758;652.3095165239824;
2,750,False,False,False,1.0,590.1830110847727;455.21471528286224;,721.0908574772949;755.3867450448818;
2,750,False,False,False,1.0,394.5322712652261;246.72776772698415;,288.23103723352847;562.9582578212535;
2,750,False,False,False,1.0,216.79716659354762;160.5653357538095;,559.062415986724;510.9520976219807;
2,750,False,False,False,1.0,208.20491582240084;488.9693287866432;,246.03536806570338;215.573661525074;
2,750,False,False,False,1.0,335.70810566970124;650.8374355123243;,1015.7128722857728;714.6109605025334;
2,750,False,False,False,1.0,277.6564327947445;484.84047049332304;,996.5042391015021;666.3562316675856;
2,750,False,False,False,1.0,643.1755978031464;765.9711744991519;,283.14844070459145;895.2908405974732;
2,750,False,False,False,1.0,1451.345665283986;537.803842143966;,1790.9174054166358;840.685299638964;
2,750,False,False,False,1.0,432.58442423769094;577.9337607643729;,474.08364411392535;570.2869065781907;
2,750,False,False,False,1.0,154.83424813188458;957.9635199625887;,643.9862823762251;1017.1747302604673;
2,750,False,False,False,1.0,460.46500751575854;690.8762704885726;,1060.3630307169492;1315.5542544149391;
2,750,False,False,False,1.0,281.9488154451956;94.59550402693519;,300.59842478119566;322.75144281391823;
2,750,False,False,False,0.5,205.23012943660524;,232.43861109496217;
2,750,False,False,False,1.0,87.29667442090864;108.25348152788476;,262.48827516463007;111.08469953413916;
2,750,False,False,False,1.0,498.9664520802693;430.60324614328687;,596.8788536094472;549.779889566503;
2,750,False,False,False,1.0,362.4576280865952;464.63169329240446;,330.6711262175189;331.24454922876197;
2,750,False,False,False,1.0,281.7626877307496;519.38288959216;,211.2394590962402;435.2207407682816;
2,750,False,False,False,1.0,508.79503674535164;385.4508309867236;,1024.8045040632564;503.9546490630065;
2,750,False,False,False,0.5,141.8490870646693;,289.52797775522544;
2,750,False,False,False,1.0,724.4764480781805;459.0474992689515;,785.600406614183;379.868474843812;
2,750,False,False,False,1.0,994.5100078224914;1155.358145193264;,589.9366150977557;1011.3123720472503;
2,750,False,False,False,0.5,597.8456347464027;,1250.4930261114887;
2,750,False,False,False,1.0,532.7289520662521;1196.5474722210747;,472.81188011650664;1414.8478459726175;
2,750,False,False,False,1.0,946.0938184922032;372.6105781926767;,1005.0578584483278;717.2220058965931;
2,750,False,False,False,1.0,539.083096000943;424.7955648168611;,741.7018074308145;319.1906446884318;
2,750,False,False,False,0.5,995.7542007051688;,245.50161054252504;
2,750,False,False,False,1.0,281.2744077142199;3095.364066142037;,857.1880495297011;740.0617535672907;
2,750,False,False,False,1.0,139.4163451582735;40.134186535723586;,219.58249368205705;348.9679378038652;
2,750,False,False,False,0.5,1464.6956386244397;,297.4224927736678;
2,750,False,False,False,1.0,485.00179177668525;99.17848942246161;,506.8686832459928;849.1959892506758;
2,750,False,False,False,1.0,414.1400468310417;459.62419749126747;,412.81629746740134;581.340346794933;
2,750,False,False,False,1.0,356.3068170406364;304.60557202032203;,320.2320913157848;469.6208570814894;
2,750,False,False,False,1.0,503.76389403111125;84.28102365471345;,495.79074925036844;290.4397474553266;
2,750,False,False,False,1.0,2163.185938537305;1193.8951050743383;,290.5602938830235;1564.3363141788582;
2,750,False,False,False,1.0,937.95669945322;676.5614467202088;,1068.342373780733;619.9416988298807;
2,750,False,False,False,1.0,381.8371221163243;248.97178126362064;,422.728936623576;187.2509592525847;
2,750,False,False,False,1.0,423.93455874072737;591.9432921961252;,676.0766306173587;653.8046945290129;
2,750,False,False,False,1.0,394.0053386141361;464.2075994685189;,363.04578008077533;295.31650486610147;
2,750,False,False,False,1.0,847.8297978527936;1250.6107036390242;,293.55173927263945;765.2703107347295;
2,750,False,False,False,0.5,981.9183303992522;,204.0329058750194;
2,750,False,False,False,1.0,1570.3161409253075;1902.386008695694;,109.41692602643819;876.6420273442255;
2,750,False,False,False,1.0,211.5972321677951;223.72956277490948;,900.5210912964181;207.18625317906736;
2,750,False,False,False,1.0,179.26246565346767;526.9154117554222;,339.9680227015818;438.9748837926015;
2,750,False,False,False,1.0,709.1389615749495;709.7951599629722;,1243.5927572337735;1255.435579738038;
2,750,False,False,False,1.0,620.2589829762943;175.08894059573677;,744.2563046579966;182.44711198777895;
2,750,False,False,False,1.0,158.7997304097999;982.4340836744564;,279.8473690041776;402.63908562320324;
2,750,False,False,False,1.0,681.7720774371584;499.99198283616664;,463.205010932754;1127.978549840546;
2,750,False,False,False,0.5,560.4641242958521;,757.6356703689581;
2,750,False,False,False,1.0,732.1575520963111;1030.691119125003;,187.88687350310713;399.95238903167234;
2,750,False,False,False,1.0,657.2863029536819;696.3260361708085;,1446.9925902222499;216.19155461531406;
2,750,False,False,False,0.5,820.2843006724202;,253.91787216038503;
2,750,False,False,False,1.0,627.6425508603865;704.087724661307;,861.2846030302869;795.6105002869965;
2,750,False,False,False,1.0,1408.759907275291;325.0078117462655;,676.3618190019363;468.6503475664737;
2,750,False,False,False,1.0,621.1639617725986;979.1851258616182;,821.9126578106358;678.5743520569604;
2,750,False,False,False,1.0,558.1109153078384;447.59490319988464;,935.4736872491055;248.855956538544;
2,750,False,False,False,1.0,574.8081645505063;884.7028366198629;,368.34679704156054;1397.212696163446;
2,750,False,False,False,1.0,611.8441144762464;883.7073434950438;,972.80726212135;766.0684859464648;
2,750,False,False,False,1.0,62.318183500406676;839.6020282890429;,186.5739267682425;920.0406524330728;
2,750,False,False,False,1.0,308.2197436566738;115.59719376306403;,478.9452572311326;959.4373764969237;
2,750,False,False,False,1.0,666.1433316252562;293.63989264283987;,505.2113645662089;811.8463480968956;
2,750,False,False,False,1.0,396.4777974029576;530.984592568318;,467.25361810507957;127.66841150661008;
2,750,False,False,False,1.0,180.00991590584454;234.66009176511983;,281.22066457218756;186.975633099181;
2,750,False,False,False,1.0,66.24610479439481;671.338473717263;,164.80705481938836;324.2031326698087;
2,750,False,False,False,1.0,948.103283868384;287.0156755251516;,829.9009492325192;910.8360298096547;
2,750,False,False,False,1.0,536.3109589774965;671.6142283861931;,355.21549363549025;106.29519395092252;
2,750,False,False,False,1.0,587.4572326247417;243.54350641737665;,102.63381113080193;666.1279489463072;
2,750,False,False,False,0.5,1077.4026297396908;,923.9283394112759;
2,750,False,False,False,0.5,516.0186221960286;,641.729497456725;
2,750,False,False,False,1.0,2569.7018071932443;238.8145794807323;,1229.01449301623;289.8368857748576;
2,750,False,False,False,0.5,746.6813953039724;,641.0399949060901;
2,750,False,False,False,1.0,818.6192665628328;95.77230830013038;,1196.0871432834183;324.10280650330486;
2,750,False,False,False,1.0,501.9458001459872;525.0539900012251;,350.58673315731835;440.6404098094354;
2,750,False,False,False,1.0,293.1988025352186;1157.4718106094906;,477.8143103351996;1295.0821967110087;
2,750,False,False,False,1.0,222.0019663143932;1121.140268294347;,301.8100434131806;168.9477413051285;
2,750,False,False,False,1.0,1578.3159703308022;1901.334727881813;,614.7849114575992;1155.9309979498066;
2,750,False,False,False,1.0,534.1378642213384;593.5603511895658;,316.89714348481954;638.6400802084811;
2,750,False,False,False,1.0,1307.2305030462949;1115.4126650138803;,1189.7781288057752;932.173473739846;
2,750,False,False,False,1.0,268.87811601479876;1296.5223020741912;,336.24932954454613;1634.0670754233445;
2,750,False,False,False,0.5,586.9463984693124;,425.2632163690433;
2,750,False,False,False,1.0,565.7107089893113;266.7827375386305;,912.5316438048973;303.7108288749489;
2,750,False,False,False,1.0,853.2013528135553;2984.4314895185908;,663.7177240474554;637.9064086502505;
2,750,False,False,False,1.0,523.2559506496146;672.4111990324374;,323.0964559811084;1494.191019219179;
2,750,False,False,False,1.0,387.84468842880045;1098.4815798530167;,345.83709025353886;1400.6716933927096;
2,750,False,False,False,1.0,404.03830924728453;639.8516185082516;,405.5699191845292;237.38442237840388;
2,750,False,False,False,1.0,207.72947503722935;915.2621485705611;,785.1364959588558;325.08122910935805;
2,750,False,False,False,1.0,740.3087166379993;361.63524575648404;,520.7144448549146;462.9096533254882;
2,750,False,False,False,1.0,266.0140353241874;508.3109417936818;,313.4067160781162;1037.4845038125145;
2,750,False,False,False,1.0,676.0635507000426;721.7640656397438;,793.884937361549;773.5284948606495;
2,750,False,False,False,1.0,130.91375870052704;376.15592626541195;,530.7985090957438;969.4433978082757;
2,750,False,False,False,0.5,105.85685070745565;,253.37755369061748;
2,750,False,False,False,1.0,523.0108060635471;467.01728472735766;,715.6496982277887;683.4110908096459;
3,750,False,False,False,1.0,249.6400850200593;340.8665776958788;1146.1138144870702;,495.6026329475259;290.28233528749956;356.96310420139207;
3,750,False,False,False,0.6666666666666666,1443.212224261634;2937.3082714925404;,684.8538868970371;637.3521107311957;
3,750,False,False,False,0.6666666666666666,2440.2630589957853;450.17827227790815;,384.6944566769055;925.3627728150607;
3,750,False,False,False,0.6666666666666666,505.7731250670276;495.65364385876137;,454.1930659641396;116.43676880645121;
3,750,False,False,False,0.6666666666666666,252.04324710814066;600.8069850655785;,180.2190803779073;75.02303370805427;
3,750,False,False,False,0.6666666666666666,1137.6837837871228;1092.8576667630145;,1276.2095796008173;1399.789316626893;
3,750,False,False,False,0.6666666666666666,591.361879913648;473.3764556241993;,844.2352147723151;582.3986140504904;
3,750,False,False,False,0.6666666666666666,415.5558262513356;59.16017212291397;,386.48174139485207;929.9890748888313;
3,750,False,False,False,0.6666666666666666,440.65180193157005;297.6315979010473;,133.39473272612477;516.4511032398042;
3,750,False,False,False,1.0,598.5604515380568;675.996115886135;982.067015821621;,336.8929452852753;433.60579126491604;1469.2241019969279;
3,750,False,False,False,0.6666666666666666,1520.8137467049787;1105.5138924490707;,235.76195322683907;529.3655871489503;
3,750,False,False,False,0.6666666666666666,847.7523358388122;428.4723463685906;,661.9771268080301;493.6698832520456;
3,750,False,False,False,0.3333333333333333,358.4855619281566;,309.7070721511555;
3,750,False,False,False,1.0,425.93049605207176;523.9449561180687;2212.280495849787;,499.60178602128235;514.4343798583257;1292.8414056399656;
3,750,False,False,False,0.6666666666666666,633.8392352207339;676.7692439489231;,769.9901383334214;1380.8450385691572;
3,750,False,False,False,1.0,116.96048477848738;298.04226231565417;429.5738939191268;,500.3578741868947;1159.0065093199562;375.88472745822503;
3,750,False,False,False,0.6666666666666666,282.0446414796257;1269.5581309999432;,615.3856150897522;267.3421166867367;
3,750,False,False,False,1.0,170.2427505895788;604.2605330306332;353.98711188390683;,413.36539648996245;427.56345004035813;1144.133004261919;
3,750,False,False,False,0.6666666666666666,33.13306372483046;341.644396654862;,127.87780181445737;531.4040678160076;
3,750,False,False,False,0.6666666666666666,360.56804977860355;527.8143307230289;,1063.4533504710685;241.51629228585497;
3,750,False,False,False,0.6666666666666666,439.9561822131797;852.2299875292039;,257.6483587059546;671.7999406728798;
3,750,False,False,False,0.3333333333333333,642.5086796934687;,317.7516011190334;
3,750,False,False,False,1.0,647.4138502805514;618.8957331179951;59.26282824939508;,448.35337814455056;392.83609182274597;259.965766257118;
3,750,False,False,False,0.6666666666666666,147.37191529007268;509.8336932498245;,720.5805234149518;395.00322903119434;
3,750,False,False,False,0.6666666666666666,591.4195751999979;111.80007673129188;,630.4693923159523;565.4737148927869;
3,750,False,False,False,0.6666666666666666,312.340635061255;1070.4410213284755;,580.7422428570635;841.3710358335127;
3,750,False,False,False,0.6666666666666666,747.1781120046975;913.6052587235204;,1104.7128222467072;271.7063597439417;
3,750,False,False,False,0.6666666666666666,275.25874906179183;571.2982788745875;,381.1761003566233;580.5989428976376;
3,750,False,False,False,0.6666666666666666,365.60656452263896;2485.1580814111303;,819.8856269909127;805.0360696256864;
3,750,False,False,False,1.0,505.8402470855357;465.5982665835014;560.2221308489251;,783.7276459715964;479.0802899861669;778.0601219579289;
3,750,False,False,False,1.0,843.9731543403191;1189.5176790188948;353.14565960919174;,766.478171900037;630.1939185351039;7.5595180270778135;
3,750,False,False,False,0.6666666666666666,331.62086321946873;720.2387804467555;,84.1307328330007;711.3858611232;
3,750,False,False,False,0.6666666666666666,380.7898713903501;188.90466606435618;,721.6429861803329;209.8710280677567;
3,750,False,False,False,1.0,101.90874998916007;398.68563635861653;621.0511671169714;,894.0000963393026;419.8008927775913;126.2571288500859;
3,750,False,False,False,0.6666666666666666,586.4891428757642;1208.1391281701474;,609.1634060826503;427.4821440091403;
3,750,False,False,False,0.3333333333333333,872.6341457980279;,699.8305620824618;
3,750,False,False,False,0.6666666666666666,203.56474569329018;3133.5306828391494;,754.352063781775;1043.5290164387548;
3,750,False,False,False,1.0,846.6540565345064;949.2005178474686;577.8935167343726;,713.1184722242144;1226.4353985337948;532.772493399603;
3,750,False,False,False,0.6666666666666666,214.2460906861852;4315.78037633263;,522.4775667581596;712.8396186147556;
3,750,False,False,False,1.0,344.1378501626383;600.2730342673884;581.9027844016198;,930.9250566754589;325.6607342742117;550.257709714468;
3,750,False,False,False,1.0,513.9821215077892;439.6402963628699;585.0198928792001;,783.1854497386116;1477.1419805459388;791.9836603686891;
3,750,False,False,False,0.6666666666666666,1492.7093932285075;339.42253220253156;,362.4441794081021;539.0452601818066;
3,750,False,False,False,0.6666666666666666,1261.4496462513073;600.6783927031091;,454.02331598746656;313.4322374141555;
3,750,False,False,False,1.0,648.6076308731058;81.8960834173007;1851.032446721121;,869.2667854658124;341.70404217788035;1726.7660300440782;
3,750,False,False,False,0.6666666666666666,298.29063328951617;903.6368132131599;,777.5679525546603;239.30222062044686;
3,750,False,False,False,0.6666666666666666,310.0825330612139;1217.3844473935387;,139.69407198588317;503.98324105004014;
3,750,False,False,False,0.6666666666666666,802.7664949536987;362.9771656741572;,251.36331533962067;593.3327558096717;
3,750,False,False,False,0.6666666666666666,494.1141925747367;496.8095460374517;,153.1469028387251;631.9286958837165;
3,750,False,False,False,0.6666666666666666,221.1217144590907;479.8413086541648;,279.51813837319594;146.812946089408;
3,750,False,False,False,0.6666666666666666,1141.8212735590498;447.0015915125002;,225.54565388214445;1426.1100749161994;
3,750,False,False,False,0.6666666666666666,852.7988500759312;448.74411106554624;,933.4465829104792;290.6632109731171;
3,750,False,False,False,0.6666666666666666,255.9253832292541;62.56977966882372;,813.0170822739677;1137.6650029640032;
3,750,False,False,False,0.6666666666666666,827.8226425076547;335.81878185262036;,778.5932719167067;480.55897349226336;
3,750,False,False,False,0.6666666666666666,384.4501940459572;582.0507959795004;,324.5776155104557;571.650513689101;
3,750,False,False,False,0.3333333333333333,553.9128281162965;,757.5307060766651;
3,750,False,False,False,0.6666666666666666,799.2406500029892;3088.387222370387;,833.5860172621382;333.4274272004536;
3,750,False,False,False,0.6666666666666666,383.391558650054;1354.9653707373368;,648.5670919587411;620.3495109184271;
3,750,False,False,False,0.6666666666666666,78.19639667162974;751.185079857188;,372.0796557879127;325.8980461597343;
3,750,False,False,False,0.3333333333333333,313.7037464508189;,428.278608587729;
3,750,False,False,False,0.6666666666666666,519.810578444476;2882.5990842895717;,433.1454570165517;324.59764215819916;
3,750,False,False,False,0.6666666666666666,761.4717419031194;21.68690560577277;,773.05588841623;225.24955689197463;
3,750,False,False,False,0.6666666666666666,537.3776500605475;484.31709940669674;,561.7491140617371;559.7281901648738;
3,750,False,False,False,0.6666666666666666,123.79368859840952;417.6934892687245;,608.3468056639917;178.81897880216673;
3,750,False,False,False,0.6666666666666666,377.7604149939494;754.0551142706595;,508.7499582114543;1118.313331318864;
3,750,False,False,False,1.0,690.5065363043811;327.7861510419868;1034.8057130667305;,374.8297052257742;305.39199485324997;615.4438296273788;
3,750,False,False,False,0.6666666666666666,418.2702416221848;730.3360851079391;,495.2887914485016;609.9474416215949;
3,750,False,False,False,0.6666666666666666,265.0351613204722;675.5546273024049;,221.88722250763564;1026.9634253656143;
3,750,False,False,False,0.6666666666666666,293.8269485855829;868.8890626433995;,173.89950012863483;689.647525085947;
3,750,False,False,False,0.6666666666666666,477.8553614189096;441.4631569835926;,812.681810151998;124.35370453857527;
3,750,False,False,False,0.6666666666666666,1585.9773685944722;1321.7688535107345;,760.9217832797134;820.9259068436534;
3,750,False,False,False,0.6666666666666666,502.2447337026819;108.23190778052158;,512.2418297277663;315.84879864411414;
3,750,False,False,False,0.6666666666666666,2764.9523033344126;301.71364251714476;,805.9970333128126;450.59586335647845;
3,750,False,False,False,0.6666666666666666,934.9371599727428;935.0349565548626;,696.5840657748948;1077.5679082509553;
3,750,False,False,False,1.0,305.7446304382455;405.8462019461694;79.73716796679773;,230.363908558986;352.4384301085703;861.454702897087;
3,750,False,False,False,0.6666666666666666,377.2571113699141;629.4075483428957;,625.8693759550696;184.07235601898006;
3,750,False,False,False,0.6666666666666666,767.7630764556258;577.5960940686028;,484.1305450304134;1009.6584843740428;
3,750,False,False,False,0.6666666666666666,436.32900897579066;1478.2419670703591;,594.5233685463;669.7552954093902;
3,750,False,False,False,0.6666666666666666,282.118115194281;141.71612793198886;,309.02915480428214;111.42453945422656;
3,750,False,False,False,1.0,129.83696534179583;514.7566951876609;1441.0971856123065;,119.97777368575609;596.6770945194407;523.5140952064802;
3,750,False,False,False,0.6666666666666666,330.23273677469837;664.1837914012232;,542.2371105214188;881.6530566086964;
3,750,False,False,False,0.6666666666666666,330.9603621072516;845.3909050060912;,674.8501334726393;1323.4180269819924;
3,750,False,False,False,0.6666666666666666,187.5620598637136;1076.855764571642;,258.4015228982583;719.2334262857136;
3,750,False,False,False,0.6666666666666666,139.44092202623546;1291.6736783548085;,796.9742519200676;1123.0551833101088;
3,750,False,False,False,0.6666666666666666,975.1539728917538;2289.2809009615503;,1121.3242916406334;890.6527571482304;
3,750,False,False,False,0.6666666666666666,396.3099475593886;1183.7511675972255;,372.206035068321;1215.4181715656894;
3,750,False,False,False,1.0,424.98105600696783;612.1922408548587;2837.503444397121;,455.66783728240506;416.2817716848291;134.5664096025194;
3,750,False,False,False,0.6666666666666666,1235.076987790491;1048.9620017258437;,919.3216038698102;1089.2536459399187;
3,750,False,False,False,0.6666666666666666,763.9169214361207;184.9941901412216;,418.04226264742755;508.5351259214281;
3,750,False,False,False,0.6666666666666666,762.314560147556;761.6153735469309;,498.9398693743343;412.3376572543318;
3,750,False,False,False,0.6666666666666666,774.6539364574494;1268.8710556945066;,682.9119556827662;1068.1178427617142;
3,750,False,False,False,0.6666666666666666,822.9346314290694;782.0033074163313;,390.35435304591334;540.9329769722082;
3,750,False,False,False,0.6666666666666666,526.7230017140382;1025.6991367232495;,466.5986929961132;627.0751617418912;
3,750,False,False,False,1.0,753.0012049846583;461.00293738470907;426.2616111286721;,1025.8249154153357;151.81009592686664;1417.393488538518;
3,750,False,False,False,0.6666666666666666,347.9370644596008;424.7450166305272;,103.49355341094436;445.1759535701973;
3,750,False,False,False,0.6666666666666666,529.9812438784674;3004.2377634484224;,343.7774801753055;903.1640587157672;
3,750,False,False,False,1.0,192.91315533437407;698.9631298352667;192.6111183245128;,122.35157889565266;906.1945298445604;549.8058942617645;
3,750,False,False,False,0.6666666666666666,1074.0604615465284;1502.5841074243408;,800.8173886005172;579.125451969281;
3,750,False,False,False,0.6666666666666666,274.4855870845324;489.66316932025774;,706.7569566884038;125.80576670654432;
3,750,False,False,False,0.6666666666666666,244.92673305560186;969.3250187843885;,417.630477832779;1463.0857043168733;
3,750,False,False,False,0.6666666666666666,35.76297656004525;238.465010792252;,334.4873985026236;363.935118566539;
3,750,False,False,False,0.6666666666666666,992.4920391412331;3367.11840161441;,570.6962098454783;896.7568253357923;
3,750,False,False,False,1.0,269.330557076336;207.82831276724485;158.28904848400546;,74.93587716610175;529.1568496490684;280.959123548723;
3,750,False,False,False,1.0,284.37919024887617;814.6325633762823;366.00405241782755;,433.77203519874547;1063.9085846493765;220.18881678151257;
3,750,False,False,False,0.6666666666666666,705.0432604452338;1410.6301263943394;,439.70272979956786;340.72478621537016;
3,750,False,False,False,1.0,787.7678169922464;731.9836282065748;494.11032946219945;,1102.5646095798897;961.8827025874125;827.1040091210422;
3,750,False,False,False,1.0,485.77358602820794;589.6585851111015;2548.232424549168;,29.956348080255253;86.76170560401877;757.2285077194495;
3,750,False,False,False,0.6666666666666666,360.7450976424755;1311.7768729282282;,509.25073545450874;1239.464550879424;
3,750,False,False,False,0.6666666666666666,355.2879754238484;581.7920055686733;,476.03981981162974;767.3030164947078;
3,750,False,False,False,1.0,314.4704136455285;160.10865287929872;479.38700645594736;,385.0319528626961;284.53625878486883;812.5772916622109;
3,750,False,False,False,0.6666666666666666,1173.5973059450823;164.76181835530105;,797.9276566382209;647.1674752110407;
3,750,False,False,False,1.0,403.5140403543803;291.94143479668384;751.0899807977071;,499.6162636317473;356.31813154024235;417.00292440664754;
3,750,False,False,False,0.6666666666666666,264.47135060914275;565.9766512087768;,681.5504305320892;280.3028903868453;
3,750,False,False,False,0.6666666666666666,1044.9592915279368;1738.0458813586906;,373.27473270750903;2050.620668974676;
3,750,False,False,False,0.6666666666666666,1860.5992735807445;3194.2045624713614;,484.75615202819756;1332.4674590415966;
3,750,False,False,False,0.3333333333333333,548.3649670781703;,531.5382558464813;
3,750,False,False,False,1.0,566.7152837674641;107.25515896960327;698.6242200860872;,620.2512118617514;306.0543016786785;356.67084152041764;
3,750,False,False,False,0.6666666666666666,497.37881100127095;852.5271108083643;,454.5721524906173;420.178129305331;
3,750,False,False,False,1.0,584.1391096004127;2526.3648845607913;382.0039033235231;,34.45888224883406;1146.94777231577;256.22126573189627;
3,750,False,False,False,0.6666666666666666,353.817747690858;824.3424151351942;,573.7855830162944;267.1465419624626;
3,750,False,False,False,0.6666666666666666,511.9491225581016;279.29195332395005;,748.5979773947766;870.0520315948409;
3,750,False,False,False,0.6666666666666666,809.6210743882192;943.3139296492802;,652.5447642314962;847.1587275147367;
3,750,False,False,False,0.6666666666666666,826.8483604927658;245.23494388010243;,770.3736406190033;603.5392636960436;
3,750,False,False,False,0.6666666666666666,1018.4938267573931;1207.7100465419028;,1055.3894066379512;1239.197136558687;
3,750,False,False,False,0.6666666666666666,494.79140870874215;672.2174672696741;,347.8580379718009;653.6277020561108;
3,750,False,False,False,0.6666666666666666,633.4780703117549;3572.6479169720265;,355.18433008312394;1607.8298883614493;
3,750,False,False,False,0.6666666666666666,345.7611498435396;3253.930842890912;,64.60040554120943;430.7166954780463;
3,750,False,False,False,0.6666666666666666,883.5750605968215;730.1903628634477;,655.4552602723602;1120.900116593595;
3,750,False,False,False,0.6666666666666666,1106.9661214905116;340.21626041933456;,289.0661437907954;555.8203245680045;
3,750,False,False,False,1.0,2993.6547200768996;1048.4117693207043;1512.9238411196104;,461.36248585832533;520.1972607093089;300.48779041568736;
3,750,False,False,False,0.6666666666666666,454.92857359211797;1021.9154747839186;,464.57620858951736;1003.08672676173;
3,750,False,False,False,0.6666666666666666,642.3277814893588;386.48087023608855;,627.2637437931995;1329.6582400437044;
3,750,False,False,False,0.6666666666666666,189.625234739438;1021.2882327132182;,208.30544211744098;348.2755191544729;
3,750,False,False,False,0.3333333333333333,170.50082259535753;,425.65357222218296;
3,750,False,False,False,0.6666666666666666,547.4503057455478;289.2183295058246;,602.8767582230815;756.3226363537115;
3,750,False,False,False,0.6666666666666666,2688.682483626538;265.91141626502207;,197.13681912254825;714.6006362817254;
3,750,False,False,False,0.6666666666666666,173.92974038691386;178.50069840958932;,122.27168694822927;725.5039739547311;
3,750,False,False,False,1.0,1400.2687198620883;497.1594994100567;925.9721753056863;,913.0848489180438;383.98181446280233;110.80946186875714;
3,750,False,False,False,0.6666666666666666,724.1268532685214;705.6080166260302;,467.2795226527498;314.7200515755316;
3,750,False,False,False,0.6666666666666666,586.8811088240905;1431.088498919007;,1780.1792457124182;806.9190555750511;
3,750,False,False,False,0.6666666666666666,189.91309641382853;1045.229941559296;,203.25421655103278;1030.1978279742352;
3,750,False,False,False,1.0,255.86300705249897;162.03233401935975;612.2002821269523;,310.63356607175973;364.8829375844707;537.7882888577082;
3,750,False,False,False,0.6666666666666666,257.0416812792583;563.9626082073817;,1524.619807778512;659.2597866776172;
3,750,False,False,False,0.6666666666666666,1049.5815609590404;2251.8371766688233;,882.5307157582882;546.3841178104972;
3,750,False,False,False,0.6666666666666666,1216.6704587726997;745.006738611265;,1219.6884969023135;173.48738562159207;
3,750,False,False,False,0.6666666666666666,4648.317521961857;95.58124118674219;,513.7904301004043;358.2025019572526;
3,750,False,False,False,1.0,662.2084722302773;1066.084553466804;564.5306403135759;,795.3147953709904;696.4429497159573;464.7097053610785;
3,750,False,False,False,1.0,684.8954979705708;1376.710854075783;52.724779164543364;,855.9136855144907;582.2142779244289;547.4216214254694;
3,750,False,False,False,0.6666666666666666,409.3210815634715;556.7597143013417;,170.1636853177892;361.12248620405245;
3,750,False,False,False,0.6666666666666666,288.5624887588327;1840.1702714632393;,328.84166473579364;396.7421073879334;
3,750,False,False,False,0.6666666666666666,545.0957706612963;3484.777582813602;,805.1509128820104;540.9166932556897;
3,750,False,False,False,1.0,404.0520040054313;351.2987113824837;595.6902353827552;,158.97067852877225;737.9295000784412;949.237347470736;
3,750,False,False,False,0.6666666666666666,749.7289689605199;525.3667437072331;,732.5609705289819;1028.2396086236226;
3,750,False,False,False,1.0,364.2803372856239;471.086345207047;260.6394266898172;,241.5057820754774;455.15766345975516;496.6948042307886;
3,750,False,False,False,0.6666666666666666,108.07555638995936;358.0872121683329;,345.3243614904925;392.79743983019216;
3,750,False,False,False,1.0,451.56681622138456;794.0303503097774;1690.4828894531402;,397.8871562240031;509.19350472289284;873.464201938754;
3,750,False,False,False,0.6666666666666666,487.0547824479934;1473.017537894648;,575.8895040813526;406.3983206373294;
3,750,False,False,False,0.6666666666666666,1806.2542990186892;2313.8795375204368;,337.620050626753;692.8118006648401;
3,750,False,False,False,0.6666666666666666,852.872941075982;5227.972968346167;,373.8161792930033;750.55477836869;
3,750,False,False,False,1.0,781.1368937912879;354.6039544305002;303.8509294287411;,980.6838724744448;658.1596935797216;1098.1006343168133;
3,750,False,False,False,0.6666666666666666,2176.252153226538;126.80721870875085;,155.48772020134075;782.4854341653354;
3,750,False,False,False,0.6666666666666666,765.8349488205225;1208.6522878145263;,973.5708618192795;302.56750685878234;
3,750,False,False,False,0.6666666666666666,364.05095347005414;1651.3561541126637;,355.64972823072185;380.66079836030747;
3,750,False,False,False,0.3333333333333333,1129.5159379735985;,68.97644588190197;
3,750,False,False,False,0.6666666666666666,712.6131127288044;50.358596711321624;,579.0095794208537;974.8156292153059;
3,750,False,False,False,0.6666666666666666,743.8819290439277;2140.8080994756483;,797.9474121751692;223.86451198738052;
3,750,False,False,False,1.0,134.8307459180967;213.76551950219917;411.7365269470825;,477.8097063393645;206.87649031540053;936.4561002575987;
3,750,False,False,False,0.6666666666666666,998.1283905711527;159.82700457176395;,304.0696875859208;209.57289807740625;
3,750,False,False,False,0.6666666666666666,364.41744428869623;1713.7742417502254;,606.5594183460474;254.8669309255454;
3,750,False,False,False,0.6666666666666666,338.43885392480803;1344.7539690981157;,1153.5164253656615;613.7512704721398;
3,750,False,False,False,1.0,309.18566656023506;185.63687740404168;355.3163073964388;,55.21040900859364;146.44139606687;633.1135327701945;
3,750,False,False,False,0.6666666666666666,245.36936491816252;900.0583052053541;,397.65914458805764;527.3498233124253;
3,750,False,False,False,0.6666666666666666,547.7774193057819;666.1235815434158;,238.65523572567588;1062.153844371559;
3,750,False,False,False,1.0,560.8686879493997;167.23150906971833;202.3916943132958;,789.1398559159832;610.2764760915665;228.69337580186865;
3,750,False,False,False,0.3333333333333333,1065.1454224756428;,25.06293219305266;
3,750,False,False,False,0.6666666666666666,1238.114035218694;329.71430359371595;,631.8088810614848;647.1760166821164;
3,750,False,False,False,0.6666666666666666,407.99458303415776;1033.6784875709811;,752.3903779130094;1078.2011629907715;
3,750,False,False,False,0.6666666666666666,624.1399323863366;457.9501830740603;,565.1540946468032;710.9536758503938;
3,750,False,False,False,0.6666666666666666,2065.421192482195;1305.5638494925236;,336.74995700422494;1148.4024160492743;
3,750,False,False,False,1.0,822.1204684697918;482.8847993559777;890.813835303119;,1078.196703389656;404.6781746769743;278.32530332911483;
3,750,False,False,False,1.0,404.8376662601328;416.25622526186413;180.75462430864704;,1063.8467555177913;110.28443068524408;540.9376560131885;
3,750,False,False,False,0.6666666666666666,3397.980345545654;204.08722943238936;,836.4946315931174;1702.6996436187312;
3,750,False,False,False,0.6666666666666666,502.7131347558007;275.5418684149556;,536.3876509338936;224.80671319189588;
3,750,False,False,False,1.0,374.93791363177036;176.6585420039495;258.06199882409567;,762.7759003780683;498.78643802329356;362.72395988578535;
3,750,False,False,False,1.0,413.5142666430026;295.39180277820674;584.3935797797353;,474.20630288906756;460.2380144804273;1282.6059341780292;
3,750,False,False,False,0.6666666666666666,259.03059333164083;265.2563919589201;,289.99657449221576;548.477748999877;
3,750,False,False,False,1.0,119.14366330374534;991.0872481703399;445.0532541973442;,519.5483064693494;540.4477033600658;357.2626129071361;
3,750,False,False,False,1.0,171.2422187159843;396.3869959269812;1343.5270145354075;,160.34947343324993;392.55387124838757;1809.036232266779;
3,750,False,False,False,1.0,2170.232190323572;404.6427417942759;728.1821857538644;,1568.4320083989091;361.7847928182717;934.8726926553285;
3,750,False,False,False,0.6666666666666666,580.5202720231172;743.5876848514096;,754.6543562024215;251.82177277608486;
3,750,False,False,False,1.0,337.04073092607547;558.360065772449;793.9189093035839;,261.8340462868606;1096.6840288084059;766.0734716536168;
3,750,False,False,False,0.6666666666666666,496.88663512424154;228.9174392893104;,786.1819168113616;592.4206047582346;
3,750,False,False,False,1.0,1108.419785833264;411.8542048170839;681.008685687382;,725.8770356937955;553.3687006555165;159.9833883447777;
3,750,False,False,False,1.0,969.651902202315;948.6208119766383;633.7343482135668;,1023.0131329393563;635.5731572300176;696.5819976572586;
3,750,False,False,False,1.0,705.0512609018228;581.8767474467022;192.44986055059525;,909.533470919121;945.1307434859217;727.2927166714261;
3,750,False,False,False,1.0,1411.5372827507413;810.9391944517154;166.53282200418178;,655.6567887003845;1008.4196373462853;510.47954003404686;
3,750,False,False,False,1.0,611.1028838856105;164.48707726023466;1709.040982417021;,964.534086520497;356.384081597426;913.2836015586952;
3,750,False,False,False,0.6666666666666666,942.4955693517323;284.3316466598029;,532.5429035121097;597.0923168785167;
3,750,False,False,False,1.0,581.4886770111794;302.3842861360862;902.6898080517492;,289.36356354533683;514.8904589831784;688.1288080943912;
3,750,False,False,False,0.6666666666666666,1620.340645990586;236.1159350473216;,422.0067919113523;343.15163188072376;
3,750,False,False,False,0.6666666666666666,636.7042881281634;288.9928111082332;,1496.7341919738112;375.062281969342;
3,750,False,False,False,0.6666666666666666,593.2391055152052;322.39992304356434;,650.1460583697835;1301.0980512503786;
3,750,False,False,False,0.6666666666666666,2624.4516737436234;414.532103122149;,675.7576709239805;496.9517026122142;
3,750,False,False,False,1.0,116.20173944582264;547.1113115926769;332.7958440900407;,77.41927440173234;583.3680898767237;577.8724981608965;
3,750,False,False,False,1.0,2605.5778147724645;1572.612718101382;195.48429544288103;,276.63876105520126;398.0145064937488;349.2812234527768;
3,750,False,False,False,0.6666666666666666,788.3835277195977;1352.7392115751186;,209.02964340175475;230.1677296053774;
3,750,False,False,False,0.3333333333333333,855.2750888218064;,960.7256065220864;
3,750,False,False,False,0.6666666666666666,146.66606260948498;849.4705577629493;,333.4974759012756;335.2215391315818;
3,750,False,False,False,1.0,1777.844109628802;515.5596683756305;637.7465596069965;,880.9369566203264;334.90109400091364;202.2622068757637;
3,750,False,False,False,0.6666666666666666,290.1766990968762;704.6186344293959;,462.0103075447872;671.9921530402673;
3,750,False,False,False,0.6666666666666666,1936.588469447142;84.17284159800445;,948.9847009749049;698.549875112265;
3,750,False,False,False,1.0,890.3101273071212;609.1031006947148;974.0261164412389;,1365.8594771131372;595.692054195787;707.771866712822;
3,750,False,False,False,0.3333333333333333,673.9130543829905;,675.1226613562335;
3,750,False,False,False,1.0,585.2562583948558;973.2279101578324;772.6525500249021;,612.2137134521761;887.6541790786756;680.2773709036849;
3,750,False,False,False,0.6666666666666666,93.99188497355522;722.0439234380046;,468.2518566809605;327.9442582745413;
3,750,False,False,False,0.6666666666666666,786.2925498080585;1391.7054290793867;,446.9602355403772;592.3690641878386;
3,750,False,False,False,1.0,312.2740382030422;166.97900084627298;161.0480830398839;,355.3633763732741;216.31556884401408;312.1277061105471;
3,750,False,False,False,1.0,709.4272786772879;1001.7733745548161;161.50632198974478;,698.9433656950304;1692.9127954882167;400.923265530263;
3,750,False,False,False,0.6666666666666666,264.15265774272035;652.9696714626792;,279.6847915867134;714.0887990983401;
3,750,False,False,False,0.3333333333333333,596.7599979938522;,518.7487447192804;
3,750,False,False,False,0.6666666666666666,2756.7485130404434;490.0335512915232;,416.9392248203828;590.2544196890273;
3,750,False,False,False,0.6666666666666666,658.9001514310232;2729.736817541314;,585.4924567791952;506.48510659143943;
3,750,False,False,False,0.6666666666666666,1376.3820326102189;901.8615641998034;,214.17573203171943;1250.7107049707054;
3,750,False,False,False,0.6666666666666666,1637.2566403641356;530.0119179838856;,1069.9279222573966;496.4980875806459;
3,750,False,False,False,0.6666666666666666,147.92255362549122;222.08233553707012;,290.7948018516917;194.90042465644902;
3,750,False,False,False,0.3333333333333333,787.4184772112518;,742.6353714234274;
3,750,False,False,False,0.6666666666666666,273.82500139935365;243.49773627096383;,740.9884388312489;573.262852873934;
3,750,False,False,False,1.0,465.3220277805545;797.8824237429575;781.9512053924184;,1003.5169899762556;447.87513432365705;1265.489434619081;
3,750,False,False,False,0.6666666666666666,666.5780711189186;662.032844373669;,282.52567806034114;991.7541363737112;
3,750,False,False,False,0.6666666666666666,217.55612743300702;884.1110403553423;,145.45418001838627;843.946356375664;
3,750,False,False,False,0.6666666666666666,580.7681832507236;3890.541575010509;,339.3378562417966;71.18666412279485;
3,750,False,False,False,0.6666666666666666,399.20804853252156;163.0939145607215;,364.4251674691237;571.2341080617645;
3,750,False,False,False,1.0,877.8343360196899;1172.6729651132678;2587.159640680605;,748.253918725944;488.4096637738522;1041.9661239268607;
3,750,False,False,False,1.0,360.5220071196331;227.24077834899623;1963.6467302666788;,479.19002319064043;597.1787655111433;834.7716864576425;
3,750,False,False,False,1.0,471.08076257972493;533.34996277701;400.18253263600127;,542.0470328053606;395.1043897325739;127.16455941153396;
3,750,False,False,False,0.6666666666666666,997.6712815227559;334.9493417306124;,479.69581399023343;455.96117396748554;
3,750,False,False,False,0.6666666666666666,562.3457014143396;3937.760761571513;,561.0151675389144;373.088100202288;
3,750,False,False,False,1.0,582.7776637311734;85.84591264741395;376.71874922515;,572.4491747386121;444.73221725226466;439.60945212968073;
3,750,False,False,False,0.6666666666666666,389.39472027233;723.9666606715176;,775.3188114083397;327.8519957510048;
3,750,False,False,False,0.6666666666666666,414.7242958645588;1244.12286828177;,910.7990483845449;724.4045279795132;
3,750,False,False,False,1.0,705.3835135924512;525.0898261073953;702.094352890258;,482.66116574129603;958.6889409998076;687.8629647689158;
3,750,False,False,False,1.0,1757.7846609841479;407.9542663714397;683.8856864985785;,812.0945638144149;813.998086393398;269.2365911874096;
3,750,False,False,False,0.6666666666666666,272.62302947531714;3472.2184404590544;,220.5344628634105;519.9349748011301;
3,750,False,False,False,1.0,867.2773051144046;695.4682397878312;561.6223210922552;,633.4321985922737;566.7296336625424;451.8541199458584;
3,750,False,False,False,0.6666666666666666,467.2890287589595;514.4830722461544;,490.2552164394729;770.7354050493732;
3,750,False,False,False,1.0,424.1641120428612;308.4624350829706;763.7753093581755;,219.71274355314637;509.6192226504386;572.3932804655749;
3,750,False,False,False,1.0,572.9206634344512;468.7877551991657;869.9238077868608;,791.0850895909565;404.95907995318953;1077.0852529570082;
3,750,False,False,False,1.0,877.4542790271983;1426.337096203538;1184.9170827055675;,797.0774893324326;793.3258240928894;1695.070495533266;
3,750,False,False,False,1.0,724.783806849608;290.4511641175817;541.8287770610149;,578.7908181236608;872.8993652358564;918.5392818632977;
3,750,False,False,False,0.6666666666666666,391.26580069490825;144.2556130696291;,364.08811178537053;180.12842155548176;
3,750,False,False,False,1.0,327.13444105623637;329.7708299355297;865.6644985520657;,604.8983041141407;494.92790214577957;451.7140067346793;
3,750,False,False,False,1.0,186.56892645936986;973.9301202614776;258.22246698255566;,666.9648565267;957.3884081935263;220.95246418780295;
3,750,False,False,False,0.6666666666666666,723.1199802208341;1431.2673841749934;,1306.1060536679672;858.69147402847;
3,750,False,False,False,0.6666666666666666,345.3862700637325;580.4056407560546;,442.91299782098395;651.0604555577684;
3,750,False,False,False,0.6666666666666666,232.14796110229673;389.69113705951224;,963.148073574898;728.081254133624;
3,750,False,False,False,1.0,285.75359423846237;318.7148104330844;218.65864282412824;,442.09191861993935;216.63079613258148;236.99611547435185;
3,750,False,False,False,1.0,1220.7191343356685;506.3539662859108;335.057973903713;,1361.052000830688;755.5531544391666;251.45611599599425;
3,750,False,False,False,0.6666666666666666,405.1895352305556;760.9895728315978;,412.9232197428343;675.4746921758666;
3,750,False,False,False,0.6666666666666666,531.4619313707366;854.2573555101029;,666.2603069809417;453.73757328593786;
3,750,False,False,False,0.6666666666666666,376.78129965429775;407.6198834961384;,139.8751599838554;469.8136358229266;
3,750,False,False,False,1.0,504.89995192540823;112.37811788324203;163.0064350866867;,611.2073176059748;252.71301115476342;603.084008506418;
3,750,False,False,False,1.0,210.64337372344445;158.97727313104116;284.43814641990235;,564.0690162176306;1126.0932096247195;348.61991780832096;
3,750,False,False,False,0.6666666666666666,281.2149067885321;473.4001417334528;,1006.2100205340506;185.78450158047335;
3,750,False,False,False,0.6666666666666666,386.9381585720895;1998.9364175114392;,203.4765035970404;558.0551278207137;
3,750,False,False,False,0.6666666666666666,151.16031471395445;533.949387407446;,1121.2045910467646;897.2456680819203;
3,750,False,False,False,0.6666666666666666,164.4706097024097;117.92910691774276;,129.68693490338293;456.0874879143641;
3,750,False,False,False,0.6666666666666666,399.787035375966;3103.610555944893;,547.4969349575657;770.2780866191102;
3,750,False,False,False,0.6666666666666666,925.6947985594081;476.20479612157294;,1150.8751520851965;492.4296085371967;
3,750,False,False,False,0.6666666666666666,394.95491751807305;301.4265353889991;,270.5382977760692;413.9482208697559;
3,750,False,False,False,0.6666666666666666,962.1503417389754;491.350725363846;,907.1890279309504;526.7070554935518;
3,750,False,False,False,1.0,987.5986407296108;412.2516218154386;404.3512904626275;,857.3726928619776;655.6361966531439;477.7381979247382;
3,750,False,False,False,1.0,314.7224230196422;1201.6084862217347;712.3802138162031;,618.390334308254;974.4388190625748;1179.9608787461855;
3,750,False,False,False,0.6666666666666666,1437.7650510836058;135.272617110132;,1023.5038576730587;381.69758062213435;
3,750,False,False,False,0.6666666666666666,5485.780968921699;530.821400735531;,664.8133154874602;828.6627288766986;
3,750,False,False,False,0.6666666666666666,178.12073912845187;668.7669060277549;,105.6669210383134;608.2506745843541;
3,750,False,False,False,0.6666666666666666,561.8422973110287;702.6117950127677;,763.6789903109931;528.6671219958166;
3,750,False,False,False,0.6666666666666666,539.4995086384838;4630.539617300432;,618.7330197676279;1648.6625596741378;
3,750,False,False,False,0.6666666666666666,738.948259572989;135.339101355061;,270.0931841709899;562.7634305139244;
3,750,False,False,False,1.0,719.2098348626819;816.8590815575945;682.3085144051024;,340.6187696121736;191.68582164910484;658.2683560613358;
3,750,False,False,False,0.6666666666666666,426.0470372954388;1044.4699892327747;,581.2346245200772;847.9674095069136;
3,750,False,False,False,0.6666666666666666,920.4739065047413;520.240089463708;,701.8981301131178;584.1420322237343;
3,750,False,False,False,0.3333333333333333,853.5812477620971;,254.24159685129152;
3,750,False,False,False,0.6666666666666666,236.9276866492253;1594.072605397891;,611.5048578933327;756.9991627284081;
3,750,False,False,False,0.6666666666666666,2122.7201647554825;233.01035405939817;,81.00486187267911;843.2195904446053;
3,750,False,False,False,1.0,276.7176299099843;370.6094892575598;1650.7320975117918;,306.6795448134203;1075.7349602096651;1122.3330128789848;
3,750,False,False,False,0.6666666666666666,291.9553649880048;542.4165253479649;,424.00416940843013;791.1607306998567;
3,750,False,False,False,0.6666666666666666,870.138696867056;567.2867629846331;,847.0802512177329;513.5942444409538;
3,750,False,False,False,0.6666666666666666,596.5924025928497;2392.476073343063;,113.85543949724587;1193.8317704737767;
3,750,False,False,False,1.0,1680.240013347481;121.21858879907639;973.3523692987021;,1011.4953306487229;86.00082927030361;744.7792833582287;
3,750,False,False,False,1.0,375.3450162831677;68.4848901049896;653.5655342978579;,926.8697799394189;580.5327269054064;1342.357188963485;
3,750,False,False,False,0.6666666666666666,407.6840559284485;379.033468441208;,232.93146954385722;825.6881674768409;
3,750,False,False,False,1.0,133.65644213094544;234.4337958617968;663.0396977020598;,456.62996079743624;126.52386596802606;606.8874368387368;
3,750,False,False,False,0.6666666666666666,539.9214816439552;3097.038435268531;,140.02132245125748;220.23234460532785;
3,750,False,False,False,0.6666666666666666,434.0927798783862;1023.521521963233;,278.5032047626581;598.2465304589524;
3,750,False,False,False,0.6666666666666666,800.4477238854073;733.5710242431811;,559.4707639428941;845.7657205182207;
3,750,False,False,False,0.6666666666666666,126.43432959301383;1670.028337472669;,438.53867501881695;728.3053640011759;
3,750,False,False,False,0.6666666666666666,308.2176630137287;2044.797922081152;,281.17606278578586;657.2555902191555;
3,750,False,False,False,0.6666666666666666,1001.8331306181763;1569.9732158368035;,699.5925925471719;296.6103520654166;
3,750,False,False,False,1.0,843.4228433781412;2648.185528838713;964.2260187544634;,1159.2360197875532;488.61517205601734;293.7951209309285;
3,750,False,False,False,0.6666666666666666,551.9239809490003;1118.5085015907882;,1061.7913779634832;458.05127473334073;
3,750,False,False,False,0.6666666666666666,853.8745818261331;237.58521233892185;,544.7491514156628;725.4668766609146;
4,750,False,False,False,0.75,515.0406145595812;570.9426865844543;118.1392109437166;,457.4512801069265;858.0310445326714;831.3532736483721;
4,750,False,False,False,0.5,1151.4836206534976;346.57748222798534;,455.6144495608302;261.41855428138933;
4,750,False,False,False,0.5,1868.1638598753925;1945.9599884287497;,600.2546368410729;1127.7083250823318;
4,750,False,False,False,0.5,235.29559229300887;848.9662997461775;,283.3793750253582;385.7110918411164;
4,750,False,False,False,0.5,3052.304499366335;453.5925844559367;,907.2376340609534;170.98835092616955;
4,750,False,False,False,0.75,1229.2706954503162;681.7686454591493;933.3927059010699;,863.5389860233714;274.1230770580982;499.76064161802935;
4,750,False,False,False,0.5,259.1751105854606;646.029246592076;,623.5995756543244;742.0440317908881;
4,750,False,False,False,0.5,646.666870317044;1511.1449570947807;,568.9408163822902;398.03617501655935;
4,750,False,False,False,0.75,910.0626095404955;431.7215794516961;328.38811994647335;,1149.750740666659;276.1078513596083;571.0241514352824;
4,750,False,False,False,0.5,1272.4199040174508;774.1300422807446;,980.3723606796316;448.5490587004724;
4,750,False,False,False,0.75,290.31140038812856;976.5160804438822;448.64225641954545;,302.983268179429;195.91818501346268;477.25395487247437;
4,750,False,False,False,0.75,588.325038633226;917.6677789491023;545.4128855554694;,579.844499064338;608.7401586291768;546.9949710300107;
4,750,False,False,False,0.75,303.7655166377435;208.85893044692742;202.3301633335991;,619.2322367389224;383.24765545546194;62.86933235010884;
4,750,False,False,False,0.75,198.147841942236;287.72924510765864;269.2284652178933;,678.1724405241445;744.1360147546897;217.80692548270167;
4,750,False,False,False,0.75,168.32449725625045;1172.1030654788744;865.5596735808986;,172.11354206495534;649.540067536341;1151.3240340019163;
4,750,False,False,False,0.5,643.8159978214047;2276.9413390796935;,349.090166157844;118.13310533092805;
4,750,False,False,False,0.75,1382.4240167410503;1105.3120224199556;2762.9862463140685;,1139.7497278345681;154.28677398643708;214.98160450578112;
4,750,False,False,False,0.5,165.8139026835502;489.66169630116724;,315.47982431667947;698.8068650910658;
4,750,False,False,False,0.75,385.41314979243475;303.6301253191346;4428.31905781067;,699.5422735250422;481.7959745243212;2078.154820384396;
4,750,False,False,False,0.5,761.1140230267034;2111.931449400235;,346.04505922244726;336.2030542769928;
4,750,False,False,False,0.5,316.60613812334253;3067.2297214801793;,553.1434393097041;347.47608790664736;
4,750,False,False,False,0.75,62.48563142808492;333.3844369951295;899.3967006589496;,335.7038065438172;937.3371374950815;882.6054654292325;
4,750,False,False,False,0.5,2749.75239349686;862.5658130892074;,793.8919963944787;268.3819797319749;
4,750,False,False,False,0.75,288.5768889392345;590.1258569665911;644.6807348463241;,259.8166235044076;1256.517479965914;278.49007370364984;
4,750,False,False,False,0.5,250.26967493035946;5946.100018079098;,171.94508778231872;553.4858994502789;
4,750,False,False,False,0.5,3927.686764138542;678.3299954871874;,526.1971547810859;430.34459930077713;
4,750,False,False,False,0.75,512.7911665983174;1025.177272635116;3162.716417592756;,902.5058868111364;960.6621430261496;743.0784073062206;
4,750,False,False,False,0.75,1101.3043794364805;485.58430525102966;1701.3656879590667;,1544.452022330276;328.37992618097286;736.238826740991;
4,750,False,False,False,0.5,812.6193977389532;935.5270020561466;,491.99832600082107;1017.3732033954377;
4,750,False,False,False,0.75,1030.4210090875124;727.6427687582092;813.4170664165517;,339.0564471298281;461.88127346236183;785.9360974351281;
4,750,False,False,False,0.5,1509.4871415811274;684.9150558067906;,471.89336096477984;702.0099977087556;
4,750,False,False,False,0.5,640.5893998540178;253.7148632884232;,1464.0748493553253;692.110356829898;
4,750,False,False,False,0.5,334.22788959594175;728.53009043575;,240.084789332096;786.8034632175664;
4,750,False,False,False,0.5,550.2104218233627;764.615508276473;,514.2228146694398;739.6378584344881;
4,750,False,False,False,0.75,627.0868562692989;187.6349095736882;680.7849212763005;,420.29830699776335;223.79381838955425;1201.1094669187187;
4,750,False,False,False,0.75,524.5980086250213;893.5506911155002;682.2551413706365;,419.10113222166996;681.546777260157;819.246157095518;
4,750,False,False,False,0.75,193.95837105294584;1465.3419021942725;1898.0950504334842;,554.2359752339662;317.2772112419185;620.8979748802599;
4,750,False,False,False,0.75,99.27326198624091;298.40551125504624;1970.889133142667;,118.60433081321152;800.2290535625413;814.4489048952042;
4,750,False,False,False,0.75,482.7408883350319;646.654081550057;921.0162632886706;,527.6130435081357;890.4396213510022;722.4378490868061;
4,750,False,False,False,0.5,614.9190823623688;1061.6066847840946;,1274.4784164437062;304.97820102271294;
4,750,False,False,False,0.5,291.6854185709443;1019.1600768033506;,275.85290650368836;190.54659986796796;
4,750,False,False,False,0.5,147.77744414533552;3623.6320288877;,166.17425376396196;727.3286794425519;
4,750,False,False,False,0.75,812.9735507160792;1447.741540651203;230.78685012013776;,482.3049822663436;1049.6907711206509;455.6635621130942;
4,750,False,False,False,0.75,490.0207665718623;50.93868591280993;3197.5082700465387;,511.4964172032446;602.9129223807187;980.8912609819182;
4,750,False,False,False,0.5,166.6760916790197;841.9297225283356;,566.2991377829115;801.9283309348339;
4,750,False,False,False,0.5,38.928961857981434;324.9780471848874;,376.8469471588852;701.6633343228625;
4,750,False,False,False,0.5,796.3447732436402;599.3056231793952;,687.0180832059682;136.82081037824005;
4,750,False,False,False,0.75,482.94748062172533;1256.9272992533033;787.3566184510155;,561.7122864629579;1036.9017453297038;415.64400070965337;
4,750,False,False,False,0.5,318.0691043524495;1115.2498585139197;,572.1804371387424;1197.909808673774;
4,750,False,False,False,0.75,609.9137223682684;694.9424056154397;1889.0272655836814;,732.8924426137773;970.0201691216648;964.6228923903045;
4,750,False,False,False,0.75,1401.1286652215917;289.3797203957526;90.14685719233886;,281.938997283381;605.465671725505;384.2750556195801;
4,750,False,False,False,0.5,2362.470300561804;986.9597134938517;,398.462301568266;615.4839005878814;
4,750,False,False,False,0.75,474.3603216817208;193.4120363469719;3094.878272247505;,476.25113576971165;323.52392782431554;238.7234397071502;
4,750,False,False,False,0.5,1341.2635921023116;321.5106010968407;,677.7564612537908;178.26283313391284;
4,750,False,False,False,0.5,847.8809785186761;899.4681914450059;,830.5565471407346;122.4666091832676;
4,750,False,False,False,0.5,483.755006116635;5618.899795842441;,386.63231934100315;405.5076851639897;
4,750,False,False,False,0.5,2945.6598994467163;518.5136942333713;,863.6850724636897;182.547753579801;
4,750,False,False,False,0.75,833.4497702746985;654.9039793533809;695.6808199332347;,1074.845054382454;458.024858987625;1274.6763648347803;
4,750,False,False,False,0.5,2581.58565266886;615.3182122324688;,546.6296122895044;674.4205999996758;
4,750,False,False,False,0.5,139.55985227581067;446.896622448502;,745.9759808870465;676.2575747970851;
4,750,False,False,False,0.5,665.3869701526594;87.28406238568742;,483.60986220644025;654.4614839373351;
4,750,False,False,False,0.5,716.6803579246857;2363.9902871336344;,539.8013990113217;788.3447983123369;
4,750,False,False,False,0.75,986.410900838424;536.9365888059209;358.9593838922727;,734.6294797187428;561.4909771052688;371.43312682304924;
4,750,False,False,False,0.5,594.6825423057159;498.32013752842545;,226.74882590622335;502.23889157435207;
4,750,False,False,False,0.5,413.12571324569467;1337.6918415000393;,494.00778087169016;240.25140555007897;
4,750,False,False,False,0.5,657.8572740891694;1679.9207239067246;,655.7885291256866;444.9099128744941;
4,750,False,False,False,0.5,1218.0728115478762;1914.4502477638432;,852.0690296181324;265.66920855431175;
4,750,False,False,False,0.5,550.1616419320827;368.56098271332;,254.63504510153723;196.7513442719433;
4,750,False,False,False,0.5,81.46164776070654;1406.82684862611;,381.1551935617629;787.9785284686437;
4,750,False,False,False,0.75,842.2150765727148;988.3616980875478;863.5963640358053;,1276.345040732151;427.2066406758385;375.269781290451;
4,750,False,False,False,0.5,1230.3935734353827;372.7657456353433;,706.8379165275519;290.9321971057737;
4,750,False,False,False,0.75,233.622086621362;361.85222535448213;1635.7417851230264;,494.8527001359222;577.8490693303022;636.299283015271;
4,750,False,False,False,0.75,499.8273410373116;826.2914056313056;326.89641561402846;,853.3844929894178;1220.198791583005;603.9722258464141;
4,750,False,False,False,0.5,322.3473106237572;4345.418704142257;,586.8759095668408;726.8385692531845;
4,750,False,False,False,0.75,1011.2057511960436;181.05807794757004;104.76196379541177;,606.6143394040349;371.8859558873954;184.1834448320291;
4,750,False,False,False,0.75,521.9010792933337;299.43304929337376;101.4657097860344;,813.0403695449871;644.0163705879278;36.12999588942714;
4,750,False,False,False,0.75,391.66240067694343;498.4716793896708;2270.8278779566617;,424.9997857495154;821.3727977943331;983.5783438910119;
4,750,False,False,False,0.5,1387.0220043809602;90.57067192358232;,527.989210580768;144.7964413571061;
4,750,False,False,False,0.75,386.7829407585604;378.5054993052405;306.59908659291597;,826.8140055158;1020.0268575950073;212.72318235520305;
4,750,False,False,False,0.75,619.8388194017664;864.0147040037366;601.3516336562585;,513.7038346273765;500.2884623642751;1200.8535443693731;
4,750,False,False,False,0.5,1181.4084684479376;1535.757521547035;,683.8490277430668;437.6797132533272;
4,750,False,False,False,0.5,599.392274386346;4861.427623712745;,510.9639314174213;901.4904582641428;
4,750,False,False,False,0.5,293.8453463981398;452.1888630593672;,460.8370146465812;593.352425806723;
4,750,False,False,False,0.75,649.4363890996916;2101.7962796103166;848.3886221254772;,272.5383321500973;397.56535194473076;945.3301513504601;
4,750,False,False,False,0.75,1652.2981194977758;554.0713613914975;130.23028399204335;,678.1671251972131;600.9530608098648;129.39913659159373;
4,750,False,False,False,0.5,1368.2086620440725;630.9998423118244;,1040.5103091249036;127.48113623454087;
4,750,False,False,False,0.5,378.6426237117948;102.67943847356626;,413.9742495463024;374.2192131549695;
4,750,False,False,False,0.5,523.4088004629157;448.08679064894886;,340.5798013701394;804.6444674407801;
4,750,False,False,False,0.75,1423.4586433049315;525.3380225410981;1134.3474289985968;,830.5749975938583;947.6950471063334;461.3160358557099;
4,750,False,False,False,0.5,318.8654912172774;501.94581010290284;,320.70053093175704;645.122044224975;
4,750,False,False,False,0.5,624.586441477772;321.7898114542048;,490.7014327032617;258.1323164972504;
4,750,False,False,False,0.5,504.0165795495825;1284.92888044286;,506.8833811964851;1303.5771550207028;
4,750,False,False,False,0.75,716.8946697843085;305.61354086728124;1779.3659791280015;,887.3667967337515;262.34356011027074;661.9831218993877;
4,750,False,False,False,0.5,924.0567350363383;329.703540100309;,642.3219089196936;66.46374011681658;
4,750,False,False,False,0.75,782.0968212816041;2911.119428382346;453.7939448448244;,1253.911260812305;622.196821378563;904.0312494052148;
4,750,False,False,False,0.75,499.79616967142306;488.4601294738095;577.0843389565025;,438.4959988376612;348.0923921006718;703.8558980430207;
4,750,False,False,False,0.5,502.1446182174373;606.3103654316034;,281.18209944487137;665.2321905550078;
4,750,False,False,False,0.75,1230.1541865808708;946.7215242562675;2812.7377566549712;,1063.3489633069985;786.6980163170202;408.51931860714694;
4,750,False,False,False,0.5,809.1006682394778;332.51851386876746;,193.89302030148428;718.9600820262222;
4,750,False,False,False,0.75,671.9810734937976;1040.924289562359;997.6819913036694;,1010.3568144862282;550.5983194236609;800.3024116489925;
4,750,False,False,False,0.5,1074.5222823282297;1066.3133793225045;,761.5192416729072;600.589927776724;
4,750,False,False,False,0.5,567.7351157886543;1308.9842229222593;,205.41412200884614;714.9525776702002;
4,750,False,False,False,0.75,754.3902260663276;321.70810410128837;259.9838512392356;,670.1699489800704;323.690431556798;75.5046103706864;
4,750,False,False,False,0.75,604.9953965235518;344.7175121256343;972.4859085298422;,330.1752239613201;829.1233295888017;1492.0531283771063;
4,750,False,False,False,0.75,886.7603719485658;185.67115538411494;145.62823530063216;,547.3016883258781;489.51504113273234;568.4970203377164;
4,750,False,False,False,0.5,565.4013631463472;3164.6450352709107;,585.3105901339597;863.4994555255108;
4,750,False,False,False,0.25,731.7013436494477;,318.2254850278491;
4,750,False,False,False,0.5,2041.867650094406;438.37976448670327;,348.2218638763897;533.5061369023807;
4,750,False,False,False,0.5,225.63080229497515;2031.5601271267033;,517.3993869452847;907.8481608676718;
4,750,False,False,False,0.5,1108.4761977511662;2823.4227679250976;,720.9681971913981;448.3043155341741;
4,750,False,False,False,0.75,294.45718755971916;451.2205970346679;1434.8361592202748;,189.37045070107337;522.7373817496004;329.87052029433744;
4,750,False,False,False,0.5,536.6183636386414;1584.8139788010876;,481.3773959668322;179.40516848426705;
4,750,False,False,False,0.75,3161.681540345357;578.870923388631;359.02163264896865;,246.62006612859136;375.7309116613877;526.6723323407065;
4,750,False,False,False,0.5,168.24158465753035;97.94011116056453;,544.5948442163308;189.75785202118323;
4,750,False,False,False,0.5,665.1067452267454;2032.3025932950848;,131.73900906004093;816.6861920930517;
4,750,False,False,False,0.5,560.0089608521555;1491.1644472462256;,227.77539686910578;558.6982218290942;
4,750,False,False,False,0.75,190.20322652477037;244.32944608478766;3960.005731025247;,230.72631252240095;466.8526839963182;877.5112080286382;
4,750,False,False,False,0.5,1253.1752486893229;537.691345338193;,1108.4137521244313;194.04663579611534;
4,750,False,False,False,0.5,521.5898728889624;285.901358437977;,828.947751500682;483.1086265467719;
4,750,False,False,False,0.5,1381.1384472302204;198.27574866219032;,1144.8437262790335;431.63357422801823;
4,750,False,False,False,0.75,465.46153722600565;494.3603128343884;445.1545437105139;,525.5414063886233;298.37935998210725;813.6525444937531;
4,750,False,False,False,0.5,1222.717901131696;4008.5158588143345;,617.4972842698319;655.9315554739568;
4,750,False,False,False,0.5,554.7056280343643;334.9021949957222;,410.03756336169084;180.7358144025367;
4,750,False,False,False,0.5,125.96415281372016;258.757044347606;,603.1988837468602;457.6801271076004;
4,750,False,False,False,0.75,954.1916525366731;488.26984420467386;1186.0324290199114;,853.7794077529337;417.8084123211614;578.775290149876;
4,750,False,False,False,0.75,388.1191542441233;810.5869279065275;330.14453842130695;,855.5390008499095;1339.5651735302322;887.5490633958374;
4,750,False,False,False,0.5,1742.4778774676395;1403.2072603584331;,1186.9085501374318;1182.6737616690782;
4,750,False,False,False,0.75,728.8893167551532;531.7337071192823;762.6664697391792;,798.0895629957188;395.3989347074686;610.837931401474;
4,750,False,False,False,0.5,978.673010573259;569.6871487508827;,162.58280353725013;1240.4995907332975;
4,750,False,False,False,0.75,407.77073497946793;351.95500469386207;94.3496288448424;,797.4952568017175;415.8844284434399;383.9788765029713;
4,750,False,False,False,0.5,514.604541153002;460.310449898884;,831.8059432554231;612.741401746838;
4,750,False,False,False,0.75,856.5633868395037;2710.958954919479;2277.883462031461;,720.0914087552312;1021.3196999869621;423.6348416249095;
4,750,False,False,False,0.5,161.73072518144798;475.5823551310428;,212.27360747775734;480.6771071525184;
4,750,False,False,False,0.5,369.0423319306372;269.866433387123;,588.7506959890311;198.77254853981842;
4,750,False,False,False,0.5,380.63195959416765;1002.9700207083943;,529.7941398840038;888.6368298891205;
4,750,False,False,False,0.5,380.99620371268463;2085.157464412037;,199.95120232047486;625.805555058131;
4,750,False,False,False,0.5,1211.7701653673455;911.5085648432695;,266.54407150895287;1045.850974477348;
4,750,False,False,False,0.5,848.8162451294044;388.921966546654;,252.69897279837193;219.0930008667061;
4,750,False,False,False,0.5,405.82082636090723;452.13380442030837;,301.9184004394507;398.33446330055926;
4,750,False,False,False,0.5,273.3189987186941;1160.4782492695313;,382.11573590905874;369.90345581205776;
4,750,False,False,False,0.5,950.1700584055809;2101.229575704096;,960.7016992101452;699.0276246966694;
4,750,False,False,False,0.5,565.2203939889924;804.3879108279684;,525.496749612185;337.039506041757;
4,750,False,False,False,0.5,487.82308858684723;2600.0459729869813;,634.0317884032461;437.93573884422034;
4,750,False,False,False,0.5,265.409706885427;661.5858033393847;,1199.3467384229784;794.7881861362391;
4,750,False,False,False,0.75,481.2128372681462;654.8358598576841;1571.2009797921494;,1000.7320625157905;794.8703417833598;115.08913772347096;
4,750,False,False,False,0.75,1892.6648947473825;229.4540115228364;561.0304951947547;,587.2962396428854;710.1764792903018;570.5172021273345;
4,750,False,False,False,0.5,675.2374774436937;3154.914000114597;,538.1489392655252;366.7560843843924;
4,750,False,False,False,0.5,666.7630095540691;303.3102141022586;,388.12529732333115;365.3498970130902;
4,750,False,False,False,0.5,523.368415129863;217.4311502453404;,580.2975369838906;190.51026575727028;
4,750,False,False,False,0.5,368.0279731769829;874.147621029316;,200.66682590259694;292.4943136909283;
4,750,False,False,False,0.75,354.7188809441407;1051.715871728204;290.5370537728803;,473.2638071482864;395.1491582740868;1029.9749028232031;
4,750,False,False,False,0.5,268.7686383682983;540.0012381318026;,740.8377384667444;664.5727948415121;
4,750,False,False,False,0.5,337.53828074612915;1815.2899127695857;,380.5831258531157;482.0902951293372;
4,750,False,False,False,0.5,520.3225508853784;306.3315884379598;,432.7956358589245;209.50350974337402;
4,750,False,False,False,0.75,288.1111656267124;97.85528483989465;586.2634928838121;,450.3488741475666;1049.4249257459276;227.9916092758245;
4,750,False,False,False,0.5,260.70092021844835;3418.327994597356;,568.0645795224611;1339.281055074863;
4,750,False,False,False,0.75,370.465913544972;573.983575141637;378.8972695146066;,733.4611974280774;721.0320075612931;571.0664200437047;
4,750,False,False,False,0.75,556.2787523793622;379.32958530089326;2057.253934031498;,344.0778609753337;529.6005339808314;389.33948881830463;
4,750,False,False,False,0.75,2071.752564735831;387.77277472874067;432.8206063160452;,267.6687649009463;775.4243318146289;359.67406753960137;
4,750,False,False,False,0.75,2210.9932028381686;321.0081765758995;481.4591155515075;,812.7527592215009;412.39634935761484;273.53944397757533;
4,750,False,False,False,0.5,4249.87115257032;411.5032260220482;,392.0079203166928;641.6746688419125;
4,750,False,False,False,0.75,2171.350058905759;1134.948840863644;3840.837347031127;,1026.637657908697;1464.692246121764;907.6708853830049;
4,750,False,False,False,0.75,580.520726535001;1752.8224579807472;862.486236482353;,890.3743541670533;731.6339357778633;454.12386831801814;
4,750,False,False,False,1.0,384.1571048184551;309.39887658611514;703.0595302724112;401.5927298565407;,549.6468189126822;546.2071705750578;1323.020997180141;761.1227663327938;
4,750,False,False,False,0.5,65.01388417905628;232.83015620972853;,449.4748063622741;641.7866699838934;
4,750,False,False,False,0.5,1078.8879806656564;672.5520032792683;,324.9977902722764;713.5293387089537;
4,750,False,False,False,0.5,644.3673643749219;728.3369849912082;,600.1444713074849;968.4685130501246;
4,750,False,False,False,0.75,1523.557526862082;625.6977907518002;1559.1392704203704;,161.32952110832954;284.86163185895794;760.5078130201197;
4,750,False,False,False,0.5,1176.9477823710297;431.1815069120911;,1006.5016907202477;272.68250434414296;
4,750,False,False,False,0.25,854.3186153178998;,436.8580436592956;
4,750,False,False,False,0.5,592.6899394540665;372.3075504507597;,594.6575488229649;641.4774134926841;
4,750,False,False,False,0.75,476.95433783423863;699.702034513799;3280.408286347828;,395.74203918629627;465.7728976572957;703.769338303995;
4,750,False,False,False,0.5,617.3934653558179;1242.6505280072577;,691.9750920609644;672.3739139248465;
4,750,False,False,False,0.75,526.0723663004775;750.4653886104908;738.1848029690933;,305.7672938579363;556.2182249775727;308.5291863932449;
4,750,False,False,False,0.75,1332.3040109185222;417.43025641152457;1541.0158587337687;,601.3385111230538;369.0379664133975;1326.8165917154054;
4,750,False,False,False,0.75,1324.0621116334487;280.00710803140896;2390.7979939449438;,759.2135461526055;400.95054202412155;215.24719826690242;
4,750,False,False,False,0.5,796.813474311655;605.3130686033072;,829.5444913764945;403.0486319238198;
4,750,False,False,False,0.75,1192.643207146999;654.9718200693275;689.9673986440795;,636.9232292990616;1431.10960175239;806.3781517534388;
4,750,False,False,False,0.5,1183.2307712994523;827.2719093126346;,503.24593151186775;527.7659626426802;
4,750,False,False,False,0.75,276.2480391637822;740.1689462007411;1308.9743156492864;,355.4485812959457;665.310425203104;1541.2233231256978;
4,750,False,False,False,0.5,37.42020530203321;1971.0603216882735;,232.91986329310393;225.70379492825398;
4,750,False,False,False,0.5,1938.5940019869195;909.6843990027478;,1177.8481536565207;839.3771832978358;
4,750,False,False,False,0.5,1241.9849882497076;665.1426790431171;,93.39019146437221;492.72759701197134;
4,750,False,False,False,0.5,609.9583402853133;510.3769125893017;,517.5487926860517;287.01532118529286;
4,750,False,False,False,0.25,562.3177239045449;,383.5519212366654;
4,750,False,False,False,0.75,552.0972219006021;739.0333282962481;121.94685789812824;,594.0150710722576;458.5946471579481;302.0082380417554;
4,750,False,False,False,0.5,58.06442683221063;1386.1793179329704;,118.8317624335833;775.7076842528551;
4,750,False,False,False,0.5,2551.34813284148;896.2254926450908;,875.2059590488648;356.1095974290116;
4,750,False,False,False,0.5,756.65901189832;1153.8831365012704;,377.4704824488546;870.7524475262294;
4,750,False,False,False,0.5,676.4016463814456;254.51461462179273;,1039.7523842695614;1012.9587128262162;
4,750,False,False,False,0.5,1283.3818507471499;366.9227084972965;,529.2238149247386;172.0045151702064;
4,750,False,False,False,0.75,639.1259409963332;368.7273223529382;3004.764018868847;,489.8667096359511;429.4468447704047;671.4044336300242;
4,750,False,False,False,0.75,2711.2005899140454;407.64228906748565;459.3974782196323;,559.008391839286;316.4169959897548;676.7077230512731;
4,750,False,False,False,0.5,257.8052921147118;24.884794782990873;,62.123097702642596;540.1514187110374;
4,750,False,False,False,0.25,580.8405083890011;,266.9090301018447;
4,750,False,False,False,0.75,807.6511046307113;302.56438985611106;1858.699138213067;,602.7960492118117;230.1783768211749;1171.13481885939;
4,750,False,False,False,0.5,2597.895451078306;579.3632319641079;,545.8549668562584;527.5734929682006;
4,750,False,False,False,0.75,681.270717148648;2601.6208198319464;700.2809662504999;,679.8381195353693;213.07320785049086;59.783385721108516;
4,750,False,False,False,0.5,1278.2575977748936;941.9343389065157;,1074.758784302479;441.3234428336155;
4,750,False,False,False,0.5,260.38047933051985;1566.7752210787087;,306.61908411863175;129.34896611939104;
4,750,False,False,False,0.5,373.39739706355454;1696.312327577904;,556.4566338017775;391.1673628757865;
4,750,False,False,False,0.5,561.7048742428742;504.72334237537507;,81.35576192509225;504.36523952924637;
4,750,False,False,False,0.5,352.18708606631486;287.2942130080912;,969.4930529227929;522.9545092578841;
4,750,False,False,False,0.75,286.04786463754016;640.7977575689795;692.4883153956165;,152.08158178102448;680.5611403153225;123.47107494277697;
4,750,False,False,False,0.5,1217.1074079257462;1624.6965004326296;,536.2028633464407;420.20813651429745;
4,750,False,False,False,0.5,732.5514976048662;446.87340964549054;,874.5111524047638;298.0900022922082;
4,750,False,False,False,0.75,750.7476724662789;536.9685926633961;1095.6918811949415;,779.4375348437848;665.878164032327;712.7547752845944;
4,750,False,False,False,0.5,484.73258420502503;831.8091332255722;,588.6500844032265;361.2811468351532;
4,750,False,False,False,0.75,162.9951215422121;1123.9902396519678;632.0751146478723;,346.45360727061893;36.4359550037373;972.3663639424424;
4,750,False,False,False,0.75,1386.9170780058744;863.4930026962413;278.7345590107195;,380.00939720194594;393.1747361477778;273.68081417376743;
4,750,False,False,False,0.5,99.5257198609472;379.4150904672362;,234.7509568312107;628.1583568054705;
4,750,False,False,False,0.75,508.25924353445777;469.91292153201476;932.94776921156;,1054.5327715568499;348.7386552099964;376.7897416307043;
4,750,False,False,False,0.5,115.74316097444245;541.0839002419618;,613.5238428488494;469.17861838614226;
4,750,False,False,False,0.75,819.3962363868399;842.6909760250688;2002.0448786751892;,675.5261542815444;467.36285200109614;829.700664217454;
4,750,False,False,False,0.75,316.65764063693655;1218.2619776100978;2897.2957509215507;,358.52383220255837;511.42571457358355;323.78657391007033;
4,750,False,False,False,0.75,391.4700249195245;958.5493145143863;645.0957856821193;,417.6749042014067;1065.1896005524159;166.6817977590286;
4,750,False,False,False,0.5,733.9118271734644;21.922734717618393;,220.06465666685892;527.0133258003228;
4,750,False,False,False,0.5,466.87275462307554;241.2279218090284;,701.0763671453266;737.8890930041008;
4,750,False,False,False,0.5,1208.6393953480235;316.0270032511757;,91.02442179451151;1154.6929285901772;
4,750,False,False,False,0.5,480.0387199452661;4144.75922902309;,327.3258751272276;1141.1369832708965;
4,750,False,False,False,0.75,471.80212055146905;1173.8915277321005;582.7826551643757;,219.21125627712138;112.64853919944582;1276.7221081772084;
4,750,False,False,False,0.75,804.4033853677132;767.544676641307;886.0375920903527;,259.61228973556615;1058.230621853561;600.1128121110859;
4,750,False,False,False,0.5,450.6215304840838;609.8300324474944;,542.8075862614425;724.0159775219008;
4,750,False,False,False,0.5,1071.2282959950303;410.67728936936993;,669.7654776597161;388.9226925631481;
4,750,False,False,False,0.75,1477.5033389320527;1427.3860211831752;1382.5294949786282;,676.5812346558607;760.8684081658429;505.0458157079297;
4,750,False,False,False,0.5,1242.8283550927508;1103.1713932360765;,738.4615542828616;900.4185847920061;
4,750,False,False,False,0.5,969.7885379974274;505.40069465097486;,229.2552618876795;212.48670819918885;
4,750,False,False,False,0.5,785.1491599306934;2300.0825615709064;,343.03859804880494;700.9862216965408;
4,750,False,False,False,0.5,568.7669867225105;2577.3951862163085;,621.4171813448534;299.0300777469419;
4,750,False,False,False,0.5,523.1193225772915;1528.1804164803405;,341.80068068139434;276.0070078698598;
4,750,False,False,False,0.5,45.19097504913965;1168.2568508451116;,456.30300352846746;383.39473908439516;
4,750,False,False,False,0.5,66.24693794541446;2297.60290081327;,216.4021155805016;337.22009961002215;
4,750,False,False,False,0.5,514.3590300529944;859.0481861657377;,956.7160620256449;750.461143529963;
4,750,False,False,False,0.75,678.1607431365968;643.9328783354272;595.2326079149684;,741.4626462598221;467.4990527402994;293.6780328576739;
4,750,False,False,False,0.5,780.4385306105324;3638.416476289236;,1182.0059211115824;996.162768178974;
4,750,False,False,False,0.75,223.1147153129746;440.00918003890354;749.0618629739538;,616.90570022152;409.0306505081486;124.45738599587128;
4,750,False,False,False,0.5,305.66420740318574;2556.038000294087;,708.6681574958986;589.5366017050558;
4,750,False,False,False,0.5,1161.732804398117;1414.2140018140628;,241.48994114697237;1205.3847211459158;
4,750,False,False,False,0.75,571.5276680153952;611.0521326033139;3223.9983901892856;,481.3056740307465;707.8622496076666;1382.05598090125;
4,750,False,False,False,0.5,447.3135502791455;1274.0767055685487;,347.0762499936403;1044.837030047606;
4,750,False,False,False,0.75,503.36967864233617;444.7824946406424;567.3541404270396;,388.1279228914007;414.5085075510702;325.10296273282216;
4,750,False,False,False,0.5,1325.0889424666325;1233.5343186912964;,176.33048124646848;680.5447814730001;
4,750,False,False,False,0.75,351.59953205764134;722.2272365524096;1012.5407292606228;,650.9069195821016;160.75230119526893;782.1980359017781;
4,750,False,False,False,0.75,2529.3570585575303;534.019888373446;620.5455519895622;,261.68775256979916;968.4680691499321;671.761177883869;
4,750,False,False,False,0.5,631.7329613387562;303.2532676221865;,614.3968426432131;898.4212288009142;
4,750,False,False,False,0.75,436.8403526969435;2270.336659903071;790.8878683288585;,321.6714948575312;504.5140679769801;453.3709148811673;
4,750,False,False,False,0.5,1626.6287456085747;1386.2810721137805;,1510.1608745387498;452.46075973885945;
4,750,False,False,False,0.5,903.1925117564624;722.1688098401808;,254.90164545266515;379.3987452582068;
4,750,False,False,False,0.75,609.4714691988067;863.1549773807253;2425.7033793188525;,1086.9424456665129;967.646351703739;278.99002279927873;
4,750,False,False,False,0.75,386.99759708468713;2191.3929491710796;230.17868489150356;,326.7285446347253;759.478338481801;720.2890177900773;
4,750,False,False,False,0.75,614.2651121978348;169.39244041598806;368.90904077547617;,868.6719935504582;255.42935249502415;385.49129306645676;
4,750,False,False,False,0.75,863.8434698640767;582.9619777470854;3123.5437758988896;,873.1199387903819;986.4735420368162;261.80141127333053;
4,750,False,False,False,0.5,945.2846975869778;2658.3333807281297;,728.7671965187994;440.5643090001107;
4,750,False,False,False,0.5,912.2308068355583;142.56357248258809;,376.4212149342137;79.27306180039074;
4,750,False,False,False,0.5,162.24875939769;427.8158350989253;,753.1759593684432;775.324705759383;
4,750,False,False,False,0.75,656.8580819509893;524.568308023086;2448.299980907194;,977.4004631439806;534.7251069053351;1458.2551242345623;
4,750,False,False,False,0.75,1137.9411979955803;400.31123793714613;596.104348951797;,716.9793388714874;782.4308801255812;965.4235706263748;
4,750,False,False,False,0.5,648.2562270843863;750.8078504216413;,264.9754191406271;775.450126850026;
4,750,False,False,False,0.75,1581.4058470967618;131.51227557440362;533.0628457655334;,129.15485070567357;589.2647417740293;469.4383833240276;
4,750,False,False,False,0.75,325.3473688846179;449.77084024294953;236.99799585280886;,562.5683224291993;602.500905148395;650.710695058656;
4,750,False,False,False,0.5,801.0740669076639;1721.9845525864278;,1050.5707345395422;872.2843924217646;
4,750,False,False,False,0.5,701.9199876297548;786.4209473775301;,886.3416122007291;693.6098698142029;
4,750,False,False,False,0.5,443.07717819149036;338.4618505606929;,175.83075028016611;243.59864518603766;
4,750,False,False,False,0.5,959.8006162278369;69.15129092417253;,1173.8900663756192;348.5644115891442;
4,750,False,False,False,0.5,595.3611730476952;102.10819443533266;,506.80356913429114;895.73971562353;
4,750,False,False,False,0.5,2040.935822133713;251.9750507500763;,719.8303530048252;237.45382710031774;
4,750,False,False,False,0.75,582.6015902861487;515.1828243783714;651.1385063429651;,580.6628598201243;621.694836678082;735.8590671480767;
4,750,False,False,False,0.75,1395.9378134883038;2128.2075281282414;500.3904296224155;,921.7367135791413;320.5568770362053;637.6980737637259;
4,750,False,False,False,0.75,5355.083166794162;416.9664437596525;1181.3839856666993;,1218.1151357382716;457.88647956700856;890.1390550931551;
4,750,False,False,False,0.5,596.7922913983366;779.7813091710152;,1096.60091178714;538.1712755600548;
4,750,False,False,False,0.5,629.5939284151497;1760.8986268217723;,641.8895003340081;394.71277063181026;
4,750,False,False,False,0.5,995.992037349377;2932.384403567473;,827.1982977716347;809.5019117632264;
4,750,False,False,False,0.5,344.25874700480983;264.91338139098366;,165.85696054633416;340.33412738468866;
4,750,False,False,False,0.75,533.8259503175808;123.18220570064278;586.4219369117474;,1134.518156794491;95.26437920415275;1143.9687138672152;
4,750,False,False,False,0.5,120.14296583818049;1929.326181390683;,269.90112093867003;1224.871169410535;
4,750,False,False,False,0.75,286.90493277345473;375.26346620068927;1029.8752436666746;,968.5450538351704;349.5424425989717;546.3508226112704;
4,750,False,False,False,0.75,407.3579629226147;1382.5411562964164;1006.1786182217137;,424.7468356305163;174.1706954184139;1134.8083841872;
4,750,False,False,False,0.75,722.4691106962217;130.23247110944317;656.4682334770355;,515.2056485156115;138.03946096211703;587.0967955473177;
4,750,False,False,False,0.5,594.4246051870189;606.8268923885179;,592.9114779283442;1090.4422490699988;
4,750,False,False,False,0.75,235.90736894122335;428.35333880193673;2132.363402402272;,297.0136555946095;148.99498901282396;339.98744556241024;
4,750,False,False,False,0.75,489.31279112355287;554.7610086299607;1578.624430364664;,408.818499904024;251.12450970168763;404.61844106187027;
4,750,False,False,False,0.5,629.3434503744417;827.0370026441836;,800.7548269842803;389.96932777902714;
4,750,False,False,False,0.5,423.7700522527766;347.2706946048345;,567.5785907095333;690.725400244725;
4,750,False,False,False,0.25,1258.0278360175603;,476.3708673174133;
4,750,False,False,False,0.75,386.7417303107259;356.35818198919753;1855.5809109706988;,313.6178247358409;298.4609902533061;368.5382482687641;
4,750,False,False,False,0.5,3031.704346169156;455.8672575911634;,393.07593383290185;137.74230569162702;
4,750,False,False,False,0.75,612.690265188922;870.931537379957;147.91540950824222;,910.1869715413642;563.5779123181886;428.7832401395144;
4,750,False,False,False,0.75,253.27654656644137;600.4248316301909;427.3549985448672;,217.8374187606338;440.7708463282556;578.7564703315138;
4,750,False,False,False,0.75,938.0664475717498;549.697122657768;701.5859857092179;,384.865257943293;959.7905380948417;531.8944508383331;
4,750,False,False,False,0.5,497.74892332793155;623.1377277339056;,246.05759418286135;491.14116374274204;
4,750,False,False,False,0.5,1050.9915424004907;1194.5670486106023;,266.4445745259276;212.07305158435264;
4,750,False,False,False,0.5,1020.0365335454184;1041.9124643181626;,479.2408735864436;847.5753166921844;
4,750,False,False,False,0.75,1040.6803566523126;529.8112692817616;434.2792111000573;,681.0217463544468;824.2652245724331;445.20423393185246;
4,750,False,False,False,0.5,663.3853522806288;421.50792547957803;,1250.3180382955181;289.08727341824914;
4,750,False,False,False,0.5,395.4872874019404;200.69379508634586;,314.72337410946307;642.986664589521;
4,750,False,False,False,0.75,137.61210279421775;491.9697515081842;740.1048657587173;,695.3169282002596;268.41910601160953;538.5886124883633;
4,750,False,False,False,0.75,188.8832173500377;978.7973777243558;609.1479144370586;,615.0314819387806;74.73885065752624;335.73156311414203;
4,750,False,False,False,0.5,688.815556731944;749.6120436280117;,627.1619772285156;843.7582318876916;
4,750,False,False,False,0.75,911.6103733688387;760.7343791747289;541.0320932810346;,78.33867139663407;535.7495413087358;631.3227587127562;
4,750,False,False,False,0.5,304.69328936126254;866.470844455174;,538.4711324602744;422.9092525289983;
5,750,False,False,False,0.4,1514.0490974602094;269.3000773303018;,1062.0213796535352;277.8912561942456;
5,750,False,False,False,0.4,165.1600104457749;770.34973025246;,169.8527745289342;827.8861352818244;
5,750,False,False,False,0.6,797.8345996847081;494.4038585748715;1457.1594252454393;,449.57894705023426;339.8384147804895;747.2799738128315;
5,750,False,False,False,0.6,1380.0876855069214;846.7271111757536;2585.1722574359646;,1278.7217020855314;317.4443061475788;242.2830960548998;
5,750,False,False,False,0.6,1914.4317022523742;984.2728724718548;428.07023902079266;,371.4674831442797;321.8532766977178;473.74740518602;
5,750,False,False,False,0.6,397.238190110045;363.9320900721299;859.8306441618379;,946.4375319056303;1633.3924767492197;757.5974571654605;
5,750,False,False,False,0.6,1329.165401834377;361.55489078471186;162.54102277574782;,1333.905643629397;261.0853664302297;250.03239856977626;
5,750,False,False,False,0.4,1386.174379311596;916.2016729527188;,169.5667144603642;172.08124142372046;
5,750,False,False,False,0.6,450.9673048743981;910.0329539441783;3268.5909400411756;,1017.5583775377983;878.2808079029562;1011.7583183988739;
5,750,False,False,False,0.4,1477.590973393259;508.2880951522213;,12.138036109376452;341.25275558946174;
5,750,False,False,False,0.6,353.0192411701573;1189.3301568431875;601.6353400246844;,199.8347811671777;599.5435392489693;416.8783525727022;
5,750,False,False,False,0.4,1730.2790429050722;708.8113718573852;,755.9844274645351;1192.1406237832346;
5,750,False,False,False,0.6,107.79847018858163;475.10619381130647;1524.6771061277925;,348.8154524704561;669.5503302427045;811.4625721741512;
5,750,False,False,False,0.8,582.0650274941139;959.6697287236439;290.36928978827825;328.7810538770823;,999.844205927824;408.19375625366;572.2301575918442;271.0426641065873;
5,750,False,False,False,0.6,592.1507788959093;1095.4291826011374;1189.6046049795148;,619.9401501187823;43.20810062580422;135.10815413446153;
5,750,False,False,False,0.6,1225.9821140240335;164.07265885756584;661.2373226259291;,702.5628972244521;820.5476577116079;827.1483241770406;
5,750,False,False,False,0.4,248.6987659276416;1949.5620700791344;,122.59976275252225;623.333567826788;
5,750,False,False,False,0.4,113.92565905143334;388.73474269234623;,333.5250298857837;321.8152341129122;
5,750,False,False,False,0.4,148.8318897388344;1391.2055835544777;,646.3262032975861;651.7433357137618;
5,750,False,False,False,0.8,2720.322237208842;155.22337818121142;1509.304562156927;196.74556803886284;,155.97375888960744;868.9508340113491;774.7847654604407;490.62362423279825;
5,750,False,False,False,0.4,447.5573764629252;602.9734374529927;,856.4175128936971;140.22077636971633;
5,750,False,False,False,0.6,391.1277456486505;847.6792290496762;2826.8081160967663;,203.6124475079548;606.7968575914831;791.1303941937906;
5,750,False,False,False,0.4,1100.4262323744692;1499.4760870521573;,721.0815364495744;998.4448701935712;
5,750,False,False,False,0.8,380.7678494033943;202.66748014756865;2076.243751246066;1507.7845798353894;,481.47347627558156;185.90786055231433;199.7906790988494;1061.4822971471335;
5,750,False,False,False,0.4,1263.3216376644623;930.0416411599099;,538.4162125172094;257.43371904163456;
5,750,False,False,False,0.4,282.07288749024355;621.7498727508287;,543.5976387222072;636.0159480526495;
5,750,False,False,False,0.6,638.3003205265261;939.8252029388093;125.16110214078387;,208.06858097931948;716.7419288009365;528.2119248782382;
5,750,False,False,False,0.6,960.4995183404263;543.7024171654816;1245.0466830812263;,1420.2240139440376;1158.6763422507045;900.3219186899107;
5,750,False,False,False,0.4,338.3300590351224;2524.810889702787;,770.7082512426559;666.6903235006201;
5,750,False,False,False,0.6,607.3094876574852;1273.7354118246249;2434.7996263102364;,711.8313158638739;743.2727481130037;370.463730897395;
5,750,False,False,False,0.4,581.7305252349154;361.50172788452636;,355.0191243238564;338.12984361849385;
5,750,False,False,False,0.4,947.1453174391938;692.4001633318421;,313.03216527092917;1110.271071548653;
5,750,False,False,False,0.4,673.0703793077283;844.7789116484441;,699.8402665777519;238.3384379391026;
5,750,False,False,False,0.6,541.559745084313;263.76597894824215;374.76579395836393;,756.3645305983566;190.6789282233224;298.9834222353916;
5,750,False,False,False,0.4,731.0154029732664;1049.6335248141095;,508.9417678182708;513.9386080972145;
5,750,False,False,False,0.6,634.5755915805864;712.0191931741857;868.6889837394775;,578.7853115376207;518.7609777816053;942.4105142190009;
5,750,False,False,False,0.4,399.4247039538836;636.8893204735109;,649.9413180827261;311.57420455332397;
5,750,False,False,False,0.4,1081.0696025643517;54.54780439552952;,919.9973527079894;1376.008902001159;
5,750,False,False,False,0.4,910.7607061935123;1383.73393849738;,184.96554969300874;78.83547153617492;
5,750,False,False,False,0.6,342.72329037861505;387.68252906596877;3291.792609961287;,343.84835846384027;732.7436301879445;980.0415677378296;
5,750,False,False,False,0.4,509.1153774860073;1614.5628920112717;,513.1769426863139;253.34306946894785;
5,750,False,False,False,0.4,881.0653953743641;819.07400606371;,483.7470761231787;149.6381886893225;
5,750,False,False,False,0.4,4972.258160424642;130.6353308165425;,340.7034156211828;321.15671602420935;
5,750,False,False,False,0.6,935.8941871913635;575.9060879190965;1178.065041781847;,1739.3726439753475;329.7590048975612;452.56623194746317;
5,750,False,False,False,0.4,1687.681130234407;886.9210699873227;,1151.3147853710236;479.77867333111124;
5,750,False,False,False,0.6,1287.511974657753;1448.9812501630977;118.47098069781131;,1399.9525331254404;249.78923715968105;122.27971558858913;
5,750,False,False,False,0.4,84.09664898686792;1835.2468677126838;,155.76626952825453;234.4433280299539;
5,750,False,False,False,0.4,2169.961539677048;432.4207141438292;,1172.2353584007742;763.3495135162143;
5,750,False,False,False,0.4,1542.9759963398913;827.6847045493595;,839.9719131883427;659.7931676677497;
5,750,False,False,False,0.6,533.001237193568;970.9139306338343;709.2894078089712;,1132.1759916216147;564.3923158804548;995.4454693984472;
5,750,False,False,False,0.4,1635.8971337973628;766.5021206204866;,649.576437650905;241.13081622510782;
5,750,False,False,False,0.6,450.6882188060281;332.36484594221923;2690.8238382814334;,921.9487649617282;669.6895253211728;454.1532498947724;
5,750,False,False,False,0.4,682.9448420153801;1391.255974762739;,347.9400003687265;746.7578888259721;
5,750,False,False,False,0.4,2593.500947940417;447.7625016265384;,215.3492063671596;267.94839262773684;
5,750,False,False,False,0.6,303.9933693676732;847.1196487909692;302.7762445079646;,654.0213544691865;1465.6657948609773;490.22583461018627;
5,750,False,False,False,0.6,664.8390928289385;528.2015890034625;1334.3454473569639;,890.2814308023952;565.8884642760725;312.5875148954458;
5,750,False,False,False,0.6,1234.2688442277906;557.439255622015;690.8588028908327;,376.8475366695625;446.97810793723534;648.0251345084014;
5,750,False,False,False,0.6,544.184859307273;535.1051459232847;3053.245008323034;,562.5281807193642;454.9187342558894;1082.686195946533;
5,750,False,False,False,0.4,429.8275098270353;2105.6699570740107;,1146.522025136491;449.3620643628157;
5,750,False,False,False,0.4,129.28701569027254;1491.3111808907538;,520.2357179251532;46.49676893652715;
5,750,False,False,False,0.4,747.1594103306151;713.2190314854412;,507.25687921776523;534.5027374309151;
5,750,False,False,False,0.4,1548.7616522708706;281.3424933727108;,635.3739629002611;311.81566389400757;
5,750,False,False,False,0.6,154.5316008663862;1119.9305362890611;1156.545464616553;,349.2121666694484;798.861354842612;779.3579544401036;
5,750,False,False,False,0.4,67.73151390515507;1300.8325800733974;,283.09745391075785;1294.9047574053154;
5,750,False,False,False,0.6,599.4102579029285;415.815861030773;1021.0483770420608;,178.11835064198365;1151.4926314555871;1141.459781992925;
5,750,False,False,False,0.4,400.8648393467485;623.8533450817353;,284.47783089488263;694.8594722057635;
5,750,False,False,False,0.6,635.2349009872947;686.6412366531857;649.2874382191494;,955.1072085198582;562.2715171034831;164.90190964622855;
5,750,False,False,False,0.4,1413.9400682050448;2162.892654476561;,997.3037895268046;1589.8170822744273;
5,750,False,False,False,0.4,2420.6592372199493;515.9920704877628;,840.7960556687042;389.1187836122794;
5,750,False,False,False,0.4,275.566145746721;3133.451360283482;,619.078809929366;576.4390078034559;
5,750,False,False,False,0.4,160.72088693081653;541.0876783987318;,494.8308997042795;369.3861295961081;
5,750,False,False,False,0.6,420.6876589695038;414.84559779893783;932.4686558985765;,147.2293393204468;607.3907839542999;574.0830508099014;
5,750,False,False,False,0.6,928.1850918285727;956.9968559960633;678.0833925281114;,844.2741641715576;125.07023277434651;385.61441388660086;
5,750,False,False,False,0.4,3395.9724777840684;1347.2418362491426;,405.40864622522247;304.5421768870306;
5,750,False,False,False,0.4,200.41901602151796;2255.7241340704954;,373.8890294546097;1295.497943226459;
5,750,False,False,False,0.6,924.5845746070564;2742.2537646759656;650.4223785774927;,506.305551781397;661.2717258702158;654.4587470676258;
5,750,False,False,False,0.4,375.8945872764686;705.302904603396;,465.4143741148668;1015.9927096917673;
5,750,False,False,False,0.6,463.3925630818369;684.9910857343976;1537.2963557842475;,686.1668540980862;809.6157627386184;1286.2708937270372;
5,750,False,False,False,0.6,888.9635330297717;341.2702911843803;799.7246328179276;,535.5393693207227;171.88905190653497;940.5276545450458;
5,750,False,False,False,0.4,595.9651757073065;494.77777363089297;,177.66917503855393;529.036339954787;
5,750,False,False,False,0.4,1043.3251398349648;506.75745530439355;,525.6178058702267;275.4141583085786;
5,750,False,False,False,0.6,557.5357334552431;1516.8233532522584;2931.082073190714;,1087.119743158783;1261.1607051669528;779.8541806300005;
5,750,False,False,False,0.4,1262.8871700686595;821.0289953565818;,101.03497926400176;568.0885416400117;
5,750,False,False,False,0.6,739.0290357322344;815.7858889399429;649.4285030858942;,652.6096421974912;102.06905869747001;841.8126034484948;
5,750,False,False,False,0.6,1116.5820730869843;637.3684243897153;1810.9055709228596;,1004.417451974534;443.797839225711;553.5067444849101;
5,750,False,False,False,0.8,2568.6034708048655;565.5581607364596;636.8751880763594;4127.692659774659;,1321.1993693822826;928.2623712896685;686.6067321058964;520.6961837779443;
5,750,False,False,False,0.4,848.9321237400997;2785.227905031589;,929.6406531996878;1078.6782672983;
5,750,False,False,False,0.6,824.1984577589274;511.82929631681907;282.2759417944233;,785.8967088454948;682.4271200624842;109.26395027106808;
5,750,False,False,False,0.6,265.9721791114185;533.7385969737426;371.74137667601605;,353.0941126878901;471.0743254920055;641.1439673141604;
5,750,False,False,False,0.6,1270.3278258722376;2712.896371091516;274.80653569790235;,251.13827344020052;405.82983624827676;770.2369943648655;
5,750,False,False,False,0.4,765.7472783801223;1041.407423147019;,696.887075841817;634.771661491036;
5,750,False,False,False,0.4,559.6654566760747;502.5952305836555;,524.5179984949727;361.720271379244;
5,750,False,False,False,0.4,969.9183938038876;511.53507585723827;,807.2524656897758;499.31724090321273;
5,750,False,False,False,0.6,634.507575093688;550.6169575530029;584.5458628316507;,876.674460651014;458.4827489055135;871.7308050824067;
5,750,False,False,False,0.6,369.2759027459169;1027.5810243400217;2095.1685754874447;,118.70237460027418;687.0969872226483;484.91795701761004;
5,750,False,False,False,0.4,597.2653835876786;1059.1357863397363;,249.5712190075959;676.2998940734998;
5,750,False,False,False,0.4,324.18488617567203;1380.5531175023382;,482.57475456066834;742.7511273519239;
5,750,False,False,False,0.4,444.0283277656167;490.94541874289115;,287.6712848947018;211.7094103687074;
5,750,False,False,False,0.4,1397.179457110319;967.3479738509451;,552.2291476205829;425.35201901678664;
5,750,False,False,False,0.6,721.0325706064557;426.29407076246235;1888.3914598578165;,501.88399952773716;419.3355541020439;111.03848400388964;
5,750,False,False,False,0.4,930.3101022574085;1950.2053237367807;,280.5329291840961;1088.5517152909601;
5,750,False,False,False,0.4,641.0714053988337;1030.6979286396843;,546.4239394289153;226.75683140708807;
5,750,False,False,False,0.4,1120.698751943488;866.4815491761542;,844.2102507640094;730.6155870472135;
5,750,False,False,False,0.6,1272.571559887359;263.0495160448884;2462.698446805807;,1087.0819744763585;333.08822438135246;403.3635853060348;
5,750,False,False,False,0.6,2997.111715494585;250.5933334190845;501.9860779522543;,636.3564948021187;353.9322093402609;549.456138035671;
5,750,False,False,False,0.4,440.8491464522684;329.02102217195403;,536.5014701996399;124.70585643119391;
5,750,False,False,False,0.4,639.7070990185076;1104.5718606009273;,279.1497767668838;579.0538924164729;
5,750,False,False,False,0.6,3363.710150332401;1224.447644649961;2086.8291162832033;,686.2717991781005;585.3097718730389;1106.92296959171;
5,750,False,False,False,0.6,425.75124258595883;640.7120962066282;721.1838499871249;,287.82462933783273;306.1258464114847;825.6520932413692;
5,750,False,False,False,0.4,418.9389606019653;1759.9910327360785;,410.3198634165229;190.08977504914836;
5,750,False,False,False,0.4,949.4391395726309;281.89667607407335;,1120.9441929188704;270.0274609662135;
5,750,False,False,False,0.6,617.3545914929509;1082.2569155946771;190.95241471784792;,920.1456480022678;481.6406032280561;200.42706781197526;
5,750,False,False,False,0.4,331.04314798702586;2276.9716499850115;,671.2196871011178;265.2833176561683;
5,750,False,False,False,0.4,1202.1698186434226;756.7278055936218;,58.812380157667384;268.6067445565125;
5,750,False,False,False,0.6,836.7467389386204;1255.596129158699;372.9122244301952;,160.82828069839857;243.99556645047005;421.3797519676402;
5,750,False,False,False,0.4,982.4847432256546;1069.9909105844552;,556.4849146649439;1379.4840473125776;
5,750,False,False,False,0.6,785.2749345002766;293.53893611849844;1086.2749398684225;,373.896242371467;270.8107009353653;531.279802686433;
5,750,False,False,False,0.6,1152.2049733516455;405.4925900799843;436.79253997347547;,1334.612397408248;504.8898217756775;133.77392953160756;
5,750,False,False,False,0.6,582.7115614657503;1331.0288181104554;2446.5894863374297;,51.903326253089915;1224.0924013305957;638.122351621119;
5,750,False,False,False,0.4,1048.0775332607163;365.2699530958535;,1514.082899193814;139.6760911339158;
5,750,False,False,False,0.8,212.52555361822212;357.01709632793836;1291.0499289168172;1144.1578704049568;,812.4412199873267;517.1304097267629;350.07336868489716;1525.3188991016623;
5,750,False,False,False,0.2,633.7327461133709;,821.9323790176667;
5,750,False,False,False,0.6,2837.193034341019;298.68643534686026;663.3366999978737;,470.41825679960834;728.2534923961281;446.91106740748177;
5,750,False,False,False,0.6,1682.348869005582;324.48795048111606;2316.743707712094;,591.9049778029088;395.282357607536;505.0656231329728;
5,750,False,False,False,0.4,1439.0750094518323;5189.481813631307;,810.4617528694813;2027.34288422653;
5,750,False,False,False,0.4,211.94212909053556;2805.381023265251;,190.97068054289008;348.55376177515876;
5,750,False,False,False,0.4,1702.2409936776567;1445.5805972070202;,652.3139086331128;470.53182664897577;
5,750,False,False,False,0.6,587.1502478084601;411.8273622959572;533.703883842044;,419.37407714354094;575.198949957175;598.6506491203048;
5,750,False,False,False,0.4,2764.067064018165;179.74419265471036;,707.3182590148914;411.6647387409887;
5,750,False,False,False,0.4,407.00147620541134;2316.8750917171433;,400.89330466726324;1345.525356918909;
5,750,False,False,False,0.4,822.2381391497056;1408.961852611883;,247.74928368704803;214.2366738078172;
5,750,False,False,False,0.6,1312.642301499562;393.77663225984253;1026.8070921874519;,361.03108888152525;530.1212751269015;1129.6772438424439;
5,750,False,False,False,0.6,785.173211390004;616.1460089442382;938.4647435502262;,341.7833759421436;95.65908617408054;856.5824143996247;
5,750,False,False,False,0.4,564.2687599234921;1279.5388601316242;,428.3752785083057;1649.1270698741398;
5,750,False,False,False,0.6,302.92576889185017;686.0680726498587;1409.853046769843;,1039.4660883547656;656.2744082319102;1557.2967779481874;
5,750,False,False,False,0.4,629.760130707128;252.10574913434527;,409.141077308995;697.9270084700289;
5,750,False,False,False,0.4,290.17548837582586;340.2017482174226;,899.0515768955536;197.40088233367393;
5,750,False,False,False,0.4,687.5773145237293;1670.359926947541;,929.6982882709575;384.76043548466697;
5,750,False,False,False,0.6,361.9820651778057;1890.2985602608424;3357.7020263385148;,975.8460970790634;220.45707328549196;924.3735435909061;
5,750,False,False,False,0.4,758.6906766264117;318.0304441553824;,575.6037684997265;667.5122962375289;
5,750,False,False,False,0.4,211.03720710917855;2211.6927994664334;,818.4193252859723;922.6819995949257;
5,750,False,False,False,0.6,608.4673489094183;1178.6557491604085;1187.538771629693;,383.7433795288523;804.55334583897;820.6063614560687;
5,750,False,False,False,0.4,250.36693574791806;1307.7157597554644;,91.2688428539115;772.2908773089601;
5,750,False,False,False,0.4,369.09625534458246;314.6592137143353;,496.1210631627689;197.2088605030809;
5,750,False,False,False,0.2,747.1896555422952;,320.1826795328424;
5,750,False,False,False,0.4,1214.0988608644425;1165.7757299518785;,178.9842397151332;730.0755060721204;
5,750,False,False,False,0.6,487.6385342844593;260.2525606720728;1111.8916813104818;,589.1249349709132;826.9795613639615;444.42332259038403;
5,750,False,False,False,0.6,815.5247074353018;633.2977574719235;2125.47048725654;,655.7614322912347;381.80069756239845;484.73147197964767;
5,750,False,False,False,0.6,903.6540348561917;693.9980550751296;950.6476621593977;,397.4508680190776;727.0803320947349;279.3017338334794;
5,750,False,False,False,0.6,444.2148895525332;201.71530357482365;1928.2097086629979;,684.059244803478;121.6290343580953;1288.5865563932352;
5,750,False,False,False,0.6,1256.5302043002098;1592.6753306133112;279.1850842883607;,861.2443766267313;357.308384674631;766.0359255274542;
5,750,False,False,False,0.6,661.4396960605136;637.4806182076443;1283.4196426267583;,205.66173116716115;1036.8244236872545;461.3364430080837;
5,750,False,False,False,0.6,425.2666965160061;2594.5211938059165;1010.7653172899071;,547.1169301629899;670.1668459595078;337.7761071856965;
5,750,False,False,False,0.4,937.8125857818478;535.0215775223771;,351.70320770077655;323.18023757831594;
5,750,False,False,False,0.8,692.3735134649991;1834.499838980598;4022.5292597859293;7575.904547338151;,419.6664582047243;782.8285126149253;137.2190957532809;1115.1142191377478;
5,750,False,False,False,0.4,268.3143255370438;116.61678995040384;,540.1385543002152;263.4204435667283;
5,750,False,False,False,0.6,446.7743258561539;469.38850410160404;2992.715008334259;,765.2426644221352;628.9513956526858;132.34687722068847;
5,750,False,False,False,0.6,506.2070620293853;304.7240904504331;754.0421047088786;,389.6740827953678;1112.129515422646;1120.0654753891151;
5,750,False,False,False,0.4,611.2719605874993;561.888216554131;,250.08789756104278;1922.664510365815;
5,750,False,False,False,0.6,624.3723285296759;652.8325391501876;1055.2768005667563;,454.82989027657345;427.94164903524;521.5843746627476;
5,750,False,False,False,0.4,113.56663508995649;640.0535592106218;,279.9329066470962;736.6110093033617;
5,750,False,False,False,0.6,418.026865700631;837.6858078909924;409.4368007226209;,434.98335405503957;442.37630017401;351.129633651346;
5,750,False,False,False,0.6,409.96227802566875;4194.825283529966;203.6901100856431;,319.3513528281117;868.10193125034;160.00539143684148;
5,750,False,False,False,0.6,178.37908744528747;485.73388871474697;998.0104131527885;,356.503893378988;1235.4731550972924;643.5231108911117;
5,750,False,False,False,0.6,473.6567987044526;301.14883875042034;584.5791748462868;,789.48657164322;248.0270804764657;611.9221954079794;
5,750,False,False,False,0.6,298.03316253415574;345.20162120847357;1430.8173609651778;,285.9774664963077;394.6027753902677;425.25151760184116;
5,750,False,False,False,0.6,2043.1339457744446;1780.7541301420633;2150.0155996263034;,652.4847415235791;306.1472345665997;480.81449515168856;
5,750,False,False,False,0.6,1514.6348027562153;242.66173669476765;75.655927603328;,619.1928549001962;284.735239858756;648.2422167572321;
5,750,False,False,False,0.6,206.2777539122654;1590.2719792667467;1274.8891345641093;,845.0188090780316;458.54404911007646;899.2274139799205;
5,750,False,False,False,0.6,605.6892666852393;1668.4712770211443;358.7928203975178;,691.6490894383772;154.2590647360705;200.3232386817319;
5,750,False,False,False,0.4,717.0715465128357;1033.423250012736;,537.6901189990422;708.1414646270964;
5,750,False,False,False,0.6,743.1069218558027;360.1623446880117;800.7144985900513;,455.5062411645755;867.3355655336825;1153.4141254567926;
5,750,False,False,False,0.6,722.9943907102544;676.5848892804012;2109.4320337240706;,370.841884399058;667.4472041058146;237.31515699876238;
5,750,False,False,False,0.8,252.61414527714658;545.8785510355037;526.8905896629717;408.3585578300434;,456.7577239338179;760.7558010472809;241.31307170187438;665.8238273793235;
5,750,False,False,False,0.6,1484.6298288660726;1572.7162387890817;1510.3371836932006;,503.524977454905;676.8488107680181;814.8384197003388;
5,750,False,False,False,0.4,2607.2569620648765;1364.9171217713406;,809.6738401879776;475.6063340537659;
5,750,False,False,False,0.4,565.5128634502103;3611.377155040211;,700.8357193285298;318.07271129726155;
5,750,False,False,False,0.4,489.2841265699462;3131.0169305259665;,140.48495996523096;313.5264781788897;
5,750,False,False,False,0.6,4758.596151618645;176.86340707729684;515.8963732037008;,801.4453951841641;887.0456438574307;251.7118670245187;
5,750,False,False,False,0.4,443.8773897990419;671.1987387639942;,466.29949321296573;477.4893934244111;
5,750,False,False,False,0.6,367.23917380955277;575.0282029954559;549.9642260499261;,583.7478367497795;603.096747636218;194.81389069378687;
5,750,False,False,False,0.4,679.5756865697654;2582.011945319976;,93.29303450034281;217.13755924764652;
5,750,False,False,False,0.4,346.4863487962351;346.3482797574175;,135.8053089581291;278.81798487490437;
5,750,False,False,False,0.4,309.06956514422154;799.355908027746;,909.3426985275341;925.9152759707905;
5,750,False,False,False,0.4,289.2039849902112;486.3793506447605;,225.57843283349797;728.5526471126744;
5,750,False,False,False,0.6,1018.1406693260969;1232.3795683382107;474.54515323183244;,1006.9970948234069;568.1413674783554;649.2784606350976;
5,750,False,False,False,0.6,503.1109459953307;1851.3849084874325;266.6364906227089;,701.5319446846403;183.33244662405394;406.6608265837179;
5,750,False,False,False,0.4,294.88659369636656;681.5320624216165;,248.04789226245794;683.4499156316932;
5,750,False,False,False,0.6,567.6911746559047;246.40821106990416;346.4537899845556;,311.0548354592825;191.43336961386606;653.869573797446;
5,750,False,False,False,0.6,1178.254486131869;1934.6951333120453;2708.058413905436;,725.2421546506025;394.26281714075975;397.4519318948118;
5,750,False,False,False,0.6,707.804890504402;286.343940276466;463.3503220891679;,252.0787698064039;467.9033814949071;737.4050199742433;
5,750,False,False,False,0.4,1460.3770745287193;518.9163278086512;,193.84848162869153;362.0752811130783;
5,750,False,False,False,0.6,478.9420987329999;563.4694429703436;1291.8916147194366;,445.2697459065766;561.3553477904554;409.5978657819014;
5,750,False,False,False,0.8,606.6443368373136;1225.0541949104563;120.93828663633052;2054.6067670929997;,525.7903727505438;48.63964904581279;168.94479694631275;614.933422707817;
5,750,False,False,False,0.6,560.8425110712599;470.60965930777047;618.2079862498266;,392.6080330499558;230.62979784277792;251.18856294286752;
5,750,False,False,False,0.6,1284.7792557349112;1072.237366753581;43.803843092886595;,584.2503994898433;142.00364767811493;428.673681518985;
5,750,False,False,False,0.4,1366.1858457810017;3102.286757513815;,676.1299766257617;1057.8900966456765;
5,750,False,False,False,0.4,620.0425798754403;955.0487349740087;,673.4394557062376;116.44852334864196;
5,750,False,False,False,0.4,2422.989368712116;2138.2496302784402;,173.15011429649337;244.9275926922932;
5,750,False,False,False,0.6,1171.5844056020844;817.7559291367385;1396.0605059104894;,725.6103434562754;1015.7750565988002;288.8427536200101;
5,750,False,False,False,0.6,436.5651166477862;1806.8604349092518;149.18499998384075;,123.99833494888937;271.34667334319;544.1278033427407;
5,750,False,False,False,0.6,614.9735363334823;1218.4020171718455;332.9407152058873;,115.38844514143402;714.316690846459;556.5894376251636;
5,750,False,False,False,0.4,843.1691092856681;4175.8971420793305;,507.1161931467536;427.1355628012716;
5,750,False,False,False,0.6,273.6449163201825;1674.9358797298887;503.3641757192154;,784.5851532383348;253.66809411558503;405.5421202639326;
5,750,False,False,False,0.4,278.2494282120319;2839.8820095221213;,362.7871084824736;444.7545242034969;
5,750,False,False,False,0.6,976.7202739024348;1301.3412089780995;1914.634944502048;,1192.800963601758;225.6325668060864;562.2376678928819;
5,750,False,False,False,0.4,1130.3019616816769;1560.7616105595364;,681.8542772060832;224.61812119903678;
5,750,False,False,False,0.6,1210.9960285105967;784.1369939268958;1101.1491210408328;,537.4301201602801;1230.8576118562469;477.4033017304551;
5,750,False,False,False,0.6,91.48760383274261;478.8158543894071;1314.5459637998724;,912.7681198706824;290.5594547007593;341.5183963004911;
5,750,False,False,False,0.6,506.52780591511805;1143.2625282555202;988.6973447286351;,548.8186187355809;238.43462263941834;346.11454564450406;
5,750,False,False,False,0.6,393.9956985415861;483.29992688860744;1768.5975117177345;,820.397157284987;155.16119078622796;680.4057104987248;
5,750,False,False,False,0.6,642.6292578562155;605.3482287411568;241.0661146741891;,346.1718759120401;807.4935783095457;465.58018327183277;
5,750,False,False,False,0.6,1289.7579054940472;1013.7598981681173;981.4997204515665;,380.54586314889787;900.2668730999011;489.86148112304335;
5,750,False,False,False,0.6,332.52286916357247;237.16124654733483;825.4895745386576;,607.7003974006087;93.32223048650687;634.8633881148405;
5,750,False,False,False,0.4,431.28475549825674;277.8601912887994;,780.3309552055609;183.09188709962075;
5,750,False,False,False,0.6,358.98330092321373;134.10992146579528;477.9288454003227;,685.8375050968555;136.33890225671945;1431.95107662391;
5,750,False,False,False,0.6,2144.180147552399;313.07934638499484;892.8436665919683;,128.70337914132034;415.8396489475077;529.0490492233894;
5,750,False,False,False,0.4,1031.9238916193574;132.10422862671098;,494.42389015786495;1185.1559201163045;
5,750,False,False,False,0.6,484.74043045030294;359.2132133178503;1992.7767791945794;,885.252603372448;492.25112906882026;449.7953427232609;
5,750,False,False,False,0.4,724.9915896712354;456.18721249520786;,866.8867446480328;281.2777056894115;
5,750,False,False,False,0.6,1611.4293312084606;708.7300917019624;848.2336359767461;,351.21131635208525;48.57453318037385;515.9266120025494;
5,750,False,False,False,0.6,716.3522951523299;304.4902710134209;1445.167424569375;,740.9616743638495;222.62087980957546;1026.0828997883336;
5,750,False,False,False,0.4,485.29059467017754;4024.7620020863724;,854.9276875546994;1761.8430609468828;
5,750,False,False,False,0.6,1024.9974058658026;399.1608525976564;3440.344091426107;,505.1034855512974;557.7397014648357;394.94893922834575;
5,750,False,False,False,0.6,781.0452453593444;134.1801535592315;3724.0851007519686;,303.03864359120126;138.36284153028697;714.5476619111117;
5,750,False,False,False,0.6,119.56639057933113;463.1146397332476;2561.6895517184603;,754.4919165093298;470.0129993039427;271.74051494433735;
5,750,False,False,False,0.6,477.80791344335603;948.5418287902102;56.36517140833978;,828.9927005239215;352.26608245824787;668.4460695623006;
5,750,False,False,False,0.6,172.34452649343808;385.2823339874171;1724.3032732761712;,423.45260529801845;483.0212476366031;364.1390556084313;
5,750,False,False,False,0.4,636.4863226499981;447.0137037347889;,301.62549124065595;924.3497984341649;
5,750,False,False,False,0.6,659.8256858772922;1082.6147852340985;141.9028536942264;,400.63575879243075;275.00521361258734;423.07934717282353;
5,750,False,False,False,0.4,411.64977796643154;63.623665168185376;,554.2335673635486;101.53656696821754;
5,750,False,False,False,0.6,1279.9066220672328;329.49164790705794;370.25927876882287;,1247.6793798152728;938.3059128297368;576.0389695791066;
5,750,False,False,False,0.4,1069.426548382108;548.4744225745126;,1303.1875659364828;1008.5020379984886;
5,750,False,False,False,0.4,392.88834528166655;875.8074728753912;,966.5992991542395;701.6746923399122;
5,750,False,False,False,0.4,2891.5103773038386;478.28295053806556;,354.0397690461348;276.1419273677454;
5,750,False,False,False,0.6,626.8663574450784;376.1163572184763;1406.1954026930605;,559.6585474551811;237.96512918577113;638.241947214685;
5,750,False,False,False,0.4,1164.6601650855828;2872.9087320148574;,1375.039399009286;504.6016563682078;
5,750,False,False,False,0.6,388.01867828386656;365.81486553695794;1618.1838214666816;,617.5630612661613;548.2497706028943;618.5579495837707;
5,750,False,False,False,0.4,388.81831539351094;260.5867841853247;,57.076306861655;606.232955047305;
5,750,False,False,False,0.4,613.1984955700038;382.7754382825545;,211.56716163229248;47.27780063792241;
5,750,False,False,False,0.4,746.6914675364204;293.26902429435745;,196.04657927036155;1013.3602983069744;
5,750,False,False,False,0.6,354.86035985804665;327.64150711499656;926.8549434453226;,642.064267553968;925.472982751559;948.5659839370464;
5,750,False,False,False,0.4,768.2982747147713;455.6901212733649;,505.74365631714954;1138.3199254284307;
5,750,False,False,False,0.4,263.51701527321086;396.8572852053201;,736.1319996720089;404.08366748228735;
5,750,False,False,False,0.4,1253.6907709563764;697.584981976745;,1105.936881564524;1235.6670125243975;
5,750,False,False,False,0.6,860.5209202267047;654.9202785451752;528.302232432493;,1311.2239624706783;304.25644368015696;851.3068905196828;
5,750,False,False,False,0.4,2204.1449102934043;508.12842664434277;,699.035918241239;308.8105117220696;
5,750,False,False,False,0.6,609.1889325536672;1330.7181441890164;547.0039848856111;,242.9120361448716;701.7772403821289;515.8453802143683;
5,750,False,False,False,0.4,697.3455730710416;89.838023202798;,405.32234329011226;453.13599413871606;
5,750,False,False,False,0.6,3185.572309449451;1594.9132976622464;330.55035649968903;,896.8268658359456;653.104214132921;277.686168341558;
5,750,False,False,False,0.4,2466.517224434631;261.0899786117847;,453.172112512591;571.2732531271423;
5,750,False,False,False,0.6,948.3191767274227;1437.706293154421;491.41536720331726;,184.44889719556411;389.8999830860466;615.7466964929414;
5,750,False,False,False,0.4,452.37321713269995;2259.9249104600462;,913.8934493977691;1419.1371377535365;
5,750,False,False,False,0.6,543.5709730924483;681.789750203363;621.7720977454204;,620.0419625900134;760.4323542853144;1031.332375046252;
5,750,False,False,False,0.6,2647.91427771182;36.67058260296506;469.4920387824056;,1159.3502962090183;239.0394573883701;351.90033736582694;
5,750,False,False,False,0.4,789.1548267598497;3159.848315435394;,741.7926947049235;600.9520366711038;
5,750,False,False,False,0.4,1008.5262595780997;1588.1063184667426;,717.5822869370197;522.539639232731;
5,750,False,False,False,0.6,689.7118570389943;651.1550179231255;515.7929642982509;,247.86042441539377;473.95382352399963;187.65243750759595;
5,750,False,False,False,0.8,431.62377768494065;656.2380029964344;695.823723814551;392.30674754636107;,633.9209847569916;994.2849207163654;627.7831884034549;580.8690925415912;
5,750,False,False,False,0.6,73.37441472110692;504.9826806347806;359.67329612684284;,574.1680469228489;512.545523482297;558.9259185343991;
5,750,False,False,False,0.6,435.4041999631073;599.6061365844208;1850.744130964843;,408.7519981582028;620.9672262165989;917.055695738763;
5,750,False,False,False,0.6,1048.1634159771636;1348.9686857068489;2870.675442078891;,195.02773257987667;148.7721109374165;467.19256394753324;
5,750,False,False,False,0.4,611.2869024871167;909.5573423345106;,1082.1709309743887;273.48146129653946;
5,750,False,False,False,0.4,1583.2878734547903;796.4664130499144;,391.51859511143766;381.1663891805981;
5,750,False,False,False,0.4,899.6011933855084;503.7976348904542;,179.79395440513397;527.8398001213299;
5,750,False,False,False,0.4,262.59347372841705;1577.0034500246059;,184.48657885103418;277.05741605560064;
5,750,False,False,False,0.4,407.3312836758114;2064.236441101946;,599.4634905603363;425.3006039751927;
5,750,False,False,False,0.6,1939.858405222854;1408.7031095744792;227.1840127779589;,594.8309540004118;336.59570736486836;412.49473706857464;
5,750,False,False,False,0.6,465.01236985286585;1591.5583635881264;644.4799757184396;,625.444666470558;649.7320784536622;996.1962280144246;
5,750,False,False,False,0.6,1144.0140260048806;643.9570874035538;203.0866512499473;,893.263445388062;890.5205223018487;703.2744662922871;
5,750,False,False,False,0.4,995.5937130097208;622.5083989210154;,265.80767442185066;804.3192980291838;
5,750,False,False,False,0.4,1139.4545903675773;1501.3473126730084;,1327.4546700181436;453.94412916040324;
5,750,False,False,False,0.4,313.8241136095958;299.0520213317751;,197.62098727271524;82.12409383073394;
5,750,False,False,False,0.4,718.2705891556901;4544.1727415590385;,566.9380565060607;1254.7206515793137;
5,750,False,False,False,0.6,283.1734861003794;532.6897161687315;444.71149566043874;,656.6793848504539;823.3261804373492;643.7486806327081;
5,750,False,False,False,0.4,1026.2984518871226;1250.155612084813;,1571.7141368236782;822.315489787924;
5,750,False,False,False,0.4,1313.2496299700092;2858.902635507035;,216.0565487275534;539.661715748275;
5,750,False,False,False,0.6,1556.3075559334497;345.4625616903683;590.4555824668618;,297.9189909266211;646.5330986110387;827.1690319223007;
5,750,False,False,False,0.6,307.51345478119913;113.41267553970711;206.34825707519983;,1113.9100026633478;367.29549771897024;354.71591699411016;
5,750,False,False,False,0.4,320.6474382281346;265.74864613896;,462.49686070246946;293.04790595492153;
5,750,False,False,False,0.6,3212.386043441242;1750.737374357462;373.92557484006664;,861.2522595772621;584.8003329382952;656.160950358;
5,750,False,False,False,0.6,714.5173728450377;759.4325867196219;1171.0706112670484;,423.68265699175424;446.4587773950693;593.6274132400998;
5,750,False,False,False,0.4,1793.6090108332057;1726.4015812820842;,1181.9236373219405;991.1222632050067;
5,750,False,False,False,0.4,437.2790868631768;214.19886777963174;,418.0443238576116;534.4336641825079;
5,750,False,False,False,0.4,1103.9179237126148;2141.2026169736423;,192.28146434654948;1005.9593847041501;
5,750,False,False,False,0.6,1603.2553809620458;226.122348526772;621.44729922779;,385.03021101005635;320.715654119775;651.8671176401191;
5,750,False,False,False,0.4,372.0027692315385;577.5640471599124;,606.9236153331074;947.2546858886113;
5,750,False,False,False,0.6,564.7009050915532;3702.8751091046006;485.4941773078139;,321.7549068714869;534.7178236694823;124.73293819656455;
5,750,False,False,False,0.4,130.61030849026815;724.3856010388226;,371.11854408578847;799.4785672002854;
5,750,False,False,False,0.4,841.7647479783517;121.02431036952714;,1024.8991093988034;928.5659460329853;
5,750,False,False,False,0.6,737.909656600595;2272.9162808119454;731.5512007958267;,582.8786945861607;322.90025500594396;447.1484262336356;
5,750,False,False,False,0.4,274.37129508233505;4054.730770074217;,290.59474086183957;1158.529535528772;
5,750,False,False,False,0.8,751.6734012527651;1026.1569337553462;925.8083914549378;1840.034568107377;,649.4421180257182;698.235885039781;1241.4848952909983;473.4692715728941;
5,750,False,False,False,0.4,71.82290676681468;830.1977073822902;,414.4148002049052;885.4890252690092;
5,750,False,False,False,0.6,281.9065698940497;593.6873097844505;2683.2135673573503;,231.0639355637275;290.27960393128154;853.4314384328663;
5,750,False,False,False,0.4,381.9885375040377;1090.6151554555106;,971.2884201176778;1188.1650449011424;
5,750,False,False,False,0.6,385.5239113743963;576.0681191539284;989.0275125879275;,370.16951478769016;456.41378012516;1094.4846851651066;
5,750,False,False,False,0.4,567.4639980947746;696.4768111369056;,1308.8973537163854;155.59112940060658;
5,750,False,False,False,0.4,511.33409221392986;2326.1455611070965;,142.36782026212583;1295.6956110635301;
5,750,False,False,False,0.4,373.7727597043505;416.1956283036362;,431.10933089246686;344.78949292349114;
1,1000,False,False,False,,,
1,1000,False,False,False,1.0,1236.6082838833836;,773.4782644937012;
1,1000,False,False,False,1.0,292.5196815450895;,207.82259707121824;
1,1000,False,False,False,1.0,200.01382549882862;,360.68068430034003;
1,1000,False,False,False,1.0,1298.0838001300806;,1206.9362475097291;
1,1000,False,False,False,1.0,118.2688321203325;,340.1741625495476;
1,1000,False,False,False,1.0,876.6416776418725;,1517.7827520564438;
1,1000,False,False,False,1.0,952.7370045768296;,636.7296639082537;
1,1000,False,False,False,1.0,1049.2829178694074;,1659.9874495424801;
1,1000,False,False,False,1.0,675.7851386881846;,964.858386662222;
1,1000,False,False,False,1.0,684.765929669955;,1267.0930927138022;
1,1000,False,False,False,1.0,562.8389694974954;,423.41020064803195;
1,1000,False,False,False,1.0,1157.8654549945643;,1392.38138038162;
1,1000,False,False,False,1.0,166.74349754522189;,571.4322120538482;
1,1000,False,False,False,1.0,590.348740611518;,368.0789113021061;
1,1000,False,False,False,1.0,904.358419867213;,826.7496888397758;
1,1000,False,False,False,1.0,393.0590867079591;,881.21451168004;
1,1000,False,False,False,1.0,1098.8562647417277;,1364.297450555227;
1,1000,False,False,False,1.0,383.11161884328703;,953.6857795618647;
1,1000,False,False,False,1.0,671.1021135056277;,439.8928758623568;
1,1000,False,False,False,1.0,787.1522722974322;,1104.041660226502;
1,1000,False,False,False,1.0,753.1120435727322;,996.7948948915911;
1,1000,False,False,False,1.0,183.47468089054016;,270.53274948560306;
1,1000,False,False,False,1.0,682.74511897301;,897.4677632645999;
1,1000,False,False,False,1.0,501.1431879408522;,888.9533253131003;
1,1000,False,False,False,1.0,293.30932549530274;,420.0377471634773;
1,1000,False,False,False,1.0,238.45976329257562;,673.0556989519455;
1,1000,False,False,False,1.0,534.8035364919346;,912.7197601272194;
1,1000,False,False,False,1.0,664.27836368592;,358.6195123110759;
1,1000,False,False,False,1.0,553.5774842652218;,820.6040283174605;
1,1000,False,False,False,1.0,518.1560474531431;,778.3199345545811;
1,1000,False,False,False,1.0,438.43782241478846;,934.3612882667147;
1,1000,False,False,False,1.0,1531.8043326509517;,1442.659252337046;
1,1000,False,False,False,1.0,103.40523133783151;,401.702891087688;
1,1000,False,False,False,1.0,1083.6586404438074;,811.5968426892132;
1,1000,False,False,False,1.0,647.2142585757667;,336.44408016716534;
1,1000,False,False,False,1.0,506.0025109859708;,682.4410059847237;
1,1000,False,False,False,1.0,753.9646638522507;,968.0603554054767;
1,1000,False,False,False,1.0,453.3874511589644;,882.5780806846559;
1,1000,False,False,False,1.0,468.6054089449471;,306.19251250178354;
1,1000,False,False,False,,,
1,1000,False,False,False,1.0,919.3328644534022;,926.8817825533083;
1,1000,False,False,False,1.0,1058.5342936566954;,894.2498263864763;
1,1000,False,False,False,1.0,570.111072787246;,1355.7619527029406;
1,1000,False,False,False,1.0,1001.9156254850167;,1007.8461131551109;
1,1000,False,False,False,1.0,447.95054957084767;,851.4370644045902;
1,1000,False,False,False,1.0,506.7792432271465;,616.833867486231;
1,1000,False,False,False,1.0,1722.2414517240888;,1008.8316685256993;
1,1000,False,False,False,1.0,698.3291164633052;,1328.7995512598136;
1,1000,False,False,False,,,
1,1000,False,False,False,1.0,181.1395318059039;,176.27014603384026;
1,1000,False,False,False,1.0,467.21585292662627;,653.2988921142793;
1,1000,False,False,False,1.0,379.6099962244138;,12.814252376092453;
1,1000,False,False,False,1.0,726.0121293169088;,653.029820292265;
1,1000,False,False,False,1.0,879.5219562081404;,2025.330175107343;
1,1000,False,False,False,1.0,738.8847432422544;,456.9792506408018;
1,1000,False,False,False,1.0,98.68550830993996;,99.01223293674936;
1,1000,False,False,False,1.0,323.2799669363557;,977.8519818216279;
1,1000,False,False,False,1.0,162.12257454180585;,760.8773190291804;
1,1000,False,False,False,1.0,347.7382425262392;,748.416073774806;
1,1000,False,False,False,1.0,726.0700447196106;,1200.8517174375845;
1,1000,False,False,False,1.0,275.63599354827716;,1079.8695034841307;
1,1000,False,False,False,1.0,588.046891114162;,726.9918720994123;
1,1000,False,False,False,1.0,1060.6080881243358;,716.8025913623635;
1,1000,False,False,False,1.0,1340.4505871606063;,1351.0247777994632;
1,1000,False,False,False,1.0,682.8604893844954;,504.500529883548;
1,1000,False,False,False,1.0,1125.1599228868822;,1916.0973286399712;
1,1000,False,False,False,1.0,281.7844464733884;,618.7366800645112;
1,1000,False,False,False,,,
1,1000,False,False,False,1.0,457.15505232891957;,962.9662685107849;
1,1000,False,False,False,1.0,669.5108750750292;,413.73803019232787;
1,1000,False,False,False,1.0,744.2800208855783;,851.7224728690577;
1,1000,False,False,False,1.0,339.6377375464233;,785.0985150346636;
1,1000,False,False,False,1.0,334.23712676462065;,651.8779466325086;
1,1000,False,False,False,1.0,712.9394703080357;,384.14735358208543;
1,1000,False,False,False,1.0,1534.9290389407734;,1349.1805531058292;
1,1000,False,False,False,1.0,150.62967041917034;,539.2420006276088;
1,1000,False,False,False,1.0,455.6340449366239;,622.0968670499065;
1,1000,False,False,False,1.0,397.8695192369607;,675.9826315870349;
1,1000,False,False,False,1.0,621.4870639826094;,664.6440622819044;
1,1000,False,False,False,1.0,487.3808020724004;,1426.410365813407;
1,1000,False,False,False,1.0,642.1387313518377;,474.86435801697706;
1,1000,False,False,False,1.0,1480.369703604484;,1644.1641570544439;
1,1000,False,False,False,1.0,1275.7869918457766;,2418.8210084398656;
1,1000,False,False,False,1.0,2004.907924499445;,1652.2027867020354;
1,1000,False,False,False,1.0,318.24007437920363;,704.2801413508287;
1,1000,False,False,False,1.0,677.379105880425;,857.8851457564384;
1,1000,False,False,False,1.0,1509.9339543921797;,2092.3098935523476;
1,1000,False,False,False,1.0,919.4051111482376;,1316.726464823829;
1,1000,False,False,False,1.0,69.45648038796502;,407.0482111942748;
1,1000,False,False,False,1.0,705.6461402702787;,1222.401764994418;
1,1000,False,False,False,1.0,541.7639369785358;,769.1208696673531;
1,1000,False,False,False,1.0,1045.2687092828598;,1329.852688314322;
1,1000,False,False,False,,,
1,1000,False,False,False,1.0,908.3564637229721;,938.4627927739606;
1,1000,False,False,False,1.0,533.7226965102569;,576.9666626083666;
1,1000,False,False,False,1.0,497.1046943491078;,688.9775620597172;
1,1000,False,False,False,1.0,543.4450828899662;,504.6995324468238;
1,1000,False,False,False,,,
1,1000,False,False,False,1.0,314.97426276234825;,215.97142777955122;
1,1000,False,False,False,1.0,217.2477223228488;,768.7718415079513;
1,1000,False,False,False,1.0,924.5391441000185;,1672.8604606845422;
1,1000,False,False,False,1.0,301.0477504747301;,595.1324992400895;
1,1000,False,False,False,1.0,156.82955506659863;,129.9413276933153;
1,1000,False,False,False,1.0,171.56518870148074;,434.44120029977285;
1,1000,False,False,False,1.0,499.8224094270189;,388.1247086991242;
1,1000,False,False,False,1.0,234.29342200556948;,388.4452469981259;
1,1000,False,False,False,1.0,590.3212370398016;,433.3955391690164;
1,1000,False,False,False,1.0,323.64736332259616;,1087.4857425939786;
1,1000,False,False,False,1.0,62.15746506312778;,654.807159729903;
1,1000,False,False,False,1.0,256.6016311341361;,675.4528373965186;
1,1000,False,False,False,1.0,515.6042210770946;,803.0562492813139;
1,1000,False,False,False,1.0,306.1462308368771;,205.60785821826445;
1,1000,False,False,False,1.0,459.60810614511377;,256.87204728294614;
1,1000,False,False,False,1.0,661.4004411737136;,989.2010054798251;
1,1000,False,False,False,1.0,1334.4560278056588;,1398.0202842886229;
1,1000,False,False,False,1.0,597.8101054921997;,1383.6438276893657;
1,1000,False,False,False,1.0,779.6082460723572;,513.5383632085302;
1,1000,False,False,False,1.0,59.960235349215175;,1084.4648844177907;
1,1000,False,False,False,1.0,589.1053685598487;,521.0914527894348;
1,1000,False,False,False,1.0,597.5998211363061;,619.1770235852235;
1,1000,False,False,False,1.0,1216.6776687146707;,1132.7923307264423;
1,1000,False,False,False,1.0,151.47544964141102;,856.8787013576496;
1,1000,False,False,False,1.0,689.4218375869506;,1106.1280898242771;
1,1000,False,False,False,1.0,398.4682188421219;,215.70621432917685;
1,1000,False,False,False,1.0,289.247047883281;,262.0290503008266;
1,1000,False,False,False,1.0,990.542002723475;,921.998701596073;
1,1000,False,False,False,1.0,857.1369763174752;,1134.8669439165506;
1,1000,False,False,False,1.0,562.5857660910808;,691.9456372089261;
1,1000,False,False,False,1.0,799.1912293825702;,1231.9924589416864;
1,1000,False,False,False,1.0,836.7345320081;,1209.2715769659385;
1,1000,False,False,False,1.0,974.6126698333021;,744.4813814634759;
1,1000,False,False,False,1.0,888.3342426514557;,1483.9609790608413;
1,1000,False,False,False,1.0,1810.670477397403;,1200.9096811424256;
1,1000,False,False,False,1.0,384.5093963573552;,567.3423760848539;
1,1000,False,False,False,1.0,351.10218513147294;,480.5286646651451;
1,1000,False,False,False,1.0,171.10848619384743;,395.07706484604915;
1,1000,False,False,False,1.0,1056.5184968111253;,1189.7818432802833;
1,1000,False,False,False,1.0,684.2802031311766;,730.4190738921733;
1,1000,False,False,False,1.0,683.4065652524931;,1301.280108266157;
1,1000,False,False,False,1.0,143.3660868664523;,89.38055326524847;
1,1000,False,False,False,1.0,88.10913842567808;,466.9320931179505;
1,1000,False,False,False,1.0,837.8845075546378;,455.6263425045495;
1,1000,False,False,False,1.0,1008.0906811470868;,1344.8771382903674;
1,1000,False,False,False,1.0,885.8182929915858;,599.0672072943063;
1,1000,False,False,False,1.0,1212.1862844258526;,1751.3545073351654;
1,1000,False,False,False,,,
1,1000,False,False,False,1.0,532.0654792388375;,1806.6869611146055;
1,1000,False,False,False,1.0,973.684995813046;,1102.769263781791;
1,1000,False,False,False,1.0,900.0545555984359;,898.3549330856187;
1,1000,False,False,False,1.0,633.982346272745;,1165.2910778707908;
1,1000,False,False,False,1.0,1501.8580113444748;,1729.7180205105064;
1,1000,False,False,False,1.0,244.41246914487638;,718.1585610418715;
1,1000,False,False,False,1.0,1750.6467312366042;,413.2114614240092;
1,1000,False,False,False,1.0,587.0631847348453;,1423.4518799415878;
1,1000,False,False,False,1.0,462.93081941482245;,661.2887229511025;
1,1000,False,False,False,1.0,471.9075005132145;,248.75147383806654;
1,1000,False,False,False,1.0,1283.7121718198998;,1086.5085436933678;
1,1000,False,False,False,,,
1,1000,False,False,False,1.0,345.2093825813325;,738.9064664020249;
1,1000,False,False,False,1.0,885.8077018729451;,1562.249769699871;
1,1000,False,False,False,1.0,911.2483309981675;,842.1962944560194;
1,1000,False,False,False,1.0,219.99622957859253;,493.8917307576561;
1,1000,False,False,False,1.0,628.7731315439602;,764.9589353555377;
1,1000,False,False,False,1.0,1310.2995605285441;,2074.3930541348786;
1,1000,False,False,False,1.0,1026.6471764592352;,473.181411074206;
1,1000,False,False,False,1.0,84.77560460352372;,204.58568212158747;
1,1000,False,False,False,1.0,809.4601022425903;,1733.9971247284343;
1,1000,False,False,False,1.0,192.3377989122928;,136.68831424476105;
1,1000,False,False,False,1.0,513.2460106750468;,750.4539473276121;
1,1000,False,False,False,1.0,921.5812208456807;,1344.929954478765;
1,1000,False,False,False,1.0,1167.9578795344596;,1634.4188391759274;
1,1000,False,False,False,1.0,876.3360041514536;,1029.433041012114;
1,1000,False,False,False,1.0,264.7768555501285;,248.02352060514346;
1,1000,False,False,False,,,
1,1000,False,False,False,1.0,881.2500777847471;,549.8124197159407;
1,1000,False,False,False,1.0,422.7700382507235;,377.78130639862303;
1,1000,False,False,False,1.0,285.53725835197116;,565.9089494428476;
1,1000,False,False,False,1.0,436.653964484229;,1266.6934353298336;
1,1000,False,False,False,1.0,1315.7230167941325;,1081.9741615152293;
1,1000,False,False,False,1.0,1088.7574877651382;,1206.260029172303;
1,1000,False,False,False,1.0,914.0780190072484;,3860.0920799146193;
1,1000,False,False,False,1.0,120.90133635634606;,529.5234481094211;
1,1000,False,False,False,1.0,1303.927610401184;,499.8922377789057;
1,1000,False,False,False,1.0,1172.3819640276338;,809.835235870548;
1,1000,False,False,False,1.0,1224.936758282641;,1167.2595575971804;
1,1000,False,False,False,1.0,844.9655205082552;,706.2647167129763;
1,1000,False,False,False,1.0,329.44763347466295;,1107.8563134873616;
1,1000,False,False,False,1.0,829.8245825529284;,687.4268040553288;
1,1000,False,False,False,1.0,781.2792362032295;,1319.3363554735254;
1,1000,False,False,False,1.0,779.2126513469171;,1105.5743806845182;
1,1000,False,False,False,1.0,949.7681179144089;,1904.017089380186;
1,1000,False,False,False,1.0,1141.8796343700358;,1164.7868715226703;
1,1000,False,False,False,1.0,460.181676559567;,530.5077194995669;
1,1000,False,False,False,1.0,1656.4858438750762;,1174.3656973367304;
1,1000,False,False,False,1.0,430.04172383698193;,675.4819193961874;
1,1000,False,False,False,1.0,689.1276776421729;,1029.7952546809422;
1,1000,False,False,False,1.0,2400.659229112713;,2204.61764063552;
1,1000,False,False,False,1.0,330.2531054544579;,600.3878889384717;
1,1000,False,False,False,1.0,263.3458232812668;,861.3296481618587;
1,1000,False,False,False,1.0,721.9004562916953;,677.9741688306627;
1,1000,False,False,False,1.0,2018.9423747339436;,1899.7307045802165;
1,1000,False,False,False,1.0,396.2390688183194;,372.05985935742194;
1,1000,False,False,False,1.0,304.52056832006343;,475.24827557177065;
1,1000,False,False,False,1.0,1057.387965056351;,967.8974991497362;
1,1000,False,False,False,1.0,694.2949661427632;,216.94645810345654;
1,1000,False,False,False,1.0,661.0555436135244;,589.943388101386;
1,1000,False,False,False,1.0,711.3460347462328;,2349.0569366350646;
1,1000,False,False,False,1.0,1435.2713470383258;,1592.442257081975;
1,1000,False,False,False,1.0,987.280734633749;,1000.1474147194335;
1,1000,False,False,False,,,
1,1000,False,False,False,1.0,444.2236381017436;,1001.1035222889232;
1,1000,False,False,False,1.0,475.8409690980798;,737.9978284298226;
1,1000,False,False,False,1.0,309.6758341855943;,1329.220143292617;
1,1000,False,False,False,1.0,434.4463755132742;,606.3937699554058;
1,1000,False,False,False,1.0,357.3208501938998;,534.1628401712973;
1,1000,False,False,False,1.0,162.05559212917734;,171.90999845995543;
1,1000,False,False,False,1.0,846.2985039911863;,740.9470636602882;
1,1000,False,False,False,1.0,789.2326965285439;,893.4263788619644;
1,1000,False,False,False,1.0,711.2203069439258;,683.2306154076449;
1,1000,False,False,False,1.0,720.2283901931169;,1026.1426261149632;
1,1000,False,False,False,1.0,260.42510226910315;,772.2867005477123;
1,1000,False,False,False,1.0,1153.332586392693;,1558.6609974432517;
1,1000,False,False,False,1.0,655.4151493673099;,149.84496168510503;
1,1000,False,False,False,1.0,608.8375341959052;,1402.0056228031726;
1,1000,False,False,False,1.0,392.0461130096534;,882.2570921980665;
1,1000,False,False,False,1.0,870.1148538685502;,1267.4734162233146;
1,1000,False,False,False,1.0,837.7462529264827;,977.8158266715626;
1,1000,False,False,False,1.0,850.3335369228121;,1514.7650761812504;
1,1000,False,False,False,1.0,430.07735875222727;,507.39225118986644;
1,1000,False,False,False,1.0,214.38377389614055;,285.61488781163104;
1,1000,False,False,False,1.0,855.3447675204641;,295.60309406619774;
1,1000,False,False,False,,,
1,1000,False,False,False,1.0,485.0445741865282;,322.0631103939688;
1,1000,False,False,False,1.0,1270.2426454869487;,1449.1786131134795;
1,1000,False,False,False,1.0,1237.2713744739551;,1362.7437721453991;
1,1000,False,False,False,1.0,585.6010194533824;,835.5201745785912;
1,1000,False,False,False,1.0,1000.3273053782412;,647.1429184832631;
1,1000,False,False,False,1.0,494.3533792403255;,636.7897395765018;
1,1000,False,False,False,1.0,325.27921508032125;,1681.3340358212242;
1,1000,False,False,False,1.0,632.7375940083789;,1037.0480410721548;
1,1000,False,False,False,1.0,161.52535718473564;,410.20957725887536;
1,1000,False,False,False,1.0,97.47977567606715;,677.6550822607527;
1,1000,False,False,False,1.0,967.6751081317822;,1002.8458205368576;
1,1000,False,False,False,1.0,376.8785572312333;,376.8785572312333;
1,1000,False,False,False,1.0,417.4583584165045;,1114.3362773334009;
1,1000,False,False,False,1.0,1255.5065617525158;,1828.761438050153;
1,1000,False,False,False,1.0,789.4146695381083;,356.5541233841446;
1,1000,False,False,False,1.0,543.7702229555275;,716.4704384686147;
1,1000,False,False,False,1.0,591.6611556144074;,116.35689639934411;
1,1000,False,False,False,1.0,422.30330248464765;,315.9149487705724;
1,1000,False,False,False,1.0,305.88819887730534;,166.18493861755678;
1,1000,False,False,False,1.0,1845.7635844119848;,1499.1513034534355;
1,1000,False,False,False,,,
1,1000,False,False,False,1.0,1184.2729373525533;,1868.1686941965363;
1,1000,False,False,False,1.0,450.70831003061;,574.2464091391229;
1,1000,False,False,False,,,
1,1000,False,False,False,1.0,190.40529496136625;,231.66891303494918;
1,1000,False,False,False,1.0,1091.799966503538;,1081.5179813903485;
1,1000,False,False,False,1.0,2260.328133111295;,807.4568317202151;
1,1000,False,False,False,1.0,1198.6909280023883;,893.9680687575491;
1,1000,False,False,False,1.0,875.8948359312817;,491.417895308579;
1,1000,False,False,False,1.0,283.29467368002685;,667.9593858164184;
1,1000,False,False,False,1.0,834.4766268855841;,1148.3995562464308;
1,1000,False,False,False,1.0,431.75448034051027;,664.3688921698151;
1,1000,False,False,False,1.0,1335.5165955874932;,767.4881724425849;
1,1000,False,False,False,1.0,260.20705570451395;,352.49102900307025;
1,1000,False,False,False,1.0,446.73475593985677;,765.8031364700068;
1,1000,False,False,False,1.0,1994.1673891633898;,1874.4855121479873;
1,1000,False,False,False,1.0,492.7042895902255;,873.2125388058118;
1,1000,False,False,False,1.0,903.4894418560023;,631.7336231436558;
1,1000,False,False,False,1.0,390.67988554083655;,1271.0113657831757;
1,1000,False,False,False,1.0,1325.6503786815683;,323.46646277272237;
1,1000,False,False,False,1.0,688.7444354694269;,956.4140685486764;
1,1000,False,False,False,1.0,591.6663219738265;,692.1904847487391;
1,1000,False,False,False,1.0,685.4867423792016;,856.090498292161;
1,1000,False,False,False,1.0,232.36651155538468;,405.65533992477197;
1,1000,False,False,False,1.0,627.7157663287902;,32.85196785493521;
1,1000,False,False,False,1.0,652.2232611730614;,875.2992592633238;
1,1000,False,False,False,1.0,865.0400241013309;,985.6207755581091;
1,1000,False,False,False,1.0,697.9083523563526;,1164.171418682766;
1,1000,False,False,False,1.0,705.9278570152375;,854.5972525231215;
1,1000,False,False,False,1.0,1058.7037336197495;,506.98685901532417;
1,1000,False,False,False,1.0,229.51142810493437;,982.5348480647931;
1,1000,False,False,False,1.0,1084.8185499868366;,674.2900493877595;
1,1000,False,False,False,1.0,224.5514552128172;,129.49008367925768;
1,1000,False,False,False,1.0,856.5602275384764;,696.3355228081308;
1,1000,False,False,False,1.0,1016.6701565875564;,596.6836153630353;
1,1000,False,False,False,1.0,1182.5511950874682;,1317.4702248479264;
1,1000,False,False,False,1.0,505.3770135375359;,792.6367571473362;
1,1000,False,False,False,1.0,513.6670941066275;,970.0264124921349;
1,1000,False,False,False,1.0,1038.6836843420922;,779.119758751392;
1,1000,False,False,False,1.0,716.9179037590245;,253.25827204912696;
1,1000,False,False,False,1.0,352.5181814176443;,443.45311418171775;
1,1000,False,False,False,1.0,642.9735785627925;,725.8242602396431;
1,1000,False,False,False,1.0,1178.7314898676639;,1375.709887639567;
1,1000,False,False,False,1.0,178.45185658384426;,1560.5170006015553;
1,1000,False,False,False,1.0,339.7278965398802;,612.30834007239;
1,1000,False,False,False,1.0,590.3967133598559;,1224.6811990224885;
1,1000,False,False,False,1.0,757.6791256883056;,482.1879648382575;
2,1000,False,False,False,1.0,506.2721302845339;108.9626919867397;,299.1322159231973;843.5982535662449;
2,1000,False,False,False,1.0,630.2113847394119;1540.3238634458332;,936.2119178515808;1066.7538284898606;
2,1000,False,False,False,1.0,2261.7411565847788;1730.6957069294688;,1134.5582587249698;277.15614626263203;
2,1000,False,False,False,1.0,458.21902704143287;984.7371007776328;,229.0260856124994;439.69830522752403;
2,1000,False,False,False,0.5,1917.6399302997152;,868.7687355533503;
2,1000,False,False,False,1.0,749.9040751681569;1147.9975770339006;,631.153530096382;1517.1480299669784;
2,1000,False,False,False,1.0,1276.851176730168;69.68711528743508;,988.5014229653132;224.0137509502856;
2,1000,False,False,False,1.0,352.5630443002241;550.336482631003;,570.2895171516011;925.3615690237399;
2,1000,False,False,False,0.5,724.7873964899708;,356.07086409139214;
2,1000,False,False,False,1.0,1299.9692155432717;1270.3199447949826;,632.6118672062943;1132.165155941216;
2,1000,False,False,False,0.5,880.8763976631118;,992.495671184461;
2,1000,False,False,False,1.0,500.1608363965903;108.2819050314242;,933.1548223740126;1344.7925581921531;
2,1000,False,False,False,1.0,713.6378931469219;266.7917988997313;,358.531599783651;1355.2532789786223;
2,1000,False,False,False,1.0,1275.1158057701853;1228.5983129557649;,1122.2653885712577;33.06215025484807;
2,1000,False,False,False,0.5,1381.8342713385919;,302.245482258026;
2,1000,False,False,False,1.0,807.985979900967;2189.6819246119003;,708.8735080991346;736.6787080271737;
2,1000,False,False,False,1.0,426.37381442013833;631.5684796274012;,433.1506942932885;962.5593186425059;
2,1000,False,False,False,1.0,641.459775741121;667.5685175964178;,900.3280905109131;952.7585159223815;
2,1000,False,False,False,1.0,974.7385938641669;378.1349303595873;,1836.0529381712563;624.2623416844614;
2,1000,False,False,False,1.0,7664.019349025851;1278.8435986726188;,1179.5319993211378;538.2470136116223;
2,1000,False,False,False,1.0,1117.2388654431788;1400.2179154076143;,674.8329996649597;724.8455076850084;
2,1000,False,False,False,0.5,750.4819899339867;,706.9369331768881;
2,1000,False,False,False,1.0,1822.414392894714;5109.171622938742;,1216.7008843223605;1689.582103317671;
2,1000,False,False,False,1.0,697.6292104363995;648.63067951526;,807.1509813772612;861.6237633967754;
2,1000,False,False,False,1.0,931.9445358671516;635.1340799831133;,1004.2988013449485;562.1942773538397;
2,1000,False,False,False,1.0,680.0232554137086;946.1669670752685;,1459.6671295982148;1173.602476670747;
2,1000,False,False,False,1.0,855.6210083194318;569.1325778883604;,731.4030240588195;1516.8159185336601;
2,1000,False,False,False,1.0,2314.7436844978824;888.6916944643202;,1877.3009039073595;596.5732017257335;
2,1000,False,False,False,1.0,1303.1170012424386;839.0822959499974;,293.743152614218;514.0835715110462;
2,1000,False,False,False,1.0,2214.723371236981;1023.6228532829622;,882.2585165764788;963.4707940587394;
2,1000,False,False,False,1.0,245.17176415038;1006.6819473729196;,505.47205704252787;1304.2405516223364;
2,1000,False,False,False,1.0,581.4888877216274;588.1430070762798;,1848.3596419655707;131.0005998623974;
2,1000,False,False,False,1.0,655.0443696022982;923.7112928627988;,236.17325869164617;1575.313693458323;
2,1000,False,False,False,1.0,1503.6373746933346;417.8266394695185;,697.2279785756385;906.6503081170996;
2,1000,False,False,False,1.0,391.37206643634744;881.6783895407544;,261.030667129355;904.6100466247017;
2,1000,False,False,False,1.0,3373.6426016044725;1549.0482963562918;,696.2771428917096;56.58226514647233;
2,1000,False,False,False,1.0,666.109546065813;695.6070058983015;,738.7734966837039;1313.498515565821;
2,1000,False,False,False,1.0,958.5702971516387;765.919518337261;,813.1751995444666;1124.0022915252596;
2,1000,False,False,False,1.0,658.4490258044842;1115.8542741710012;,1599.6981648303963;530.3036159424842;
2,1000,False,False,False,1.0,423.7505320571484;163.7287963282389;,1281.825053062001;675.1770730054382;
2,1000,False,False,False,1.0,755.6674034581608;838.2388604677792;,647.5884753317418;684.2859050375655;
2,1000,False,False,False,1.0,397.4163645017835;94.28053811515782;,392.80253408795977;710.2286285723604;
2,1000,False,False,False,1.0,686.1391194184077;1938.8342682274074;,212.03847550418513;438.982052220707;
2,1000,False,False,False,1.0,766.4003008456184;518.0409579829553;,746.6019654338484;843.2225072677969;
2,1000,False,False,False,1.0,856.9591042705011;772.9209177075801;,820.0889378333864;1395.6601722085782;
2,1000,False,False,False,1.0,877.2446030380238;388.83169706387093;,585.2466503550966;426.6914827602706;
2,1000,False,False,False,1.0,1148.1108059563708;2473.8317218805314;,479.2269710747655;800.6858386735069;
2,1000,False,False,False,1.0,135.0634153205548;325.4731707581095;,443.1106195059251;599.6516335282744;
2,1000,False,False,False,1.0,1063.443383315491;1778.0244611304322;,1503.1113507401844;1462.8266780017564;
2,1000,False,False,False,,,
2,1000,False,False,False,1.0,851.3747601314122;486.4728763604327;,913.7951702011002;622.5005547606594;
2,1000,False,False,False,1.0,313.1181223634558;1071.2714132824983;,1107.8965080884293;1219.9659628439333;
2,1000,False,False,False,1.0,46.54705591803571;256.30886859680317;,333.81970204539664;472.7615836310194;
2,1000,False,False,False,1.0,1600.6409042958983;1135.800826317301;,1619.0960915534185;1004.0634010382076;
2,1000,False,False,False,0.5,180.68795432718343;,100.448184311174;
2,1000,False,False,False,1.0,975.4638485686385;441.3836048191641;,661.258869330489;901.6785957566896;
2,1000,False,False,False,1.0,753.9227330086296;2144.2132242749676;,359.0212002557392;799.4315499074273;
2,1000,False,False,False,,,
2,1000,False,False,False,1.0,490.174784018616;1897.9515299017105;,666.5471995095518;902.125852196149;
2,1000,False,False,False,1.0,390.8155701268002;721.9537749889944;,634.772158858367;633.3814466105505;
2,1000,False,False,False,1.0,3457.2923414545626;708.6981363945115;,952.1411393191778;1264.7922413284837;
2,1000,False,False,False,1.0,634.0976239586087;1008.1530641662113;,1233.5286954700478;1567.9202201346748;
2,1000,False,False,False,1.0,44.7048470527301;268.84944470037595;,501.8951718334107;102.34600580316526;
2,1000,False,False,False,1.0,747.2169194185306;400.45315063780754;,553.8114165844297;802.1972436962601;
2,1000,False,False,False,1.0,867.6603438999152;116.6875653002843;,1111.0744358971647;1022.5014048757794;
2,1000,False,False,False,0.5,495.2311281517248;,209.52369608780282;
2,1000,False,False,False,0.5,657.041499539647;,684.8706081361083;
2,1000,False,False,False,1.0,568.4595300011491;1374.4770383238636;,276.7319067105872;1967.9974695026615;
2,1000,False,False,False,1.0,854.0093700256593;287.8840984324764;,1004.4758618707147;282.68765478287065;
2,1000,False,False,False,1.0,1573.6570367162685;726.9075064750808;,1629.2247326905233;857.0341982557158;
2,1000,False,False,False,1.0,1030.9559063779202;800.4055141056664;,1321.9384112099124;1475.7805632702857;
2,1000,False,False,False,1.0,1450.1563299800473;2023.437611676201;,476.3985963706837;1012.1462128111646;
2,1000,False,False,False,1.0,110.56313009130756;524.2682334974894;,1647.458922634519;1523.375934567061;
2,1000,False,False,False,1.0,564.8753528576793;822.359306293364;,648.836392635207;1027.9277622544162;
2,1000,False,False,False,1.0,899.7007120041606;191.53952674331447;,647.986082923087;332.630093278889;
2,1000,False,False,False,1.0,543.8844837990987;429.2048946773331;,664.7264621294918;119.3928364353492;
2,1000,False,False,False,1.0,762.0263876177336;1703.6224525904734;,1423.2944407798507;1052.228577016125;
2,1000,False,False,False,0.5,175.56766074650136;,424.50278384634385;
2,1000,False,False,False,1.0,823.5503342965927;1240.0674491828604;,433.9453734435353;1375.7638359355076;
2,1000,False,False,False,0.5,2257.2023066187703;,133.12299015321375;
2,1000,False,False,False,1.0,1251.714795110691;333.1332819064365;,1568.9278749626283;1019.0706118916235;
2,1000,False,False,False,1.0,774.2017349713681;1481.8742733186577;,826.6152011506111;78.22561114313748;
2,1000,False,False,False,1.0,418.23496371593995;363.61038609169515;,510.64623618112114;567.8411203293709;
2,1000,False,False,False,1.0,308.28339889668587;922.2417555974041;,357.80140988053796;1009.4933947751921;
2,1000,False,False,False,1.0,488.9541008926367;135.65973760927943;,1008.5536729501798;258.6556498369512;
2,1000,False,False,False,1.0,404.49584960459157;1683.9185892175894;,530.3147319982398;311.14048724562366;
2,1000,False,False,False,1.0,785.2666316488961;422.32601757645625;,1120.677425635943;1067.0996472430172;
2,1000,False,False,False,1.0,374.3027709508689;412.62258641298325;,517.2166227421625;656.5376957995259;
2,1000,False,False,False,1.0,590.4125567078293;1282.4890293278395;,1732.5329956705637;1124.9407525541048;
2,1000,False,False,False,0.5,631.4666017385427;,296.7551137088944;
2,1000,False,False,False,0.5,133.54794039295032;,198.38588474253905;
2,1000,False,False,False,1.0,759.7980289312769;1380.0971260441115;,819.7322173601729;1156.7259603483524;
2,1000,False,False,False,1.0,1167.3300865932106;821.3956115489851;,222.65786459781162;1873.2551325297309;
2,1000,False,False,False,1.0,396.03599469742295;677.7492685354536;,854.3214080561955;658.5630297684328;
2,1000,False,False,False,1.0,804.0224722412288;449.8193606318515;,973.903579567768;780.1366096054743;
2,1000,False,False,False,1.0,522.0900796736156;635.3171061262115;,387.0759116865675;1287.3994491907454;
2,1000,False,False,False,0.5,563.5345458023845;,455.72710546940937;
2,1000,False,False,False,1.0,2041.6894297277522;1024.1725694487284;,1148.481607364909;1177.2603912940615;
2,1000,False,False,False,1.0,96.79899691383706;3783.61735790005;,310.2517962939544;1072.825301488819;
2,1000,False,False,False,1.0,1090.7663828934865;2426.3703701947297;,1146.1551483134751;1677.0588986606872;
2,1000,False,False,False,1.0,201.5479657353385;737.7754817266373;,291.2934647432719;58.35822341960715;
2,1000,False,False,False,1.0,482.81266430721035;672.8708314060656;,292.0936446897814;696.8152615929937;
2,1000,False,False,False,1.0,654.6605509665878;762.1083630564203;,327.2575653598804;444.61163936418484;
2,1000,False,False,False,1.0,2339.856021733015;1231.46962818532;,618.1370910535287;362.7367404211472;
2,1000,False,False,False,1.0,568.8471139833765;863.1963366164799;,1173.14184737015;1313.9590751760961;
2,1000,False,False,False,1.0,364.22044537622014;1117.1501846085705;,242.59680766065287;1215.2638834432473;
2,1000,False,False,False,1.0,1857.4700459591868;1604.8529877903302;,222.16125656682786;120.31719015463635;
2,1000,False,False,False,1.0,1126.339250302648;888.1122890844763;,1405.1741890509625;753.6539573822711;
2,1000,False,False,False,1.0,1244.1753538377302;989.6706583671033;,951.5561100121935;1223.1370810143667;
2,1000,False,False,False,1.0,639.6076754246533;611.9401631213356;,566.999234133383;1486.0676135538597;
2,1000,False,False,False,1.0,362.0059472553752;442.53560094651834;,965.9650218631707;276.802363363908;
2,1000,False,False,False,1.0,576.0316289637401;1664.979986295022;,177.7922938448987;1318.91673854281;
2,1000,False,False,False,1.0,1022.6905241351639;479.602474779202;,275.7945802954744;645.4203399950554;
2,1000,False,False,False,1.0,245.7418876122126;1656.8067061936065;,359.1831499144761;1676.9251387378274;
2,1000,False,False,False,1.0,672.2370053434257;457.37795453847593;,687.2794127914132;598.6742786238581;
2,1000,False,False,False,1.0,652.6280650004672;836.7127221402856;,184.5900366358153;605.1127729084416;
2,1000,False,False,False,1.0,254.0260145800157;585.6498242170462;,1179.897834843892;1020.6759311966821;
2,1000,False,False,False,1.0,631.1042794979564;514.4607099374175;,582.5013954772238;1529.094848383936;
2,1000,False,False,False,1.0,320.8344573271612;2145.0966314012153;,784.1045801689107;947.2709342070857;
2,1000,False,False,False,1.0,529.0781701930777;736.0107216103303;,1066.6226639784927;375.1225965795892;
2,1000,False,False,False,0.5,1225.8852379822915;,1272.1454833969317;
2,1000,False,False,False,1.0,2209.0557724707573;1932.2167702094941;,1355.1014667950699;1104.8878375842166;
2,1000,False,False,False,1.0,1298.1009551033553;917.281294499265;,1112.4584257117995;1353.661178473821;
2,1000,False,False,False,1.0,979.7498967015488;394.80704577320085;,537.9422705665121;1400.9334349270111;
2,1000,False,False,False,0.5,520.4389621256993;,643.3144568332558;
2,1000,False,False,False,1.0,568.3658617849441;1218.35527877639;,180.79237445357194;1805.5076121163315;
2,1000,False,False,False,1.0,155.56105040618243;502.2450451422136;,283.7709515979949;1070.9921844544313;
2,1000,False,False,False,1.0,169.88502048379627;627.2009480465707;,390.617890470653;966.3900265114697;
2,1000,False,False,False,1.0,655.9035927119927;667.4370040363106;,808.5644202739585;1230.8030946078256;
2,1000,False,False,False,1.0,611.8986669758222;1494.706981439032;,797.4289797605512;406.7740751286051;
2,1000,False,False,False,0.5,881.9615433031024;,1023.1518633133281;
2,1000,False,False,False,0.5,390.57635365726065;,325.6803911773054;
2,1000,False,False,False,1.0,174.11686440331206;478.23604803858245;,699.9140436993173;597.8588961578356;
2,1000,False,False,False,,,
2,1000,False,False,False,1.0,746.4845862556917;2384.4981363192887;,452.45381265219453;1829.8080572444442;
2,1000,False,False,False,1.0,642.2557880797395;448.31552417354965;,865.7237149155362;466.0143352996061;
2,1000,False,False,False,0.5,158.10280055528247;,62.72384417773767;
2,1000,False,False,False,1.0,155.54324671526862;884.7514082302005;,326.4575445700384;675.7490543594728;
2,1000,False,False,False,1.0,908.046831997873;659.9925096370131;,892.1697502030022;745.9660225211819;
2,1000,False,False,False,1.0,413.5325063853831;940.9810385831337;,399.43540932419614;470.7194651755738;
2,1000,False,False,False,1.0,847.2470950269139;634.2349210840556;,862.8489677122063;879.4505626502253;
2,1000,False,False,False,1.0,822.7769375154123;575.2780169505768;,918.0083295108271;424.2030858741238;
2,1000,False,False,False,1.0,437.0212793079271;734.5719547914003;,726.8059616784249;2330.8180397882097;
2,1000,False,False,False,1.0,268.6986274487965;596.4304267729889;,544.1523789218146;622.9758389607393;
2,1000,False,False,False,1.0,767.7687125829567;873.1889050218633;,1297.1360187246291;1171.9634081493668;
2,1000,False,False,False,1.0,753.6941123296252;1792.7162785510382;,496.9570552662709;1667.6731471979424;
2,1000,False,False,False,1.0,1117.2388160557268;1742.211284414435;,2104.3314406230274;1289.9809765876366;
2,1000,False,False,False,1.0,501.40174471650414;597.4970445200189;,389.67325545954685;442.62930159395887;
2,1000,False,False,False,1.0,1125.4509059888403;930.2760752365551;,1461.1735937460116;1683.9525154161113;
2,1000,False,False,False,1.0,1120.7492383197698;725.2045504560947;,1664.7842522337849;555.0779722529471;
2,1000,False,False,False,1.0,862.3950615152665;147.9902494117699;,431.00149836648086;313.5297946590223;
2,1000,False,False,False,0.5,1089.1561286517003;,463.05653351451167;
2,1000,False,False,False,0.5,585.6032839892929;,736.568541642872;
2,1000,False,False,False,1.0,238.0722664844243;426.37094521160776;,291.75231705480394;125.1437920958225;
2,1000,False,False,False,0.5,1133.644051792164;,1050.849219853861;
2,1000,False,False,False,1.0,1562.2174307233586;2228.1807146263523;,836.5853690118726;1198.9109503290279;
2,1000,False,False,False,1.0,1331.8200258383642;947.4551379409876;,352.77103376096164;1636.6760820104435;
2,1000,False,False,False,1.0,1043.110353041696;299.1091293765724;,382.0782090116889;483.48754240200594;
2,1000,False,False,False,1.0,762.6195277883977;97.69940164378282;,554.6712663004265;998.1988489854308;
2,1000,False,False,False,1.0,253.70902172450982;719.2493798940908;,547.5197742820357;1723.9176352050897;
2,1000,False,False,False,1.0,313.4377626697415;873.0078141184723;,489.5818902993277;753.9373865354235;
2,1000,False,False,False,1.0,1872.9516123263893;808.9372185833865;,1745.514216755571;851.2517006565939;
2,1000,False,False,False,1.0,313.39074583034926;712.4783654620691;,636.838646022156;1046.7487158102458;
2,1000,False,False,False,1.0,1190.0031510554181;1499.778352966904;,386.8847397909742;1311.2840612024224;
2,1000,False,False,False,1.0,535.8614121110857;380.920992602753;,767.3937433157363;447.91104458079036;
2,1000,False,False,False,1.0,287.75735581657995;604.3944535335653;,211.2416983210993;908.5766144378101;
2,1000,False,False,False,1.0,905.5964187981746;519.662508432405;,386.8241748834294;356.85642736594133;
2,1000,False,False,False,0.5,244.8190444170925;,375.2545861334374;
2,1000,False,False,False,0.5,814.4851466995815;,848.974279950113;
2,1000,False,False,False,1.0,1189.016559055106;175.06411080490196;,551.0146130199536;735.0672802770819;
2,1000,False,False,False,1.0,275.9577216989808;507.13508745057317;,191.96087079407883;987.1015955977217;
2,1000,False,False,False,1.0,293.41989841090356;748.4619952744195;,824.6539264212555;870.2779090289429;
2,1000,False,False,False,1.0,423.36202213531715;398.4616367300587;,1170.9510342971294;585.4910015612355;
2,1000,False,False,False,1.0,1881.6244810245114;3752.9330816007578;,690.1301862693567;643.6699868610723;
2,1000,False,False,False,1.0,408.0131204804071;2171.9083765129335;,295.60265694934145;895.2970932376777;
2,1000,False,False,False,1.0,1965.7920436150089;1298.9934771473697;,983.6864948845499;987.8648063940469;
2,1000,False,False,False,1.0,1761.8237311402456;2756.1616781700363;,453.2245956228447;779.4791194432488;
2,1000,False,False,False,1.0,498.3691012995911;722.618515009583;,961.9481136085465;626.702856568767;
2,1000,False,False,False,1.0,142.22885520402275;1233.4857772765822;,413.9792789005537;2079.237705337483;
2,1000,False,False,False,1.0,575.553758842211;672.9116675017768;,1033.6081460532653;808.1035132594232;
2,1000,False,False,False,1.0,3262.009937698524;7526.926434032168;,985.8592370127104;1263.8529110655854;
2,1000,False,False,False,0.5,1020.692330175964;,717.585721348814;
2,1000,False,False,False,1.0,913.9047889815673;1613.5955422641541;,1182.1843182971395;2038.2100734604526;
2,1000,False,False,False,1.0,143.30187926343953;730.6906561499767;,568.7580542724272;477.9257484278135;
2,1000,False,False,False,0.5,774.3325465046723;,625.8959233063821;
2,1000,False,False,False,0.5,434.4089557945346;,1316.912141563479;
2,1000,False,False,False,0.5,280.6477813084619;,685.90186105011;
2,1000,False,False,False,1.0,1466.7555927756673;1010.8052326319404;,808.9204265716107;1065.1684647212476;
2,1000,False,False,False,1.0,745.549223252803;782.2022825204283;,654.3231342340655;800.0524212017826;
2,1000,False,False,False,1.0,895.8962987339944;776.8661244743494;,525.9630809751465;1284.6073701693795;
2,1000,False,False,False,1.0,647.1220809638002;907.7763131385682;,871.5175289341221;1474.9285042943038;
2,1000,False,False,False,1.0,1234.0336657547641;2573.3198020669565;,662.8266298818535;580.0016079400251;
2,1000,False,False,False,1.0,1138.6101081799577;695.3624403229065;,1788.477668094086;1023.1281778691838;
2,1000,False,False,False,0.5,612.9692242568194;,389.9811209493974;
2,1000,False,False,False,1.0,388.87450410516936;697.146706366174;,485.7614672559793;1173.163665248208;
2,1000,False,False,False,1.0,537.8402333785691;1043.3287543457313;,933.5396563120976;955.2081095619442;
2,1000,False,False,False,0.5,172.48740459834144;,53.43694368888224;
2,1000,False,False,False,1.0,1119.0944082321437;1286.4948341089366;,829.1477138974103;1863.9162916200112;
2,1000,False,False,False,1.0,604.3792845335008;1160.2375176537348;,1646.7093408485266;699.8378811052376;
2,1000,False,False,False,1.0,399.8893815441003;1186.5211360674766;,829.5860313615672;903.8747365749845;
2,1000,False,False,False,0.5,1230.6632045447777;,989.0986259119649;
2,1000,False,False,False,1.0,528.6714992103706;375.778338574084;,465.78240030842096;1283.1740294725653;
2,1000,False,False,False,0.5,690.1767639461237;,703.7219098780577;
2,1000,False,False,False,1.0,884.5835641745599;962.662170144062;,693.2306372216964;1346.232067475606;
2,1000,False,False,False,1.0,754.9433675575523;2410.358843339566;,566.587494323977;2131.7795252024976;
2,1000,False,False,False,0.5,233.6277410028185;,323.30275152939345;
2,1000,False,False,False,1.0,365.71794752371954;817.9098755958561;,308.0239449229933;625.9608300252145;
2,1000,False,False,False,1.0,273.29487718769633;840.1874800522553;,591.7503701345316;624.6308551889845;
2,1000,False,False,False,1.0,677.2858713100361;1483.535508770822;,1073.4905898729883;1632.558907279685;
2,1000,False,False,False,1.0,926.1086861911368;522.721466268555;,504.01120717439335;566.170688885794;
2,1000,False,False,False,1.0,951.1768270416211;5804.79231299475;,258.4268440536673;236.39613556357958;
2,1000,False,False,False,1.0,455.1026121100879;980.4888011500248;,416.0004174567012;673.0094106819262;
2,1000,False,False,False,1.0,804.5086969886615;1020.7185564403869;,818.4204198809009;2650.723129617106;
2,1000,False,False,False,1.0,216.83142487476;604.230675224747;,320.8719258027897;1496.107857317751;
2,1000,False,False,False,1.0,340.6772417004048;856.3153306571212;,316.6075586633898;926.3679713539918;
2,1000,False,False,False,1.0,340.70397649461245;505.514873674621;,1125.3980135913762;548.8991788443016;
2,1000,False,False,False,1.0,748.2695662873921;587.1222977175764;,693.9254561456956;727.1491097127439;
2,1000,False,False,False,1.0,706.9848763829444;655.7782617794741;,587.2634337023637;868.8193173887208;
2,1000,False,False,False,1.0,947.0871290290897;699.8085221770942;,1053.9615319306865;737.9996525840769;
2,1000,False,False,False,1.0,1029.7499691131572;269.8864639448944;,406.56926833738453;281.40818891778076;
2,1000,False,False,False,1.0,1156.9814808269834;596.4732134482706;,757.7625194557625;870.4133423049726;
2,1000,False,False,False,0.5,1417.1801737190224;,1167.2198793893047;
2,1000,False,False,False,1.0,622.5879646972478;594.7870485610819;,440.3632729363382;728.1872468920945;
2,1000,False,False,False,1.0,535.4011287409088;976.9227874387987;,914.5985854091883;1672.529592687421;
2,1000,False,False,False,1.0,440.499725436103;837.7384413291211;,1341.8661946071256;1459.7328464710233;
2,1000,False,False,False,1.0,78.44551722690301;1101.0859936987993;,135.0609954614133;916.7447596292357;
2,1000,False,False,False,1.0,207.5439061438135;685.526505159329;,1485.93838744886;790.1952913714633;
2,1000,False,False,False,1.0,207.6886582489347;1783.2116632851985;,646.3577875665211;1479.9963960357472;
2,1000,False,False,False,0.5,559.3520210415921;,356.37175193358337;
2,1000,False,False,False,1.0,1373.8750016623017;605.7645489621272;,1057.2902768431588;1130.5883495444555;
2,1000,False,False,False,1.0,2476.188523079211;946.5771155222008;,1136.9984979240548;283.44304410204023;
2,1000,False,False,False,1.0,1291.664281024553;651.7349893663352;,260.96202951160905;441.8737183503754;
2,1000,False,False,False,1.0,389.2194548562878;1112.9619913882523;,391.99225705735324;1056.6654832720467;
2,1000,False,False,False,1.0,1270.6027554398859;525.5084367713002;,1518.7068570415197;1192.8296934878974;
2,1000,False,False,False,0.5,717.0318238218681;,1018.145158783917;
2,1000,False,False,False,1.0,743.2799388419595;1700.3845274209225;,353.15300109307736;1650.4696326414664;
2,1000,False,False,False,1.0,844.8971834454806;606.9928925688642;,899.6604864325939;286.9507643310844;
2,1000,False,False,False,1.0,938.3486626173622;593.7915439968859;,879.7296267036614;312.7705600543064;
2,1000,False,False,False,1.0,391.6301279314098;9481.692209992601;,415.74277798194;809.0040208871509;
2,1000,False,False,False,1.0,1605.3776200719542;777.6963188613595;,1246.5197388603647;416.4575891458335;
2,1000,False,False,False,,,
2,1000,False,False,False,1.0,1671.6235442357745;414.583379562492;,672.080435162651;1147.7697756603877;
2,1000,False,False,False,,,
2,1000,False,False,False,1.0,1401.361117037606;1252.2736369396678;,903.4653737885226;682.6533262518909;
2,1000,False,False,False,1.0,231.0038372243248;1005.6562408671705;,219.64155735842604;1949.5995197737334;
2,1000,False,False,False,1.0,835.3782770377178;222.55501905399137;,57.759022118721376;552.0113048712819;
2,1000,False,False,False,1.0,603.9975504234156;495.848451964174;,454.7591656973405;671.9442312532474;
2,1000,False,False,False,1.0,541.1923075980263;909.6975183988488;,1014.1247396306263;468.91669073052975;
2,1000,False,False,False,1.0,1011.3388348903261;1705.2581503868475;,900.8566055514805;1313.5897357537008;
2,1000,False,False,False,1.0,846.5464101275993;546.8560093896458;,1567.901708162414;736.0791469415237;
2,1000,False,False,False,1.0,525.237498500931;1178.0806648990279;,452.4075893689754;1091.8352222016326;
2,1000,False,False,False,0.5,449.0935224315939;,157.42895368217708;
2,1000,False,False,False,1.0,579.0959524790353;720.7494913089963;,554.8165894898883;720.3139332488821;
2,1000,False,False,False,1.0,598.2392986640484;2424.7929813655996;,633.0178029618992;1450.1598431544592;
2,1000,False,False,False,1.0,237.46274377811133;919.6460290227502;,257.81945607618553;979.2358162587889;
2,1000,False,False,False,0.5,583.6275126397693;,972.0713041785457;
2,1000,False,False,False,1.0,1898.2984433881038;1270.3597846290154;,602.4308005704199;936.8274444088307;
2,1000,False,False,False,1.0,747.2084341527343;442.93573631691004;,673.8663200184183;1028.0006727668253;
2,1000,False,False,False,1.0,413.89929231289733;365.03211481908147;,502.8472608189672;351.81076191467776;
2,1000,False,False,False,0.5,305.42906501933703;,382.6535640668934;
2,1000,False,False,False,0.5,1232.3458958214228;,772.0404575766302;
2,1000,False,False,False,1.0,316.3041740552506;664.0410477317381;,287.67553497153403;844.3202993735443;
2,1000,False,False,False,1.0,1536.8375832832255;2047.9030533138791;,1101.853620755091;482.8690421267218;
2,1000,False,False,False,1.0,141.49910090949848;922.1854016746336;,490.1327402937285;1562.6485112572043;
2,1000,False,False,False,1.0,1242.005233463935;742.5685283177618;,1140.9863303088625;318.2480399060981;
2,1000,False,False,False,1.0,1594.2616005305931;1767.62856072931;,682.1949849385488;1063.305784083317;
2,1000,False,False,False,1.0,297.20753456417606;890.0788892686337;,713.3840623372971;616.3331664669379;
2,1000,False,False,False,1.0,1979.506204679469;328.5876345893473;,724.0936439599719;877.6733790584146;
2,1000,False,False,False,1.0,964.1688510695442;878.313999976451;,885.4107888584219;559.506314686115;
2,1000,False,False,False,1.0,517.6683444529672;824.9504863733179;,219.53733548272595;1230.1102380612926;
2,1000,False,False,False,1.0,220.39092941826664;1838.59506738782;,757.1242537002217;849.7807569017435;
2,1000,False,False,False,1.0,953.8438879332174;425.79974639683985;,1467.7367057069857;522.0843840419379;
2,1000,False,False,False,1.0,760.2602978231099;491.42140978350875;,563.4499940156827;803.7767681530796;
2,1000,False,False,False,1.0,1010.9468325100846;659.3061978858699;,1147.4628011132131;1523.2925936071542;
2,1000,False,False,False,1.0,1358.5053878346475;1495.2438933704443;,1281.8274869922259;598.0317427619501;
2,1000,False,False,False,1.0,332.8123150537115;967.1400678106654;,485.4132813911473;1745.7355098019575;
2,1000,False,False,False,1.0,548.40871318531;1215.6530360636768;,581.1585440831454;1411.0283778426983;
2,1000,False,False,False,0.5,1604.030358753071;,1287.0473764603478;
2,1000,False,False,False,1.0,166.8865350446462;607.6217595654861;,332.3986847284118;803.4665290233513;
2,1000,False,False,False,0.5,1386.616618351795;,456.2604120764886;
2,1000,False,False,False,1.0,1724.810060983995;647.6933875935819;,689.4295076646895;328.63376542341;
2,1000,False,False,False,1.0,627.076311276808;719.6721328640409;,1003.0899905641181;989.9168195293638;
2,1000,False,False,False,1.0,1522.7172812537653;2234.2824460323773;,823.730507048462;2012.4625023321742;
2,1000,False,False,False,1.0,787.5943522753319;780.333203496342;,882.7884786370462;581.443708902385;
2,1000,False,False,False,1.0,314.68084354912423;346.45202547844843;,1268.69646749304;751.0110175790201;
2,1000,False,False,False,1.0,98.58646549601599;701.6104340220506;,682.4978840923615;253.96797290225098;
2,1000,False,False,False,1.0,828.4810327683628;313.4795628999188;,1150.1445658519722;326.16824196390866;
2,1000,False,False,False,1.0,960.769921117738;818.8853785319175;,1143.6268879905995;1317.3253490118425;
2,1000,False,False,False,0.5,741.1382563564478;,1444.6692459207195;
2,1000,False,False,False,1.0,1500.0239974532258;439.43675793775867;,1331.3657226316177;1914.5640320963098;
2,1000,False,False,False,1.0,1062.7808095734522;553.2145378986374;,1369.1691345105487;750.3116482307119;
2,1000,False,False,False,1.0,435.81134749958693;1545.3387764323384;,504.8138233794035;793.7735358450109;
2,1000,False,False,False,1.0,694.9045339516068;338.43189798021507;,561.1060482156552;319.2657431646649;
2,1000,False,False,False,1.0,415.4644284030915;1024.8344191795113;,452.62177524346407;535.4384562951717;
2,1000,False,False,False,0.5,1060.2715698040643;,674.5048546370068;
2,1000,False,False,False,0.5,377.6524419894477;,1023.2001954962521;
2,1000,False,False,False,1.0,807.7560674559393;1792.4047569803242;,73.07339107326203;965.9824440514964;
2,1000,False,False,False,1.0,1080.2169853837445;545.2713744545819;,760.7841825490004;33.66154614223116;
2,1000,False,False,False,1.0,1296.3490169221732;556.4387824622827;,924.6193413313717;880.3408136171448;
2,1000,False,False,False,1.0,505.6886195083577;1310.0340104911818;,813.8631432189803;1544.9164933894886;
3,1000,False,False,False,1.0,658.6561541238933;781.0667478400549;2982.460389539235;,1799.7040014160384;140.70670134535914;541.8228097962246;
3,1000,False,False,False,0.6666666666666666,118.7082674548753;1343.0169857292526;,259.7498851056003;850.28763183294;
3,1000,False,False,False,0.6666666666666666,1344.4718187078458;576.9517703207702;,761.1004326374881;781.4618063061237;
3,1000,False,False,False,0.6666666666666666,1803.5608664279737;919.2837634983775;,338.4417294193918;1069.9545006252722;
3,1000,False,False,False,0.6666666666666666,1125.0125266109903;721.7324145019288;,720.2186354953711;148.11969700329027;
3,1000,False,False,False,0.6666666666666666,2090.0714354868605;1755.2420670583892;,684.2682588345938;1320.0812363135092;
3,1000,False,False,False,0.6666666666666666,683.4371483497255;663.3921458165102;,1345.0119997406869;158.9389543454411;
3,1000,False,False,False,0.6666666666666666,400.8704863870692;568.8139041287407;,962.9855450207598;1031.7274887113383;
3,1000,False,False,False,0.6666666666666666,1082.4001718178617;282.14522153872207;,629.4790632310189;382.16940106065334;
3,1000,False,False,False,0.6666666666666666,1112.5999327508166;2390.827755232495;,1675.40011281408;358.06894179958556;
3,1000,False,False,False,0.6666666666666666,338.16558724140765;657.7666822365859;,260.20197438533046;576.0598003591966;
3,1000,False,False,False,0.6666666666666666,929.484534183932;1048.292890152705;,1413.7659502488598;777.169755784569;
3,1000,False,False,False,0.6666666666666666,702.2632171067918;1041.8940604446288;,370.5787091042582;1123.8795136698689;
3,1000,False,False,False,0.6666666666666666,1267.933047294091;291.06339672603445;,950.0773294497351;339.8894617284973;
3,1000,False,False,False,1.0,1346.4657006378873;407.15417850565603;849.8057370180464;,1153.2401965446172;1453.6073749869915;538.827662188591;
3,1000,False,False,False,1.0,1194.2928244675;779.6843796933017;847.6226701957627;,735.6237675866477;947.3248572489456;1173.2377138609586;
3,1000,False,False,False,0.6666666666666666,884.4690340989628;211.66648760140265;,1233.0856128084647;741.1313427020367;
3,1000,False,False,False,0.6666666666666666,301.1950681558262;6493.130657281174;,259.36806727119836;1399.1837188963939;
3,1000,False,False,False,0.6666666666666666,1042.7107915314577;996.8015730432096;,1642.2612543831508;707.7575635885692;
3,1000,False,False,False,0.6666666666666666,836.319205071184;831.6336031776495;,581.6875948576062;1148.7669945002133;
3,1000,False,False,False,1.0,1051.0612151748307;612.559665465248;1158.808918318422;,218.426867199819;380.8082418913216;419.37457643892685;
3,1000,False,False,False,0.6666666666666666,1394.7081466257177;741.6149554648783;,1081.4592297593556;378.1679194383494;
3,1000,False,False,False,0.6666666666666666,1498.183038783944;527.0110011832305;,1391.7528212295917;1322.1082336450625;
3,1000,False,False,False,0.6666666666666666,899.8707618693524;677.818104379314;,457.3056902143469;264.52940117233567;
3,1000,False,False,False,1.0,376.2839538383054;860.9090063300594;2049.1641549587666;,995.5526986383755;778.3290207128082;469.07000475889373;
3,1000,False,False,False,0.6666666666666666,302.0424112088883;2253.824093160047;,454.55993919876863;185.0185413109406;
3,1000,False,False,False,1.0,687.579554664871;292.8196855705171;901.3561145605825;,1439.0364184889195;1040.6911707702097;860.6091975784507;
3,1000,False,False,False,0.6666666666666666,493.0355270364079;2248.2302139432086;,269.54667693027295;482.57442581524225;
3,1000,False,False,False,0.6666666666666666,293.30650132505383;410.4748484677003;,931.1617838128078;707.6081458608185;
3,1000,False,False,False,1.0,1041.984577693974;235.83275014674348;1461.994265510826;,1248.7761622156236;1106.9172647676469;713.9764807574601;
3,1000,False,False,False,0.6666666666666666,2006.7354231128174;690.2218108624185;,1729.9092672930506;448.0557893567474;
3,1000,False,False,False,0.6666666666666666,398.46201075815975;1065.2192705202388;,264.57907607449306;744.1135034229708;
3,1000,False,False,False,1.0,371.0301667689006;289.64096304427625;352.11204710214815;,533.5718941494392;547.1125696266929;334.65772754211105;
3,1000,False,False,False,1.0,442.505235308683;1111.2728273046762;865.20603080159;,468.73128403137696;1013.4345107429888;446.36765892278066;
3,1000,False,False,False,0.3333333333333333,478.0051126700287;,573.190621930577;
3,1000,False,False,False,0.6666666666666666,1205.4824884433035;1426.2817961307085;,948.1876359086075;1144.4646394317263;
3,1000,False,False,False,0.6666666666666666,1374.022366364568;2540.526042306445;,186.77427158433113;1431.5500239336886;
3,1000,False,False,False,0.6666666666666666,234.1495218834558;733.8481785385977;,1072.9868620648924;931.3834409018259;
3,1000,False,False,False,0.6666666666666666,1421.0771922097738;523.8925551594658;,717.586458579311;911.761752889079;
3,1000,False,False,False,1.0,1089.4119269520938;1180.4065956271857;395.5364159165735;,528.3686540716245;1637.3724482515233;406.801711373613;
3,1000,False,False,False,1.0,1132.209781573442;1021.8944099061586;725.6438661726537;,776.6767430791188;889.3436958693169;1005.005902528338;
3,1000,False,False,False,0.6666666666666666,737.8223484097658;1259.8806131616893;,1036.0405995558108;1290.722310830355;
3,1000,False,False,False,0.6666666666666666,366.90951746621124;754.8852855667964;,559.3021809483118;1228.9524406675635;
3,1000,False,False,False,0.6666666666666666,5640.898323133396;776.1242765754586;,714.6408461194172;1232.0200661511126;
3,1000,False,False,False,0.6666666666666666,745.1412369984906;658.1221493101096;,1250.277355226824;764.5122486772304;
3,1000,False,False,False,0.6666666666666666,784.1691541071999;1007.1463119052436;,932.1304019742923;728.572473117723;
3,1000,False,False,False,0.6666666666666666,369.8678801930817;671.0828577774716;,437.7534856915957;1344.5194098153004;
3,1000,False,False,False,0.6666666666666666,1001.2407420705418;2141.9537852174526;,1301.2894321387223;1213.0276127697061;
3,1000,False,False,False,1.0,1224.979526498356;1483.2328469649854;1045.2226338748826;,1223.9566624298154;1531.705836124025;696.6750985603646;
3,1000,False,False,False,0.6666666666666666,611.4561841230019;527.6449451796484;,547.8548400403765;1608.6282717526892;
3,1000,False,False,False,0.3333333333333333,156.1192190395622;,484.36785151989756;
3,1000,False,False,False,0.6666666666666666,202.34497508757352;1050.655359991537;,362.8859909277025;905.5989962778314;
3,1000,False,False,False,0.6666666666666666,1839.2115168567213;442.63665225570946;,1175.8999281828512;1448.6537335105436;
3,1000,False,False,False,1.0,1649.5862414386368;177.46068478574026;870.1343034152386;,1324.945812291385;1544.4710930300587;375.5847961792204;
3,1000,False,False,False,0.6666666666666666,2085.813026217894;665.2222945032304;,1205.6294353705796;751.3635668657729;
3,1000,False,False,False,0.6666666666666666,1322.974026458616;1729.6898960774038;,1195.785510341849;1574.7740263989765;
3,1000,False,False,False,1.0,373.47300214641155;874.5239225983497;840.8783898697145;,314.16211474009503;1198.4185283921788;576.6906566444294;
3,1000,False,False,False,0.6666666666666666,992.694773383784;975.0971721752395;,990.879850246688;671.4147427054002;
3,1000,False,False,False,0.3333333333333333,459.2669415798505;,617.8217542584478;
3,1000,False,False,False,0.6666666666666666,1224.7177469982241;534.3016002704795;,726.6575120387879;1433.450727204224;
3,1000,False,False,False,1.0,737.2828447702456;1250.730470841849;691.8059843360156;,995.1377856341178;1658.8663278603294;881.1437851818455;
3,1000,False,False,False,0.6666666666666666,1540.1339886832675;511.57144306742464;,537.0356208695666;677.152583142743;
3,1000,False,False,False,0.6666666666666666,1316.7499249169953;740.877237165575;,742.8292374130397;943.948224252025;
3,1000,False,False,False,0.6666666666666666,1052.3015823346761;2832.2134271194795;,1300.6086007919648;937.9620953052345;
3,1000,False,False,False,0.6666666666666666,605.589727412872;2093.6318146979697;,661.7273924302567;941.976069079793;
3,1000,False,False,False,0.6666666666666666,1395.873886560752;726.3342160658082;,1414.1076702594278;507.2403200389767;
3,1000,False,False,False,1.0,335.48657280544865;765.3000241973957;2142.1772447810317;,1105.2334672103723;1125.3798764951132;936.2731158473023;
3,1000,False,False,False,0.6666666666666666,4029.5233082003638;575.2323249926102;,610.39239330634;916.587170321847;
3,1000,False,False,False,0.6666666666666666,540.132992559199;3170.5476399700674;,288.6096456555918;287.81695847525185;
3,1000,False,False,False,0.6666666666666666,396.4717098308083;621.9256109269867;,354.78030089243504;489.41419907554535;
3,1000,False,False,False,0.6666666666666666,581.9815451829129;1366.4354840291564;,1085.5475717479112;705.1618690216268;
3,1000,False,False,False,0.6666666666666666,211.56306822514364;937.4576862694763;,265.7117495496486;911.5719823586021;
3,1000,False,False,False,0.6666666666666666,306.07209289699637;2635.5642869044264;,370.1166906403596;372.67020647864643;
3,1000,False,False,False,0.6666666666666666,926.8883034426084;2290.0317618076165;,939.0184723736359;854.8006367949109;
3,1000,False,False,False,1.0,1107.5032072745942;727.5292826855157;1379.275023370766;,191.4169529771433;1039.4316586863984;987.0035705118956;
3,1000,False,False,False,1.0,1270.7053412136781;531.9558452305365;781.9916372804494;,317.08365032096503;804.4326835932394;1087.4487308582648;
3,1000,False,False,False,0.6666666666666666,891.0988526288162;620.1016614057909;,465.94341021452243;780.3600104099623;
3,1000,False,False,False,0.6666666666666666,2124.003357879397;745.8587426273051;,338.05571993799805;666.0100518771393;
3,1000,False,False,False,0.6666666666666666,1024.9802239233916;1994.3888909198708;,670.7590376653195;443.19264377602434;
3,1000,False,False,False,0.6666666666666666,494.1752259158963;1240.620595833013;,490.6634472529754;1295.757306188489;
3,1000,False,False,False,0.6666666666666666,884.5160535502589;1427.3670161671043;,960.7953416801336;513.1164593858357;
3,1000,False,False,False,0.6666666666666666,939.2202873297778;1436.568199135331;,342.0920181535184;288.30437728299756;
3,1000,False,False,False,0.6666666666666666,171.37154231975634;618.7219910290687;,167.43812830082405;790.0197304699491;
3,1000,False,False,False,0.6666666666666666,3104.3924951682793;350.2571220074879;,441.3599208784979;293.14928749251726;
3,1000,False,False,False,0.6666666666666666,677.1197880199527;938.6504248831925;,1181.3063006438767;910.3837940003442;
3,1000,False,False,False,0.6666666666666666,1069.8596360919476;1171.7151030148127;,249.02044280523808;1109.5021145232631;
3,1000,False,False,False,0.3333333333333333,693.2796329706472;,778.0083893382613;
3,1000,False,False,False,0.6666666666666666,464.13195603814177;800.4997460633904;,389.84597023548;1190.2516241055466;
3,1000,False,False,False,0.6666666666666666,1222.6542550553288;1390.3960464776367;,1293.5181136034344;1099.8278223999853;
3,1000,False,False,False,0.6666666666666666,1133.7463104474896;610.7886277041076;,614.505270546849;1386.5547387167508;
3,1000,False,False,False,1.0,1094.3184871003314;847.8371544773967;631.3935868918945;,1018.1979246698733;1082.542657300686;748.6905834244138;
3,1000,False,False,False,0.6666666666666666,481.4591212418201;826.8103676919065;,1496.823428026512;601.910550016967;
3,1000,False,False,False,0.6666666666666666,800.9194987303356;2039.3034395639238;,547.5944461621564;1907.4603388560013;
3,1000,False,False,False,1.0,452.5480018684054;2154.455365578463;2130.993326586957;,851.3778850573514;1548.868756469084;291.6095492132454;
3,1000,False,False,False,0.6666666666666666,603.8347700580554;412.01862325601456;,854.3703644373786;451.97256327512366;
3,1000,False,False,False,0.6666666666666666,864.0108294308326;1243.394464898287;,302.97124559123597;614.4515387783567;
3,1000,False,False,False,1.0,1082.9437756849613;3215.308215898008;414.37370101030064;,1277.5312488547352;826.5339230253545;1130.0391949246728;
3,1000,False,False,False,1.0,1467.3194438043301;1188.6684301022192;819.4857669217764;,525.5280728967856;258.7981180827213;1384.6229206498178;
3,1000,False,False,False,0.6666666666666666,1789.5787655650106;657.9529565200793;,750.2795973196587;972.8004293064333;
3,1000,False,False,False,0.6666666666666666,1679.2153257980356;5063.797481376545;,589.9586853957478;858.2891648915474;
3,1000,False,False,False,0.6666666666666666,1021.3878597537768;1141.6687528208427;,292.08675476447524;614.1603272992655;
3,1000,False,False,False,0.6666666666666666,257.4786142788849;795.3459932266309;,1202.1238817309993;1122.4189102998769;
3,1000,False,False,False,1.0,1198.2442003798037;868.037610982106;2496.456378778206;,966.7975430600474;1166.2861261640228;1121.5772194070173;
3,1000,False,False,False,0.6666666666666666,647.2654764317944;2720.4364719989626;,1213.9205998236457;646.4499378667907;
3,1000,False,False,False,0.6666666666666666,837.7213195543674;1935.7615621645152;,1044.1998605272354;426.6843395065135;
3,1000,False,False,False,1.0,158.50097248244836;789.0058838353276;644.3937514552506;,670.3708327027829;502.9434111100202;889.5885393084708;
3,1000,False,False,False,0.6666666666666666,1192.947185189126;633.4651570825771;,700.8050646990808;756.0487266385387;
3,1000,False,False,False,0.6666666666666666,1310.5980690195336;230.7970891603116;,1602.2844983711302;466.49090829567365;
3,1000,False,False,False,0.6666666666666666,395.51815600818776;842.8278204286287;,788.237286128699;760.431163757084;
3,1000,False,False,False,1.0,265.31027408509544;373.2531560013306;400.2723953190928;,290.22020369006714;276.74984512606744;162.21654875575155;
3,1000,False,False,False,0.6666666666666666,1054.8168229157945;892.6169539230724;,827.8912200138923;1222.452826278238;
3,1000,False,False,False,0.6666666666666666,1076.7544284619535;465.26996818691384;,441.4203762047484;1422.8090292937914;
3,1000,False,False,False,0.6666666666666666,515.9541868798567;635.7188784141284;,661.0324874395992;343.41944997059545;
3,1000,False,False,False,1.0,615.0211319383391;459.8099421457157;341.8249163326485;,769.8637804519182;735.1154882809965;251.56855496592107;
3,1000,False,False,False,0.3333333333333333,1218.2669894767637;,1208.1483954152293;
3,1000,False,False,False,0.6666666666666666,251.1806160937378;291.99631699167276;,297.0958870336251;563.491208043474;
3,1000,False,False,False,0.6666666666666666,573.9677692784131;1050.1520763943001;,1212.8567340725438;991.514879553402;
3,1000,False,False,False,0.6666666666666666,1803.1249963902933;293.9379527537528;,476.074412363063;619.0833543773898;
3,1000,False,False,False,0.6666666666666666,1121.1041079432512;597.2123767829004;,1072.6499084394125;676.0025917330936;
3,1000,False,False,False,0.6666666666666666,238.0086311816577;1158.2273712413887;,411.79455908221587;873.1349588296947;
3,1000,False,False,False,0.6666666666666666,421.2407798885877;308.6694675313871;,959.6184943399439;269.32157708892316;
3,1000,False,False,False,1.0,340.94287511055694;821.4396431861092;722.6407554015777;,690.5996935173902;1048.9939110176128;890.3242623848195;
3,1000,False,False,False,1.0,813.9047227043386;438.5443076532267;2035.997355594354;,738.7922672769055;716.6700743112599;627.361813079704;
3,1000,False,False,False,0.6666666666666666,183.66802233980187;381.5007148620588;,623.1694855623882;525.104876358399;
3,1000,False,False,False,0.6666666666666666,590.4967342176594;665.7714475503175;,809.8216357595088;522.1237331013778;
3,1000,False,False,False,0.6666666666666666,739.3126853534845;1108.8015451596434;,263.4369822315913;551.137193628599;
3,1000,False,False,False,0.3333333333333333,416.30352506136666;,863.8645747949205;
3,1000,False,False,False,0.6666666666666666,1238.1400617943423;3058.7406963532217;,145.77281117497483;224.39977407994016;
3,1000,False,False,False,1.0,538.7852372356135;1673.1561618331;692.3100015730045;,674.3732217639865;1213.1319988541431;1457.1608849466397;
3,1000,False,False,False,1.0,563.6854363149675;225.8949658272654;302.0551023572144;,970.3351018884251;570.7846923531268;880.7467996891905;
3,1000,False,False,False,0.6666666666666666,364.3639446088827;178.1382646692436;,665.8836861600829;1142.1512268658591;
3,1000,False,False,False,0.6666666666666666,117.01717705215357;1438.5598586909864;,393.3938089529446;1539.0472340493577;
3,1000,False,False,False,1.0,1151.974372464783;625.2798103476074;662.8194931425376;,1072.765885565856;447.03262143517986;587.6473449168146;
3,1000,False,False,False,0.6666666666666666,632.8851645564488;1153.0538626203347;,1255.1177261225814;1138.5962971807037;
3,1000,False,False,False,1.0,1532.1011140591233;426.10689494816546;488.746652239676;,1044.6742079504054;491.9722541489739;1112.3255646491727;
3,1000,False,False,False,1.0,424.562699159772;1489.280762224658;968.8952278872306;,530.573813740961;931.2523563300158;917.2296469499122;
3,1000,False,False,False,0.6666666666666666,696.5696839637309;771.716942636126;,330.02672277531366;659.2544060457437;
3,1000,False,False,False,0.6666666666666666,2730.9987265257296;850.0031119791192;,344.78347388772613;414.99577987512237;
3,1000,False,False,False,0.6666666666666666,1709.5045337692889;766.2129381829377;,841.6229129785498;1549.712828314472;
3,1000,False,False,False,0.6666666666666666,347.48299771227596;3253.7287800354807;,653.2555790214062;600.1246896703854;
3,1000,False,False,False,1.0,134.6015906683606;465.1018453326997;814.9313547952769;,435.334605223101;917.365463549597;1186.5874363514185;
3,1000,False,False,False,0.6666666666666666,1196.892254296523;1047.6550945345846;,1137.4923267212241;1164.9121131720378;
3,1000,False,False,False,0.6666666666666666,848.6328928406665;220.33976113429873;,1257.8305227393707;432.4864412680917;
3,1000,False,False,False,0.6666666666666666,114.8265434403465;3296.0979833366478;,349.8194294398373;1966.3056215858055;
3,1000,False,False,False,0.6666666666666666,2142.8876031939594;873.7244100935183;,414.48473400022726;705.9281873239415;
3,1000,False,False,False,0.6666666666666666,876.3064194428201;2299.0389801588467;,252.80492654338437;1551.3032748730932;
3,1000,False,False,False,0.6666666666666666,1055.155620325674;3458.3559267858645;,1048.405960433776;1673.5641318228772;
3,1000,False,False,False,1.0,108.05307221541364;427.1514061678521;632.3272532677466;,554.1003040065219;561.6277208087891;274.40346690581237;
3,1000,False,False,False,0.6666666666666666,720.2541640260932;1455.668233160123;,1706.1285728619594;418.0011649370329;
3,1000,False,False,False,0.6666666666666666,209.73112954919188;2620.0903432379087;,1322.4002872312983;929.8185472355985;
3,1000,False,False,False,0.6666666666666666,92.64510949348518;955.6684483229029;,446.453332100393;424.5100383774813;
3,1000,False,False,False,0.6666666666666666,341.63914934167025;815.1223629731543;,526.5878044641104;597.7892950151702;
3,1000,False,False,False,0.6666666666666666,154.9577831389336;3895.156393749446;,290.40030587355335;577.1744233203282;
3,1000,False,False,False,0.6666666666666666,66.42484767395639;429.97565507868177;,132.15996507866825;630.3233166165078;
3,1000,False,False,False,0.6666666666666666,802.209077881312;338.6744979052499;,251.16082761858686;158.39988187156203;
3,1000,False,False,False,0.6666666666666666,322.5041362198689;270.54977324163457;,726.1015840297976;1320.318616860158;
3,1000,False,False,False,1.0,829.8829063114771;353.2585175754212;834.8651380497334;,1009.1318341299917;484.51361302659006;888.4366223341013;
3,1000,False,False,False,0.6666666666666666,461.4211819799194;517.0021687471288;,1351.6980859077153;470.66906065167103;
3,1000,False,False,False,1.0,375.3122604873903;447.0174875947181;1531.5347357659941;,1236.7928545145774;512.9558901053335;90.75801174326682;
3,1000,False,False,False,0.6666666666666666,313.80438858429;3897.7768533714043;,142.33255091944721;2041.1670487779468;
3,1000,False,False,False,0.6666666666666666,771.1847841643676;547.0607584037052;,329.52561316287324;911.9324455957826;
3,1000,False,False,False,1.0,671.3272231887469;2692.3603185530433;2089.1522431542503;,412.6805598920721;972.0306839579026;1131.7030740187238;
3,1000,False,False,False,0.6666666666666666,1031.3421772165718;91.37920144698843;,235.7737337809954;394.73718388700945;
3,1000,False,False,False,1.0,1044.3186673548953;420.21063857950907;794.0446733361636;,554.4428235516791;1035.9220430972512;890.3391197306664;
3,1000,False,False,False,0.6666666666666666,665.2603297683406;651.1219438100759;,563.8397059877087;1323.503723938414;
3,1000,False,False,False,0.6666666666666666,846.6012915846632;2977.0001137880245;,282.71110037412717;605.3647280586464;
3,1000,False,False,False,0.6666666666666666,1317.3789828508238;2167.8380744855313;,1404.9925301734659;1539.024939026626;
3,1000,False,False,False,1.0,1034.2833747824275;924.8767997511853;1228.0054855882133;,570.213324283436;356.13967169846296;1340.6602357562745;
3,1000,False,False,False,0.6666666666666666,1191.5119511287596;1357.908120165231;,2412.8243469141685;611.4334281748154;
3,1000,False,False,False,0.6666666666666666,2001.8305052105445;616.9702175577519;,833.0452357419483;1619.6711409787385;
3,1000,False,False,False,0.6666666666666666,1943.4744582563815;1283.1238682769472;,2104.6272602042523;1266.6727972023934;
3,1000,False,False,False,0.6666666666666666,1469.6996170528728;367.6795933805938;,1032.3446118712202;631.5764663784175;
3,1000,False,False,False,0.6666666666666666,283.74087635105525;1196.5142490429466;,594.9511671679255;252.9806884916838;
3,1000,False,False,False,1.0,702.1271919666382;494.04200643988787;570.3608136521169;,1012.7156756639969;1028.8625702194238;1061.251309973239;
3,1000,False,False,False,1.0,146.35537645471297;347.677928015856;520.675444344086;,1143.9537677434396;866.3790306525631;630.4120087860401;
3,1000,False,False,False,0.6666666666666666,580.671263442352;806.1531256473781;,1237.3042903051235;766.4153862242779;
3,1000,False,False,False,0.6666666666666666,260.8855081267223;2052.6844802547666;,329.59388066265035;813.2030685107342;
3,1000,False,False,False,0.6666666666666666,641.5288077918188;1336.0864694278885;,1050.791498027114;1024.9192907049924;
3,1000,False,False,False,1.0,1932.4834028988187;3694.659631641579;753.862844043592;,1057.3710148963016;969.9135609401294;1273.3323850915945;
3,1000,False,False,False,0.6666666666666666,810.3709277316802;2745.9171098050356;,1550.6973067899467;1442.6353302292596;
3,1000,False,False,False,0.6666666666666666,528.1589384085325;2244.074326117621;,403.18800091493375;369.8277967007748;
3,1000,False,False,False,1.0,93.1900553511219;1515.4782092154508;1043.1013170874812;,616.390132609687;1577.2340649732132;252.88016041849426;
3,1000,False,False,False,0.6666666666666666,219.002652467478;689.2528409067446;,601.0634635183736;1065.66952451187;
3,1000,False,False,False,0.6666666666666666,580.3705478096291;2158.672702409024;,181.27064088526583;477.96440563811416;
3,1000,False,False,False,0.6666666666666666,804.8001560398853;858.0671436671224;,409.97263831245556;1121.2609155007435;
3,1000,False,False,False,0.6666666666666666,1857.5478835488254;2102.1133169403843;,824.3930593860164;1116.8871455444562;
3,1000,False,False,False,0.6666666666666666,1335.9815621214134;759.3095771662427;,282.2038256911309;498.7018464337714;
3,1000,False,False,False,0.6666666666666666,698.6854866359034;1210.1238239795564;,590.7905108872881;1011.3248497653717;
3,1000,False,False,False,0.6666666666666666,1051.7632620443292;4187.936242911127;,1158.1893227307667;1838.9430650846768;
3,1000,False,False,False,0.6666666666666666,590.4919059479863;1527.324703352284;,838.0694438747015;1141.9482814004664;
3,1000,False,False,False,1.0,521.2588974308335;2112.942268572234;923.5421557318717;,946.0146188431223;1885.025394545368;489.03803984862765;
3,1000,False,False,False,0.6666666666666666,696.3720255542446;2124.5439681643534;,454.86034925072573;296.889931153131;
3,1000,False,False,False,0.6666666666666666,948.2287879674036;643.1753808309543;,388.34535010145424;519.2891389819505;
3,1000,False,False,False,0.6666666666666666,1001.189542880253;853.6649717640099;,1310.941727463932;610.2026829531565;
3,1000,False,False,False,0.3333333333333333,412.49701695028773;,739.3275712739058;
3,1000,False,False,False,0.6666666666666666,645.2297081857296;1221.2973075707373;,307.17670214362425;479.70520921270355;
3,1000,False,False,False,0.6666666666666666,953.1334825240139;542.146062769797;,1324.387013269091;636.373107324869;
3,1000,False,False,False,0.6666666666666666,693.2556423679131;1269.5388052996918;,1165.7680204842993;1023.9118731818305;
3,1000,False,False,False,1.0,1064.4994002721862;1355.0932791572782;171.4876828428507;,1182.0999655993626;1768.046451034914;410.1654410420066;
3,1000,False,False,False,0.6666666666666666,770.800585527682;3082.5925209522234;,599.2197998544435;282.0637575624785;
3,1000,False,False,False,0.6666666666666666,873.7941888728889;2327.7302329331546;,921.3300001251907;1367.3803919102406;
3,1000,False,False,False,1.0,453.20736041708153;354.026430726012;758.7143070684235;,559.4982113700594;428.5118381407593;340.081662731958;
3,1000,False,False,False,1.0,251.20117462946413;445.7759854438669;903.2385685234708;,1367.8231137808862;604.8376307529558;877.8537211224233;
3,1000,False,False,False,0.6666666666666666,497.0933747451001;1484.9734995606868;,660.2334351781518;590.5318073690137;
3,1000,False,False,False,0.6666666666666666,883.9543503313844;450.0747574904049;,473.42336651530496;157.49565151683285;
3,1000,False,False,False,0.6666666666666666,1101.1047431394113;1498.542589219824;,437.2305358012638;1086.5538405805569;
3,1000,False,False,False,0.6666666666666666,1177.831286016885;2339.708115566638;,437.8402210037647;1102.23458127424;
3,1000,False,False,False,1.0,3701.6641666854166;2346.8123162819065;1938.298059442747;,451.5234705843573;793.9004755154027;672.2807672775011;
3,1000,False,False,False,0.6666666666666666,911.5455477260915;1128.1606163193417;,675.8348460826514;694.1886412968427;
3,1000,False,False,False,0.6666666666666666,1414.5367287872411;3715.8860650882307;,516.8310063364087;250.0709304833407;
3,1000,False,False,False,1.0,720.3409184940444;1794.6465252526916;1601.4022135767245;,1840.604286379527;839.7537643744253;216.6897815755562;
3,1000,False,False,False,0.6666666666666666,983.1550980509057;859.9183538507614;,821.8946540179877;732.3371738795026;
3,1000,False,False,False,0.6666666666666666,299.0161348716326;574.9732566189357;,667.2129451333691;464.6888843018327;
3,1000,False,False,False,0.6666666666666666,82.4383842189412;376.8046268938105;,425.36077416910007;664.885423492358;
3,1000,False,False,False,1.0,743.3479188182603;322.96773786605786;1248.7649510321132;,675.326463562239;583.9471412300813;2135.5966007909738;
3,1000,False,False,False,0.6666666666666666,517.3509822998107;1240.4018292330327;,751.8079092078669;425.79740500060433;
3,1000,False,False,False,0.6666666666666666,700.3818092570885;369.47124253141607;,1726.5219805999095;456.5460613245513;
3,1000,False,False,False,0.6666666666666666,187.47992275543632;559.407876314502;,936.2420840627037;121.91880902674345;
3,1000,False,False,False,0.6666666666666666,544.5003591714183;1246.6099106504446;,1187.0562215124235;945.160951770015;
3,1000,False,False,False,0.6666666666666666,1084.4424607975418;947.6306957700085;,1537.874105995251;823.8670091845843;
3,1000,False,False,False,1.0,740.8007808331732;877.0454090263827;1503.7935259869482;,196.58541569419154;807.5235897862153;817.6698327811232;
3,1000,False,False,False,0.6666666666666666,540.6134446713502;1522.7444222000522;,670.3901023554444;330.88910878778063;
3,1000,False,False,False,0.6666666666666666,1044.4169276825896;1668.4557747573108;,1074.2265609840724;915.791818631154;
3,1000,False,False,False,0.6666666666666666,657.3099589336019;2040.9670539812391;,464.8671566781614;1486.8283425615448;
3,1000,False,False,False,0.6666666666666666,699.5876128333255;889.7494309406578;,672.7756831257475;640.5798547105938;
3,1000,False,False,False,1.0,505.91337489048567;542.6102625121906;1497.599957515835;,898.4107509897553;1486.8769928711329;1616.7725994551533;
3,1000,False,False,False,0.6666666666666666,286.0099099004583;1686.811629470852;,281.28450451201735;613.0133823040065;
3,1000,False,False,False,0.6666666666666666,700.8799150407092;305.30223836988665;,489.5214833017918;1155.1718760771703;
3,1000,False,False,False,0.3333333333333333,1289.657799892694;,1104.997850632511;
3,1000,False,False,False,0.6666666666666666,1285.3036403217648;1114.2561651832464;,223.4001911003645;1345.1697239089053;
3,1000,False,False,False,0.3333333333333333,524.0976521069632;,1225.286111752237;
3,1000,False,False,False,0.6666666666666666,951.7793889235318;2136.4064009307826;,938.3170642273394;705.1210538481336;
3,1000,False,False,False,0.6666666666666666,69.75325028484995;488.37254096863404;,640.4816842478808;197.54305304477643;
3,1000,False,False,False,0.6666666666666666,908.0221763677414;1228.206081013235;,205.6117773496306;1014.5454496627409;
3,1000,False,False,False,1.0,497.11766998876436;236.58750967720746;379.78636740084283;,1567.2303966156333;684.0375984706435;478.3384546826233;
3,1000,False,False,False,1.0,1806.620660273807;1203.6465330709245;1675.015081137714;,915.3367000409671;169.66006417674004;1384.5790459718337;
3,1000,False,False,False,0.6666666666666666,621.3502926609109;852.8263185847517;,752.8386610242572;877.2496831946937;
3,1000,False,False,False,0.6666666666666666,1316.6220311855539;1639.6341353412374;,1508.4548789699468;673.9742316604993;
3,1000,False,False,False,1.0,730.8921353543604;326.4754862624407;309.1016350366771;,1485.2907424174166;397.73190208160156;838.3975545597298;
3,1000,False,False,False,0.6666666666666666,1309.531713672191;925.3555822469398;,920.2292650331244;284.0327593401091;
3,1000,False,False,False,1.0,322.7117923281616;281.3891214490312;1057.0797456293556;,403.7492447759317;934.6308682270019;393.5808751609635;
3,1000,False,False,False,0.6666666666666666,761.8217619149488;876.0950095458777;,563.352777788571;1631.2421212268418;
3,1000,False,False,False,1.0,1328.3599163804483;334.4320954138218;757.8631311759078;,2423.847679382539;466.7366949682048;599.9637948258957;
3,1000,False,False,False,0.6666666666666666,406.71740817370124;578.9555756747646;,267.3863601271681;123.469477359768;
3,1000,False,False,False,1.0,1432.088895374743;1277.1214522528799;1044.0921607381827;,887.1559298119979;901.6074683010185;1085.3400084505831;
3,1000,False,False,False,1.0,300.39916054924765;789.6771242007828;341.6839346031616;,203.02724744060458;784.0761718177152;695.946139453633;
3,1000,False,False,False,1.0,1580.525072622756;778.5453786512622;900.0240715265046;,499.0618187506686;314.5952139352672;1279.6343363760009;
3,1000,False,False,False,0.6666666666666666,1194.4967065332742;626.5912848516293;,628.1454017539282;1134.608299679022;
3,1000,False,False,False,1.0,418.5937974078336;882.9788440677685;725.9272092470212;,465.34533359567;1459.4975383835263;193.44111144497384;
3,1000,False,False,False,0.6666666666666666,731.1634332620887;112.64161539201807;,688.2266268147091;271.30783653299534;
3,1000,False,False,False,0.6666666666666666,282.2590170151053;1005.1040354210703;,388.655790538072;1004.177880584166;
3,1000,False,False,False,0.6666666666666666,272.22767059547004;1175.0438708384606;,384.12168869977177;211.19019010131277;
3,1000,False,False,False,0.6666666666666666,620.9897694014849;596.98758549479;,195.73157803283252;526.1277831593753;
3,1000,False,False,False,1.0,230.4861535038623;741.3980741474828;923.9874211565351;,1106.4935635270176;73.70604990966413;707.4515219281813;
3,1000,False,False,False,1.0,774.2058085923973;593.1920290498019;1081.334386866274;,118.07790565797839;715.0209513906234;754.9712820435246;
3,1000,False,False,False,0.6666666666666666,398.3502083582028;652.6715821130491;,549.2275746654857;222.1205798164793;
3,1000,False,False,False,0.6666666666666666,1420.7935560645258;893.6278131798357;,1175.030763643287;1449.0613869482002;
3,1000,False,False,False,0.6666666666666666,2108.335590761881;443.7267249035848;,675.037226710481;759.8687239723447;
3,1000,False,False,False,1.0,963.0440413301422;884.2075636726286;1129.3091532832445;,931.089384625013;372.8262001600043;528.3694842708541;
3,1000,False,False,False,0.6666666666666666,252.4150624432655;1034.2738288969877;,566.9101601557254;620.0775518510983;
3,1000,False,False,False,0.6666666666666666,1774.7410959762997;242.55660827298274;,1276.8725345419098;1123.2046342891454;
3,1000,False,False,False,0.6666666666666666,295.7210336214178;2108.05530390099;,348.3858873650652;1134.0015734863193;
3,1000,False,False,False,1.0,395.9608721880899;516.4819749517103;726.279340979123;,752.4109329048632;890.7172451641993;1079.5145311464253;
3,1000,False,False,False,0.6666666666666666,395.1344611481686;360.80281852151046;,941.0734135169197;897.7392962215105;
3,1000,False,False,False,1.0,1734.6917417462307;520.3192839161679;967.2312388976749;,968.2538747669048;378.1928052227224;999.0469278046761;
3,1000,False,False,False,0.6666666666666666,984.7186560264626;1182.9378083077404;,414.5234388560024;453.76780193766746;
3,1000,False,False,False,1.0,1562.5538151738551;2322.6155677618613;1085.1260090645455;,1845.9374749218282;120.37069206505404;1179.0768106155585;
3,1000,False,False,False,0.6666666666666666,299.89691551582405;2529.1735387269937;,39.75758648986025;573.8863258016444;
3,1000,False,False,False,0.6666666666666666,638.463073120391;1796.7230651958457;,1409.907245297468;348.8966510081232;
3,1000,False,False,False,1.0,479.7202005739602;397.8325590670074;1172.7745885694774;,845.4841018537787;792.7932416834892;402.8797999080093;
3,1000,False,False,False,0.3333333333333333,2339.2111298384248;,1114.83324707276;
3,1000,False,False,False,0.6666666666666666,1112.3091675961625;373.7430154486154;,1124.3717345604425;480.62683242318246;
3,1000,False,False,False,0.6666666666666666,1170.2614580041125;802.4337177661159;,806.2138369718455;692.3984121911644;
3,1000,False,False,False,1.0,578.4675328033034;1145.2880880774073;811.2121906931579;,528.2916667509317;1186.796867413651;209.65357936313362;
3,1000,False,False,False,0.6666666666666666,142.27486018806616;215.89342500056142;,612.4382772610969;495.2459130753378;
3,1000,False,False,False,0.6666666666666666,1287.6142442296314;1273.6469355109837;,1265.0614204112737;357.02370678039216;
3,1000,False,False,False,0.6666666666666666,378.50453875909136;1011.904144684989;,1305.7532445495485;769.6989454859121;
3,1000,False,False,False,0.6666666666666666,535.9655201598003;499.579277355894;,404.7315873109183;346.07552441433035;
3,1000,False,False,False,1.0,1060.6066181426677;209.4821709207546;704.0807350737755;,1181.8538551814934;746.7816007091914;521.2438256795367;
3,1000,False,False,False,0.6666666666666666,958.8096095313168;1314.547607733414;,1455.155552046655;1741.3548209050705;
3,1000,False,False,False,0.6666666666666666,367.50134050125394;758.9499751459593;,454.261972890752;400.52660612467804;
3,1000,False,False,False,1.0,263.25356526659453;547.1302216496797;772.9855244086498;,465.8116499904612;564.0303940880505;505.823045662441;
3,1000,False,False,False,0.6666666666666666,1418.8942565869447;276.68730614984025;,289.69996144708745;1536.0029624838173;
3,1000,False,False,False,0.6666666666666666,440.3963884136332;2240.2662776292786;,329.363686216292;1154.8844737628754;
3,1000,False,False,False,0.6666666666666666,1175.2030993280284;344.872261741813;,1949.803277292806;516.8402031955712;
3,1000,False,False,False,0.6666666666666666,247.68826147351487;257.7134105586037;,668.6848269252802;280.42632543910594;
3,1000,False,False,False,0.6666666666666666,1343.5447288498046;1060.9528548760748;,1424.0295276389818;918.9679176433708;
3,1000,False,False,False,1.0,700.419621172143;701.5691937471586;514.18863536006;,1465.755276283493;637.5844366961447;1241.907377113037;
3,1000,False,False,False,1.0,916.3596849206465;1937.6089448995392;1973.8356036162786;,455.79492046059676;67.85454943063152;879.2129821806593;
3,1000,False,False,False,1.0,693.722537076081;905.7473498561673;484.4742191573501;,636.9714918559707;176.9160717948431;403.4405994592024;
3,1000,False,False,False,1.0,606.1228111264087;424.6915077290579;1534.042234837284;,530.409175033446;1412.6213294753973;1565.4067673209559;
3,1000,False,False,False,0.6666666666666666,1460.9874985980223;3411.60996610217;,1674.8115904299552;1202.4634687415721;
3,1000,False,False,False,1.0,162.89326554043097;724.3309180103223;373.57431654881;,617.0822056753046;950.2888469583826;556.4962622064255;
3,1000,False,False,False,1.0,387.99549024817964;408.28769456369815;910.0876087889029;,296.50618161394044;1101.1523588718314;723.0331740573587;
3,1000,False,False,False,0.6666666666666666,1057.2344961118565;854.9888633659016;,859.6972616121395;509.32610209210947;
3,1000,False,False,False,0.6666666666666666,485.7643833132731;1325.6991465486176;,931.8014520193251;930.4443905174811;
3,1000,False,False,False,0.6666666666666666,656.8262786642733;270.8211099421348;,1008.9185849738541;280.190428216667;
3,1000,False,False,False,0.6666666666666666,688.3814683517255;880.3974621801793;,1144.5311840316665;1223.2177379451061;
3,1000,False,False,False,0.6666666666666666,1294.7515348089225;635.0706870056898;,817.195609963258;699.138575127258;
3,1000,False,False,False,0.6666666666666666,370.3227067528346;2674.2173560310885;,536.0997473001988;411.22327410078816;
4,1000,False,False,False,0.5,629.7892434642628;1493.1091200406079;,501.6526353587457;679.5233919438068;
4,1000,False,False,False,0.5,1220.442705428282;2477.5259542572144;,586.8256733675836;1196.060183506784;
4,1000,False,False,False,0.5,1511.052915429803;3342.9702959093656;,1233.3605943931318;1166.8372959687542;
4,1000,False,False,False,0.5,672.9440798100503;1340.1558568763571;,688.0728396200149;1106.1217114834346;
4,1000,False,False,False,0.75,501.11589921087653;2362.3038406034743;1024.8107072061737;,372.1052237876872;196.89453924730432;388.7510556810673;
4,1000,False,False,False,0.5,1208.7932146488351;927.5086674397551;,1332.4336643517847;512.8930611782953;
4,1000,False,False,False,0.5,726.1907363220491;977.2950743748698;,647.0633364631503;660.6617113573867;
4,1000,False,False,False,0.75,865.7986519864297;288.0086848384218;1525.8119722935119;,1310.3877338767504;891.8109269548344;293.7407094367532;
4,1000,False,False,False,0.5,740.9116153246997;2372.409228147203;,431.7998502359197;417.5352501341814;
4,1000,False,False,False,0.5,1691.4062117423157;2301.2887790734712;,1019.8105145753055;753.987758022967;
4,1000,False,False,False,0.5,1347.3153078949767;218.59203423893447;,381.7909936862731;674.1310922240025;
4,1000,False,False,False,0.75,157.8964002709215;512.0327923431977;268.46055335042195;,512.8730795470601;932.7633771841398;454.10300623189687;
4,1000,False,False,False,0.5,1015.0888559598335;2754.6653284271993;,1554.1718574994604;1262.6275127320607;
4,1000,False,False,False,0.5,2403.775634657374;594.5444928425214;,500.4039999520346;595.082036306436;
4,1000,False,False,False,0.5,469.7442612164753;1136.9775765736729;,381.5207368527817;276.07119007684577;
4,1000,False,False,False,0.75,1292.249083102772;494.42575016330693;2494.3787492456145;,396.12231102927853;605.784629615293;2113.711974467612;
4,1000,False,False,False,0.5,1171.6592645133178;1028.0349037919318;,394.91623828402555;816.2623439123454;
4,1000,False,False,False,0.75,1291.657079139411;2310.047169919991;2234.479828090518;,655.7881186379865;1476.5531161433548;906.8940970418917;
4,1000,False,False,False,0.5,829.463067194708;681.0000743504952;,78.64298187091082;230.39588224896212;
4,1000,False,False,False,0.5,2370.908584781362;1339.5991629568998;,907.8293034521552;448.4961894602345;
4,1000,False,False,False,0.5,607.7136963793073;358.53869241392533;,573.6592764756482;801.7123414495671;
4,1000,False,False,False,0.5,867.4754248694983;624.0362628379072;,1237.974946328206;630.1723014835742;
4,1000,False,False,False,0.75,202.445811293531;2105.2643297064787;798.5412509677742;,740.4963958095152;114.5700643766725;1601.188470081707;
4,1000,False,False,False,0.5,449.79286762590567;1373.423959919521;,938.9481998791036;1040.1400578266741;
4,1000,False,False,False,0.5,1514.552349973144;902.6977315369926;,1144.062904627187;691.4711249307732;
4,1000,False,False,False,0.75,837.3122050616292;470.806806335425;1291.0565208726407;,627.0526492540927;835.8727330202807;910.8024099198908;
4,1000,False,False,False,0.5,202.93252993594686;937.2656037525388;,783.5168142475171;1240.774442716378;
4,1000,False,False,False,0.5,2306.0127318142704;644.7462113789843;,863.6508047968545;1048.0579818475326;
4,1000,False,False,False,0.75,1743.145129460124;237.05336744266816;777.0727269193817;,1377.2464083451553;1673.7380266294526;767.9357121733324;
4,1000,False,False,False,0.5,3098.523437564273;724.2053449761096;,584.1929162431538;547.8141981863165;
4,1000,False,False,False,0.75,613.259924627426;1610.6089081882856;397.6718011805977;,830.8437098148751;1478.1723887582502;743.8823113242556;
4,1000,False,False,False,0.75,976.9703409908916;809.842382547122;608.5095266289976;,381.4846006708856;630.6251074908572;479.87665520140393;
4,1000,False,False,False,0.5,1178.28794779999;2312.1296424190937;,637.633529279592;685.9281905218028;
4,1000,False,False,False,0.5,730.5288526860808;3228.1273079521484;,1077.8098494227067;742.6222471627208;
4,1000,False,False,False,0.75,457.5486432980628;3691.484662634301;3128.0418001659873;,302.5576109203959;322.5859557594355;260.26742263267744;
4,1000,False,False,False,0.75,585.130703736351;1035.6192938324962;1230.1652650984809;,568.3431515686498;371.659305672415;651.3000018441332;
4,1000,False,False,False,0.5,458.53951248766214;688.3684666426141;,1465.9859478298272;1030.7399918350063;
4,1000,False,False,False,0.25,704.4705437756795;,1026.1669689342334;
4,1000,False,False,False,0.5,1904.5603994245232;973.2057434980808;,1126.698033880168;1327.055191385407;
4,1000,False,False,False,0.5,447.5657104106827;1701.8795610227828;,238.08396553216267;1153.1946324663918;
4,1000,False,False,False,0.5,1425.4376899990998;1083.910858563872;,1321.7646853490992;916.5724145506834;
4,1000,False,False,False,0.75,2398.9484758809276;572.7565822936151;1806.100509513736;,727.8616950928837;556.5930290213754;832.8382725080471;
4,1000,False,False,False,0.75,561.6758679980336;818.7282694962445;357.6023585533305;,833.2696228940151;244.63640768928346;320.04282239057585;
4,1000,False,False,False,0.5,536.9640778352586;1605.9422437158873;,1703.767582722327;163.86310492845402;
4,1000,False,False,False,0.5,413.40675214633774;2710.022751969751;,992.9121901639224;788.4567434131704;
4,1000,False,False,False,0.5,779.6284276940773;1839.300691603436;,367.43846238443814;1108.937272704384;
4,1000,False,False,False,0.5,568.4986547206593;1011.0565931707981;,317.531413586375;634.4266354949236;
4,1000,False,False,False,0.5,669.1345107959401;271.68654860087116;,210.0436594018388;466.45938564150117;
4,1000,False,False,False,0.5,680.7002575258701;348.11068148111775;,333.10679018777097;971.6969973858139;
4,1000,False,False,False,0.5,327.34338807926866;645.7963321126612;,179.1267297795047;1041.9393321917305;
4,1000,False,False,False,0.5,410.1714115963863;3053.4535565613237;,1204.6347707628843;814.6071223747349;
4,1000,False,False,False,0.5,750.1043531297656;1922.343515778648;,438.1178216851468;414.5463963970784;
4,1000,False,False,False,0.75,553.3888741677118;1892.6662759328058;827.9198067720156;,455.99671668177615;537.1783840107078;710.9151577458043;
4,1000,False,False,False,0.5,1045.208835680372;818.1553974688692;,564.7251879548495;1029.3352957652696;
4,1000,False,False,False,0.5,370.3352267189845;865.3481320272377;,556.7344752487209;928.2881130458275;
4,1000,False,False,False,0.75,160.6882195195492;1252.3891854353499;1701.3767006808484;,339.49110709063734;1968.283809081896;1132.4210222253578;
4,1000,False,False,False,0.5,893.5109138130398;575.1451765943551;,2100.4005511761698;510.5535655249983;
4,1000,False,False,False,0.5,1388.0692214431685;501.88871962843643;,362.83668857544376;1727.7214644172457;
4,1000,False,False,False,0.75,285.575557892378;595.6211319478824;913.5085998268204;,715.5110222209113;1144.2691472828212;290.21471722892346;
4,1000,False,False,False,0.5,1478.5202375284687;3236.1664705871867;,383.4428252776431;613.6652407579537;
4,1000,False,False,False,0.5,409.87228988258687;3200.7242659257126;,215.59395667003832;276.46276129300605;
4,1000,False,False,False,0.5,554.6845630602326;2246.590104701123;,693.5583584830066;834.6432782274618;
4,1000,False,False,False,0.5,392.4647767890065;814.075921537645;,1009.1370168015752;1026.1079234166743;
4,1000,False,False,False,0.5,823.206601481755;1222.460578060461;,721.9987973180828;1058.7732996383575;
4,1000,False,False,False,0.5,2473.9172507534972;673.9180880290241;,827.1500442792831;333.49925753402533;
4,1000,False,False,False,0.75,252.9172157227561;698.208682161407;1590.0554357373157;,423.13632186513996;691.8541450682305;844.4484398226718;
4,1000,False,False,False,0.75,640.4580268624933;337.20032073165794;1883.0911330686893;,1633.52451805566;247.92102906401576;1957.8460043626935;
4,1000,False,False,False,0.5,2037.3483281197084;1269.3278282829283;,1262.73947274875;514.4625454253946;
4,1000,False,False,False,0.5,1371.2747908993408;251.58248782317483;,868.3039529788158;500.1424560320899;
4,1000,False,False,False,0.75,839.3167301710644;838.8319858418575;1335.1018986794816;,1083.9955837054988;614.9288190293911;273.0428212568176;
4,1000,False,False,False,0.75,809.9659931153546;1309.5415420014112;2393.2368698790137;,783.0256525164581;525.5679712669512;702.1580805696184;
4,1000,False,False,False,0.5,1226.1527317141142;2451.741349095884;,542.7243554937106;1206.3989913118508;
4,1000,False,False,False,0.5,1077.215306564179;603.3133819098488;,589.9956867803551;741.1196610020742;
4,1000,False,False,False,0.5,1343.5614634954238;910.627584587825;,636.9712498049297;406.0593844464355;
4,1000,False,False,False,0.75,595.4624416452518;1012.6111519300814;349.94121335796456;,288.6033147329293;818.5944616926765;621.2599675781769;
4,1000,False,False,False,0.75,506.87772737713766;1196.1048177803548;762.5878317215221;,487.6863897374101;1337.1285299462286;955.1463003858136;
4,1000,False,False,False,0.75,310.2686230823703;1791.7095654533578;609.8983335022731;,799.9824182691297;906.3196702896032;447.8139689352792;
4,1000,False,False,False,0.5,773.4674122705025;1159.1348858714937;,751.0708245603545;510.81148829494697;
4,1000,False,False,False,0.5,1632.4150098526607;3859.5679574433225;,1444.548928175935;73.12131766998895;
4,1000,False,False,False,0.5,1478.5265021494338;496.23860451859696;,1443.400776708674;591.4570193717541;
4,1000,False,False,False,0.75,626.7562190327375;443.9421365965226;1743.1530080468237;,778.699433765654;499.719213881848;2111.915084328824;
4,1000,False,False,False,0.5,1012.8769617184456;2680.558179625011;,685.0223036489084;1236.753579589943;
4,1000,False,False,False,0.5,281.54507594748264;1739.7659162667196;,533.1211968534601;744.0390043329614;
4,1000,False,False,False,0.75,499.6900068992875;902.4919189468077;1093.3055967880198;,377.2572541501509;1236.1458301546609;758.6890274776929;
4,1000,False,False,False,0.5,704.3361667593615;707.501685220594;,477.73012362969183;767.1750240153469;
4,1000,False,False,False,0.5,614.0183840557946;1053.1309989323358;,423.3268986714622;1601.8451413807309;
4,1000,False,False,False,0.5,1760.5003521386745;510.37175497325325;,330.1193376050607;888.0978357563253;
4,1000,False,False,False,0.5,740.7310716058334;1459.3576210576853;,696.0285807697429;457.78529601071386;
4,1000,False,False,False,0.75,1207.6206156557273;719.3699151236247;1279.4520430184887;,1035.265398591568;182.45174599339282;1307.3832523898993;
4,1000,False,False,False,0.5,3598.6202868727296;124.87818943355502;,1033.9550813546223;562.192195417997;
4,1000,False,False,False,0.5,1515.8549536651324;1041.1640365873498;,811.9777639480086;375.272050077413;
4,1000,False,False,False,0.5,2144.2118491245838;951.9938868514266;,793.9206020351842;490.39677985197716;
4,1000,False,False,False,0.5,1125.7990648561029;1640.4913855555878;,1341.762527553908;773.6625088627338;
4,1000,False,False,False,0.5,263.9558691355548;1763.7809722895486;,373.4038590050987;671.7728534281349;
4,1000,False,False,False,0.75,803.9115085807707;703.1604052759913;672.4436909204137;,1514.5245251093936;1633.0832596971782;1465.0445196766789;
4,1000,False,False,False,0.5,339.0178924229708;1156.4269308581822;,285.83266974524514;652.8366585052273;
4,1000,False,False,False,0.5,465.81700808481213;1072.6094292836044;,698.3987341099601;525.9867699796582;
4,1000,False,False,False,0.75,1205.2359821550453;1274.4974618679;439.16645013121973;,474.8087146979887;730.6106129764909;272.0184170354699;
4,1000,False,False,False,0.75,1390.7158806661832;532.9463159963618;974.5583804278004;,1552.3811644769628;707.2096345046325;1125.1234181951302;
4,1000,False,False,False,0.75,567.0938633312596;391.9964548285922;3942.8021091521946;,207.35114947983612;746.3019013410559;457.88710767604096;
4,1000,False,False,False,0.5,628.4909248372769;739.1271717639376;,863.370229004059;829.489976593453;
4,1000,False,False,False,0.5,776.2162946064726;1167.3855446607613;,971.2514834619392;606.4971828251091;
4,1000,False,False,False,0.5,1179.8694285131346;671.0527504475882;,1013.6042150842425;1211.0629828940573;
4,1000,False,False,False,0.75,1688.067040299693;1221.8389367155858;417.6310703502671;,1199.4156815121532;818.5745669751391;529.2679688481588;
4,1000,False,False,False,0.75,1915.9993640839407;931.4181093666039;1361.6000884160871;,420.1130967204872;568.6594035826342;1699.480456956226;
4,1000,False,False,False,0.5,28.993339578638228;723.9132163747197;,829.6266049962676;917.8640940497609;
4,1000,False,False,False,0.5,269.83280596832446;218.22452774595254;,335.56890434529396;626.1016371485032;
4,1000,False,False,False,0.5,2517.392786062152;689.8566291203248;,437.71755189828053;325.26036294962347;
4,1000,False,False,False,0.75,1117.703370308143;456.0151429194931;845.4649066089172;,619.3575876395615;738.3843928059483;544.760145257776;
4,1000,False,False,False,0.5,1256.9282268875043;227.11227023054727;,572.6471246088117;572.3471476541622;
4,1000,False,False,False,0.75,846.0757657436894;865.8889836609347;756.4555936911137;,304.1812095415253;1095.3994483030751;1686.5641673012387;
4,1000,False,False,False,0.5,195.462709841347;6143.296572818036;,253.06813462331675;134.51999104293535;
4,1000,False,False,False,0.5,1119.5630408708587;834.0368675574366;,1111.6028548993759;1142.381257554339;
4,1000,False,False,False,0.75,1072.7880652193367;1145.7349839315832;976.3001815094229;,734.9130796403115;222.06454265892233;725.2941728611036;
4,1000,False,False,False,0.75,769.9000735494766;702.4358665520255;398.74772847032864;,1377.0438115246586;1152.2242399320073;265.21169154083395;
4,1000,False,False,False,0.75,607.2276499491082;943.0582472722245;676.9288128218816;,1407.5953281672864;1267.2482384101309;1005.4959662322883;
4,1000,False,False,False,0.5,453.1415134172122;579.6038519928751;,322.9917364154433;718.4351018498108;
4,1000,False,False,False,0.75,383.1812252461802;1485.8814938504568;1073.9905447617145;,634.1205553186599;634.9145183939667;823.3654467711999;
4,1000,False,False,False,0.5,1054.6587834522568;1035.559811087137;,1304.9013001080339;1285.9427277199848;
4,1000,False,False,False,0.5,1070.076293358506;434.43131892001355;,395.9759734437132;886.7221834799116;
4,1000,False,False,False,0.75,65.78129449845638;252.9223445387545;2241.234091058299;,183.5998017975753;105.15898159930707;961.4486472713996;
4,1000,False,False,False,0.75,820.3041897554302;201.6298400499031;1153.7749990657944;,1078.8463961337666;652.2945484993955;477.5155724596609;
4,1000,False,False,False,0.75,2287.635118890074;1586.1599271557932;1555.4672721252703;,2041.4991806105354;1649.580478088781;1256.777366323989;
4,1000,False,False,False,0.75,441.19863634594066;603.7404687860009;1165.371995116981;,450.91743741067194;589.5629773503855;2387.908705684743;
4,1000,False,False,False,0.5,36.753403097057294;218.7329666959434;,662.1451959238358;809.2329682051482;
4,1000,False,False,False,0.5,4412.943247742357;398.7674911690043;,802.9810943219971;860.735009874987;
4,1000,False,False,False,0.5,1465.2769644460109;296.96378794728827;,525.021326851507;381.3921671626002;
4,1000,False,False,False,0.75,1077.26193005613;971.5171788728346;2103.3635138105;,1385.8426830694893;1116.168899887527;365.36358322658697;
4,1000,False,False,False,0.5,1324.8067405908291;1213.833843161598;,406.23648225444106;976.2341791445301;
4,1000,False,False,False,0.5,707.4777752166138;478.76061389959114;,350.17971449535185;1293.4959706755258;
4,1000,False,False,False,0.75,789.5887149544089;663.4067719690889;817.83970708921;,526.0084873288996;768.4717229435737;487.9706409775254;
4,1000,False,False,False,0.75,176.78293213738382;895.9881565356156;650.1514824256711;,528.7973740792569;872.6786271418478;960.3485945887167;
4,1000,False,False,False,0.75,621.4006058321056;295.6098964811867;1194.6275414846764;,883.9564893265574;799.7560833361711;629.987929718178;
4,1000,False,False,False,0.75,1209.5933056082756;1034.0335990175454;440.68091007627027;,1411.0255909225814;1339.7841563147192;964.6353648396037;
4,1000,False,False,False,0.75,684.8926218092591;1406.9348369650868;204.67447134607116;,1077.8762038285142;971.4656385551266;189.53683354507555;
4,1000,False,False,False,0.5,1601.9101127411313;895.6939250598449;,497.59781768343714;1117.746516489738;
4,1000,False,False,False,0.75,4181.7501746082435;875.5878106319216;4492.3224609464605;,662.914860683407;220.4062255029638;869.7130332971155;
4,1000,False,False,False,0.5,166.56018527005637;2032.629615671168;,515.8717587720008;101.28522153811504;
4,1000,False,False,False,0.5,866.5824097626906;323.11569581191293;,770.4739212990074;774.5716200167171;
4,1000,False,False,False,0.75,813.8701620165438;1907.8450809291837;3150.738964865257;,657.6212827475576;1255.5398618876754;2010.575949058916;
4,1000,False,False,False,0.75,1246.449153828288;208.14993408793848;1519.2170692340674;,1655.2239096685698;1159.2855690964955;284.5818800742479;
4,1000,False,False,False,0.75,1167.7095927565292;1130.4632403846563;315.4782147817359;,585.0433547397414;1215.226450938189;1023.8666898128233;
4,1000,False,False,False,0.75,463.47027851473604;3473.7259887760883;1644.4215430346412;,417.5740527226663;807.6783602933681;1299.8804506723875;
4,1000,False,False,False,0.75,1531.4454628094209;1334.5231764542903;4533.024699902063;,275.6872796646186;665.6856950120073;353.42581745808656;
4,1000,False,False,False,0.5,2092.930777745939;1034.3370501870838;,956.315109948081;1305.9474634489472;
4,1000,False,False,False,0.75,1351.5095636597855;1579.5622438022194;762.1214494550081;,584.4341445332583;1269.6640137194595;944.370383212462;
4,1000,False,False,False,0.75,259.2082739349312;427.85037450461544;834.1915058235721;,1045.0393914772885;355.26940152833885;678.0866947331679;
4,1000,False,False,False,0.5,1458.9647344210193;1484.093690181838;,1051.204863943651;330.6340041616622;
4,1000,False,False,False,0.5,815.2263619191227;1168.0376682616504;,883.0042245722434;537.2635208028636;
4,1000,False,False,False,0.5,931.248649455412;971.5492247708928;,558.4656060904625;1079.1198030507474;
4,1000,False,False,False,0.5,350.914214646018;1608.401328793361;,329.05664955609694;831.5881455161535;
4,1000,False,False,False,0.5,779.5774678549698;1656.1754591222025;,638.4452474798348;391.9303887875707;
4,1000,False,False,False,0.5,2781.4356066853975;1319.3558513262617;,816.2608136672353;890.9953459123963;
4,1000,False,False,False,0.75,415.9974420585863;272.88934832719855;2000.1733338425586;,463.1306635804812;542.827260198116;978.9838513816022;
4,1000,False,False,False,0.75,402.98026255392494;1118.9418312156843;788.3457848810821;,207.78625120908492;447.2796507537399;613.6462615624495;
4,1000,False,False,False,0.5,1090.6982630299804;970.1304890897444;,454.9730968314023;342.8217654534091;
4,1000,False,False,False,0.75,432.84454782555946;222.6176480261672;891.6576121423586;,756.1177901645735;660.0019598007125;1371.4075400299278;
4,1000,False,False,False,0.5,826.2276623610471;1608.0048221765956;,443.9884060399994;882.2188619427862;
4,1000,False,False,False,0.5,847.0073427882932;4195.667753500978;,862.9404049286661;1026.6571375859385;
4,1000,False,False,False,0.5,608.1239006730802;1077.3352961850612;,779.7639783968682;788.9161850498798;
4,1000,False,False,False,0.5,892.4206375145656;469.46845583237484;,999.7981337236206;386.2206008365778;
4,1000,False,False,False,0.75,1661.3219533459828;532.3599278727934;345.24159971376105;,838.4507927582982;1307.715276160476;848.0680313749905;
4,1000,False,False,False,0.5,974.588676290669;1972.2594723028267;,1498.053706049182;1009.806127516072;
4,1000,False,False,False,0.5,1288.949580673716;988.2170409226825;,1619.6494367590833;972.5527370822949;
4,1000,False,False,False,0.75,323.0148020364128;1084.040150950524;880.7207293345616;,355.2510657197982;527.4288251886373;751.6436718903209;
4,1000,False,False,False,0.5,1160.9127272292415;2010.2386394489583;,1108.1274932985239;782.1101221598266;
4,1000,False,False,False,0.5,1210.4713237371163;669.7272650169898;,792.0266840568422;595.4271194010621;
4,1000,False,False,False,0.5,657.5255921845741;2149.5371670823897;,1115.3697439339232;1327.1249771337232;
4,1000,False,False,False,0.5,336.8512003488265;2125.4089522386093;,75.26408825003558;656.0121273309725;
4,1000,False,False,False,0.75,940.4912701324912;2957.163839543737;4627.630997619945;,685.3280269352367;883.0701124900421;738.1399550797263;
4,1000,False,False,False,0.5,454.74286051199175;621.1085404820055;,355.6929116085838;647.023979287807;
4,1000,False,False,False,0.5,611.5428977654766;1982.7601787709573;,354.8843608182879;349.796122070807;
4,1000,False,False,False,0.5,4428.0500959422825;815.4621826759101;,1482.8134521972966;293.8192199304447;
4,1000,False,False,False,0.5,698.067680774301;1088.556930534209;,355.37036662164735;733.4943757670254;
4,1000,False,False,False,0.75,309.79046551641665;293.0815059351733;1045.0347659959116;,584.8192173021201;602.0427290601403;470.02908235445614;
4,1000,False,False,False,0.5,3140.02374248244;1213.1800382814126;,349.12284684727325;427.91502994571306;
4,1000,False,False,False,0.75,672.4035618668505;717.6290486190061;2610.6408686364166;,380.06486074808515;1253.834894846603;1196.2993919715645;
4,1000,False,False,False,0.5,2448.9261667518394;479.472246230459;,839.9448216079194;567.5886421998711;
4,1000,False,False,False,0.75,1309.8535922394165;949.5590856839178;755.7021078956909;,1093.5867997335004;1148.3358569780885;679.3375656615104;
4,1000,False,False,False,0.75,1090.1861888807744;725.8040076259159;220.58142853631182;,748.123109751406;562.2268746495665;732.5757925255978;
4,1000,False,False,False,0.75,1844.424927924873;1474.058570639892;486.6840179657788;,993.7027949563275;2195.285626930983;752.3521627657465;
4,1000,False,False,False,0.75,677.7405950239265;566.2926744082289;178.77712539824333;,1478.0572765198854;299.4149577320771;929.456136001852;
4,1000,False,False,False,0.5,1709.0834133293413;791.800498959085;,560.8113827641781;697.5626627547185;
4,1000,False,False,False,0.5,478.76955320952806;1176.1031307138924;,220.6815812955245;743.4271115581944;
4,1000,False,False,False,0.75,885.2481472145923;368.7560158996869;897.0064528388892;,978.1334619174347;559.8115135034437;288.1346806845651;
4,1000,False,False,False,0.75,178.6675714831412;560.985225036832;3641.3693529914376;,238.46611084874507;570.9925514185884;680.7354885774641;
4,1000,False,False,False,0.5,1494.6986318871932;1586.2530862252304;,743.0870239046734;1156.1610339253314;
4,1000,False,False,False,0.75,1969.7320472527786;6203.844990001486;761.224654893722;,417.34370812175916;1461.8902522771111;402.79928004919867;
4,1000,False,False,False,0.5,290.0459572850026;1021.2710472386992;,516.9051668876992;343.0732081314335;
4,1000,False,False,False,0.75,1285.0242365463153;437.1186879486339;1031.0906302983271;,2069.772600639943;772.7259109766322;1496.7995924162462;
4,1000,False,False,False,0.5,675.5951356985355;953.3132446601755;,940.3179348147872;34.15507234664578;
4,1000,False,False,False,0.5,1381.316121479872;1200.6907132862004;,458.60695152162276;869.9248947880286;
4,1000,False,False,False,0.75,1933.188161583097;1522.6128692802818;1038.9991342290323;,1906.7839517684904;383.53145541866235;139.81487665703756;
4,1000,False,False,False,0.5,1989.7474376214816;588.6978009049278;,808.1459710763055;460.43961485903924;
4,1000,False,False,False,0.75,644.5278694161434;3419.0460185945963;3468.597071007686;,541.5221575376326;1180.594858159427;969.5969998069492;
4,1000,False,False,False,0.75,622.3584079359861;482.75561831332567;226.9556087981743;,509.554987822149;1223.9858594005882;636.0821192970446;
4,1000,False,False,False,0.5,282.4161994932238;3494.049483364034;,251.97214006164907;444.0504171346724;
4,1000,False,False,False,0.5,405.3392574879524;1595.6539593373825;,472.80175237978847;680.3906144810834;
4,1000,False,False,False,0.5,1685.416958906478;662.5537105432659;,1288.4349523332276;2056.679944393998;
4,1000,False,False,False,0.5,542.7545328619749;1016.2994744590894;,423.2789298493777;202.03295854150406;
4,1000,False,False,False,0.25,507.82518142290854;,470.82952463735245;
4,1000,False,False,False,0.5,173.5988946707044;1975.4633565729864;,178.32771334508712;1483.8990259194306;
4,1000,False,False,False,0.5,1189.4862998651358;1193.1499496480492;,1866.5796508574801;41.19665447660866;
4,1000,False,False,False,0.5,886.2793152338377;4272.987157559974;,523.5989093719122;604.7702900378478;
4,1000,False,False,False,0.5,1012.2527469447007;1813.2356810265082;,588.7011377406571;508.53586933978596;
4,1000,False,False,False,0.5,901.9413122662259;2386.4791750517434;,1147.262286551561;1460.2443815103666;
4,1000,False,False,False,0.75,1619.1086068069235;1871.3117512551735;624.1354500727535;,1438.7933226892603;528.7994651089534;342.40197360476657;
4,1000,False,False,False,0.5,364.8116025054996;2907.132737083102;,225.6194809827334;961.1443315552885;
4,1000,False,False,False,0.75,2793.671567839572;1030.8674737263627;1627.7364276603828;,1337.2231303046046;495.80725527618046;1074.2953001582111;
4,1000,False,False,False,0.75,1067.780131340376;1112.8990762430658;1556.8097101365433;,1290.9345427718958;219.5938431173761;566.3077577626209;
4,1000,False,False,False,0.75,1424.8132499640462;858.4862928152309;339.6922611422309;,555.8285915117399;284.48796147477447;525.9879637159426;
4,1000,False,False,False,0.75,433.38711855228;340.3393776630304;974.5441796732838;,462.3797873802258;769.7557809581848;623.3385361433284;
4,1000,False,False,False,0.5,385.13417185504665;2735.539425292822;,484.7365212888848;611.1985504655191;
4,1000,False,False,False,0.75,1100.0571819689967;70.52956445529969;767.8269063160535;,606.9558645906242;97.15087643993688;660.8676052278356;
4,1000,False,False,False,0.5,411.635794574984;338.85601609110734;,136.55206019325558;649.309874053329;
4,1000,False,False,False,0.5,872.073951729323;1243.5301387696222;,2084.0789991424954;1357.6000730389185;
4,1000,False,False,False,0.5,2446.080323979024;1821.4343850810355;,1355.6705458524218;1151.590518516166;
4,1000,False,False,False,0.75,368.7414693198734;365.2489649508009;477.4326844702846;,303.80618348403243;475.41592498242954;300.091601806724;
4,1000,False,False,False,0.75,3051.864281844729;70.94981237407904;1018.6230522710363;,615.8364361515254;677.9951415189475;645.029105728239;
4,1000,False,False,False,0.75,450.95946256381706;1099.4837776644206;911.6401197061574;,482.98127667259655;362.1482965069263;570.8080159760787;
4,1000,False,False,False,0.5,983.2372585743751;3219.932664352389;,547.2497019769505;1113.131853416991;
4,1000,False,False,False,0.5,923.5624160488259;337.00016674482816;,935.5306795175002;929.3301568041524;
4,1000,False,False,False,0.75,1676.9024656384208;191.25797029578638;5193.579061951168;,291.88048293695175;168.6475824272682;784.86157552437;
4,1000,False,False,False,0.75,2211.154842996714;1898.1457375230914;537.0293779708234;,975.1913343625865;2215.8806245294677;583.423803095335;
4,1000,False,False,False,0.75,377.94069457464514;463.36300126618426;1774.1074874568214;,1241.7614124059785;1141.8407753009321;381.7560291004709;
4,1000,False,False,False,0.75,2714.937955835661;1050.0554460495034;339.5429172969881;,1801.1406989858253;894.9182544756719;207.084506066765;
4,1000,False,False,False,0.5,2217.1434701281746;340.40685887462695;,806.6566278159764;919.897666332994;
4,1000,False,False,False,0.5,364.44877047411563;2696.8006260262664;,674.3798514063524;2013.0777479974565;
4,1000,False,False,False,0.75,1117.3038705349197;548.1384365213468;541.4733530410092;,2301.566474155306;321.0187221288758;210.2076079086033;
4,1000,False,False,False,0.5,531.8075563087139;192.30943605828784;,616.9083411725226;596.6386676129537;
4,1000,False,False,False,0.5,1898.348381663384;2212.6120979291604;,1422.8368406791578;803.1063037029285;
4,1000,False,False,False,0.75,1485.211567404167;658.0506550405786;4487.810552759961;,1196.1902553383923;790.4419635709248;588.6196185531481;
4,1000,False,False,False,0.75,726.6097210631035;1172.3524436188545;251.80633569568124;,322.04105080220666;1217.3824991077327;22.55867991204035;
4,1000,False,False,False,0.5,2230.2967980009175;1689.351746828325;,921.9646121711118;895.7445148214125;
4,1000,False,False,False,0.5,174.28103577276227;2079.0711631205463;,394.5690861181646;530.117986287783;
4,1000,False,False,False,0.5,134.27421898844696;3053.1646202954385;,559.4938530638336;1258.4989257501934;
4,1000,False,False,False,0.5,502.9100359639589;177.15384309593713;,442.73011235319376;843.1101979894677;
4,1000,False,False,False,0.5,751.9252390063233;634.5921966694617;,807.3703602140204;788.5224112282554;
4,1000,False,False,False,0.75,1676.2195831497975;1224.387306408045;1073.5584563457571;,638.8641635412496;1102.582549153569;543.1892735652024;
4,1000,False,False,False,0.5,434.0161676743255;407.21269806777946;,652.3423842469908;1096.7326146236187;
4,1000,False,False,False,0.5,1278.7971620901099;1609.244441081135;,1447.7488624983037;396.99048556807287;
4,1000,False,False,False,0.75,598.8136868588687;166.5779239089555;1696.1081694898476;,729.5987297076226;623.7093573611266;771.4414547500862;
4,1000,False,False,False,0.5,1569.048617675011;2867.234534671375;,1176.6447134523937;459.63793342000787;
4,1000,False,False,False,0.5,5503.512154645532;220.74560082544053;,1737.9441665258457;263.1241148985994;
4,1000,False,False,False,0.5,1023.4190499371016;526.3992095255313;,1535.36156751032;501.79709906039795;
4,1000,False,False,False,0.75,1130.8011713117337;1009.3242139764537;1398.3074377748537;,1571.5143079885597;606.6814058332469;990.082519100053;
4,1000,False,False,False,0.75,1420.290329581294;526.4566653450472;919.223977238273;,581.4435160854408;556.1853215472444;865.9334087615908;
4,1000,False,False,False,0.75,1598.0175344726201;660.3980352033235;874.7679595632685;,92.93351966788909;501.9587592392315;1057.6927964160507;
4,1000,False,False,False,0.25,654.7982815889334;,282.80771829874607;
4,1000,False,False,False,0.5,1229.887516393926;356.7277901928009;,2333.718836958074;400.19820175485694;
4,1000,False,False,False,0.5,872.8348156914254;1541.117786018478;,812.9712552608433;508.5913997867929;
4,1000,False,False,False,0.5,1553.9820447520124;980.4206271197307;,931.7737433221168;1571.0001883268963;
4,1000,False,False,False,0.5,959.8592405473507;1391.748675458968;,362.8538574353227;496.8070689494542;
4,1000,False,False,False,0.5,159.8432295350467;4122.3681043930155;,497.15126479619795;1297.1209474125633;
4,1000,False,False,False,0.5,449.5049048738678;2334.6708827047523;,751.2045563903466;557.896151857323;
4,1000,False,False,False,0.75,536.0016525476119;1552.5961842487588;380.3648854176176;,347.42594135649864;502.9958017934623;892.2584030813938;
4,1000,False,False,False,0.5,497.05532936850585;445.94569074271686;,660.6552540124977;270.9462415801948;
4,1000,False,False,False,0.5,646.2430664169207;2830.9420849528983;,719.3546635094262;167.4455808943357;
4,1000,False,False,False,0.5,412.96303604424827;2422.3376755436625;,647.0284027190294;417.60169179552605;
4,1000,False,False,False,0.5,707.7619092320797;259.52945274095526;,1214.6394104122462;363.4239481466939;
4,1000,False,False,False,0.75,1065.3135883175614;1036.2856795975415;1041.3684985398477;,521.5899031836781;572.9412115164074;280.93842245007426;
4,1000,False,False,False,0.5,199.1953478597728;1242.3097686817605;,821.9265358898547;293.10555341499054;
4,1000,False,False,False,0.5,824.8682043652624;1284.5348845945596;,604.5124720659609;1178.9535137289654;
4,1000,False,False,False,0.75,320.342415397511;513.985129757277;718.0714811594983;,628.4222729577805;1206.9290695375287;1381.2287177224002;
4,1000,False,False,False,0.75,1015.3862564609165;463.80578337473685;1335.1932453687878;,750.8476462307868;648.3121445281984;763.6092054756606;
4,1000,False,False,False,0.75,755.2222908607955;348.123056681384;1276.622417543915;,185.4358573261952;553.244672423744;1649.18936143996;
4,1000,False,False,False,0.5,1524.3049792777913;1150.892742651973;,944.1039104469411;436.77366281425725;
4,1000,False,False,False,0.75,553.5443037191244;1115.9859842994626;1486.8811736304685;,944.272285994863;1042.1635991723656;1149.862201198887;
4,1000,False,False,False,0.75,895.8312551276209;171.1982637840787;783.3807128937146;,656.4120003777783;854.7982791820266;501.7212722374611;
4,1000,False,False,False,0.75,1954.9907238211124;857.1747677610875;1685.7988146029406;,1250.1741399123687;836.5381063263153;397.86953619073756;
4,1000,False,False,False,0.75,418.2924494113502;686.7120098987465;1294.003378994368;,433.9076694223043;910.4213674850099;922.3356252144629;
4,1000,False,False,False,0.5,337.51041930114866;1063.1912331641217;,391.1684205862189;188.79635395921596;
4,1000,False,False,False,0.75,988.7964790061892;618.664099068278;1030.1718722895357;,946.055029662723;1374.227660296896;339.45067265017366;
4,1000,False,False,False,0.5,1636.0397298907653;570.4399151743031;,1570.8071819360293;1521.236269270687;
4,1000,False,False,False,0.5,498.00330957856073;666.6145004062978;,598.8877833798762;304.4439261663513;
4,1000,False,False,False,0.5,532.0828115991621;672.2536923327159;,162.5150160448027;1134.2670057366668;
4,1000,False,False,False,0.5,1145.9062031870267;146.01554633495454;,114.4380547421642;260.31772854574814;
4,1000,False,False,False,0.75,1211.6609777503675;861.4349485950041;1908.7757940798458;,685.4155020623601;388.5577409424543;1693.0150029050444;
4,1000,False,False,False,0.75,467.39161366906546;859.8974955326078;1740.7807119769543;,530.0810581437198;1679.749085517353;418.7191856938941;
4,1000,False,False,False,0.75,647.3325324914073;1776.4213051789272;1737.1988542395175;,640.4618900509053;178.74087399893196;1050.8767893553336;
4,1000,False,False,False,0.5,838.584763431507;807.373999245678;,1311.5596299259937;605.0619156651006;
4,1000,False,False,False,0.5,149.50728260638954;1939.6299380723244;,370.92373643238653;348.49495930706007;
4,1000,False,False,False,0.5,594.8416793446262;459.0534386167276;,489.330409790823;433.7268559651321;
4,1000,False,False,False,0.5,817.5752055643213;780.5760183179501;,1199.4213885968438;996.9311304204937;
4,1000,False,False,False,0.5,3427.333871511308;515.6460891639267;,217.47981012394743;660.4609582747859;
4,1000,False,False,False,0.5,868.5249977287034;774.4409335565364;,169.09854240172595;726.5248358352367;
4,1000,False,False,False,0.5,906.545366848081;948.3478287994269;,551.832122606146;191.97823914414627;
4,1000,False,False,False,0.75,2386.8597192188136;719.7638027847961;1663.6468535225174;,890.113684525326;220.65858485017833;815.4640279318987;
4,1000,False,False,False,0.75,455.127598610152;1141.2302275543818;1062.549768977458;,1414.22047139962;681.1297522086971;1236.6355618967584;
4,1000,False,False,False,0.5,1057.8077688733943;1332.7957491572072;,1147.7503603225134;286.50008336041583;
4,1000,False,False,False,0.5,1107.7751744875343;2983.4959934682292;,336.2532664178099;967.9163945967919;
4,1000,False,False,False,0.5,674.7069255263432;3137.3984682070795;,444.4034279987956;424.23993460884486;
4,1000,False,False,False,0.75,551.6005910889077;992.5413536041779;331.40645070508714;,830.5914933501177;309.25141882686046;271.88165761084724;
4,1000,False,False,False,0.5,1150.6020110041295;614.0208740652207;,949.311342806557;313.9008240569071;
4,1000,False,False,False,0.75,571.5935206279643;470.1421138699517;1556.0853418857548;,1088.872331916907;550.4087490451979;1258.0125314266663;
4,1000,False,False,False,0.75,2723.8152914864645;847.9347577273844;386.8698728813867;,408.8916587035208;659.1680690765988;819.0653676578968;
4,1000,False,False,False,0.75,428.56473705224147;1125.279091671438;804.512275926339;,963.907812663826;400.7371152177415;1105.4384749441078;
4,1000,False,False,False,0.5,467.7234381180715;917.4944041424986;,1276.2288242386505;76.87351031421383;
4,1000,False,False,False,0.5,4588.9261205489975;1219.897571708733;,897.3471092741307;286.3665492329691;
4,1000,False,False,False,0.75,190.67680334904009;1268.8066380291536;1083.8386378170517;,880.3717073950072;856.1914330962422;2802.2071416026324;
5,1000,False,False,False,0.6,887.0739934216274;522.1909255679778;258.35826166234153;,853.6895332874258;414.55137674556437;1083.7869505227795;
5,1000,False,False,False,0.4,1321.366870553034;1492.3910414196964;,813.8291937997722;328.44177821413274;
5,1000,False,False,False,0.6,780.7319083434056;1123.6151272801383;2600.5526243469594;,1213.6914955396942;182.41768079216519;274.2272451651464;
5,1000,False,False,False,0.4,1311.521261117182;431.765090102854;,957.3699797478023;1154.3673786106153;
5,1000,False,False,False,0.2,130.8983342387619;,804.6211297961266;
5,1000,False,False,False,0.6,468.9143953887256;1479.9640273209807;795.9984061420105;,441.1863017738828;1769.7449934962578;471.1094292599394;
5,1000,False,False,False,0.6,2195.9904361204576;930.391081443275;934.3459643666147;,1249.8747802978908;472.63476776206727;775.5258789974461;
5,1000,False,False,False,0.4,1468.9190225805146;1255.580896360458;,954.9931800030357;599.8915937292228;
5,1000,False,False,False,0.6,664.2581833761056;1183.3737078883414;1007.248397349061;,132.877854692051;747.4636086694633;676.252654888505;
5,1000,False,False,False,0.4,471.54359375101154;1126.1816700666814;,998.8636644132349;222.82717793642453;
5,1000,False,False,False,0.6,730.4428745973087;1767.8332217662849;2359.2141222157884;,1512.6790124335412;1007.2789094225549;634.9209762080224;
5,1000,False,False,False,0.6,1080.0608052413727;1232.4195586652604;314.6703779495725;,1057.0559237815246;293.02814514804345;405.31131676953305;
5,1000,False,False,False,0.4,991.9693681567056;432.98779898805145;,1128.9022445239725;1226.1294212275652;
5,1000,False,False,False,0.6,703.0634736940551;1327.9922732079299;1816.897651463278;,367.0775535678662;305.9752280388379;815.102739043417;
5,1000,False,False,False,0.4,689.7439987942844;987.3477719158777;,286.418070942684;519.3295906523655;
5,1000,False,False,False,0.6,891.6965415763634;281.6486112816466;1486.3638416227195;,622.8204091322846;220.2282094620262;712.7378712657821;
5,1000,False,False,False,0.6,632.6560406317562;2183.1522832884357;2684.6152719303896;,482.2993961467233;1173.9662675162704;248.07093907370506;
5,1000,False,False,False,0.6,1276.8787573911625;2207.964079472873;59.71893358077361;,199.33081364325403;956.5533369199039;924.1502135151145;
5,1000,False,False,False,0.6,532.3185198016924;1514.8121490721392;547.6371471263342;,308.3864332338889;909.1838501546214;781.9555953370897;
5,1000,False,False,False,0.4,1347.8517919847693;1472.5320169752817;,459.55020553967654;559.2253032551101;
5,1000,False,False,False,0.6,765.0180071082422;1207.0163920518453;799.3262946250721;,1496.6716728234662;978.9294650957721;986.3060085628066;
5,1000,False,False,False,0.6,558.3386102533888;3496.128672571817;1605.163789934479;,1255.7803492221851;200.95520181596152;423.6322884016087;
5,1000,False,False,False,0.6,675.4976929995543;115.05359927834448;825.9377121651501;,1163.4702900685043;729.5181854255;1055.052720756793;
5,1000,False,False,False,0.6,406.51468062064686;502.1165798421393;771.9653356257716;,118.98365362127721;327.8070421191359;652.7441379727064;
5,1000,False,False,False,0.6,2472.637058805574;1459.420509545955;1073.4741002403407;,494.0790063083062;1509.8343235936582;887.5409191504535;
5,1000,False,False,False,0.4,609.4466347864306;529.7581250470221;,515.5317245429881;579.0925970778227;
5,1000,False,False,False,0.4,716.6007991852848;232.00624898470542;,1015.8259004313901;477.43384034763784;
5,1000,False,False,False,0.6,458.26599813049285;607.703828407579;626.0647452608769;,313.5233915069011;411.8159698466138;774.0529861113947;
5,1000,False,False,False,0.6,339.03099135950055;587.8952032034091;808.515197698394;,483.36971648651524;944.8929639991551;588.6359152423645;
5,1000,False,False,False,0.4,211.89999069102413;1075.1882762944508;,736.9133507349288;963.9548890629203;
5,1000,False,False,False,0.6,1138.81651857897;2843.648338137342;248.61295499492738;,168.78819617630847;975.6702937895952;343.52672141760553;
5,1000,False,False,False,0.6,978.4906884974645;1400.7105547615145;1184.0645580628218;,420.9534935319977;188.5922323273701;41.39822825172314;
5,1000,False,False,False,0.4,678.934172515272;335.10847575379097;,276.7966447145465;657.9445940055135;
5,1000,False,False,False,0.6,3248.4051719498616;808.109302322287;506.8731724233696;,673.8350372194079;361.04559061042784;2412.9894688509726;
5,1000,False,False,False,0.4,2090.929607616709;998.1957184972853;,486.6129566377182;1013.6552310868198;
5,1000,False,False,False,0.6,2621.2077048854253;514.546893334934;1786.6286466432368;,2047.7170181722472;1329.2850384628025;546.0655017999356;
5,1000,False,False,False,0.6,1148.3156554433658;651.3002669716722;1146.9102842817656;,323.23779705747086;1116.1774851750874;1344.5579097262616;
5,1000,False,False,False,0.6,1992.8719982749003;1115.2419827719789;1699.0245304589926;,185.41968552637925;1117.3371932090333;391.75423458791596;
5,1000,False,False,False,0.6,1235.9431034018553;1233.4174557357737;489.96718305387674;,709.341147760261;1101.264755973207;117.97222258702305;
5,1000,False,False,False,0.4,1979.2450945403252;1190.8408774091995;,1303.838545939911;549.2019198326865;
5,1000,False,False,False,0.4,982.5826214637792;2717.931388572601;,616.1153255305928;560.235266175737;
5,1000,False,False,False,0.4,1546.7374284083814;1578.6857474732437;,1582.3909165596638;203.47598301982714;
5,1000,False,False,False,0.4,1802.2273548437488;674.3777828760263;,1282.9350780950542;721.4902108834558;
5,1000,False,False,False,0.4,331.03116632885883;876.7955297143026;,901.4360965601434;861.4853706413825;
5,1000,False,False,False,0.6,2236.639716699566;1073.1086046200292;337.3178341225029;,1482.5034918418519;439.18949528295366;919.0546207594613;
5,1000,False,False,False,0.4,3583.3356154933153;429.1333211919812;,1774.7781503365422;512.5115080664182;
5,1000,False,False,False,0.6,822.6209667577381;1011.1832990216847;127.26410608399222;,1049.8234312340844;226.46821452409756;614.9956279524134;
5,1000,False,False,False,0.4,967.656910078297;1109.8040079137036;,706.9375944333339;727.8415280101481;
5,1000,False,False,False,0.6,498.5802356710243;954.0079326693235;890.6647304407127;,753.589971385895;912.624175951907;1045.1124478020818;
5,1000,False,False,False,0.4,1066.5964157576655;1962.9896012139359;,974.3242341648288;619.914006023254;
5,1000,False,False,False,0.6,750.0066379617699;945.604064602124;1247.7714099857403;,154.19819175560065;657.2280540842212;844.6552258618469;
5,1000,False,False,False,0.4,615.6208003761166;518.7579698865893;,746.0520055852329;680.3209549882203;
5,1000,False,False,False,0.6,980.2568701499924;438.534517009438;1224.2437866010287;,1188.0055117213114;433.0262736821776;489.79452898622105;
5,1000,False,False,False,0.6,1360.262569349619;2416.310556874155;1613.1695327473603;,602.042201209378;438.26101439503617;513.5276022907553;
5,1000,False,False,False,0.4,3667.518120795902;1339.8763331013508;,425.3271622629059;1121.6934277319033;
5,1000,False,False,False,0.6,1766.299817702073;1738.3371228803392;379.47287339298816;,668.573056396285;488.3366310691238;321.95948897514023;
5,1000,False,False,False,0.4,710.5275579641675;1473.3342218918847;,565.0849210155013;1593.880311713805;
5,1000,False,False,False,0.6,1316.6273682706033;722.4685756345029;215.60552777100438;,1108.4442933504706;1529.8720245517989;112.08436306717145;
5,1000,False,False,False,0.4,1206.2773969232687;620.3782517160214;,643.1254841055548;268.80951627100274;
5,1000,False,False,False,0.6,1298.8862406150931;2307.7349071878493;1788.4139409647175;,997.0985772524984;434.23917153924987;1286.5065233321593;
5,1000,False,False,False,0.4,434.7901479674401;3425.6615537444695;,637.7523448775545;211.4013208389956;
5,1000,False,False,False,0.6,1259.0419598834137;609.9233302738892;1541.519770883329;,235.52647700540783;752.738960246307;1585.7851316336405;
5,1000,False,False,False,0.6,1997.2582313404212;914.4316813017937;1041.3289164154703;,393.91797820169234;840.9511118639327;1055.5685363302816;
5,1000,False,False,False,0.6,1491.029039527589;1228.8193259801812;1413.318798167981;,897.7726497582277;1133.0019926206955;963.4115988027901;
5,1000,False,False,False,0.6,976.6195279682345;1334.5926767177302;1352.998569414751;,792.9208011081527;657.2095813394873;1364.4389288827244;
5,1000,False,False,False,0.4,487.647706556109;339.4689814458659;,232.81343977666796;492.6952957614926;
5,1000,False,False,False,0.4,1607.3327425450225;162.64612232407129;,567.6643071364232;659.2981126280005;
5,1000,False,False,False,0.6,1271.644680409644;582.0958951571282;993.4402242906779;,615.6957043772584;647.5529319197769;611.4548707295704;
5,1000,False,False,False,0.4,795.1097056872695;176.1901843198222;,1126.0044592159277;715.9023842260438;
5,1000,False,False,False,0.6,1343.196641229375;773.2572829126909;528.5623233958306;,1656.9968607227206;741.7229107853622;976.8451955088872;
5,1000,False,False,False,0.4,601.3582374509587;1112.0430506955477;,673.5334312907407;311.0981246160398;
5,1000,False,False,False,0.6,1615.9727269859548;637.204784267229;922.322530299398;,1783.620328031041;621.3519730804696;451.26251961007097;
5,1000,False,False,False,0.2,707.9346022314412;,525.7883769214488;
5,1000,False,False,False,0.4,2855.9126419710456;1022.295934531688;,356.8635988080031;974.6628188559167;
5,1000,False,False,False,0.6,186.78535277040217;1256.776731834808;2192.981549653782;,283.84351974165344;1255.6067733827733;908.3622975572697;
5,1000,False,False,False,0.6,403.4549150820012;943.0281939178157;592.7300207088363;,1703.6711171883107;276.3848611238369;426.3414901773972;
5,1000,False,False,False,0.4,80.92446202473812;4030.3844178713116;,554.5116418988848;1325.5688173795077;
5,1000,False,False,False,0.4,862.771315768152;1364.131773136041;,487.15619069128115;705.8493709967639;
5,1000,False,False,False,0.4,626.316713960282;2367.9238216311296;,534.6286715880822;705.330116359597;
5,1000,False,False,False,0.4,2266.330602441845;792.5550044866233;,1395.2942740099738;920.7373211778877;
5,1000,False,False,False,0.6,679.0568285959633;311.6192126999343;717.2595612923328;,373.5489814097131;528.9986806385742;1066.3921335522693;
5,1000,False,False,False,0.6,500.1546561372492;1474.110148167901;2957.4503096892136;,1201.8419255224226;822.0439884164095;940.6397801311568;
5,1000,False,False,False,0.4,498.3176223816254;1381.0255954832885;,884.2387180288098;962.3868548127348;
5,1000,False,False,False,0.4,649.5874224776205;1086.3206147658161;,658.0635248666631;883.7218063969366;
5,1000,False,False,False,0.4,165.30510817454;1209.8492915369618;,1371.2816049701373;384.60257264137755;
5,1000,False,False,False,0.4,588.4086169428548;2145.134900984236;,490.5386978777822;144.21802291403714;
5,1000,False,False,False,0.6,396.78263198730014;986.1275145465787;566.9030018079909;,295.11397612609903;582.4940059477865;636.155757422528;
5,1000,False,False,False,0.6,304.6170352802187;1273.8289658052154;2073.0863562171153;,139.38060252716556;1526.4972869599205;1024.500658369102;
5,1000,False,False,False,0.4,1402.4386575868484;1200.9374315909222;,977.2801542476101;1193.4544543335996;
5,1000,False,False,False,0.4,773.0871909331939;2930.068829155826;,459.39880842223533;1127.4290933514517;
5,1000,False,False,False,0.6,2642.849388845485;2575.2337963667587;679.3508174484799;,853.8930240947794;523.2748834609283;1172.1021974244663;
5,1000,False,False,False,0.6,397.9234448344369;819.0029840796827;290.94991011196856;,576.5839089783974;295.3758878658359;541.4065915018044;
5,1000,False,False,False,0.4,1152.243387270829;602.5253354201542;,479.0410575021229;781.0597150684057;
5,1000,False,False,False,0.4,566.9629090953247;1297.2899204361067;,921.1101229639411;457.6227029633639;
5,1000,False,False,False,0.6,1875.9335087304676;974.8725330495187;1630.925360580291;,729.4969441336738;802.1560196691102;45.255646031162854;
5,1000,False,False,False,0.6,845.3112536517739;386.3514588052354;144.055045607436;,799.122573038351;582.6814406870001;515.870083222207;
5,1000,False,False,False,0.4,530.161590271572;607.2871767663379;,592.316120623329;691.4760618482214;
5,1000,False,False,False,0.4,821.5519999796229;2173.9556470042558;,233.56957379524124;677.6918588621122;
5,1000,False,False,False,0.6,993.5579258839264;106.05543052877917;1143.7804205754962;,998.3302524679743;257.7504000187811;117.40236796696254;
5,1000,False,False,False,0.6,618.0021263882969;677.7403580627947;3450.690925716238;,945.7994847606183;840.7085630074698;972.4564754449952;
5,1000,False,False,False,0.4,570.9083818201348;1411.1442603890082;,313.98396767027265;746.2277825603283;
5,1000,False,False,False,0.8,1065.4274344503551;690.1620963353353;1600.3962591972247;745.0543056275989;,356.8304599492404;250.0251457761041;998.44336105593;583.2658968306598;
5,1000,False,False,False,0.6,741.3165111287923;1032.281752964648;1724.7947036090013;,1295.944615378112;379.2753154288124;1300.2129926497607;
5,1000,False,False,False,0.4,1242.4188007069408;723.6874401298749;,860.261549630635;879.6717691811756;
5,1000,False,False,False,0.6,759.0795221561353;696.937458051918;342.73789826505225;,1131.1228901683214;954.2408806858048;995.3141637323972;
5,1000,False,False,False,0.6,645.1612165177556;451.01987314683845;1960.247221784058;,825.0229442063976;351.5412089218851;485.63879970150373;
5,1000,False,False,False,0.6,1900.9280781862012;178.53941709873138;766.0178441918177;,1044.5030636791844;184.72014320353713;982.1288696813724;
5,1000,False,False,False,0.4,1732.9993018195983;541.4137619301907;,746.788956591426;485.9490209022744;
5,1000,False,False,False,0.4,2133.6838396344483;1545.4286577959788;,631.9527945853533;1539.8190469064339;
5,1000,False,False,False,0.4,652.7141441581883;554.6551664131546;,561.4753065568661;807.0689978635104;
5,1000,False,False,False,0.4,1129.5098162628617;553.6333412635121;,911.1711022910869;445.21836367932053;
5,1000,False,False,False,0.4,841.665435877696;857.6054963891424;,916.8846286590301;677.873673322198;
5,1000,False,False,False,0.6,2233.924566356896;915.0592802643125;559.1771898703081;,601.5473846633698;1357.3254023283102;808.4856272618043;
5,1000,False,False,False,0.6,1237.6718389359492;854.2704871112859;1857.4407318646872;,1055.3420227429401;842.1549862367244;530.1694794650952;
5,1000,False,False,False,0.6,574.0703942641655;757.9891816318426;906.5092849394968;,547.8076873726814;502.4481835489796;1186.8791653400167;
5,1000,False,False,False,0.6,1133.205047649146;988.5946770996501;940.9201803038077;,617.235907912898;1173.3897593421052;1728.168239092354;
5,1000,False,False,False,0.6,1258.9185892728835;402.43888883391486;2139.166370873835;,1384.7050211639005;529.000239528614;1058.6392612404386;
5,1000,False,False,False,0.2,1064.2794123504543;,134.26716198921417;
5,1000,False,False,False,0.6,1930.1987452312285;634.4779781275133;2236.2161046745314;,536.8425951423443;517.3304063694675;1168.1152492506285;
5,1000,False,False,False,0.6,952.8317569993803;438.29152066925195;885.2284532461138;,1012.7016278207426;366.9576113854961;724.5738895072409;
5,1000,False,False,False,0.6,939.7323214842373;972.1175744701957;2260.3277444693535;,775.7223119999157;427.1013411756034;1967.961987298216;
5,1000,False,False,False,0.4,1824.821579076312;954.0738876919607;,689.0286444428186;827.1077039753299;
5,1000,False,False,False,0.6,2281.6848384995205;256.38622934375377;1932.1052921675325;,346.2765170767624;327.2444382687674;571.2943112720781;
5,1000,False,False,False,0.4,1943.4499144853955;1039.5408043242228;,63.159275015951486;1027.1345915801776;
5,1000,False,False,False,0.4,359.53578784167064;590.1639505312334;,537.7505035479107;673.8233234990051;
5,1000,False,False,False,0.4,1281.9663829124402;778.5211518773732;,2071.8522609480287;901.8505855772609;
5,1000,False,False,False,0.4,391.5515048152481;1422.452296162985;,1249.7758815048403;113.14282320273098;
5,1000,False,False,False,0.4,629.3149901798732;607.6279132560961;,586.651578101005;1070.4223310393072;
5,1000,False,False,False,0.6,765.3690712272399;2960.703520709974;2497.0812816302273;,490.36959410400107;262.16170900550685;871.6501684732465;
5,1000,False,False,False,0.6,862.6359226544078;2422.795932777109;4197.8297362297435;,683.7010750924459;711.9359010486099;1509.9186586925236;
5,1000,False,False,False,0.4,1394.0170400090276;852.750463249411;,402.0235154785652;1653.1341799558782;
5,1000,False,False,False,0.6,1174.3432521465727;879.0761810495463;828.9559599619489;,598.6371711254386;886.527594851539;1194.110310492432;
5,1000,False,False,False,0.4,553.8776345396542;576.0406889648687;,777.1324245709455;176.17674280524474;
5,1000,False,False,False,0.4,1667.8999004393595;736.0033561796474;,499.69508806834256;1430.387932757806;
5,1000,False,False,False,0.4,616.6257573450545;893.654912175908;,373.01834437921104;581.2586900181494;
5,1000,False,False,False,0.4,3039.96232383275;446.46870173880285;,423.2605517595815;983.1561664062802;
5,1000,False,False,False,0.4,370.49537004122516;2990.7087550635088;,693.1054095298085;1368.7181129734188;
5,1000,False,False,False,0.4,1000.7590381451814;1431.1678336872505;,959.9537500457398;666.0223558172091;
5,1000,False,False,False,0.6,430.56946307026357;1270.1573525035692;813.4207979434127;,112.58673052138661;781.8785265702977;382.1963316862636;
5,1000,False,False,False,0.6,1309.0606384680657;1052.4507186911633;1784.1436832426632;,2169.7628968856866;1177.9929670287495;1415.517094795854;
5,1000,False,False,False,0.6,1308.434686701811;684.7724664765527;1283.7460644357418;,2035.7721776903254;587.6856857771724;1653.7386012374639;
5,1000,False,False,False,0.4,2277.88278566508;3792.84327924547;,912.8715137195701;1353.593135168435;
5,1000,False,False,False,0.4,1085.1598466710898;835.8281039333816;,734.8718258068737;952.512831026981;
5,1000,False,False,False,0.6,526.8977079295755;1118.1416366098986;223.53801726221948;,585.2105014371969;1538.284695842501;606.5969794267421;
5,1000,False,False,False,0.6,235.09076613503768;499.11825452051124;2859.8742456284645;,1022.1307405234438;724.7674041148236;1343.7762238282273;
5,1000,False,False,False,0.6,949.6510921015206;947.4601851525583;651.3378037982801;,974.1841885347019;654.705739323973;693.5030766471713;
5,1000,False,False,False,0.6,1235.5362058015291;3882.7207724367254;1200.666147418029;,1311.884443034527;669.8356876592457;2104.2603519745217;
5,1000,False,False,False,0.4,2433.93006029142;514.8177929658463;,704.3002210989549;1228.4851639724293;
5,1000,False,False,False,0.4,63.075607410965986;1463.080955150326;,832.896531825369;912.660773766326;
5,1000,False,False,False,0.4,994.4885183017176;1092.9440231002457;,1502.1664284969595;400.24170979552355;
5,1000,False,False,False,0.4,2239.8236806993477;619.7195734426118;,939.624763147818;710.719038031936;
5,1000,False,False,False,0.4,929.1288569447842;1794.301037819719;,253.36387147445404;583.9395364846541;
5,1000,False,False,False,0.6,643.3848208512707;603.967137779092;2069.283097634426;,989.4668635062676;1454.0957373515148;2118.7570353915676;
5,1000,False,False,False,0.4,751.2365493022097;1492.1307039618464;,1772.4850514701648;252.93216462057168;
5,1000,False,False,False,0.4,322.75028945882565;1341.0615671468372;,537.8193867266356;1138.23951469966;
5,1000,False,False,False,0.4,187.98897987893125;1393.27698122797;,334.42900131301474;1130.6508033628957;
5,1000,False,False,False,0.6,217.12923541946643;801.5832541730125;1210.5631427281912;,420.6708185494081;540.5122613469573;1447.4598769378092;
5,1000,False,False,False,0.6,900.9573842650266;698.6876529420567;2105.4254773312764;,635.0735749229116;1532.0918338533004;848.6267838457715;
5,1000,False,False,False,0.6,2188.8639357819525;492.1673194826924;2843.951850107789;,686.8806380965962;162.70704180185732;492.1694363578664;
5,1000,False,False,False,0.6,3185.718019302085;641.1044630652406;1352.3656808236476;,218.14791878861;460.34029547646503;828.3567922994013;
5,1000,False,False,False,0.6,1682.0388558403117;1224.8071317820409;1860.9630350399743;,290.27208349599533;421.21725306797197;941.3130198719429;
5,1000,False,False,False,0.6,2668.202462499498;1114.486286596779;406.42584722792293;,1313.1370509116925;353.20534537838824;842.0327071137223;
5,1000,False,False,False,0.4,1441.1816483201765;1345.7444370285057;,371.48015504863605;1950.2068343648714;
5,1000,False,False,False,0.6,427.67497009093813;448.72890789956296;1631.5929307940744;,1180.0820785599608;548.7283195321068;770.5436935604314;
5,1000,False,False,False,0.6,184.66016495809993;3588.900315129083;185.93211477160668;,426.12746280588055;473.5705867521054;906.3427260373159;
5,1000,False,False,False,0.4,736.7976475004099;2818.1461273257905;,326.1126887849623;638.194235025753;
5,1000,False,False,False,0.6,1114.7872607198055;672.086828116852;2042.2876372404555;,377.8689663337751;370.4754772700672;1197.0429271745663;
5,1000,False,False,False,0.4,2351.913512645754;1549.0513545195051;,1112.886964321961;508.03350741054277;
5,1000,False,False,False,0.4,246.3055706181168;1080.2237633571172;,711.7137799257442;201.84219811172233;
5,1000,False,False,False,0.4,1742.9449850049;5197.144331793807;,1240.5137544364632;1719.1116909239265;
5,1000,False,False,False,0.4,1325.4677147169973;117.70772256146417;,518.123830690049;571.5980261940108;
5,1000,False,False,False,0.4,112.0679371350481;1662.9111107529702;,583.2094202167566;1111.793784262567;
5,1000,False,False,False,0.4,1746.15572640259;2263.5533263891093;,2040.2814004782385;401.23294670386304;
5,1000,False,False,False,0.6,936.6379361259326;2135.8549059022557;3185.168383733162;,875.2733359725577;1536.5186709144637;79.35377435424887;
5,1000,False,False,False,0.4,2367.0197686720294;1724.7764157851536;,876.2382606867101;358.87335204466495;
5,1000,False,False,False,0.6,1558.6316883131967;698.7553795111945;1513.9492248070633;,918.1306099594337;2013.0491488688915;3081.1004380819973;
5,1000,False,False,False,0.4,1999.9914478061226;2052.449131799527;,457.74639049664745;32.00753500264686;
5,1000,False,False,False,0.4,1519.15430089927;1861.9432704852854;,1645.3644427080749;569.5895160668961;
5,1000,False,False,False,0.6,525.3082840548872;4327.333307595182;92.03099634967077;,311.64062149304704;479.8321271734477;615.652953753222;
5,1000,False,False,False,0.6,544.9137028153594;613.8797878725238;2674.895024083272;,454.0933165381034;1007.5764814128181;1222.68239533076;
5,1000,False,False,False,0.4,740.7484941747347;1019.8107846353148;,599.7373858420332;229.52854029139337;
5,1000,False,False,False,0.4,381.53719504720544;624.9965563424358;,784.6603319845262;1232.8543027679134;
5,1000,False,False,False,0.4,1141.641194743978;1144.2020897033194;,869.5362035977085;241.91186704351173;
5,1000,False,False,False,0.4,1614.083094831793;1623.9272584578619;,686.2441296516985;1255.9323301790464;
5,1000,False,False,False,0.4,753.0978203761091;1898.7630668684012;,729.5831735515204;628.5933455060783;
5,1000,False,False,False,0.6,433.4098642066296;1134.5540890641694;686.2296413456521;,397.46393083662366;897.2477995794367;1402.296307039371;
5,1000,False,False,False,0.6,45.361031045994665;710.845363858262;3581.021113641887;,386.50900233759035;927.6272756004684;1000.7070137264285;
5,1000,False,False,False,0.4,490.20254369331064;1773.3857670097377;,1303.0093244704867;1717.6997227063105;
5,1000,False,False,False,0.6,758.7355107926332;1006.9841801143523;3384.054371149983;,738.3607448266131;1041.1753134247313;611.2572678871965;
5,1000,False,False,False,0.4,1513.5621436039032;449.76594610814664;,341.3032593151826;862.4876504017001;
5,1000,False,False,False,0.8,1063.0770515247978;1255.075101800212;1648.35276200217;542.5892504066629;,608.1778490211835;2052.941307854153;612.2987772166106;392.3033649016706;
5,1000,False,False,False,0.6,766.0595510558829;1929.6757176108686;325.30120678261875;,1325.0029903900654;1079.7893552345279;868.3013318619007;
5,1000,False,False,False,0.6,1555.2600595085685;404.7641829410249;789.7114682865075;,808.6552385372064;1087.012128487681;452.2346947476721;
5,1000,False,False,False,0.6,302.1487428065567;1575.9931331075736;763.0945178787169;,540.3344037919641;490.1196334413506;693.1562744460821;
5,1000,False,False,False,0.4,2517.295606775987;424.0453579699552;,282.63624053785446;729.4481690508538;
5,1000,False,False,False,0.6,1886.8123536050346;181.32656153249482;1906.9738159349934;,588.2130595551864;403.7837074154;285.1288981980816;
5,1000,False,False,False,0.6,767.9944735641973;256.95824393825336;389.75706990184653;,396.81811860748155;1367.8467157202604;333.46848499442297;
5,1000,False,False,False,0.4,915.5709410981731;848.417283270874;,667.1227737066307;258.5378743338005;
5,1000,False,False,False,0.6,422.1004751104958;940.9621729939893;1320.4251580890802;,383.207296527389;281.3995526455026;483.9088862216598;
5,1000,False,False,False,0.6,986.588860105548;1205.0264509241317;580.6276013027561;,191.87985973758455;71.59441725574825;858.8587060532282;
5,1000,False,False,False,0.6,453.858763236624;101.93799974634517;2357.2573073908106;,961.1839251836536;598.7756024141479;1731.7280251156676;
5,1000,False,False,False,0.8,251.82447141832176;500.48024412383273;1257.0065157335882;993.9907890126431;,194.14254417311744;1215.9519493141622;1120.35760441744;450.82872113925714;
5,1000,False,False,False,0.4,764.2895360590152;583.8372932158549;,416.84955397250474;856.1557040032255;
5,1000,False,False,False,0.4,935.8339486457307;1880.4049954014488;,490.8813295670227;897.3859511394343;
5,1000,False,False,False,0.4,648.25262437865;729.3953953987137;,613.5168023891388;691.101078481921;
5,1000,False,False,False,0.4,700.2801086098096;1294.7005625509491;,558.222573755284;198.8266686615647;
5,1000,False,False,False,0.6,207.56407320142367;875.1768001924038;1005.4019189544221;,1302.8297144075595;1479.4426468099975;719.2335104398659;
5,1000,False,False,False,0.6,996.6662916588605;303.44547625756735;1068.4802793825831;,604.3214608125487;899.4215981674615;1131.7276149630095;
5,1000,False,False,False,0.8,2277.7126682328567;211.0224410645033;1529.6021806961028;971.0773712087588;,949.6250352465222;288.60705534418236;623.0854138727184;829.6277119442827;
5,1000,False,False,False,0.4,377.6100021918913;459.6051190795521;,667.3002324751028;552.8755169657281;
5,1000,False,False,False,0.4,1400.7809080480495;414.0382669509523;,300.08310857296703;835.7736424337617;
5,1000,False,False,False,0.6,442.2540184775049;766.8152008890402;1721.5708065034016;,1276.7179180319768;1062.0589651209718;1095.9002003938178;
5,1000,False,False,False,0.4,935.551634827873;624.3518786403282;,1386.60203128766;638.459076172224;
5,1000,False,False,False,0.4,95.73212203246402;496.2328555557066;,312.41477014150115;435.8809823988157;
5,1000,False,False,False,0.4,454.75963222231246;1365.4812857023142;,415.15734452439267;1378.3683860766484;
5,1000,False,False,False,0.6,637.9359415588401;377.65164201717613;1232.2290610524349;,936.8803407746313;619.7264561236896;957.4121313407185;
5,1000,False,False,False,0.6,1499.1687437930116;675.0658184111197;825.0966955281663;,533.6734453685692;763.0032137096828;160.9826118439225;
5,1000,False,False,False,0.6,1231.0542337514366;1135.9047290795174;2145.932690512849;,418.09026112476386;756.9718735180693;255.44032481560126;
5,1000,False,False,False,0.4,3501.655663573543;944.5955149854005;,1848.0924689801009;784.1107333167043;
5,1000,False,False,False,0.4,502.35385601081475;611.4552409044102;,836.4335768902234;485.94855330664274;
5,1000,False,False,False,0.4,1280.4515878089512;1811.7372738320053;,321.9343834543885;1641.113971198388;
5,1000,False,False,False,0.4,1752.6328414450995;1259.2839405187567;,916.5129582920748;1253.0698925980762;
5,1000,False,False,False,0.6,2736.0980806591942;1270.049054579184;1322.2776526728642;,1495.7985111422809;933.2144238181181;829.5111189628198;
5,1000,False,False,False,0.4,2150.7627020811983;941.66555316973;,1806.2543482838937;1171.8362620827481;
5,1000,False,False,False,0.4,1779.9997860435974;471.9235550996458;,271.6138247448955;304.1083615763697;
5,1000,False,False,False,0.6,377.55424789490365;129.62154722714666;170.1629089137671;,1074.5328952411717;264.04634853320044;590.87791642484;
5,1000,False,False,False,0.6,295.244868841572;4209.300654017265;719.5663244042328;,435.75763865424193;1413.3556566739553;290.21041868187086;
5,1000,False,False,False,0.6,1130.9175707054635;1446.1147212368478;952.4820098288917;,477.83713189795117;311.2182379922557;803.6921674262745;
5,1000,False,False,False,0.6,409.23230399549277;928.6112938445785;4485.001447167951;,1073.6089936052572;1360.4369209755828;1418.054945514816;
5,1000,False,False,False,0.6,324.3656439441598;696.6588162049957;1099.7806132333812;,545.5640391646621;384.80794305442697;1162.093944733362;
5,1000,False,False,False,0.4,1503.8635979903645;737.0465366195807;,1152.1986382632526;230.79056997018935;
5,1000,False,False,False,0.6,871.298634641488;1330.2850418212834;730.2135997752807;,670.7526696907898;1457.9527775784456;1239.3535881813734;
5,1000,False,False,False,0.4,419.8624913820071;1496.3951757838845;,243.34521005862047;442.7961267110531;
5,1000,False,False,False,0.8,3142.809520025236;695.9011129353705;1629.3973135740403;2476.147276343747;,444.76685382415593;546.3743942072193;128.7214610103808;2075.5422622957744;
5,1000,False,False,False,0.6,1264.5895032611668;1431.0609841265396;518.2425499384987;,1391.2661728268333;953.8925901713882;1051.091867063626;
5,1000,False,False,False,0.6,888.1501050227225;3015.2346151234683;337.0472161007806;,426.82347152177914;809.7991821885274;1157.7616158012593;
5,1000,False,False,False,0.6,517.7386461529765;1814.311377636872;3697.3011780507845;,396.28458808226395;812.4463879713898;1057.0383016232224;
5,1000,False,False,False,0.6,2707.4282169520925;1026.0454700425162;675.3344175924941;,199.7390087883615;601.1080907066737;81.4815558096591;
5,1000,False,False,False,0.4,2104.761584254127;810.2933591772743;,551.2381454501425;1248.3596527543916;
5,1000,False,False,False,0.6,1355.900430776679;2325.536247329253;839.6867581917869;,1918.5783324256827;451.5007719231605;1052.9133655940052;
5,1000,False,False,False,0.6,322.6979079934574;1328.9920748163643;2363.0393733263127;,2378.1583417916654;578.359289401277;696.6379373031331;
5,1000,False,False,False,0.4,1098.8276382505521;374.906317472384;,675.1641736819726;243.05904472084552;
5,1000,False,False,False,0.6,1550.3736182256541;645.2784576634742;1328.4615432509408;,416.5643770163449;373.56254041899996;1023.4882737052161;
5,1000,False,False,False,0.4,713.6643388826639;1305.7521379665861;,1036.2222565217642;391.8828637810309;
5,1000,False,False,False,0.4,322.1735582664529;1241.2507526574127;,374.44631838057944;1198.3419047684192;
5,1000,False,False,False,0.6,4569.710381076841;827.2823516300697;1059.6730258451294;,712.8389520878134;1908.9461704332368;407.40318799238526;
5,1000,False,False,False,0.6,1788.850210468126;165.83495913415567;956.3963717738275;,464.3445345923342;359.8818927934958;554.7929697970704;
5,1000,False,False,False,0.6,1202.0494092525216;1121.6484724867348;910.3752192394973;,60.86328293403276;994.2852285222069;208.5715421434203;
5,1000,False,False,False,0.6,374.69111569971034;2064.466779278463;1671.1222846930996;,526.2286613542045;668.627574486291;1609.6435895253912;
5,1000,False,False,False,0.6,690.1826876991058;726.8416085619092;383.9239579009302;,1262.304882648498;1342.6966418525233;1234.3301538726266;
5,1000,False,False,False,0.6,431.366154470299;678.0180500504018;172.77341286414088;,271.84167690104624;1003.4097825578727;229.43582882928627;
5,1000,False,False,False,0.4,543.8502088429494;1784.4912579746347;,1285.9849252417243;1080.452847288765;
5,1000,False,False,False,0.6,2035.7152656231995;1496.5437733342733;324.88349766767345;,707.7694174459398;779.772505123077;776.4827486092908;
5,1000,False,False,False,0.4,348.6490932641224;1112.7125848748724;,418.9567693555409;211.99112439684376;
5,1000,False,False,False,0.4,867.2506833951549;475.8090728917643;,793.9107752148211;451.85353345907896;
5,1000,False,False,False,0.6,1893.4469217465178;1323.6017229048161;1073.4150397821234;,569.4504068844924;1182.888523592559;913.7100150974788;
5,1000,False,False,False,0.4,1726.6642337998135;308.6003903903202;,224.93097202120632;1430.0459347033902;
5,1000,False,False,False,0.4,1086.3191978637706;931.962480138927;,983.5759509505272;364.0855245054557;
5,1000,False,False,False,0.4,589.3478758772842;1511.6665642565472;,1871.245390837476;455.49604341124706;
5,1000,False,False,False,0.6,1026.5091618634985;859.833591255035;318.40124853002163;,748.0337617168854;574.0869205343845;722.4719962189212;
5,1000,False,False,False,0.4,1183.4848477381308;735.6478527945588;,941.0049659976047;1361.0873994626966;
5,1000,False,False,False,0.4,617.1712227127881;651.8522112362871;,730.5609918824438;678.156497186548;
5,1000,False,False,False,0.6,78.96756078524815;406.18654891495396;1357.8679620864345;,646.4290146689814;131.8200963328253;1745.8839945703446;
5,1000,False,False,False,0.4,1159.9633344213294;853.0936571208179;,1031.3681853207295;1057.2634719663;
5,1000,False,False,False,0.4,128.1613345362537;451.23645566167824;,714.6857829349253;202.2668981804018;
5,1000,False,False,False,0.4,585.8560858148169;1540.4786414442945;,243.8199875275908;2754.9376219795204;
5,1000,False,False,False,0.4,841.1830840368895;963.429593100179;,274.6812542634079;1217.810755447085;
5,1000,False,False,False,0.4,960.5098832033345;733.2711837489928;,996.792578224567;644.6747419940358;
5,1000,False,False,False,0.6,1751.0315853319462;1407.3572449346516;500.2086689560613;,699.9961471252403;988.3537225632172;1189.1903151866907;
5,1000,False,False,False,0.8,1008.7994188549579;1781.989370153242;384.4755422511293;670.5811043195671;,562.8779525964345;1076.9756144683186;1581.1662666534146;682.918251580287;
5,1000,False,False,False,0.4,2065.6106401397874;968.050791377295;,1723.70462247659;1077.1843815582458;
5,1000,False,False,False,0.6,1663.1923061341913;1288.3685508586277;515.768923924119;,415.6163662438857;1476.4148883574574;599.6229364402815;
5,1000,False,False,False,0.4,497.9134310966576;727.3416998693955;,1455.0805266230418;429.586531722981;
5,1000,False,False,False,0.6,1061.5056431763574;472.62690197056986;745.1139420060639;,704.4517270897107;1006.0129739962541;982.9651549244057;
5,1000,False,False,False,0.4,968.3502817412576;1313.7800864948367;,1616.6387730089455;123.5486874894827;
5,1000,False,False,False,0.4,376.41865571499505;802.6784768317195;,750.3021083988707;1057.2409650367524;
5,1000,False,False,False,0.6,597.1694026732657;1315.17116715661;621.3978286047559;,615.1388368730373;520.0646162910202;1251.3279602689854;
5,1000,False,False,False,0.4,5014.200037825481;1009.7319159263601;,565.1721675235209;1034.6745503675625;
5,1000,False,False,False,0.6,808.4795149921578;1063.5617656068391;601.5892251130011;,830.6683956860221;874.1719103125638;1059.883903173577;
5,1000,False,False,False,0.4,2231.4276362993337;1191.1339889174376;,2039.1262496464574;124.94864598538238;
5,1000,False,False,False,0.2,690.4117561324291;,1445.8896223157274;
5,1000,False,False,False,0.6,1121.1792309899272;922.4685133741141;792.2861560683529;,826.1496307621378;487.78691404927696;476.9818946072551;
5,1000,False,False,False,0.4,3570.9414848673605;1425.170557467998;,1067.6613085554295;117.60756907557142;
5,1000,False,False,False,0.6,176.10386004417143;1280.0368755133484;1349.334580749969;,403.7919897878529;660.9692792370287;1385.769774285403;
5,1000,False,False,False,0.2,749.0674839578065;,665.5389815149387;
5,1000,False,False,False,0.4,901.0405929001736;822.7471147825984;,340.7210422392079;750.8880786323174;
5,1000,False,False,False,0.6,791.6665374425301;1049.8963175520087;287.6480193470528;,611.2306695191395;1553.8983849124331;1303.1351755495427;
5,1000,False,False,False,0.8,955.2630952500507;503.48437331970274;219.22204532912414;1069.2224039239977;,230.59642797284306;197.40312603103195;505.62362230341006;673.1676343378374;
5,1000,False,False,False,0.6,457.8651829697768;1864.7970351855229;640.8220315461168;,710.1059356151152;592.1826058580081;1097.2459391871769;
5,1000,False,False,False,0.6,360.3115358899898;760.37383439018;1343.41764770802;,193.77880843870963;305.92857261799503;1120.0866291437897;
5,1000,False,False,False,0.6,842.1420560796739;489.0069107092952;1097.0674847008756;,366.477073846147;466.25126445008505;924.863816514516;
5,1000,False,False,False,0.4,2523.9986000188096;1578.863645208482;,1376.6625692136804;550.1229246735702;
5,1000,False,False,False,0.6,5594.427597361394;990.2616761449772;976.1737610323618;,1126.819852344796;237.98667915311833;1056.6567597267347;
5,1000,False,False,False,0.6,1067.4851336297606;2370.5663069073253;1469.3929032985588;,1120.9711355032352;511.45599138726317;113.18464759127612;
5,1000,False,False,False,0.4,1665.3668365708984;205.22944234990325;,879.9318502707794;458.5661908051139;
5,1000,False,False,False,0.6,1661.4851330342703;948.0878816560033;1264.0718013864735;,469.79757907767356;403.81476760483764;1454.5834286754005;
5,1000,False,False,False,0.4,667.3698570486179;324.8785571200489;,678.6964437099966;375.4528669092425;
5,1000,False,False,False,0.6,480.65258367201795;1707.935904465106;175.96926461664285;,1015.7401058625196;781.3357773170806;1463.0114203231399;
5,1000,False,False,False,0.6,734.1781583280288;205.60186543948558;1312.8948778269257;,1259.2061669772888;461.3840288085372;484.1664566881724;
5,1000,False,False,False,0.6,2181.615862951075;1334.2013135484003;1364.9393678297436;,784.1385011959435;940.0894929256112;1266.7674875773728;
