num_sources,std,over_predict_sources,FN,FP,percent_possible_detections,localization_error,best_localization_error
1,0,False,False,False,1.0,5.752149554916067e-12;,1.1504299109832135e-11;
1,0,False,False,False,1.0,3.410605131648481e-13;,6.760305380939147e-12;
1,0,False,False,False,1.0,8.761507882552232e-10;,4.547473508864641e-12;
1,0,False,False,False,1.0,0.0;,1.337452083121456e-11;
1,0,False,False,False,1.0,1.5910660385251447e-09;,6.558459564010244e-12;
1,0,False,False,False,1.0,5.080974996767844e-11;,1.7938039421384038e-11;
1,0,False,False,False,1.0,9.094947017729282e-13;,9.094947017729282e-12;
1,0,False,False,False,1.0,4.547473508864641e-13;,1.324244274525066e-11;
1,0,False,False,False,1.0,0.0;,1.1504299109832135e-11;
1,0,False,False,False,1.0,1.0800249583553523e-12;,6.62122137262533e-12;
1,0,False,False,False,1.0,1.9190674954565943e-10;,1.2862197421537486e-12;
1,0,False,False,False,1.0,6.821210263296962e-13;,3.410605131648481e-12;
1,0,False,False,False,1.0,0.0;,9.094947017729282e-12;
1,0,False,False,False,1.0,1.656085963498312e-11;,7.103380699760832e-12;
1,0,False,False,False,1.0,0.0;,1.1647215137477994e-11;
1,0,False,False,False,1.0,3.749942721349417e-12;,4.897778860262864e-12;
1,0,False,False,False,1.0,1.8189894035458565e-12;,1.5647538506605318e-11;
1,0,False,False,False,1.0,1.7085206564502542e-10;,7.71731845292249e-12;
1,0,False,False,False,1.0,0.0;,3.858659226461245e-12;
1,0,False,False,False,1.0,1.0913936421275139e-11;,1.6370904631912708e-11;
1,0,False,False,False,1.0,0.0;,1.1395935949750917e-11;
1,0,False,False,False,1.0,1.8189894035458565e-12;,4.897778860262864e-12;
1,0,False,False,False,1.0,4.547473508864641e-13;,4.897778860262864e-12;
1,0,False,False,False,1.0,6.62122137262533e-12;,2.8760747774580336e-12;
1,0,False,False,False,1.0,9.094947017729282e-13;,1.19625350980331e-11;
1,0,False,False,False,1.0,3.979039320256561e-13;,7.823769253302659e-12;
1,0,False,False,False,1.0,0.0;,8.134767913360665e-12;
1,0,False,False,False,1.0,0.0;,9.795557720525728e-12;
1,0,False,False,False,1.0,0.0;,9.374856803373543e-12;
1,0,False,False,False,1.0,9.094947017729282e-13;,6.821210263296962e-12;
1,0,False,False,False,1.0,3.086927381168996e-11;,1.1064480586898243e-11;
1,0,False,False,False,1.0,4.547473508864641e-13;,7.499885442698834e-12;
1,0,False,False,False,1.0,8.739614184798066e-10;,1.4380373887290168e-12;
1,0,False,False,False,1.0,6.0028372820143364e-12;,1.0219175716994974e-11;
1,0,False,False,False,1.0,4.547473508864641e-13;,9.140308630886366e-12;
1,0,False,False,False,1.0,4.547473508864641e-13;,1.1504299109832135e-11;
1,0,False,False,False,1.0,0.0;,1.0606439709309235e-11;
1,0,False,False,False,1.0,4.547473508864641e-13;,1.1737856311029015e-11;
1,0,False,False,False,1.0,0.0;,1.3116919128020487e-11;
1,0,False,False,False,1.0,0.0;,5.4569682106375694e-12;
1,0,False,False,False,1.0,1.2505552149377763e-12;,5.956365793021967e-12;
1,0,False,False,False,1.0,0.0;,3.885363069147175e-12;
1,0,False,False,False,1.0,2.832970153971932e-11;,3.0505379675102492e-12;
1,0,False,False,False,1.0,6.649270917999908e-11;,3.637978807091713e-12;
1,0,False,False,False,1.0,6.407904931187126e-11;,7.059577317822925e-12;
1,0,False,False,False,1.0,3.410605131648481e-13;,6.558459564010244e-12;
1,0,False,False,False,1.0,9.052214062373598e-11;,1.4559018921847493e-12;
1,0,False,False,False,1.0,3.749942721349417e-12;,2.7284841053187847e-12;
1,0,False,False,False,1.0,1.1064480586898243e-11;,9.495403454739563e-12;
1,0,False,False,False,1.0,7.499885442698834e-12;,1.3853010579375966e-11;
1,0,False,False,False,1.0,9.094947017729282e-13;,7.77072613829435e-12;
1,0,False,False,False,1.0,1.367156900885972e-10;,1.7565260273684513e-11;
1,0,False,False,False,1.0,0.0;,7.499885442698834e-12;
1,0,False,False,False,1.0,0.0;,9.837689346015367e-12;
1,0,False,False,False,1.0,8.31180634762558e-11;,5.752149554916067e-12;
1,0,False,False,False,1.0,2.4973869981742576e-11;,3.310610686312665e-12;
1,0,False,False,False,1.0,1.8189894035458565e-12;,9.140308630886366e-12;
1,0,False,False,False,1.0,4.547473508864641e-13;,1.0645362554641566e-11;
1,0,False,False,False,1.0,4.4231285301066237e-13;,8.385126836667848e-12;
1,0,False,False,False,1.0,6.250460568531118e-11;,8.687935939880299e-12;
1,0,False,False,False,1.0,1.0491268763016094e-11;,8.735411353108496e-12;
1,0,False,False,False,1.0,6.708756525384796e-11;,0.0;
1,0,False,False,False,1.0,0.0;,9.094947017729282e-12;
1,0,False,False,False,1.0,2.92773958841642e-11;,6.558459564010244e-12;
1,0,False,False,False,1.0,4.547473508864641e-13;,1.8749713606747085e-12;
1,0,False,False,False,1.0,0.0;,3.637978807091713e-12;
1,0,False,False,False,1.0,1.4665161412810538e-11;,1.3116919128020487e-11;
1,0,False,False,False,1.0,9.094947017729282e-13;,3.6662903532026344e-12;
1,0,False,False,False,1.0,2.7284841053187847e-12;,5.532240293449121e-12;
1,0,False,False,False,1.0,9.094947017729282e-13;,4.067383956680332e-12;
1,0,False,False,False,1.0,0.0;,6.1010759350204984e-12;
1,0,False,False,False,1.0,1.8189894035458565e-12;,6.1010759350204984e-12;
1,0,False,False,False,1.0,0.0;,1.1504299109832135e-11;
1,0,False,False,False,1.0,0.0;,1.0913936421275139e-11;
1,0,False,False,False,1.0,3.410605131648481e-13;,3.310610686312665e-12;
1,0,False,False,False,1.0,2.2737367544323206e-13;,1.8189894035458565e-12;
1,0,False,False,False,1.0,4.637531231849411e-12;,8.385126836667848e-12;
1,0,False,False,False,1.0,1.2748832046918825e-10;,4.547473508864641e-12;
1,0,False,False,False,1.0,4.547473508864641e-13;,3.6662903532026344e-12;
1,0,False,False,False,1.0,4.547473508864641e-13;,2.033691978340166e-12;
1,0,False,False,False,1.0,5.515123677346901e-10;,9.094947017729282e-12;
1,0,False,False,False,1.0,4.192563418333924e-12;,2.7661201467245607e-12;
1,0,False,False,False,1.0,1.8189894035458565e-12;,8.134767913360665e-12;
1,0,False,False,False,1.0,2.2737367544323206e-13;,3.0926163410039053e-12;
1,0,False,False,False,1.0,1.4423755157763004e-10;,9.795557720525728e-12;
1,0,False,False,False,1.0,7.731540852509763e-13;,7.059577317822925e-12;
1,0,False,False,False,1.0,1.524590935718171e-11;,3.637978807091713e-12;
1,0,False,False,False,1.0,0.0;,2.8760747774580336e-12;
1,0,False,False,False,1.0,0.0;,1.124982816404825e-11;
1,0,False,False,False,1.0,5.752149554916067e-12;,1.543463690584498e-11;
1,0,False,False,False,1.0,0.0;,7.103380699760832e-12;
1,0,False,False,False,1.0,2.7284841053187847e-12;,8.185452315956354e-12;
1,0,False,False,False,1.0,0.0;,7.499885442698834e-12;
1,0,False,False,False,1.0,1.8305769743523172e-10;,6.62122137262533e-12;
1,0,False,False,False,1.0,2.2182707229171597e-11;,6.558459564010244e-12;
1,0,False,False,False,1.0,4.547473508864641e-13;,7.941821057362622e-12;
1,0,False,False,False,1.0,0.0;,1.124982816404825e-11;
1,0,False,False,False,1.0,0.0;,1.0606439709309235e-11;
1,0,False,False,False,1.0,0.0;,1.107382164435505e-11;
1,0,False,False,False,1.0,3.238618558455502e-11;,1.2370465364015621e-11;
1,0,False,False,False,1.0,3.279229782005122e-12;,2.8760747774580336e-12;
1,0,False,False,False,1.0,0.0;,7.71731845292249e-12;
1,0,False,False,False,1.0,0.0;,1.3520610761878294e-11;
1,0,False,False,False,1.0,3.223437872272774e-11;,3.865352482534945e-12;
1,0,False,False,False,1.0,0.0;,5.752149554916067e-12;
1,0,False,False,False,1.0,0.0;,8.385126836667848e-12;
1,0,False,False,False,1.0,0.0;,4.897778860262864e-12;
1,0,False,False,False,1.0,3.0091529387870597e-10;,3.279229782005122e-12;
1,0,False,False,False,1.0,9.094947017729282e-13;,6.558459564010244e-12;
1,0,False,False,False,1.0,0.0;,8.385126836667848e-12;
1,0,False,False,False,1.0,0.0;,5.475883235154604e-12;
1,0,False,False,False,1.0,2.4476224354289822e-11;,6.760305380939147e-12;
1,0,False,False,False,1.0,7.104308682005376e-10;,9.275062463698822e-12;
1,0,False,False,False,1.0,4.547473508864641e-13;,5.532240293449121e-12;
1,0,False,False,False,1.0,1.016845989170083e-12;,7.499885442698834e-12;
1,0,False,False,False,1.0,4.547473508864641e-13;,1.0998871059607903e-11;
1,0,False,False,False,1.0,1.1038751921604085e-11;,5.697967974875459e-12;
1,0,False,False,False,1.0,9.87178889140178e-12;,1.9057386696477137e-12;
1,0,False,False,False,1.0,2.1903532940618417e-11;,4.637531231849411e-12;
1,0,False,False,False,1.0,1.6553053431563327e-11;,2.7661201467245607e-12;
1,0,False,False,False,1.0,0.0;,9.094947017729282e-13;
1,0,False,False,False,1.0,4.547473508864641e-13;,3.6662903532026344e-12;
1,0,False,False,False,1.0,6.402900835532238e-12;,5.550898829703193e-12;
1,0,False,False,False,1.0,0.0;,6.382683226374047e-12;
1,0,False,False,False,1.0,0.0;,9.275062463698822e-12;
1,0,False,False,False,1.0,1.9426815345735873e-12;,4.897778860262864e-12;
1,0,False,False,False,1.0,7.410995477596809e-11;,1.8189894035458565e-12;
1,0,False,False,False,1.0,0.0;,7.332580706405269e-12;
1,0,False,False,False,1.0,0.0;,6.558459564010244e-12;
1,0,False,False,False,1.0,0.0;,9.094947017729282e-12;
1,0,False,False,False,1.0,1.9336122591511685e-11;,1.0289757937229989e-11;
1,0,False,False,False,1.0,0.0;,1.016845989170083e-11;
1,0,False,False,False,1.0,4.547473508864641e-13;,9.094947017729282e-13;
1,0,False,False,False,1.0,4.547473508864641e-13;,4.7477017273697814e-12;
1,0,False,False,False,1.0,5.7808387580992364e-11;,1.2862197421537486e-11;
1,0,False,False,False,1.0,2.036240440656439e-11;,1.2202151870040997e-11;
1,0,False,False,False,1.0,1.2406107824143387e-09;,1.1064480586898243e-11;
1,0,False,False,False,1.0,0.0;,6.558459564010244e-12;
1,0,False,False,False,1.0,0.0;,1.2862197421537486e-11;
1,0,False,False,False,1.0,1.7053025658242404e-13;,4.897778860262864e-12;
1,0,False,False,False,1.0,0.0;,9.363821064641343e-12;
1,0,False,False,False,1.0,9.713407672867936e-13;,7.107018795108063e-12;
1,0,False,False,False,1.0,1.444494062004068e-11;,3.183231456205249e-12;
1,0,False,False,False,1.0,4.547473508864641e-13;,6.1010759350204984e-12;
1,0,False,False,False,1.0,7.946241208343358e-10;,8.385126836667848e-12;
1,0,False,False,False,1.0,2.462363476421321e-10;,3.637978807091713e-12;
1,0,False,False,False,1.0,3.926724284422231e-12;,5.0138344411607124e-12;
1,0,False,False,False,1.0,5.317993699601782e-10;,9.795557720525728e-12;
1,0,False,False,False,1.0,5.86133878744139e-10;,9.094947017729282e-12;
1,0,False,False,False,1.0,8.676771314227237e-13;,2.7661201467245607e-12;
2,0,False,False,False,1.0,7.958078640513122e-13;2.5724394843074972e-12;,6.926505289687983e-12;9.094947017729282e-12;
2,0,False,False,False,1.0,2.6133387035288108e-11;0.0;,7.798121550714548e-12;9.094947017729282e-12;
2,0,False,False,False,1.0,0.0;0.0;,9.094947017729282e-12;1.55414522765887e-11;
2,0,False,False,False,1.0,52.89127363102681;58.385204618912105;,1.2635104203081759e-11;5.532240293449121e-12;
2,0,False,False,False,1.0,1.2505552149377763e-12;0.0;,7.275957614183426e-12;9.973388023109378e-12;
2,0,False,False,False,1.0,9.374856803373542e-13;0.0;,3.637978807091713e-12;4.067383956680332e-12;
2,0,False,False,False,1.0,253.81690690311208;167.59467160757814;,1.46157241760995e-11;1.324244274525066e-11;
2,0,False,False,False,1.0,2.973021882689512e-10;2.0544315699365175e-11;,2.8760747774580336e-12;5.752149554916067e-12;
2,0,False,False,False,1.0,0.0;3.749942721349417e-12;,9.094947017729282e-12;1.1064480586898243e-11;
2,0,False,False,False,1.0,0.0;1.4965187427593985e-09;,2.7661201467245607e-12;9.795557720525728e-12;
2,0,False,False,False,0.5,519.1321736421708;,7.275957614183426e-12;
2,0,False,False,False,1.0,2.5724394843074972e-12;4.706738332356354e-10;,4.547473508864641e-12;6.558459564010244e-12;
2,0,False,False,False,1.0,1.151331566596582e-09;0.0;,7.332580706405269e-12;9.094947017729282e-12;
2,0,False,False,False,1.0,0.0;1.6770253673335696e-11;,1.0606439709309235e-11;1.7160311712462504e-11;
2,0,False,False,False,1.0,200.86027332002936;166.3197754327909;,8.198074455012805e-12;9.275062463698822e-12;
2,0,False,False,False,1.0,188.0934102111446;212.60722929641983;,3.970910528681311e-12;3.885363069147175e-12;
2,0,False,False,False,0.5,503.9489942539905;,1.1823431123048067e-11;
2,0,False,False,False,0.5,83.43922288650084;,3.749942721349417e-12;
2,0,False,False,False,1.0,9.433815722837875e-11;4.547473508864641e-13;,9.094947017729282e-13;1.0951766470309208e-11;
2,0,False,False,False,1.0,2.5229094505222124e-10;9.094947017729282e-13;,4.547473508864641e-12;6.558459564010244e-12;
2,0,False,False,False,1.0,1.185836009463428e-11;1.1064480586898243e-11;,4.570154315443183e-12;1.22359997904584e-11;
2,0,False,False,False,0.5,123.10454873193136;,2.7284841053187847e-12;
2,0,False,False,False,1.0,1.6736877503336462e-10;1.995628662992586e-10;,3.647797968449065e-12;2.033691978340166e-12;
2,0,False,False,False,1.0,5.77551518861778e-11;0.0;,3.940233362000613e-12;4.067383956680332e-12;
2,0,False,False,False,1.0,9.094947017729282e-13;0.0;,2.2737367544323206e-13;7.499885442698834e-12;
2,0,False,False,False,1.0,4.547473508864641e-13;2.1964814869958576e-10;,8.782630136842257e-12;4.637531231849411e-12;
2,0,False,False,False,1.0,0.0;3.6245959883652496e-11;,1.626953582672133e-11;7.77072613829435e-12;
2,0,False,False,False,1.0,3.279229782005122e-12;0.0;,1.0097029785890535e-11;1.55414522765887e-11;
2,0,False,False,False,1.0,1.0569062432778473e-09;4.555651607504185e-11;,7.332580706405269e-12;9.495403454739563e-12;
2,0,False,False,False,0.5,31.14578012091339;,4.367705676554248e-12;
2,0,False,False,False,1.0,83.52221665796236;64.86304712254915;,1.411915463564585e-11;7.71731845292249e-12;
2,0,False,False,False,0.5,56.98709043027308;,5.1448789686149945e-12;
2,0,False,False,False,1.0,47.16261136318771;31.907017282066835;,1.5007093205035841e-12;7.77072613829435e-12;
2,0,False,False,False,1.0,4.687428401686771e-13;4.930858573684769e-10;,8.348051665364355e-12;6.1852326820078106e-12;
2,0,False,False,False,1.0,3.092616341003905e-11;3.4968452427918284e-11;,3.279229782005122e-12;7.71731845292249e-12;
2,0,False,False,False,0.5,0.22802720916862504;,5.4569682106375694e-12;
2,0,False,False,False,0.5,81.44874174876405;,5.9117155615240335e-12;
2,0,False,False,False,1.0,163.18405833591223;168.28123358431432;,4.834030647877921e-12;6.1852326820078106e-12;
2,0,False,False,False,1.0,1.692051280596584e-10;5.821568172220086e-11;,1.8189894035458565e-12;6.558459564010244e-12;
2,0,False,False,False,1.0,1.2108582228115072e-11;3.65815909302519e-10;,1.1377775084108001e-11;9.462679393748118e-12;
2,0,False,False,False,1.0,8.025068677336291;3.907235115789564;,2.033691978340166e-12;5.823607568738997e-12;
2,0,False,False,False,1.0,0.0;0.0;,6.366462912410498e-12;4.067383956680332e-12;
2,0,False,False,False,1.0,2.3874235921539366e-11;9.951384975713104e-11;,4.687428401686771e-12;1.3021982397982677e-11;
2,0,False,False,False,1.0,6.648637270633131;6.6827901658480195;,3.858659226461245e-12;9.094947017729282e-12;
2,0,False,False,False,1.0,34.707133260326216;1.0989466294262977e-11;,5.4569682106375694e-12;1.0645362554641566e-11;
2,0,False,False,False,1.0,1.3270229749115006e-12;0.0;,4.7816094695038125e-12;8.640199666842818e-12;
2,0,False,False,False,1.0,5.624914082024125e-12;0.0;,3.749942721349417e-12;1.1823431123048067e-11;
2,0,False,False,False,1.0,4.547473508864641e-13;0.0;,9.196696017241577e-12;9.094947017729282e-12;
2,0,False,False,False,1.0,25.71387864315964;24.187431482846176;,9.668061295755842e-12;8.385126836667848e-12;
2,0,False,False,False,1.0,2.4217164456230145e-11;0.0;,5.752149554916067e-12;5.752149554916067e-12;
2,0,False,False,False,1.0,9.094947017729282e-13;4.547473508864641e-13;,1.1064480586898243e-11;9.275062463698822e-12;
2,0,False,False,False,1.0,120.07309351006339;202.24549702069848;,1.0045697324301055e-11;1.1758896225468393e-11;
2,0,False,False,False,1.0,29.843408355738394;21.543747262846377;,4.1179124028246485e-12;1.1064480586898243e-11;
2,0,False,False,False,1.0,8.024712498728737e-11;1.7938039421384038e-11;,4.637531231849411e-12;8.385126836667848e-12;
2,0,False,False,False,1.0,2.3187656159247056e-12;4.547473508864641e-13;,3.6662903532026344e-12;6.366462912410498e-12;
2,0,False,False,False,1.0,1.4214037590216125e-11;0.0;,2.8760747774580336e-12;9.094947017729282e-13;
2,0,False,False,False,1.0,0.0;0.0;,9.094947017729282e-13;9.668061295755842e-12;
2,0,False,False,False,1.0,0.0;0.0;,9.094947017729282e-12;7.499885442698834e-12;
2,0,False,False,False,1.0,107.0783065256271;105.69655354633022;,4.570154315443183e-12;1.016845989170083e-11;
2,0,False,False,False,1.0,4.547473508864641e-13;3.327122562739595e-11;,5.752149554916067e-12;1.0923406216047e-11;
2,0,False,False,False,1.0,9.310008041529271e-13;0.0;,1.639614891002561e-12;9.275062463698822e-12;
2,0,False,False,False,1.0,9.094947017729282e-13;0.0;,8.185452315956354e-12;5.823607568738997e-12;
2,0,False,False,False,1.0,0.0;0.0;,8.829596408280667e-12;5.532240293449121e-12;
2,0,False,False,False,1.0,0.0;1.8189894035458565e-12;,3.6662903532026344e-12;1.0289757937229989e-11;
2,0,False,False,False,1.0,4.687428401686771e-13;1.4665161412810538e-11;,3.858659226461245e-12;1.4665161412810538e-11;
2,0,False,False,False,1.0,195.60797527670687;163.42799546763848;,9.094947017729282e-12;9.094947017729282e-12;
2,0,False,False,False,1.0,9.094947017729282e-13;4.347536888496368e-11;,6.760305380939147e-12;7.275957614183426e-12;
2,0,False,False,False,1.0,4.2995754810466935e-10;5.567749475896302e-10;,5.532240293449121e-12;1.4235843848381163e-11;
2,0,False,False,False,1.0,59.65952809139864;53.25152122187629;,6.1010759350204984e-12;7.73070496506989e-12;
2,0,False,False,False,1.0,1.8052728845987192e-10;2.033691978340166e-12;,7.347547867564811e-12;8.134767913360665e-12;
2,0,False,False,False,1.0,2.2737367544323206e-13;5.643559364952385e-10;,4.192563418333924e-12;9.094947017729282e-12;
2,0,False,False,False,1.0,1.8749713606747085e-12;2.3383036263444303e-11;,1.8189894035458565e-12;8.957483989248525e-12;
2,0,False,False,False,1.0,0.0;2.5454317944243977e-10;,7.290154618149881e-12;5.322681277320783e-12;
2,0,False,False,False,1.0,1.7185900542878613e-11;4.290077928115626e-12;,8.26208142840672e-12;8.134767913360665e-12;
2,0,False,False,False,1.0,0.0;0.0;,7.275957614183426e-12;1.274104372543834e-11;
2,0,False,False,False,1.0,2.5011104298755527e-11;0.0;,5.752149554916067e-12;1.0913936421275139e-11;
2,0,False,False,False,1.0,7.958078640513122e-13;2.7284841053187847e-12;,9.00353819507624e-12;6.558459564010244e-12;
2,0,False,False,False,1.0,0.0;3.678678406896631e-11;,4.637531231849411e-12;1.524590935718171e-11;
2,0,False,False,False,1.0,9.57524302204629;11.796033096380663;,8.543927027883881e-12;2.033691978340166e-12;
2,0,False,False,False,1.0,1.0457472752608688e-09;2.2737651759641174e-10;,1.0913936421275139e-11;5.9117155615240335e-12;
2,0,False,False,False,0.5,75.08775102423883;,6.9414170513817895e-12;
2,0,False,False,False,1.0,0.0;4.547473508864641e-13;,4.897778860262864e-12;1.0923406216047e-11;
2,0,False,False,False,0.5,787.4761204645638;,1.5647538506605318e-11;
2,0,False,False,False,0.5,167.52580236265638;,6.558459564010244e-12;
2,0,False,False,False,1.0,0.0;4.774847184307873e-12;,2.5724394843074972e-12;3.6662903532026344e-12;
2,0,False,False,False,1.0,3.08930384807359e-11;0.0;,4.359189817941534e-12;3.637978807091713e-12;
2,0,False,False,False,1.0,8.162248787398834e-10;1.1368683772161603e-13;,6.9414170513817895e-12;9.140308630886366e-12;
2,0,False,False,False,1.0,23.107566960896612;15.923168878301189;,3.2155493553843714e-12;6.558459564010244e-12;
2,0,False,False,False,1.0,0.0;8.063864699608443e-10;,9.094947017729282e-12;9.973388023109378e-12;
2,0,False,False,False,1.0,4.547473508864641e-13;3.1767284229450486e-11;,1.1656089207441525e-11;1.1504299109832135e-11;
2,0,False,False,False,1.0,212.50272327562257;257.72845604339784;,4.067383956680332e-12;9.462679393748118e-12;
2,0,False,False,False,1.0,16.747045634587963;16.43978610245895;,5.532240293449121e-12;1.3882834102763579e-11;
2,0,False,False,False,1.0,0.0;0.0;,9.094947017729282e-12;1.4665161412810538e-11;
2,0,False,False,False,1.0,0.0;9.094947017729282e-13;,6.62122137262533e-12;9.837689346015367e-12;
2,0,False,False,False,1.0,0.0;0.0;,4.4787419946242626e-12;1.3882834102763579e-11;
2,0,False,False,False,1.0,148.1401997540186;133.39566319639334;,3.6737739337824054e-12;4.067383956680332e-12;
2,0,False,False,False,1.0,0.0;4.547473508864641e-13;,6.1010759350204984e-12;3.858659226461245e-12;
2,0,False,False,False,1.0,0.0;9.991323993679507e-10;,3.310610686312665e-12;6.926505289687983e-12;
2,0,False,False,False,1.0,4.6130202366603273e-10;3.070874887293651e-10;,9.094958119952752e-12;1.5647538506605318e-11;
2,0,False,False,False,0.5,532.5932341293242;,5.532240293449121e-12;
2,0,False,False,False,1.0,0.0;2.517824684378948;,1.6090603833576217e-11;1.0219175716994974e-11;
2,0,False,False,False,1.0,1.0369835082193621e-11;1.619309279227751e-11;,1.2040074848185874e-11;5.532240293449121e-12;
2,0,False,False,False,1.0,8.426457368405296e-11;8.198074455012805e-12;,6.926505289687983e-12;2.7661201467245607e-12;
2,0,False,False,False,0.5,233.2451885919184;,1.0606439709309235e-11;
2,0,False,False,False,0.5,117.96531725542054;,9.763839695362498e-12;
2,0,False,False,False,0.5,1062.8691711879173;,4.637531231849411e-12;
2,0,False,False,False,1.0,0.0;0.0;,6.1010759350204984e-12;1.5883642114725243e-11;
2,0,False,False,False,1.0,0.0;4.547473508864641e-13;,7.499885442698834e-12;3.637978807091713e-12;
2,0,False,False,False,1.0,0.0;2.129072510928313e-11;,1.8189894035458565e-12;1.800707639015248e-11;
2,0,False,False,False,1.0,26.048755530947847;29.76100664115601;,5.9117155615240335e-12;9.721388017365802e-12;
2,0,False,False,False,1.0,4.199463139453727e-11;0.0;,7.332580706405269e-12;1.4999770885397668e-11;
2,0,False,False,False,1.0,9.165725883006586e-13;5.655684228693808e-10;,5.189900644160537e-12;9.837689346015367e-12;
2,0,False,False,False,1.0,245.10813826294785;221.66385191039174;,9.363821064641343e-12;7.402750541632352e-12;
2,0,False,False,False,1.0,1.5324176064285167e-10;0.0;,4.637531231849411e-12;1.7160311712462504e-11;
2,0,False,False,False,0.5,49.34671017511697;,9.795557720525728e-12;
2,0,False,False,False,1.0,123.73511959346132;111.0353545940585;,9.094947017729282e-13;1.0951766470309208e-11;
2,0,False,False,False,0.5,82.94075188852743;,2.2737367544323206e-12;
2,0,False,False,False,1.0,4.547473508864641e-13;1.2261851451904965e-11;,9.374856803373543e-12;5.624914082024125e-12;
2,0,False,False,False,1.0,0.0;1.4189283318596712e-10;,7.402750541632352e-12;1.1064480586898243e-11;
2,0,False,False,False,1.0,6.760305380939147e-12;0.0;,3.183231456205249e-12;1.1395935949750917e-11;
2,0,False,False,False,1.0,0.0;0.0;,9.275062463698822e-12;4.067383956680332e-12;
2,0,False,False,False,1.0,113.91752166370993;171.20358499153352;,8.543927027883881e-12;3.858659226461245e-12;
2,0,False,False,False,1.0,144.3849985820309;70.42826277655651;,3.1587760507704397e-12;4.897778860262864e-12;
2,0,False,False,False,1.0,3.751665644813329e-11;0.0;,6.821210263296962e-12;1.8749713606747085e-12;
2,0,False,False,False,1.0,9.194375470026127e-10;0.0;,2.2737367544323206e-12;9.275062463698822e-12;
2,0,False,False,False,1.0,23.29416202173077;23.13537783310014;,1.1691518131722151e-11;3.749942721349417e-12;
2,0,False,False,False,1.0,1.8189894035458565e-11;4.547473508864641e-13;,1.3116919128020487e-11;4.067383956680332e-12;
2,0,False,False,False,1.0,52.41449766392953;66.28318752119976;,7.103380699760832e-12;5.303219854654618e-12;
2,0,False,False,False,1.0,1.8189894035458565e-12;1.3030494920204488e-09;,3.637978807091713e-12;7.332580706405269e-12;
2,0,False,False,False,1.0,1.1368683772161603e-13;6.796939661557026e-10;,7.402750541632352e-12;1.8331451766013172e-12;
2,0,False,False,False,1.0,19.247983433458415;0.0;,6.62122137262533e-12;5.4569682106375694e-12;
2,0,False,False,False,1.0,0.0;9.094947017729282e-13;,3.749942721349417e-12;3.749942721349417e-12;
2,0,False,False,False,1.0,1.8189894035458565e-12;0.0;,6.382683226374047e-12;6.558459564010244e-12;
2,0,False,False,False,1.0,141.57819531224374;103.33993529924203;,2.033691978340166e-12;8.543927027883881e-12;
2,0,False,False,False,1.0,76.8822292623227;67.79720971071863;,1.016845989170083e-12;4.897778860262864e-12;
2,0,False,False,False,1.0,1.3998243293631052e-10;5.077921587107196e-10;,9.592905876037998e-12;4.547473508864641e-12;
2,0,False,False,False,0.5,92.0811976315601;,4.290077928115626e-12;
2,0,False,False,False,1.0,115.05091026901866;143.14917113801815;,2.7284841053187847e-12;5.823607568738997e-12;
2,0,False,False,False,1.0,0.0;1.1680263386995858e-09;,1.0606439709309235e-11;5.9117155615240335e-12;
2,0,False,False,False,0.5,0.0;,1.0045697324301055e-11;
2,0,False,False,False,1.0,83.14313387461316;62.69199190218453;,6.1179998952292e-12;1.0259567873325503e-11;
2,0,False,False,False,1.0,2.651609927327309e-12;1.1571847250418004e-10;,9.094947017729282e-13;7.42454261274165e-12;
2,0,False,False,False,0.5,52.394502955869626;,1.3860472476270089e-11;
2,0,False,False,False,1.0,1.1368683772161603e-13;4.547473508864641e-13;,6.175037452043016e-12;1.274104372543834e-11;
2,0,False,False,False,1.0,52.148870660790934;44.97024746519162;,6.067086389578587e-12;4.834030647877921e-12;
2,0,False,False,False,1.0,6.821210263296962e-13;1.411915463564585e-11;,5.823607568738997e-12;7.71731845292249e-12;
2,0,False,False,False,1.0,4.648674305567776e-11;0.0;,8.841159266403131e-12;1.1395935949750917e-11;
2,0,False,False,False,1.0,4.547473508864641e-13;2.091837814077735e-11;,6.3175521015408794e-12;7.332580706405269e-12;
2,0,False,False,False,0.5,73.38196457450258;,1.0913936421275139e-11;
2,0,False,False,False,1.0,0.0;2.9558577807620168e-12;,1.828061726177273e-11;3.0505379675102492e-12;
3,0,False,False,False,0.6666666666666666,34.533001918680476;41.07662477477296;,6.431098710768743e-12;9.795557720525728e-12;
3,0,False,False,False,1.0,6.349460267022096e-10;0.0;0.0;,1.2370465364015621e-11;8.385126836667848e-12;9.275062463698822e-12;
3,0,False,False,False,1.0,3.9118846266513295e-12;81.33331939672202;2.11333771114736e-10;,6.382683226374047e-12;2.033691978340166e-12;9.140308630886366e-12;
3,0,False,False,False,1.0,9.931832058937996e-12;4.547473508864641e-13;0.0;,1.8749713606747085e-12;7.499885442698834e-12;1.0289757937229989e-11;
3,0,False,False,False,1.0,117.00375669811737;1.558137300834089e-09;124.93897897963132;,5.4569682106375694e-12;7.332580706405269e-12;8.385126836667848e-12;
3,0,False,False,False,1.0,277.3126475916499;200.18480499011702;0.0;,1.016845989170083e-12;3.279229782005122e-12;1.1647215137477994e-11;
3,0,False,False,False,1.0,5.823607568738997e-12;59.23224955035427;8.829596408280667e-12;,6.272382153899217e-12;5.002220859751105e-12;9.432582606992374e-12;
3,0,False,False,False,0.6666666666666666,152.70932216781623;1753.4864763600438;,5.084229945850415e-12;9.094947017729282e-12;
3,0,False,False,False,1.0,8.920070983137529e-13;1.1679926993512276e-10;0.0;,1.8749713606747085e-12;6.431098710768743e-12;7.499885442698834e-12;
3,0,False,False,False,0.6666666666666666,1.324244274525066e-11;41.07348109003689;,1.543463690584498e-11;1.850687635408088e-12;
3,0,False,False,False,0.6666666666666666,9.414855762503185;161.44650587534943;,1.0616183799292005e-11;6.558459564010244e-12;
3,0,False,False,False,1.0,120.60450143182264;127.74250499043347;288.43377798902435;,3.279229782005122e-12;7.290154618149881e-12;8.134767913360665e-12;
3,0,False,False,False,0.6666666666666666,3.780359338081157e-10;5.129969371473096e-10;,7.059577317822925e-12;1.626953582672133e-11;
3,0,False,False,False,0.6666666666666666,160.39903482669845;586.0200277291226;,9.094947017729282e-12;5.1448789686149945e-12;
3,0,False,False,False,0.6666666666666666,1051.014513995376;216.75950534594807;,4.351399913731402e-12;2.033691978340166e-12;
3,0,False,False,False,1.0,0.0;4.547473508864641e-13;0.0;,7.499885442698834e-12;1.48490852254833e-11;1.6770253673335696e-11;
3,0,False,False,False,0.6666666666666666,5.594496016747081e-10;711.894108951577;,6.558459564010244e-12;6.558459564010244e-12;
3,0,False,False,False,0.6666666666666666,3.5535808671113296e-10;161.55769611825932;,3.5535093975540313e-12;9.094947017729282e-13;
3,0,False,False,False,1.0,422.7862459695693;3.3316761565279176;0.0;,1.0655071049641248e-11;7.283455562499291e-12;1.2635104203081759e-11;
3,0,False,False,False,1.0,75.95258988090342;74.30010735725665;0.0;,9.094947017729282e-12;1.469333658078859e-11;8.385126836667848e-12;
3,0,False,False,False,0.6666666666666666,446.27955468487744;171.28940442402345;,6.558459564010244e-12;9.275062463698822e-12;
3,0,False,False,False,0.6666666666666666,308.22679530747877;0.0;,3.749942721349417e-12;1.2202151870040997e-11;
3,0,False,False,False,1.0,164.4650388352404;121.94602405178357;295.93242614696794;,4.4787419946242626e-12;5.303219854654618e-12;8.134767913360665e-12;
3,0,False,False,False,1.0,56.637092239504184;66.22107502085765;5.335874500405272e-10;,4.918844673007683e-12;5.550898829703193e-12;6.558459564010244e-12;
3,0,False,False,False,0.6666666666666666,98.41168558570537;0.0;,7.71731845292249e-12;1.4551915228366852e-11;
3,0,False,False,False,0.3333333333333333,7.630685257162832;,1.1101797659406386e-11;
3,0,False,False,False,0.6666666666666666,152.35404355368783;1044.4894818030116;,3.6662903532026344e-12;1.324244274525066e-11;
3,0,False,False,False,1.0,46.60778891887749;75.80382295455422;9.094947017729282e-13;,5.752149554916067e-12;1.3642420526593924e-12;5.475883235154604e-12;
3,0,False,False,False,1.0,255.16418369096806;3.829750330682341e-10;247.27051332031235;,8.385126836667848e-12;8.957483989248525e-12;4.637531231849411e-12;
3,0,False,False,False,1.0,1.9895196601282805e-13;1.8189894035458565e-12;1.4235843848381163e-11;,1.0606439709309235e-11;5.4569682106375694e-12;4.067383956680332e-12;
3,0,False,False,False,0.6666666666666666,6.865335681620584e-10;1155.4460129816232;,4.547473508864641e-12;9.275062463698822e-12;
3,0,False,False,False,1.0,22.11508733668978;9.094947017729282e-13;0.0;,7.279509460923746e-12;1.1064480586898243e-11;3.749942721349417e-12;
3,0,False,False,False,0.6666666666666666,155.54052246715167;503.6032664350831;,1.8749713606747085e-12;2.2737367544323206e-12;
3,0,False,False,False,1.0,760.3224301896142;2.2737367544323206e-13;1.1368683772161603e-12;,7.499885442698834e-12;5.717216008943141e-12;1.639614891002561e-12;
3,0,False,False,False,1.0,7.731540852509763e-13;3.537688887950339e-11;2.8481645598691253e-10;,5.574134171243378e-12;1.5883642114725243e-11;4.897778860262864e-12;
3,0,False,False,False,1.0,4.547473508864641e-13;8.952403562745753e-11;0.0;,4.8567038364339685e-12;3.749942721349417e-12;7.332580706405269e-12;
3,0,False,False,False,0.6666666666666666,4.777664839138831e-11;0.0;,2.3962046393942263e-12;1.0289757937229989e-11;
3,0,False,False,False,0.6666666666666666,3.5535093975540313e-12;103.53495149275463;,2.8421709430404007e-12;1.1064480586898243e-11;
3,0,False,False,False,0.6666666666666666,232.07020459518776;4.9782097448039435;,1.016845989170083e-11;3.749942721349417e-12;
3,0,False,False,False,1.0,0.0;0.0;1.0770506446051486e-10;,6.1010759350204984e-12;7.71731845292249e-12;6.558459564010244e-12;
3,0,False,False,False,1.0,2.2599459299670817e-11;1.0379801288321075e-11;1.5468095945557204e-10;,9.12726370636932e-12;9.374856803373543e-12;1.2370465364015621e-11;
3,0,False,False,False,0.6666666666666666,153.7979172014087;242.76982137715802;,2.3187656159247056e-12;6.366462912410498e-12;
3,0,False,False,False,1.0,0.0;0.0;2.2429695685736608e-10;,6.366462912410498e-12;1.324244274525066e-11;9.374856803373543e-12;
3,0,False,False,False,1.0,2.824407374646398e-13;1.8771373558876028e-10;0.0;,7.75647490304515e-12;7.71731845292249e-12;9.795557720525728e-12;
3,0,False,False,False,0.6666666666666666,161.6226293582221;4.547473508864641e-13;,2.914022301860381e-12;1.8749713606747085e-12;
3,0,False,False,False,0.6666666666666666,167.1645467042791;99.58126840977323;,9.668061295755842e-12;2.7661201467245607e-12;
3,0,False,False,False,0.6666666666666666,100.43887516239357;489.6637255436649;,1.3642420526593924e-11;2.5724394843074972e-12;
3,0,False,False,False,1.0,2.2737367544323206e-13;72.43460083263649;0.0;,7.77072613829435e-12;2.5724394843074972e-12;1.0645362554641566e-11;
3,0,False,False,False,1.0,1.3869794202037156e-11;9.094947017729282e-13;8.134767913360665e-12;,3.1587760507704397e-12;5.1448789686149945e-12;7.499885442698834e-12;
3,0,False,False,False,0.6666666666666666,2634.5774803721642;4.067383956680332e-12;,2.033691978340166e-12;1.8189894035458565e-12;
3,0,False,False,False,0.6666666666666666,2.2737367544323206e-13;1273.7974067510565;,8.667083672001317e-12;7.622954678590855e-12;
3,0,False,False,False,0.6666666666666666,1453.5678182207005;48.09229012900915;,7.77072613829435e-12;1.0616183799292005e-11;
3,0,False,False,False,1.0,0.0;1.324244274525066e-11;4.547473508864641e-13;,4.897778860262864e-12;4.067383956680332e-12;6.1010759350204984e-12;
3,0,False,False,False,1.0,2.8637122924572225;0.0;350.79028911902094;,5.684341886080801e-13;9.795557720525728e-12;5.1448789686149945e-12;
3,0,False,False,False,1.0,1.016845989170083e-12;4.851112081485403e-11;2.033691978340166e-12;,3.749942721349417e-12;6.821210263296962e-12;1.016845989170083e-11;
3,0,False,False,False,1.0,88.3508913822478;92.47191502745446;9.094947017729282e-13;,2.729816047846405e-12;4.547473508864641e-12;3.749942721349417e-12;
3,0,False,False,False,0.6666666666666666,92.24697480108829;9.094947017729282e-13;,8.28042981749156e-12;2.5724394843074972e-12;
3,0,False,False,False,0.6666666666666666,33.0089955692772;7.729601177103225;,1.1823431123048067e-11;6.1010759350204984e-12;
3,0,False,False,False,1.0,138.3420927106321;146.6387189114295;1.8189894035458565e-12;,1.0219175716994974e-11;5.752149554916067e-12;9.795557720525728e-12;
3,0,False,False,False,0.6666666666666666,2.2737367544323206e-13;126.28077634633141;,3.637978807091713e-12;5.823607568738997e-12;
3,0,False,False,False,0.6666666666666666,104.82470412205976;228.31230214752273;,4.897778860262864e-12;5.303219854654618e-12;
3,0,False,False,False,0.6666666666666666,237.41185618050324;0.0;,4.067383956680332e-12;2.5724394843074972e-12;
3,0,False,False,False,1.0,1.294233649856115e-11;0.0;0.0;,3.0505379675102492e-12;9.795557720525728e-12;1.0289757937229989e-11;
3,0,False,False,False,1.0,3.635385094584774;63.888234067911156;116.02898584981945;,6.1852326820078106e-12;9.795557720525728e-12;6.558459564010244e-12;
3,0,False,False,False,1.0,4.795608263521387e-11;2.9118037843694986e-12;9.094947017729282e-13;,1.9830126282741286e-12;3.885363069147175e-12;1.183217303265127e-11;
3,0,False,False,False,0.6666666666666666,115.67018176616781;1022.1364638457617;,2.033691978340166e-12;1.1504299109832135e-11;
3,0,False,False,False,1.0,28.859393371966824;42.3127883794816;0.0;,1.2862197421537486e-11;9.094947017729282e-12;1.2862197421537486e-11;
3,0,False,False,False,0.6666666666666666,63.1692212786275;90.57259589435807;,7.77072613829435e-12;8.385126836667848e-12;
3,0,False,False,False,0.6666666666666666,32.36583001943909;3.892807318885879e-11;,8.385126836667848e-12;8.957483989248525e-12;
3,0,False,False,False,1.0,65.02791365684845;55.60080868225881;1.9863664117875992e-11;,3.749942721349417e-12;2.7661201467245607e-12;1.0289757937229989e-11;
3,0,False,False,False,1.0,216.83539724838164;189.15707276492049;8.074166955595821e-12;,1.8331451766013172e-12;9.094947017729282e-12;2.2737367544323206e-12;
3,0,False,False,False,1.0,3.0976273348508406e-10;1.0685111325935338e-10;0.0;,1.8331451766013172e-12;9.106308604942018e-12;4.067383956680332e-12;
3,0,False,False,False,1.0,72.4938332365577;26.7197505475623;1.4552359310800645e-11;,4.897778860262864e-12;8.957483989248525e-12;9.094947017729282e-12;
3,0,False,False,False,0.6666666666666666,7.290154618149881e-12;0.0;,8.957483989248525e-12;3.749942721349417e-12;
3,0,False,False,False,0.6666666666666666,7.396145179263967e-10;1.50548161011528e-11;,7.275957614183426e-12;6.753610587238266e-12;
3,0,False,False,False,1.0,11.29311036635315;9.094947017729282e-13;9.094947017729282e-13;,1.0809221133972381e-11;1.3116919128020487e-11;0.0;
3,0,False,False,False,0.6666666666666666,31.203890169303733;105.65823700056191;,4.547473508864641e-12;4.067383956680332e-12;
3,0,False,False,False,0.3333333333333333,1337.808930323817;,7.77072613829435e-12;
3,0,False,False,False,0.6666666666666666,67.32098443159333;0.0;,1.9293296132306226e-12;6.366462912410498e-12;
3,0,False,False,False,1.0,165.3951983192285;5.684341886080801e-13;118.9083557675572;,4.570154315443183e-12;1.0289757937229989e-11;5.084229945850415e-12;
3,0,False,False,False,1.0,4.547473508864641e-13;4.547473508864641e-13;7.958078640513122e-13;,4.547473508864641e-13;4.918844673007683e-12;4.547473508864641e-12;
3,0,False,False,False,0.6666666666666666,10.168337361949854;84.6942418424014;,4.067383956680332e-12;1.3520610761878294e-11;
3,0,False,False,False,0.6666666666666666,144.92833254243055;6.079344518027357e-11;,7.332580706405269e-12;1.0289757937229989e-11;
3,0,False,False,False,0.6666666666666666,53.40853317755934;23.562787778870927;,7.499885442698834e-12;6.1852326820078106e-12;
3,0,False,False,False,0.6666666666666666,4.547473508864641e-13;1961.182762779287;,2.8760747774580336e-12;1.1647215137477994e-11;
3,0,False,False,False,1.0,2.0682769900805867e-10;7.501132526709822e-10;2.1974792331128103e-10;,3.0926163410039053e-12;6.926505289687983e-12;7.499885442698834e-12;
3,0,False,False,False,1.0,2.2737367544323206e-13;0.0;246.22520543089811;,6.9302362381350445e-12;1.0606439709309235e-11;1.0369835082193621e-11;
3,0,False,False,False,0.6666666666666666,125.13387526414989;2.228453357775545;,1.2934344934663288e-11;7.499885442698834e-12;
3,0,False,False,False,1.0,3.083240696047856e-11;0.0;1.556181380887106e-11;,1.639614891002561e-12;1.55414522765887e-11;1.2765366452748093e-11;
3,0,False,False,False,0.6666666666666666,3.3302538629054895e-10;1181.4548563564879;,3.749942721349417e-12;1.4206761399521663e-11;
3,0,False,False,False,1.0,281.99067013462155;203.56600521905386;315.3246967584406;,6.62122137262533e-12;6.431098710768743e-12;7.499885442698834e-12;
3,0,False,False,False,1.0,46.07849025135475;9.094947017729282e-13;9.30250842541792e-11;,3.7727678213051355e-12;3.749942721349417e-12;6.1010759350204984e-12;
3,0,False,False,False,1.0,6.760305380939147e-12;9.094947017729282e-13;2.2501781195302384e-09;,2.2737367544323206e-12;1.3642420526593924e-12;5.1448789686149945e-12;
3,0,False,False,False,0.6666666666666666,2.237927919200046;2802.5040892525953;,8.348051665364355e-12;1.4665161412810538e-11;
3,0,False,False,False,0.6666666666666666,40.536641836358896;650.9353062045269;,5.475883235154604e-12;9.495403454739563e-12;
3,0,False,False,False,1.0,6.838317627834644e-11;0.0;40.61573041969522;,6.431098710768743e-12;1.3853010579375966e-11;3.749942721349417e-12;
3,0,False,False,False,0.6666666666666666,79.56018124725458;286.4975756695154;,5.0956566226466225e-12;1.3642420526593924e-12;
3,0,False,False,False,1.0,1.8474111129762605e-12;0.0;3.6828583926285443e-10;,1.4570665917000185e-11;4.547473508864641e-12;9.094947017729282e-12;
3,0,False,False,False,0.6666666666666666,142.61320754545878;0.0;,6.1852326820078106e-12;3.637978807091713e-12;
3,0,False,False,False,0.6666666666666666,2.4976198752785083e-11;112.8267441993968;,6.367477892554437e-12;1.0606439709309235e-11;
3,0,False,False,False,1.0,142.86657297705324;165.92197870194042;9.094947017729282e-13;,1.2862197421537486e-12;7.103380699760832e-12;1.0951766470309208e-11;
3,0,False,False,False,0.6666666666666666,2.346504317281236e-11;1116.0704716728462;,3.31109865310525e-12;5.022848662150528e-12;
3,0,False,False,False,0.6666666666666666,3.254224914201558e-11;0.0;,4.570154315443183e-12;9.094947017729282e-12;
3,0,False,False,False,1.0,1.4380373887290168e-12;4.547473508864641e-13;4.547473508864641e-13;,6.760305380939147e-12;9.140308630886366e-12;1.124982816404825e-11;
3,0,False,False,False,1.0,343.2335390126442;191.36554857932074;155.4599431276438;,6.1179998952292e-12;7.499885442698834e-12;7.103380699760832e-12;
3,0,False,False,False,1.0,133.4098594299431;71.47800279984656;314.0464006670278;,3.279229782005122e-12;9.668061295755842e-12;8.134767913360665e-12;
3,0,False,False,False,0.3333333333333333,214.77860145941037;,9.795557720525728e-12;
3,0,False,False,False,0.3333333333333333,14.822478311860761;,6.431098710768743e-12;
3,0,False,False,False,1.0,3.4632526448439915e-12;0.0;2.468261424246581e-10;,4.31411216618705e-12;7.71731845292249e-12;3.551690349880416e-12;
3,0,False,False,False,1.0,0.0;135.06800495395962;5.115907697472721e-13;,1.2370465364015621e-11;3.0505379675102492e-12;9.095346689236495e-12;
3,0,False,False,False,1.0,38.01115761636022;50.423817376313785;9.094947017729282e-13;,7.355678970296642e-12;1.2635104203081759e-11;1.2732925824820995e-11;
3,0,False,False,False,0.6666666666666666,12.353616303449165;1.8749713606747085e-12;,7.332580706405269e-12;9.668061295755842e-12;
3,0,False,False,False,1.0,7.506086828202702e-11;0.0;1.3520610761878294e-11;,3.279229782005122e-12;1.1064480586898243e-11;5.532240293449121e-12;
3,0,False,False,False,0.6666666666666666,6.915300366811402e-13;1656.013462586044;,3.310610686312665e-12;3.6662903532026344e-12;
3,0,False,False,False,0.6666666666666666,90.48252880373964;0.0;,5.303219854654618e-12;5.532240293449121e-12;
3,0,False,False,False,0.6666666666666666,68.86919546216772;0.0;,6.366462912410498e-12;1.1101797659406386e-11;
3,0,False,False,False,0.6666666666666666,235.14362619355444;2146.621481420574;,5.532240293449121e-12;1.1936576582599344e-11;
3,0,False,False,False,1.0,4.547473508864641e-13;182.74622593709728;108.10824990370274;,4.067383956680332e-12;6.838301089960524e-12;4.067383956680332e-12;
3,0,False,False,False,1.0,36.395650820104905;18.27133032502954;23.86721913696167;,1.0951766470309208e-11;7.332580706405269e-12;8.385126836667848e-12;
3,0,False,False,False,1.0,62.056548720603836;0.0;39.502142219239865;,1.3520610761878294e-11;7.275957614183426e-12;3.551690349880416e-12;
3,0,False,False,False,0.6666666666666666,4.547473508864641e-13;9.094947017729282e-12;,1.2862197421537486e-12;7.332580706405269e-12;
3,0,False,False,False,1.0,140.53758491432833;136.90893559863432;2.3646862246096134e-11;,9.094947017729282e-13;1.2765366452748093e-11;1.1647215137477994e-11;
3,0,False,False,False,0.6666666666666666,9.094947017729282e-13;0.0;,2.033691978340166e-12;9.094947017729282e-12;
3,0,False,False,False,0.6666666666666666,586.4820233122198;145.1616995848659;,7.71731845292249e-12;7.103380699760832e-12;
3,0,False,False,False,0.6666666666666666,7.278230995777469e-11;2752.5249898140414;,8.045301916788108e-12;9.094947017729282e-12;
3,0,False,False,False,0.3333333333333333,229.83248228594007;,4.067383956680332e-12;
3,0,False,False,False,0.6666666666666666,176.82847399178505;215.25420115238634;,2.737941617577302e-12;2.033691978340166e-12;
3,0,False,False,False,1.0,2.8018674131748414e-11;314.2517383732558;9.094947017729282e-13;,2.5724394843074972e-12;1.3497649051401667e-11;4.637531231849411e-12;
3,0,False,False,False,0.6666666666666666,629.4430765990405;1.0289757937229989e-11;,4.637531231849411e-12;1.0606439709309235e-11;
3,0,False,False,False,0.3333333333333333,61.97122384606327;,1.000444171950221e-11;
3,0,False,False,False,0.3333333333333333,549.0833435092899;,4.192563418333924e-12;
3,0,False,False,False,0.6666666666666666,62.2313951693666;2345.991925824973;,5.752149554916067e-12;1.0923406216047e-11;
3,0,False,False,False,1.0,35.559518369138424;1.0289757937229989e-11;3.979039320256561e-13;,7.73070496506989e-12;4.067383956680332e-12;1.1101797659406386e-11;
3,0,False,False,False,1.0,8.526512829121202e-13;5.650121918032082e-10;2.938667316157718e-11;,3.279229782005122e-12;1.3116919128020487e-11;9.140308630886366e-12;
3,0,False,False,False,1.0,209.67671881300325;128.0646869022749;174.42159569216233;,2.7284841053187847e-12;6.926505289687983e-12;5.752149554916067e-12;
3,0,False,False,False,0.6666666666666666,149.69474250289676;108.54685872887188;,4.192563418333924e-12;7.823769253302659e-12;
3,0,False,False,False,0.6666666666666666,1.4580309236299762e-11;0.0;,6.272382153899217e-12;4.897778860262864e-12;
3,0,False,False,False,1.0,4.470213298408301e-10;0.0;0.0;,7.958078640513122e-12;1.129568986323122e-11;1.22359997904584e-11;
3,0,False,False,False,0.6666666666666666,86.18823952651044;112.020953599798;,1.1823431123048067e-11;4.290077928115626e-12;
3,0,False,False,False,1.0,365.28225428701865;33.46068222927367;295.80516233937567;,5.475883235154604e-12;4.553154302471009e-12;8.045301916788108e-12;
3,0,False,False,False,0.6666666666666666,4.547473508864641e-13;1684.8526607519366;,2.033691978340166e-12;1.1823431123048067e-11;
3,0,False,False,False,1.0,1.1368683772161603e-12;187.8940242633083;164.29696865412654;,9.097788744721836e-12;5.420132511544678e-12;2.2737367544323206e-12;
3,0,False,False,False,0.6666666666666666,2.4028567738465256e-11;0.6034260708668512;,6.760305380939147e-12;8.134767913360665e-12;
3,0,False,False,False,0.6666666666666666,5.084229945850415e-13;790.1616998185757;,1.2862197421537486e-12;1.2544764307798434e-11;
3,0,False,False,False,1.0,3.2554955994956693e-12;7.038454864940233e-11;0.0;,9.555782794078754e-12;5.532240293449121e-12;5.752149554916067e-12;
3,0,False,False,False,1.0,0.0;0.0;2.033691978340166e-12;,1.0951766470309208e-11;9.109324144578092e-12;8.957483989248525e-12;
3,0,False,False,False,0.6666666666666666,1.899625074129783e-11;8.198074455012805e-12;,9.094947017729282e-12;6.431098710768743e-12;
3,0,False,False,False,1.0,11.968520533950105;0.3940907250511132;0.0;,5.4569682106375694e-12;4.897778860262864e-12;5.4569682106375694e-12;
3,0,False,False,False,1.0,6.821210263296962e-13;0.0;0.0;,6.760305380939147e-12;6.821210263296962e-12;9.795557720525728e-12;
3,0,False,False,False,0.6666666666666666,391.69087453056864;158.04125909322593;,8.6282243323741e-12;7.326408870411808e-12;
4,0,False,False,False,0.75,186.12360147101904;310.9890231495902;1713.2238102474944;,6.760305380939147e-12;7.019184086144892e-12;3.279229782005122e-12;
4,0,False,False,False,0.75,34.424904380391915;33.48229157338584;0.0;,4.279520504660175e-12;1.000444171950221e-11;7.103380699760832e-12;
4,0,False,False,False,0.75,211.23965328289108;22.698933106145088;6.1852326820078106e-12;,3.0505379675102492e-12;9.837689346015367e-12;1.22359997904584e-11;
4,0,False,False,False,0.75,9.094947017729282e-13;117.2831808096494;3403.8847253302893;,3.637978807091713e-12;8.385126836667848e-12;7.103380699760832e-12;
4,0,False,False,False,0.75,6.1179998952292e-12;413.62232914907713;1018.1723689691187;,5.322681277320783e-12;9.837689346015367e-12;1.1823431123048067e-11;
4,0,False,False,False,0.5,440.3978762034289;0.0;,8.702799827462804e-12;1.0289757937229989e-11;
4,0,False,False,False,0.75,2.8760747774580336e-12;1888.730629384075;330.4666660305108;,2.033691978340166e-12;1.0219175716994974e-11;5.752149554916067e-12;
4,0,False,False,False,0.5,277.1344894700925;792.7784290959245;,7.693836012407988e-12;8.957483989248525e-12;
4,0,False,False,False,0.5,526.8288167567551;664.9072799163147;,3.310610686312665e-12;7.103380699760832e-12;
4,0,False,False,False,0.5,1651.093095509361;329.38190862926706;,1.3763152265184141e-11;4.067383956680332e-12;
4,0,False,False,False,0.5,18.026474029909146;114.2404533393798;,7.499885442698834e-12;5.752149554916067e-12;
4,0,False,False,False,0.75,202.38274816945778;174.29669145920667;0.0;,6.1852326820078106e-12;4.834030647877921e-12;1.3853010579375966e-11;
4,0,False,False,False,0.5,234.51601060548168;71.063345432248;,3.279229782005122e-12;1.411915463564585e-11;
4,0,False,False,False,0.75,213.25878286030672;308.32929487303096;201.7971480237703;,7.71731845292249e-12;8.580155856231252e-12;1.0961793132074624e-11;
4,0,False,False,False,0.75,83.52495227657514;104.29092953264315;1648.3279976442936;,4.7477017273697814e-12;2.5724394843074972e-12;6.558459564010244e-12;
4,0,False,False,False,0.75,3.6569162963817474e-10;779.1502671349858;3.1277907587995732e-09;,3.5401004711726592e-12;2.033691978340166e-12;9.275062463698822e-12;
4,0,False,False,False,0.5,8.198074455012805e-13;276.7728437653374;,4.547473508864641e-13;1.8189894035458565e-12;
4,0,False,False,False,0.75,5.92918004731714e-12;564.8590338730264;261.2753978188041;,6.510991198991339e-12;7.71731845292249e-12;2.8760747774580336e-12;
4,0,False,False,False,0.5,1.232811099289403e-11;143.49410217360477;,5.1448789686149945e-12;5.048514892945268e-12;
4,0,False,False,False,0.75,499.49238490500727;58.32327266938258;5.4569682106375694e-12;,4.834030647877921e-12;7.402750541632352e-12;9.668061295755842e-12;
4,0,False,False,False,0.5,1895.244517476543;95.56825216991216;,1.543463690584498e-11;5.752149554916067e-12;
4,0,False,False,False,0.5,362.4375566335997;298.3436415310252;,9.275062463698822e-12;1.1395935949750917e-11;
4,0,False,False,False,0.5,4243.856724455981;302.49709418353876;,5.4569682106375694e-12;2.5724394843074972e-12;
4,0,False,False,False,0.75,5.084229945850415e-13;1.0081067753276327e-10;983.7160841617846;,4.067383956680332e-12;3.0505379675102492e-12;1.55414522765887e-11;
4,0,False,False,False,0.5,3.7270755534046745e-10;595.9109709206363;,1.2862197421537486e-11;5.1448789686149945e-12;
4,0,False,False,False,0.75,8.025280345145101e-11;172.04274515880405;580.7355957007504;,2.7284841053187847e-12;1.1647215137477994e-11;1.0951766470309208e-11;
4,0,False,False,False,0.75,0.0;1183.1778678150808;130.45118892652286;,4.547473508864641e-12;9.094947017729282e-12;1.8749713606747085e-12;
4,0,False,False,False,0.5,197.82294708561048;1397.3044779456916;,9.837689346015367e-12;1.6370904631912708e-11;
4,0,False,False,False,0.75,1563.3878792110545;16.263593596014612;0.0;,9.973388023109378e-12;6.558459564010244e-12;1.0951766470309208e-11;
4,0,False,False,False,0.75,335.73461829005964;731.6332131852905;234.89647296249356;,4.547473508864641e-12;4.067383956680332e-12;8.543927027883881e-12;
4,0,False,False,False,0.75,8.267607075099654e-11;2.1359817569709703e-12;963.955859361444;,9.094947017729282e-13;1.1468855308748233e-11;3.749942721349417e-12;
4,0,False,False,False,0.5,469.9319986884804;2106.714113324412;,3.4707085256908947e-12;9.004255923021505e-12;
4,0,False,False,False,0.75,119.68760743535371;896.5676114703862;0.0;,2.9118037843694986e-12;3.637978807091713e-12;1.2202151870040997e-11;
4,0,False,False,False,0.5,38.03227443920776;1817.984954092128;,3.749942721349417e-12;1.124982816404825e-11;
4,0,False,False,False,0.5,7.122481744234825e-10;22.656606317540827;,1.016845989170083e-11;1.4916822207721204e-11;
4,0,False,False,False,0.75,336.11629367569674;274.61516991728985;253.70495493882387;,1.8749713606747085e-12;3.279229782005122e-12;9.495403454739563e-12;
4,0,False,False,False,0.5,1.1368683772161603e-13;2635.656599280872;,9.495403454739563e-12;9.795557720525728e-12;
4,0,False,False,False,0.75,244.45783535317358;4.547473508864641e-13;8985.60371823353;,1.1936576582599344e-11;1.2862197421537486e-12;7.941821057362622e-12;
4,0,False,False,False,0.75,0.0;1.8749713606747085e-12;2349.978646737581;,7.823769253302659e-12;4.092726157978177e-12;9.795557720525728e-12;
4,0,False,False,False,0.5,134.02002269517502;1276.2607702518549;,7.059577317822925e-12;8.829596408280667e-12;
4,0,False,False,False,0.5,5881.824159419812;169.5620964103419;,1.1504299109832135e-11;7.332580706405269e-12;
4,0,False,False,False,0.5,530.3379904413408;16.022641824099342;,3.279229782005122e-12;1.1647215137477994e-11;
4,0,False,False,False,0.5,101.34514274891752;1284.4624110888005;,6.62122137262533e-12;1.1647215137477994e-11;
4,0,False,False,False,0.75,28.398221521059014;9.094947017729282e-13;1320.3812454367965;,2.2737367544323206e-12;7.332580706405269e-12;9.973388023109378e-12;
4,0,False,False,False,0.75,9.031083463070434e-10;24.472064918934127;1473.741026472432;,5.752149554916067e-12;2.5724394843074972e-12;1.0289757937229989e-11;
4,0,False,False,False,0.5,530.022524466807;231.7429534343133;,1.8749713606747085e-12;1.3642420526593924e-11;
4,0,False,False,False,0.75,33.36216395571792;106.60310580800692;133.6694617445834;,6.82850515376597e-12;1.2862197421537486e-11;0.0;
4,0,False,False,False,0.5,1.8252321707747294;902.9876830985557;,1.2370465364015621e-11;1.324244274525066e-11;
4,0,False,False,False,0.5,668.9027453282458;2143.351413865734;,2.5724394843074972e-12;7.77072613829435e-12;
4,0,False,False,False,0.75,0.0;1.2905149753885131e-09;5.077335631438767e-10;,1.0289757937229989e-11;2.5724394843074972e-12;3.637978807091713e-12;
4,0,False,False,False,0.75,7.290154618149881e-12;0.0;526.9624415047106;,4.067383956680332e-12;9.495403454739563e-12;9.973388023109378e-12;
4,0,False,False,False,0.75,134.31212619284872;94.24803089302883;90.45882302873046;,6.741399415284614e-12;7.784020803512108e-12;1.3021982397982677e-11;
4,0,False,False,False,0.75,3.4530761092462745;2.2737367544323206e-12;1360.362175631679;,4.681910532320672e-12;8.385126836667848e-12;1.0989466294262977e-11;
4,0,False,False,False,0.5,157.20293931068207;213.33140835369662;,1.0014771553662849e-11;8.495381595034544e-12;
4,0,False,False,False,0.75,1.9013878050582588e-10;3.865352482534945e-12;916.8773177313144;,4.4787419946242626e-12;6.1852326820078106e-12;1.5647538506605318e-11;
4,0,False,False,False,0.5,757.0910384928062;219.37245506085424;,1.0913936421275139e-11;6.558459564010244e-12;
4,0,False,False,False,0.75,2.2737367544323206e-13;1195.1341976199185;100.99449273812502;,6.37052186271917e-12;4.547473508864641e-12;9.374856803373543e-12;
4,0,False,False,False,0.5,570.9225674031705;3.858659226461246e-11;,4.687428401686771e-12;9.668061295755842e-12;
4,0,False,False,False,0.5,293.22066819212307;123.39526398227443;,1.2862197421537486e-12;1.0645362554641566e-11;
4,0,False,False,False,0.75,21.569303366300367;336.8183251500681;9.094947017729282e-13;,3.9118846266513295e-12;2.033691978340166e-12;6.1010759350204984e-12;
4,0,False,False,False,0.75,2.2737367544323206e-13;0.9260427241076233;5.277374355318347e-10;,5.823607568738997e-12;3.653931044024875e-12;1.0645362554641566e-11;
4,0,False,False,False,0.5,196.85294677950026;2115.7372313108767;,4.192563418333924e-12;3.749942721349417e-12;
4,0,False,False,False,0.5,215.290047265972;462.50127890351104;,5.823607568738997e-12;1.3021982397982677e-11;
4,0,False,False,False,0.75,7.877715295450727e-10;99.48996591843542;24.032138646267274;,7.71731845292249e-12;4.547473508864641e-12;5.532240293449121e-12;
4,0,False,False,False,0.5,0.0;276.69900266980085;,1.7160311712462504e-11;9.795557720525728e-12;
4,0,False,False,False,0.75,221.89783272972377;1.1368683772161603e-12;9.160648074427084e-11;,5.4569682106375694e-12;2.9118037843694986e-12;9.795557720525728e-12;
4,0,False,False,False,1.0,2.441858836403404e-10;4.897778860262864e-12;4.547473508864641e-13;0.0;,7.434110886730112e-12;4.067383956680332e-12;4.834030647877921e-12;1.129568986323122e-11;
4,0,False,False,False,0.75,1.1736755147152955e-11;995.3819895581055;1.0340103822661765e-10;,5.868928155514508e-12;4.067383956680332e-12;1.3116919128020487e-11;
4,0,False,False,False,0.5,188.15025176919525;1805.9327541605571;,4.897778860262864e-12;1.1504299109832135e-11;
4,0,False,False,False,0.5,9.094947017729282e-13;231.63530242418045;,5.4569682106375694e-12;9.094947017729282e-13;
4,0,False,False,False,0.75,1.0570441507083935e-09;830.8066982761183;18.694042852688504;,9.094947017729282e-12;1.0942911786362983e-11;2.8760747774580336e-12;
4,0,False,False,False,0.75,34.76457230169724;87.06871520174626;1000.1892670293846;,1.8331451766013172e-12;1.3853010579375966e-11;2.033691978340166e-12;
4,0,False,False,False,0.75,2.3656698484370296e-12;221.92308331314595;1116.2084981362148;,6.382683226374047e-12;3.279229782005122e-12;1.2202151870040997e-11;
4,0,False,False,False,0.75,111.65538235039168;104.74568121701463;0.0;,1.8331451766013172e-12;5.4569682106375694e-12;1.4999770885397668e-11;
4,0,False,False,False,0.75,29.28466052076856;309.5449273982216;159.67199453275953;,8.652158426430308e-12;9.837689346015367e-12;7.499885442698834e-12;
4,0,False,False,False,0.5,12.782809045850021;2202.5417563690667;,9.795557720525728e-12;1.3116919128020487e-11;
4,0,False,False,False,0.75,2.2737367544323206e-13;148.48997808029566;2508.8043764355266;,4.897778860262864e-12;3.749942721349417e-12;9.837689346015367e-12;
4,0,False,False,False,0.75,49.37397153980957;98.06168908030081;1365.2050097546824;,3.279229782005122e-12;7.448006433223417e-12;5.752149554916067e-12;
4,0,False,False,False,0.5,731.6815257132797;268.265691516361;,1.2577690255001772e-11;9.668061295755842e-12;
4,0,False,False,False,0.75,2.966006584866622e-10;3.9469345670040147e-10;4798.496826819493;,4.897778860262864e-12;1.2862197421537486e-12;1.4999770885397668e-11;
4,0,False,False,False,0.75,86.8526503320315;32.183763739234806;0.0;,8.045301916788108e-12;1.8189894035458565e-12;1.0606439709309235e-11;
4,0,False,False,False,0.75,3.072092304318602e-11;20.307729511096635;3.524291969370097e-12;,5.9134233502717425e-12;9.795557720525728e-12;1.0289757937229989e-11;
4,0,False,False,False,0.75,122.54691282530122;7.279509460923746e-12;2013.5696046177209;,4.897778860262864e-12;1.3073986337985843e-12;8.385126836667848e-12;
4,0,False,False,False,0.75,124.58965764214247;1.8189894035458565e-12;68.27728990419907;,2.5724394843074972e-12;7.499885442698834e-12;6.926505289687983e-12;
4,0,False,False,False,0.5,189.13896503561145;223.08301922923502;,1.124982816404825e-11;3.6450773090749405e-12;
4,0,False,False,False,0.5,34.88542550024753;22.72895628342378;,4.637531231849411e-12;6.62122137262533e-12;
4,0,False,False,False,0.25,677.5035021174173;,6.62122137262533e-12;
4,0,False,False,False,0.5,0.0;475.05453409414713;,2.651609927327309e-12;6.62122137262533e-12;
4,0,False,False,False,0.5,890.2669173238189;69.13786842496411;,7.77072613829435e-12;7.275957614183426e-12;
4,0,False,False,False,0.75,790.4096772412778;158.86031699315257;1967.9040090425674;,7.784020803512108e-12;1.5916157281026244e-12;9.094947017729282e-12;
4,0,False,False,False,0.5,1121.843964191424;67.6079986953214;,8.134767913360665e-12;4.290077928115626e-12;
4,0,False,False,False,0.75,10.653541655116094;0.0;0.0;,9.094947017729282e-12;3.279229782005122e-12;9.275062463698822e-12;
4,0,False,False,False,0.5,969.6134440243164;12.160210398298364;,3.6662903532026344e-12;1.0369835082193621e-11;
4,0,False,False,False,0.75,3.06111178766429e-11;1968.2219996508338;167.08729339536094;,3.6662903532026344e-12;1.0219175716994974e-11;5.4569682106375694e-12;
4,0,False,False,False,0.75,21.40014836132733;1039.8745916819764;0.0;,1.1259015448686066e-11;6.558459564010244e-12;1.016845989170083e-11;
4,0,False,False,False,0.75,1615.9026514599575;176.78016299003625;81.2838275972711;,1.4559018921847493e-12;2.5724394843074972e-12;7.290154618149881e-12;
4,0,False,False,False,0.5,42.95920870969792;253.88207324119048;,2.949291631710559e-12;1.0951766470309208e-11;
4,0,False,False,False,0.75,32.539530632622835;778.7884514960008;0.0;,2.8760747774580336e-12;4.570154315443183e-12;6.1852326820078106e-12;
4,0,False,False,False,0.75,113.17633492117156;71.6119862481104;2835.8980674988507;,5.303219854654618e-12;7.499885442698834e-12;1.1647215137477994e-11;
4,0,False,False,False,0.75,258.5335614859731;16.740811866037625;209.4648919790509;,7.499885442698834e-12;1.1148268342486756e-11;1.2832016236209222e-11;
4,0,False,False,False,0.75,155.54152643513305;1289.0588274494537;206.2663225015672;,3.749942721349417e-12;1.3520610761878294e-11;7.332580706405269e-12;
4,0,False,False,False,0.5,1271.987682133355;101.36972265604344;,1.224444715065716e-11;5.752149554916067e-12;
4,0,False,False,False,0.75,103.2930947027968;92.06732415033419;1125.413992976947;,5.475883235154604e-12;4.067383956680332e-12;9.094947017729282e-12;
4,0,False,False,False,0.75,4.0990372275064023e-13;185.90077389496122;1240.8621428693239;,7.290154618149881e-12;6.558459564010244e-12;6.366462912410498e-12;
4,0,False,False,False,0.75,410.2961173581529;316.76801083993047;102.41246598525348;,8.6282243323741e-12;4.860694008682901e-12;5.303219854654618e-12;
4,0,False,False,False,0.75,112.82285636201215;738.7575537046491;57.95874648585096;,1.4380373887290168e-12;1.0289757937229989e-11;2.9118037843694986e-12;
4,0,False,False,False,0.75,6.252776074688882e-13;138.25621499520895;227.05854152079417;,3.858659226461245e-12;1.2202151870040997e-11;4.637531231849411e-12;
4,0,False,False,False,0.75,1.659827830735594e-11;13.855830948495397;2778.112055816719;,7.275957614183426e-12;7.784020803512108e-12;9.374856803373543e-12;
4,0,False,False,False,0.75,1.3546968614880086e-10;280.5063304954921;1454.5689291422768;,4.1740258326821776e-12;7.823769253302659e-12;7.71731845292249e-12;
4,0,False,False,False,0.75,269.64026573532703;661.6548958577131;399.8376588882246;,1.2838058149548582e-11;1.016845989170083e-11;5.4569682106375694e-12;
4,0,False,False,False,0.5,349.94873543395477;1008.1590399590608;,7.73070496506989e-12;3.279229782005122e-12;
4,0,False,False,False,0.5,782.9045550465486;2.5724394843074972e-12;,3.279229782005122e-12;1.2202151870040997e-11;
4,0,False,False,False,0.25,114.921028103996;,1.016845989170083e-12;
4,0,False,False,False,0.5,6.366462912410498e-12;496.3190069488266;,4.834030647877921e-12;4.547473508864641e-12;
4,0,False,False,False,1.0,2.2737367544323206e-13;799.59370900122;0.0;1.626953582672133e-11;,5.322681277320783e-12;1.1101797659406386e-11;8.185452315956354e-12;4.834030647877921e-12;
4,0,False,False,False,0.75,190.43696787119507;1484.835258881345;1.5725581576808316e-10;,7.73070496506989e-12;5.303219854654618e-12;1.4206761399521663e-11;
4,0,False,False,False,1.0,198.02472443583585;90.16533143111131;445.16359645897074;8.957483989248525e-12;,1.016845989170083e-12;9.094947017729282e-12;3.279229782005122e-12;8.185452315956354e-12;
4,0,False,False,False,1.0,303.3792666980673;2.2737367544323206e-13;382.5298965896064;56.89524859287243;,2.8124570410120625e-12;7.73070496506989e-12;7.332580706405269e-12;5.752149554916067e-12;
4,0,False,False,False,0.5,110.34536019986811;587.4345464744237;,1.0498657848634317e-11;1.0369835082193621e-11;
4,0,False,False,False,1.0,55.92621855462588;108.85180887165477;0.0;0.0;,3.2175584460867198e-12;1.2202151870040997e-11;7.332580706405269e-12;6.558459564010244e-12;
4,0,False,False,False,0.5,504.56429360060037;2.5724394843074972e-12;,3.6662903532026344e-12;1.1647215137477994e-11;
4,0,False,False,False,0.5,200.87064465733718;12.638688110087077;,8.385126836667848e-12;1.3763152265184141e-11;
4,0,False,False,False,0.75,604.1657528298549;273.0870464120402;131.53649296937644;,1.850687635408088e-12;1.8189894035458565e-12;1.2635104203081759e-11;
4,0,False,False,False,0.75,2.2301724877992863e-10;259.4729641216256;0.0;,6.431098710768743e-12;2.7284841053187847e-12;1.6370904631912708e-11;
4,0,False,False,False,0.75,3.5822674309576017e-10;345.08090053740597;0.0;,2.8760747774580336e-12;4.570154315443183e-12;9.275062463698822e-12;
4,0,False,False,False,0.75,7.897632512851928;0.0;147.73709339005953;,1.1395935949750917e-11;4.547473508864641e-12;1.1064480586898243e-11;
4,0,False,False,False,0.75,14.64184712395264;355.0269530688053;7.490188002538514e-10;,1.2765366452748093e-11;8.957483989248525e-12;9.668061295755842e-12;
4,0,False,False,False,0.75,2.2737367544323206e-13;1049.2718930751907;2.7284841053187847e-12;,1.8189894035458565e-12;1.2134172779157174e-11;1.3520610761878294e-11;
4,0,False,False,False,0.75,762.5891315847989;284.0566372166413;4.897778860262864e-12;,3.637978807091713e-12;4.547473508864641e-12;1.1823431123048067e-11;
4,0,False,False,False,0.75,1.8971529732343527e-09;67.52980406313067;147.83800592806045;,7.103380699760832e-12;7.103380699760832e-12;3.885363069147175e-12;
4,0,False,False,False,0.75,1.8520860398568058;1.502903875885817e-11;418.13499743474;,4.897778860262864e-12;9.795557720525728e-12;6.558459564010244e-12;
4,0,False,False,False,0.5,1.2862197421537486e-12;360.3294544148362;,1.0498657848634317e-11;1.3642420526593924e-11;
4,0,False,False,False,0.75,8.22404643550127e-12;1.8189894035458565e-12;22.038273715832265;,3.0014186410071682e-12;1.4665161412810538e-11;1.2005674564028673e-11;
4,0,False,False,False,0.5,586.1675004089885;89.0202111864812;,6.558459564010244e-12;5.303219854654618e-12;
4,0,False,False,False,0.75,1.6077746776921858e-13;276.18023598058755;0.0;,5.475883235154604e-12;7.059577317822925e-12;7.71731845292249e-12;
4,0,False,False,False,0.75,33.497752484668226;215.6123789860621;1216.2480573150017;,9.094947017729282e-13;4.067383956680332e-12;1.1101797659406386e-11;
4,0,False,False,False,0.5,458.9224035105798;556.3076853835751;,2.2737367544323206e-12;9.275062463698822e-12;
4,0,False,False,False,0.5,798.7661608955561;4.897778860262864e-12;,1.3680263652069083e-11;6.558459564010244e-12;
4,0,False,False,False,1.0,4.263256414560601e-13;412.42201289298765;164.8769464748955;9.094947017729282e-13;,1.0577306321652256e-12;9.973388023109378e-12;1.016845989170083e-11;6.431098710768743e-12;
4,0,False,False,False,0.75,4.547473508864641e-13;151.66079102544984;1.1073821644355049e-10;,7.823769253302659e-12;8.385126836667848e-12;6.558459564010244e-12;
4,0,False,False,False,0.5,49.03635621173108;1.8749713606747085e-11;,2.9118037843694986e-12;1.124982816404825e-11;
4,0,False,False,False,0.5,335.38423775548307;1390.0950657318806;,1.016845989170083e-12;1.185836009463428e-11;
4,0,False,False,False,0.5,4.226958268430242;9.094947017729282e-13;,9.275062463698822e-12;7.402750541632352e-12;
4,0,False,False,False,0.75,5.684341886080801e-13;3.332389083745045e-10;2447.744406921359;,2.7661201467245607e-12;5.532240293449121e-12;1.124982816404825e-11;
4,0,False,False,False,0.75,7.042587581340559e-10;9.094947017729282e-13;146.13911944046762;,3.749942721349417e-12;1.324244274525066e-11;5.752149554916067e-12;
4,0,False,False,False,1.0,0.0;140.54143536194522;1.0342678415930641e-10;2.482437423888074e-11;,5.475883235154604e-12;6.926505289687983e-12;9.094947017729282e-12;9.795557720525728e-12;
4,0,False,False,False,0.5,59.81722824307187;265.90396617062646;,1.494625251284087e-11;1.1064480586898243e-11;
4,0,False,False,False,0.5,46.587897585515066;1440.858516307535;,7.73070496506989e-12;5.752149554916067e-12;
4,0,False,False,False,0.5,712.6257206484504;190.43319574415088;,5.823607568738997e-12;1.124982816404825e-11;
4,0,False,False,False,1.0,33.35827904023622;415.6084344312673;0.0;9.106181433659549e-10;,4.192563418333924e-12;1.4999770885397668e-11;3.310610686312665e-12;1.4665161412810538e-11;
5,0,False,False,False,0.4,449.69938615114603;469.694516448989;,6.0510880676571394e-12;1.8189894035458565e-12;
5,0,False,False,False,0.6,95.91491098694162;143.85383538601462;361.96164948915674;,7.31934897104105e-12;9.140308630886366e-12;7.77072613829435e-12;
5,0,False,False,False,0.8,30.20914149059163;232.00504552401085;58.434102259031604;652.9809762111506;,2.8124570410120625e-12;7.499885442698834e-12;1.8749713606747085e-12;5.532240293449121e-12;
5,0,False,False,False,0.4,20.20130364601616;197.18453563602546;,7.941821057362622e-12;9.495403454739563e-12;
5,0,False,False,False,0.4,111.70195815437691;215.2910166249303;,8.385126836667848e-12;1.0951766470309208e-11;
5,0,False,False,False,0.6,649.102667016561;761.5725565262438;8.127203590403505e-11;,1.652804880485405e-11;8.185452315956354e-12;1.831602217602952e-12;
5,0,False,False,False,0.6,4.547473508864641e-13;73.97926943103371;385.28485256296847;,8.134767913360665e-12;9.094947017729282e-12;9.140308630886366e-12;
5,0,False,False,False,0.6,350.26088082794115;17.499818288268784;653.1434874830362;,2.8760747774580336e-12;8.188609674729881e-12;1.2544764307798434e-11;
5,0,False,False,False,0.4,1404.5300287786877;4.03209556703767;,7.332580706405269e-12;6.558459564010244e-12;
5,0,False,False,False,0.6,4.547473508864641e-13;378.54607683323866;420.27790248136955;,5.98126754901655e-12;7.332580706405269e-12;8.829596408280667e-12;
5,0,False,False,False,0.4,742.0750587230403;897.6010963433725;,6.366462912410498e-12;6.62122137262533e-12;
5,0,False,False,False,0.6,63.32988981435732;378.17300442877854;9.094947017729282e-13;,3.6662903532026344e-12;6.3175521015408794e-12;5.752149554916067e-12;
5,0,False,False,False,0.6,380.0242441720936;2.2737367544323206e-13;447.85403283809984;,5.308091899646002e-12;1.0998871059607903e-11;7.402750541632352e-12;
5,0,False,False,False,0.8,78.694827732461;7.406572447161509e-10;86.67376827863168;1651.9824246510227;,3.637978807091713e-12;5.6843418860808015e-12;6.926505289687983e-12;7.71731845292249e-12;
5,0,False,False,False,0.4,4.067383956680332e-12;888.1152397178963;,8.348051665364355e-12;1.2202151870040997e-11;
5,0,False,False,False,0.4,174.75917167618866;1106.1149249567763;,3.2811998811807397e-12;9.275062463698822e-12;
5,0,False,False,False,0.6,1830.4587891714195;1044.2423656012027;416.32506476109717;,7.71731845292249e-12;1.2862197421537486e-11;5.752149554916067e-12;
5,0,False,False,False,0.6,162.92758785203398;327.87832885902344;530.4383196753282;,1.0951766470309208e-11;8.238962860556711e-12;9.795557720525728e-12;
5,0,False,False,False,0.6,147.0683380910455;0.0;602.5190122344438;,4.547473508864641e-12;9.668061295755842e-12;9.374856803373543e-12;
5,0,False,False,False,0.6,42.796885073981635;54.64373215531027;1.364090783935379e-09;,2.8760747774580336e-12;5.752149554916067e-12;4.547473508864641e-12;
5,0,False,False,False,0.6,110.45206490135766;355.91869132471203;533.8735785794446;,9.560515555507954e-12;2.8760747774580336e-12;1.6770253673335696e-11;
5,0,False,False,False,0.6,1388.1539742375;484.1982363078281;30.444366440990464;,9.094947017729282e-13;2.2737367544323206e-12;2.5724394843074972e-12;
5,0,False,False,False,0.6,192.72291177213134;653.068286944222;88.7180014914387;,6.926505289687983e-12;9.094947017729282e-12;4.638924511505858e-12;
5,0,False,False,False,0.4,2684.0484193460998;33.21071769968203;,1.3853010579375966e-11;7.77072613829435e-12;
5,0,False,False,False,0.4,3211.8043970344775;931.0616144576047;,1.0014771553662849e-11;9.094947017729282e-12;
5,0,False,False,False,0.4,353.3563188012273;1730.3488469165752;,5.823607568738997e-12;5.322681277320783e-12;
5,0,False,False,False,0.8,31.299525993369734;33.919193579089054;3.449467737992746e-10;1821.574689272537;,8.735411353108496e-12;1.1823431123048067e-11;1.0289757937229989e-11;9.094947017729282e-12;
5,0,False,False,False,0.8,12.434216021254619;90.8277868341887;1.8189894035458565e-12;147.44725978349823;,4.343967969940149e-12;4.067383956680332e-12;1.0606439709309235e-11;7.332580706405269e-12;
5,0,False,False,False,0.6,2.767543257844573e-10;777.7117988815403;2508.6058334953186;,5.916086516325635e-12;1.8189894035458565e-12;1.1064480586898243e-11;
5,0,False,False,False,0.6,46.301551438222994;45.04218442958914;2458.025396131157;,8.096546396138755e-12;9.668061295755842e-12;6.558459564010244e-12;
5,0,False,False,False,0.4,524.6481010465368;115.88194202640211;,6.510991198991339e-12;9.106308604942018e-12;
5,0,False,False,False,0.6,1.3642420526593924e-12;4593.223891670492;371.6096686734717;,3.749942721349417e-12;9.563218939007625e-12;6.1010759350204984e-12;
5,0,False,False,False,0.6,395.0846867754062;1077.6616416471377;0.0;,9.330635534153404e-12;6.558459564010244e-12;1.1064480586898243e-11;
5,0,False,False,False,0.8,887.3519573358437;1.22359997904584e-11;53.24614642659347;1.8189894035458565e-12;,4.796452938018999e-12;9.495403454739563e-12;4.547473508864641e-12;9.094947017729282e-12;
5,0,False,False,False,0.6,133.04083580450856;9531.789489341456;507.9874870983241;,4.897778860262864e-12;8.134767913360665e-12;2.8760747774580336e-12;
5,0,False,False,False,0.6,4.395928294245314;2390.319173877862;1547.0350376875774;,8.134767913360665e-12;9.795557720525728e-12;8.385126836667848e-12;
5,0,False,False,False,0.6,662.5984298750146;1464.197190284489;4.547473508864641e-13;,9.094947017729282e-13;4.547473508864641e-12;6.62122137262533e-12;
5,0,False,False,False,0.6,3.0034314491645635e-11;327.1022815540447;500.23741994862286;,1.8189894035458565e-12;4.067383956680332e-12;9.094947017729282e-12;
5,0,False,False,False,0.6,4.547473508864641e-13;28.027181275403766;0.0;,6.960011826328794e-12;7.77072613829435e-12;5.752149554916067e-12;
5,0,False,False,False,0.4,674.2404645056903;159.15463676336918;,4.570154315443183e-12;8.6282243323741e-12;
5,0,False,False,False,0.4,340.560383832574;1000.317106079793;,1.016845989170083e-11;9.094947017729282e-12;
5,0,False,False,False,0.6,53.69930382979413;71.12465546509512;6.931246233414856e-10;,8.437371123036188e-12;6.62122137262533e-12;1.1064480586898243e-11;
5,0,False,False,False,0.6,1.1368683772161603e-12;333.2785444249064;1328.726254248603;,4.192563418333924e-12;6.926505289687983e-12;9.795557720525728e-12;
5,0,False,False,False,0.6,287.9450967969515;64.4017240932252;4.354428503402803e-11;,1.639614891002561e-12;7.499885442698834e-12;2.033691978340166e-12;
5,0,False,False,False,0.6,1.0923406216047e-11;53.791856216713384;2118.1041545830763;,3.310610686312665e-12;5.4569682106375694e-12;5.475883235154604e-12;
5,0,False,False,False,0.6,231.5015906029892;618.8155999898372;98.14876612100655;,8.6282243323741e-12;1.7565260273684513e-11;9.094947017729282e-12;
5,0,False,False,False,0.6,360.2109930837839;2.842807518043225e-11;271.58172558107003;,8.198074455012805e-12;5.4569682106375694e-12;7.275957614183426e-12;
5,0,False,False,False,0.8,129.5178458385117;1.2505552149377763e-12;732.4604591539314;0.0;,7.059577317822925e-12;6.890022666312579e-12;1.0606439709309235e-11;9.094947017729282e-12;
5,0,False,False,False,0.4,75.3120993704202;0.0;,2.1359817569709703e-12;1.5441334513843364e-11;
5,0,False,False,False,0.6,189.38817822396751;1.0516032489249483e-12;180.20149949031145;,1.8749713606747085e-12;7.440495340191626e-12;5.4569682106375694e-12;
5,0,False,False,False,0.4,2187.297114918054;172.85624384389527;,1.0913936421275139e-11;1.0951766470309208e-11;
5,0,False,False,False,0.8,25.833728481397603;20.80611395213929;189.98136603387385;1163.5225114319608;,6.926505289687983e-12;5.475883235154604e-12;9.795557720525728e-12;7.499885442698834e-12;
5,0,False,False,False,0.6,2143.231129682492;218.98626851373456;1125.767027783431;,4.290077928115626e-12;7.568504305296864e-12;7.332580706405269e-12;
5,0,False,False,False,0.6,440.39376189656326;270.56537234483346;375.86981146047043;,4.099037227506402e-12;6.62122137262533e-12;1.0913936421275139e-11;
5,0,False,False,False,0.6,584.2695019322289;366.9316396876803;64.3490640095493;,6.1852326820078106e-12;2.5724394843074972e-12;7.402750541632352e-12;
5,0,False,False,False,0.6,1.1590026687435982e-09;1.9495228994786733e-09;1205.635497810632;,1.2202151870040997e-11;1.0045697324301055e-11;7.332580706405269e-12;
5,0,False,False,False,0.6,426.89866652819313;622.1910639823222;28.294040312108862;,6.510991198991339e-12;1.846632631372536e-11;1.1395935949750917e-11;
5,0,False,False,False,0.6,2.7675366357842223e-10;1.1368683772161603e-12;2035.9302673661225;,7.332580706405269e-12;3.310610686312665e-12;6.558459564010244e-12;
5,0,False,False,False,0.4,147.808224902174;395.91133893630416;,1.0498657848634317e-11;1.1504299109832135e-11;
5,0,False,False,False,0.6,1809.985100168016;1441.0126075724208;0.0;,5.532240293449121e-12;4.067383956680332e-12;1.1368683772161603e-11;
5,0,False,False,False,0.6,65.36202352277414;470.4914134995785;882.8053449122986;,2.8760747774580336e-12;4.067383956680332e-12;7.332580706405269e-12;
5,0,False,False,False,0.6,1239.8704391180295;3.4555167756994956;1846.6106403619256;,5.532240293449121e-12;2.033691978340166e-12;9.275062463698822e-12;
5,0,False,False,False,0.4,95.46455023833926;1450.4600698930578;,5.084229945850415e-12;5.752149554916067e-12;
5,0,False,False,False,0.6,48.92122830242645;516.9208924378651;316.08475216057036;,4.067383956680332e-12;7.103380699760832e-12;5.4569682106375694e-12;
5,0,False,False,False,0.4,96.25436024665397;2255.191335573868;,8.960369311916125e-12;6.558459564010244e-12;
5,0,False,False,False,0.6,106.84136412551892;148.16010171946368;227.38065086582841;,9.374856803373542e-13;5.823607568738997e-12;6.558459564010244e-12;
5,0,False,False,False,0.6,111.24459355693187;6.510991198991339e-12;721.1680769871704;,2.033691978340166e-12;3.410605131648481e-12;5.823607568738997e-12;
5,0,False,False,False,0.8,17.544805546395125;8.564681051015379e-10;580.3765000996242;4.547473508864641e-13;,7.332580706405269e-12;5.4569682106375694e-12;5.752149554916067e-12;1.0951766470309208e-11;
5,0,False,False,False,0.4,5505.0735192288985;301.618468646811;,3.885363069147175e-12;9.275062463698822e-12;
5,0,False,False,False,0.4,1.8990350267892764;1334.870670984669;,9.275062463698822e-12;8.437371123036188e-12;
5,0,False,False,False,0.6,498.7360888821303;156.3907437086729;379.9074715030039;,9.495403454739563e-12;8.829596408280667e-12;3.970910528681311e-12;
5,0,False,False,False,0.4,480.5300391285059;2879.7597121799085;,9.140308630886366e-12;1.8189894035458565e-12;
5,0,False,False,False,0.4,620.0392690777257;151.08369609885864;,5.084229945850415e-12;2.033691978340166e-12;
5,0,False,False,False,0.6,1.1345217327323294e-10;14.399042882996904;1668.5172480167294;,4.7477017273697814e-12;4.547473508864641e-12;5.1448789686149945e-12;
5,0,False,False,False,0.4,876.3575659691375;469.3300538564168;,1.639614891002561e-11;6.6221973062105e-12;
5,0,False,False,False,0.6,140.3908612701326;161.13202668297254;214.5927829579689;,2.5724394843074972e-12;9.214246309944488e-12;3.749942721349417e-12;
5,0,False,False,False,0.6,2735.3738421737794;66.03156567602888;490.9154376948324;,9.140308630886366e-12;8.198074455012805e-12;1.0913936421275139e-11;
5,0,False,False,False,0.6,310.09680382500864;4.547473508864641e-13;175.34629142839674;,8.185452315956354e-12;3.749942721349417e-12;9.462679393748118e-12;
5,0,False,False,False,0.6,59.12197130385537;4.1304635794153794e-11;63.03528292564852;,6.760305380939147e-12;5.458152320060346e-12;8.957483989248525e-12;
5,0,False,False,False,0.6,2.5724394843074972e-12;3099.895087770941;1044.749561559014;,3.749942721349417e-12;6.487687092156788e-12;1.000444171950221e-11;
5,0,False,False,False,0.6,256.4417400905473;223.84735470905875;221.18664801281017;,5.868928155514508e-12;5.697967974875459e-12;1.4665161412810538e-11;
5,0,False,False,False,0.6,532.4504190778498;110.33259310268116;3539.3634849546143;,3.885363069147175e-12;3.279229782005122e-12;1.1395935949750917e-11;
5,0,False,False,False,0.4,4.792409278788453e-12;466.1157599862153;,5.4569682106375694e-12;8.134767913360665e-12;
5,0,False,False,False,0.6,123.09948205322986;323.4143839242478;350.02807037498593;,5.4569682106375694e-12;9.795557720525728e-12;5.532240293449121e-12;
5,0,False,False,False,0.6,25.636301349680057;192.7382242261169;0.0;,7.458411103860602e-12;9.094947017729282e-13;1.3763152265184141e-11;
5,0,False,False,False,0.4,64.55298536444576;1150.327774927185;,1.0014771553662849e-11;1.3116919128020487e-11;
5,0,False,False,False,0.4,1370.628528907161;560.8320356191699;,6.62122137262533e-12;1.0616183799292005e-11;
5,0,False,False,False,0.6,1784.9943576618618;389.8518390149984;1.4214037590216125e-11;,8.348051665364355e-12;7.622954678590855e-12;5.752149554916067e-12;
5,0,False,False,False,0.4,2213.763606055522;1022.9699895320745;,1.791496797849705e-11;9.462679393748118e-12;
5,0,False,False,False,0.4,692.9956179705067;3046.297490068974;,5.532240293449121e-12;1.016845989170083e-11;
5,0,False,False,False,0.4,2199.716871476559;6.669018742408765e-10;,5.532240293449121e-12;6.558459564010244e-12;
5,0,False,False,False,0.4,2.3411612718706447;1182.7765256980913;,6.558459564010244e-12;5.4569682106375694e-12;
5,0,False,False,False,0.4,1546.3094083503825;41.32332194302018;,1.1823431123048067e-11;6.62122137262533e-12;
5,0,False,False,False,0.6,106.05754455251129;119.61397884235467;184.77554290637826;,4.7477017273697814e-12;5.1448789686149945e-12;1.1064480586898243e-11;
5,0,False,False,False,0.6,7.327396713510774e-10;991.592369953478;152.59335764866066;,1.0809221133972381e-11;1.4206761399521663e-11;4.897778860262864e-12;
5,0,False,False,False,0.4,169.48651276886224;1668.6354400046737;,1.2278178473934531e-11;9.094947017729282e-12;
5,0,False,False,False,0.4,147.97635562844437;3.0788412816608384e-11;,8.045301916788108e-12;1.1196854986560656e-12;
5,0,False,False,False,0.4,345.5757876163788;12.29847707047386;,9.094947017729282e-13;8.385126836667848e-12;
5,0,False,False,False,0.8,19.600946597880498;183.07217057397006;2.8421709430404007e-13;971.9081505529856;,1.016845989170083e-12;1.016845989170083e-12;3.5192457953972068e-12;1.2862197421537486e-11;
5,0,False,False,False,0.6,141.7244194298381;1164.8604029332027;482.03803124435825;,1.129568986323122e-11;3.637978807091713e-12;8.134767913360665e-12;
5,0,False,False,False,0.4,160.5169389720174;2773.2933645549065;,1.2862197421537486e-12;4.547473508864641e-12;
5,0,False,False,False,0.4,1356.0907975550065;796.5675271239575;,4.7477017273697814e-12;1.3116919128020487e-11;
5,0,False,False,False,0.8,1.9259932756797012e-10;829.9253928143248;54.077570473017936;1091.568615941438;,9.374856803373543e-12;9.462679393748118e-12;6.1852326820078106e-12;1.1647215137477994e-11;
5,0,False,False,False,0.4,292.36792810775773;1979.7031410544032;,4.897778860262864e-12;4.547473508864641e-12;
5,0,False,False,False,0.4,1161.2772187694159;269.8543695769744;,7.499885442698834e-12;8.185452315956354e-12;
5,0,False,False,False,0.8,40.64439053929098;9.094947017729282e-13;171.74125970724222;3084.6154405289635;,4.637531231849411e-12;7.77072613829435e-12;1.0951766470309208e-11;7.332580706405269e-12;
5,0,False,False,False,0.6,125.7859131929152;4237.552322620318;373.63952525529083;,6.510991198991339e-12;8.6282243323741e-12;3.279229782005122e-12;
5,0,False,False,False,0.8,1.2146262321090776e-09;9.094947017729282e-13;468.73572860388697;0.0;,2.8124570410120625e-12;3.885363069147175e-12;2.033691978340166e-12;2.033691978340166e-12;
5,0,False,False,False,0.6,82.01423737097322;420.2081924027321;672.9222784102701;,1.2635104203081759e-11;1.0913936421275139e-11;5.4569682106375694e-12;
5,0,False,False,False,0.4,121.15380986234003;1580.5964608140048;,1.0780485891818623e-11;1.1395935949750917e-11;
5,0,False,False,False,0.6,86.51856819416096;116.43037638847228;529.049328059354;,5.752149554916067e-12;6.760305380939147e-12;5.1448789686149945e-12;
5,0,False,False,False,0.4,154.59479670144657;0.0;,7.332580706405269e-12;1.2765366452748093e-11;
5,0,False,False,False,0.6,34.170951728153554;171.8436179545362;431.13383779933446;,9.795557720525728e-12;9.795557720525728e-12;1.543463690584498e-11;
5,0,False,False,False,0.6,491.612522894328;684.983204723203;0.0;,3.279229782005122e-12;8.134767913360665e-12;7.71731845292249e-12;
5,0,False,False,False,0.6,9.094947017729282e-13;268.8749082530678;179.51076900141211;,3.183231456205249e-12;4.547473508864641e-12;3.749942721349417e-12;
5,0,False,False,False,0.4,7.190186943645084e-13;1896.5829628141244;,3.4632526448439915e-12;7.275957614183426e-12;
5,0,False,False,False,0.6,90.81422131747394;2471.370845058854;64.42488911944865;,5.752149554916067e-12;3.279229782005122e-12;9.763839695362498e-12;
5,0,False,False,False,0.6,58.96681754848252;518.9030925290226;905.8791690880277;,5.92918004731714e-12;8.957483989248525e-12;5.823607568738997e-12;
5,0,False,False,False,0.6,1122.8245898234702;111.94702599437684;451.9736858894984;,8.235824805649297e-12;5.322681277320783e-12;1.8749713606747085e-12;
5,0,False,False,False,0.4,743.325045910579;184.81147776060737;,8.134767913360665e-12;7.332580706405269e-12;
5,0,False,False,False,0.6,229.98103992602876;1095.1320080617952;120.33891873618788;,6.558459564010244e-12;9.094947017729282e-13;6.558459564010244e-12;
5,0,False,False,False,0.2,950.2443769169856;,7.275957614183426e-12;
5,0,False,False,False,0.8,445.2506691874706;173.55117263240334;409.85576955206767;735.0697861624744;,5.084229945850415e-12;4.897778860262864e-12;9.094947017729282e-12;6.558459564010244e-12;
5,0,False,False,False,0.6,6.799385371007556e-12;1230.4699061372717;188.06517969787018;,6.277531471040912e-12;1.1647215137477994e-11;6.1852326820078106e-12;
5,0,False,False,False,0.6,190.4627913317331;102.27724918528227;1542.6788955784682;,4.414798204140334e-12;2.033691978340166e-12;7.275957614183426e-12;
5,0,False,False,False,0.6,197.97890823203088;686.4441048624124;720.5696324783803;,7.332580706405269e-12;8.385126836667848e-12;8.385126836667848e-12;
5,0,False,False,False,0.4,1414.0930825321184;820.3135445128645;,1.2370465364015621e-11;2.5724394843074972e-12;
5,0,False,False,False,0.8,20.70807460231604;375.00884165007045;740.4609885197227;281.45047647796866;,3.701375270816176e-12;8.580155856231252e-12;9.495403454739563e-12;3.885363069147175e-12;
5,0,False,False,False,0.4,32.57902677415655;1451.0924687693039;,1.016845989170083e-12;1.185836009463428e-11;
5,0,False,False,False,0.4,335.7869693195634;1152.8486034126406;,8.134767913360665e-12;6.558459564010244e-12;
5,0,False,False,False,0.6,932.2283907927361;1828.6435626224245;450.11496320411726;,9.140308630886366e-12;8.580155856231252e-12;6.9414170513817895e-12;
5,0,False,False,False,0.4,800.652506747275;50.00296077920334;,7.332580706405269e-12;7.73070496506989e-12;
5,0,False,False,False,0.6,216.57225585566738;160.41798113182014;242.48582668680527;,3.0505379675102492e-12;1.0645362554641566e-11;4.547473508864641e-12;
5,0,False,False,False,0.6,1.1220378301580157e-10;163.8050421000744;1978.6313022895706;,1.185836009463428e-11;5.9117155615240335e-12;1.2370465364015621e-11;
5,0,False,False,False,0.6,444.76464865569466;972.4512190038649;245.78813932321535;,3.749942721349417e-12;7.71731845292249e-12;5.9117155615240335e-12;
5,0,False,False,False,0.6,110.00735531258246;84.77970058282521;0.0;,5.084229945850415e-12;5.823607568738997e-12;6.62122137262533e-12;
5,0,False,False,False,0.6,2.3878566455934052e-11;1559.492388109671;142.89031674304093;,4.290077928115626e-12;9.668061295755842e-12;7.77072613829435e-12;
5,0,False,False,False,0.4,231.25029370359482;777.8567672071464;,2.8760747774580336e-12;3.749942721349417e-12;
5,0,False,False,False,0.4,62.96821073399478;318.93067722264516;,3.4407880662960352e-12;1.1064480586898243e-11;
5,0,False,False,False,0.6,15.303403244127352;973.2504825416054;1824.3382705043305;,1.0045697324301055e-11;3.6450773090749405e-12;2.2737367544323206e-12;
5,0,False,False,False,0.8,86.58511032674494;452.08913702831995;263.0056307239173;7.389644451905042e-13;,3.279229782005122e-12;7.402750541632352e-12;7.622954678590855e-12;8.134767913360665e-12;
5,0,False,False,False,0.6,38.31084115365474;268.76500435377045;897.7137907094009;,8.385126836667848e-12;9.140308630886366e-12;9.795557720525728e-12;
5,0,False,False,False,0.8,2045.8148923580463;236.78761804280504;0.0;129.6449915537829;,7.499885442698834e-12;8.829596408280667e-12;1.0606439709309235e-11;4.547473508864641e-12;
5,0,False,False,False,0.6,2194.699717605165;33.466361693697564;462.91766954446246;,1.0289757937229989e-11;8.957483989248525e-12;1.8727642129282687e-11;
5,0,False,False,False,0.6,540.2744114822983;1211.2383977649388;1.6596720880347365e-11;,1.8749713606747085e-12;1.016845989170083e-11;5.532240293449121e-12;
5,0,False,False,False,0.4,506.97812254795537;2440.1806154098485;,1.0913936421275139e-11;4.067383956680332e-12;
5,0,False,False,False,0.6,114.37940769678963;1088.676320506108;2057.9949901294885;,8.6282243323741e-12;2.0321522242738865e-12;5.752149554916067e-12;
5,0,False,False,False,0.4,7.958078640513122e-13;1898.2799069207997;,1.2862197421537486e-12;8.134767913360665e-12;
5,0,False,False,False,0.4,78.29246308414956;554.0627065082484;,6.821210263296962e-12;5.9117155615240335e-12;
5,0,False,False,False,0.6,83.5137672871841;193.4532510396188;1010.2404788677019;,4.834030647877921e-12;9.196696017241577e-12;4.547473508864641e-12;
1,250,False,False,False,1.0,75.70340485741184;,88.13914906648303;
1,250,False,False,False,1.0,99.46887071148444;,187.45407445121415;
1,250,False,False,False,1.0,188.2330827013859;,444.83877991092083;
1,250,False,False,False,1.0,66.8443469352462;,180.0594577979344;
1,250,False,False,False,1.0,234.65128879369018;,213.29134563619402;
1,250,False,False,False,1.0,117.7399293378075;,124.74914826209312;
1,250,False,False,False,1.0,84.07098237741582;,105.91105146224989;
1,250,False,False,False,1.0,256.52608269629417;,247.08332877471474;
1,250,False,False,False,1.0,176.64026120195481;,346.87288940007;
1,250,False,False,False,1.0,169.47861094375727;,241.44397947019232;
1,250,False,False,False,1.0,108.89345925613077;,182.0980700408075;
1,250,False,False,False,1.0,67.86592320961006;,55.12267835044643;
1,250,False,False,False,1.0,184.19376610861585;,106.59224786841372;
1,250,False,False,False,1.0,68.99811162536261;,161.90956101826842;
1,250,False,False,False,1.0,210.30453609206467;,234.5145716601258;
1,250,False,False,False,1.0,32.41100933639076;,184.0519908385867;
1,250,False,False,False,1.0,52.110567302719595;,197.10837348122234;
1,250,False,False,False,1.0,44.11701724680894;,176.07035336832348;
1,250,False,False,False,1.0,92.49913871155294;,111.52206042405521;
1,250,False,False,False,1.0,107.98425504292719;,45.23291193579354;
1,250,False,False,False,1.0,59.56284119273686;,23.447695110352676;
1,250,False,False,False,1.0,52.229076839830114;,374.1629137582462;
1,250,False,False,False,1.0,196.876929700208;,245.85520638873675;
1,250,False,False,False,1.0,70.23114104599185;,223.81903823891687;
1,250,False,False,False,1.0,61.47881328252294;,94.34832969530099;
1,250,False,False,False,1.0,187.20892474088538;,105.24186917516124;
1,250,False,False,False,1.0,132.05789944049243;,376.5725813808473;
1,250,False,False,False,1.0,112.77017345539338;,244.38655325881138;
1,250,False,False,False,1.0,122.01283059834498;,89.0862634931279;
1,250,False,False,False,1.0,225.37353427031562;,144.24280529332026;
1,250,False,False,False,1.0,256.3961310474826;,256.23704804609866;
1,250,False,False,False,1.0,292.83333978655713;,473.4847174417745;
1,250,False,False,False,1.0,133.2168353391316;,173.9035399423946;
1,250,False,False,False,1.0,19.472843118454584;,74.8815738618494;
1,250,False,False,False,1.0,123.23918660350087;,106.30628610372882;
1,250,False,False,False,1.0,127.98836549030982;,161.08649213397229;
1,250,False,False,False,1.0,46.145442585969974;,135.84845308013644;
1,250,False,False,False,1.0,147.24861426747339;,298.98638937781647;
1,250,False,False,False,1.0,42.67164029553895;,95.06201215713338;
1,250,False,False,False,1.0,58.6288044426818;,124.21971060179746;
1,250,False,False,False,1.0,107.49746532649289;,59.3855928181166;
1,250,False,False,False,1.0,161.46414902918093;,155.52533632398223;
1,250,False,False,False,1.0,166.66237058032445;,165.22963054063868;
1,250,False,False,False,1.0,143.84161341107463;,74.37511016676719;
1,250,False,False,False,1.0,103.11641277234891;,84.9721972312944;
1,250,False,False,False,1.0,41.08400234945188;,139.77849568732094;
1,250,False,False,False,1.0,42.632056460722694;,241.39587474499945;
1,250,False,False,False,1.0,161.2088994818991;,282.8267556118617;
1,250,False,False,False,1.0,165.4462411973078;,137.52738345908216;
1,250,False,False,False,1.0,41.18568336468926;,226.00943909427826;
1,250,False,False,False,1.0,147.65774556837675;,150.55465617487312;
1,250,False,False,False,1.0,74.49286620609277;,204.3003599439128;
1,250,False,False,False,1.0,263.9534472809223;,521.3938000874336;
1,250,False,False,False,1.0,115.34318845680983;,57.23514866869294;
1,250,False,False,False,1.0,339.2863679435761;,258.5375435342217;
1,250,False,False,False,1.0,62.807753223423205;,131.36947046943095;
1,250,False,False,False,1.0,62.35698164005698;,270.20549847795354;
1,250,False,False,False,1.0,120.85052688402922;,186.5580587495509;
1,250,False,False,False,1.0,207.082972473473;,90.06165484225372;
1,250,False,False,False,1.0,193.52853169318044;,36.750603010223976;
1,250,False,False,False,1.0,244.74300773233475;,272.7230556515499;
1,250,False,False,False,1.0,250.99397311175997;,286.8321787046331;
1,250,False,False,False,1.0,114.80575185097473;,215.65295599977725;
1,250,False,False,False,1.0,82.30334164541179;,297.3088365150078;
1,250,False,False,False,1.0,82.14748777076741;,87.86098637376425;
1,250,False,False,False,1.0,174.98077389105964;,140.7482768742678;
1,250,False,False,False,1.0,101.53990831147767;,209.9209702109281;
1,250,False,False,False,1.0,63.611293032590176;,59.32519506375258;
1,250,False,False,False,1.0,79.83605480315404;,241.09821885359256;
1,250,False,False,False,1.0,100.08012478993477;,128.37330892613303;
1,250,False,False,False,1.0,154.84011449544062;,196.88471234577383;
1,250,False,False,False,1.0,168.59394176792648;,497.5568411761739;
1,250,False,False,False,1.0,165.41666040434103;,64.77601204670374;
1,250,False,False,False,1.0,164.2074121061943;,260.60464653015185;
1,250,False,False,False,1.0,175.87422164357693;,106.05673005966335;
1,250,False,False,False,1.0,62.84140065928449;,88.55688341055286;
1,250,False,False,False,1.0,88.52428077931543;,223.0334312379836;
1,250,False,False,False,1.0,71.84830222049354;,29.329930933247027;
1,250,False,False,False,1.0,226.0037098205191;,150.38342798631683;
1,250,False,False,False,1.0,126.68051206107843;,223.76070271531339;
1,250,False,False,False,1.0,89.38256881519756;,86.12752673241603;
1,250,False,False,False,1.0,25.512892157445588;,138.08949245087624;
1,250,False,False,False,1.0,69.2986947292547;,114.38268928149026;
1,250,False,False,False,1.0,176.58948832216385;,317.3848772401398;
1,250,False,False,False,1.0,70.90144460029167;,149.78886583794568;
1,250,False,False,False,1.0,58.197453564578865;,72.20408940626257;
1,250,False,False,False,1.0,112.66682075500422;,119.24778833335876;
1,250,False,False,False,1.0,32.804579002272156;,124.23009899067411;
1,250,False,False,False,1.0,110.28295695557975;,181.62268191381656;
1,250,False,False,False,1.0,121.9930686300848;,203.26950432914387;
1,250,False,False,False,1.0,165.72855511054897;,121.69258738163107;
1,250,False,False,False,1.0,132.22152500805223;,311.12193684976666;
1,250,False,False,False,1.0,204.00547537152246;,225.4818777985853;
1,250,False,False,False,1.0,152.70805299763182;,203.3676489326142;
1,250,False,False,False,1.0,62.47194142431349;,229.8635537032547;
1,250,False,False,False,1.0,102.05664589939272;,73.05246968581048;
1,250,False,False,False,1.0,114.83333614043414;,161.97376055046414;
1,250,False,False,False,1.0,44.966869966639145;,135.89605883301607;
1,250,False,False,False,1.0,180.32649734781643;,167.6850674205321;
1,250,False,False,False,1.0,128.54888135810413;,100.48030978277748;
1,250,False,False,False,1.0,117.69608656985851;,129.5155320901706;
1,250,False,False,False,1.0,147.16284754701084;,124.59299000031164;
1,250,False,False,False,1.0,63.804260593290714;,245.4073328968191;
1,250,False,False,False,1.0,134.1799890595449;,27.4238507243559;
1,250,False,False,False,1.0,88.90446100542256;,222.2062974006732;
1,250,False,False,False,1.0,76.28195083021221;,98.7397772772444;
1,250,False,False,False,1.0,184.40402575595627;,130.99346728603615;
1,250,False,False,False,1.0,143.55770858978252;,128.4518991528477;
1,250,False,False,False,1.0,193.782825708024;,350.4078860235012;
1,250,False,False,False,1.0,183.69456360114344;,163.96388973821888;
1,250,False,False,False,1.0,156.92266946569384;,297.38038138677854;
1,250,False,False,False,1.0,299.69457714503005;,390.84560195985506;
1,250,False,False,False,1.0,162.14780599335333;,161.46252075714116;
1,250,False,False,False,1.0,77.19336305935906;,92.13664467662775;
1,250,False,False,False,1.0,63.651974749802456;,62.97647150696111;
1,250,False,False,False,1.0,205.44028945490666;,232.0781716574426;
1,250,False,False,False,1.0,125.50462997822784;,111.87653280602488;
1,250,False,False,False,1.0,157.17112427653694;,236.1015828385414;
1,250,False,False,False,1.0,84.03836974614354;,155.99945905445597;
1,250,False,False,False,1.0,192.14944422008094;,207.11807028110204;
1,250,False,False,False,1.0,240.26903263097236;,318.83974035852674;
1,250,False,False,False,1.0,81.67640121825266;,229.3956932450394;
1,250,False,False,False,1.0,133.25277580164882;,188.03170873547967;
1,250,False,False,False,1.0,32.26649933977923;,69.730579589607;
1,250,False,False,False,1.0,166.83223262985413;,347.1033486221394;
1,250,False,False,False,1.0,186.046654366422;,337.98942672473225;
1,250,False,False,False,1.0,69.36323619851547;,114.46442147305244;
1,250,False,False,False,1.0,158.25679472653988;,85.4949734484393;
1,250,False,False,False,1.0,51.25613328498428;,36.25677174239609;
1,250,False,False,False,1.0,24.25864301860771;,85.28070134308987;
1,250,False,False,False,1.0,127.2116206647567;,144.88518624384363;
1,250,False,False,False,1.0,131.70101601231235;,267.8339106141767;
1,250,False,False,False,1.0,46.86857022036554;,46.235894763886385;
1,250,False,False,False,1.0,45.09791627552655;,281.83920450548425;
1,250,False,False,False,1.0,233.12394921627094;,249.92916833996333;
1,250,False,False,False,1.0,100.56721599253088;,165.0747290466767;
1,250,False,False,False,1.0,21.195811109377736;,86.32076804676747;
1,250,False,False,False,1.0,155.79441239674102;,466.6991615924915;
1,250,False,False,False,1.0,151.02043978761424;,140.03958582886662;
1,250,False,False,False,1.0,17.98282583857534;,79.42303820650372;
1,250,False,False,False,1.0,143.61033425167295;,67.51773234605038;
1,250,False,False,False,1.0,94.270322909376;,107.64513949182958;
1,250,False,False,False,1.0,393.39873471123724;,456.7689895123843;
1,250,False,False,False,1.0,109.38020035461119;,270.615479456655;
1,250,False,False,False,1.0,60.50906476912529;,229.45676682266054;
1,250,False,False,False,1.0,235.71593189833828;,196.03658534340778;
1,250,False,False,False,1.0,143.39830938200345;,169.72731250278733;
1,250,False,False,False,1.0,118.90869070760738;,212.86725589658897;
1,250,False,False,False,1.0,54.430666184333965;,478.0852182268078;
1,250,False,False,False,1.0,140.20467786853342;,277.98966517636507;
2,250,False,False,False,1.0,258.97041653358576;284.0624759306381;,282.30440399640946;264.40455955481065;
2,250,False,False,False,1.0,126.35198685519327;132.5119920056544;,130.43014429611677;91.69668916351873;
2,250,False,False,False,1.0,120.4083187729207;239.7339515439766;,178.59334027356633;294.263040634142;
2,250,False,False,False,0.5,90.87482149837014;,122.75039121363626;
2,250,False,False,False,0.5,249.07568166461533;,149.96219038427154;
2,250,False,False,False,1.0,109.02678514104552;154.61780126132157;,164.75856381979068;181.77560833223694;
2,250,False,False,False,0.5,159.6349639052934;,215.96123598562167;
2,250,False,False,False,1.0,200.34456393631174;253.6333466957543;,196.54615354426673;273.3736380764234;
2,250,False,False,False,1.0,70.50142297830679;120.66265085206585;,205.43147812624156;120.59914075335314;
2,250,False,False,False,1.0,114.81265875551071;127.14835963074133;,112.5453444117542;142.85454092007734;
2,250,False,False,False,1.0,172.0777854311648;112.19445728191958;,59.787448086777744;112.6176444737532;
2,250,False,False,False,1.0,90.81932034249628;149.33770579428693;,249.9337373326849;237.4165612527681;
2,250,False,False,False,1.0,109.59901061544238;131.20201601088525;,16.712493763011196;321.4254416134505;
2,250,False,False,False,1.0,154.26928147717425;398.1184274903246;,202.06311695767772;336.9635736720706;
2,250,False,False,False,1.0,170.59576281950606;279.95372077525536;,201.28815739601018;271.46592338600885;
2,250,False,False,False,1.0,169.65336306773247;306.5677932381272;,199.5094790461254;304.1331898701379;
2,250,False,False,False,1.0,204.21036546170288;161.30629948673948;,306.087082724405;195.60092854599898;
2,250,False,False,False,1.0,223.94778724894266;109.28873004894874;,290.2686708191086;60.933451898536845;
2,250,False,False,False,1.0,115.38079509465999;134.3197356856826;,155.75665383820058;127.01039446412001;
2,250,False,False,False,1.0,79.04017700259709;259.2075348727488;,59.9714074819101;65.83659112720127;
2,250,False,False,False,0.5,147.43902834043197;,95.90275388249468;
2,250,False,False,False,0.5,318.30467006691896;,375.1833202920837;
2,250,False,False,False,1.0,24.599975193700107;91.56946080132695;,112.81219852837825;90.40471540816154;
2,250,False,False,False,1.0,42.50265119487106;112.22410191634386;,117.89435277880366;154.69553542119195;
2,250,False,False,False,1.0,212.62833289034313;88.94848473508345;,188.6576266596106;128.04197913196748;
2,250,False,False,False,1.0,61.419605586433626;27.007839233551888;,137.04029007610404;128.58180549873086;
2,250,False,False,False,1.0,142.85480870940262;45.3803369021966;,201.3544731669436;81.55251264533972;
2,250,False,False,False,0.5,466.1701788057786;,217.87451948111;
2,250,False,False,False,1.0,183.0385828932161;111.28447923900004;,326.4956137176261;155.96714183279948;
2,250,False,False,False,1.0,344.87668083055877;227.89300008388744;,194.91958896996357;35.42012996741774;
2,250,False,False,False,1.0,133.51089255312212;90.95397521803956;,133.9144893133691;50.43218285079738;
2,250,False,False,False,1.0,151.38326129933677;209.25668655786706;,291.60876651988275;77.12666568747137;
2,250,False,False,False,1.0,123.51582763600683;192.05427426752948;,200.712553740904;154.53338364726682;
2,250,False,False,False,1.0,22.883055608591697;130.69962419782604;,46.57561783035506;193.86040030135993;
2,250,False,False,False,1.0,316.6758714102904;156.7452702004759;,334.5149805280615;224.3133743270311;
2,250,False,False,False,1.0,181.3035209762003;376.77668783207343;,100.79841813692666;46.70707804643367;
2,250,False,False,False,1.0,88.31598690040114;131.9973544446666;,87.88793264545721;268.6139555652582;
2,250,False,False,False,1.0,57.18777709057566;142.74955127645114;,207.04588327574575;109.55442927932852;
2,250,False,False,False,1.0,180.5082233773445;79.3240249223289;,377.8228078545444;15.935984120264376;
2,250,False,False,False,1.0,235.1415147744802;88.58259749887688;,303.23198842355;115.27101871757029;
2,250,False,False,False,1.0,152.83106725618023;81.81681542999529;,110.13616241899332;293.5276868891696;
2,250,False,False,False,1.0,218.1160282025533;230.9348921594041;,218.67233736523855;214.8108770875718;
2,250,False,False,False,1.0,94.22358329594513;106.39583583962224;,117.20906199906202;182.46613206644852;
2,250,False,False,False,1.0,173.70605882773128;144.65558470205346;,222.77057713505994;186.33115668246376;
2,250,False,False,False,1.0,308.4487884748125;127.41243966211148;,188.39328455112192;166.17383392287326;
2,250,False,False,False,1.0,115.24899601634996;226.7741820650758;,293.6284276297056;153.78944028198862;
2,250,False,False,False,1.0,141.50464852337643;175.63234066391118;,216.6152557759874;101.6089861467697;
2,250,False,False,False,1.0,146.38886463660862;180.3044583821809;,158.94611423699155;203.17321086231186;
2,250,False,False,False,1.0,154.5254637131228;114.92099248016936;,149.79076618985636;312.64436561875794;
2,250,False,False,False,1.0,109.99329677936724;148.19862626136123;,386.1354892387299;125.17795312687362;
2,250,False,False,False,1.0,220.23752342332926;173.18318600912443;,159.181434895258;118.12855770689532;
2,250,False,False,False,0.5,655.8442068085615;,119.80531476816668;
2,250,False,False,False,1.0,57.60339783765715;200.5815607888323;,241.32329206787443;54.112467850781;
2,250,False,False,False,1.0,185.17626485559651;152.088672827135;,165.47457477915518;212.00976204938658;
2,250,False,False,False,1.0,228.93778214385222;105.73538006439024;,140.89375894372753;147.4717048233392;
2,250,False,False,False,0.5,471.56151805384036;,207.17902437137022;
2,250,False,False,False,0.5,781.7930849220202;,61.08253126804669;
2,250,False,False,False,1.0,160.5564701792931;60.19396309259842;,284.9793968851148;49.864072282946125;
2,250,False,False,False,1.0,148.30993578479027;172.45661575290475;,418.94799869826005;210.06136222266693;
2,250,False,False,False,1.0,76.71311535072127;17.72353743618284;,107.79173495655652;149.15954163508223;
2,250,False,False,False,1.0,157.25043581584399;58.688539235986916;,339.301384481929;30.844302064711485;
2,250,False,False,False,0.5,784.8348647423657;,134.00813743413025;
2,250,False,False,False,1.0,74.25776427475269;242.99529067517648;,269.606654189499;251.43887721837993;
2,250,False,False,False,1.0,138.84919652655827;41.5568063549143;,191.0373720563627;28.469855431376;
2,250,False,False,False,1.0,119.83294651543873;111.13858767752139;,77.87798082225116;145.13802066417992;
2,250,False,False,False,1.0,211.77698325205674;200.41485504972323;,325.2961672926024;79.7151002670553;
2,250,False,False,False,1.0,148.77787304537853;24.408617460303386;,238.73784363445213;70.1804104900515;
2,250,False,False,False,1.0,132.6883027470536;195.94780077898486;,223.22712727127612;206.4391812606364;
2,250,False,False,False,1.0,120.05622483996227;35.610770844351165;,363.9199986543612;257.77225496866805;
2,250,False,False,False,1.0,86.3755210693639;294.1860230530861;,147.33355253190464;432.6337469748969;
2,250,False,False,False,1.0,53.08204208237715;104.3805646820251;,130.02240886428262;69.75123311056966;
2,250,False,False,False,0.5,403.1722261456007;,320.16214993687754;
2,250,False,False,False,1.0,216.5077538841974;107.74008605747972;,204.66710811165993;237.76657588357693;
2,250,False,False,False,0.5,465.41565246134104;,121.46535850669;
2,250,False,False,False,1.0,107.01648983671353;130.7067321075478;,242.00702637540206;260.628854549919;
2,250,False,False,False,1.0,186.6178238704914;234.0538784636843;,153.76905854892587;160.44158530718175;
2,250,False,False,False,1.0,73.21632996458257;78.58228558095388;,134.1695842115899;235.54953797370783;
2,250,False,False,False,1.0,192.7697242260756;127.46453776841592;,216.7887926576125;350.90428880022773;
2,250,False,False,False,1.0,170.7156394350611;84.05387699664618;,47.06897323279905;180.00624075693193;
2,250,False,False,False,1.0,96.9833649000482;65.11773586647844;,196.2849659386583;123.44526445225087;
2,250,False,False,False,1.0,119.43374910708447;148.00740770967272;,231.53419645491994;111.17342385948173;
2,250,False,False,False,1.0,125.22891471198726;189.5453380780657;,150.96581955788912;257.37687730235587;
2,250,False,False,False,1.0,12.831720265328588;150.56624966638006;,116.90648949132935;385.677026357135;
2,250,False,False,False,1.0,37.730315437672516;233.14726817903096;,268.0916486312257;387.6500998095672;
2,250,False,False,False,1.0,311.18134807961525;191.96825245334827;,88.22482887550544;175.39791939346463;
2,250,False,False,False,1.0,114.28169177422245;118.11353765167355;,110.00419508308737;218.80355286363647;
2,250,False,False,False,1.0,73.65050821087843;109.33970191728369;,45.57533723888274;150.74784751578926;
2,250,False,False,False,1.0,103.45753544128402;21.896539251396394;,88.10967304828691;56.471845668458315;
2,250,False,False,False,1.0,22.240651363327842;152.28185484931535;,124.34239310554203;105.2994535865969;
2,250,False,False,False,1.0,169.82256149434153;10.469658344082168;,135.43761433999467;197.5186842218963;
2,250,False,False,False,1.0,230.33389708638234;268.435630361548;,234.75499481745743;341.1993182097404;
2,250,False,False,False,1.0,167.7354379539658;220.37187577655214;,41.79348653296576;473.28813392929806;
2,250,False,False,False,1.0,413.77810120937926;214.34923455186154;,401.18865395433255;10.696528987894936;
2,250,False,False,False,1.0,105.84492598580827;247.3221197501126;,56.87644047803424;550.6004074326358;
2,250,False,False,False,0.5,150.21677319610518;,112.57956029321764;
2,250,False,False,False,1.0,152.74577412010305;140.6079167358362;,101.14946428861666;145.40265251869982;
2,250,False,False,False,1.0,155.31878702489897;118.82772128440742;,100.05143535485286;187.23027491809668;
2,250,False,False,False,1.0,103.81745123961741;210.5273769938798;,226.42778777539084;192.7607492974885;
2,250,False,False,False,1.0,137.48234468628547;274.19508726331594;,81.9093649062081;501.9939270605142;
2,250,False,False,False,1.0,84.70650513298182;239.8986113413084;,194.36187720305443;132.61678998257557;
2,250,False,False,False,1.0,146.7823659890278;130.94007436685519;,234.48076745537134;93.20771259239925;
2,250,False,False,False,1.0,136.26067193203627;109.51529959674951;,58.99336102661978;106.59917036563242;
2,250,False,False,False,1.0,169.23431495873103;199.59309852583914;,52.956139538086155;192.29238388981764;
2,250,False,False,False,1.0,5.873972922433481;76.7849458102781;,152.1689331190933;140.81325050195977;
2,250,False,False,False,1.0,164.96295920633648;181.36322381875098;,148.24949396692375;269.98143631394606;
2,250,False,False,False,0.5,491.3752304056689;,39.566455838715015;
2,250,False,False,False,1.0,166.25691535159982;44.19779645895036;,221.68098352001743;48.00091170936128;
2,250,False,False,False,1.0,42.32799689970727;18.59870620842372;,191.72437088028863;31.36801498483886;
2,250,False,False,False,1.0,209.32484931275036;112.81706183931087;,299.31882625098405;79.99090920374218;
2,250,False,False,False,1.0,153.32419372370396;90.67646157450353;,147.81089595129038;171.36387544625447;
2,250,False,False,False,1.0,92.2758681941621;257.509316279723;,89.96277428841294;221.42320096920852;
2,250,False,False,False,1.0,220.47447816570258;180.7388104345097;,134.33020528543327;269.8315127132055;
2,250,False,False,False,1.0,178.25150703038855;129.7118728159277;,269.94679182736513;227.72802685348455;
2,250,False,False,False,1.0,134.5103969632198;57.65642187051936;,227.1682287162034;140.76230782392108;
2,250,False,False,False,0.5,146.0940705157287;,187.77653106566368;
2,250,False,False,False,1.0,218.9128703348652;25.173568536582742;,259.93449292654265;255.77974924679833;
2,250,False,False,False,1.0,235.50279877583995;144.82643861216292;,125.83691266665834;73.4195146722209;
2,250,False,False,False,1.0,188.84884362627375;109.2300829315481;,335.9529657118287;236.42431063458898;
2,250,False,False,False,1.0,89.64592115870028;139.76651776818355;,151.4994040640167;313.26393483714406;
2,250,False,False,False,1.0,74.29421632622345;210.55550047946565;,210.0024358198188;494.39678356358473;
2,250,False,False,False,1.0,128.28064586403866;318.3508276342673;,159.4251514622586;342.1614902947252;
2,250,False,False,False,1.0,239.57089358641426;345.5793575570889;,291.16864944791496;409.10942511833326;
2,250,False,False,False,1.0,20.160534819062004;152.9413607414514;,137.4029067605643;260.5846309338717;
2,250,False,False,False,1.0,94.92358117374481;179.95626534408262;,143.19991418604283;314.29653361199917;
2,250,False,False,False,1.0,9.37880098488728;150.56070326886004;,171.087414257398;330.31521161225265;
2,250,False,False,False,1.0,131.03515221112409;84.70367290577607;,39.54764026107907;140.64086385974673;
2,250,False,False,False,1.0,194.15017912770728;139.12368465118462;,268.3559853753941;247.86861487061952;
2,250,False,False,False,1.0,119.97472185843537;116.5415050807575;,95.57085753410831;95.80034885217717;
2,250,False,False,False,1.0,82.40033310580999;100.40194775306803;,124.6508960197621;40.69013614658254;
2,250,False,False,False,1.0,134.33184995593166;129.79644075860526;,128.95326740965984;217.2501395449569;
2,250,False,False,False,1.0,207.73488612923705;234.427278572677;,360.0430278881057;269.04261901531424;
2,250,False,False,False,1.0,350.69092994250457;112.80277204330729;,146.14544786147658;249.35790942554496;
2,250,False,False,False,1.0,142.67660232198813;77.04569554277019;,361.37321774309373;157.58975940986403;
2,250,False,False,False,1.0,357.6242873450172;142.2786801742256;,402.22244348244;222.92364611434783;
2,250,False,False,False,1.0,112.1419711287155;296.99906762228187;,482.56477775364726;347.8831233452628;
2,250,False,False,False,0.5,1187.9628517009082;,109.3202030831772;
2,250,False,False,False,1.0,74.69358842421363;113.07808300370068;,64.48491276556668;97.18520551868409;
2,250,False,False,False,1.0,173.22303384255258;91.05267106306896;,157.48336895750253;121.76406870728972;
2,250,False,False,False,1.0,197.88405355246059;78.73460994792562;,152.4997734547609;233.58452240602494;
2,250,False,False,False,1.0,70.2876408742059;192.14434479086924;,342.0980259726114;257.08279401817714;
2,250,False,False,False,1.0,359.5169338196116;117.4423306927093;,440.21636079986376;96.8551568936584;
2,250,False,False,False,1.0,48.45750484422336;210.33137181960802;,207.77860965532156;43.56056097959837;
2,250,False,False,False,1.0,119.62426801164976;107.86339245011466;,59.2362994456539;355.7313350950154;
2,250,False,False,False,1.0,79.2156155681738;82.21984055412925;,35.569952959896035;131.90468747842067;
2,250,False,False,False,1.0,169.96756832895545;119.89611483342365;,122.00837074110103;144.5142711628951;
2,250,False,False,False,1.0,78.7895259235932;73.64555468895314;,128.88483150838795;71.69619611151862;
2,250,False,False,False,1.0,73.20259082930436;187.00953405283107;,146.36825071112779;74.97074429160222;
2,250,False,False,False,1.0,118.74490343925075;30.66130340480151;,147.61922656168835;219.6615075385736;
2,250,False,False,False,1.0,81.73801673802289;375.8801127631999;,104.45506818399721;318.8600204677877;
2,250,False,False,False,1.0,122.01824082814848;125.21476621918885;,56.14476600150213;74.7241304752733;
3,250,False,False,False,1.0,89.03356608111565;49.91568092216258;107.74594461210187;,198.67410632093785;117.32044584038667;173.37539396352506;
3,250,False,False,False,1.0,324.07213640361647;149.37922995489905;148.91930361133964;,195.6243248426413;158.9791256502299;78.88626531857085;
3,250,False,False,False,0.6666666666666666,46.099007421632734;1076.202949168095;,96.59777551297586;348.31221050734655;
3,250,False,False,False,0.6666666666666666,375.35058257923197;172.86795177678113;,21.090669091335315;386.19425382772255;
3,250,False,False,False,1.0,103.70336286495657;195.38847720054332;233.72401143004242;,205.19831491585995;228.37588959330992;253.30414813480388;
3,250,False,False,False,0.6666666666666666,950.6868701776273;361.42793700027687;,84.54116438878162;41.50882274098599;
3,250,False,False,False,1.0,84.98054999290913;230.88361797030072;178.54947177066313;,119.64890960748133;250.463356453808;182.92927364027202;
3,250,False,False,False,0.3333333333333333,134.87021323611307;,206.64011425916232;
3,250,False,False,False,0.6666666666666666,264.50239928875027;283.63002455060973;,98.65059806566967;135.94208360777952;
3,250,False,False,False,0.6666666666666666,19.68310862596631;93.7681138818371;,78.86456894333905;89.76233539416546;
3,250,False,False,False,1.0,301.1565722533029;106.96109153061354;90.91743839352763;,190.72068064018555;36.84379872493652;142.3653447002781;
3,250,False,False,False,1.0,259.9428402102599;185.37900237729562;223.73821128045603;,299.01419545800456;88.32486779137852;309.6144610643476;
3,250,False,False,False,1.0,105.60835974813209;102.56440249585324;206.1655063752781;,212.99639447765105;147.4448837611023;142.6150695214255;
3,250,False,False,False,0.6666666666666666,235.515681374081;83.09804566132607;,227.62199888669974;100.82317107575106;
3,250,False,False,False,1.0,270.09997988913125;17.386400582172797;200.14082732548212;,448.94069810000656;182.30709154592876;205.23649619984738;
3,250,False,False,False,0.6666666666666666,761.9156591523425;32.53225090211714;,201.7694355180352;270.96686166953543;
3,250,False,False,False,1.0,278.4289924017864;96.61312519084427;257.55709405113373;,122.35814906054074;193.28456168628182;202.626260842325;
3,250,False,False,False,1.0,69.11222501890437;167.9694706962205;123.97516867869315;,98.20475041589029;248.03460251452003;109.67793417306034;
3,250,False,False,False,0.6666666666666666,176.170865366181;48.938191828185346;,398.7948762588439;125.73974913795949;
3,250,False,False,False,1.0,84.48262784783014;224.2340989956241;261.6748215526622;,70.47088499203198;217.71775624737538;138.40197851260555;
3,250,False,False,False,1.0,190.56895549776206;296.3192260997908;195.9923636027488;,189.66771185951978;165.73280580995026;371.7258617766966;
3,250,False,False,False,1.0,63.06058546843324;52.71221248719308;86.41601294710108;,117.22199860331234;80.79219373227697;131.91461734682233;
3,250,False,False,False,1.0,112.52996256170327;105.53159997979091;96.81014947121923;,338.8367650113122;27.48916324744709;87.76612656612386;
3,250,False,False,False,0.6666666666666666,1223.640001278708;56.572815649983056;,146.71141828191654;50.10782260077427;
3,250,False,False,False,0.6666666666666666,38.69055225323376;1202.5332226786072;,106.48644588625474;71.45285637387322;
3,250,False,False,False,0.6666666666666666,113.76155973400583;263.52213848642276;,122.4915023422414;99.90420686037768;
3,250,False,False,False,0.6666666666666666,140.8511841394178;89.9188723900537;,230.4520628749461;131.71379342609038;
3,250,False,False,False,1.0,107.96377559742487;133.78064858617594;205.40314077577196;,125.14421906478901;91.56697334082587;263.7613542259979;
3,250,False,False,False,1.0,114.82468083526453;100.45166356599854;243.07403355423986;,201.6944048343399;48.66774874501191;68.10886384767097;
3,250,False,False,False,1.0,107.55938506400369;307.2201062441751;84.04934148531373;,217.25179075070224;194.43093099769916;203.8945106615582;
3,250,False,False,False,0.6666666666666666,71.88386900587507;329.154490118338;,73.38104976571887;109.14279746036158;
3,250,False,False,False,1.0,58.37441378632329;67.9078391359012;354.50469871652035;,145.39669982923195;132.0703380989324;234.4441321372972;
3,250,False,False,False,1.0,305.9627762426755;66.66589359062219;167.08264266754202;,198.3519543583183;245.0892039880526;58.575840392501775;
3,250,False,False,False,1.0,303.573345960231;192.55878432127903;158.84890459712685;,437.18663099395667;92.22547878129718;238.97505107951733;
3,250,False,False,False,1.0,101.69078641393997;315.0359560295901;57.901882653351;,148.40303651267158;199.8795867823124;69.46645652151783;
3,250,False,False,False,0.6666666666666666,119.14564685526938;241.50901880949488;,157.00332363080153;100.60484000547594;
3,250,False,False,False,1.0,213.25641463516305;157.05968924195707;142.01208777734757;,225.51261983050006;192.88730822610037;17.161706746939835;
3,250,False,False,False,1.0,109.59521851438652;237.26343869862617;196.80716944323598;,191.61155581200885;67.90439044123463;228.8720362822627;
3,250,False,False,False,1.0,153.9450911521919;46.81712780561891;102.45938419703366;,139.22180479423187;326.5986801543508;212.45263505342604;
3,250,False,False,False,0.6666666666666666,47.042512935636026;117.52981554636183;,216.08806338176603;204.3027223722208;
3,250,False,False,False,1.0,183.56980536119602;68.11166674065916;195.83625156318038;,139.29892902941106;59.512069334500175;306.07185126047096;
3,250,False,False,False,1.0,45.20933273927443;103.58568834512222;267.28551637814;,114.68715211616026;24.07737127636789;76.26148932953025;
3,250,False,False,False,0.6666666666666666,813.3003670249352;140.98895164100156;,149.98140074859688;153.7259595631518;
3,250,False,False,False,1.0,275.53428700352083;228.5948690353817;138.6995552830203;,94.40363124611832;161.2904160143147;141.3851132751178;
3,250,False,False,False,0.6666666666666666,138.89772015779246;985.8009010197453;,444.4363374555596;87.38086805846396;
3,250,False,False,False,1.0,218.85107844962175;181.4425695415431;151.38918185382488;,246.51188566118847;240.375243943772;218.60719749131397;
3,250,False,False,False,0.6666666666666666,750.06942392504;83.17804821251084;,254.77797499014832;18.651641487339894;
3,250,False,False,False,1.0,45.79981860306069;231.50092480103038;181.04977220005588;,132.000665678819;180.33190408438588;127.08999844426984;
3,250,False,False,False,0.6666666666666666,159.82874522077364;167.79369117291202;,68.09149987358755;16.091893119121817;
3,250,False,False,False,1.0,129.04888240640767;178.21563224174082;85.62686189342169;,275.1963660271276;26.887552773801676;102.04600544372717;
3,250,False,False,False,0.6666666666666666,118.59511421900326;239.01539525511987;,31.683214465130924;301.0837004959217;
3,250,False,False,False,1.0,174.76388222771664;77.5029626195946;164.2532018649751;,26.4327513986365;209.03484938668822;173.8332735426533;
3,250,False,False,False,0.6666666666666666,36.28448750695863;419.8611598530061;,45.77465072237039;142.76066129407073;
3,250,False,False,False,1.0,46.75408913022035;94.38297830968321;62.93178003171001;,368.2667248100457;245.97660740686032;139.12599840312424;
3,250,False,False,False,1.0,232.82081262422568;134.58794509004463;208.22124259286036;,18.033571480227696;108.33565990392067;86.63697641519275;
3,250,False,False,False,1.0,88.99244163724258;319.7179946248901;254.10035554369864;,434.7767780315862;264.2697632408421;77.2614296365474;
3,250,False,False,False,1.0,81.08504867427263;378.4546124703906;39.15556463119185;,92.67285373085403;215.23064397291265;199.35167682650413;
3,250,False,False,False,1.0,165.70901188800698;233.06332601990636;343.2755132318027;,242.99257286090636;168.92090550368752;132.7996119719656;
3,250,False,False,False,1.0,240.66031305391587;204.0004304757315;72.73914877657963;,202.26742314092786;75.1256686587116;218.17384157011628;
3,250,False,False,False,0.6666666666666666,234.49589473488513;444.58747462309213;,244.46144586051875;72.37408914606996;
3,250,False,False,False,0.6666666666666666,107.77623200267499;165.36541722979806;,110.3307638127087;89.7873998215402;
3,250,False,False,False,1.0,75.11213274606874;71.61306805267989;110.2033239872881;,161.4011419758161;139.31050860660383;131.1763493706283;
3,250,False,False,False,0.6666666666666666,254.9886044136853;563.6570279279916;,266.95947138023973;98.75891630029824;
3,250,False,False,False,1.0,75.26658287796198;197.8400576865796;88.43547248279229;,172.77865349995594;273.0209099506039;65.93671464352452;
3,250,False,False,False,0.6666666666666666,47.46540329753103;919.2229744657819;,323.7908608949208;175.922990187628;
3,250,False,False,False,1.0,292.81306653547847;349.16952200468575;233.96619164798295;,387.13021104221593;20.4694529902349;184.92869514005494;
3,250,False,False,False,1.0,108.12108616773152;33.87615170286864;186.19618773226398;,170.53405388342765;82.74971510327734;211.43863498151208;
3,250,False,False,False,0.6666666666666666,154.64741510189205;310.7250909385445;,369.4019009254214;133.38911131968047;
3,250,False,False,False,0.6666666666666666,290.29655190167324;708.5588888925913;,275.61021938991814;269.57886563784933;
3,250,False,False,False,1.0,77.67510305316488;67.77611150158747;65.3862783678741;,72.19116175525973;145.15195289111108;203.554275753983;
3,250,False,False,False,0.6666666666666666,1134.186065249971;69.66803177658245;,88.76805846191664;37.34103184798362;
3,250,False,False,False,1.0,63.86433614249809;150.04534014756587;398.16751165331254;,188.1098862481971;142.8617073864466;249.44026020354437;
3,250,False,False,False,1.0,55.02506250588146;113.43153392477215;249.53425498865548;,93.31828005873965;300.24077406292474;397.2733638535714;
3,250,False,False,False,0.6666666666666666,246.37602199387655;1445.2167074767133;,281.8882563760621;153.81295467780453;
3,250,False,False,False,1.0,119.93278283595174;170.13416713273725;118.01956051837296;,187.99597815334866;101.60286666001986;82.76839475622779;
3,250,False,False,False,0.6666666666666666,1361.2324352997468;173.39309032998014;,81.01150620964235;217.5906029549048;
3,250,False,False,False,0.6666666666666666,239.2362241958633;1478.756329463634;,159.73255673297405;130.02439326373133;
3,250,False,False,False,0.6666666666666666,116.83548413554787;52.270330276526394;,183.32608766116664;23.012573886385635;
3,250,False,False,False,1.0,159.93704952387776;237.00333435840886;219.2816636469785;,202.71536424268322;222.51478737908536;139.85583948929437;
3,250,False,False,False,1.0,110.67734415281134;152.52259284726478;60.39456537915176;,132.62075397830094;401.2521354822727;106.25985876562379;
3,250,False,False,False,0.6666666666666666,127.45545328467313;2571.6699761628115;,175.774394750242;237.2818476086846;
3,250,False,False,False,0.6666666666666666,189.28637588389248;56.603643412651664;,165.1928466632123;374.1268062027183;
3,250,False,False,False,0.6666666666666666,239.79813269638973;101.7548733764855;,130.5661416000246;144.96217607724793;
3,250,False,False,False,1.0,174.6503898727414;38.55057156080057;141.40165793433295;,67.8441655954303;209.504551703438;133.72152896905874;
3,250,False,False,False,0.6666666666666666,83.29404785003435;192.98897627098188;,69.95612667207743;151.26674994914882;
3,250,False,False,False,1.0,131.80067419378065;146.38753026644497;66.43671941191091;,140.7288891489631;369.0094089580501;117.94089639348185;
3,250,False,False,False,0.6666666666666666,228.5307338775069;123.80183769726253;,66.48352924003858;132.08256313622528;
3,250,False,False,False,0.6666666666666666,295.7541681258163;183.60803138698552;,283.11633613361784;150.51696168796127;
3,250,False,False,False,1.0,336.2837160720753;123.66000402861003;228.1953212336055;,306.4435103932169;229.06580183696855;18.162148025176023;
3,250,False,False,False,1.0,149.9336546631693;640.0908696129484;334.34018756759536;,225.16113774128172;118.38099749954473;127.87267193348491;
3,250,False,False,False,1.0,137.28629509460836;51.57838963785644;250.2920207443481;,278.4711856824984;156.23913563624222;293.10878668725735;
3,250,False,False,False,0.6666666666666666,33.277119017662564;1272.4163946535564;,211.0288117830735;210.1948741361978;
3,250,False,False,False,0.6666666666666666,612.2392521405401;42.99781027557361;,185.13355372360758;82.93337792720877;
3,250,False,False,False,1.0,136.44408008136392;65.29394623284232;198.60716745040503;,236.74155407040493;50.890706790849094;174.89977043778063;
3,250,False,False,False,0.6666666666666666,159.71349531814136;90.80197071974884;,193.34810684926285;249.92052325787657;
3,250,False,False,False,0.6666666666666666,277.3976097554098;369.4775704407513;,310.169942013658;21.09976352061524;
3,250,False,False,False,0.6666666666666666,124.7793789457199;1350.2249446202932;,190.75158415381821;170.10782259774479;
3,250,False,False,False,1.0,294.4732575766515;92.90838801033787;93.76658001652889;,219.904836814785;175.3777304060549;212.88199476561388;
3,250,False,False,False,0.6666666666666666,655.322535879495;238.35223320500276;,215.31198609316968;170.43891356054434;
3,250,False,False,False,1.0,143.8556122142304;107.98788696362894;102.25971066668241;,272.0989024916414;34.1301150755496;107.27120893247533;
3,250,False,False,False,0.6666666666666666,122.74966013272065;3417.622209059925;,174.02797961188475;129.61744213983692;
3,250,False,False,False,0.6666666666666666,362.0879371898738;158.1111592362064;,171.45745569998738;124.9418136430818;
3,250,False,False,False,0.6666666666666666,328.46593016881803;257.9859514367574;,201.88576489388004;228.98466394928127;
3,250,False,False,False,1.0,279.57200396824;234.64458489176627;136.71394660109434;,285.28796559773593;192.63611494390778;92.48907861927462;
3,250,False,False,False,1.0,190.29490567365232;86.88052888260148;87.78460003904996;,284.0648319390695;129.23701671452613;231.01603434029937;
3,250,False,False,False,0.6666666666666666,699.4992782487137;203.2924067678487;,189.31255600234792;230.35498583944334;
3,250,False,False,False,1.0,248.91571396641757;150.60285109474927;122.1658709734391;,332.8430569322879;176.5409654220604;116.03789727090732;
3,250,False,False,False,0.6666666666666666,124.99076136193645;250.87886829597304;,295.09675781841037;212.42785409592682;
3,250,False,False,False,1.0,87.90947084786707;138.70722891976004;32.86164452866525;,60.03707691257041;100.52028857899505;37.11211342014033;
3,250,False,False,False,0.6666666666666666,221.17436359350302;345.0577652483514;,106.5614836090868;196.95269980409742;
3,250,False,False,False,0.3333333333333333,905.1755718842188;,282.3680605540477;
3,250,False,False,False,1.0,210.47729238309552;206.7648309406038;291.789087215061;,234.7294743218875;194.9637007357494;135.99735068351546;
3,250,False,False,False,0.6666666666666666,1219.3618715935927;61.12261999919636;,97.33519911347706;66.32533248742361;
3,250,False,False,False,0.6666666666666666,44.71118452618921;2750.18898428762;,208.85488524850183;248.2662112481675;
3,250,False,False,False,1.0,271.2466853502101;171.70509832172473;106.38561993634377;,195.81605057711042;70.961061771366;164.91705413026142;
3,250,False,False,False,1.0,85.94676312947709;86.62125267191813;257.04096923100786;,137.34035553632805;162.6463471608743;221.7542715493432;
3,250,False,False,False,1.0,306.22810885486746;105.76036047423645;312.63764960328325;,64.83036952830352;325.13331295730706;269.94572240777495;
3,250,False,False,False,0.6666666666666666,19.920809677331256;388.8331482126944;,90.53218837354038;149.1573741053672;
3,250,False,False,False,0.6666666666666666,255.76540924017343;148.7742158855549;,307.30284621550754;306.385454064351;
3,250,False,False,False,0.6666666666666666,56.233402925615295;383.45656225127044;,115.69952780340849;233.57032804232145;
3,250,False,False,False,0.6666666666666666,136.7913559044622;901.5957032522779;,61.35488506917999;59.80739914905591;
3,250,False,False,False,0.6666666666666666,735.888437170538;157.2581975909998;,38.74100123795223;87.59947985594395;
3,250,False,False,False,1.0,48.72411265361686;266.37238086522217;322.7080715818356;,374.29460289398446;260.9512690285756;127.7471454577571;
3,250,False,False,False,1.0,146.04993360894633;82.38469479062253;97.8099807520306;,96.31487324441277;269.50893479080986;102.5600147313484;
3,250,False,False,False,0.6666666666666666,60.20490945226517;840.8173582596839;,140.86791537404045;167.32865308700644;
3,250,False,False,False,0.6666666666666666,113.3144180897616;219.06970588710317;,250.2097341695585;355.7367503452271;
3,250,False,False,False,1.0,87.85574495452722;242.7200386061624;44.026376096880625;,295.61314645270727;263.60278965932116;157.15009475374114;
3,250,False,False,False,0.6666666666666666,132.31331441905775;1289.2546871657519;,371.22738115312876;11.866593435472195;
3,250,False,False,False,0.6666666666666666,516.2984604695763;92.33595702700701;,55.376638043040586;99.79943388195865;
3,250,False,False,False,0.6666666666666666,287.0824664686226;597.4985290782166;,300.8767670843865;156.69483886032867;
3,250,False,False,False,0.6666666666666666,110.68320546247739;213.40254071681332;,60.542500890303934;245.375923382615;
3,250,False,False,False,0.6666666666666666,136.39252684306837;196.22059570571454;,188.61998471858246;118.48540190775729;
3,250,False,False,False,1.0,196.35519510663298;304.38339524702195;148.68285429703516;,196.97768875688487;199.0067228204156;81.3810770585073;
3,250,False,False,False,0.6666666666666666,44.96922643811092;82.74955436746502;,228.40176836935544;223.3103574066405;
3,250,False,False,False,0.6666666666666666,632.1363024350451;533.336463003223;,15.25184527089488;109.49711378066473;
3,250,False,False,False,1.0,38.36216364309376;95.33391846895144;57.72427832447111;,106.00920302563716;273.6397475339633;114.35691459754723;
3,250,False,False,False,1.0,14.237315530717112;247.0418892135648;149.81795442903805;,41.38703621419905;120.3288212490905;145.812232111607;
3,250,False,False,False,1.0,200.9185817689469;83.523656244859;191.11746684359642;,119.1261483750487;205.89258866008547;49.77963833357896;
3,250,False,False,False,1.0,178.09803965274506;398.9743828985605;190.590817283746;,136.81724069265675;406.50676309658763;167.40578488349678;
3,250,False,False,False,0.6666666666666666,169.19654882255702;1717.3420729080967;,293.5477128249376;96.56151329859755;
3,250,False,False,False,0.6666666666666666,1778.9734470068881;191.15999627238335;,332.024781947492;182.50114779966015;
3,250,False,False,False,1.0,121.28765013338337;44.26542410266318;407.0136882955256;,198.90065853241165;263.8993901560427;291.0609818918222;
3,250,False,False,False,0.3333333333333333,93.86694691705817;,59.922598372474404;
3,250,False,False,False,0.6666666666666666,48.989642521811575;438.90454364862586;,167.10955651401207;413.4079458309302;
3,250,False,False,False,0.6666666666666666,42.190225819032136;914.9105458397606;,221.18590865033346;122.23790364266323;
3,250,False,False,False,1.0,148.1763794463211;109.25053758188623;169.41916717625637;,231.53160129134253;195.35236939638315;109.48232058188603;
3,250,False,False,False,1.0,315.9342070812826;493.74339781599986;200.44006622834266;,223.9312321967469;191.66310536613096;233.4301282821673;
3,250,False,False,False,1.0,124.52749086275362;158.21720643344202;104.14109344708282;,274.9292865046297;192.0242524540053;88.80613452283828;
3,250,False,False,False,1.0,146.20710896740775;155.57943163431563;242.40634159908663;,312.73426048622883;144.7987310128042;45.68721880726986;
3,250,False,False,False,0.6666666666666666,204.12055485417588;43.23915366765999;,132.6816632979064;283.3157336076617;
4,250,False,False,False,0.75,183.38326783250426;1297.401329146582;117.38705553430948;,156.9687169594012;88.97027213569935;231.77045799462925;
4,250,False,False,False,0.75,112.85434664883077;679.6844754902263;139.31090176814007;,183.05581090376603;38.71850438335774;360.0784988660294;
4,250,False,False,False,0.5,575.8670803728083;118.3827242120304;,227.94704276965425;101.34464378843717;
4,250,False,False,False,0.5,483.1649044592917;191.19124808687297;,81.11290006132798;179.445318823836;
4,250,False,False,False,0.75,159.6544837500706;112.73780544389565;271.3190931909457;,137.8022765428098;329.47800238025167;427.59198742369966;
4,250,False,False,False,0.5,609.455757295843;145.74631406850085;,143.20240955027418;117.45334013271831;
4,250,False,False,False,0.5,632.5438781521051;481.3085425163669;,122.14248031644169;57.25243606454375;
4,250,False,False,False,0.5,206.52405163515226;940.4327777104062;,55.244707072396565;53.7010482652422;
4,250,False,False,False,0.5,99.18113731545625;194.71738839417606;,69.09366020725997;37.99576599073676;
4,250,False,False,False,0.5,222.27759076115456;638.1359094750499;,283.33417135156583;367.11216223930734;
4,250,False,False,False,0.75,84.46602364366785;699.7960031823919;109.18778154364198;,101.8560824991997;226.88902311010906;74.39283121830671;
4,250,False,False,False,0.5,1234.1553783323104;341.76806849983194;,142.36777089631636;166.70518824457068;
4,250,False,False,False,0.5,100.6749997034841;322.54627181668445;,93.04493568234584;211.07586992117703;
4,250,False,False,False,0.75,65.99887008658429;335.44110727547394;1155.106894969399;,111.75489470628412;178.3396096317542;175.0199952670532;
4,250,False,False,False,0.75,25.575447491432318;2032.7186227344555;58.21095908402332;,177.69024768155526;365.14895205936665;147.29553006747912;
4,250,False,False,False,0.75,1013.3949880636001;8062.446288018343;401.2156011038127;,268.99890659149816;97.83183918847071;165.13562663451486;
4,250,False,False,False,0.75,158.3326830135491;831.0761048952576;128.89968727576363;,145.40480869116624;143.3670874209485;212.7717853270612;
4,250,False,False,False,0.75,45.49617975802805;230.6956226725165;139.19462873763223;,298.51950612417755;179.08265505978605;286.33573870385743;
4,250,False,False,False,0.5,179.24158531317528;123.03753753765434;,133.00333856377915;38.10402125257846;
4,250,False,False,False,0.5,128.20511624971732;439.3229724323828;,292.10936945966364;135.29605323765577;
4,250,False,False,False,0.75,242.35925426731794;460.455811392014;710.9382119497335;,103.45101896087837;38.891086070160846;237.51107589294637;
4,250,False,False,False,0.75,56.1084212430235;1097.1619235454139;224.7051840862151;,271.39774124252864;189.45830997911463;406.3476191432264;
4,250,False,False,False,0.5,187.34139019354842;161.39386548597773;,206.848278174484;74.69114390718039;
4,250,False,False,False,0.75,77.53912046593007;524.3290127786827;126.0154346979515;,145.32995370862258;185.1007857526378;75.73478865617362;
4,250,False,False,False,0.5,279.79548310011086;1319.9139496696118;,91.72420603218772;102.64435581888081;
4,250,False,False,False,0.5,679.7839200139675;318.9456802750909;,72.40309507410173;176.92404376083772;
4,250,False,False,False,1.0,185.947961840706;11.912270993283197;44.347547549575275;432.64787644921097;,449.3669732783719;137.74102206154913;184.0487155131312;128.3544306745676;
4,250,False,False,False,1.0,45.31421653074164;140.3105540578023;125.27191760488196;197.6612600450531;,122.80254727921735;188.8732300118933;189.64956683133974;213.51113647570799;
4,250,False,False,False,0.5,1888.3822073023164;545.8707346037725;,217.60834650150218;158.22381045268853;
4,250,False,False,False,0.75,258.4384856285869;76.52070289014692;304.44477188863306;,393.4429865534401;277.22738995530807;108.34436932472079;
4,250,False,False,False,0.5,297.64924861193776;356.9587657191785;,134.26925406484222;247.7045946946599;
4,250,False,False,False,0.75,187.6300106762144;640.3213596932679;238.89055429952484;,94.64980848144171;336.60386898760066;65.37047432165828;
4,250,False,False,False,0.5,459.00442694390307;150.27128055487617;,218.31760138914208;258.21680175709537;
4,250,False,False,False,0.75,88.98222717963958;874.8909317500897;220.2903658410137;,100.90556875583549;239.45335296490765;80.35554857246903;
4,250,False,False,False,0.75,130.6416137091326;2054.9301447159764;275.003674152336;,275.0955162737104;157.90247403350392;152.46774300359024;
4,250,False,False,False,0.5,17.580036183031016;949.6783240523934;,229.13656985094926;135.58576542689818;
4,250,False,False,False,0.5,23.75552913385783;146.65359497616538;,44.397179740503134;213.2631581762613;
4,250,False,False,False,0.5,1274.3240424687588;283.9180151707835;,319.74689755690986;92.81003608194419;
4,250,False,False,False,0.75,92.39405035635205;65.29889438270175;1173.7024635251219;,78.00601467886715;266.9178975987232;235.79185213544847;
4,250,False,False,False,0.75,163.4487646793484;117.2370605050507;637.8072778087311;,189.250167617977;179.77490558451467;276.8375506774388;
4,250,False,False,False,0.5,764.4460081756866;46.8675257246162;,60.675530427064366;144.32890091116715;
4,250,False,False,False,0.5,252.19058729045503;729.3998721222534;,37.66811446356679;203.49613589330232;
4,250,False,False,False,0.75,28.39915046920097;294.2592354274644;679.9715406087245;,150.6340435456726;218.15525089268215;149.4868969590368;
4,250,False,False,False,0.75,244.8382270898409;131.58016133849432;156.23976832000312;,164.50124385949314;199.321654244813;250.51109575905772;
4,250,False,False,False,0.75,132.2481593409149;259.8880219788524;93.89493722740136;,373.9669978614579;75.90063934126958;177.50260822514642;
4,250,False,False,False,0.75,190.8313863003709;114.06272577209062;127.8580413822637;,219.5851072180975;41.46759581102233;297.40436767301696;
4,250,False,False,False,1.0,252.41623010573977;298.57849525733553;173.1470590712192;187.27349002261784;,231.10187921264645;178.565820933925;158.4830995227055;138.0468198157017;
4,250,False,False,False,0.75,168.45426829397618;171.30720820932063;1225.9831629565406;,284.6105792021222;276.73897578860567;220.8522220223983;
4,250,False,False,False,0.75,2811.7324016569755;154.69071744598406;109.6520372942562;,381.39299505574917;363.6162914691526;230.5527976756169;
4,250,False,False,False,0.5,80.00033423276331;357.34174539835107;,215.4148383972615;295.93781619133097;
4,250,False,False,False,0.5,952.4375156401858;296.25007068221134;,144.17042185556096;155.71553632238476;
4,250,False,False,False,0.75,86.01356581174835;165.16498104570297;526.1981373788393;,67.10212681501312;460.5317031853324;118.1854696664444;
4,250,False,False,False,0.75,664.0477336720028;209.809703558923;87.58767576469398;,168.02621598435732;311.9482887644927;91.45257621350001;
4,250,False,False,False,0.75,214.72743499081315;248.02922852943604;185.29073654523003;,467.4081677356023;56.564871391083386;201.18815049345298;
4,250,False,False,False,0.75,199.8222841028633;623.2782873724603;81.118390647601;,108.10865945951934;67.913009125937;86.89449315795646;
4,250,False,False,False,0.75,25.923594058087208;86.76563559301609;4046.6464416839312;,169.9061321219566;132.7611762133404;272.65038026791404;
4,250,False,False,False,0.75,127.16498269765111;388.28061911536923;120.0062335523847;,277.29855527112153;277.91933081290114;168.9432778610944;
4,250,False,False,False,0.75,137.13764335875103;197.1769382759448;112.07876057012318;,212.05217426963313;276.33703805619587;295.52318800636;
4,250,False,False,False,0.5,737.5617240923624;1194.757521187423;,232.26921990778968;168.5585119614105;
4,250,False,False,False,0.75,203.69155445064487;414.3507031580138;241.7515357342051;,333.88894034913085;322.4641539613434;51.29447076144665;
4,250,False,False,False,0.75,145.71849015398055;99.28219959931882;185.92538097157313;,145.9446340878336;141.10621327265753;128.31985106727544;
4,250,False,False,False,0.5,142.685758158512;372.53721545424287;,105.57829804347658;88.4928202427729;
4,250,False,False,False,0.5,887.0795737897205;242.34857438482223;,197.7111859555131;262.71271475301785;
4,250,False,False,False,0.75,169.2128243393233;5021.900063117262;203.8983655175649;,152.84321498987492;136.59635212475013;255.9065729334908;
4,250,False,False,False,0.5,329.7600591085121;2068.6811134600453;,262.073159527244;160.80734630075509;
4,250,False,False,False,0.75,495.9796846078845;73.82912618624097;2212.7562146871387;,131.13447726379553;43.22724940105374;33.989342522157166;
4,250,False,False,False,0.75,283.0630842734929;572.6362321605498;293.473771979176;,440.7051810306688;197.72236373900182;135.68654289967242;
4,250,False,False,False,0.5,6751.3185407339715;140.1282532623966;,53.47820399843039;175.4085447792037;
4,250,False,False,False,0.5,532.0530069380513;1696.351988472513;,264.1714115541431;50.6793273976227;
4,250,False,False,False,0.5,263.4312617777564;67.85476606183576;,260.15683690648046;73.7931074280343;
4,250,False,False,False,0.75,68.78533928754607;178.57062031467856;2483.218322051456;,248.1517000479933;110.08502649797798;53.27591287823829;
4,250,False,False,False,0.5,6939.894069018945;575.1453593599164;,282.15603337374455;232.79079511226206;
4,250,False,False,False,0.75,126.49476512617682;233.85231867760785;120.74812029729314;,105.09898754265919;160.75470146069134;107.71035780380112;
4,250,False,False,False,0.5,563.1823506703322;186.30980193709388;,95.91141570565568;145.55441157433245;
4,250,False,False,False,0.5,367.06164212630546;2256.2781782691754;,189.55177631457693;290.5648364353529;
4,250,False,False,False,0.75,142.5552193764787;233.64579349141098;363.37931120752523;,214.06130649976086;141.28831573465862;102.21840822812142;
4,250,False,False,False,0.5,541.2697497103932;76.23530154057802;,250.30084984172402;93.58175854338936;
4,250,False,False,False,0.75,110.7652098234454;539.657664900694;29.737087723501446;,383.9504402851537;107.80596228485032;255.36586040119178;
4,250,False,False,False,0.5,450.20573896628497;171.46458748363258;,338.4392563291428;57.319688032091484;
4,250,False,False,False,0.5,187.80506363591974;363.41783293605044;,130.77073802728464;97.49831438326899;
4,250,False,False,False,0.75,191.73670358511518;133.60099800366734;182.27804448215372;,169.33957743763483;100.84858997561636;167.79533577627643;
4,250,False,False,False,0.75,74.23277747403007;1316.6885844942306;86.65078427187807;,65.32064339815801;104.94889359060203;42.19703529873852;
4,250,False,False,False,0.75,24.02418046892942;20.353073999421976;1571.0355828083675;,132.4444092412403;176.89826670459718;14.826613547307888;
4,250,False,False,False,0.5,136.64890453381415;1116.55078719106;,236.99720338908264;62.503707208136184;
4,250,False,False,False,0.75,167.93160343918404;198.05877447552297;212.8052485847709;,220.1496943615484;158.4141433660395;278.0640467332369;
4,250,False,False,False,0.75,66.08247324447542;285.39918049910625;87.03116323601614;,18.299064523774994;216.56887220916548;159.8280406853433;
4,250,False,False,False,1.0,203.86014631181143;112.28864988605122;123.26204476450144;143.10834384831338;,212.60813004198715;224.95736474886183;151.55292446638117;188.07260017191447;
4,250,False,False,False,0.5,115.28676628956327;1049.895550661788;,77.96199893009313;226.6369985940915;
4,250,False,False,False,0.5,1219.308215817272;154.31010193314114;,197.29394958174606;167.60470686077045;
4,250,False,False,False,0.75,142.54263435976506;2026.1294208877;19.586623703240523;,137.02516795498343;201.24641348031602;130.17344641972588;
4,250,False,False,False,0.75,88.49678416009395;113.80952474203764;293.4375227626373;,222.56031015346966;96.2040796468543;175.59237364553437;
4,250,False,False,False,0.5,637.01306101194;179.41837737545;,41.0386119651256;127.4832711666295;
4,250,False,False,False,0.75,165.56401141339745;1006.7581751776712;33.524641300163175;,38.22664659372023;82.14407731485773;75.7950324462992;
4,250,False,False,False,0.75,175.53078758973027;485.7890727730195;88.1885673982844;,54.013320703206354;124.8057750016067;217.9427518688381;
4,250,False,False,False,0.75,74.81527419806106;380.506387298548;73.36532271651308;,97.83329753844986;209.0245437465823;52.86303517629245;
4,250,False,False,False,0.75,464.4385033119688;519.7294039391146;42.56622180758004;,211.61082611714573;70.7692228555892;146.01230330268027;
4,250,False,False,False,0.5,334.14396994759625;216.6587390203573;,272.6019273889447;250.53736072250294;
4,250,False,False,False,0.5,355.5551113873259;114.12546818308705;,47.348755938698524;62.310973491608394;
4,250,False,False,False,0.75,413.641831320749;1114.7625736266143;78.76501151816362;,213.055530592476;210.7817592936667;209.10039485565176;
4,250,False,False,False,0.75,47.12259657983412;31.85756538514491;5223.25560279009;,29.919607802380558;109.82890349927227;201.5118180857443;
4,250,False,False,False,0.5,772.7776640923358;679.5612994450845;,161.64642714251022;132.89755608271886;
4,250,False,False,False,0.75,49.18526070488906;1613.2533175021172;101.05668868363533;,156.90146197957645;154.19091829402396;97.81987876604389;
4,250,False,False,False,0.75,187.6022943750457;298.25710170745356;697.191458948607;,115.5363543760523;358.98603492662147;346.53037479182166;
4,250,False,False,False,0.75,158.61947899639668;83.18391800553509;155.6152595366734;,136.04192246616637;333.5956574444974;131.48381544156834;
4,250,False,False,False,0.5,100.91052761638068;1863.3213866556973;,186.37470881589277;225.79317961185333;
4,250,False,False,False,0.5,172.90254856393992;189.00273750963342;,270.3794365679718;299.44891712068096;
4,250,False,False,False,0.5,258.5702263181445;485.9976646653858;,120.01658862595717;166.29542326451406;
4,250,False,False,False,0.75,290.347584422107;209.12960083936048;1325.8554858494554;,124.7602274750345;215.2388387479738;27.400130861690506;
4,250,False,False,False,0.5,130.48742928979954;2349.9984698710323;,168.95083566859216;372.66342727097646;
4,250,False,False,False,0.5,143.13216176198867;867.329081785687;,165.06419944852365;158.75089480564964;
4,250,False,False,False,0.75,1892.5064876805054;52.98238194710363;268.41619634629717;,168.12416339440907;109.57394759917469;372.34230241839833;
4,250,False,False,False,0.75,1231.4033751416955;173.42093909565233;251.04364925397485;,359.96685532673723;139.72778691217758;198.43062618598955;
4,250,False,False,False,0.5,167.1254679884562;82.9724948960741;,44.50605915951534;146.11440308878474;
4,250,False,False,False,0.5,1339.0609682156053;439.0343469805839;,400.1428955398255;50.648712120223095;
4,250,False,False,False,0.75,383.363437024075;396.33878646349325;232.21684914852608;,275.7746673181431;241.12063763757942;421.13529269003016;
4,250,False,False,False,0.75,140.1074998556031;184.64680739990393;259.95924814739976;,304.1007288039152;310.5995517240311;294.72071442564845;
4,250,False,False,False,0.75,95.08380357171373;90.43127548207234;588.2493299724356;,190.20016433306182;206.55609287532315;190.08052833353568;
4,250,False,False,False,0.5,453.6454880048351;2284.221914373911;,203.41158037248962;496.536806010219;
4,250,False,False,False,0.75,75.24419138669212;214.09917352185477;1014.5044650591419;,181.80456557290765;242.17468268238744;136.8582291351974;
4,250,False,False,False,0.75,62.58842973898853;235.01994269640346;47.78209369470124;,159.20103543704386;305.07968078316736;243.39629274778127;
4,250,False,False,False,0.75,274.8431150945922;138.74144617433345;1049.9075466600884;,115.5670708849731;118.28310545206718;237.9536301824237;
4,250,False,False,False,0.75,87.89958598721306;140.40027604133005;1332.6968543341914;,302.15895400466223;184.90612787331415;102.16351793876255;
4,250,False,False,False,0.75,2892.601777421723;582.6603313379393;182.45176363693827;,196.92753993300192;264.89843760968233;117.37882378506268;
4,250,False,False,False,0.5,1871.3557944291435;261.3470023039504;,171.87404324631078;60.470140024039964;
4,250,False,False,False,0.75,210.15257010829202;233.68392511346318;386.407897004951;,320.1574185127374;150.90985032042713;174.829078219295;
4,250,False,False,False,0.75,87.37819859594687;2148.754021761621;202.00150569474968;,101.47961272985306;334.5898316140375;118.98167022089511;
4,250,False,False,False,0.5,157.02730133558572;1102.8722781479462;,83.22545340641655;297.8942462075273;
4,250,False,False,False,0.5,275.67383153258646;909.854449228147;,165.373968261606;124.89932783859797;
4,250,False,False,False,0.75,189.71622386084218;168.61969918585856;724.4225098998122;,199.08186832910732;166.06929879484667;240.65671273544098;
4,250,False,False,False,0.75,468.29944333455774;113.88884590523193;252.56747915265814;,380.29110892913155;176.52048126007355;241.67245990422788;
4,250,False,False,False,0.75,106.42591493150888;453.86832805180165;120.77075563143772;,81.73761322166817;61.588966464419535;103.29549113089136;
4,250,False,False,False,0.75,2540.5184648286845;215.4562767347354;160.98105925248151;,288.0488297762717;99.48577620112212;347.9492120127875;
4,250,False,False,False,0.75,122.8069779212945;422.7491049213065;243.95877040057627;,47.94261106857452;168.76085072390347;59.88127316135285;
4,250,False,False,False,0.75,108.31225272198866;433.03578707856485;190.8898878946695;,152.34927826664963;88.14838516189117;278.09303598913027;
4,250,False,False,False,0.75,204.663970211245;390.8696216906865;199.0477981359843;,152.6297114366168;97.9540768265217;199.37130519450488;
4,250,False,False,False,0.5,127.61829438283003;1080.4850706186414;,118.22402570284292;79.7575665112773;
4,250,False,False,False,0.75,189.66805516885748;17.29653335400309;431.3706019147489;,221.00850226797616;258.05867846378135;381.3731600405556;
4,250,False,False,False,0.5,621.3983841532255;489.471577232796;,55.87791737679684;260.77080868955204;
4,250,False,False,False,0.5,2052.0144052180494;82.25197335587357;,195.91895922062446;95.85337719815564;
4,250,False,False,False,0.75,229.52753040149406;188.3143926773119;283.4497661796072;,223.04887463562477;108.96640499066615;341.9442521483552;
4,250,False,False,False,0.5,401.52142975483343;27.339007107835048;,130.14302247993191;30.61594775315237;
4,250,False,False,False,0.5,310.3734858097149;272.22802160579903;,110.21471868696635;268.68475417913294;
4,250,False,False,False,0.75,530.9080761284841;750.493760545355;62.45201961493577;,353.3839667170451;217.41647777415062;88.91657465763775;
4,250,False,False,False,0.75,187.42767206177783;220.37466794217835;250.7738130727185;,340.70105325155737;123.40440709557905;200.39655907160807;
4,250,False,False,False,0.5,1189.1834764661794;569.1227372890398;,165.4142101182267;166.26443029858092;
4,250,False,False,False,1.0,208.42914888814394;142.15517746555375;303.287802413454;32.590893340562495;,60.04848416924051;201.44855103486228;269.3969170341251;118.9441160997821;
4,250,False,False,False,0.5,194.08035730846916;275.80715540440644;,271.82381410189146;206.17013102741114;
4,250,False,False,False,0.75,241.71276981085614;198.3403955316152;140.5224896685501;,54.19356072738178;109.78843438544638;40.608208014024264;
4,250,False,False,False,0.5,113.02622458108512;645.3016285112922;,342.4276848445795;268.9173419664054;
4,250,False,False,False,0.75,224.65858628467797;334.3886122882602;143.3126308876562;,113.39002207739753;372.62052168306985;420.28560478267684;
5,250,False,False,False,0.6,212.835764403287;1775.7770796014995;252.44569088877597;,248.0191368582193;116.73136566459233;238.0155159179675;
5,250,False,False,False,0.6,544.1279324145345;2964.2862411142396;89.80431406299725;,163.804115691684;47.310061291209806;146.41947081666984;
5,250,False,False,False,0.8,359.4175101686646;135.96228691190012;660.1907727996168;2614.4758155315094;,131.94360518840082;76.03735094559212;163.65330766330257;181.70919006743887;
5,250,False,False,False,0.6,491.343073955802;593.7843915355077;210.90467843657376;,128.21569015472588;63.88311142565732;348.1896290188743;
5,250,False,False,False,0.6,23.36195331587737;423.70959324477565;126.51365430236362;,46.070862892078836;31.194017895069898;221.24534920388837;
5,250,False,False,False,0.8,334.74602068614286;57.32346928511326;1657.140576070138;1016.1327067181932;,350.26373287398224;135.69582506196537;209.78611836347378;56.98455747107604;
5,250,False,False,False,0.4,185.54800534650462;143.13659722625124;,164.0213466761351;304.13513638843847;
5,250,False,False,False,0.4,904.9607593749599;953.6736070707083;,171.05160281603153;106.07591463659807;
5,250,False,False,False,0.6,553.5195084607485;382.2610868297818;209.02782514942015;,155.09920279738884;86.71526993173961;162.3179056845159;
5,250,False,False,False,0.6,527.4084315761282;442.9908106906836;1569.5550739040955;,267.50932063886665;121.72302613080562;277.1595571595356;
5,250,False,False,False,0.4,14.620497139236393;1396.2345060334867;,63.090222888616125;215.79330326650117;
5,250,False,False,False,0.4,310.07725445962427;336.067718606151;,127.2755107012734;243.3827612081562;
5,250,False,False,False,0.4,101.5190249877283;242.16731342889477;,254.0076625746882;229.69020442964975;
5,250,False,False,False,0.6,66.07786369634995;213.57138567322733;529.2270727667816;,164.67766085350564;120.10879623197296;126.2705803059711;
5,250,False,False,False,0.8,31.133236892966124;63.87670474310682;297.70253090964445;739.9086695575679;,265.11384873822794;330.58091058017135;211.4212679725269;470.6443662686747;
5,250,False,False,False,0.4,176.92031548598345;2885.9768046639474;,54.33495773211763;179.6341185916857;
5,250,False,False,False,0.4,1183.7359915437837;1175.688623442745;,85.20037225633942;47.756432460247055;
5,250,False,False,False,0.6,577.5039526549377;571.6344240459963;489.1477624978063;,350.9952729495326;205.54459891062416;110.95478803951629;
5,250,False,False,False,0.6,437.4381360002802;395.13425175101185;282.61323363917114;,217.74206471079665;210.30618366921414;86.71734682292937;
5,250,False,False,False,0.6,187.90740939038;1497.931635607447;3058.6180434466387;,22.33215500089132;91.62805042734504;135.2944432269756;
5,250,False,False,False,0.6,381.653277338506;102.75385067476601;855.4413013127973;,244.55717886344488;144.31394564347943;291.00883342721056;
5,250,False,False,False,0.8,51.81692656295387;183.35177349575815;1438.0197918500257;360.76379684584987;,176.3784798242012;128.84906921631665;181.58023362077114;57.45790602668873;
5,250,False,False,False,0.6,854.784024596198;184.97457643663927;45.69397439028497;,101.4632806879188;57.47863441115396;39.141303682323084;
5,250,False,False,False,0.4,1061.6491026574304;467.5581264853489;,226.20414816847122;116.4447511861537;
5,250,False,False,False,0.6,625.7997681263936;383.51963333778195;169.35864226082714;,80.58552042304417;211.44010900568753;136.35116831787735;
5,250,False,False,False,0.6,238.01473959302066;275.12796753259613;555.9355773499625;,299.56926327714865;122.15790545465578;156.75564036210324;
5,250,False,False,False,0.6,463.1688592959447;701.8362256002887;342.0404911212223;,109.90654312963463;264.576071204906;92.96047214299672;
5,250,False,False,False,0.8,45.33052407346942;335.65075044291905;271.93634515243986;93.64989216380683;,79.29933585166418;95.93156168294007;76.0730908985636;134.64362632053297;
5,250,False,False,False,0.4,100.9004907916774;201.5122983253877;,198.1356460520376;229.31859802954992;
5,250,False,False,False,0.6,4390.131433559244;202.23859075720955;221.9582863778678;,91.52130905471974;72.15899898979681;231.03936113228673;
5,250,False,False,False,0.4,6795.662624895264;407.1492423989598;,177.61042353712782;143.31255949534523;
5,250,False,False,False,0.4,1463.795111905078;702.472289873279;,46.93306655665953;354.3169476918785;
5,250,False,False,False,0.6,255.20705870400204;393.48541237645156;829.7024991610584;,62.717195496164855;117.65837855312195;198.34143167386105;
5,250,False,False,False,0.6,98.14412813528631;132.7728781679532;277.22289313370857;,351.07352145542626;160.1518869662639;286.2465642546603;
5,250,False,False,False,0.6,365.0816884776832;119.57582996642661;299.0611567492966;,195.688034508612;70.55645728067425;157.99428239760817;
5,250,False,False,False,0.6,217.84046509187652;94.652246471301;223.9794238811538;,146.30295380247372;72.06230298782182;160.25282617818513;
5,250,False,False,False,0.8,79.13892240514505;134.1876526643398;239.807674223093;1368.056513183942;,134.63081290596497;154.92864869742448;35.50280485129732;48.82412601621486;
5,250,False,False,False,0.4,1834.3193115007398;781.582090588278;,108.7449993819614;249.19716701301192;
5,250,False,False,False,0.4,650.053852144869;2547.7050790176004;,141.12795293917648;341.26261897021595;
5,250,False,False,False,0.6,57.10912655934343;91.63103263729025;1410.7635614693074;,239.9631330096938;484.3183302596507;278.7649574886639;
5,250,False,False,False,0.6,190.66257083139473;710.7572881921826;20.15397201941102;,153.53090918036025;326.1520869370029;182.73116405657973;
5,250,False,False,False,0.4,877.2095462390168;773.8919156025471;,128.85867783431527;316.3454337473934;
5,250,False,False,False,0.4,587.3528094081964;389.3745314731246;,240.4923416004299;94.4983469538461;
5,250,False,False,False,0.6,272.2065480698452;220.60469767064345;202.40982448582974;,260.1214847377942;258.2357846870224;176.65154484175716;
5,250,False,False,False,0.6,1022.4742109618144;201.48672307759944;1337.4468123989939;,253.3081930341807;285.1223723559278;113.2974183361252;
5,250,False,False,False,0.6,461.19108142966735;64.00486135535648;830.0903530209871;,166.98322084347143;16.090334545062806;195.5141989169022;
5,250,False,False,False,0.4,437.4943951345245;516.6731680381405;,208.18669493690163;248.68696372379355;
5,250,False,False,False,0.4,111.26046927886112;419.4830302981854;,235.12167816616542;94.8552772583913;
5,250,False,False,False,0.6,396.85819887284106;717.19757223162;2641.9519795380643;,120.29370747655862;273.049001980568;204.03230065507282;
5,250,False,False,False,0.6,247.73365842627985;563.7337922658778;245.17152114431303;,394.49213336099257;173.53164397078191;178.73309328162497;
5,250,False,False,False,0.4,548.5600788091306;188.8192508765518;,83.52317350869421;120.51741490151448;
5,250,False,False,False,0.4,1791.1687499654188;771.7089217908768;,137.2818734618968;179.07653534591307;
5,250,False,False,False,0.4,235.18190463336344;1321.3804951281631;,145.51220580828672;437.03826849759054;
5,250,False,False,False,0.6,275.68957154757146;322.27029689395664;108.75393248987959;,226.2499927241411;127.84632644393604;208.95420554543225;
5,250,False,False,False,0.6,369.0032184382007;421.30704414552577;726.3265768490968;,45.595876169068646;204.4088745869991;221.00978073847537;
5,250,False,False,False,0.4,218.4635531860577;3312.074228183115;,28.40472125285547;273.9310500667758;
5,250,False,False,False,0.4,2125.463043106708;781.6771699867985;,156.1094875371212;262.9502023711833;
5,250,False,False,False,0.4,118.0094778575047;438.8817278399595;,126.75822699151283;220.86465942921782;
5,250,False,False,False,0.6,1326.2924497289446;174.41692243010627;86.18650350285782;,232.6032287912434;58.56923900715109;202.35627316426897;
5,250,False,False,False,0.6,4903.446614048336;565.74392982822;549.1264650859115;,131.10841607242816;312.1613916462383;162.9271570984841;
5,250,False,False,False,0.6,646.2169252027215;102.23338711646319;269.37945377158303;,56.92003250931019;119.63675518036663;228.22518012791764;
5,250,False,False,False,0.4,320.07304695603017;602.3084870852541;,146.08214331044846;110.26829011262909;
5,250,False,False,False,0.6,440.9298303512657;319.4096895785501;575.748364768682;,52.625979894482754;303.2772539953635;173.84750633059596;
5,250,False,False,False,0.4,1567.5824480526724;493.8218472667994;,164.70501897938504;213.60612402349693;
5,250,False,False,False,0.6,1704.82304594334;209.0005023361918;1484.4349277150714;,49.20715128443179;266.3231948322708;238.29221025934856;
5,250,False,False,False,0.4,3290.658237647198;697.8193166281169;,48.2903369599962;137.2690736445503;
5,250,False,False,False,0.8,100.7572492094331;229.21769774009272;633.9954086051949;456.3741251197121;,53.14978559170736;141.30780202003078;241.020179279787;323.8352142476799;
5,250,False,False,False,0.4,1333.3883990159138;341.7944192632578;,29.284704259525235;230.493603293567;
5,250,False,False,False,0.8,326.1354092856293;339.0182330605174;48.72052265721367;1802.5765007433333;,300.7926238295008;34.495702050965576;117.08783632788247;169.63433533698236;
5,250,False,False,False,0.6,197.27149942144393;1896.9329832400128;320.415545819465;,113.83284488305716;421.1991545902143;129.82856163090906;
5,250,False,False,False,0.4,748.8224160696232;189.95159312558712;,174.95558015028138;52.411927463907396;
5,250,False,False,False,0.6,44.777795231625824;3619.286248244877;96.77914381664765;,62.60202680907786;254.4137551601677;131.17284233947638;
5,250,False,False,False,0.6,226.4559624505878;406.28145118467137;1234.5843254721033;,203.70847379934645;242.3573660181842;343.82238129646805;
5,250,False,False,False,0.8,18.17404239900666;595.2859068859553;147.78608150670954;80.94801304687817;,27.303498382440946;169.03057984339097;98.50393477501429;189.51586489251116;
5,250,False,False,False,0.4,136.72476792869062;514.5326824780697;,45.74777234340305;201.91692258386092;
5,250,False,False,False,0.4,688.3055505248396;390.8849986310778;,226.0159846502086;57.35069576065075;
5,250,False,False,False,0.6,106.61366615019652;341.1419331010178;2440.9110878687547;,167.5115722987156;225.22765899880054;275.3264680073836;
5,250,False,False,False,0.4,512.1604889978904;1969.9779973616273;,63.528332255420054;88.37228801879475;
5,250,False,False,False,0.4,73.12248819760995;528.6497997702251;,132.02966837647205;124.91153651643098;
5,250,False,False,False,0.6,94.77637001322739;231.11406220466435;1180.3809436379781;,210.12484703550322;116.17764512336008;81.92440759377955;
5,250,False,False,False,0.6,2578.2006252369983;963.6599413701317;102.88508903023906;,53.29197954617428;364.4421238808797;156.48164068157058;
5,250,False,False,False,0.6,397.7646351133924;413.5920480622707;501.26525123252344;,214.98510398170131;85.60595688797467;128.07874263151004;
5,250,False,False,False,0.6,224.80104112437596;402.10004451052964;91.59020994950701;,161.89043302417465;111.92623085650925;220.87619734484255;
5,250,False,False,False,0.4,245.63152527385267;954.5942734561407;,249.53106429318677;64.1658918154021;
5,250,False,False,False,0.4,1242.70780564576;82.95292986298112;,130.98878412915917;105.67474946929224;
5,250,False,False,False,0.6,305.58010643005827;167.8715218666994;1643.8091726240427;,204.82481794149288;257.554147654008;50.13434581839674;
5,250,False,False,False,0.4,374.1184453803813;394.33627378436506;,167.1285294402551;116.33341895629886;
5,250,False,False,False,0.8,157.56720362385752;599.6127778808692;294.69333132375425;1078.85829871612;,400.0076086196239;173.192258431887;211.42367366778564;179.25731882481497;
5,250,False,False,False,0.6,772.7490556632528;384.08532291577905;198.61089831961604;,108.25123671155777;47.78259261879145;220.40158015897435;
5,250,False,False,False,0.4,1086.9647683602257;534.4819852233683;,152.08613600754748;278.3557991695941;
5,250,False,False,False,0.6,180.42586518471865;509.333435343384;460.73795238458865;,578.4312461702274;463.9698594425562;224.50467366387355;
5,250,False,False,False,0.4,76.51817387080642;1039.3561549852143;,272.46116204522184;113.11215451099052;
5,250,False,False,False,0.4,178.36611330436298;120.93528631166801;,140.6220321583828;47.07743287036746;
5,250,False,False,False,0.6,42.93576193751085;266.99235478424015;4535.559528680006;,87.48669856242375;134.69555575312532;178.9618102487761;
5,250,False,False,False,0.6,1185.861762642993;112.16835271269197;190.97964004994753;,200.49138632488115;127.45584852435515;333.5171082110093;
5,250,False,False,False,0.6,663.2156054276957;153.6819264896042;2487.211381636439;,8.309629809217578;276.2561585335153;78.51654454397375;
5,250,False,False,False,0.6,441.16257834400295;699.5159729675676;117.50652912253774;,303.68405732150825;202.5006787764127;171.55761855853973;
5,250,False,False,False,0.6,934.3525313132888;540.2738930634924;1045.5344043314878;,190.43981281006486;119.53531046274308;196.14675481605883;
5,250,False,False,False,0.4,329.0623027484953;274.19439852126305;,111.74432447846023;166.56134854127544;
5,250,False,False,False,0.6,185.25798347688897;54.38750899787459;1794.3750828833417;,231.66670306635143;102.42684271098653;128.71043680940744;
5,250,False,False,False,0.4,417.8921996799014;280.12972638331945;,190.19820557580266;176.7771708556118;
5,250,False,False,False,0.4,1503.0580154658398;1052.884597393526;,70.0396958759433;182.10179433920203;
5,250,False,False,False,0.4,236.12057542722752;249.29203085840317;,53.999578201221944;155.24636369156264;
5,250,False,False,False,0.6,858.6044588069125;421.51737648307943;57.210962816937936;,386.25662513567556;194.5613931889904;138.0221870096769;
5,250,False,False,False,0.6,556.4549879099742;65.90718344650438;456.5788538222717;,294.5934258380375;386.24706482361364;254.88813270755836;
5,250,False,False,False,0.6,74.20243718863802;700.4069945263204;428.789989743793;,91.9062371765344;150.63627509569676;108.3238591256275;
5,250,False,False,False,0.6,424.57092624491355;850.6454032710786;1069.0372624254414;,320.3641581475131;293.1625633879094;205.42769688217487;
5,250,False,False,False,0.4,5566.211784609876;452.2274287151613;,185.2689677722255;214.2674591174404;
5,250,False,False,False,0.6,985.1086509362375;151.8590322770679;318.356389848985;,366.08295049514555;159.4555741733516;294.9595532676257;
5,250,False,False,False,0.8,24.960359112440692;27.365924158211193;191.04385827021892;256.407284284608;,72.02108017609058;444.4608944018294;231.46065688375353;252.02769179418502;
5,250,False,False,False,0.6,323.66189793933614;41.12568576304078;201.37116697718668;,100.73870735745344;95.09405864662864;61.806830686849224;
5,250,False,False,False,0.8,96.14755144719994;238.57698797726667;190.0251734886452;142.6060924537224;,195.51161066561644;210.69904274976574;141.0859989893908;344.9661225007334;
5,250,False,False,False,0.4,185.1435720847768;1615.194453510602;,178.5329136199882;133.7173988878017;
5,250,False,False,False,0.4,331.5209387242993;251.399815652494;,196.45607909827515;66.45966587799855;
5,250,False,False,False,0.6,253.31932747235854;68.74166854839078;551.207404375238;,256.0071421312092;134.85623469166728;162.81635571272994;
5,250,False,False,False,0.6,2170.3785344161925;650.8552208781541;221.84422804348716;,220.77370066406633;279.70399297285076;184.55328048305225;
5,250,False,False,False,0.6,735.0617823038189;21.85495925051592;631.129397200553;,346.5152394170146;203.96467682674114;30.376357945301034;
5,250,False,False,False,0.4,583.6570451388892;1068.2391180892328;,318.7306260029947;48.847103552380084;
5,250,False,False,False,0.8,169.05754934982465;298.7140161039354;543.6059056014815;317.5602595707118;,172.14178992725522;246.4362311298672;182.61326676062495;50.87407235162577;
5,250,False,False,False,0.4,199.81118674533542;977.4097616034567;,359.13127381988727;113.37460087350107;
5,250,False,False,False,0.4,388.58306833275356;10200.421253298184;,193.81209571394263;203.46110741361653;
5,250,False,False,False,0.6,854.6327183576524;134.01407869782682;224.37616492110158;,113.50844658295684;53.996113340287174;135.17325841110542;
5,250,False,False,False,0.6,51.09809928193471;1714.7693213599107;883.2378891263726;,82.49399159189252;225.12831417278136;274.9446908016152;
5,250,False,False,False,0.6,397.3800198785369;348.3742266214488;267.89872757859445;,96.17828107504019;1.5421954902262012;78.52482900159214;
5,250,False,False,False,0.4,1444.4802355625484;673.679721369319;,292.13584511031934;44.10358995034066;
5,250,False,False,False,0.6,504.0834488999652;624.0313949999453;792.3028953251325;,154.86002120360143;122.88526811274565;228.08451350265517;
5,250,False,False,False,0.6,2402.7924164502415;391.473230052447;168.83825205033614;,86.35288982282295;260.3067136337792;344.86092482179663;
5,250,False,False,False,0.6,263.9206144553009;529.7145276106468;302.2694635190883;,46.38374205308276;333.2963468678886;139.64905159275628;
5,250,False,False,False,0.4,354.128882228634;1108.3717525278437;,48.579453096260785;225.94575655963564;
5,250,False,False,False,0.4,1512.1967447882434;2164.111767625014;,246.01388331185927;216.72055733699068;
5,250,False,False,False,0.6,465.9436564468803;274.1171878037105;169.4356307116457;,77.72924640739707;150.6053543206376;183.367354983193;
5,250,False,False,False,0.6,896.1305373321746;511.0163687360758;77.35330909695705;,191.23254311097241;238.7084781004047;172.5241798469663;
5,250,False,False,False,0.4,455.539456789868;1215.9206423654464;,191.29759920589933;175.52585241464553;
5,250,False,False,False,0.6,565.0289588886411;907.7981966219601;184.36007350822945;,136.2332638633714;247.29201100555161;240.9826235162007;
5,250,False,False,False,0.4,752.7988788954551;451.11108117406155;,241.06585994674367;347.30963615851704;
5,250,False,False,False,0.4,1572.5815835679846;576.6475774441541;,320.674745425931;143.31354542836985;
5,250,False,False,False,0.4,673.9832878318452;680.4867687431995;,190.3969142374243;170.88438365307428;
5,250,False,False,False,0.4,367.4374126337745;1689.1655782452644;,175.60360196617322;207.47019804288598;
5,250,False,False,False,0.4,290.02477422236484;117.17086059114382;,158.26868746601448;96.92849300747268;
5,250,False,False,False,0.6,379.4596134341985;429.06015582510315;166.605164816173;,69.54581828268171;303.7818897781518;197.5489937247397;
5,250,False,False,False,0.6,699.4225062450754;68.88042984554889;569.5222427178336;,393.46936392368264;113.79394264837656;150.2025028702011;
5,250,False,False,False,0.4,5630.599319919997;190.09391244471811;,42.016415773671284;143.7197848897457;
5,250,False,False,False,0.4,266.22346234793037;305.0443922532406;,106.52390460107272;252.6129305471433;
5,250,False,False,False,0.4,98.67262861274462;124.995399042351;,272.2990808682555;39.46445194575379;
5,250,False,False,False,0.4,754.8155406561286;92.57502258598569;,111.07842517458586;27.58446340953435;
5,250,False,False,False,0.4,1680.0813861158658;501.0880763302687;,37.024139420175295;318.1710739379686;
5,250,False,False,False,0.6,2977.2655878476207;367.5503712193119;136.4646837882218;,62.867540587971675;229.1296939788792;165.52409436973207;
5,250,False,False,False,0.4,989.1025692810764;662.9322796559576;,423.7815873586818;216.24795254706612;
5,250,False,False,False,0.4,873.8084085150941;503.9873550307737;,18.73781536176819;364.44355452073427;
5,250,False,False,False,0.4,73.66686424152093;5323.919292914405;,140.35449852556383;48.15958529716861;
1,500,False,False,False,1.0,369.01585959775036;,449.70475862489036;
1,500,False,False,False,1.0,320.8071134796209;,614.3667085056222;
1,500,False,False,False,1.0,3.8807218951285214;,327.5260484961768;
1,500,False,False,False,1.0,321.0499399082033;,453.9442446001857;
1,500,False,False,False,1.0,237.75642141722003;,484.84000618055677;
1,500,False,False,False,1.0,100.88009482901673;,315.76978071191905;
1,500,False,False,False,1.0,453.6180778932799;,305.3252128727564;
1,500,False,False,False,1.0,236.81198357800304;,449.0456938509727;
1,500,False,False,False,1.0,197.77740952757628;,376.78474057932186;
1,500,False,False,False,1.0,446.89380576900885;,723.5302172697168;
1,500,False,False,False,1.0,195.23165162718024;,396.7256438236392;
1,500,False,False,False,1.0,151.67727098724254;,478.18929990915785;
1,500,False,False,False,1.0,207.20625269447814;,249.15141469479772;
1,500,False,False,False,1.0,194.31162516916487;,151.17204852249972;
1,500,False,False,False,1.0,492.5638126302056;,584.994629275906;
1,500,False,False,False,1.0,208.64119008658614;,142.0103037259363;
1,500,False,False,False,1.0,231.792497905306;,267.39816540867747;
1,500,False,False,False,1.0,298.9342499259367;,512.6094917830571;
1,500,False,False,False,1.0,394.71749710780665;,666.106924221123;
1,500,False,False,False,1.0,160.85056196510973;,433.14458239040533;
1,500,False,False,False,1.0,307.2560599390057;,210.1630775452722;
1,500,False,False,False,1.0,119.98629720758038;,239.9419376712887;
1,500,False,False,False,1.0,474.12240990006705;,531.8318165102638;
1,500,False,False,False,1.0,256.4820986159642;,405.1405306641155;
1,500,False,False,False,1.0,343.87258758086296;,374.7320442363522;
1,500,False,False,False,1.0,62.63069147269054;,297.3792326893899;
1,500,False,False,False,1.0,27.971330742956596;,367.42990153718154;
1,500,False,False,False,1.0,147.9422997554507;,415.5153504112848;
1,500,False,False,False,1.0,387.7357837473678;,1677.004539407545;
1,500,False,False,False,1.0,349.8944258845701;,462.2166514406054;
1,500,False,False,False,1.0,107.64082797749934;,340.1197306233032;
1,500,False,False,False,1.0,94.62930572869452;,142.3917913359616;
1,500,False,False,False,1.0,215.41624511289757;,140.23014517018808;
1,500,False,False,False,1.0,327.0663982946154;,184.48740295136145;
1,500,False,False,False,1.0,326.28097310380025;,246.81194122614806;
1,500,False,False,False,1.0,417.42364457199045;,624.4232243107839;
1,500,False,False,False,1.0,253.11086389635835;,124.16701380003892;
1,500,False,False,False,1.0,376.6990949326053;,459.37144620555256;
1,500,False,False,False,1.0,249.07945856357668;,86.6074349803206;
1,500,False,False,False,1.0,59.34936260430176;,182.66262789551723;
1,500,False,False,False,1.0,334.3182903611592;,324.08946348079604;
1,500,False,False,False,1.0,79.70357351222509;,293.84150703656655;
1,500,False,False,False,1.0,121.6739150163813;,251.21563509880062;
1,500,False,False,False,1.0,98.12462448557478;,386.0838062859393;
1,500,False,False,False,1.0,78.6657864293397;,373.71845592656325;
1,500,False,False,False,1.0,484.7166151002829;,420.19594369167874;
1,500,False,False,False,1.0,101.00947716562179;,251.73193036802238;
1,500,False,False,False,1.0,570.310601655557;,987.0235232758578;
1,500,False,False,False,1.0,251.7968859328579;,457.9188458883282;
1,500,False,False,False,1.0,320.6995876529456;,597.3828325171604;
1,500,False,False,False,1.0,205.79455149800216;,455.6999928882372;
1,500,False,False,False,1.0,226.32408495107637;,253.9353788495346;
1,500,False,False,False,1.0,215.7706578919775;,504.31283403358617;
1,500,False,False,False,1.0,160.7959189740834;,233.57483305416392;
1,500,False,False,False,1.0,351.18862675116765;,25.677971452841945;
1,500,False,False,False,1.0,207.7781138525685;,276.4781747174258;
1,500,False,False,False,1.0,171.7949570890866;,348.13733220821166;
1,500,False,False,False,1.0,483.16042902307703;,307.03918240046113;
1,500,False,False,False,1.0,273.34251192723076;,412.8215291450462;
1,500,False,False,False,1.0,110.16786985526528;,159.0870933969113;
1,500,False,False,False,1.0,204.35210888422105;,167.93904248996438;
1,500,False,False,False,1.0,199.6168327711445;,262.62342463072383;
1,500,False,False,False,1.0,86.6179155611168;,244.10813220151948;
1,500,False,False,False,1.0,122.31649202486382;,186.11717044630035;
1,500,False,False,False,1.0,613.1721628010222;,658.374854275989;
1,500,False,False,False,1.0,115.02580202954083;,390.78483964673524;
1,500,False,False,False,1.0,377.46002863875367;,590.2693041773091;
1,500,False,False,False,1.0,129.65399810404557;,230.7119212786349;
1,500,False,False,False,1.0,342.3022633028934;,516.9577994574196;
1,500,False,False,False,1.0,535.8162424851549;,572.4012816864991;
1,500,False,False,False,1.0,267.7348281522523;,418.5017209007008;
1,500,False,False,False,1.0,400.00808649355645;,649.5294402336932;
1,500,False,False,False,1.0,159.53726456510745;,255.72978937597588;
1,500,False,False,False,1.0,31.66892801268883;,313.75469976409795;
1,500,False,False,False,1.0,319.68340241738963;,98.05137545111384;
1,500,False,False,False,1.0,142.29334285414583;,286.64373713357986;
1,500,False,False,False,1.0,254.72398896404601;,124.48906957638533;
1,500,False,False,False,1.0,376.9333126944866;,932.2388322644803;
1,500,False,False,False,1.0,817.3299677740125;,747.7416759106733;
1,500,False,False,False,1.0,368.35810777769785;,663.3522792179625;
1,500,False,False,False,1.0,135.50024924762758;,250.79045008059572;
1,500,False,False,False,1.0,104.94904725832687;,121.10068659934758;
1,500,False,False,False,1.0,197.32763638501038;,207.94476816164732;
1,500,False,False,False,1.0,175.58608659248475;,642.5878651533459;
1,500,False,False,False,1.0,285.14011598787266;,615.2559201469197;
1,500,False,False,False,1.0,317.0961284328553;,64.3721232679715;
1,500,False,False,False,1.0,369.01212749883985;,319.0307640155205;
1,500,False,False,False,1.0,517.9887549470026;,533.3885144676691;
1,500,False,False,False,1.0,272.5675273919621;,241.1189458312967;
1,500,False,False,False,1.0,253.67111963645038;,479.71080571853327;
1,500,False,False,False,1.0,52.83722373313533;,164.1659648954996;
1,500,False,False,False,1.0,503.45534097307166;,569.218584822523;
1,500,False,False,False,1.0,75.25970236910344;,195.86855824942955;
1,500,False,False,False,1.0,125.52573117581768;,165.5848109943601;
1,500,False,False,False,1.0,375.16238240489815;,544.1524856307891;
1,500,False,False,False,1.0,449.1598039833098;,498.0854160562335;
1,500,False,False,False,1.0,21.25192610459482;,338.4839607328589;
1,500,False,False,False,1.0,294.6207224240607;,302.49796073806226;
1,500,False,False,False,1.0,369.39685149712153;,385.42988832962914;
1,500,False,False,False,1.0,225.0354827298366;,326.5142646014259;
1,500,False,False,False,1.0,289.99921381779615;,276.01591056337924;
1,500,False,False,False,1.0,222.55440406537707;,306.2154193006604;
1,500,False,False,False,1.0,226.17449383232014;,840.0691684916904;
1,500,False,False,False,1.0,437.40828109689903;,780.584689016163;
1,500,False,False,False,1.0,158.08483739021972;,421.6037603995634;
1,500,False,False,False,1.0,280.71082254803576;,476.8495810108367;
1,500,False,False,False,1.0,128.8467955710721;,254.6297358154047;
1,500,False,False,False,1.0,258.5779540518365;,172.53058609908956;
1,500,False,False,False,1.0,74.04270725701545;,120.95811531237291;
1,500,False,False,False,1.0,318.48207663662953;,141.4065103352295;
1,500,False,False,False,1.0,227.32469324945833;,379.5727056582203;
1,500,False,False,False,1.0,364.5989292474047;,637.7877495344841;
1,500,False,False,False,1.0,136.41050903602374;,390.5042638219203;
1,500,False,False,False,1.0,171.6447035113902;,181.7258374576056;
1,500,False,False,False,1.0,780.0803054141456;,687.2191789968276;
1,500,False,False,False,1.0,283.8879932057985;,655.5645571195333;
1,500,False,False,False,1.0,292.5347433233271;,311.9866778437566;
1,500,False,False,False,1.0,486.17753270737563;,178.33754487265463;
1,500,False,False,False,1.0,327.9220661624773;,227.92601517904703;
1,500,False,False,False,1.0,97.98657253502218;,111.80520696025064;
1,500,False,False,False,1.0,119.3706247883914;,266.10210747715536;
1,500,False,False,False,1.0,272.4477512433792;,485.96576562053957;
1,500,False,False,False,1.0,129.79850527953482;,5.888419913046604;
1,500,False,False,False,1.0,243.02845969672728;,89.55207831902743;
1,500,False,False,False,1.0,49.667220432674185;,339.17328475429815;
1,500,False,False,False,1.0,362.1262689547272;,296.1882274531711;
1,500,False,False,False,1.0,199.89386374918402;,609.900111401178;
1,500,False,False,False,1.0,408.5768248744802;,263.5033187035097;
1,500,False,False,False,1.0,61.003364226919174;,258.8150120111361;
1,500,False,False,False,1.0,255.62944605858027;,208.93181201802048;
1,500,False,False,False,1.0,376.9741297020873;,743.1161613859387;
1,500,False,False,False,1.0,175.4168559966894;,478.74445080498646;
1,500,False,False,False,1.0,291.8116829886258;,179.2877164511523;
1,500,False,False,False,1.0,308.68371142784656;,798.6751564770386;
1,500,False,False,False,1.0,42.31504650016528;,98.21497906182064;
1,500,False,False,False,1.0,125.24333924739145;,281.17569464019175;
1,500,False,False,False,1.0,263.05535952314915;,150.58761737852322;
1,500,False,False,False,1.0,341.81763223257377;,484.8566994052432;
1,500,False,False,False,1.0,451.0413516475557;,496.08054646404247;
1,500,False,False,False,1.0,253.0458307373519;,324.7993318905061;
1,500,False,False,False,1.0,232.03484947320052;,222.7148522070428;
1,500,False,False,False,1.0,48.20252897212848;,318.9310981537927;
1,500,False,False,False,1.0,523.6112120952516;,650.6878493705233;
1,500,False,False,False,1.0,546.763556508846;,607.582980048976;
1,500,False,False,False,1.0,521.9633147300665;,369.5048523456107;
1,500,False,False,False,1.0,198.672723526823;,198.51562130952405;
1,500,False,False,False,1.0,302.16291261211853;,265.31970443569014;
1,500,False,False,False,1.0,393.07381774077794;,590.3577412022616;
1,500,False,False,False,1.0,340.528911727557;,232.1212228454827;
1,500,False,False,False,1.0,509.1818926879449;,567.1085217431854;
2,500,False,False,False,1.0,612.0708291068506;229.0733384445973;,559.2608230544408;418.87954079248743;
2,500,False,False,False,1.0,76.06564213726487;242.08122783608985;,179.78833087110684;251.15919685240155;
2,500,False,False,False,0.5,1032.1279607750223;,456.21119340952146;
2,500,False,False,False,0.5,990.7813772137146;,121.5264368393846;
2,500,False,False,False,1.0,75.14253105741142;23.20418401461779;,339.72817302612617;99.03167413947615;
2,500,False,False,False,1.0,221.83645241609165;502.3541357511916;,326.0022604034875;233.66799510036307;
2,500,False,False,False,0.5,629.0070528274204;,283.5559482484463;
2,500,False,False,False,1.0,172.63139816895784;131.62100213806798;,233.72755184044294;160.87560085912372;
2,500,False,False,False,1.0,205.08056493563535;119.80978880855939;,303.9756361865477;404.93366900255035;
2,500,False,False,False,1.0,330.10982424552753;237.04664366673933;,394.2656316064875;228.60313588929284;
2,500,False,False,False,1.0,31.949328210698862;594.5212237297967;,228.8161018044452;414.2015349649088;
2,500,False,False,False,1.0,400.571985044902;365.5243822101535;,538.2449041366353;516.2957069347718;
2,500,False,False,False,0.5,84.82645706172241;,646.4738493678929;
2,500,False,False,False,1.0,65.23642888179688;459.25252185022975;,173.05197940548604;163.17478085165448;
2,500,False,False,False,1.0,291.19582046724815;304.2999002025691;,555.0619517485023;246.39316951057796;
2,500,False,False,False,1.0,317.5745831265192;223.09667061454698;,159.12279942943562;553.5325109093029;
2,500,False,False,False,1.0,515.0636944349204;256.2805431529654;,404.89248958239;504.3181705799164;
2,500,False,False,False,1.0,51.01937932464884;149.8224236013771;,347.7451372011206;224.28170812380338;
2,500,False,False,False,1.0,278.1783517414537;397.9845430783798;,45.31326057818487;639.8207392993561;
2,500,False,False,False,1.0,182.6991573054343;566.7326796278371;,838.5079690871953;628.7060156370516;
2,500,False,False,False,1.0,320.8178692851472;237.84026109001772;,428.4429118808958;356.3568847353588;
2,500,False,False,False,0.5,670.8618740020565;,427.78960495776084;
2,500,False,False,False,1.0,455.17079859839305;60.487160242891946;,172.90157046426418;493.69524815401394;
2,500,False,False,False,1.0,410.12511362059075;306.4350689812405;,668.7412480960706;351.3751988029637;
2,500,False,False,False,1.0,149.04150212825806;337.3153068068961;,300.8612203244024;651.7401759923562;
2,500,False,False,False,1.0,210.4262625049097;285.0717248660506;,846.4315915948561;596.0434412010048;
2,500,False,False,False,1.0,258.9152628275499;333.9008404847915;,515.6411994502159;25.915610412640607;
2,500,False,False,False,1.0,496.4079318161771;403.16064161573235;,388.68043563836795;530.6930728372348;
2,500,False,False,False,0.5,199.00142168801358;,151.37706101004417;
2,500,False,False,False,1.0,286.1104712444809;479.5769020584143;,343.4380214399084;367.0674446973154;
2,500,False,False,False,1.0,292.52614421956565;343.258660874796;,242.49134362359;293.85387836043265;
2,500,False,False,False,1.0,484.3136595064886;381.7295045802161;,817.0072416571295;450.4039221794771;
2,500,False,False,False,1.0,518.3624163950088;315.67821824623763;,452.36636079428473;359.54138014368124;
2,500,False,False,False,1.0,123.04698127132184;513.039588510619;,385.28637243646324;431.00807463976184;
2,500,False,False,False,1.0,112.55133010103309;253.26247211266795;,401.372563787243;245.5647773702961;
2,500,False,False,False,1.0,333.64415439228566;275.91143772277184;,355.5754586455955;282.50957330322865;
2,500,False,False,False,1.0,243.9674776255327;71.66726365721767;,554.2180871128282;343.15574616253946;
2,500,False,False,False,1.0,22.662499467747846;420.06720577788064;,209.52900751722544;298.6505577280499;
2,500,False,False,False,1.0,323.6715412809752;385.7475072835868;,174.66794642181077;341.00302106093596;
2,500,False,False,False,1.0,219.5207647224824;220.39659388977026;,57.52603175056301;439.0073512228901;
2,500,False,False,False,1.0,250.8852431290774;255.3180970579876;,337.6312745096526;129.89207178677617;
2,500,False,False,False,1.0,168.96273956935548;164.9842597542931;,300.0697313124912;461.22359830750344;
2,500,False,False,False,1.0,733.3154733088678;465.9086076004057;,564.6054833531098;621.2432729134796;
2,500,False,False,False,1.0,154.25982947658514;172.23511527512676;,98.54758850479834;643.5051554136384;
2,500,False,False,False,1.0,164.01104717639137;323.8775247080668;,380.90221173962044;668.303433474205;
2,500,False,False,False,0.5,325.803157543242;,394.2526916605874;
2,500,False,False,False,1.0,316.81246438692034;54.58329063070323;,145.6787884914898;293.8543462313552;
2,500,False,False,False,1.0,832.538411183151;177.1509544463359;,261.7075849917491;204.01560336155853;
2,500,False,False,False,1.0,157.20139516678424;342.62220349090177;,276.90115579092674;252.76065189768926;
2,500,False,False,False,1.0,282.75725536617625;394.27351063747756;,391.7094096205658;510.5792289350365;
2,500,False,False,False,1.0,303.6167758562559;59.590954882365665;,737.0317930575485;468.5164425696084;
2,500,False,False,False,1.0,211.90110240247768;677.1872628041302;,660.4513852504344;972.4408772851795;
2,500,False,False,False,1.0,761.2101289144497;241.11808811493535;,408.1107352577895;624.4715139423047;
2,500,False,False,False,0.5,224.14376852614504;,127.95507723500197;
2,500,False,False,False,1.0,289.78947018408564;108.27095848693804;,143.50913310361554;158.15247671536238;
2,500,False,False,False,0.5,244.2698724408046;,414.91868999117094;
2,500,False,False,False,1.0,215.25380069864917;342.2401826806549;,235.8402567521899;380.0227567117801;
2,500,False,False,False,0.5,626.5468982967075;,371.57103490104214;
2,500,False,False,False,1.0,470.23517127303774;238.18731530604188;,345.5750873597453;515.7040922719574;
2,500,False,False,False,1.0,472.75465845634506;205.76726479775334;,279.86716263493906;49.62813935659966;
2,500,False,False,False,1.0,208.48990328731466;336.6679546728102;,188.48093848228805;609.6056583211001;
2,500,False,False,False,1.0,33.638012370647424;349.33976339974555;,256.07508760149256;187.0054272484664;
2,500,False,False,False,1.0,529.9174707362198;33.48531403877918;,389.95179885996134;273.3122177056649;
2,500,False,False,False,1.0,258.32085771799166;728.3059427240923;,96.7279781285932;718.6344503537626;
2,500,False,False,False,1.0,72.80681395781097;296.5044581270707;,122.33058555940349;113.28041536642674;
2,500,False,False,False,1.0,277.5814261007827;471.85510070245795;,5.584545497471596;284.5166147755441;
2,500,False,False,False,0.5,611.669246057786;,207.94095819470243;
2,500,False,False,False,0.5,852.675858295723;,43.441955295460716;
2,500,False,False,False,1.0,284.9059583722844;228.9332115175131;,396.52808229734546;551.687757069827;
2,500,False,False,False,1.0,405.9148136311862;646.7400775421511;,489.194600996339;333.67031200951146;
2,500,False,False,False,1.0,275.77190221639813;150.5682438260341;,98.15598622389483;388.2726268093489;
2,500,False,False,False,1.0,560.4097833502032;60.20595015390022;,1192.29972559191;118.52653415727873;
2,500,False,False,False,1.0,428.4172168924304;253.92505629326098;,539.856509739782;529.5306597114948;
2,500,False,False,False,1.0,254.31806300186176;243.9873027883799;,161.60892049551802;316.5486065410765;
2,500,False,False,False,1.0,188.15924371060655;95.81323605623894;,311.71572570348155;301.8949757281678;
2,500,False,False,False,1.0,324.32034384764404;394.1906613648151;,270.5876398478719;434.0025830132071;
2,500,False,False,False,1.0,343.60272876229783;101.69513605718726;,519.1147478515488;254.11375539763517;
2,500,False,False,False,1.0,109.52223460709453;164.65121019135626;,177.60470227447342;233.37747437656068;
2,500,False,False,False,1.0,254.07635734488815;178.5031826637282;,647.8651263213224;189.74943340392312;
2,500,False,False,False,1.0,318.68870137616744;237.3135190150518;,200.84044001185868;265.4035745472372;
2,500,False,False,False,1.0,82.58348497492712;519.3251282321362;,241.1866166295328;716.9399145260592;
2,500,False,False,False,1.0,461.920246521639;514.8104780706506;,189.45513962550424;257.5762478701818;
2,500,False,False,False,1.0,573.0458774134995;559.7411822145236;,330.3009730698843;495.3405727128137;
2,500,False,False,False,1.0,204.45707696817033;388.1639180461746;,263.54358139845425;292.4025851416073;
2,500,False,False,False,1.0,193.186919648938;162.3698280766235;,198.01765198613163;269.3908799125658;
2,500,False,False,False,1.0,104.5372139343033;371.87363700685023;,491.54540531379666;649.4681714749619;
2,500,False,False,False,1.0,255.32964636568735;399.0454938572245;,467.9459236300974;532.8923773300659;
2,500,False,False,False,1.0,168.54853055366723;364.5129899011736;,462.2634195196382;108.9077922166497;
2,500,False,False,False,1.0,564.5171943910789;73.7921174341228;,704.9056623389023;648.6663232809304;
2,500,False,False,False,1.0,260.01915571943994;375.7098958912638;,584.281768841087;451.53903307693565;
2,500,False,False,False,1.0,146.1142395822884;154.52804904231317;,247.9344466182781;181.32639708682888;
2,500,False,False,False,1.0,278.3510235837755;627.9988590998958;,213.17582309836686;427.2866326983727;
2,500,False,False,False,1.0,178.51665463253264;84.33245618917675;,523.5656648022988;502.54051946784955;
2,500,False,False,False,1.0,67.77675610742457;96.13443218087188;,297.62838611472654;285.87782028541557;
2,500,False,False,False,1.0,557.2579696602046;160.36064314635738;,112.38400932983534;91.16110450871726;
2,500,False,False,False,1.0,221.7541686433827;498.1057966971544;,724.6085673144173;405.8408816552818;
2,500,False,False,False,1.0,240.54481143995662;107.11266109512326;,413.4850153254815;372.6766908848589;
2,500,False,False,False,1.0,349.46141004314495;276.3224918631418;,474.4786450088651;307.90346520700314;
2,500,False,False,False,1.0,436.7512862267451;212.9210885250524;,865.9836445981047;394.5007082566065;
2,500,False,False,False,1.0,455.8732628608058;228.15233399382393;,542.9370718160612;420.7132907153964;
2,500,False,False,False,1.0,422.73304582801694;484.99500021380084;,150.7510059500222;519.8756628760867;
2,500,False,False,False,1.0,453.3474040282512;436.79217333460423;,147.4697937265609;316.60759784446253;
2,500,False,False,False,1.0,318.30735580220215;160.20880670466346;,510.61582472409543;376.2570820980664;
2,500,False,False,False,1.0,257.1723900406867;358.6951350638547;,288.4043211498381;726.7839049980081;
2,500,False,False,False,0.5,1222.7013575126869;,99.11308620108684;
2,500,False,False,False,1.0,410.90006008226834;475.8272052711685;,855.1238356652055;384.1333551740394;
2,500,False,False,False,1.0,727.4440337902339;298.7604702619232;,9.52696508217058;567.1168392818386;
2,500,False,False,False,1.0,119.87241663216855;630.6591529855395;,223.0407135893853;329.68686309986924;
2,500,False,False,False,1.0,203.98520517102838;406.7492988551416;,626.6276068989279;294.52309779171406;
2,500,False,False,False,1.0,303.6707654906858;144.72037195526545;,65.33565493445158;209.45468326593576;
2,500,False,False,False,1.0,223.16310972466738;308.0600834071624;,488.6080582214577;292.21697343498704;
2,500,False,False,False,1.0,162.42388572252096;111.03057137843554;,356.7098583232734;417.4828538690906;
2,500,False,False,False,1.0,321.0326060946965;232.68421831923834;,108.26137213938203;234.21914263177635;
2,500,False,False,False,1.0,384.97997773253655;169.7234931233974;,430.03576408641504;147.49315757928582;
2,500,False,False,False,1.0,195.20609427095343;384.8164558737082;,359.9010777128599;392.36838224635517;
2,500,False,False,False,1.0,730.410293893748;91.17629284685567;,678.2976447393362;304.1890042816216;
2,500,False,False,False,1.0,239.51270343066304;587.9006680134112;,568.4065327647236;354.96990750677577;
2,500,False,False,False,1.0,176.9364884302229;298.38808986574935;,484.4033816694908;800.6820021200559;
2,500,False,False,False,1.0,409.3420796156008;373.90069161996894;,93.46834446006869;179.44259663271495;
2,500,False,False,False,1.0,219.8375184868551;201.81031559295747;,340.45209213889945;472.1381403913228;
2,500,False,False,False,1.0,106.87794610076375;452.56954866858933;,418.5492645488941;596.1357966628342;
2,500,False,False,False,1.0,147.75800667170674;96.86512407830192;,20.49723512824061;207.31428532060198;
2,500,False,False,False,1.0,180.74604350471427;444.246532957653;,182.11953338568318;218.51640103008864;
2,500,False,False,False,1.0,396.08906345676326;497.2718916480079;,503.7537956786231;529.5029010953612;
2,500,False,False,False,1.0,285.6190697054389;376.0357044099009;,59.17889176622761;357.88073735004383;
2,500,False,False,False,1.0,271.8215230153171;324.0962474574054;,499.2875471682533;297.25014726873525;
2,500,False,False,False,1.0,124.19604354482206;306.30014225309714;,218.53299576262808;28.480600417656582;
2,500,False,False,False,1.0,61.740213599590604;408.5069384543824;,510.65531879171874;511.3719602274712;
2,500,False,False,False,1.0,248.25046745271376;90.88862082549385;,244.22434996164125;279.7937461414381;
2,500,False,False,False,1.0,486.6521980777521;108.1057842977135;,459.5594982364241;303.2501123556141;
2,500,False,False,False,0.5,213.65259967111498;,259.13369670876966;
2,500,False,False,False,0.5,525.52080328309;,72.13572022683769;
2,500,False,False,False,1.0,427.19560210089526;356.2575866615628;,753.6740312557426;292.8882644526737;
2,500,False,False,False,0.5,394.85378646215383;,294.4560180592356;
2,500,False,False,False,1.0,180.46114204761636;250.92577792638681;,314.00484289327426;550.8017798977221;
2,500,False,False,False,1.0,539.6007883222704;461.2460215409332;,173.12784462205627;201.79388901177245;
2,500,False,False,False,1.0,193.70227915841735;614.9450306132139;,137.04176455799953;689.345522110051;
2,500,False,False,False,1.0,218.50845139005904;346.92766338578537;,327.5566598151803;448.19808265965855;
2,500,False,False,False,1.0,578.0802445899282;253.5536943576208;,636.5156356505443;277.45524916500636;
2,500,False,False,False,1.0,281.18568938822494;202.58300043082642;,300.27517881540507;252.18749097511477;
2,500,False,False,False,1.0,321.61649146172385;218.4510802673493;,92.25216428466311;314.727251798942;
2,500,False,False,False,1.0,120.20751094848043;506.82291229897646;,785.6450032655243;380.8914881425309;
2,500,False,False,False,1.0,364.9408511306477;63.96166128120495;,282.77354770279635;400.6747568712975;
2,500,False,False,False,1.0,186.0705677376402;297.1188638786094;,222.14343680408055;219.23257633586513;
2,500,False,False,False,1.0,708.5695971615847;243.30717509057385;,651.7615255997272;681.912499707169;
2,500,False,False,False,1.0,395.72229327331;155.7847217548847;,277.2614386917796;354.74907365262834;
2,500,False,False,False,1.0,375.43441962890023;567.3001187259492;,325.5303563786572;753.069903672663;
2,500,False,False,False,1.0,190.03337459296387;311.708225304526;,410.47954451577516;256.907689924697;
2,500,False,False,False,0.5,330.3385908225556;,230.60743216147583;
2,500,False,False,False,1.0,215.89800667591908;299.24643948306397;,230.12722208316882;249.57354549693076;
3,500,False,False,False,1.0,469.9201515562634;736.1304216606169;183.04681057075396;,559.7862223275478;583.5822102315032;182.4902657257899;
3,500,False,False,False,1.0,220.9086412917883;133.527487198212;724.9142990847565;,375.497572350453;211.90823574233292;636.5640097057424;
3,500,False,False,False,0.6666666666666666,110.48010954290014;353.31212951300586;,379.3042198413322;538.3060302560476;
3,500,False,False,False,0.6666666666666666,453.3258719462475;211.33120213590178;,94.70497178256673;206.8006197444551;
3,500,False,False,False,0.6666666666666666,248.10175967524893;344.5848874423795;,379.31104253337077;228.5721072337809;
3,500,False,False,False,1.0,846.6234920068773;398.3355427095223;52.21145498052597;,711.9243633328746;527.9033016851848;247.82512662480326;
3,500,False,False,False,1.0,227.64235811718092;212.21780333303624;101.6511604338225;,235.56988780278533;521.6257305791187;152.83843293439696;
3,500,False,False,False,1.0,514.3311448289622;684.8241558927627;146.1636657302112;,326.4662966239527;345.3005080663448;229.9690530782307;
3,500,False,False,False,0.6666666666666666,627.2432976001265;134.3519990554849;,484.887821123028;247.65607527824315;
3,500,False,False,False,1.0,295.7604590641459;66.01773330103862;257.4925450584248;,555.0496104872817;109.61600779543818;361.7047583339219;
3,500,False,False,False,1.0,216.821177997037;163.81334201240725;347.82356803685036;,89.34587945718938;420.47783843502805;266.531891228587;
3,500,False,False,False,1.0,495.78329250261214;289.78788321705827;387.9049139038572;,456.1307369380543;301.0858864327995;127.50719361064141;
3,500,False,False,False,0.6666666666666666,180.14049898107965;503.4446207746175;,128.00915070005001;469.54070223423565;
3,500,False,False,False,1.0,508.124217433686;235.72190605338312;176.07126274986078;,192.57194673295143;80.6379262574272;270.653144615688;
3,500,False,False,False,1.0,451.4945058798744;194.86865928105573;359.67028356422736;,266.8078378574375;173.73105330615923;154.47369382590358;
3,500,False,False,False,0.3333333333333333,1209.0014824943219;,205.34494139134281;
3,500,False,False,False,1.0,527.33811934182;150.82862477779958;304.8212538286204;,507.0123524148971;142.7351299977775;615.5077900531198;
3,500,False,False,False,0.6666666666666666,576.4512457577966;584.918572036393;,190.3595573275933;745.3027285043457;
3,500,False,False,False,1.0,205.43885537163024;313.937038190164;478.1960594291421;,23.518412137047733;305.9126305097994;454.1248693669621;
3,500,False,False,False,1.0,496.51600563364946;401.2620874560931;414.3427759846966;,117.18489387293113;396.21651476501853;178.47208770488314;
3,500,False,False,False,1.0,535.7129140335011;103.53296947292674;294.4421225331947;,771.3960163857115;232.34283545870872;243.7118651489489;
3,500,False,False,False,1.0,519.3456646373486;174.74295937770898;553.6653318902705;,507.58063854698145;187.51788237010854;424.6550431259708;
3,500,False,False,False,1.0,176.9412388932826;180.15694792374026;1040.4659934734198;,233.78823972128316;498.18573265457394;571.194908811356;
3,500,False,False,False,1.0,165.12755624611674;256.74278207604647;349.40049382823753;,248.47326053770627;105.37852473820374;256.5745717669515;
3,500,False,False,False,1.0,613.5933876370201;540.2108207180477;614.0757346239246;,733.0500603022779;435.50587965907533;37.07173603849939;
3,500,False,False,False,0.6666666666666666,533.3235751109476;145.78570870962446;,284.3587411164698;191.81364406834845;
3,500,False,False,False,0.6666666666666666,805.8484970440904;517.6817496613623;,311.80518425521007;245.91806152618534;
3,500,False,False,False,0.6666666666666666,871.4248817752213;385.67364915758793;,168.67159900579398;573.3198302387278;
3,500,False,False,False,0.6666666666666666,1104.6758722809889;294.9750708257823;,315.26144478123535;590.9649386431989;
3,500,False,False,False,0.3333333333333333,881.9956238751498;,528.0625522375138;
3,500,False,False,False,0.3333333333333333,533.2546304933786;,58.67685317523858;
3,500,False,False,False,1.0,300.3177536080204;66.83455707041992;221.57333572558656;,338.6944313093436;441.1093840702249;75.41330728672274;
3,500,False,False,False,0.6666666666666666,338.7883220168341;1298.5430015064721;,304.35900616579136;863.2667933537446;
3,500,False,False,False,0.6666666666666666,1174.9607268556806;94.66394869418059;,653.709731108021;778.2666347828437;
3,500,False,False,False,1.0,346.7152863258249;224.62653266086792;204.76235727963325;,550.7315913970369;141.3605332574898;190.35240872267337;
3,500,False,False,False,1.0,356.83732349806047;38.693546797987636;61.00261965865601;,810.8873789666627;424.5638295478202;176.23166824379925;
3,500,False,False,False,1.0,288.1711343573814;739.2742650235296;479.10021104613355;,549.8585772582771;353.5778361510154;176.09937412042717;
3,500,False,False,False,1.0,798.0061398545969;527.2520749775617;607.606242187613;,716.9853752717273;136.90077842604302;445.5356295034861;
3,500,False,False,False,0.6666666666666666,875.2735576299061;435.8904262827172;,526.7053631583491;349.73174268149137;
3,500,False,False,False,1.0,192.1757419575014;457.7272731510929;232.0101264001405;,251.63305175091327;362.55646067807726;311.52631358405233;
3,500,False,False,False,0.6666666666666666,684.0547457433561;266.7982178089195;,393.7098222546795;44.319471537395515;
3,500,False,False,False,0.3333333333333333,422.8696552195593;,398.6540401784403;
3,500,False,False,False,0.6666666666666666,473.1749571190383;785.7158775462625;,103.74988249593767;614.9967952862912;
3,500,False,False,False,0.6666666666666666,184.63646337243082;1309.464250069641;,43.198165299641246;421.5545354979057;
3,500,False,False,False,1.0,119.01091091410251;227.17483295109892;491.8551994400106;,462.54045198362843;92.87556465404373;190.80507226365947;
3,500,False,False,False,1.0,213.32312599480767;367.60969775228347;759.7501664084879;,535.0167983167374;253.21113935500625;168.88180564596902;
3,500,False,False,False,1.0,358.5024521632733;469.0936867657344;360.6984712223759;,1065.6766890309098;488.3136250663747;141.3924274892625;
3,500,False,False,False,1.0,597.7985786153672;355.2035975910085;537.9005029099525;,213.8827388527645;288.4852060978126;224.20949324037596;
3,500,False,False,False,1.0,315.00904218360773;157.34254586298107;361.2552221002211;,137.3805522205878;264.65782221452827;275.27580997369455;
3,500,False,False,False,1.0,459.7700894544798;466.1742509974423;543.2003166319182;,382.9627643396435;44.15144113772262;697.2666129596687;
3,500,False,False,False,1.0,576.3809314553504;183.05351087269918;372.1711393538999;,579.8663265250599;419.84993495505324;909.4777417565596;
3,500,False,False,False,1.0,571.2722239725141;51.674948254949726;220.39852194467028;,457.1838774845488;464.11759418150154;288.46549399887624;
3,500,False,False,False,1.0,577.893480146408;549.504551018628;507.35929525127756;,545.7333779211472;341.9745098915042;337.9708148375276;
3,500,False,False,False,1.0,775.7454598172335;100.91356145445376;413.65890002691276;,851.308243852249;233.14152759592355;404.7136864816352;
3,500,False,False,False,0.6666666666666666,366.3682542368995;743.6976152521975;,553.0126178160195;279.7085549376591;
3,500,False,False,False,0.6666666666666666,242.32181767051227;128.43833608396326;,584.9946135157621;394.4176776723479;
3,500,False,False,False,1.0,299.2142689350448;363.4041948060341;655.6848114741937;,565.2738481990829;146.9739349631007;440.09757838525746;
3,500,False,False,False,1.0,298.3577738323726;293.0136630286786;1147.858410550667;,234.4412515213802;472.170856750806;469.24433046635414;
3,500,False,False,False,0.6666666666666666,137.05938810260338;1333.3659928946065;,81.37873295216563;787.9083115523662;
3,500,False,False,False,1.0,1351.8626622224126;319.6810788801215;324.5537370748211;,251.10167871306197;362.515573138517;329.4531914872769;
3,500,False,False,False,1.0,175.3530845478028;381.2629134269632;503.8141043759194;,760.1936521413731;397.86454496478433;304.70203266186616;
3,500,False,False,False,0.6666666666666666,396.8780042008178;766.8256542539212;,112.12078293956966;563.266445924415;
3,500,False,False,False,1.0,178.4695171459159;206.67145898223842;568.5628072579085;,291.95849357163263;216.90248904745008;231.2573238061251;
3,500,False,False,False,0.6666666666666666,206.63629202562075;2765.042121761489;,65.87933291892094;406.917749907066;
3,500,False,False,False,0.6666666666666666,472.5171582302879;1532.1534138902957;,591.0249008980871;161.26032974564234;
3,500,False,False,False,1.0,532.7458213387158;350.4730064819336;155.2276477049315;,310.7527805614115;850.3457775520234;101.41040102860691;
3,500,False,False,False,1.0,236.64804582979616;222.24408396570607;344.4593530676987;,439.975464670703;359.9013335287094;415.8525116895293;
3,500,False,False,False,1.0,668.6935345074027;216.52451531715877;191.75557832252017;,611.1974471159173;234.02808873046618;271.0064899996426;
3,500,False,False,False,1.0,169.18293047034612;191.7887800198745;41.4215828519205;,220.80754212814873;363.48356418394104;284.0124709091243;
3,500,False,False,False,1.0,427.48676125887897;311.17975626223614;400.8669922189439;,188.3013932346561;584.9113772104096;255.87886935377765;
3,500,False,False,False,0.6666666666666666,37.81842054020598;497.1425174736211;,399.3980791209236;161.70525865947852;
3,500,False,False,False,0.6666666666666666,210.0990684372865;479.07740629927963;,111.65023519904295;150.0954409155889;
3,500,False,False,False,1.0,309.42539913157975;909.0265517543967;390.0737208336556;,411.7623030698305;315.3241546639733;298.83150194130735;
3,500,False,False,False,0.6666666666666666,984.9318588352512;144.5737080514682;,499.5565290806084;318.1168168780245;
3,500,False,False,False,0.6666666666666666,475.3226523999434;1071.9746608890896;,222.63205657704478;492.60601952621295;
3,500,False,False,False,1.0,187.49451481422676;323.18780065905224;279.3875444666796;,94.87234157981673;494.9792421100885;102.73440205007893;
3,500,False,False,False,1.0,188.9324775478625;466.5560217526588;465.97475181040494;,211.63990797611203;496.1402790345134;269.8155637046088;
3,500,False,False,False,1.0,437.28508157882226;330.4198094899529;362.2599948098355;,132.2318279507717;189.01829211939543;356.30413442459536;
3,500,False,False,False,0.6666666666666666,298.64280280647205;334.0412175568874;,359.44016118359735;161.7829870595714;
3,500,False,False,False,1.0,204.03441602835125;554.1138185302881;84.34934113058462;,524.5759840107401;105.00648914205756;200.46414297064132;
3,500,False,False,False,1.0,113.62994299740186;311.5014146898111;432.95270307570655;,257.49286368443745;451.25768750490556;239.98688412565375;
3,500,False,False,False,1.0,297.8964807467371;98.57826749582877;353.34564041014096;,407.7443773526565;355.10207620800395;261.30151415197173;
3,500,False,False,False,1.0,235.5580470849165;91.91549740122306;168.86745312572128;,367.6424232737449;234.860080640633;288.6684377364289;
3,500,False,False,False,0.3333333333333333,261.58730013374264;,419.62514934356903;
3,500,False,False,False,1.0,192.9347360337579;304.6279349487185;459.8247082178367;,218.02517314114615;514.8169531441446;784.774225316391;
3,500,False,False,False,0.6666666666666666,407.69327222980576;260.18612601376094;,273.6654617144577;476.65812647564127;
3,500,False,False,False,1.0,154.33862480808824;194.3937686495253;304.00590656325943;,327.54556712543865;532.6010963648641;486.02853946929105;
3,500,False,False,False,1.0,153.21598042210243;269.9912410612371;504.8595387622945;,298.1198704383317;300.508964008759;592.7430305375469;
3,500,False,False,False,0.6666666666666666,325.8821432080171;153.90088545934685;,77.7417838464953;358.5338801146096;
3,500,False,False,False,1.0,193.84336769902464;259.0403287644277;96.5202700115721;,324.99278939026516;86.1191412202892;245.51621633516712;
3,500,False,False,False,0.6666666666666666,262.8013710562146;1090.0834231585975;,367.6865562757272;490.5863614629727;
3,500,False,False,False,0.6666666666666666,300.9667905642877;353.02300505314867;,631.6744595270061;723.9432287185235;
3,500,False,False,False,1.0,278.9668441926892;169.8293428630735;764.845721222298;,187.58981466303692;489.02786156509967;546.7691405012223;
3,500,False,False,False,1.0,292.85428795453674;165.6579866186711;545.0849595214154;,390.1791267997577;542.9571371166537;741.524649410255;
3,500,False,False,False,1.0,364.356068471067;389.8549041747098;683.1411460585769;,460.34949789956283;632.7047188675339;703.2616425807689;
3,500,False,False,False,1.0,221.49613244405177;106.05404305620063;308.7878501498441;,334.5239769631193;193.8759251815249;454.9322467574615;
3,500,False,False,False,0.6666666666666666,334.0291253638431;1026.3799378330107;,717.5315279070568;700.8734043060019;
3,500,False,False,False,0.6666666666666666,516.5415377338632;380.9239101931205;,523.5561337991597;518.5702151180384;
3,500,False,False,False,1.0,576.2292049795158;703.3370533421089;1865.2892741144087;,325.6857131050723;566.0398566527862;522.1349124033068;
3,500,False,False,False,1.0,573.4653245353954;204.15058994533078;483.57250322091375;,558.4861797240812;235.1048368839329;397.56539406607914;
3,500,False,False,False,0.6666666666666666,102.49561706594369;87.77163770980479;,284.66963868471476;250.28664343132579;
3,500,False,False,False,0.6666666666666666,624.7864789512931;1547.28437312142;,596.7849167586437;485.39112213956486;
3,500,False,False,False,0.6666666666666666,191.2193798136279;812.1979735846766;,210.2919067991386;506.32938248247865;
3,500,False,False,False,0.6666666666666666,115.6547701637565;517.9095069746452;,154.4503568265456;478.0077355865247;
3,500,False,False,False,0.6666666666666666,223.7811260481429;1207.1053955832479;,488.5500369139301;423.43801037646193;
3,500,False,False,False,0.6666666666666666,761.417089658309;515.1516984858156;,298.69031358342056;793.3383807941589;
3,500,False,False,False,0.6666666666666666,628.8988712491644;403.57530317752366;,540.3177091082727;402.49217722200405;
3,500,False,False,False,0.6666666666666666,97.60365812986726;685.7443057082761;,530.6760192620948;341.3374783596059;
3,500,False,False,False,1.0,682.4169340332672;222.12398294853622;266.85845038049666;,690.5959820331014;373.5020034850097;408.7434654148789;
3,500,False,False,False,0.6666666666666666,791.8651018122349;112.35174317111002;,123.22327500129337;372.4891720631;
3,500,False,False,False,0.6666666666666666,812.073875595125;281.7612931757871;,53.795734742441155;225.66198948123883;
3,500,False,False,False,0.6666666666666666,1185.7368469447074;235.50631967223583;,252.60650891132545;366.6856280253714;
3,500,False,False,False,0.6666666666666666,672.7254777141197;870.2073692684977;,254.58106912113067;890.3259482530251;
3,500,False,False,False,0.6666666666666666,840.00806274268;334.24526279691014;,351.93782776972574;441.13948721491323;
3,500,False,False,False,1.0,357.29126763848615;485.0090687948491;133.42100755607078;,274.39027942901026;640.0942339093972;169.89395431402977;
3,500,False,False,False,0.6666666666666666,215.83996218696922;1269.6537657447163;,362.2372421390552;272.70127716660625;
3,500,False,False,False,0.6666666666666666,300.5712653787451;234.01486184268947;,311.4579495030967;238.87511871952813;
3,500,False,False,False,1.0,101.34936437236314;176.5044306371571;61.103445200512844;,454.020741917948;686.3622444535861;467.91085297742364;
3,500,False,False,False,0.6666666666666666,167.8564799502555;806.9067429638236;,109.07205950339535;431.4535437099844;
3,500,False,False,False,0.6666666666666666,310.2207731142327;325.2109842299645;,393.49736458788385;329.3472873566856;
3,500,False,False,False,0.6666666666666666,147.64937608785314;229.65716872133862;,98.14678077208544;324.97175668105945;
3,500,False,False,False,1.0,244.90361724111807;281.4279197661654;259.2579196904375;,216.28553325104;891.5394968706944;186.01500331264995;
3,500,False,False,False,0.6666666666666666,584.4715325402245;268.07926149485286;,554.5069350985532;264.67935995115016;
3,500,False,False,False,1.0,168.34180788808985;473.4514192191911;164.75611951410608;,234.02324787066638;612.5332561462411;296.393905523217;
3,500,False,False,False,1.0,231.82653290944202;83.29066085177185;220.13779101877765;,342.36928427616016;199.20179352784461;231.53092351424272;
3,500,False,False,False,1.0,316.8640875274604;79.86958951161495;535.5258927445794;,706.2558417642076;102.41287426783161;336.71028671682745;
3,500,False,False,False,1.0,77.52854334407056;276.77892197589927;267.16271126259954;,161.61144331087002;373.3892084086253;250.54662457582035;
3,500,False,False,False,1.0,287.87766157065573;454.17004255282444;229.30255376932254;,425.8242130995153;470.1107072645482;218.48040389148503;
3,500,False,False,False,0.6666666666666666,164.8803211423567;740.1824208296064;,683.7546990666258;190.6660376805335;
3,500,False,False,False,0.6666666666666666,630.0001976950986;438.2252957456242;,44.037628223802535;340.6200305522861;
3,500,False,False,False,0.6666666666666666,361.83980565823526;245.1719368439748;,589.189174035783;382.9668370307377;
3,500,False,False,False,0.6666666666666666,332.88482125183805;663.7226761172794;,411.73966844877157;685.3498190440104;
3,500,False,False,False,0.6666666666666666,325.8483978328196;784.6852004875011;,792.5541415203845;388.1282264055666;
3,500,False,False,False,0.6666666666666666,239.96156277637607;74.24587658343506;,563.1929331211558;382.9940971962068;
3,500,False,False,False,1.0,326.23241395160625;174.23920933404875;412.6947188969033;,384.14585490815125;56.488874718712935;435.0018820753111;
3,500,False,False,False,1.0,346.9735241421503;152.1788235002036;441.0490248876291;,138.63404108767926;394.79331033893413;354.9887984598097;
3,500,False,False,False,0.6666666666666666,373.8413162252349;146.90052171881186;,377.0306310437654;409.9950714428981;
3,500,False,False,False,0.6666666666666666,381.3390551434954;2448.8328786910265;,112.56042807178295;658.4810746094743;
3,500,False,False,False,0.6666666666666666,427.6146082906682;162.81243810312222;,379.628373231913;233.3694271361428;
3,500,False,False,False,0.6666666666666666,261.833877366438;435.63431566182476;,408.1243523172071;316.5833262299838;
3,500,False,False,False,1.0,243.39903011051;210.47930772426423;248.23890160089996;,592.0572992558965;725.5408778824515;516.0678297620561;
3,500,False,False,False,0.6666666666666666,330.2562201109864;1282.6999953468612;,519.9422614288645;77.85261375850743;
3,500,False,False,False,0.6666666666666666,224.65048329809474;372.1988594415729;,560.0866272946176;604.6832182267425;
3,500,False,False,False,1.0,763.6443201734813;221.109110827111;302.04639889533036;,131.36480142070513;281.9799956061746;132.44737121651772;
3,500,False,False,False,1.0,160.87671949989397;489.3763506580839;781.4790331731781;,143.88768213459835;583.8276580378438;268.2386851570933;
3,500,False,False,False,0.6666666666666666,264.37536345848565;42.54611850006706;,191.45906703530233;314.2176328573108;
3,500,False,False,False,0.6666666666666666,288.75341346433095;569.2731929589838;,127.61579763873188;248.62928864278717;
3,500,False,False,False,0.6666666666666666,399.10896683285137;1104.825650251955;,481.51809917569034;179.31592882422282;
3,500,False,False,False,1.0,234.76430005747827;358.8221431180627;77.41641667253539;,524.0233385292672;66.3339804073885;251.66279726680006;
3,500,False,False,False,0.6666666666666666,203.38037590481372;595.6044119202091;,66.32540789237352;266.0003843520473;
4,500,False,False,False,1.0,185.08605021222897;259.64443615199593;419.2158503048192;656.0125589144525;,145.55837016379843;807.6373182087742;396.84250321591907;607.013585383673;
4,500,False,False,False,0.5,401.61784093551586;233.78466664812527;,558.1701493649131;129.34969210906684;
4,500,False,False,False,0.75,426.4231372643818;395.60533061201465;843.8698828936514;,343.69954048102693;325.17386315975995;816.3124996510787;
4,500,False,False,False,0.5,236.92718801135265;435.34761681584183;,211.23000673204086;582.3916009412392;
4,500,False,False,False,0.25,1336.9191801071188;,302.6657325312841;
4,500,False,False,False,0.75,298.0860769849623;308.11426002242115;552.840921338396;,217.71841391275723;409.0749347959316;527.1591546076722;
4,500,False,False,False,0.5,481.29870973437187;1058.1616071410149;,160.2299606545129;622.0393330491731;
4,500,False,False,False,0.75,152.86816819386678;514.6257165820182;478.5729493019513;,319.94451414469444;144.65301476715427;538.0684548908425;
4,500,False,False,False,0.5,188.1355608366159;628.1038846715843;,136.89385833770547;459.92451982686106;
4,500,False,False,False,0.75,227.66123027587702;136.7391262232475;1243.5458573144442;,331.6418284448315;172.44874890688968;490.09107006872125;
4,500,False,False,False,0.75,381.0279855990719;107.78229654870054;305.25434661019347;,723.7652326370452;23.913290617466792;747.801477730035;
4,500,False,False,False,0.75,269.94964470748323;615.8975815854208;815.172927041593;,273.80393818015705;348.2101734906531;825.0926920756101;
4,500,False,False,False,0.75,364.85331720743613;164.36864779521622;304.1709384562702;,512.1726898710704;519.8273513108934;98.28027862259876;
4,500,False,False,False,0.5,651.992137223334;586.0532052384476;,263.55003624751015;487.6207283270975;
4,500,False,False,False,0.5,245.52258347899763;3695.3379197823;,391.6044804504168;384.90204497008557;
4,500,False,False,False,1.0,112.00316636929531;515.8108167234793;738.8299087959384;668.1555198195376;,129.57863391027473;740.917010182401;334.35669696181895;370.87983192237533;
4,500,False,False,False,0.25,10.32298932179939;,516.5851702018825;
4,500,False,False,False,0.75,418.82494293692463;345.2322261087136;1129.4409551066815;,195.73406963766823;175.63309170424512;180.4102449435332;
4,500,False,False,False,0.5,611.2271711668965;386.64672459116673;,207.96007969691158;320.1030478619141;
4,500,False,False,False,0.75,425.7105838466215;351.0650016069824;1533.7858674887166;,620.3320349553849;263.2748452253818;115.26342504780823;
4,500,False,False,False,0.75,323.64864791855587;565.6365500534913;1168.6732395152421;,238.74487250515435;243.1388441608978;645.0675182702502;
4,500,False,False,False,0.75,311.64556825211633;1422.6583701494897;220.0412049962017;,482.9690962331341;265.521124557388;121.04288393116872;
4,500,False,False,False,0.5,2535.0438934677704;672.8327959327623;,151.18345064880103;336.33215660499246;
4,500,False,False,False,0.5,54.21620057193143;1064.9064448897325;,440.3902105154693;336.99581812714973;
4,500,False,False,False,0.5,1626.7444189526432;463.0483780504563;,506.4514784732199;331.15050180011826;
4,500,False,False,False,0.5,345.8678750994807;870.4064626272939;,359.16371531092096;634.1712792023881;
4,500,False,False,False,0.5,215.31471662870257;127.78606301210061;,256.57120409629096;256.9107196678319;
4,500,False,False,False,0.75,251.6904252027265;378.37702893533515;483.24285041783867;,389.4307136218784;80.93916868886886;754.5118957791685;
4,500,False,False,False,0.75,267.5438454716828;1428.6317663231837;1936.4450755554262;,221.68129619052456;350.84833073453586;593.6619609375903;
4,500,False,False,False,0.5,436.349398110696;478.03533551110473;,227.6793155280568;318.98633856919184;
4,500,False,False,False,0.5,287.7272260837753;1429.0466457471343;,440.6165448654592;374.23048090147626;
4,500,False,False,False,0.75,189.78592156399566;297.58132951376524;355.8487114196044;,488.7300071204703;313.4292162252683;159.5035244865179;
4,500,False,False,False,0.5,149.7793646632603;667.2893709040641;,106.7652539484317;472.6950356276519;
4,500,False,False,False,0.5,575.1561325746762;325.2288901604791;,518.0566113029696;566.4755140345965;
4,500,False,False,False,0.75,340.431342011758;3230.486237404735;223.43324906466552;,174.1445391509104;302.1759726339938;266.27245807547547;
4,500,False,False,False,0.75,359.5251912476229;1054.257209395799;68.70548987018849;,278.8077541474031;621.0908518041435;503.04500553374356;
4,500,False,False,False,1.0,243.41361222878936;541.3706561754991;80.07222151490781;543.5221127131192;,343.9719163884454;762.7274309123698;153.7302060978342;180.42019338793622;
4,500,False,False,False,0.5,1262.0802055062045;243.28277318715715;,204.8535231740273;259.0782021903985;
4,500,False,False,False,0.5,1763.3948700987662;108.04778663368008;,178.84417751263064;199.78783090289699;
4,500,False,False,False,0.75,782.2744492717737;590.4806920997128;121.16536171640851;,577.7365354037465;284.70644708832674;366.34079580141747;
4,500,False,False,False,0.75,371.3046591102155;162.0130825623254;1531.0975639505964;,377.47058959124087;84.53361935930997;818.9205800185314;
4,500,False,False,False,0.5,467.03188582509495;382.8069087389187;,399.31589022092686;413.96620622618514;
4,500,False,False,False,0.75,391.75273963094145;176.1264202371821;299.4595902839592;,119.6397317432294;736.6511689912296;238.35769291535962;
4,500,False,False,False,0.5,862.8024147263122;639.2998670270829;,137.03809061801786;196.07392147245542;
4,500,False,False,False,0.75,225.38461690910867;257.4718211533781;431.94689325335827;,428.5331950685455;319.70117627405284;435.24548875298706;
4,500,False,False,False,0.75,512.136328325558;247.51118873269863;207.56326929046475;,79.40670440182605;617.687281067331;226.50082685397854;
4,500,False,False,False,0.5,1086.2601367359446;1765.0253400537388;,180.99599776782986;191.48637110188892;
4,500,False,False,False,0.75,584.631592975504;1290.9397581386772;752.4068858602153;,287.8170203102563;530.8879647038121;391.3218608740848;
4,500,False,False,False,0.5,93.6441032004732;95.03379850138495;,25.79338704611418;228.63622253775702;
4,500,False,False,False,0.75,1468.4707519765038;470.6281384769563;103.57276312514438;,491.76322325896075;237.9423839620055;374.9545901418959;
4,500,False,False,False,0.75,541.1483941007091;290.36689401533454;157.06155314153216;,823.4349656430693;228.97003630365492;347.5361335136659;
4,500,False,False,False,0.75,193.34552255440843;386.016153040825;387.59658140962125;,302.56953320763955;378.9765128460158;497.88138844836755;
4,500,False,False,False,0.75,261.1241068396292;138.90810251499806;105.25081008741549;,382.9677250811915;582.6305714806908;325.92177561761525;
4,500,False,False,False,0.5,234.11912446124174;1422.4687385621478;,257.1103754067576;503.81977407868277;
4,500,False,False,False,0.5,1265.6036640332995;465.59808885743917;,412.91048804745964;523.6913837731015;
4,500,False,False,False,0.75,446.56021639794744;1353.2747622912225;309.1906233093617;,449.7340704136573;334.58487920172007;551.9441824279808;
4,500,False,False,False,0.75,523.7342657809553;1370.5330730680453;331.78232362024613;,716.4600444514059;304.21809597883896;628.4132714391967;
4,500,False,False,False,0.5,354.4301303806819;1253.8137857859558;,376.8861831728812;213.08554361579775;
4,500,False,False,False,0.5,2079.8196352572472;588.830355078318;,361.63550282721593;232.7912450761023;
4,500,False,False,False,0.75,287.8833065688318;640.7697165983631;429.18809088482067;,282.41040070956706;472.71495886619283;306.8129652266938;
4,500,False,False,False,0.5,238.1335326715631;749.9094104350467;,180.6324881386069;747.211886933046;
4,500,False,False,False,0.75,194.4442489373429;407.32459605446786;323.05192142544684;,513.6201524484025;269.9753880720211;250.87497492341245;
4,500,False,False,False,0.75,422.669679114666;1214.6902894953203;419.63105007506454;,214.8502482587175;446.32663166721113;465.36491996909746;
4,500,False,False,False,0.5,265.1890173597047;109.21187874186442;,186.41879057163038;282.986534040441;
4,500,False,False,False,0.75,444.40259202812024;274.8199093621928;296.8264603914916;,220.68428346554825;216.20534073554964;263.8799401542383;
4,500,False,False,False,0.75,406.10533100875995;623.8589973792637;65.88897001954321;,500.00086270386936;395.2084908679095;315.72748169764606;
4,500,False,False,False,0.5,459.42054947572353;532.0960642023309;,832.8055131158492;928.1367889859454;
4,500,False,False,False,0.75,283.24483275428463;453.23164146601334;944.4021136457069;,630.1757544876191;158.83901152049845;1087.3302560878064;
4,500,False,False,False,0.5,1493.8962762777512;216.34947724280107;,246.80084023532282;275.24003906115286;
4,500,False,False,False,0.75,719.6736462456645;898.4529960342221;1998.730689243733;,192.68786353727398;232.65959831714702;512.7648362951943;
4,500,False,False,False,0.5,706.9295952009024;435.16913161178655;,191.60002613332435;510.5599070437596;
4,500,False,False,False,0.5,1057.1290732858315;1157.0512960200738;,260.7290863084032;224.89146117969037;
4,500,False,False,False,0.75,69.86576659355956;1080.6262621437418;540.7454248725559;,72.30202951778716;414.4161175287813;404.7373796640659;
4,500,False,False,False,0.5,775.4904769605131;498.1592859805124;,388.39840378338533;507.202120834223;
4,500,False,False,False,0.5,784.1386196149897;395.12514644527056;,522.261281707058;1028.9124986270674;
4,500,False,False,False,0.75,244.61946288839746;255.33152552976787;479.2990165323945;,195.5270670262386;289.8958253773616;103.98237501595733;
4,500,False,False,False,0.75,196.70832228679808;1297.0168070082325;473.6618585645102;,305.04592695757776;273.14361390911534;245.51250851072746;
4,500,False,False,False,0.75,632.3661208183471;296.40156101946627;729.2559713303773;,425.58601164609354;247.80990889431757;569.007260652431;
4,500,False,False,False,0.5,326.86064202560743;620.0136284791387;,92.90190705718173;454.4047529105858;
4,500,False,False,False,0.75,575.7946718020559;532.2887786171453;316.392368192217;,390.994563872307;272.58690663927007;222.5036174491424;
4,500,False,False,False,0.5,429.8365473477216;362.3799126734157;,223.42865015597806;291.3450749359381;
4,500,False,False,False,0.75,155.47309003909882;84.16319387006872;560.1619045367144;,209.40792065561698;218.43500133682915;159.7219621234774;
4,500,False,False,False,0.5,1189.2463698544084;378.58531966052493;,486.2378834193299;575.1259352273956;
4,500,False,False,False,0.5,1075.4446472518953;1654.4281854430783;,256.06584220672926;497.8097381791424;
4,500,False,False,False,0.5,521.1975285673485;1558.0070748781534;,325.7215321611639;344.1378130545154;
4,500,False,False,False,0.75,90.31355366443337;51.5412078582915;1927.3687673775917;,561.6345445755014;452.57266460093143;73.67726339864974;
4,500,False,False,False,0.75,256.3911623625784;1424.950906432861;151.21787326420323;,106.38761817634938;211.91880392590676;281.94038227437875;
4,500,False,False,False,0.5,394.13406015690265;636.9752508569362;,575.3136137763535;444.25659188928813;
4,500,False,False,False,0.75,482.79393049671035;315.16698096430724;2021.1570345157406;,575.9879372738883;317.58100723254654;673.8177709257028;
4,500,False,False,False,0.5,452.52083003618463;3107.2816097735586;,339.2910620538987;67.47701944214627;
4,500,False,False,False,0.75,109.7959603621105;365.4811665290378;498.02131742339697;,341.43757791121476;218.61974179887565;231.1013248908984;
4,500,False,False,False,0.75,352.92393304028695;33.789825400581734;287.40761255246144;,633.145103413406;495.77337326929154;210.61687739031132;
4,500,False,False,False,0.5,113.34731156201015;1237.755167526957;,622.5959066713622;293.6474268994924;
4,500,False,False,False,1.0,295.6397508115955;232.41370524448712;322.06566008893583;169.40523371127355;,239.28941514991425;387.411034448021;468.7083188691042;336.2689571863781;
4,500,False,False,False,0.5,3631.107080743296;303.7032377244394;,98.3555669585402;321.5759097273696;
4,500,False,False,False,0.75,408.3729697562708;171.74065419534412;263.4559445932593;,499.8364604468024;633.5746000621017;210.7769507719562;
4,500,False,False,False,1.0,87.4566964868156;576.3676186952388;478.5706072995428;137.9202506695995;,341.7321289785984;352.42696729434067;297.28869831448;246.0836043323582;
4,500,False,False,False,0.75,117.03222001404335;329.33074844745073;3466.0967402353253;,212.58225643111695;495.3992603229184;937.3979686562864;
4,500,False,False,False,0.75,204.63149703564324;154.9436366032643;760.7067992762952;,270.87166680348344;578.4592228109249;209.16040815167096;
4,500,False,False,False,0.5,1267.4288501995693;1751.4339915615587;,206.83665552311706;565.3503825888447;
4,500,False,False,False,0.75,1046.6317947035939;518.4343898728879;898.7580314233542;,247.76724634497785;359.83794513520985;231.55353310665384;
4,500,False,False,False,0.5,984.0688019505726;451.3000549696521;,257.7499951721869;433.0740708758533;
4,500,False,False,False,0.5,273.48345145442124;162.9657705354404;,430.61363231122215;365.57449230123325;
4,500,False,False,False,0.5,1224.6056848575313;96.90901943325193;,349.25450920783754;99.15654914569248;
4,500,False,False,False,0.5,1064.8431605418834;216.676827770654;,271.64733457739334;184.04684102617094;
4,500,False,False,False,0.75,314.9114324294389;327.1833553347385;1410.1176120066223;,450.9841159533694;577.7288302368158;380.12102375442015;
4,500,False,False,False,0.5,261.2820563238799;304.3022668996109;,172.77117128263336;114.65114402657747;
4,500,False,False,False,0.5,221.4792292056693;830.7896222195726;,55.276171128987784;243.53709195358968;
4,500,False,False,False,0.75,255.35047443687594;2028.8466889889255;1748.6931647004365;,459.1376528418759;146.78341788362047;131.59343220406598;
4,500,False,False,False,0.75,553.2326613798626;432.5809233273704;1238.467994503959;,485.916908121141;256.82133419850913;598.165654881899;
4,500,False,False,False,0.5,292.1661849964984;229.57529171712198;,70.4509583574492;355.79080696097157;
4,500,False,False,False,0.75,659.0425248395047;1335.9394705644938;590.0314782465034;,154.80599371476478;334.4720599318678;315.4657105280758;
4,500,False,False,False,0.75,623.8785545130343;2095.611473972509;103.80816583792532;,266.3441855242921;405.86587346535634;252.5370714890617;
4,500,False,False,False,1.0,457.5796288580244;280.7188650164963;395.0572652711687;217.55819958251698;,284.05014382776324;160.10939628406007;454.6860185309945;392.42882963689766;
4,500,False,False,False,0.75,611.0603842476356;232.17321425899266;939.0033699549103;,338.7020353942789;435.6140169214423;211.56539077739134;
4,500,False,False,False,0.75,288.2617253680013;88.90994866980498;1398.7246234227;,635.7795143071559;212.17531271533886;494.1003113671378;
4,500,False,False,False,0.5,64.98089811609661;1269.300785077163;,48.52653979269047;596.2389367841214;
4,500,False,False,False,0.75,65.52292979320171;1139.7168896313483;698.8984406819659;,188.13359830340644;229.4752339576528;499.5007640485652;
4,500,False,False,False,0.75,163.42758811419046;633.7420486932663;82.86962420172995;,765.6708413542857;190.00677597747642;320.3316693417692;
4,500,False,False,False,0.5,827.6364149400061;151.21524272528436;,466.33240246565475;227.82736462776447;
4,500,False,False,False,0.75,274.51606527866034;299.938508441138;182.26973795127714;,449.19096943332175;351.99651915433753;488.96223235069823;
4,500,False,False,False,0.5,131.68423137272256;1289.4245301954054;,182.46136199356394;330.2557017715941;
4,500,False,False,False,0.5,688.5746184426818;1316.0700919345475;,590.6934031714349;510.82930473208035;
4,500,False,False,False,0.75,588.446642311502;976.0044507167407;332.0132931436551;,317.90014455737077;200.89475554870694;554.0682088277043;
4,500,False,False,False,0.5,361.9850946510723;927.6130022181478;,381.1350535879427;609.2641864146971;
4,500,False,False,False,0.75,578.233035706966;183.0896676734009;795.3386636750357;,591.7077205697846;549.9641006849001;139.47665271357775;
4,500,False,False,False,0.75,123.60163699576769;1080.707832652211;395.67459522834974;,399.85389508903677;218.95973136310445;435.7430411282787;
4,500,False,False,False,0.5,3069.647656331584;518.7635245490782;,206.74931655253235;142.38659309938134;
4,500,False,False,False,0.75,412.49278515876784;933.8246169756976;971.9181805379137;,266.40950569737146;304.31990512604483;335.29861510835093;
4,500,False,False,False,0.5,628.553953901957;523.5736775437998;,347.50521337652725;191.83885568707464;
4,500,False,False,False,0.75,303.5023665121931;757.3930911038517;298.61076576455406;,576.9682622596306;373.2558552224409;578.2216550037602;
4,500,False,False,False,0.75,1089.30958047414;418.37961091298416;680.4431844307844;,74.03306615857908;499.18162443085413;696.6517965930313;
4,500,False,False,False,0.75,1544.7979261153941;230.51010253755092;736.4511351288673;,606.49138318077;367.3455760553071;724.0587283283023;
4,500,False,False,False,0.75,379.821597363505;269.9359284279664;2288.960902902501;,581.43901391217;465.5407552992681;656.8040671567516;
4,500,False,False,False,0.5,212.88181681140836;833.3126779241046;,190.55653892806177;443.33352835283205;
4,500,False,False,False,0.75,450.4878710359167;210.08625334369128;937.7723940694259;,149.4977713211746;83.0405478963298;317.72222410524495;
4,500,False,False,False,0.75,145.27771935985956;738.8912999353887;1758.604752919901;,229.43237920087384;417.11668841095894;691.7685961434221;
4,500,False,False,False,0.5,205.22729988535457;346.8844385050531;,293.58461017034955;277.5919259651743;
4,500,False,False,False,0.75,297.95195788934745;673.2979116875489;812.6715302482854;,697.3802320186486;432.4000158611501;220.19853676233652;
4,500,False,False,False,0.5,1569.3683693743217;619.8428027309604;,314.2436677483631;533.4603225453718;
4,500,False,False,False,0.75,207.19215238338532;142.9059883756253;894.7523838137754;,487.49006251304155;257.43092548953314;117.7556046535572;
4,500,False,False,False,0.5,1630.9601882654501;1583.3102371879659;,693.7485522813557;372.8088136391867;
4,500,False,False,False,0.75,591.5305351571764;258.4930016272406;187.15125597988617;,136.31479045116552;479.0833394912158;802.1640218021039;
4,500,False,False,False,0.5,300.35663813211806;436.9735637666968;,123.53752109197862;314.72635717246965;
4,500,False,False,False,0.75,189.62563841367972;566.5832130185286;2457.1026376705036;,336.67661783442;556.1069896571877;263.5370186550068;
4,500,False,False,False,0.5,641.514446408546;578.5759745039444;,662.7767419275691;648.7548763309452;
4,500,False,False,False,0.5,173.85975794134117;1508.8171990895546;,279.0063533166562;68.7263140288741;
4,500,False,False,False,0.75,512.0068177138091;536.5942728571972;496.14391520950517;,315.93206736809697;660.506456089124;568.2841095550552;
4,500,False,False,False,0.75,680.0518578288047;1405.6829623982253;146.61553384768345;,480.187192849;428.37622339223736;462.66687219406606;
4,500,False,False,False,0.5,272.77727277164473;307.6176860722369;,401.8858082669512;159.47308523024577;
5,500,False,False,False,0.6,454.5693766247322;255.99137435876912;764.7078304691609;,552.7614114911572;164.8888158808633;43.62932078027439;
5,500,False,False,False,0.4,331.14931965518065;1568.8934085290864;,253.43823959738697;392.4065807191464;
5,500,False,False,False,0.6,1580.2572600798694;718.6253520014353;19.500061524125588;,351.0300877082355;283.6078668845077;411.19992412368725;
5,500,False,False,False,0.6,1578.0742704300924;951.9046935447716;1529.9345181932079;,323.88035598597594;529.8617542617275;469.1213017077574;
5,500,False,False,False,0.4,322.50554662495557;245.3108603077368;,388.69630276521286;311.6027269166023;
5,500,False,False,False,0.6,1292.1779409044364;107.63500716549949;384.45254197579936;,446.20310329737794;376.39724618380217;529.4690108912248;
5,500,False,False,False,0.6,1368.0459369389864;493.70667402334954;701.52258044152;,896.8009726939505;216.98749911780388;574.6826090802248;
5,500,False,False,False,0.4,714.1260694993776;723.4194620808156;,624.3330125469121;455.40618776540487;
5,500,False,False,False,0.6,232.939058746135;568.3774850455409;4161.2876626211955;,223.1388350530121;188.95660921909408;188.76882961480808;
5,500,False,False,False,0.6,1012.7734702006109;279.6341698166446;186.716241180014;,435.3749930155998;531.0254936521671;269.12873852990396;
5,500,False,False,False,0.6,293.8729062025159;1007.5443371110357;229.1827245773389;,562.0206866554265;751.5932115668239;262.46336530173227;
5,500,False,False,False,0.4,1338.5568225334891;479.0617835461424;,248.55440713169185;593.5155356261328;
5,500,False,False,False,0.4,324.2055063244835;2394.593205960361;,307.70486761056594;271.63601825447876;
5,500,False,False,False,0.4,728.9832821496005;606.0704409389283;,390.14615351743277;281.16047986466566;
5,500,False,False,False,0.4,691.212598210744;272.8895296493142;,204.01092223469394;520.808381628381;
5,500,False,False,False,0.6,269.55697273835546;233.87578494769957;617.171360820383;,300.0005748836697;252.29802483382713;268.92918237904274;
5,500,False,False,False,0.6,587.4792067019124;1042.339252172663;389.61478067144577;,550.7651257200522;110.0120319146984;324.3327303966849;
5,500,False,False,False,0.4,560.4549091177543;504.2060445876165;,633.1320344017267;670.7276117565349;
5,500,False,False,False,0.6,554.9702360497544;419.90451635852736;301.9236604556019;,435.1416810957694;76.52640920399094;515.7646302451542;
5,500,False,False,False,0.4,2599.985882458501;447.2190771413698;,68.53289704035276;465.0759169759801;
5,500,False,False,False,0.6,693.6527050759605;1045.7966532737594;792.7895771296683;,247.1600295775558;305.3053025568428;458.93080641867186;
5,500,False,False,False,0.6,157.81658212884773;1507.5236588599744;790.5082446471303;,261.35602723441485;263.41826946422907;110.31260439327556;
5,500,False,False,False,0.6,285.25579373275946;220.4518524794102;234.84918822757786;,448.5065181949642;186.28135264861066;139.10820357687996;
5,500,False,False,False,0.6,487.7412621528354;405.08248436356337;190.3565905055642;,394.9473975229348;605.9979661092835;232.24432178243364;
5,500,False,False,False,0.4,471.52290273332983;575.7554439909932;,416.5399106139924;207.46407395172128;
5,500,False,False,False,0.6,759.7405069849608;185.02446035789347;1591.442910138952;,204.131693711672;525.9586442502354;331.9385214442457;
5,500,False,False,False,0.4,385.8608503804114;466.38558021655086;,207.01985301468656;73.04058632997788;
5,500,False,False,False,0.4,452.18098195333846;650.8817529561267;,731.0396180511914;275.41430847479086;
5,500,False,False,False,0.6,371.0054076363173;1320.0283795479531;61.20766432370603;,106.96748386704317;729.2986278144346;272.122260951459;
5,500,False,False,False,0.6,480.9711269503133;295.72916207721454;1977.8037649038781;,268.2829356695443;548.5913608835215;882.8080835410799;
5,500,False,False,False,0.8,603.4202257389796;795.5657210605915;238.5759424007478;443.98709400081225;,349.4399400514141;319.70716357447554;598.884822272153;121.51140874762359;
5,500,False,False,False,0.4,163.22656650923886;935.7297785589552;,344.4540401483089;211.88797535325585;
5,500,False,False,False,0.4,982.3844391333511;386.0906069301675;,259.73268768188774;365.18099257441776;
5,500,False,False,False,0.4,497.9320658539463;1068.8686788389389;,238.01116242327805;286.8778855997285;
5,500,False,False,False,0.6,378.6924501948583;884.1044098186983;611.930803304558;,737.5125188160624;521.5457983965047;215.71933761322137;
5,500,False,False,False,0.4,529.9794848443283;478.61766663276194;,41.771872610184225;63.39380787448691;
5,500,False,False,False,0.6,857.662048558422;474.6521985635708;59.97030823520296;,323.18357583869425;594.6200671244601;155.85189255299838;
5,500,False,False,False,0.6,475.1564598966037;1595.5103437754487;501.9884034004473;,383.4599595198136;597.3128709454267;444.8653411582459;
5,500,False,False,False,0.4,289.92178117968825;245.66139536014006;,392.3319220173259;194.95018978493755;
5,500,False,False,False,0.4,380.56451419606105;1754.312415202402;,480.6374188949586;168.793568741192;
5,500,False,False,False,0.6,613.7382459760627;655.7631607760186;1095.436168145163;,715.1036629200913;223.93079107621747;623.3185616052134;
5,500,False,False,False,0.6,1114.7387666407549;591.9527141902332;199.09561347564016;,263.8213659242017;280.5407759309409;650.1022416097471;
5,500,False,False,False,0.6,312.847228590047;200.97993899031366;71.67245738024347;,229.3583606866979;244.74122538639986;209.29603005036793;
5,500,False,False,False,0.6,263.9950816291798;336.5173810559261;236.53103845865783;,337.41558418922017;529.9551199229875;325.3694195418815;
5,500,False,False,False,0.6,647.2547081534575;353.6711833398174;1493.4254283620749;,551.0730295837664;338.843421991082;383.78917539128497;
5,500,False,False,False,0.4,597.5073066150122;177.83775811668357;,822.4115023158242;323.7645012350442;
5,500,False,False,False,0.6,202.68745637122902;381.2654188496401;1522.9859375602562;,263.8688913970725;553.1411473609784;300.67930414927525;
5,500,False,False,False,0.6,234.87548027730207;823.4903117089336;553.5368673518061;,368.0982120650149;246.59753593136034;200.40094274855144;
5,500,False,False,False,0.6,455.68539118875134;388.39870300032163;1245.1635437481293;,201.82526840355868;268.19023968631103;592.6135319238074;
5,500,False,False,False,0.6,4090.8475004745133;557.9397746712207;1293.096106163524;,436.7097177454225;573.0919562934099;574.513765181878;
5,500,False,False,False,0.4,432.11557890173594;312.11307881417946;,545.244010072754;244.88561909716853;
5,500,False,False,False,0.6,282.4436706091514;217.60477112373965;1734.2981593703685;,223.16928426570482;159.9972845415259;336.33359164365226;
5,500,False,False,False,0.6,557.0430091137044;374.98693933696023;1412.1129709438655;,120.5592313982728;413.46748256438525;654.0978054738255;
5,500,False,False,False,0.4,738.7415277892806;635.184699136575;,659.512626290942;430.2825586989202;
5,500,False,False,False,0.6,1359.6750831458344;913.1026936684976;444.4468959012808;,382.9128527149234;481.4006676381065;360.8565477494357;
5,500,False,False,False,0.6,671.8045034287358;1604.8224438309053;345.440253755481;,578.0434995508205;448.73396567266644;262.9129981108012;
5,500,False,False,False,0.4,365.9380136861732;294.8766697460999;,123.08530940668716;197.81788362118198;
5,500,False,False,False,0.6,544.3145455036776;153.11693149950642;901.545420363501;,249.039337671048;170.54108635333245;385.5096517286209;
5,500,False,False,False,0.4,705.2093463107234;908.3102750570432;,636.0817976578016;211.2532171117337;
5,500,False,False,False,0.6,746.8173480309326;178.46237949099546;217.68349693485584;,752.0119827139235;41.19215901527267;431.31181284450423;
5,500,False,False,False,0.6,275.98717945619705;1370.71699409495;618.2262034920682;,163.8767881151004;983.1120408484073;599.2646856781575;
5,500,False,False,False,0.6,669.3765654304684;444.6389211522702;1395.9650079821342;,592.7532707081733;581.802199840015;639.4948774875443;
5,500,False,False,False,0.6,386.4960912470741;3728.916760781091;252.9868010812358;,315.13369742179754;185.44020787047572;323.46575005483345;
5,500,False,False,False,0.4,161.7961351301897;786.7351338350267;,278.27479117833695;182.06948697909488;
5,500,False,False,False,0.6,426.1370174126341;335.08810188557834;1058.9605042170417;,424.8823755049879;290.10656428714026;254.51892022554435;
5,500,False,False,False,0.6,75.81534194326306;903.1418926424795;213.8417646554913;,416.6773023503421;248.5399142631512;122.0144636733624;
5,500,False,False,False,0.6,851.6086866378052;92.23862967307305;1101.3573984885722;,798.0582607526908;347.62594158430124;517.005586044944;
5,500,False,False,False,0.6,496.29130710531973;1151.7668255169478;625.742276808476;,404.17168125909194;689.2807111269364;239.48854086226112;
5,500,False,False,False,0.6,1748.6319648224103;1107.6051453641376;251.3793370215042;,310.2809373783977;196.62911834879782;216.8507164011789;
5,500,False,False,False,0.6,123.15203266770688;110.6681628639426;1544.8012134509577;,303.3193372847942;153.54306207676424;421.4671451840703;
5,500,False,False,False,0.6,1374.507939713103;595.5785012582916;460.9975464921691;,218.90814534792736;659.9513222022206;810.7843406437203;
5,500,False,False,False,0.6,1396.934406214976;188.04115009640128;146.78668963318847;,506.5952416424525;320.2965086054795;409.8279889095678;
5,500,False,False,False,0.6,1081.7052852316044;508.940238575363;78.8301282482954;,466.0044646228932;679.6650215214627;473.14883087814957;
5,500,False,False,False,0.6,675.4963112549058;104.03204352483276;499.8476571721269;,609.3269950509183;215.93560116997693;174.91263980416556;
5,500,False,False,False,0.6,247.15164706503344;1357.8863991852054;1093.022016579783;,259.31643851615405;263.65832701349456;292.4469887570903;
5,500,False,False,False,0.4,701.1411973468302;300.6631032864356;,264.1032838936479;288.39160907150705;
5,500,False,False,False,0.6,463.18049729948973;1161.152072080504;395.34070603182306;,372.7096499906956;430.7544277436602;380.08787399692807;
5,500,False,False,False,0.6,717.5482472315628;1278.2388801516645;148.87778258076284;,518.8171696926261;477.3630001855541;253.31168268321807;
5,500,False,False,False,0.6,504.45146358233313;3036.1559077120746;187.93290201288772;,158.67374805058495;542.2449456488603;785.8647612896856;
5,500,False,False,False,0.6,445.3454994886684;3566.494279681092;188.4426620394621;,638.1290649681646;100.21967031682613;298.45271470433994;
5,500,False,False,False,0.6,336.33741162817716;4845.227296411397;344.6906510281316;,47.951081401647194;740.1414609601671;276.9114470638363;
5,500,False,False,False,0.4,998.2872571996405;737.144863378538;,331.7390846830183;489.78625752300167;
5,500,False,False,False,0.4,1569.636428343053;969.2338484147605;,218.99611586561514;200.48805902684487;
5,500,False,False,False,0.4,611.4864563041408;1091.10466770734;,737.4343803253583;354.1318082937661;
5,500,False,False,False,0.4,696.14990222363;278.09780668522876;,540.3949602522193;275.65060884480494;
5,500,False,False,False,0.4,1550.7702681513133;261.0188622506497;,507.81126723030854;301.486487623217;
5,500,False,False,False,0.6,609.2685448589971;482.6182727358668;369.8817789857856;,197.03165497995113;333.62830552562485;117.45945290633932;
5,500,False,False,False,0.6,394.6305946361377;2816.1550019336228;322.58430579285243;,92.84798535716024;454.2920166572555;460.41214676346294;
5,500,False,False,False,0.6,72.67962363492185;185.7477354826139;1073.2133957758267;,118.27049603526648;365.10330342245993;346.1286596470761;
5,500,False,False,False,0.4,792.5649442869377;212.16050955242198;,358.9913892289585;236.71912027181892;
5,500,False,False,False,0.6,466.9709938124988;199.55197517282363;349.68675547425516;,191.33926010000718;302.53467987027665;562.3727210143979;
5,500,False,False,False,0.6,1102.5087578362093;132.63900107952998;2643.3838244010576;,502.6260389500061;258.89981166980004;403.32582870442457;
5,500,False,False,False,0.6,645.4237264414339;261.3124161527495;246.71754521028527;,126.38335104974784;392.40978498058854;292.25787053015665;
5,500,False,False,False,0.4,372.89876190857206;2072.6492850908085;,342.153509209901;545.7809430228056;
5,500,False,False,False,0.6,601.1352427997373;752.5124751185382;1056.1409117912015;,279.7516749173897;577.3330366456788;503.00565489485797;
5,500,False,False,False,0.6,255.3943220129961;1279.1700258142512;410.2844084650804;,58.94713029433203;343.8706963305376;400.04834454382706;
5,500,False,False,False,0.6,267.25361976738014;188.15982080928094;1540.3869692882188;,1072.2685572700623;113.39853710675958;51.19398249960303;
5,500,False,False,False,0.4,406.46223442374384;148.4496799797112;,97.92778405081968;45.21225371005094;
5,500,False,False,False,0.6,250.69605708288753;225.6464638492371;1485.31319736713;,81.8903138562673;507.97295506363463;231.22789530402576;
5,500,False,False,False,0.6,420.44022703412116;94.7280658531997;602.132907791137;,451.1930642065781;859.8985385897407;452.905626324536;
5,500,False,False,False,0.6,186.11225409942705;429.24650520204426;1088.4160743388916;,284.026207825442;555.8420788876042;507.74798501075736;
5,500,False,False,False,0.6,379.91537114338877;2001.6450093548376;399.04993156301725;,325.84695367831335;158.68876576788116;311.4878792530995;
5,500,False,False,False,0.4,185.82835297393908;345.64642924495405;,221.67028916571286;236.5021658368966;
5,500,False,False,False,0.6,161.120714632794;589.5214180331579;262.34127724953385;,218.59087891245008;207.33134674885443;694.6902490111065;
5,500,False,False,False,0.6,715.3700794985688;316.39865383367265;515.6259994286721;,470.46113366489834;269.627624403173;765.8182480395539;
5,500,False,False,False,0.6,311.2272866062652;1933.4081021644058;777.6693872764312;,558.3076404528741;410.4701671429415;1055.0208169289067;
5,500,False,False,False,0.6,380.69074862741013;103.43128036597044;206.37904369141464;,272.95641052501753;313.6410958309265;121.43192813830214;
5,500,False,False,False,0.4,213.84572043127505;1020.8085721531896;,233.98547196115948;169.10231098605806;
5,500,False,False,False,0.4,223.7519542863713;734.4727605959652;,514.3824974274468;700.6125482801349;
5,500,False,False,False,0.6,142.2632738152167;559.5220138689497;96.33178999458772;,388.4246439554194;213.44469083152893;335.9635931604725;
5,500,False,False,False,0.4,762.7296716542471;991.0236255107019;,609.9040731589854;360.57398423433364;
5,500,False,False,False,0.8,373.5366769647778;375.07024190919924;456.3761058459579;1582.916829103101;,613.8054291972161;466.8017929803895;212.99671541484727;485.4072901612523;
5,500,False,False,False,0.4,255.45836045894407;2970.2852769790397;,141.10420743051688;285.27575289012657;
5,500,False,False,False,0.8,362.78628215147876;872.6576954929373;973.0572643235628;595.5085564836586;,509.39505744869234;132.89433124182793;134.15578741671192;450.7574275116344;
5,500,False,False,False,0.4,846.9016084898897;561.0839974267486;,297.07754345702796;569.0472593162064;
5,500,False,False,False,0.4,1220.9691284577586;59.2621553191591;,66.32246178373812;248.26636034515195;
5,500,False,False,False,0.6,990.2551875219959;964.0693973817718;414.36945392940794;,576.6869654630992;245.82827925475553;89.67252684393588;
5,500,False,False,False,0.4,1322.1123183249472;349.1658829203536;,889.3988153507066;1038.7622799875742;
5,500,False,False,False,0.4,415.25342445895836;435.39503894812543;,42.119542348728665;283.3553380537121;
5,500,False,False,False,0.6,780.1734368168302;453.48602459688743;537.5322800364028;,555.6957178782385;142.1421956002536;487.84548826245907;
5,500,False,False,False,0.6,316.4335221505979;725.5517241337344;703.2910639863078;,365.83221620613574;114.23530168640389;145.54079053428222;
5,500,False,False,False,0.4,367.5196914024032;702.239054546436;,487.77375970725757;178.60031832994758;
5,500,False,False,False,0.6,203.93362579387042;935.2636571490699;264.472371346866;,58.937899974105186;320.50909127479787;248.41081810692856;
5,500,False,False,False,0.4,296.5102254722036;654.9785199438683;,527.4719664438786;233.86098827829684;
5,500,False,False,False,0.4,162.18132381611727;1156.9602208760057;,458.07309532907476;438.1339214285645;
5,500,False,False,False,0.6,696.3805394884457;406.6610936454303;1031.3334955392627;,731.4860526228643;664.1417274332309;235.2136684482022;
5,500,False,False,False,0.6,373.26982509659535;721.6301455689074;866.7095128242709;,721.9802355052097;182.06829516854293;397.08746544148545;
5,500,False,False,False,0.4,2973.355318241698;383.54792402191;,203.78093326255316;425.5326909579833;
5,500,False,False,False,0.6,2361.9634656027893;845.3236947772538;280.8127331681628;,332.8023743355059;302.1639776897025;508.49964889762384;
5,500,False,False,False,0.4,611.581893918736;302.75430894393145;,356.4547248120675;482.89669395448004;
5,500,False,False,False,0.6,1668.458413901895;873.4354762604073;505.9100137569179;,501.31116627578484;94.0945630196801;621.9974917929992;
5,500,False,False,False,0.8,159.047656501328;419.83673587583223;136.52609034553714;1071.7321592081666;,390.12282661731666;259.79278985448786;534.1133699553671;212.90292928923247;
5,500,False,False,False,0.6,119.06393352671557;347.8878518462135;781.0300318579709;,661.9076779675045;414.96503447295845;502.4119573822588;
5,500,False,False,False,0.4,1314.6226901415928;1312.7512066410009;,386.0698050931602;699.864086871264;
5,500,False,False,False,0.6,345.69764763550216;1160.6846085987836;304.4220804250549;,19.619882509339043;457.5667409257661;743.4668057900014;
5,500,False,False,False,0.6,504.26092102024444;699.8796593248254;489.9221601456942;,609.796657608113;438.06577458094256;576.310926513509;
5,500,False,False,False,0.4,106.82142277958594;496.98333096557667;,717.9433207319428;232.99592518442105;
5,500,False,False,False,0.6,2458.740344184958;389.94473731650623;197.04161418622803;,411.41242040241485;545.1395193385292;271.3667643836594;
5,500,False,False,False,0.6,249.87957244059692;323.50117542337097;410.5447862093593;,365.73146948309875;256.29929275872576;362.63508724079384;
5,500,False,False,False,0.6,2476.509259972838;418.6623167785329;1592.4777976301536;,418.16775215278886;403.5654141836098;274.6239553966784;
5,500,False,False,False,0.6,403.7058717111317;660.4039110001371;648.0340318810531;,94.69647313254154;281.8010693410657;225.19972245672557;
5,500,False,False,False,0.6,257.56940044102646;453.0727700765682;500.4164484522629;,336.8304455160443;251.4222806537611;429.13058532459087;
5,500,False,False,False,0.8,658.0629449044844;923.2076647890758;243.96824309317776;379.11573192029084;,399.985997397896;292.36988419074476;380.8371164445967;632.2800543602377;
5,500,False,False,False,0.6,1595.9306726704726;351.92394087402704;327.880554088561;,339.4566064059263;129.30972698194728;269.38327376456454;
5,500,False,False,False,0.4,333.4389691932468;64.57406844680285;,247.58146488763205;786.71343061168;
5,500,False,False,False,0.6,402.3777979798127;1314.5569199200772;1504.8561439218413;,281.6431922499004;302.5935357706478;538.2528686142501;
5,500,False,False,False,0.6,479.1414608419718;237.58449951129327;1587.206360203157;,376.88679983303155;170.33482989084334;49.245606735137024;
5,500,False,False,False,0.4,622.8736078940116;1560.6534305630046;,204.27951425144497;380.63950432794024;
5,500,False,False,False,0.4,372.7135109747932;10.088988027541925;,885.0553231072641;352.2343617741977;
5,500,False,False,False,0.6,167.08871434723028;787.1591798353913;936.6075686600153;,274.6246215879903;347.2020513132414;360.8867337852257;
1,750,False,False,False,1.0,682.861136891308;,679.7976596155571;
1,750,False,False,False,1.0,633.7869471995175;,155.23118740870436;
1,750,False,False,False,1.0,655.9491791376141;,1300.2069998255522;
1,750,False,False,False,1.0,551.621329455836;,736.216745213492;
1,750,False,False,False,1.0,104.8890101535232;,492.6872455151771;
1,750,False,False,False,1.0,101.72246994539577;,98.32926009947043;
1,750,False,False,False,1.0,227.47043038776556;,528.6569846169846;
1,750,False,False,False,1.0,360.4192687066563;,487.24014512509547;
1,750,False,False,False,1.0,605.3551520848584;,752.0235467309035;
1,750,False,False,False,1.0,1039.842383288426;,431.7840907588065;
1,750,False,False,False,1.0,646.0802922465716;,1031.7282626012413;
1,750,False,False,False,1.0,633.6786285378321;,534.7425187068767;
1,750,False,False,False,1.0,302.45489051530564;,383.0587405386827;
1,750,False,False,False,1.0,311.946083760873;,560.0976793378522;
1,750,False,False,False,1.0,433.9107227446743;,269.8269895487344;
1,750,False,False,False,1.0,354.583720374774;,483.5792701558919;
1,750,False,False,False,1.0,334.22875255702655;,516.7746684020437;
1,750,False,False,False,1.0,104.24063846306782;,602.1024144697518;
1,750,False,False,False,1.0,551.1048140996727;,586.71693353019;
1,750,False,False,False,1.0,526.58485669283;,258.14117900985065;
1,750,False,False,False,1.0,435.9249748031954;,594.155892408916;
1,750,False,False,False,1.0,329.54842195438033;,372.2248809182886;
1,750,False,False,False,1.0,213.76964617376734;,554.1530300388316;
1,750,False,False,False,1.0,651.9391881708484;,803.2492789438132;
1,750,False,False,False,1.0,545.1517918811287;,358.0981829688546;
1,750,False,False,False,1.0,143.85653520590705;,496.76821531755354;
1,750,False,False,False,1.0,709.2097013387828;,1105.9958146566005;
1,750,False,False,False,1.0,662.4334133102908;,507.37006816617037;
1,750,False,False,False,1.0,179.82455658725434;,712.2081441746034;
1,750,False,False,False,1.0,426.2693446387648;,227.90783970879014;
1,750,False,False,False,1.0,554.8553936627698;,612.2446593199547;
1,750,False,False,False,1.0,521.6974107548052;,375.015421634725;
1,750,False,False,False,1.0,581.3418903988119;,1082.284563748003;
1,750,False,False,False,1.0,434.0699180696469;,1024.0846958404036;
1,750,False,False,False,1.0,319.9178282685681;,456.7650867991761;
1,750,False,False,False,1.0,390.8015140109777;,1006.5617491005647;
1,750,False,False,False,1.0,607.4424830613401;,1355.3435467780043;
1,750,False,False,False,1.0,326.22823745115653;,319.4264680218738;
1,750,False,False,False,1.0,322.7592585033166;,239.563617990405;
1,750,False,False,False,1.0,520.7049343882384;,289.8223722035805;
1,750,False,False,False,1.0,355.88096838106816;,682.7351461100696;
1,750,False,False,False,1.0,491.3424053563526;,506.1751999807306;
1,750,False,False,False,1.0,538.6358692723638;,680.4061572349914;
1,750,False,False,False,1.0,402.1235596718375;,350.7061407438979;
1,750,False,False,False,1.0,354.14387458316605;,684.1476849248273;
1,750,False,False,False,1.0,509.7472563587822;,644.3736465374857;
1,750,False,False,False,1.0,337.19060828558685;,355.23914223011536;
1,750,False,False,False,1.0,188.7737318854858;,230.10743611604298;
1,750,False,False,False,1.0,50.78875974337071;,6.594531500138765;
1,750,False,False,False,1.0,280.50281301401014;,427.5798869341595;
1,750,False,False,False,1.0,426.76180695723747;,691.2305842591784;
1,750,False,False,False,1.0,247.41406785949212;,247.6129552067516;
1,750,False,False,False,1.0,425.8411702575901;,720.128615273833;
1,750,False,False,False,1.0,80.26050715718729;,440.1051358500365;
1,750,False,False,False,1.0,533.7212284938684;,1008.3208161323272;
1,750,False,False,False,1.0,556.7469841145326;,592.1760351615864;
1,750,False,False,False,1.0,367.0196889287268;,361.8450303427016;
1,750,False,False,False,1.0,355.73743997970325;,378.8196050702161;
1,750,False,False,False,1.0,488.83375210165593;,1033.1087801596561;
1,750,False,False,False,1.0,267.38149775236786;,219.87891951219237;
1,750,False,False,False,1.0,290.2230838643583;,690.7834564222954;
1,750,False,False,False,1.0,351.12139639384384;,533.4722511231577;
1,750,False,False,False,1.0,126.45156723070369;,766.5141181031784;
1,750,True,False,False,,,
1,750,False,False,False,1.0,148.04248748927947;,376.6079107519822;
1,750,False,False,False,1.0,211.33774472075604;,238.02721933287498;
1,750,False,False,False,1.0,221.584308006518;,460.27606476947284;
1,750,False,False,False,1.0,628.4887671364778;,292.2665622753271;
1,750,False,False,False,1.0,414.3870110320391;,994.2951558835432;
1,750,False,False,False,1.0,346.77303426623286;,269.42245798428604;
1,750,False,False,False,1.0,574.1421457313718;,1245.4226887622483;
1,750,False,False,False,1.0,754.4267674297232;,1334.9747882739925;
1,750,False,False,False,1.0,236.76375308894282;,489.0172252154563;
1,750,False,False,False,1.0,261.060884339161;,640.0902538937569;
1,750,False,False,False,1.0,283.26996170339936;,501.6367174147394;
1,750,False,False,False,1.0,415.6502074606395;,395.2485501009566;
1,750,False,False,False,1.0,338.27454599092727;,894.3574878509874;
1,750,False,False,False,1.0,568.6288594565987;,698.4809954616154;
1,750,False,False,False,1.0,323.2912905691217;,811.9940672543306;
1,750,False,False,False,1.0,545.2835920400747;,721.033304832723;
1,750,False,False,False,1.0,594.8832255450372;,607.3055336513114;
1,750,False,False,False,1.0,320.32282843324913;,505.83320057845845;
1,750,False,False,False,1.0,609.5678731242814;,797.2005833213178;
1,750,False,False,False,1.0,597.0118250823314;,1112.4741987201653;
1,750,False,False,False,1.0,380.0799812230966;,194.89229696697828;
1,750,False,False,False,1.0,590.1825460172623;,533.4861018698193;
1,750,False,False,False,1.0,459.73935088382973;,519.569125357382;
1,750,False,False,False,1.0,110.61596595047912;,703.8664155331247;
1,750,False,False,False,1.0,397.23873435002196;,478.38762577513546;
1,750,False,False,False,1.0,396.42896537179763;,796.17906204301;
1,750,False,False,False,1.0,266.08692027502826;,735.7220925859932;
1,750,False,False,False,1.0,646.4325671917713;,1047.6129945841358;
1,750,False,False,False,1.0,584.789350689802;,1009.8258308452969;
1,750,False,False,False,1.0,687.0448574677093;,378.36706906111095;
1,750,False,False,False,1.0,464.4817069552819;,786.3873329048087;
1,750,False,False,False,1.0,658.8549858079751;,1246.468105507197;
1,750,False,False,False,1.0,518.4065202148983;,294.86516042253265;
1,750,False,False,False,1.0,177.86639437578566;,242.66096164860264;
1,750,False,False,False,1.0,213.67487137867252;,787.9826737107874;
1,750,False,False,False,1.0,516.0535089573938;,376.4946620871608;
1,750,False,False,False,1.0,584.9098662640997;,726.2505448163066;
1,750,False,False,False,1.0,284.9138338873049;,720.2024891632469;
1,750,False,False,False,1.0,497.66135844001155;,591.1220751967084;
1,750,False,False,False,1.0,117.77741839191502;,300.17282601185326;
1,750,False,False,False,1.0,60.60131431812733;,146.16761040227684;
1,750,False,False,False,1.0,456.65485750762275;,476.9802905732571;
1,750,False,False,False,1.0,332.29458494920556;,164.2569224960404;
1,750,False,False,False,1.0,631.6092813078916;,510.08244676171313;
1,750,False,False,False,1.0,209.66541615952514;,352.1438800584775;
1,750,False,False,False,1.0,308.24261734807556;,257.72908962998576;
1,750,False,False,False,1.0,218.1088439429483;,386.79521498957644;
1,750,False,False,False,1.0,1190.2602660651442;,946.8630827080485;
1,750,False,False,False,1.0,390.2244481247142;,340.83007238466445;
1,750,False,False,False,1.0,120.65685115504381;,588.017649358657;
1,750,False,False,False,1.0,191.51162341042453;,195.353774369791;
1,750,False,False,False,1.0,290.98006798648265;,441.90677442049883;
1,750,False,False,False,1.0,265.7991823920529;,443.23830043958964;
1,750,False,False,False,1.0,411.692720245202;,810.2130639779206;
1,750,False,False,False,1.0,202.4323765536153;,269.25635845180756;
1,750,False,False,False,1.0,834.8345165735451;,1292.0865525612376;
1,750,False,False,False,1.0,772.8479307118886;,992.6162154130271;
1,750,False,False,False,1.0,289.10472891883995;,182.03981749408192;
1,750,False,False,False,1.0,423.03420768076376;,704.3958398222372;
1,750,False,False,False,1.0,212.722123463769;,139.20038750052714;
1,750,False,False,False,1.0,185.56034802199076;,125.80458027949553;
1,750,False,False,False,1.0,96.02109355842367;,285.5347520450422;
1,750,False,False,False,1.0,223.208656835541;,493.22667235512085;
1,750,False,False,False,1.0,594.163816087653;,297.0266472900747;
1,750,False,False,False,1.0,460.89059699031935;,540.2027390162652;
1,750,False,False,False,1.0,392.31924323400125;,655.4710943643867;
1,750,False,False,False,1.0,214.5836294335149;,587.9597339359507;
1,750,False,False,False,1.0,854.0346213433378;,1325.7207672734098;
1,750,False,False,False,1.0,222.0480024355019;,336.1274627085856;
1,750,False,False,False,1.0,302.1498663812975;,1128.7402798493574;
1,750,False,False,False,1.0,31.002437315887097;,275.5877051026825;
1,750,False,False,False,1.0,522.3422959210518;,496.4784473380322;
1,750,False,False,False,1.0,500.53290900451765;,662.2739278551447;
1,750,False,False,False,1.0,640.1899468757533;,929.2204864615861;
1,750,False,False,False,1.0,532.4034880611831;,649.2808340936997;
1,750,True,False,False,,,
1,750,False,False,False,1.0,350.2293495240291;,198.43575421136208;
1,750,False,False,False,1.0,652.0645698347391;,556.3752642071844;
1,750,False,False,False,1.0,475.01576409229114;,742.4337524470124;
1,750,False,False,False,1.0,315.9937170198258;,357.6990398354627;
1,750,False,False,False,1.0,394.809362409431;,416.8020268385353;
1,750,False,False,False,1.0,177.3927471683939;,196.85626098676912;
1,750,False,False,False,1.0,356.5373721661139;,347.566679105184;
1,750,False,False,False,1.0,205.65447140397592;,708.492461534416;
1,750,False,False,False,1.0,402.83571930687253;,87.24019023460536;
1,750,False,False,False,1.0,775.4347876248883;,601.8436097954982;
2,750,False,False,False,1.0,181.25603510524328;528.8468068987364;,305.57421670580743;963.2140447981665;
2,750,False,False,False,1.0,802.252291405749;373.7279733599397;,958.0791839864321;461.92794781480745;
2,750,False,False,False,0.5,340.5835104064094;,240.53962455397073;
2,750,False,False,False,0.5,128.72339678451036;,476.09862850179155;
2,750,False,False,False,1.0,219.42834457564933;536.526781208561;,1075.8096723539502;276.93258946608375;
2,750,False,False,False,1.0,181.4351126416785;569.3510852793199;,548.3046142768284;666.3668726916327;
2,750,False,False,False,1.0,347.70235886491514;834.8296281840273;,611.3114178055896;818.9283452740523;
2,750,False,False,False,1.0,318.40343979533463;611.3998923049511;,320.4705222406289;599.5145573325975;
2,750,False,False,False,1.0,576.0154122682832;252.73184495776994;,516.1932866509529;611.2030489317962;
2,750,False,False,False,0.5,733.4684932047337;,588.5046734564378;
2,750,False,False,False,1.0,237.8661214838876;614.9701092731425;,313.63718949297896;395.2627870366097;
2,750,False,False,False,1.0,830.6535491724237;690.6649391556085;,918.457278287668;966.5472445605042;
2,750,False,False,False,1.0,376.48536730040905;413.2403458330624;,541.120723178905;401.3665502330248;
2,750,False,False,False,1.0,373.8620134843641;497.5339290106708;,632.8370928801012;586.9346975825894;
2,750,False,False,False,1.0,474.547102223524;624.7115137057325;,648.1269642713789;416.44237182308404;
2,750,False,False,False,1.0,824.782839527493;430.6846451031445;,1378.8925712176656;258.9875860175474;
2,750,False,False,False,1.0,400.5544572831056;528.1695286730653;,607.2890938431015;687.2317010391398;
2,750,False,False,False,0.5,1057.9369983893935;,575.3320511317038;
2,750,False,False,False,1.0,222.51903809837563;523.3289324601004;,78.02529054230578;884.0209908146658;
2,750,False,False,False,1.0,665.7326666006285;1345.487916258542;,1011.1388042862948;877.4447692291924;
2,750,False,False,False,1.0,400.1386171232421;406.69996926659906;,375.0063952360636;315.62592517737687;
2,750,False,False,False,1.0,616.6063364372686;242.5863604070003;,898.5517181590664;595.7311569125067;
2,750,False,False,False,0.5,142.78340406826285;,332.8354121281558;
2,750,False,False,False,1.0,631.3679754157737;604.0890748066273;,716.7334606156985;519.3118786820089;
2,750,False,False,False,1.0,419.3438279641507;545.1890153494521;,608.5820282348502;750.2251342562097;
2,750,False,False,False,1.0,262.57562152362095;493.35907896858595;,357.5705705937922;620.6274450128952;
2,750,False,False,False,1.0,1145.9562008192215;750.9996606291329;,1511.3250730910281;792.5532717318644;
2,750,False,False,False,1.0,197.38664092073978;349.6843393639514;,417.782962629293;652.4105392613436;
2,750,False,False,False,1.0,571.0361561224329;828.1336143504633;,665.8159165594096;531.1296674555037;
2,750,False,False,False,1.0,523.6030436551521;77.598299140778;,770.2210540061659;76.0977253926554;
2,750,False,False,False,1.0,136.9714961956844;421.49922069956716;,186.87135400294;1343.9693173903752;
2,750,False,False,False,1.0,741.68958247915;285.35844102835256;,509.9663351790959;827.6586902421644;
2,750,False,False,False,1.0,705.5995157106915;277.662033203105;,717.8231888981629;762.2449312506612;
2,750,False,False,False,1.0,372.2967685356764;464.44408912707445;,177.93250787702195;507.7192367612145;
2,750,False,False,False,1.0,426.7054269179615;169.44980767238135;,1098.5321356517359;233.9769066113464;
2,750,False,False,False,1.0,454.264084767624;969.5216051560501;,537.154863350872;373.25275353591934;
2,750,False,False,False,0.5,313.1064366193977;,636.5571919484671;
2,750,False,False,False,0.5,1020.5279108647547;,1042.117915492078;
2,750,False,False,False,1.0,858.5465299533765;91.5304042378344;,960.2274230149011;504.02347929771554;
2,750,False,False,False,1.0,474.37543774430776;673.478962348472;,544.5804883773943;76.64930619295133;
2,750,False,False,False,1.0,738.1775776509494;369.48695596506775;,734.574723902671;347.78291908047123;
2,750,False,False,False,0.5,86.54793205095615;,288.73506395491967;
2,750,False,False,False,1.0,653.7274509569196;867.3419466121583;,782.8072082280944;693.5948625903136;
2,750,False,False,False,1.0,381.58322987912163;552.6137427551167;,216.83311245039573;889.1448334811283;
2,750,False,False,False,1.0,249.04174647476157;678.2248510107786;,1002.4078528872542;881.5937263403707;
2,750,False,False,False,1.0,197.69924174156748;723.1111146080581;,490.73286693572754;1281.6441229949216;
2,750,False,False,False,1.0,457.94433424205266;513.2347427346342;,448.4188333466818;455.64142359142477;
2,750,False,False,False,1.0,102.45257115384227;138.40473338749442;,560.440190943124;383.45434690925214;
2,750,False,False,False,1.0,927.4757018910929;619.9702021419996;,244.77530468230356;641.3446422503304;
2,750,False,False,False,1.0,804.5909050947662;315.09266134663267;,773.8250041752441;249.69296728075065;
2,750,False,False,False,1.0,316.00271586675416;824.8503281254822;,485.0470834750632;792.1153499656859;
2,750,False,False,False,1.0,565.3983993363694;358.5992321809812;,481.21140901633754;607.2718966691646;
2,750,False,False,False,1.0,148.66920289882236;131.37424102524037;,443.5321566656502;357.79632190506493;
2,750,False,False,False,1.0,134.57196582641646;632.455696625848;,285.25820203898263;719.4519382269508;
2,750,False,False,False,1.0,142.6582022462893;683.5779871982602;,486.9305852947772;1247.444968596173;
2,750,False,False,False,1.0,389.81785626836466;471.4626731508026;,74.67849332070863;693.9051354047925;
2,750,False,False,False,1.0,1070.520770617861;242.84995463517015;,1100.2274088266695;467.46870914826883;
2,750,False,False,False,1.0,612.3731810839232;404.8109966779953;,938.0556920916616;870.5194076776258;
2,750,False,False,False,1.0,633.9931739479917;267.79058936152893;,814.0590396849126;313.2213914268421;
2,750,True,False,False,,,
2,750,False,False,False,0.5,694.6948364771303;,72.6241393204368;
2,750,False,False,False,1.0,430.5498804858123;437.58218042180084;,654.1192558838051;489.0821516195803;
2,750,False,False,False,0.5,230.44101252879588;,80.10126802590938;
2,750,False,False,False,1.0,334.2419463557708;68.20823886446678;,345.4454339364812;189.66815323769563;
2,750,False,False,False,1.0,173.6672055281568;141.42818547484922;,271.322060940122;237.77499611792422;
2,750,False,False,False,1.0,115.82225701907927;337.5722334788599;,795.3538017218735;444.32539515536786;
2,750,False,False,False,1.0,726.6637710057801;534.4715551789723;,693.2756320242257;698.920317229734;
2,750,False,False,False,1.0,606.5743839173066;582.5892069917887;,1176.7198899703146;734.6486316911677;
2,750,False,False,False,0.5,1256.8007568942965;,777.7394947276097;
2,750,False,False,False,1.0,354.15102912480535;657.3852359565274;,1309.6320538912632;645.3291070131501;
2,750,False,False,False,1.0,270.40543703029766;518.4273595981884;,534.0374776462211;456.1814562251272;
2,750,False,False,False,1.0,191.99852975611083;619.8952392852657;,118.35171968537598;364.04657198607094;
2,750,False,False,False,1.0,840.860138727409;480.5455429425253;,288.84634998033874;545.3900700742824;
2,750,False,False,False,1.0,754.1110294446271;300.32890527612403;,1122.3166741972914;86.74770491145436;
2,750,False,False,False,1.0,274.8569752052739;246.87641772982354;,413.92108088715435;120.17981841463171;
2,750,False,False,False,1.0,12.975357512863653;34.1211909167154;,142.79220503611646;835.0325585357815;
2,750,False,False,False,1.0,615.9771846464214;738.166273128326;,448.73199663911237;395.4307586426563;
2,750,False,False,False,0.5,1060.4850304056952;,837.0492951447237;
2,750,False,False,False,0.5,298.86562064911857;,342.82276740233624;
2,750,False,False,False,1.0,361.9727233230469;127.83338287181519;,453.19973079223706;795.1193913400377;
2,750,False,False,False,1.0,661.0490099246689;197.81924531770133;,615.2781924691271;412.97743465375595;
2,750,False,False,False,1.0,268.5845213896912;68.89731117499277;,743.4199667460762;934.66824153598;
2,750,False,False,False,0.5,1105.7520221538848;,936.8582442272037;
2,750,False,False,False,1.0,579.4276906533091;430.79247933810245;,562.9172303892633;614.3834205794036;
2,750,False,False,False,1.0,595.5383580377685;627.5857287581924;,234.4927624485983;688.9797687503834;
2,750,False,False,False,1.0,514.1825555328527;1186.377885358353;,695.0019556841777;771.3283628819697;
2,750,False,False,False,1.0,425.6949639875351;328.59994112628243;,544.8083217368379;656.1127178993496;
2,750,False,False,False,1.0,289.2185061191025;388.4928131561061;,206.7901098670211;221.68283471697842;
2,750,False,False,False,0.5,631.6566707279103;,404.5215031085864;
2,750,False,False,False,1.0,547.8244922525826;768.660655043258;,883.890293532673;640.4459572117197;
2,750,False,False,False,1.0,72.77296038664271;468.13606249862175;,743.5929459558084;682.5090727440036;
2,750,False,False,False,1.0,424.5691919675816;316.25317025228014;,346.5599982739418;149.1204260155995;
2,750,False,False,False,1.0,206.132345890704;512.221301626278;,636.2388410020943;580.153897745176;
2,750,False,False,False,1.0,1019.2741796971944;603.6839204852075;,1130.0837676803458;1551.0943256731161;
2,750,False,False,False,1.0,557.3032900840994;500.2507948756357;,1017.0464351724448;1000.173963918178;
2,750,False,False,False,1.0,473.30476831242777;353.92540739743833;,749.5527218503614;735.5670556792834;
2,750,False,False,False,1.0,299.8483878581728;467.79222947275974;,580.2342317316889;457.69114707780466;
2,750,False,False,False,0.5,653.0209456278182;,432.03601997013254;
2,750,False,False,False,0.5,882.4200174187106;,697.001179231068;
2,750,False,False,False,1.0,355.8466512636852;389.0305883510276;,703.5075393012465;196.7000028769892;
2,750,False,False,False,1.0,813.6841300427961;821.5296778753443;,481.99470233183496;692.1952565853074;
2,750,False,False,False,0.5,480.6701919379465;,200.41871356373568;
2,750,False,False,False,1.0,108.52283309874456;200.1013976768562;,158.845876413945;279.6200992198588;
2,750,False,False,False,1.0,507.3421116521102;163.78748448911557;,262.1228643084914;727.182951810578;
2,750,False,False,False,1.0,489.6493891822738;974.9327331001577;,903.0369485581285;1263.9852343153939;
2,750,False,False,False,1.0,406.0572094264528;497.358270919648;,193.51227265864773;671.3592046128754;
2,750,False,False,False,1.0,211.237427600892;318.2906452448683;,601.7327264349393;195.62900308801946;
2,750,False,False,False,1.0,327.3785655378107;753.8402417338301;,510.47875410465883;742.7334899567323;
2,750,False,False,False,1.0,389.0780107757542;705.5725776413669;,847.6905842503327;703.7665324089329;
2,750,False,False,False,1.0,672.5978964421157;403.9939135287806;,810.2153407522513;418.18555858998474;
2,750,False,False,False,1.0,220.04661055647517;753.037224030177;,154.13021970689516;761.7369639098034;
2,750,False,False,False,1.0,171.97997202306203;653.0994097565484;,467.78871755117916;646.049258349354;
2,750,False,False,False,1.0,478.80479802662137;435.23665255401;,1217.387341108549;572.1182641979782;
2,750,False,False,False,1.0,271.1306594561695;326.62512580595666;,680.1832524831242;749.8217117735666;
2,750,False,False,False,1.0,889.3031784711957;466.8746041290593;,894.7584014977487;559.4251967221062;
2,750,False,False,False,1.0,293.95567543731266;420.18356828522525;,589.7743686735366;317.49289803630404;
2,750,False,False,False,1.0,868.4451107561664;335.5386673490441;,479.91683086788186;728.2455617270533;
2,750,False,False,False,1.0,651.2988353947231;157.46655394470636;,942.4247873483041;170.03881607388857;
2,750,False,False,False,0.5,642.3744543148085;,130.55189731511365;
2,750,False,False,False,1.0,234.92900311164183;328.83004477144266;,201.15510325295324;310.383058307633;
2,750,False,False,False,1.0,1392.3472396692919;1168.2426735297802;,645.4018064137929;87.09129370875989;
2,750,False,False,False,1.0,520.209371368008;1085.6770912360932;,791.1562659322219;382.68013976265456;
2,750,False,False,False,1.0,532.9896299497863;181.97396424879605;,735.3681460718257;326.11923521333927;
2,750,False,False,False,1.0,112.95999108970291;778.2071614393753;,337.5082835801613;260.80841967222415;
2,750,False,False,False,1.0,306.57929657732325;842.6729856278217;,177.49953764340722;1194.097083296163;
2,750,False,False,False,0.5,1208.2474075130663;,554.5529225279878;
2,750,False,False,False,1.0,541.2692935683574;485.89121582354414;,739.5163263501342;688.737442679979;
2,750,False,False,False,1.0,287.85969944862546;78.54088914107521;,821.1670530809704;262.5894195209422;
2,750,False,False,False,0.5,1507.8802041562565;,742.8291820205625;
2,750,False,False,False,1.0,317.32891917839436;253.4326934871378;,971.4041054290848;243.08042058335081;
2,750,False,False,False,1.0,198.69618909585924;43.9050912882264;,422.89321609409075;339.37746880150837;
2,750,False,False,False,1.0,496.67871769586935;710.5264430028601;,127.07830267954235;944.7764529290406;
2,750,False,False,False,1.0,226.8093704621996;341.57567171259194;,215.1124521679792;102.04309631716113;
2,750,False,False,False,1.0,726.9745892869659;445.0313889455992;,1097.3640217708144;426.6013554331071;
2,750,False,False,False,1.0,873.1569053535725;510.16853058441905;,234.49751881695346;127.03792703435956;
2,750,False,False,False,1.0,954.5394338385313;809.3814198826083;,286.5533345041456;703.4110785109385;
2,750,False,False,False,0.5,342.2174702710773;,296.5457310453491;
2,750,False,False,False,1.0,791.3814870817006;729.7415403250366;,750.3514365880862;783.6032295245188;
2,750,False,False,False,1.0,351.8984105771808;289.2430062503551;,579.5608531289802;413.45222895848445;
2,750,False,False,False,1.0,351.76090195669434;524.8381210118832;,545.2439386817057;207.45859915834149;
2,750,False,False,False,1.0,1047.9105838598412;569.5247493618722;,986.697618625634;597.1536956949269;
2,750,False,False,False,1.0,180.86379200787718;976.1056066839757;,968.5014587259527;680.3658066162873;
2,750,False,False,False,1.0,414.5430378294896;313.0109038349715;,849.8518826649688;372.92377941943096;
2,750,False,False,False,1.0,368.16274182952816;98.65384456316934;,1056.9441505256814;371.32824279415274;
2,750,False,False,False,1.0,608.949287247465;283.49505273136674;,1232.1571280544952;418.040251468082;
2,750,False,False,False,1.0,198.91381908869198;301.54853925254474;,194.35092139483453;241.5861130227157;
2,750,False,False,False,0.5,656.5909730419914;,615.5528647285115;
2,750,False,False,False,0.5,789.2026333871515;,398.55030627802637;
2,750,False,False,False,0.5,611.1505722373211;,905.6759114821082;
2,750,False,False,False,0.5,1067.0348726817929;,435.1174138589735;
3,750,False,False,False,1.0,369.669327149633;2259.6233114540037;384.98993923758593;,655.2845931878117;813.6080135318141;458.7169131272947;
3,750,False,False,False,0.6666666666666666,1346.2594504757406;666.0898164322933;,460.32321236952544;621.4073126225584;
3,750,False,False,False,0.6666666666666666,325.3203973922042;1067.749151747449;,374.86746819478077;471.6204898544386;
3,750,False,False,False,1.0,490.7265639345255;639.9747212367764;525.599832304196;,680.1815310672572;619.8278178205774;615.9637705675912;
3,750,False,False,False,1.0,331.8590162471406;352.5720712989624;458.4222787182666;,133.04212919834555;92.35151698054257;662.5486310572792;
3,750,False,False,False,0.6666666666666666,113.49876013107085;102.63126342561785;,602.8739175407871;492.7511083967798;
3,750,False,False,False,1.0,919.6568798297252;163.5954540254926;103.14758047182966;,877.5286603271709;374.4012634322499;272.2359940135606;
3,750,False,False,False,1.0,659.2311510162854;481.8430025564444;937.1795365644723;,827.8356528606358;427.3761635129861;1035.6225934756749;
3,750,False,False,False,0.6666666666666666,628.8105021613663;702.3472772589093;,800.5064158968154;360.98180542933676;
3,750,False,False,False,0.6666666666666666,196.63497133879537;89.37176480179997;,444.42203949190326;376.67189171534676;
3,750,False,False,False,0.3333333333333333,410.9005752366102;,476.43408578393496;
3,750,False,False,False,0.6666666666666666,499.75652106895626;281.13418971847227;,532.68189716671;928.575374610204;
3,750,False,False,False,0.6666666666666666,1387.3477357665954;1968.7662198442722;,337.77767794146365;489.5565060438139;
3,750,False,False,False,0.6666666666666666,1592.1445291688503;320.41977649020663;,460.2457817183394;755.9988388588694;
3,750,False,False,False,0.6666666666666666,739.340840232245;600.7528599109293;,797.1981682955861;721.1283347834988;
3,750,False,False,False,0.6666666666666666,196.4853933947336;915.6115490096499;,625.2551289507921;917.7415420669986;
3,750,False,False,False,1.0,282.4400028303939;444.4797576994527;178.72091044138395;,304.5882456522945;574.5250886712712;290.73462029311116;
3,750,False,False,False,1.0,277.8948150230721;3310.8160892384158;990.5049664704773;,305.1826005603857;1106.7159013479284;1160.9543079649927;
3,750,False,False,False,1.0,453.13794995029315;215.24595236435394;263.06921656781924;,694.0048211230904;396.7862422226167;390.7577500625245;
3,750,False,False,False,1.0,751.0604459041751;450.3319145117432;353.30893024690346;,1581.9228165969753;289.7961151938918;549.8450138228974;
3,750,False,False,False,0.6666666666666666,458.1289000428944;219.60181559066916;,876.3303515417894;191.50306093818074;
3,750,False,False,False,1.0,528.3468880717803;544.9893435454204;191.28067213385043;,659.2363135267793;122.30602567136725;248.01169530954476;
3,750,False,False,False,0.6666666666666666,445.39541813357584;258.54624860818467;,493.983137057725;323.0832191051928;
3,750,False,False,False,1.0,277.153293045;685.8055374024524;476.6982864230914;,515.5901360023848;572.8005110986949;208.09884956130426;
3,750,False,False,False,1.0,279.7292099170959;510.7025643584584;791.5333819456488;,556.6778456712074;409.04783426997955;584.4419918398193;
3,750,False,False,False,0.6666666666666666,545.4875928924855;967.0799427867363;,318.7354649921222;290.6617816548944;
3,750,False,False,False,1.0,692.5382375972245;355.6038965930524;1234.1048685390022;,563.4929126980063;627.6588647060761;501.38831323599516;
3,750,False,False,False,1.0,713.4530201433781;216.0429359341378;1689.4496913236555;,1252.5185329042251;770.495631895418;759.6340762646607;
3,750,False,False,False,1.0,135.39278044597123;299.14897042161783;300.4283948596678;,450.67565833589435;535.497734032816;216.39084934423502;
3,750,False,False,False,0.6666666666666666,341.59356851207;706.4929198490157;,648.9949823893677;95.78657938733205;
3,750,False,False,False,0.6666666666666666,740.6458121842778;327.70427446283895;,152.68068503977796;311.2467623772202;
3,750,False,False,False,1.0,215.39452612018803;292.428408098075;474.8495734037973;,417.32731455717897;245.55460961646435;451.3541088912163;
3,750,False,False,False,0.6666666666666666,345.70573686415764;295.1351239391548;,139.8897218006197;127.22759357991647;
3,750,False,False,False,1.0,1010.8146648511945;358.173159542155;673.8250425173288;,475.2847752853221;584.637296491347;1011.0987831740764;
3,750,False,False,False,1.0,304.40747887505364;167.65296773936137;297.4958158898847;,243.5714642477436;547.8795871767921;58.66235799787278;
3,750,False,False,False,1.0,1749.5205903650283;446.5476102897637;877.9986769900916;,556.6712508667504;540.9729024916569;664.8988189096076;
3,750,False,False,False,1.0,741.513744464476;314.2754997887958;668.35026590698;,733.4333193150477;184.2350734657244;342.87992379102263;
3,750,False,False,False,0.6666666666666666,239.3548387843666;1112.7916386435843;,366.64782429944694;1007.6328196750063;
3,750,False,False,False,1.0,345.3278790640143;538.6135793246582;723.9981261870098;,480.5367594096817;686.2268506409955;662.6741485118159;
3,750,False,False,False,1.0,549.6696057537996;737.5192643683698;107.17899651079965;,220.16088206146242;1168.8410388628229;542.6150274150307;
3,750,False,False,False,0.6666666666666666,428.27573286914725;734.2462034895501;,365.2116028391805;749.1606184715575;
3,750,False,False,False,1.0,460.83244305220825;621.1561337475467;443.8214975782302;,490.63396975875946;533.5731363550142;257.24719390868836;
3,750,False,False,False,0.6666666666666666,279.04163996188544;1085.9365811959485;,434.7451596224349;609.5588430520825;
3,750,False,False,False,0.6666666666666666,620.4337607823853;464.1672440496826;,213.41710435471055;583.9327156906836;
3,750,False,False,False,1.0,229.47480956472774;785.5541278115705;571.5892820246664;,346.5780956506185;687.3670569668709;503.3554975606;
3,750,False,False,False,1.0,1531.9284569569445;676.2430685283105;38.05702726271517;,298.84825956488316;1064.5930295811215;566.9071163754091;
3,750,False,False,False,1.0,360.4851860652593;864.8682167837027;1006.7836950312951;,596.3270523422186;652.2931576683343;986.4743122907628;
3,750,False,False,False,1.0,709.6586143971168;976.1179171669296;256.2425562010907;,604.2691634729067;1056.451991789511;501.8134581782678;
3,750,False,False,False,1.0,647.2966890574406;1034.3761333980656;696.8335845473615;,941.1707494637062;999.2208191945056;454.8718179239698;
3,750,False,False,False,1.0,72.30090105705175;1208.5460900738142;1128.322531039897;,689.384954889068;1021.3750149346256;773.3521794663493;
3,750,False,False,False,1.0,586.1236219455593;1085.6708307881383;235.02282362748815;,369.254175983734;322.2336025580647;697.4775239756808;
3,750,False,False,False,1.0,193.87563446268237;917.4852887701738;719.4397698627399;,725.3851912969336;1018.672729822866;950.9318998912812;
3,750,False,False,False,0.6666666666666666,305.54222624467843;1276.3228415764238;,597.0050358752657;395.43561407900546;
3,750,False,False,False,1.0,464.32215846523894;658.6363136621121;933.5666612218507;,875.8986558076901;980.9746034930328;729.9170883503181;
3,750,False,False,False,1.0,488.09725028712;788.4393278061905;237.51382510055453;,910.8541303390921;908.242134598049;461.3204757685071;
3,750,False,False,False,1.0,574.7904494115467;111.34447207177524;607.7842469280886;,559.0074879801754;271.5803264938514;1482.6128805863507;
3,750,False,False,False,0.6666666666666666,809.5491422834385;461.4966441711984;,114.46917578125338;322.1976117593891;
3,750,False,False,False,0.6666666666666666,596.4875336618743;718.367865949297;,1178.399973196531;191.46421110482842;
3,750,False,False,False,1.0,189.2827153814372;1354.676388874235;247.95351086076312;,256.61035457061524;267.7157639713149;749.1756167622431;
3,750,False,False,False,0.6666666666666666,426.90561302324915;301.6675958611365;,434.08191913245065;226.44302977507752;
3,750,False,False,False,0.6666666666666666,259.9083812001999;1504.7702591164348;,422.5566422346955;852.6829370169871;
3,750,False,False,False,1.0,554.2503844974017;484.6440826255569;535.359574898143;,445.09716809658556;900.8037289693538;398.96272627441465;
3,750,False,False,False,1.0,215.23152785561118;480.8864958448026;934.2187383900629;,200.135163491039;660.855617010962;435.13877268733313;
3,750,False,False,False,0.6666666666666666,854.3860212299139;391.89541794242086;,786.2101107314371;434.4222393568373;
3,750,False,False,False,0.6666666666666666,401.8401482991649;2319.316547355521;,702.8084209918501;235.11570485018845;
3,750,False,False,False,0.6666666666666666,188.5105676436539;103.15823905955448;,537.9461331837848;333.4836265422617;
3,750,False,False,False,0.6666666666666666,51.80907285117007;339.66139482126516;,347.69574266391726;414.4617027522019;
3,750,False,False,False,1.0,493.4473524343408;559.9168153242326;105.58658377844408;,158.63944614399276;495.5943720996429;349.84830884343495;
3,750,False,False,False,1.0,827.0548225230665;399.29302453928807;646.8182513146868;,579.2268550085405;233.2926147621585;319.5596502693881;
3,750,False,False,False,0.6666666666666666,655.0937142214276;531.2535401894241;,552.7563075759247;242.13669130548536;
3,750,False,False,False,1.0,602.6308505497076;353.52010346409014;609.1217770511751;,1341.665116336942;365.1709560631284;1237.1802600633498;
3,750,False,False,False,1.0,261.47285438035425;683.7014573205521;1317.0427182708095;,1094.1732212028085;233.9771714896034;930.8428411323093;
3,750,False,False,False,1.0,798.8192398386351;532.4004584213341;181.65260228651553;,687.443080660182;796.6424349534265;294.236663807938;
3,750,False,False,False,0.6666666666666666,880.9579575000922;469.10005165407506;,1429.8825153472214;254.34263017151972;
3,750,False,False,False,0.6666666666666666,1369.3777815426422;4927.7945610418765;,326.16758480361653;356.36246904668633;
3,750,False,False,False,0.6666666666666666,517.8415733610528;184.96796051669617;,386.56601358967043;221.9236781509442;
3,750,False,False,False,0.6666666666666666,1385.6228461578717;315.05529661138974;,609.2961135981757;748.914692659124;
3,750,False,False,False,0.6666666666666666,501.86708746860364;298.45561458261096;,572.0600764297463;282.40149462297074;
3,750,False,False,False,1.0,245.91501826444545;388.2981130388328;972.8604564100367;,442.3891645007786;515.5038794592349;1498.5364894257395;
3,750,False,False,False,1.0,308.9475163553889;473.52677592949084;694.4987155797834;,209.97020638920552;178.6305028805526;973.9670998044307;
3,750,False,False,False,1.0,525.8722393225988;726.087710628604;173.07893093450738;,440.94547369506597;185.13049020173574;611.8472990375712;
3,750,False,False,False,0.6666666666666666,1750.97524230191;561.3421696815475;,453.07269428597834;204.86304497286795;
3,750,False,False,False,1.0,291.2671530608117;91.83662548453262;209.71472324178424;,268.53971683061764;403.7599868508519;361.83309655106484;
3,750,False,False,False,1.0,298.30279512450915;586.6054918021455;158.37403563338427;,584.4474683012713;320.69479728414376;482.6232633917725;
3,750,False,False,False,0.6666666666666666,251.33224801222627;401.1568140444134;,175.64462298662912;692.1029405755155;
3,750,False,False,False,0.6666666666666666,1210.4655723925287;1240.7630971607741;,1250.7156502609505;145.63214856203345;
3,750,False,False,False,0.6666666666666666,397.5512412568018;77.34143447238769;,699.4423877231867;329.29402913272855;
3,750,False,False,False,0.6666666666666666,743.407678431324;678.3269775846694;,588.5329258735168;936.915502264904;
3,750,False,False,False,0.6666666666666666,508.9100647378496;633.1173982990744;,482.4276553506859;302.5338954964945;
3,750,False,False,False,1.0,136.41475473349797;961.6805062948912;416.1492360933051;,611.7435224529574;994.9201721550982;501.70372362923024;
3,750,False,False,False,0.6666666666666666,266.939658409656;542.448105910338;,553.5899200849141;243.65060274971972;
3,750,False,False,False,0.6666666666666666,541.322192888246;2126.9429675302144;,679.1477052694723;480.856644336857;
3,750,False,False,False,1.0,252.54835498632156;861.3861181007322;220.68524339806234;,673.6856603985825;689.9339007964381;410.57396817991236;
3,750,False,False,False,1.0,464.4067293691197;293.0403926023424;782.970508350319;,337.22548636304026;645.2528295809207;728.3617179366909;
3,750,False,False,False,0.6666666666666666,840.5283445967633;123.12806546044668;,307.95464761971175;278.87023412185096;
3,750,False,False,False,1.0,898.7518320239807;640.5867290759015;101.06775911492234;,809.5051537630549;187.39128975695527;211.70336771175525;
3,750,False,False,False,1.0,967.8597783328046;250.70063344821344;360.81408289813675;,307.03533369931165;168.39794067017743;547.1780882088822;
3,750,False,False,False,0.6666666666666666,140.36689222655858;441.9891954646084;,404.5760794013977;576.2545419919287;
3,750,False,False,False,0.6666666666666666,940.959003064003;535.8490012468816;,367.193130722826;167.08755686859234;
3,750,False,False,False,1.0,325.9248238993055;246.19220155601784;152.30088006363152;,73.79379224609977;434.04846884351196;671.9574880066198;
3,750,False,False,False,1.0,634.9132831386607;1042.367268981191;529.5585755982434;,383.01668210552015;550.8982151853155;609.709494897868;
3,750,False,False,False,0.6666666666666666,1085.543170588698;490.72406095343575;,15.499456762391766;225.6767953888442;
3,750,False,False,False,1.0,423.8691748034074;921.07704432285;675.6151117520229;,60.865642630785594;674.6707939193217;561.8098711649034;
3,750,False,False,False,0.6666666666666666,607.4134739483225;2398.7147344840623;,961.7453536038412;243.81117842782106;
3,750,False,False,False,1.0,244.09157893210215;685.8550534325933;298.1017709906796;,616.9801524119166;1223.1513851777843;287.02982022466944;
3,750,False,False,False,1.0,415.7049126753892;267.96013073228585;257.5738048221639;,161.4784536188805;189.76698458532402;596.1699940664104;
3,750,False,False,False,1.0,426.8715725619358;289.52347378708674;1048.5524404243035;,316.62424770101444;444.4986841965496;802.0219465182433;
3,750,False,False,False,0.6666666666666666,393.4382200854845;463.24547907179544;,337.2184980455738;573.019907556065;
3,750,False,False,False,0.6666666666666666,351.3029676670703;470.25194806735806;,653.7236116646211;138.94816116949318;
3,750,False,False,False,1.0,565.17447886144;416.34175040457933;731.7728261839522;,365.3107808028854;824.6851565674277;1012.3787888423745;
3,750,False,False,False,1.0,704.8333857962803;58.50881779467744;433.7506894431415;,871.0724637282633;349.02351235702974;505.263360523633;
3,750,False,False,False,0.6666666666666666,1935.4000504002881;323.7055061105224;,350.44793848471033;513.943355124321;
3,750,False,False,False,1.0,503.4753090960752;770.9437335090153;542.7018416438441;,687.3836801761762;1713.0373950990725;699.3786253314921;
3,750,False,False,False,0.6666666666666666,809.8323900387668;919.7146819553997;,320.0697206946189;952.6961936292983;
3,750,False,False,False,0.6666666666666666,883.2155101781077;1634.372521001616;,211.5719449158049;580.4040437070892;
3,750,False,False,False,0.6666666666666666,490.2193077797812;2434.196526888634;,330.313173830387;556.773865731587;
3,750,False,False,False,1.0,566.1071553246206;868.5581094382127;612.7176447767854;,1055.4793807248343;614.2189567266612;412.1092545964301;
3,750,False,False,False,0.6666666666666666,300.7823665251409;303.4806031606524;,448.63614309786914;397.2553668684799;
3,750,False,False,False,1.0,544.1638696253898;686.1515332706368;852.7184872159121;,555.21812790327;1182.2765884681476;837.7057957456485;
3,750,False,False,False,0.6666666666666666,402.10312615181596;473.41352461983615;,300.2091413770535;236.1559827693164;
3,750,False,False,False,1.0,304.7564524895988;280.9282532905934;894.773916349434;,225.949498319572;453.84469700520515;598.2692995764868;
3,750,False,False,False,0.6666666666666666,429.3547943379465;284.1614030387562;,449.13400204875245;363.82341630291245;
3,750,False,False,False,0.6666666666666666,534.3861284480512;230.76904041762188;,540.9174436920315;326.34970028831896;
3,750,False,False,False,1.0,298.29626099928026;307.6278083312814;786.2410802051438;,1006.3438926554888;358.2066326745825;1056.3339919151726;
3,750,False,False,False,0.6666666666666666,274.13726106929016;1369.3456551696736;,1078.7876850664518;506.72167592350286;
3,750,False,False,False,1.0,292.9077107823833;596.1905291045023;414.71976549328593;,399.2589711098578;147.37651128287848;875.5380235494725;
3,750,False,False,False,1.0,583.6924963088012;437.71095291856534;398.3497053618687;,429.30279897242104;475.973200573473;286.4224156490116;
3,750,False,False,False,0.3333333333333333,297.28645448106613;,569.2184636987666;
3,750,False,False,False,1.0,655.5883972264766;459.70462362415077;558.7653079557789;,655.0413436863236;202.60202267881962;405.4495729028348;
3,750,False,False,False,0.6666666666666666,415.9263203855266;545.3654007789474;,535.4135960267508;562.0870653692787;
3,750,False,False,False,1.0,559.8387440677815;364.28883739483643;219.04215241878447;,458.60662532291764;630.3670464452912;195.84958092120607;
3,750,False,False,False,1.0,271.40162340970545;338.01988008261344;184.53226541862136;,709.767641152298;730.0784349988071;645.8131935950228;
3,750,False,False,False,0.6666666666666666,1706.3759860712798;810.4078376323965;,807.8114066749151;319.6500413054519;
3,750,False,False,False,1.0,202.13526225201747;270.4424442766673;291.3823738489898;,252.48134825010536;110.22350575083253;248.7661802889041;
3,750,False,False,False,0.6666666666666666,617.7231481224975;172.80401369563745;,364.20847111656917;54.637570387533046;
3,750,False,False,False,1.0,173.75052023937192;174.15691148657493;150.23429411206158;,262.13684122761134;137.85846377248606;506.5826427344009;
3,750,False,False,False,0.6666666666666666,842.7171074109069;366.1140779026457;,604.6385383709292;254.18932523040334;
3,750,False,False,False,0.6666666666666666,786.2807317837004;343.73524840156847;,253.50765445589562;736.2658295267064;
3,750,False,False,False,0.6666666666666666,402.9939401716477;1215.3158082027887;,411.56535761375795;862.0551872231133;
3,750,False,False,False,1.0,819.3894130285591;785.0044249491323;474.11259138374754;,551.2100147009937;1101.5266560871175;594.9439045762879;
3,750,False,False,False,0.6666666666666666,3455.1626420150083;694.8076709166659;,74.907008135037;472.19111406612205;
3,750,False,False,False,1.0,48.66638708448927;718.4419727207553;1613.301354200725;,943.3357952445119;448.5074713654425;767.144890344796;
3,750,False,False,False,1.0,202.22168720534577;978.6022325423397;651.3534292873513;,158.98743014121337;904.511095659946;322.456425998201;
3,750,False,False,False,0.6666666666666666,374.47531149838557;1346.3351577531557;,295.3192933945998;558.9597935983775;
3,750,False,False,False,0.6666666666666666,472.43131257426927;1463.7690346444178;,257.768878584298;983.3118606511237;
3,750,False,False,False,1.0,357.38838927632906;294.13335347621745;263.7461108085569;,432.94426774726935;609.8612178406466;104.59058625702684;
3,750,False,False,False,0.6666666666666666,1875.2479738024556;685.0438986619233;,538.9700654548778;723.8655651416104;
3,750,False,False,False,1.0,116.70536005430279;639.8110280076799;618.0803449982093;,498.61527987013665;590.979256570329;586.4906658902046;
3,750,False,False,False,0.6666666666666666,375.9110110206261;4691.968933309683;,131.795851722733;227.7575683827489;
3,750,False,False,False,1.0,197.7695675499289;370.9417880080319;446.308372979508;,217.95608201263929;638.6131300724529;611.3511704812427;
4,750,False,False,False,0.5,801.1085816801581;297.2311614703769;,697.7730838791123;286.1430198093961;
4,750,False,False,False,0.75,566.1427168188123;521.0115939747388;1693.656104665338;,80.78812911632669;650.2729237251965;990.5871933130915;
4,750,False,False,False,0.5,461.9780657750851;412.02745119726006;,687.9474625396563;401.16842135338163;
4,750,False,False,False,0.5,170.7229850534343;1012.9264313839741;,139.46893029701778;191.4524808596918;
4,750,False,False,False,0.5,870.390689157746;412.6051972847981;,622.4914859454309;566.5267348165391;
4,750,False,False,False,0.5,570.1295563919645;2598.2365526059825;,669.9922863109896;367.21354448103256;
4,750,False,False,False,0.75,399.2672143905435;753.7839711685725;508.82946675318664;,1112.3511712041802;452.96103544262706;729.5811262508659;
4,750,False,False,False,0.75,652.937238560832;366.114889968662;516.7378578303087;,493.7427416233551;944.4844772382215;596.2387860421661;
4,750,False,False,False,1.0,1018.7982602015602;294.7206175067351;56.444357605083134;815.5928534301004;,908.4720098374597;242.12234032733113;458.09766166389176;723.1872430807772;
4,750,False,False,False,0.75,402.5689120344017;355.3471687051139;787.1973119303117;,196.53351150866402;267.52793096443474;613.9157669542153;
4,750,False,False,False,0.75,1497.6498442443478;472.8545704457601;211.8288609766101;,779.5688174017096;374.9159749351209;686.2425978050392;
4,750,False,False,False,0.75,873.9296498758131;677.7227022207308;435.3246540972735;,731.5311007018262;933.1428104334472;102.75595239039889;
4,750,False,False,False,1.0,601.1804524243856;569.9417291898937;276.78121790654046;481.6030586820267;,575.4493994669625;464.2363664562122;697.2243019298548;1106.2763661863435;
4,750,False,False,False,0.75,886.9809671808837;57.0500205502452;638.7844585299681;,331.20196669157383;68.13381033018973;753.376129013558;
4,750,False,False,False,0.75,619.8207730610482;2466.0930165939126;400.31568505967255;,552.8452147406318;723.5176421510829;147.52676378786452;
4,750,False,False,False,0.75,853.1073117534479;541.1803933593367;739.017763142538;,795.3162204270077;418.5429180147504;184.51429507360282;
4,750,False,False,False,0.75,957.8707986565618;229.07336977052753;474.82035006945614;,672.7291532010044;682.6609105678112;702.6132437013321;
4,750,False,False,False,0.5,198.7102959018898;568.1373772781287;,410.2212164075394;331.6383016962164;
4,750,False,False,False,0.75,265.7150737245631;232.02897471969644;520.7782995357268;,603.6717755110053;258.74678928742725;803.9038251297623;
4,750,False,False,False,0.5,495.39948901705367;657.4293028766642;,190.40186046328347;619.1313653529904;
4,750,False,False,False,0.5,483.41965287310416;948.9510833913192;,486.27107176130863;40.854931755977745;
4,750,False,False,False,0.75,89.88947218764152;713.7834324698098;3189.229737375679;,650.7976186700852;796.607493323782;782.0678747414951;
4,750,False,False,False,0.75,49.553309756374844;256.43175556031935;2079.248511737864;,243.18369719751757;314.0379536118506;275.9953095964195;
4,750,False,False,False,0.75,799.9206290321958;1007.5389516183948;503.0891274064105;,727.4038654798312;519.2883190158655;334.84500242032277;
4,750,False,False,False,0.75,711.916608965647;526.6450416801312;849.3070814596521;,615.2601629984993;114.58635425876977;342.52756663606084;
4,750,False,False,False,0.5,192.06321733849057;955.7319872823772;,280.3246163510865;1122.7107821778839;
4,750,False,False,False,0.5,341.811835410575;201.5590414000252;,785.7362271139317;365.2193989200913;
4,750,False,False,False,0.5,561.0390633978418;400.55877127111955;,995.5530383681829;510.349764201812;
4,750,False,False,False,0.75,589.0471093496187;906.1187461707253;220.25393103178905;,361.67280447466436;579.22514866884;719.4910163935756;
4,750,False,False,False,0.5,786.3703100265493;588.6804977428772;,372.41435207550313;591.7940588463986;
4,750,False,False,False,0.5,1749.4104248926685;899.7908976820629;,605.5393638566677;349.4650603369914;
4,750,False,False,False,0.5,874.4157999830135;442.48486371081833;,931.5711870863539;747.91159341039;
4,750,False,False,False,1.0,312.7392473438828;109.5307125402744;582.5776749318403;327.7261939099819;,346.5777203104981;341.429130887266;346.782131233438;589.0248158877146;
4,750,False,False,False,0.75,766.6935543853791;1147.329939526726;741.9639178783657;,565.6130491750713;1111.0872838552673;199.11191521387053;
4,750,False,False,False,0.5,992.5800865198223;290.30103585409177;,808.926493250995;534.7672324787856;
4,750,False,False,False,0.5,170.735202713094;175.88283886877772;,535.0866224495782;305.10729514905063;
4,750,False,False,False,0.75,821.0075092012411;424.5306791073286;436.08217267119477;,261.1979227417803;262.9584667307809;325.6366588602229;
4,750,False,False,False,0.75,406.6626164709828;2297.2264674810494;1131.0937508571635;,399.1976089361037;689.8370784263728;277.8134584494126;
4,750,False,False,False,0.75,561.0082423007682;724.6985942172847;1111.9357028206466;,424.56904955619933;465.86122377252383;1087.7310024764165;
4,750,False,False,False,0.75,100.75898340040703;1413.9684163870845;1134.0268812879594;,235.2389846598692;478.6304107018365;311.525021594858;
4,750,False,False,False,0.75,308.3431204714914;1722.527552751241;452.8624412745635;,612.0123781615657;87.04808868054383;1026.1292391737795;
4,750,False,False,False,1.0,357.07539109889484;513.7875286473442;566.4106490168301;521.2028761670332;,267.8352602460223;876.4532258038213;415.2579924215436;619.4311252371295;
4,750,False,False,False,0.5,1212.2020465669514;344.80293541392916;,285.82520665518365;127.20277365134761;
4,750,False,False,False,0.75,1817.6285379331937;837.2007640302385;485.07513279690994;,1060.8019153629166;858.3077999268917;1269.9590579202643;
4,750,False,False,False,0.5,1685.9203127203602;288.13892214476294;,723.2525688922887;197.41905450569809;
4,750,False,False,False,0.5,2186.524915447685;893.4015864623007;,410.3684061015364;777.3786848913089;
4,750,False,False,False,0.75,703.0318001498777;995.7266028528837;1651.7413927934463;,597.5050410507348;1011.0896977570428;767.2982817451034;
4,750,False,False,False,0.75,483.8625070578277;615.8013338546099;370.576570928591;,518.5343174602971;270.29457029257384;1283.4227015806757;
4,750,False,False,False,0.5,307.12863291533625;1727.3789795333246;,778.793085986652;364.12239822607967;
4,750,False,False,False,0.75,937.5899394012467;624.7152262580104;126.405864716883;,1047.2908859989682;125.41177436071031;322.2382174417983;
4,750,False,False,False,0.5,560.5155577168173;2671.4878606017674;,537.9514887163206;335.6679219345871;
4,750,False,False,False,0.5,407.8818587460677;180.06695895233293;,472.742615100305;318.0184788981337;
4,750,False,False,False,0.75,131.56755545779146;453.62686278174255;708.8179127872894;,324.00113798859144;813.172816933886;850.8646282488062;
4,750,False,False,False,0.75,903.9488793617063;912.4196953872098;703.3868061398842;,642.9366168051256;364.18529772022663;234.0944630921043;
4,750,False,False,False,0.75,666.439125095232;250.83519033544022;1143.373686397386;,109.97138187084494;189.0188489028038;269.85420674325417;
4,750,False,False,False,0.5,511.28496023415374;1524.8612892318656;,461.7028190930111;1143.097649213873;
4,750,False,False,False,0.5,559.5949561799706;1380.7809606467026;,554.5466011081863;429.7680488082507;
4,750,False,False,False,0.75,168.69977402280722;67.3577886723023;1230.7715943954688;,172.76028375731357;456.91568814931514;1018.5236266193123;
4,750,False,False,False,0.75,521.2339303913072;3128.145652543654;567.6628225325325;,597.4474476397563;440.0295251614804;475.22008598164246;
4,750,False,False,False,0.75,2347.3509513916;732.9824643534419;305.1901562375319;,707.0935109592255;686.8022299265346;941.0820822709368;
4,750,False,False,False,0.75,649.1947911520389;499.92084493145404;1591.8264319903735;,802.0485932228236;835.8911933864657;483.97859001936536;
4,750,False,False,False,0.75,650.9700971040263;295.82961240827643;1651.2295132595139;,705.8000226053067;243.41981638961215;741.0060849234848;
4,750,False,False,False,0.75,268.3049156312152;157.33068932098874;749.1490269981033;,195.58257489719006;539.3300442609903;306.02230067573123;
4,750,False,False,False,1.0,100.33381646130937;366.5996360876181;269.68104465539216;321.96022964416136;,194.4332177836709;306.0489900644711;707.9326481668543;464.3002871116965;
4,750,False,False,False,0.75,450.95490672243614;1132.9528532487084;686.4280433171841;,377.8233043366233;1079.157068297355;911.9423057984664;
4,750,False,False,False,0.75,501.41329802295064;281.74055740040745;226.1402735786042;,304.3189207026364;167.67794291892474;1038.9878128284267;
4,750,False,False,False,0.75,53.6788019334978;247.5774456902675;405.4944660966797;,532.4458214996765;409.60061674323504;308.8936887239195;
4,750,False,False,False,0.75,61.870011313052174;1402.0979642498855;394.4433388280551;,381.34278293529724;393.4529136257332;904.013798875923;
4,750,False,False,False,0.5,927.0264448797054;456.2468587502376;,157.516904693;221.53415441040536;
4,750,False,False,False,1.0,865.0477878066201;611.7518869546527;266.76486163549475;1035.941502338293;,450.7496048226529;276.2274570580999;713.4914354173663;859.1570005880311;
4,750,False,False,False,0.5,645.0416188854091;973.8643875300708;,732.9316781012114;872.7552971833267;
4,750,False,False,False,0.5,694.6655300187199;776.7120459153763;,701.7812636636752;495.034281656665;
4,750,False,False,False,0.5,758.6853311077865;351.61004432443895;,298.93439549030273;229.53141979622555;
4,750,False,False,False,0.75,478.79796578621875;399.4345569172076;942.9681288261996;,344.50506137714507;423.27116968132765;156.83752914571033;
4,750,False,False,False,0.5,605.6949076333016;246.3910099293192;,133.48643209532293;638.8404931233068;
4,750,False,False,False,0.75,172.15190140840394;588.9085093708047;504.87351751315043;,468.0759179287339;452.5895393202408;356.2150970302477;
4,750,False,False,False,0.5,311.102605101035;53.65413561789585;,232.98158259428055;140.16196495279578;
4,750,False,False,False,0.75,448.9283304252067;591.3721974639478;316.66198194655715;,237.06720774482847;474.2380693483106;19.278088850069697;
4,750,False,False,False,0.5,2620.3526243688075;1153.3419004684638;,991.8433861783159;276.69106986642566;
4,750,False,False,False,0.75,183.10234147171872;963.5165721062064;807.5981325159119;,492.749443177747;179.0499215991916;797.2757712768756;
4,750,False,False,False,0.75,698.6935171275808;282.77393926703684;1846.022659260675;,506.9864709305048;73.22556067072225;218.02830962018066;
4,750,False,False,False,0.75,452.7763490458536;313.026554584204;892.4857007742904;,283.66247673960146;912.9206596721976;222.1200757339474;
4,750,False,False,False,0.5,70.0652027948646;639.1041404566541;,626.5020008392181;291.18087071187676;
4,750,False,False,False,0.75,261.2064357951674;434.45854298195337;689.940520715729;,477.6425898977904;323.87285452642755;440.23765643093975;
4,750,False,False,False,0.75,143.40302638036636;1105.7443633931027;1029.44116107452;,329.86565523595027;1077.8863740335782;245.12626504871045;
4,750,False,False,False,0.75,527.0566591527303;469.37344104715345;515.7547011353938;,159.63535461138946;341.6323610352692;182.70333196927487;
4,750,False,False,False,0.5,531.5596834944453;7350.539209990203;,938.0800455497358;208.7094488223597;
4,750,False,False,False,0.75,582.0566344026594;1131.4861681470427;1184.0258525120373;,922.443672944357;307.52641630125623;426.07315079966617;
4,750,False,False,False,0.75,683.2157536613074;407.9009406062397;634.4352326111299;,739.0542864602165;525.8274357550624;626.7061057720834;
4,750,False,False,False,0.75,790.8570557018038;787.3936918751821;150.8658739334455;,305.1624561858186;257.20447970559394;375.2840428641157;
4,750,False,False,False,0.75,641.1273418870371;2223.2165210194908;200.79442743343176;,583.5421721235762;458.72646321525286;347.0978057302979;
4,750,False,False,False,0.5,353.73895846572134;1423.9554077381079;,865.666983275186;123.93419891350797;
4,750,False,False,False,0.75,401.13915973095766;190.1543472371032;274.58907894557615;,529.7789290312264;441.27655568223844;673.5530548011826;
4,750,False,False,False,0.75,1058.6007309243982;233.4399072480918;1130.1255552197365;,615.7560998625439;652.4561713342206;647.8787964828263;
4,750,False,False,False,0.5,800.9167442880944;923.2006338597045;,508.8808727082804;450.0208902235147;
4,750,False,False,False,0.5,249.17515489098204;604.7262344509726;,662.9053835718258;702.9590007914777;
4,750,False,False,False,0.75,349.34804682451414;2463.2992747675926;163.18644542599571;,286.7997548289342;356.79269847909194;118.95298002000654;
4,750,False,False,False,0.75,925.4246034807885;288.9274234565262;1162.7350035208412;,412.4852261098956;311.7135533239815;812.1812353208238;
4,750,False,False,False,0.5,456.40747139686977;991.9164811034054;,345.51226565203535;560.5219932593154;
4,750,False,False,False,0.75,582.9871628754015;282.02913469143857;783.4094234283143;,1544.921706555536;1063.92636882166;351.048603433502;
4,750,False,False,False,0.75,673.3979336200944;1245.0097563749205;724.7228450886928;,778.0914093287442;782.2277404950161;262.3393901137893;
4,750,False,False,False,0.5,1673.2634710103741;517.0614384753494;,469.51795952908435;594.9229156229432;
4,750,False,False,False,0.75,495.2150866745261;1041.8027561161489;458.50333091410806;,34.8172806058387;568.303483014392;579.2446874989248;
4,750,False,False,False,0.75,237.6107492588591;979.7887288192384;361.77027653757114;,491.4853369885615;840.883683356132;676.8200904180148;
4,750,False,False,False,0.75,468.2562131244038;164.34156378655436;697.6353662168609;,652.8633778396439;1489.660858759358;331.20004928923225;
4,750,False,False,False,0.5,1700.583828910643;956.6980989390711;,439.0514940477525;748.5356139448455;
4,750,False,False,False,0.75,894.7716336307681;211.58040016003156;188.66206915132935;,544.9122119774443;273.8988833488214;1143.9996338101032;
4,750,False,False,False,0.75,191.5328450050852;544.1148395507046;957.4997300711568;,907.5326987154581;487.82380428887365;866.7107842541702;
4,750,False,False,False,0.75,116.0399148401827;789.572110035523;605.6157402438758;,238.29125024278844;1505.798036410182;454.9590019149489;
4,750,False,False,False,0.75,3173.6117051944143;188.1393180817511;521.3624682767967;,443.6762819799546;346.99376429786287;638.9887421245298;
4,750,False,False,False,0.75,1246.7663306589313;498.5829013074778;880.9358319429718;,722.0555281431097;232.94091264958908;649.3783176872294;
4,750,False,False,False,0.75,473.2871961168899;118.11541037479695;511.25025255185125;,1140.1546734148785;765.0912689069083;345.54858549167847;
4,750,False,False,False,0.75,898.3740836685685;2002.7991066551024;352.58279492514566;,560.8804831015794;653.6549530747932;570.973412063118;
4,750,False,False,False,0.75,677.0194215587301;719.2603681137246;1013.4302918565867;,575.7359100482612;685.9318384206134;578.6434875343965;
4,750,False,False,False,1.0,279.6012911215796;434.48280135835745;699.8126124798796;156.07929301771279;,126.46775825647734;527.3376189888961;431.3808377986919;31.732813575527974;
4,750,False,False,False,0.75,609.360309516276;215.08833020116097;389.3157427855066;,319.6966484973441;212.40211184104152;1503.657975548392;
4,750,False,False,False,0.75,929.6552871539966;542.4288745390807;429.3462676931453;,520.0005341927961;916.0381872513145;732.9071635791527;
4,750,False,False,False,0.75,2354.093342343769;851.9562079107453;387.97246707521316;,287.4135073033254;515.876957073336;204.34761185712446;
4,750,False,False,False,0.75,918.4933503860499;160.11243706461377;516.7612673813693;,121.3913120309896;99.47061794274167;400.01051857651635;
4,750,False,False,False,0.5,1614.5960450586388;1192.4384697480602;,273.1736633823059;183.28849017528134;
4,750,False,False,False,0.5,933.7490731838795;825.2561896933631;,783.4889012904603;195.46935541441513;
4,750,False,False,False,0.5,796.2575470196138;833.765245837582;,270.0920865379038;591.4093553267531;
4,750,False,False,False,0.5,505.29742297139325;380.5254351439991;,257.7921025194263;316.22835566345714;
4,750,False,False,False,0.75,141.20186130207063;243.76950470620642;786.6280540298081;,248.91705386591016;185.39154109767017;577.9925019877863;
4,750,False,False,False,0.5,204.96966844694884;606.4254190533438;,579.6531328738059;537.6033055147932;
4,750,False,False,False,0.75,807.9023201734514;711.0046383382734;4141.5823689779145;,733.383207698649;838.2530244519888;303.82304443899227;
4,750,False,False,False,1.0,911.083446429026;305.3307000122257;1612.7762842851314;802.9961506389396;,303.72417843568275;288.9600863009614;364.91382339006543;455.7626760777142;
4,750,False,False,False,0.75,278.5581748865482;538.4925908204542;976.3985494187119;,1500.6887918980508;476.04830671182265;515.7617575394512;
4,750,False,False,False,0.75,371.42666977409976;888.7510145047027;457.41379515059236;,464.0501781945647;418.77073666604;465.1472866424416;
4,750,False,False,False,0.75,394.8741018995388;2844.724852749266;462.0616763956536;,506.29755340336453;196.36494622386346;423.16368289034995;
4,750,False,False,False,0.75,634.0162342669306;744.706258148178;703.6231742968305;,236.3483584325369;584.9529971964907;492.93386872066446;
4,750,False,False,False,0.5,442.676201087966;1654.7910059274461;,400.02140281458503;173.90330884052935;
4,750,False,False,False,0.75,1172.7677132346587;675.448815553951;448.25282978677;,485.9622678863665;80.70522220587893;266.59588174685285;
4,750,False,False,False,0.75,1279.506966326807;547.9732275506097;697.6465945186236;,310.9079059503283;131.26133380756954;318.4884354755754;
4,750,False,False,False,0.5,342.86500717624926;469.6628182216607;,395.14549423818363;371.55075668362196;
4,750,False,False,False,0.75,864.5771591053335;294.0132439775972;863.6941446712128;,1124.0460662428504;865.9058121630073;473.01150195040304;
4,750,False,False,False,0.5,55.17287877115354;2415.394202024934;,933.6350310434999;246.96823224659937;
4,750,False,False,False,0.75,637.4788714331966;335.115988799491;794.1467575383052;,355.29433968383034;733.9819803074182;556.2807053589343;
4,750,False,False,False,0.75,1338.746284288505;588.5131068659076;899.7004459144691;,605.630879734178;369.3346555308711;1139.5017160446303;
4,750,False,False,False,0.5,517.0273697006352;484.75145532986113;,547.51534855859;571.2436220519706;
4,750,False,False,False,0.75,533.0647020468671;1080.6691604705434;149.31905098697425;,302.2856013471373;415.1240412847514;123.99552130595501;
4,750,False,False,False,0.75,434.15705972117695;610.5748263956918;203.59302903318869;,64.46920850195507;674.8099198993671;550.9320747188478;
4,750,False,False,False,0.75,361.2577931636987;1506.6078528264084;400.4794647483597;,233.5193001880888;698.6461022040519;480.27048131434947;
4,750,False,False,False,0.5,780.4785187723189;815.6075605359788;,281.5434531525512;692.90379663849;
4,750,False,False,False,0.5,302.73643960447515;619.6853076932166;,433.7373516883002;452.98637169943066;
4,750,False,False,False,0.5,565.4148809581491;866.7407438373706;,346.90281538425484;240.2265495183061;
4,750,False,False,False,0.5,805.4041274821432;1500.848765269262;,545.9814782723917;224.82373438739782;
4,750,False,False,False,1.0,1195.6700434349243;443.51720490008637;550.0105429248568;59.748201286323976;,759.0192020118184;387.3066217507171;1020.2529691695984;1017.8549355775854;
4,750,False,False,False,0.75,392.5742179645533;645.5481905331394;584.29131532245;,157.7093853812384;258.39090197358337;500.6618772467515;
4,750,False,False,False,0.5,375.4851801066638;528.7106160348894;,695.8079141412212;245.47833183823866;
5,750,False,False,False,0.4,637.9191452099907;734.9283020071019;,404.24364563660043;364.15964151619914;
5,750,False,False,False,0.6,207.74356840392642;452.1300085115781;1320.9069454016644;,615.8307070442497;380.6240068907615;564.5751959475019;
5,750,False,False,False,0.6,172.36693981546588;1005.0682754348074;966.2961871095541;,75.94375918425672;519.9286370440966;856.1424585646054;
5,750,False,False,False,0.4,1519.4351883397826;1791.0278469277198;,404.48829636048026;468.37753548477394;
5,750,False,False,False,0.6,238.57457694085954;690.5468681909563;1323.4569509791115;,295.06706084430635;136.3096964539197;467.1161950540124;
5,750,False,False,False,0.4,1442.3337083889755;557.5469049055729;,350.2969769598612;924.7403314782629;
5,750,False,False,False,0.6,1202.0775904861098;286.88402783669045;486.97628718909004;,695.2819071761875;294.9829135778638;826.5384002706401;
5,750,False,False,False,0.4,1094.3017581609463;873.2563080735912;,290.0416528969412;769.247887556636;
5,750,False,False,False,0.6,1307.3665461165153;696.0329761906372;339.54175826142824;,566.9440681653142;260.1898897249319;253.89415214398508;
5,750,False,False,False,0.4,672.0377256764774;954.6599527565255;,209.359938987173;374.9633453495172;
5,750,False,False,False,0.4,284.99651308923745;373.18957398450476;,371.4248377281108;82.46714971163595;
5,750,False,False,False,0.6,1223.7579448001643;609.3217988405951;551.4351281268756;,1009.2888774222012;323.4708793816734;328.1988344389006;
5,750,False,False,False,0.6,910.1330192501898;760.6111583865367;360.6668048779906;,705.8409459282951;383.7767960662329;889.3921049493005;
5,750,False,False,False,0.6,230.87193151079464;765.9632211978211;305.5540151536414;,412.60279813419214;1002.3371953629024;552.4288267742726;
5,750,False,False,False,0.6,1577.0004213098666;393.4751564757987;906.5649931831991;,586.1450192010826;596.3578314079053;252.80505842478038;
5,750,False,False,False,0.4,1198.932405035516;311.37264801990375;,307.2087251601602;236.3710534711995;
5,750,False,False,False,0.6,1874.5067736731066;251.9371085725778;571.2632236955694;,707.5294736246876;345.6226207017204;682.8501989446038;
5,750,False,False,False,0.6,837.0588521416059;1309.1862837091742;231.97837241055203;,394.2778634907928;538.3071225955435;475.45920404221624;
5,750,False,False,False,0.6,295.3294767145824;519.5282440829961;870.1082083539299;,363.5305554611911;524.9244895335814;543.4466600492357;
5,750,False,False,False,0.6,399.63855370551823;729.0377055091683;936.9481228219761;,541.8205731057419;801.3131299363615;281.6675798203776;
5,750,False,False,False,0.4,1278.0665785811302;1194.730609980865;,1366.9168614531657;294.7563936736546;
5,750,False,False,False,0.6,591.9930942484516;664.6962193952357;951.680321940676;,253.23339599837658;696.1430793065507;755.2212238627042;
5,750,False,False,False,0.6,1436.6774450227754;187.97350408539333;656.0768990979794;,1135.3177687995255;466.8922599935167;536.9533901914979;
5,750,False,False,False,0.6,1446.2851802869118;839.0901594395783;2686.229772706805;,955.9029875915571;814.9808334796787;527.4877476493862;
5,750,False,False,False,0.8,322.19422272828393;346.437869361436;2246.40893678223;641.8127285066718;,309.746516272206;282.19614713193323;612.0878051262519;462.58672070521044;
5,750,False,False,False,0.6,1348.4491408575245;907.8119993817234;477.8859705432782;,851.521388953361;728.1148544909581;1028.9467784366032;
5,750,False,False,False,0.6,761.4982566905272;232.14593400612378;2715.9451203131403;,620.8597664283469;483.88491086438665;514.0967831344539;
5,750,False,False,False,0.4,1029.3884224776382;970.5728923378763;,739.5853926109928;576.5152565978386;
5,750,False,False,False,0.6,106.33851667003033;154.77176517064063;562.522115691331;,527.2841906132173;142.46669295300745;582.7942742315677;
5,750,False,False,False,0.6,640.6377571268062;1545.536712612746;1024.8369280761792;,684.8170408061195;731.9244310112334;241.95302361779122;
5,750,False,False,False,0.6,620.9434230948084;632.9426719513981;1545.4048260879454;,217.3167881175871;293.2135073941896;222.23062383508352;
5,750,False,False,False,0.6,367.79648502480836;2098.962157429828;1439.1221878527092;,109.63917315734211;228.08039641559228;940.5768178658424;
5,750,False,False,False,0.6,330.3373988984316;381.8958412877211;1249.7822690519445;,440.4919117115716;616.9661594839529;411.1282112611685;
5,750,False,False,False,0.4,1390.568242835937;566.7476421576443;,469.95263750588;499.04049583938325;
5,750,False,False,False,0.6,578.8439843263546;1188.063172601254;404.1191881174365;,585.9145754362668;460.9934246022744;846.0418234215206;
5,750,False,False,False,0.6,2381.892668989092;717.499047528358;424.0202985201427;,322.378255772516;549.2990334455411;523.5128864988271;
5,750,False,False,False,0.6,240.35849931479532;308.46218062785863;2175.6720379592907;,670.6842635173934;651.1727033970375;444.775133070859;
5,750,False,False,False,0.6,538.3243493183257;764.6655473729114;311.7603909092778;,404.64651958925884;154.19480327541046;876.8710631128905;
5,750,False,False,False,0.4,748.6828796958742;954.4200618523139;,566.851375455661;1042.2192799211552;
5,750,False,False,False,0.6,979.5069624325347;328.85668308054363;870.155564549404;,684.5695572579347;331.168824428158;949.8373039104131;
5,750,False,False,False,0.2,1525.9194696233835;,615.7806196183636;
5,750,False,False,False,0.4,480.04684567506234;1041.6085699363373;,386.9077697652307;295.5127362565116;
5,750,False,False,False,0.6,2372.923237381456;480.85061031719295;1607.5602035712234;,539.4002387842196;372.83938708537954;93.47358114833152;
5,750,False,False,False,0.6,1071.0039652742514;1105.8625480849516;573.2884396096915;,238.50992797926264;566.5296828613201;454.37016468188403;
5,750,False,False,False,0.6,1085.9766630117779;501.903458106249;339.3441819792621;,120.21407449844594;160.677049907641;939.4310258993168;
5,750,False,False,False,0.6,555.9350341349729;1923.603608194523;580.7419072698053;,266.9034336424695;152.0762248208694;403.3440059314148;
5,750,False,False,False,0.4,1144.7714634098681;1022.050612955107;,757.8016276655746;559.930487997805;
5,750,False,False,False,0.6,352.79109893052066;301.0512821625743;10959.134288152269;,704.011335663705;192.87665880086882;754.8911841964143;
5,750,False,False,False,0.4,740.2545734577714;1422.298262523149;,602.5308803910509;372.89024705400857;
5,750,False,False,False,0.6,239.18495064246017;1084.8586557555439;168.18378511817116;,222.90672068268637;857.709045717179;464.27426100671397;
5,750,False,False,False,0.6,352.39673419964276;670.6014235094556;255.1815867542375;,709.6520645173999;301.51649286986986;202.16403701922874;
5,750,False,False,False,0.6,806.1422737360198;1305.0883515578228;2296.938576928746;,471.57607673845024;977.9306394633298;434.89536443836454;
5,750,False,False,False,0.6,2405.3408603351418;2045.0555729340065;1143.8409478906913;,304.98921822068667;294.86544048184766;406.7250502797069;
5,750,False,False,False,0.4,308.92424252109197;154.27075343152995;,459.70185648369016;276.9489838931629;
5,750,False,False,False,0.6,82.49890322459007;8374.403033768225;870.4281238160681;,292.6612004423742;469.4709520954369;149.91641949329434;
5,750,False,False,False,0.4,1315.9106005814854;1518.156625144718;,622.828456744099;385.27032330231305;
5,750,False,False,False,0.6,1368.5346741040728;2447.4901758536944;2481.3967388543356;,790.324974593997;944.421775040615;1017.2363985085789;
5,750,False,False,False,0.6,629.5416393933284;1476.735050937115;842.0304894591455;,171.92917432017347;518.3910856737949;928.5080471038987;
5,750,False,False,False,0.6,525.945706261969;819.7202421032443;325.7363207545369;,440.08301905324817;1020.8660862523238;447.48424238909604;
5,750,False,False,False,0.4,1463.47405537841;501.6130607787509;,488.43619221359444;561.1007605300431;
5,750,False,False,False,0.6,3233.2768396166343;802.362883156955;303.6760061170652;,548.1482350028244;480.4233116108408;751.0008976307192;
5,750,False,False,False,0.6,337.52015192341054;512.9369581580382;1127.1477766370735;,578.5469759597199;621.0649401478134;242.60383909653234;
5,750,False,False,False,0.6,148.10654895827994;472.0230504255855;203.0106231663964;,273.6890869301193;1335.8113553063108;854.0022526547165;
5,750,False,False,False,0.6,1312.5898512055423;342.42946239646;902.6343094372434;,636.6726426165328;289.2552395033243;325.11661214770123;
5,750,False,False,False,0.4,561.9733194660275;4034.5772331992052;,976.0370980384577;599.7965343043062;
5,750,False,False,False,0.4,729.8666345275517;2679.42482638528;,813.7856776075494;1273.049009853244;
5,750,False,False,False,0.6,647.6677773746874;457.2091695588233;437.77135254276254;,234.4807329723539;655.0231917328161;584.1116214651885;
5,750,False,False,False,0.4,714.3219914422345;1569.281469904168;,437.38744564274714;177.41608875334316;
5,750,False,False,False,0.6,544.0264378232073;565.6183350895838;812.2088022535261;,431.11371214302056;1808.7083461406385;205.6064693994075;
5,750,False,False,False,0.6,611.8996809410039;1430.2238604402414;134.30323268130934;,559.5378865460196;58.84246651344888;446.33137273417816;
5,750,False,False,False,0.6,402.8496721171161;931.6621420236172;660.2118956123948;,218.26968067858817;844.3021694898675;571.6965154009408;
5,750,False,False,False,0.6,935.3250424089755;205.2176808367392;661.6491220029411;,504.2676520731121;484.89781707060285;517.7580339758631;
5,750,False,False,False,0.4,959.9376757020539;2646.7364580451326;,381.93154347350725;176.00127324145146;
5,750,False,False,False,0.6,698.1872538491664;395.423095904734;1676.403252969675;,84.38255553183552;333.9186148157874;794.4580802168495;
5,750,False,False,False,0.4,1097.554599591732;720.2971534325651;,142.18799028490002;689.8453475393017;
5,750,False,False,False,0.4,66.48404941223642;367.56477340516875;,427.75878194750624;138.0413768944226;
5,750,False,False,False,0.4,165.56271935701838;1197.8202999619261;,292.0974787714645;718.5969019434498;
5,750,False,False,False,0.6,268.77295602018154;1055.2547531119562;1006.2070821901935;,659.4293283766988;331.21815480705277;208.89084341898115;
5,750,False,False,False,0.6,564.7472225337133;884.2553226512082;368.40564484016835;,271.5118197861853;528.0171350177012;271.1296030725266;
5,750,False,False,False,0.4,399.9294302226781;428.38575242443585;,246.98560974411424;730.4241243136469;
5,750,False,False,False,0.8,392.17476931224843;423.99683719846354;694.2132014214095;265.22955791136724;,1045.7727385799408;317.57887087626665;1162.8625964287585;831.9332390205591;
5,750,False,False,False,0.4,1221.6438760066567;593.0151127469176;,624.3436908862631;635.2163811253457;
5,750,False,False,False,0.4,658.7915073648622;1448.2707247834358;,293.0191973192247;625.2163787581851;
5,750,False,False,False,0.6,569.814282297837;1068.0994694544752;1240.8149303131352;,335.23078281487403;470.67774052567114;382.7631727280355;
5,750,False,False,False,0.4,1749.6948575271026;883.8722065248055;,596.6869214864857;884.5993251356049;
5,750,False,False,False,0.4,467.0703814536579;1175.7309788617629;,378.2224087658486;1254.8930395851814;
5,750,False,False,False,0.6,300.4850533765489;887.1431862093317;500.43639967919864;,356.6402559740017;860.9507122875484;478.2268618913181;
5,750,False,False,False,0.6,281.9013644532129;1915.8507618392703;1346.6428178332055;,176.62378863150494;664.5164399019326;998.4998313216512;
5,750,False,False,False,0.6,427.2109648526349;1424.3168262041725;2564.571852234377;,341.6893672796183;235.7926406329074;263.6403101034589;
5,750,False,False,False,0.4,190.842262606684;7770.35923582467;,284.5876599793417;1149.710510624755;
5,750,False,False,False,0.6,1108.0054460659546;774.9144742497429;1261.5746170166772;,449.6442014069879;422.27908920498214;584.9110027163956;
5,750,False,False,False,0.6,1485.506531098391;173.02257662673017;680.7742724709171;,775.8917376170394;430.9216198324701;79.34908979225109;
5,750,False,False,False,0.4,1017.7333740545076;668.5735302120323;,1044.2412237455426;317.7091901403141;
5,750,False,False,False,0.6,382.30446789367943;475.4183688236736;2634.0192124639148;,406.9575601371168;915.17941315527;385.38787796946434;
5,750,False,False,False,0.6,402.30722861204805;356.1307925706113;3249.8472424752194;,219.25061123762976;406.48172877752586;186.37416800738595;
5,750,False,False,False,0.6,1565.337134051828;1774.8021614141323;2644.7584694035013;,379.996037599684;1423.4855161449523;229.41600956771222;
5,750,False,False,False,0.6,483.83667651923963;2590.0459450759367;387.26547709094876;,624.5413480219944;319.6187719507605;209.73268459822486;
5,750,False,False,False,0.6,3626.3665667799114;695.7720413891727;798.5870334296377;,722.4265258434665;642.4754496226791;421.2210753833642;
5,750,False,False,False,0.6,149.27814872801227;797.5826089635608;1210.876476307657;,416.16713956953987;526.9912501894482;307.67287554250504;
5,750,False,False,False,0.6,221.28888563310534;468.657523382535;300.00629401361783;,656.0594589198557;99.94431377374727;288.69397744854234;
5,750,False,False,False,0.4,1034.7175282064943;385.68508421625046;,370.1522878179989;162.3627044938751;
5,750,False,False,False,0.6,1469.3547322161628;1223.9528797136809;615.8077533088347;,244.31093597752565;108.98613350231491;822.679981143815;
5,750,False,False,False,0.6,810.9416830052827;1011.3681474723999;1488.8601964876502;,521.1794894009921;757.3965340627943;295.11655492948097;
5,750,False,False,False,0.4,331.0798230741843;392.81191371736367;,119.25518737180383;503.5137549881982;
5,750,False,False,False,0.6,1100.7048302999133;329.7091957044106;852.1776660870931;,260.7126521289699;674.022562172813;266.19358847637284;
5,750,False,False,False,0.6,447.7916855194205;655.7625896452122;2195.2343457511433;,1214.8203384239844;213.86592806828384;420.7663220687075;
5,750,False,False,False,0.4,371.005275061327;770.664134006392;,483.6078925211946;801.1669672302222;
5,750,False,False,False,0.6,795.9431502955669;882.8594483432772;2418.37893102124;,940.6734186171805;510.8127000395862;7.158383103975571;
5,750,False,False,False,0.6,591.9729211025193;586.1181091945872;1423.969268140487;,870.849915453697;181.38195201830214;743.3328609124579;
5,750,False,False,False,0.6,528.332715827031;1233.0149116980112;1755.1474173846334;,662.0962330587482;1104.3732810866275;285.48021503453515;
5,750,False,False,False,0.6,2020.3350888688376;709.6655761724379;844.2835141746029;,715.7309347822514;381.5571485368639;350.2372210174801;
5,750,False,False,False,0.6,802.8729748214201;694.2388302652914;1341.6470513825927;,730.6163124060807;395.79068079236646;871.7806557266632;
5,750,False,False,False,0.6,846.3410484968053;934.3587311484187;530.253270193957;,248.37377224752595;1071.8469256841906;697.4121739973303;
5,750,False,False,False,0.4,854.2306942829738;841.332717640803;,536.0368448035796;139.71984971054115;
5,750,False,False,False,0.4,389.7236503163668;746.6909280780075;,516.865405568032;618.9967143123735;
5,750,False,False,False,0.6,837.1427928931121;981.8643129668257;596.6399325694589;,498.39690387366176;471.89189048965056;630.6925769632415;
5,750,False,False,False,0.6,319.5762150281182;799.7184954154874;500.1702849439541;,373.509387681179;273.56005635524934;598.157513804134;
5,750,False,False,False,0.4,1279.9306584753938;2414.655784335134;,1475.0355281683355;575.5555950996414;
5,750,False,False,False,0.6,843.8266359664234;1470.256085773585;480.4488532179097;,390.86473211128174;484.9164992329572;508.13485096696667;
5,750,False,False,False,0.6,296.9907624124003;183.01350616223021;636.8232852145597;,706.7432382815073;542.71710471417;657.8167830613254;
5,750,False,False,False,0.4,577.2094046635096;1434.3195107990866;,272.0526259810448;907.9995194767581;
5,750,False,False,False,0.6,905.6379978902519;716.1431133591635;407.5869340274654;,776.2716262932394;310.0649863761764;333.6095221046339;
5,750,False,False,False,0.4,193.85066886620845;567.7348074461124;,184.5680158486613;709.805842817459;
5,750,False,False,False,0.8,419.4008974932503;993.377748014462;1453.2549550361964;548.6430929880896;,792.9674602801105;688.0317277439767;1097.0583745010128;498.42692549691327;
5,750,False,False,False,0.6,321.66702653841844;4136.796951144867;526.3616028477662;,845.8713411977424;357.65821962475917;489.38187982299445;
5,750,False,False,False,0.6,182.51407768862938;2228.8427839289457;970.835080152614;,422.5475402824392;298.78719260613093;375.929199853419;
5,750,False,False,False,0.6,854.9470604117968;2023.9102877896487;55.39336048725675;,756.1847486309011;1423.0002991164647;394.1696157436292;
5,750,False,False,False,0.6,342.78655161445346;3123.6829569572687;2390.3276719159107;,569.6226435563987;1165.8517046966506;967.3672899397667;
5,750,False,False,False,0.6,334.536227917571;1545.336567102542;351.2690171244238;,341.06570223029826;1407.3657945480204;301.16571383734373;
5,750,False,False,False,0.6,949.6639374609626;465.22668022002387;378.8020698775715;,1493.068972190677;836.1346299675919;478.5500653022234;
5,750,False,False,False,0.6,586.956463317161;508.93898838855824;1127.677316204904;,817.2285009250947;867.1775707616606;264.8617361942502;
5,750,False,False,False,0.6,575.4205476181501;301.8381036916006;796.608412749224;,721.87026070938;613.7071741453741;1319.2968356157246;
5,750,False,False,False,0.6,871.0348622355547;1470.5621500606492;158.30546925340565;,1470.3433094972918;669.764297736446;641.8616319089192;
5,750,False,False,False,0.4,1316.6244287575828;191.2273529677564;,603.323959349816;284.13347724548174;
5,750,False,False,False,0.6,1660.1573518998778;599.1975097702209;3815.6024645742964;,708.5705279140572;752.1671661496127;334.82582186598256;
5,750,False,False,False,0.6,676.7554499096298;1014.7213052504175;488.2514659831341;,572.2547460940312;615.9123109382729;1089.976723192515;
5,750,False,False,False,0.4,1001.7244699229685;586.7975771655853;,395.9389655578063;779.1497169521999;
5,750,False,False,False,0.6,599.1991447364093;635.9604400340968;483.56953330365377;,787.5177966273943;268.1711547102676;468.2711490681307;
5,750,False,False,False,0.6,1113.7945960172883;748.9774329904684;891.714352093343;,521.5559377101537;582.7241304801851;389.9936691520436;
5,750,False,False,False,0.6,498.4922597719316;547.4675429142414;3475.306674098209;,386.1415326256383;500.97885293008346;522.621574477558;
5,750,False,False,False,0.6,240.04114635598845;929.5977810368086;2189.781192382092;,545.7359509811665;767.2359879853118;927.90834674576;
5,750,False,False,False,0.8,1182.2203926014622;538.4545150067612;1007.1508780223718;889.4988593500775;,702.9164052465353;396.10389615529823;336.2500064123904;810.121737126319;
5,750,False,False,False,0.4,977.1763779043863;1621.2037903645573;,272.9361049492638;435.6802098926325;
5,750,False,False,False,0.8,729.2186206879672;812.3301042256929;1066.5003182846392;433.75007508807283;,461.04394557598727;715.0769264413813;457.1690379639157;736.6052673397112;
5,750,False,False,False,0.6,2674.425724704801;1173.3707709724026;995.9131765605625;,1087.6623989943855;1023.2752815970018;311.25011089112087;
5,750,False,False,False,0.4,361.7268060299287;1394.2154721693548;,229.02685406450496;705.885554506696;
5,750,False,False,False,0.6,125.19657942781541;397.9420900522084;712.1988517823148;,181.8738095119169;525.874084941151;969.9176229810972;
5,750,False,False,False,0.6,561.2803278525538;1564.5736821721123;1488.1876302428543;,470.8344763939542;434.64653654764766;333.32602861806;
5,750,False,False,False,0.6,330.9407487458529;457.2915224153367;245.77969284053464;,260.4644697101231;1083.4713267297957;232.85415468440047;
5,750,False,False,False,0.4,923.3752574440815;817.0140868370333;,559.0865329241676;591.5013350857115;
1,1000,False,False,False,1.0,753.285689960605;,673.0181201784292;
1,1000,False,False,False,1.0,586.1622885256952;,1049.7892712635494;
1,1000,False,False,False,1.0,533.9130790471792;,451.7437931920665;
1,1000,False,False,False,1.0,318.90487632316376;,570.0765953146183;
1,1000,False,False,False,1.0,331.88581012129146;,882.9626604116319;
1,1000,True,False,False,,,
1,1000,False,False,False,1.0,788.6459202552574;,881.9985545179202;
1,1000,False,False,False,1.0,555.7563893141087;,435.43819347067586;
1,1000,False,False,False,1.0,291.3867482980173;,959.1449833149535;
1,1000,True,False,False,,,
1,1000,False,False,False,1.0,689.7848225509518;,147.63914497151575;
1,1000,False,False,False,1.0,276.4166117511372;,173.52803461931666;
1,1000,False,False,False,1.0,399.04601699358744;,297.79485741115917;
1,1000,False,False,False,1.0,635.6911916027657;,1339.2550468726329;
1,1000,False,False,False,1.0,837.243514174618;,1006.8584550347978;
1,1000,False,False,False,1.0,908.1108482437947;,1233.9475754174646;
1,1000,True,False,False,,,
1,1000,False,False,False,1.0,96.94843809289868;,966.4806929860093;
1,1000,False,False,False,1.0,281.3183387934778;,1189.6643781694027;
1,1000,False,False,False,1.0,512.7115862195183;,1050.0777574202978;
1,1000,False,False,False,1.0,437.9078379214164;,607.9677058386997;
1,1000,False,False,False,1.0,213.6958121053648;,539.0063668985797;
1,1000,True,False,False,,,
1,1000,False,False,False,1.0,467.5879464518593;,414.4406366515511;
1,1000,False,False,False,1.0,286.7688210799178;,421.99460239281154;
1,1000,False,False,False,1.0,309.03342629938294;,385.44315889918636;
1,1000,False,False,False,1.0,213.00662423874147;,264.20236242684115;
1,1000,False,False,False,1.0,366.6923955640846;,357.72344502155727;
1,1000,False,False,False,1.0,313.99673667707316;,221.73748521124054;
1,1000,False,False,False,1.0,123.42981773534194;,450.88104249539197;
1,1000,False,False,False,1.0,333.31594906765065;,118.49575097824771;
1,1000,False,False,False,1.0,893.8643833571078;,1306.7883949823142;
1,1000,False,False,False,1.0,970.992695216969;,1192.6633315688916;
1,1000,False,False,False,1.0,668.3273205277806;,833.9845518290482;
1,1000,False,False,False,1.0,218.52795813865148;,1125.1790391201937;
1,1000,False,False,False,1.0,281.6467612064844;,698.1103694427434;
1,1000,False,False,False,1.0,337.4653669350147;,694.479372875516;
1,1000,False,False,False,1.0,702.6126118352757;,1032.7661445863525;
1,1000,False,False,False,1.0,389.7329926011792;,359.8745644104975;
1,1000,False,False,False,1.0,206.52087433133332;,565.1732779768864;
1,1000,False,False,False,1.0,984.4440953332349;,833.8520979372931;
1,1000,False,False,False,1.0,878.4203191085065;,1364.3483280376768;
1,1000,False,False,False,1.0,658.6746917051448;,889.710067761744;
1,1000,False,False,False,1.0,606.9783379098247;,350.99934486003843;
1,1000,False,False,False,1.0,296.8650430826688;,1333.349055395632;
1,1000,False,False,False,1.0,1009.1352773077023;,1238.9570815511845;
1,1000,False,False,False,1.0,258.2592121419927;,176.92688480369935;
1,1000,False,False,False,1.0,389.82214898927856;,1007.0167382098103;
1,1000,False,False,False,1.0,367.25341800264636;,454.295559484578;
1,1000,False,False,False,1.0,189.23194490713146;,476.29338587546795;
1,1000,False,False,False,1.0,93.11626641076244;,521.2592923650504;
1,1000,False,False,False,1.0,348.8612593228471;,522.4368066236331;
1,1000,True,False,False,,,
1,1000,False,False,False,1.0,281.4571296582611;,212.3441852961522;
1,1000,False,False,False,1.0,295.2753924939753;,427.64174577555934;
1,1000,False,False,False,1.0,710.2296712387528;,1102.6948976113692;
1,1000,False,False,False,1.0,318.7794841388566;,490.72045927974665;
1,1000,False,False,False,1.0,453.54724944157243;,980.4317119575567;
1,1000,False,False,False,1.0,790.7166387911574;,821.1181902782827;
1,1000,False,False,False,1.0,50.14670699224136;,810.2676406633601;
1,1000,False,False,False,1.0,528.9721341444382;,561.2627405895031;
1,1000,False,False,False,1.0,103.53115207537476;,370.06789483961956;
1,1000,False,False,False,1.0,316.66602888325997;,79.96122638735781;
1,1000,False,False,False,1.0,1098.7038857675168;,1225.0402411010343;
1,1000,False,False,False,1.0,1098.2289841944078;,1207.5445318105437;
1,1000,False,False,False,1.0,479.1847668688297;,879.8852421438079;
1,1000,False,False,False,1.0,356.1619705031614;,285.9936003180136;
1,1000,False,False,False,1.0,1005.0729401228596;,883.959244942181;
1,1000,True,False,False,,,
1,1000,False,False,False,1.0,682.5367515127318;,1079.682423508969;
1,1000,False,False,False,1.0,638.0674918838631;,540.4848382873829;
1,1000,False,False,False,1.0,412.6331867613709;,621.431548393987;
1,1000,False,False,False,1.0,256.29918195938876;,355.46248732248927;
1,1000,False,False,False,1.0,767.9817629442495;,308.11909255995494;
1,1000,True,False,False,,,
1,1000,False,False,False,1.0,886.5078020726702;,941.754264822231;
1,1000,False,False,False,1.0,398.4965113872418;,315.9305622642609;
1,1000,False,False,False,1.0,376.4960488845119;,965.8928537830371;
1,1000,False,False,False,1.0,257.0336196110606;,647.0736855851886;
1,1000,True,False,False,,,
1,1000,True,False,False,,,
1,1000,False,False,False,1.0,224.21710965663092;,218.5559598906183;
1,1000,False,False,False,1.0,784.9619382148995;,1285.626586620938;
1,1000,False,False,False,1.0,443.29669738381966;,539.2348747180278;
1,1000,False,False,False,1.0,183.90177680762787;,502.9706464122828;
1,1000,False,False,False,1.0,655.0142681468142;,992.1822789485835;
1,1000,False,False,False,1.0,679.1477711991208;,318.4343965009362;
1,1000,False,False,False,1.0,1032.285923649335;,1296.0655417929206;
1,1000,False,False,False,1.0,1108.7322615641547;,303.31038431631214;
1,1000,False,False,False,1.0,217.33840469343002;,586.87277735544;
1,1000,True,False,False,,,
1,1000,True,False,False,,,
1,1000,False,False,False,1.0,449.9907883475811;,331.08503282749666;
1,1000,False,False,False,1.0,336.6104257125919;,568.1592958836748;
1,1000,True,False,False,,,
1,1000,False,False,False,1.0,888.8840437308411;,1187.8113547627859;
1,1000,False,False,False,1.0,661.2856671688147;,1082.7022299176542;
1,1000,False,False,False,1.0,325.70061544576134;,242.71985545120205;
1,1000,False,False,False,1.0,1111.2022470775014;,554.5244731677731;
1,1000,False,False,False,1.0,192.53036751951035;,52.161945999377146;
1,1000,False,False,False,1.0,288.71789204770295;,377.42239299953224;
1,1000,False,False,False,1.0,400.3009715850655;,732.9152701733291;
1,1000,False,False,False,1.0,553.9801814016156;,508.9501120528225;
1,1000,False,False,False,1.0,868.401443239441;,554.077966870952;
1,1000,False,False,False,1.0,633.6255070458736;,739.0261396529277;
1,1000,False,False,False,1.0,706.4059649834184;,542.8070319285289;
1,1000,False,False,False,1.0,853.311946472894;,760.213462157791;
1,1000,False,False,False,1.0,345.8187218308003;,374.9778632903948;
1,1000,False,False,False,1.0,106.88172557803934;,898.3648046909414;
1,1000,False,False,False,1.0,513.665524328043;,386.6334974534798;
1,1000,True,False,False,,,
1,1000,False,False,False,1.0,203.97022115856305;,872.1816592438886;
1,1000,False,False,False,1.0,720.13985113858;,1104.896054201307;
1,1000,False,False,False,1.0,230.3722285423069;,122.55226380878476;
1,1000,False,False,False,1.0,126.89481880126756;,631.8130074586035;
1,1000,False,False,False,1.0,678.2435280405358;,1048.4116273749657;
1,1000,False,False,False,1.0,657.4988371496894;,385.86784957657824;
1,1000,False,False,False,1.0,1206.6938321558375;,1680.930839318815;
1,1000,True,False,False,,,
1,1000,False,False,False,1.0,428.31203882257046;,394.7406343871612;
1,1000,False,False,False,1.0,350.8688461990513;,24.705411742946836;
1,1000,False,False,False,1.0,781.6140446689694;,975.4990420031614;
1,1000,False,False,False,1.0,198.12193687632953;,852.5022832969651;
1,1000,False,False,False,1.0,685.5530765262561;,757.3085199160754;
1,1000,False,False,False,1.0,555.5702474116839;,809.2486215207028;
1,1000,True,False,False,,,
1,1000,False,False,False,1.0,361.94299041132984;,829.3364033136031;
1,1000,False,False,False,1.0,235.07699221122323;,65.83991980681832;
1,1000,False,False,False,1.0,916.4575989499516;,640.8021843170707;
1,1000,False,False,False,1.0,401.18942518449245;,874.4729591334784;
1,1000,False,False,False,1.0,707.3501055548562;,1140.4095298793811;
1,1000,False,False,False,1.0,219.4486383007409;,472.311715338245;
1,1000,False,False,False,1.0,483.34761241996443;,339.1088841089929;
1,1000,True,False,False,,,
1,1000,False,False,False,1.0,686.0639756520153;,512.8873272941726;
1,1000,False,False,False,1.0,258.4362559469344;,503.9979699983389;
1,1000,False,False,False,1.0,413.05828446935453;,690.7732233545705;
1,1000,False,False,False,1.0,412.7401932340481;,217.94633147901578;
1,1000,False,False,False,1.0,1528.7905688826247;,1779.1014737952362;
1,1000,True,False,False,,,
1,1000,False,False,False,1.0,342.8643129927848;,926.5493875363692;
1,1000,False,False,False,1.0,444.6454376692591;,846.6394955467126;
1,1000,False,False,False,1.0,223.32702093140807;,392.2581887825227;
1,1000,False,False,False,1.0,271.78675997041483;,899.3112751662608;
1,1000,False,False,False,1.0,914.5490011387932;,1338.1720107378396;
1,1000,False,False,False,1.0,180.6710041481079;,597.0065081250424;
1,1000,False,False,False,1.0,1130.5592467281263;,978.660947339417;
1,1000,False,False,False,1.0,377.68319748882396;,66.90293516674888;
1,1000,False,False,False,1.0,946.1657999103054;,456.3642826938168;
1,1000,False,False,False,1.0,370.70793697983135;,1010.9980126668323;
2,1000,False,False,False,1.0,881.7288857038033;306.7026414931653;,763.937483394576;455.1493569533584;
2,1000,False,False,False,1.0,409.88393322458023;798.9133341024738;,938.4417982999099;701.400785268693;
2,1000,False,False,False,1.0,766.6998387858906;378.7675888409564;,943.9969962661104;587.3598680808958;
2,1000,False,False,False,1.0,487.21145025062555;1055.350164133855;,975.0599551462202;1420.7859547927414;
2,1000,False,False,False,1.0,199.56026196980275;227.57928204175116;,416.0137399398597;338.4685362054085;
2,1000,False,False,False,0.5,255.0748320582205;,239.91789135761954;
2,1000,False,False,False,1.0,210.39827272733382;350.35037569320133;,223.56733199990674;967.8343085878581;
2,1000,False,False,False,0.5,951.5492848303817;,449.7862882027409;
2,1000,False,False,False,1.0,463.0671027637435;531.3663646416557;,288.77633060530394;828.7547444885971;
2,1000,False,False,False,1.0,571.7189105082855;846.4128370699823;,259.50923380926474;699.790160694187;
2,1000,False,False,False,1.0,992.169802036864;1388.1292926819665;,455.6911767894722;1284.9837601254903;
2,1000,False,False,False,1.0,1193.7117324754704;2308.023401589327;,2011.3566056122872;1125.5686561464697;
2,1000,False,False,False,1.0,300.0950125486841;869.0399538662181;,303.834762893661;563.9921494121286;
2,1000,False,False,False,1.0,185.90678670462663;301.9274049840278;,254.22869431370097;236.8378394715716;
2,1000,False,False,False,1.0,392.3621971551552;2102.2597958039387;,645.5257680016755;782.2419390135326;
2,1000,False,False,False,1.0,752.4744336193762;359.93753433147225;,631.296620583127;502.8764775183731;
2,1000,False,False,False,1.0,589.7396682066734;807.9963506177806;,850.4073060022747;1045.7759503648;
2,1000,False,False,False,1.0,766.9407839774894;752.8461007257778;,468.206892795793;978.3957714798744;
2,1000,False,False,False,1.0,1358.1563466071505;1107.7820754433615;,606.1152335051713;219.52820376609503;
2,1000,False,False,False,1.0,166.389691625946;535.9249446182697;,666.8048252382669;343.8702037933216;
2,1000,False,False,False,1.0,174.05073162615415;182.33913711804036;,278.50079643637645;183.0529860973474;
2,1000,False,False,False,1.0,605.8674244247665;767.8224578074567;,484.6947165551113;242.53625782874371;
2,1000,False,False,False,1.0,1097.3309905849142;302.39454145567834;,828.2503253282769;38.58153838603414;
2,1000,False,False,False,1.0,616.2621737385127;218.78827502825652;,758.5981458797195;170.08969390390718;
2,1000,False,False,False,1.0,565.9725907217335;777.428132468793;,848.0655724681171;510.9795276731127;
2,1000,False,False,False,1.0,201.60068384030578;590.4139470644258;,1006.0331621218161;701.0944286070376;
2,1000,False,False,False,0.5,748.8680806249798;,840.5935975151699;
2,1000,False,False,False,1.0,245.24955909629696;2042.6043441850811;,297.27137840270603;1510.5836868495776;
2,1000,False,False,False,1.0,1037.794333700204;634.9040477383712;,648.1104773881293;1220.4816325614406;
2,1000,False,False,False,1.0,3460.8856713516757;708.377872309679;,323.18538463081654;899.7355222027288;
2,1000,False,False,False,1.0,530.0962508699934;512.3961000366864;,499.2849170056631;818.8258252301512;
2,1000,False,False,False,0.5,969.6419498638382;,659.7049692326843;
2,1000,False,False,False,1.0,317.1122348430533;434.8241145933749;,1176.9222682651948;600.5929082266347;
2,1000,False,False,False,1.0,264.24248875619116;793.5964560289627;,602.2188205604672;321.9699112158043;
2,1000,False,False,False,1.0,713.6530778564284;366.1467179522371;,738.0631079607576;532.8540765129809;
2,1000,False,False,False,0.5,811.9670159881471;,1127.7655009635887;
2,1000,False,False,False,1.0,200.19151446217924;460.9324475269682;,448.0852194310354;893.6998792164514;
2,1000,False,False,False,1.0,824.1308729812745;604.55159742316;,561.4595533121499;498.8881421524839;
2,1000,False,False,False,1.0,38.79016472786739;674.8862805619739;,540.2478283968109;1626.3706258633388;
2,1000,False,False,False,0.5,705.9256831957238;,857.9039860557858;
2,1000,False,False,False,1.0,443.58886851164056;280.8221323477089;,545.8836357075152;229.75668929557278;
2,1000,False,False,False,1.0,1370.298749676892;194.69506512213073;,1096.436106751009;543.1861178393763;
2,1000,False,False,False,1.0,741.7491411220522;1387.187855314408;,348.40408780374975;1513.5632024391778;
2,1000,False,False,False,1.0,105.2234397004189;217.96315389411723;,458.8275013436488;1013.6970358136705;
2,1000,False,False,False,1.0,668.6435520246994;735.5158621750994;,790.3740092597552;670.2390516757321;
2,1000,False,False,False,0.5,371.57083659647543;,875.8095327538712;
2,1000,False,False,False,1.0,819.6048253963424;582.0779764259414;,1073.6731184085825;326.13037723451697;
2,1000,False,False,False,1.0,530.779162796483;713.0920307468234;,1179.5429343818882;377.84563109005916;
2,1000,False,False,False,1.0,1449.532240647009;726.7022356331655;,539.5853845813563;449.0809629705532;
2,1000,False,False,False,1.0,1059.6781055333404;800.0272783279985;,361.79398552850716;300.1781309625568;
2,1000,False,False,False,1.0,793.2881272864079;223.5918390993128;,864.1632311967539;1675.6198734622621;
2,1000,False,False,False,1.0,700.4505648270866;151.2412697802402;,639.1707631163375;1110.994634570368;
2,1000,False,False,False,1.0,780.0914915981818;581.8052320350034;,620.9610144315719;660.4795886769786;
2,1000,False,False,False,1.0,778.7421501249437;1393.1480752943191;,822.723821870376;370.69081643600305;
2,1000,False,False,False,0.5,1424.4507912220097;,382.1201373848964;
2,1000,False,False,False,1.0,768.0097404264629;240.95882866343058;,637.8619515627621;804.4600103733035;
2,1000,False,False,False,0.5,827.2101551009072;,339.07715029429386;
2,1000,False,False,False,1.0,115.94175538134289;220.77205589731216;,450.88174238773735;896.4712496831897;
2,1000,False,False,False,1.0,1042.9125482981167;319.22183865495657;,1017.3821712154936;249.20707010292884;
2,1000,False,False,False,1.0,195.10901050961564;426.14192180696614;,510.9606603253337;1015.0288207891064;
2,1000,False,False,False,1.0,512.0620226855716;421.5552877648726;,416.65703095467916;161.3011498781272;
2,1000,False,False,False,1.0,970.1881201642259;688.1522716961962;,1155.156593404709;579.3371234815261;
2,1000,False,False,False,1.0,640.2974890820755;557.1117700309967;,234.95412624000076;675.1002651556884;
2,1000,False,False,False,1.0,577.051115418825;398.8663515041002;,1118.9863342019835;361.2197840411988;
2,1000,False,False,False,1.0,818.430006222282;1062.3148221931963;,586.0565120410675;721.4235632344697;
2,1000,False,False,False,0.5,1085.8050825542957;,1202.0225019023965;
2,1000,False,False,False,1.0,1443.9746129553087;917.0115405874944;,1002.6943720612167;183.22251922235463;
2,1000,False,False,False,1.0,632.2018915269294;898.9311209002311;,1009.4380670082752;440.03155973448435;
2,1000,False,False,False,1.0,467.28389305928937;1062.7911202734022;,758.0604410557111;744.4497239847965;
2,1000,False,False,False,0.5,646.1521614822666;,450.3683349892368;
2,1000,False,False,False,1.0,883.0669540485476;1065.7441391497296;,799.6244414733445;859.372055465062;
2,1000,False,False,False,1.0,396.17017513440135;156.80778639652567;,290.93794987888896;447.0294634090279;
2,1000,False,False,False,1.0,503.73807836133034;133.35950781845793;,386.14106970825543;413.18451931448044;
2,1000,False,False,False,1.0,833.3971080888917;510.61243792216237;,477.65476613642824;527.9957075339855;
2,1000,False,False,False,1.0,838.2954601531437;156.04784437380204;,433.3343032712375;193.549062902372;
2,1000,False,False,False,1.0,1009.3062341325561;1283.6791673662915;,2186.6805684284273;737.110436963271;
2,1000,False,False,False,1.0,757.3906341835633;397.2218624876973;,687.3684065559376;641.4198418345842;
2,1000,False,False,False,1.0,241.962661934839;956.9137368770923;,940.9818835486855;921.1556946414357;
2,1000,True,False,False,,,
2,1000,False,False,False,1.0,389.9918738925439;1084.871902598007;,429.32484715688537;629.361443419266;
2,1000,False,False,False,1.0,597.3304024677204;638.5607952756303;,1314.7259694899653;575.1899016648802;
2,1000,False,False,False,0.5,1543.2662436448536;,1717.122817892784;
2,1000,False,False,False,1.0,638.9578177186987;1434.107764715084;,882.0149587872361;1123.250099715673;
2,1000,False,False,False,1.0,244.7111164151254;625.8281149336277;,313.20506729363103;971.6776922721118;
2,1000,False,False,False,1.0,459.5937027856395;238.12021304920137;,339.7761344666163;485.774108347355;
2,1000,False,False,False,1.0,1143.2239768510126;954.4635657369852;,1164.3384829414456;669.3729360457694;
2,1000,False,False,False,1.0,445.8600581183168;658.3282944661955;,677.2947418126894;896.4958674634031;
2,1000,False,False,False,1.0,877.9469649147177;321.5349391575818;,162.14866915123298;1032.6528763431484;
2,1000,False,False,False,1.0,655.9613338287894;221.89496846833822;,840.9264318896231;226.5262444562268;
2,1000,False,False,False,0.5,525.1046463663805;,759.6083641177981;
2,1000,False,False,False,0.5,192.67476272703425;,529.4428775789178;
2,1000,False,False,False,1.0,517.9934933482983;96.07306904260757;,341.8810864138557;358.6503557483806;
2,1000,False,False,False,1.0,887.6043149092555;616.1199359061354;,633.0817401457388;739.6063117203257;
2,1000,False,False,False,1.0,232.92473620011947;1111.1351368399062;,120.94711000792282;1287.673105159961;
2,1000,False,False,False,1.0,342.173590655583;1245.7886848912979;,261.7318217835538;678.0956422460712;
2,1000,False,False,False,1.0,814.9918565218908;179.37744134856496;,1016.9517424215787;533.7637225311096;
2,1000,False,False,False,1.0,529.088012968778;809.8312559003859;,610.2299157124696;116.04248784573737;
2,1000,False,False,False,1.0,382.3928528443505;730.7210146069872;,232.27004461032723;643.3639070993448;
2,1000,False,False,False,1.0,52.68434948527957;3666.9848975955015;,881.3639358214772;964.7987400303589;
2,1000,False,False,False,1.0,596.2915764162922;663.2345443541949;,591.4644764948198;290.3322603033826;
2,1000,False,False,False,1.0,272.4652061280768;813.8208393837722;,504.07582727496225;988.3736342057266;
2,1000,False,False,False,1.0,386.0263580561534;744.3801524291605;,545.6847807504071;1073.994592953083;
2,1000,False,False,False,1.0,1102.0306082424297;1689.7032478498952;,1139.681110134025;135.25714926499623;
2,1000,False,False,False,1.0,310.98537100442655;584.6730803411499;,256.4433572561349;518.179502970672;
2,1000,False,False,False,1.0,193.53280903242933;173.77778535693233;,347.8551513773079;664.0090244571031;
2,1000,False,False,False,1.0,283.7319077488978;625.4233345155177;,418.29713137397596;631.1956779282624;
2,1000,False,False,False,1.0,1018.729594502186;605.699930881023;,318.1828464125822;553.0003343419294;
2,1000,False,False,False,0.5,1067.7114305654836;,760.2344801073366;
2,1000,False,False,False,1.0,916.9759344396817;477.1536111287776;,948.8308052277338;761.9014731307656;
2,1000,False,False,False,1.0,845.9668976268279;797.8542987040729;,470.35484230582296;684.6799912020999;
2,1000,False,False,False,1.0,443.5906988328277;420.3954399642902;,578.6184164036403;484.9687534201189;
2,1000,False,False,False,1.0,497.0949119305377;418.60945706775703;,1232.6900642692958;1253.972517736055;
2,1000,True,False,False,,,
2,1000,False,False,False,0.5,1007.7559863326676;,844.1186449160754;
2,1000,False,False,False,1.0,1255.9134017861757;765.0710822586275;,1030.8695081617645;656.0882576638688;
2,1000,False,False,False,1.0,565.8357338080459;23.125275097423906;,1009.885195142076;250.8640009880335;
2,1000,True,False,False,,,
2,1000,False,False,False,1.0,801.7934234442392;490.02727193335693;,792.2094613988021;414.8530024198783;
2,1000,False,False,False,1.0,912.1696063723372;1009.8508660517848;,296.45624343296834;475.9973114159904;
2,1000,False,False,False,1.0,472.87897763462297;266.9793420522786;,284.8146115673207;312.6842739965685;
2,1000,False,False,False,1.0,1169.6081834971255;1375.3912809648816;,1576.9654524075656;1615.089031042817;
2,1000,False,False,False,1.0,621.7465360867379;586.2266225618845;,1156.5508040428426;383.8394991935619;
2,1000,False,False,False,1.0,928.013209747454;849.7850974491968;,614.4876885084133;937.1804276872859;
2,1000,False,False,False,1.0,525.8856555839677;842.9591969504514;,925.3227295681847;1492.302837680178;
2,1000,False,False,False,1.0,678.8852641269376;537.1473499077399;,709.642453258999;1044.8632903170578;
2,1000,False,False,False,1.0,303.0898558136216;812.0483906870243;,731.8151843335318;360.6809230421908;
2,1000,False,False,False,1.0,230.68984363822503;467.2588876682561;,729.2221309666389;801.6879906772841;
2,1000,False,False,False,1.0,1137.6454050287143;494.56764596974693;,488.4034263371032;1095.134467272831;
2,1000,False,False,False,1.0,730.6604365194275;726.9934623099635;,654.3378091270206;87.48613577286923;
2,1000,False,False,False,1.0,346.7174516164962;88.89380188508193;,663.413411339275;192.10434070495504;
2,1000,False,False,False,1.0,184.59704497779504;480.3322790903235;,1069.0998665928505;633.8583356773283;
2,1000,False,False,False,0.5,688.4824888002709;,779.3162938525418;
2,1000,False,False,False,1.0,1083.2615388865158;685.7550695703063;,286.53642361155926;730.2520794284909;
2,1000,False,False,False,1.0,258.5532037463391;382.9640686891725;,172.80400031251594;641.9743388393189;
2,1000,False,False,False,1.0,239.3828785460035;1140.5093248245194;,867.4552272220003;1018.7425188119433;
2,1000,False,False,False,1.0,312.45914273521674;338.1555133304079;,312.06450471851787;255.20792406252156;
2,1000,False,False,False,1.0,466.57219358234585;766.2783238885748;,616.9017817024874;564.2582764102314;
2,1000,False,False,False,1.0,628.8305166789759;869.0800474811264;,434.38588843027134;387.50203880366;
2,1000,False,False,False,1.0,990.9991668591782;556.0027051877775;,1346.8534033582403;758.475214267329;
2,1000,False,False,False,1.0,748.6415790425903;660.0393331880691;,1233.8355150640634;640.296271060902;
2,1000,False,False,False,1.0,1243.8146079887078;328.55096519632633;,1308.6098968990882;612.296986300869;
2,1000,False,False,False,1.0,1092.0557311211141;701.2836818134027;,464.15342604595594;362.5739099758103;
2,1000,False,False,False,0.5,1141.1332950378605;,1081.8210833194769;
2,1000,False,False,False,1.0,796.8527407419356;374.6121331145981;,986.2292264524848;600.1637656192055;
2,1000,False,False,False,1.0,491.73421720990603;383.6128252222028;,703.958247682515;629.453583329603;
2,1000,False,False,False,1.0,986.6007283974101;957.9656786131444;,186.03673700237718;1077.2315532121627;
2,1000,False,False,False,1.0,448.11312439923563;837.7493280458642;,284.9938974971817;909.9512515043922;
2,1000,False,False,False,1.0,298.90403937680935;543.9024172385958;,1195.7191897718862;538.4463566853489;
2,1000,False,False,False,1.0,258.52220366475336;859.0661512009293;,256.520649036615;712.3782466417737;
2,1000,False,False,False,0.5,729.1610084829296;,631.2233871801958;
3,1000,False,False,False,0.6666666666666666,500.4987513348957;1675.3370245578428;,10.551011396242535;1255.6909387920368;
3,1000,False,False,False,1.0,774.4659969666947;669.4870455653609;961.0241349801529;,574.7648737004329;352.1198906045603;982.5081067935176;
3,1000,False,False,False,0.6666666666666666,1239.8927485455426;1470.5419054422248;,404.05095764674144;1667.6378762752602;
3,1000,False,False,False,1.0,230.48633994277918;982.8895903378619;981.9731582135935;,648.9456326596696;325.8274484484339;681.2030006498665;
3,1000,False,False,False,0.6666666666666666,185.05800239604778;1233.4931719388258;,561.8950002122676;968.0756395913198;
3,1000,False,False,False,0.6666666666666666,1223.4234798053699;989.6048783757304;,1157.053162869517;557.7921710724662;
3,1000,False,False,False,1.0,410.8810307334213;942.3198590885423;345.5816256411732;,352.8328067437852;325.40829875306207;368.0112769025049;
3,1000,False,False,False,1.0,1288.222057202262;80.9338384619925;646.981946619657;,1234.0133064713664;474.07548908103524;345.9634463143955;
3,1000,False,False,False,0.6666666666666666,672.0236942324055;815.0605483839325;,1145.1124907965823;184.02402006965124;
3,1000,False,False,False,1.0,609.2818535920559;663.4990847197668;219.89143885068253;,1251.3993661391266;639.1306366588352;453.64750929853994;
3,1000,False,False,False,1.0,1004.5499113167452;1779.661449537787;485.43095750346527;,274.1694890272518;182.60790596353294;713.1530062563354;
3,1000,False,False,False,1.0,764.0046992962353;471.2705118834649;1741.8978918638318;,675.8983820232804;1050.6519943223416;1089.3181740728219;
3,1000,False,False,False,1.0,591.0427944526452;188.85363913952798;2010.5788450954853;,146.39961716459322;147.14231795127108;522.7233977646405;
3,1000,False,False,False,1.0,541.7332280058853;1023.6451634104379;569.1856332539726;,635.1199614105095;524.2054221079309;842.1472683370979;
3,1000,False,False,False,1.0,285.3881935024221;1340.3756009653603;618.2600307068602;,608.5467215982014;908.50998952183;771.4506600920982;
3,1000,False,False,False,0.6666666666666666,333.68760017837906;203.65580312910802;,394.1934699584497;710.3121451051618;
3,1000,False,False,False,1.0,825.5844296801483;1074.6882983922878;1230.4563949843118;,1259.6150294685285;762.8036455039651;398.2718516569733;
3,1000,False,False,False,0.6666666666666666,700.3498792258986;431.4628725035867;,372.17575458931077;880.8431290733108;
3,1000,False,False,False,0.6666666666666666,745.5694259724959;590.6270516045147;,1495.021253461641;511.9471695904844;
3,1000,False,False,False,0.6666666666666666,1799.439078486966;229.04274574757136;,738.9131368417338;372.77822731211654;
3,1000,False,False,False,1.0,377.85567651575093;215.17221899034328;264.23164353907924;,949.9707965519829;419.60446179295377;405.3094867835481;
3,1000,False,False,False,0.6666666666666666,1973.730332474199;1172.9255705671367;,295.06772075390035;898.2898488352745;
3,1000,False,False,False,0.6666666666666666,991.1602310997815;660.4821587322255;,209.28754461814083;606.0584006618361;
3,1000,False,False,False,1.0,1947.6452285714643;1590.155091353872;1535.7135709829124;,1080.2101306989282;541.81941732147;181.83339801752848;
3,1000,False,False,False,0.6666666666666666,1243.7602828157792;288.9133564415486;,1195.1984782761979;1111.3039888127144;
3,1000,False,False,False,1.0,1268.655787835739;765.903882758665;527.3610492960216;,1296.591291167774;1375.2725604692166;532.3424717707195;
3,1000,False,False,False,1.0,1405.0476556835672;503.98953640894416;1107.546257219633;,1493.4566557243768;372.83795742148607;831.636880747584;
3,1000,False,False,False,0.6666666666666666,825.060990647111;1094.9146707678099;,491.16891907537683;554.1522957109883;
3,1000,False,False,False,0.6666666666666666,1914.491073201745;536.71222178904;,969.7158861002966;748.5306203812614;
3,1000,False,False,False,0.6666666666666666,767.6027970741989;307.66890581771673;,1540.5982661955281;1383.6869331005976;
3,1000,False,False,False,0.6666666666666666,286.62351670108757;1832.1417253573215;,666.1169001297728;1210.9874460810524;
3,1000,False,False,False,0.6666666666666666,362.97239592580553;929.662847824231;,503.78422325542647;2085.7473136707868;
3,1000,False,False,False,1.0,524.8645918526126;483.48891039509095;756.1583848335794;,595.2762527263851;331.9656151271015;1204.1379309748772;
3,1000,False,False,False,0.6666666666666666,1475.5765704764208;404.38712160399234;,285.53523005474204;727.102914292561;
3,1000,False,False,False,1.0,658.8018035418855;821.9601640592407;560.2933381415729;,504.76914320673313;312.0466297704249;542.0482760010576;
3,1000,False,False,False,0.6666666666666666,392.7436388763194;744.948766550564;,1345.8847267509968;407.0604560194106;
3,1000,False,False,False,0.6666666666666666,1038.823013212403;614.3441350047525;,578.6322374992384;396.5953245073083;
3,1000,False,False,False,1.0,989.8268290969376;431.5920906353487;2600.0483537844616;,986.7183969870644;124.83683668764023;1399.1568246827526;
3,1000,False,False,False,0.6666666666666666,1258.1209156578952;1247.7236559354928;,484.05879099693277;450.39333016399576;
3,1000,False,False,False,1.0,165.85253811341718;301.2131756368013;260.05367748403546;,772.9245757148967;257.2140833959153;1035.953233839329;
3,1000,False,False,False,1.0,289.4485910074632;752.1210734730425;929.3468491591382;,241.3044623921846;536.7705793652309;1331.0273909989123;
3,1000,False,False,False,0.6666666666666666,184.21480346136133;3925.233735784845;,969.1211813450951;501.6082595156582;
3,1000,False,False,False,0.6666666666666666,1878.4657336072266;736.7323791992584;,1932.6278160359514;1097.8749327223084;
3,1000,False,False,False,1.0,521.0976631412166;657.0966733342105;971.6927987399506;,583.132530742401;865.4334071627189;935.2724073797662;
3,1000,False,False,False,1.0,1388.1306855989171;734.4352101364805;1002.5897111741314;,684.5432934109807;199.33019835635014;765.0602508540654;
3,1000,False,False,False,1.0,1917.1026580578032;1287.17617758902;395.01538612034034;,981.7071903646885;869.5736644888701;123.50681134063014;
3,1000,False,False,False,1.0,399.29476657899653;616.8433117343403;722.094110665601;,352.66838509411235;172.60517926530434;644.7887599718339;
3,1000,False,False,False,0.6666666666666666,223.7767686644888;1096.4150886102498;,177.59336945409464;1421.0339952579307;
3,1000,False,False,False,0.6666666666666666,612.4327334283596;856.3946037161716;,1029.4802968143708;358.16002278762994;
3,1000,False,False,False,0.6666666666666666,78.64492461048167;1002.8967481428914;,572.796513131451;700.0217968746492;
3,1000,False,False,False,1.0,1052.5858751282867;660.0980922089722;247.76324335473117;,708.758479895732;373.831793412423;140.16286882317212;
3,1000,False,False,False,0.6666666666666666,592.6730452518728;240.15147198869457;,433.1142163948383;216.36671514230127;
3,1000,False,False,False,1.0,876.7187533819879;1141.6306620390862;936.2269558855802;,1036.1289532546539;518.7372922916861;620.2830590431895;
3,1000,False,False,False,1.0,181.98745109282532;505.5954311194511;489.04461230395077;,665.0982713525083;680.3964474466757;978.0293338747146;
3,1000,False,False,False,1.0,49.959938275013634;597.7902015768192;1361.2959263524608;,318.3283474516137;582.3091080500154;861.5956721849134;
3,1000,False,False,False,1.0,500.0684040695502;1617.857751960699;1658.5463484439529;,252.32219156381086;360.0618366813351;851.2425978457078;
3,1000,False,False,False,0.6666666666666666,804.4430835915283;657.64899689723;,856.6160776329923;507.74340729437324;
3,1000,False,False,False,0.6666666666666666,986.9933786268066;1415.8765578396558;,687.7226576403914;485.3231971144449;
3,1000,False,False,False,0.6666666666666666,564.8417084816098;929.6488449512957;,563.9513509330884;681.5879971952862;
3,1000,False,False,False,0.6666666666666666,380.11145636488556;656.8792487941636;,178.93443483832533;926.1121763651661;
3,1000,False,False,False,1.0,180.07881505064663;512.5650080235924;1334.5678307692033;,766.6739616208898;359.4619965822664;805.6222799137524;
3,1000,False,False,False,0.6666666666666666,321.32426794899976;428.5074153976219;,877.5670705362242;268.90574715713643;
3,1000,False,False,False,0.6666666666666666,847.9442651966409;885.6804843029762;,170.83092241870497;1207.7248855243597;
3,1000,False,False,False,0.6666666666666666,106.7423070738684;328.28425031942953;,319.952144922247;659.78578716948;
3,1000,False,False,False,1.0,1092.6128102221421;1301.1085896123907;2308.3550539917946;,1074.1439530516293;706.3330037571321;1256.6534316464417;
3,1000,False,False,False,1.0,909.5030971927674;709.1077581168423;885.440788544147;,504.0520175838025;1069.6941513629627;1352.8685569741308;
3,1000,False,False,False,0.6666666666666666,384.01482226612626;953.9946848484011;,409.64555325773847;212.31115471142758;
3,1000,False,False,False,0.6666666666666666,551.7154136777752;3311.6399085090475;,445.10230800814963;827.4012328584178;
3,1000,False,False,False,0.6666666666666666,466.9704547116283;1286.2096738542953;,551.2581084274626;714.6188054715984;
3,1000,False,False,False,0.6666666666666666,809.3099786947982;302.6890116937486;,495.6603454769523;372.06533645663416;
3,1000,False,False,False,0.6666666666666666,2078.6493613588145;343.58637933697867;,107.88908636954335;471.40777188518047;
3,1000,False,False,False,1.0,705.5110184968746;567.2037022614619;1528.9964865323007;,859.417053567107;1838.5071049769654;777.2544620225292;
3,1000,False,False,False,1.0,207.91676161190358;1074.4351899290589;416.9823903631924;,706.5429369527816;1309.6804766598063;141.27920417854344;
3,1000,False,False,False,0.6666666666666666,906.3756976461945;956.8205644839313;,373.59815286398504;1123.2175599835218;
3,1000,False,False,False,1.0,423.4959694522946;1794.4786340871246;1409.9555208765532;,886.1262570232362;765.8826902735933;429.0070362857014;
3,1000,False,False,False,1.0,786.3411534687147;431.3286123367604;365.46989407021215;,632.2911702496262;458.4799423769527;1055.6797427154916;
3,1000,False,False,False,1.0,988.4236536407393;534.9626514328376;1070.087738932389;,785.2039980639512;324.15252035080107;584.9924877085429;
3,1000,False,False,False,1.0,918.6529292158634;365.80768563812813;655.6387183488431;,584.0834031055;941.2644662136343;994.6506596426598;
3,1000,False,False,False,1.0,1125.178649708319;265.31095723182364;242.8497431898258;,525.2145372969229;220.33136523329125;555.3928071086224;
3,1000,False,False,False,0.6666666666666666,445.3214128715957;1561.397644721954;,724.1319937492909;490.37138323501904;
3,1000,False,False,False,1.0,543.9009181281949;502.22259530337067;154.86445786978342;,570.3022262529603;851.8090190318641;198.98121813646952;
3,1000,False,False,False,1.0,517.465541840036;387.13823670621906;142.54119295707451;,720.8528648691084;201.1217993116412;519.6060884168487;
3,1000,False,False,False,1.0,1027.2920105348715;616.9798817009777;1085.4083609837144;,476.55656478656476;181.87662442617454;740.6155046781033;
3,1000,False,False,False,1.0,85.40844898678121;577.3271216199677;1094.9700864261367;,140.5614442371696;655.4515424639942;374.1622254888277;
3,1000,False,False,False,1.0,1348.3608799112478;984.7233802640138;1948.5474455032052;,1611.6130922048471;653.2633869845504;481.3514731206558;
3,1000,False,False,False,0.6666666666666666,544.8059383159814;827.7455987338292;,631.7103529418687;992.0447294971816;
3,1000,False,False,False,1.0,2257.065921400886;649.6382725624765;956.4798517793082;,678.1133186486736;652.3394825970843;774.3195940653651;
3,1000,False,False,False,0.6666666666666666,1479.9552956437676;823.8936447332164;,158.03647458791474;681.6454484680446;
3,1000,False,False,False,0.6666666666666666,1962.4261545110826;1084.663857754052;,1796.3954799617754;643.3545442080123;
3,1000,False,False,False,1.0,974.7237629897107;78.21733561459669;461.6348158272734;,282.4876206668961;801.4993170143098;541.421393878565;
3,1000,False,False,False,0.6666666666666666,1269.4149467461552;3269.219569388409;,96.07644615687545;1734.0821034551157;
3,1000,False,False,False,1.0,737.7561487825227;1309.4703067276141;3612.724981527687;,1700.2322585875906;669.2204112956581;1824.3905716768936;
3,1000,False,False,False,1.0,934.1382436266006;1692.2586499883876;437.4111061082387;,1115.1346214372302;388.8197566651977;555.7019840444043;
3,1000,False,False,False,0.6666666666666666,403.8707123763653;1150.0607385765818;,661.1189474821427;372.9195454342093;
3,1000,False,False,False,1.0,1141.4999891385578;1248.2337354392762;1073.947674982974;,955.1635518356653;1990.030726929373;1637.5241598265332;
3,1000,False,False,False,1.0,2142.2580344431763;528.7946889488628;1235.6707732321559;,928.7262399206764;796.4204824798987;678.1945982794423;
3,1000,False,False,False,0.6666666666666666,245.02535510161442;139.32309986934163;,658.2326610281328;637.7297273407652;
3,1000,False,False,False,1.0,612.7500220094105;959.7691519667629;405.2527420501841;,796.0485017132122;300.3894839212126;138.6139290520955;
3,1000,False,False,False,0.6666666666666666,146.0270974487971;1087.1399497630778;,634.3248907279302;904.5151675451885;
3,1000,False,False,False,1.0,1815.142796898508;1277.3040300785333;470.3146571486497;,1900.2788103915855;954.7366032403695;492.539336105065;
3,1000,False,False,False,0.6666666666666666,1126.5403658446999;2118.2455186739185;,907.743961022834;469.2943739564091;
3,1000,False,False,False,0.6666666666666666,754.9231114296615;511.0001338162115;,1467.570105152856;532.413253133072;
3,1000,False,False,False,1.0,732.7971716943664;371.7371461383384;1635.5801745023489;,1569.4743646197307;370.95944854612736;257.01716495946613;
3,1000,False,False,False,0.6666666666666666,412.1306390222885;875.004949288806;,614.5437276308105;921.1643119631038;
3,1000,False,False,False,0.6666666666666666,1250.1653216754742;945.901677862336;,516.6411839059822;520.8750739628676;
3,1000,False,False,False,0.6666666666666666,379.7450371814123;1683.2756109021057;,513.8854472838431;605.6960069558088;
3,1000,False,False,False,0.6666666666666666,387.6989288401141;1018.8412213596284;,438.61013853897225;785.0965226445745;
3,1000,False,False,False,0.6666666666666666,937.2778741574951;745.3829806070412;,277.47394572933564;1583.5241351902146;
3,1000,False,False,False,0.6666666666666666,2225.0436682524314;275.2069725325697;,393.0321344581333;247.33289431553283;
3,1000,False,False,False,0.6666666666666666,566.4226978674769;1251.4095677385135;,596.8879263270711;1137.4702736617912;
3,1000,False,False,False,1.0,775.7451348862149;851.2830049413567;537.8972906195525;,1033.221822036405;914.9232898126403;1381.1292249391815;
3,1000,False,False,False,0.6666666666666666,517.1405083034114;1631.055975528377;,454.2200356079396;362.7607052750236;
3,1000,False,False,False,1.0,300.6599828610879;685.4586264865475;1056.4074316772374;,447.68639574708715;1181.0393860235786;1168.233936133986;
3,1000,False,False,False,0.6666666666666666,1116.5789215451762;543.0322368644643;,804.665679974796;229.53192941861204;
3,1000,False,False,False,0.6666666666666666,1040.6965784379656;1705.2811969353204;,364.1752479807733;1809.9920364052748;
3,1000,False,False,False,1.0,983.1974329916354;412.27034580311255;240.25925154554147;,922.3995904915614;214.80557498097588;609.039925124881;
3,1000,False,False,False,1.0,494.06527970607704;54.48915585703983;92.23342660616483;,176.08007853659703;493.4674234109384;539.973254097161;
3,1000,False,False,False,1.0,610.7248591766477;1010.8873302241791;1283.5448367610475;,527.9847437267637;427.2439894704714;886.0534170662127;
3,1000,False,False,False,1.0,682.457905005926;269.56617228270756;516.8811636485244;,453.374895285668;609.3429782788102;1070.2065936875065;
3,1000,False,False,False,0.3333333333333333,664.0826698684724;,84.4866218543151;
3,1000,False,False,False,1.0,460.45665123823903;1337.920814952172;409.65321682135414;,779.9182276580923;941.7955998125299;458.8880715036814;
3,1000,False,False,False,1.0,1691.7461083219239;509.1632872551713;1453.2244621624075;,744.5760417652481;592.7418860426558;1951.3146031100932;
3,1000,False,False,False,1.0,1157.9899229665436;353.57367810863;248.28044980745045;,1225.1072173923028;1033.1014600371884;416.9757275972306;
3,1000,False,False,False,1.0,976.3499775236986;887.9751452717089;432.8966375294256;,731.1786479033827;1168.8362590844665;768.4978029677948;
3,1000,False,False,False,0.6666666666666666,535.2632366328005;2133.4637305234824;,685.2235380293456;1218.6178520636327;
3,1000,False,False,False,1.0,485.3000096935683;789.2529036671168;108.81010627816325;,1074.96007811586;499.7496232933034;954.1669443155909;
3,1000,False,False,False,1.0,510.0563414366967;438.4239785450533;465.7977587662714;,1101.257367173953;576.6148810540275;781.481755538792;
3,1000,False,False,False,1.0,42.717613264705385;1769.0163186350119;196.89842369545522;,205.5752189665655;796.3848591208024;208.48417040305603;
3,1000,False,False,False,1.0,201.50626227116373;1239.8487453086661;843.346367044377;,463.229656624663;616.9289389352039;1095.7395204727632;
3,1000,False,False,False,1.0,525.3107673765631;560.2057097363574;589.842322616807;,484.7402979111236;374.189581735219;155.52520055123543;
3,1000,False,False,False,0.6666666666666666,660.2161855281628;784.3263757115576;,682.3171865257557;334.8978454379966;
3,1000,False,False,False,0.6666666666666666,1332.9827546799718;978.270473677428;,756.590400356993;947.5129714627946;
3,1000,False,False,False,1.0,401.68421644693984;1904.6146638646467;1348.2233487530086;,291.7958563593731;835.8918511700831;775.2913890514092;
3,1000,False,False,False,0.6666666666666666,901.3201268937316;2458.772164653714;,910.2629229445804;790.0530781482131;
3,1000,False,False,False,1.0,757.5513994354957;133.3092163842279;1183.794086732844;,753.894361586262;512.898509310291;732.1888288716472;
3,1000,False,False,False,1.0,589.2947181286034;1825.8716432256233;887.8887975986365;,576.1921935126502;1240.9851610343837;164.77627261742322;
3,1000,False,False,False,0.6666666666666666,924.8879009298316;409.651436525336;,502.86558420726755;606.047369055998;
3,1000,False,False,False,0.6666666666666666,224.60382874918162;2479.582303102912;,765.598858884692;445.5380306954692;
3,1000,False,False,False,0.6666666666666666,722.1577330396972;862.4274321469488;,72.49011662453874;463.95598786036715;
3,1000,False,False,False,1.0,284.4918910346268;555.8723777664104;403.8505460157044;,463.2682193153452;853.036642343652;440.8843285024452;
3,1000,False,False,False,1.0,897.9404324503244;548.205332011006;708.222756386175;,427.31471384082596;1366.875695378568;896.3846186872403;
3,1000,False,False,False,1.0,1270.7870070194906;1429.7105510185418;741.7701806528654;,1125.3735550244564;963.5042888047234;344.2921658496898;
3,1000,False,False,False,1.0,405.2660171537576;295.10722719514854;400.9295043930689;,203.27747577103437;299.89147349326714;697.0581242207816;
3,1000,False,False,False,0.6666666666666666,400.4896190275444;598.7835529752222;,449.2466203623369;521.4246331447233;
3,1000,False,False,False,0.6666666666666666,64.8686450830215;282.40315078767867;,345.0928858061055;438.06259337300213;
3,1000,False,False,False,1.0,593.7185530525338;1453.7251077405401;1759.5973427146942;,679.2621463375559;1618.0538787508226;1147.0551819709995;
3,1000,False,False,False,0.6666666666666666,1047.0959413352741;1461.6720150094343;,1121.5899613751362;251.9387819487172;
3,1000,False,False,False,0.6666666666666666,784.6331082607705;703.485349624066;,1058.4200599185153;863.7267179952734;
3,1000,False,False,False,1.0,818.9854783936432;1069.6102678480936;749.5032275816504;,696.6978724515824;1694.752788145779;1230.598808093942;
3,1000,False,False,False,1.0,596.6085034150183;780.4706601037392;413.4447838674813;,490.7957202212245;984.5905745045771;382.68428310168986;
4,1000,False,False,False,0.75,747.6936142209075;758.5091254660683;560.599477799329;,779.4079347484011;455.0518039540546;662.6621887762739;
4,1000,False,False,False,0.5,395.6586409723049;2504.038067226173;,1289.6517993272826;1371.8988926095826;
4,1000,False,False,False,0.75,121.40839144901325;1552.4751168817143;486.3861167007888;,759.2362446133064;288.77340948720047;680.297172371927;
4,1000,False,False,False,0.5,1625.4976094276738;755.9224943266124;,290.13003236999253;374.4282028443904;
4,1000,False,False,False,0.5,460.3735379451922;1132.974861165063;,515.2179739253061;1666.1832673868053;
4,1000,False,False,False,0.75,181.3754760571561;390.69713947205594;997.8599158004838;,329.436375772393;232.91066277550362;674.9263096751514;
4,1000,False,False,False,0.75,814.1265862091047;1602.1673687122118;2320.769011662833;,519.3626527285151;603.8242003358027;1223.5451645219168;
4,1000,False,False,False,0.5,1225.5804467637768;1447.5915956090473;,1432.9218108267278;227.8668940511305;
4,1000,False,False,False,0.75,572.9800462094399;490.0338452286491;247.6099468369808;,389.6285886837356;217.9790018665668;427.69948134782635;
4,1000,False,False,False,0.5,313.6201591968181;2231.4337483314307;,136.0985908988036;298.69564643802676;
4,1000,False,False,False,0.75,928.155318589616;520.1201300557204;2164.5158675700045;,1942.5544797443922;624.7111372318408;69.51529714848438;
4,1000,False,False,False,0.5,342.45310317241325;1676.863192385786;,453.4828395736356;162.2319161493802;
4,1000,False,False,False,0.75,1018.2653357164353;900.8685351975207;883.5218567506228;,1095.8097300864797;593.7635027237831;513.3417909927491;
4,1000,False,False,False,0.5,1566.1324782256884;2341.3891836675593;,1160.281911026895;1231.870263194714;
4,1000,False,False,False,0.75,1404.578166940906;2057.557361463047;142.88272556377555;,279.02126270040947;582.0366339531156;1071.575573219341;
4,1000,False,False,False,0.75,2465.7681665357063;672.4695228838541;1022.6224871856983;,836.9930787361391;516.7904299702539;924.9768770854932;
4,1000,False,False,False,0.75,315.9002925201458;1331.1627654255167;1575.7135073953534;,113.42205215661369;1383.1667258570499;1058.7562821969132;
4,1000,False,False,False,0.5,626.8007814941835;2623.7535061694475;,813.3009868937229;2991.9243071698816;
4,1000,False,False,False,0.5,408.313966941677;1368.8979797444917;,1296.9970622928818;658.4674817463339;
4,1000,False,False,False,0.5,624.0250509101295;805.9290167574104;,149.65603312682236;647.83609696358;
4,1000,False,False,False,0.75,562.7125221813208;1702.3878009806317;1589.7078320521946;,503.6640004416279;233.07312597331955;1095.1271980559106;
4,1000,False,False,False,1.0,3294.1209520397865;889.5443748076569;518.6470737271205;448.50422521539815;,794.4439233478023;425.0620387634667;1031.0731592336745;785.6647532210884;
4,1000,False,False,False,0.5,357.52904798959463;3957.779508235431;,408.0369463444305;848.3002887696248;
4,1000,False,False,False,0.5,732.3445226749282;2287.9243250149066;,450.53164860942314;618.7180779377692;
4,1000,False,False,False,0.75,1298.6638946506432;1201.2705829437873;137.4342937082372;,171.53222424753176;1458.8774208115985;818.620181585379;
4,1000,False,False,False,0.5,866.6931038074131;773.5757052472552;,1240.5654387954494;1005.4391150641746;
4,1000,False,False,False,0.75,1115.8355965811097;1245.3571046849524;1439.0806559837943;,1061.0143741154488;861.6458195666228;479.31654506113057;
4,1000,False,False,False,1.0,1198.898981211372;1493.4036355105138;863.379687848224;1444.5478724485947;,1644.3195833008251;533.99517234067;1728.1391415860164;1716.1186925036436;
4,1000,False,False,False,0.75,1110.7912335502795;687.5097046668146;483.956000504528;,1482.0401577190746;54.9933717037449;965.2752296187894;
4,1000,False,False,False,0.5,563.3829241171547;338.1141895954012;,737.147156046878;143.99672592401282;
4,1000,False,False,False,0.75,718.4654697196827;1897.086046683864;2921.985468418587;,1322.8852389003546;1252.6876984897774;781.6087704021035;
4,1000,False,False,False,0.75,1035.649738011224;271.7553452209868;1659.3802638026;,399.1178761353516;456.78456712275363;1495.827756774262;
4,1000,False,False,False,0.5,1497.29531489566;517.3550088432077;,1196.1487659033176;698.7349114333192;
4,1000,False,False,False,0.75,137.74128745009293;895.1372056022669;1068.8802669935892;,213.73563285887266;1062.6523138666637;1033.1347461288392;
4,1000,False,False,False,0.5,1308.7911484618396;244.83696394739104;,1066.6603535583224;469.5915170232818;
4,1000,False,False,False,0.5,493.3130034228928;1414.0012606698024;,51.22067976468617;1339.55484577104;
4,1000,False,False,False,0.75,360.07703694911;1041.2392434715587;3854.027445553199;,394.1052897512476;442.95663639606585;209.83318379084622;
4,1000,False,False,False,0.5,1066.4339055787477;5119.888604161404;,136.22869103779473;490.38077759611525;
4,1000,False,False,False,0.75,957.9377571421262;448.4128770494248;596.7861824670083;,682.9019623255223;390.49598872816495;971.3714081956496;
4,1000,False,False,False,0.75,393.6104887071835;687.2408626546162;1014.7065323385101;,963.2134557953641;93.49669858317222;577.0409361685482;
4,1000,False,False,False,0.75,631.774451499423;2244.256183911267;685.5551235108634;,369.0972676035447;956.5868797964349;243.43259364124657;
4,1000,False,False,False,0.75,391.97660721244364;315.64803791242304;1414.7565425507707;,738.3613080442503;174.99532361385351;627.2272871388888;
4,1000,False,False,False,0.5,1822.323741422592;588.7069167196607;,876.5352202282614;361.254773758619;
4,1000,False,False,False,0.5,1168.482216517197;1227.374134367298;,21.21212706861255;914.9244666151476;
4,1000,False,False,False,0.75,899.692016605409;2198.652918201319;1518.8613247814903;,1277.1823953914989;225.62980117937448;1250.120968939128;
4,1000,False,False,False,0.75,846.1760653782658;1013.3891664623669;351.0568172424429;,968.7888089856244;1100.931863445038;150.95080236948203;
4,1000,False,False,False,0.75,789.027560153709;1711.183145615167;1212.4266257758204;,177.8676246578319;789.634748483631;947.2144914149752;
4,1000,False,False,False,0.5,769.3813494614194;1085.6379614147975;,460.3664421979531;363.20067652932534;
4,1000,False,False,False,0.5,1138.8292591356537;2518.837934845409;,272.55635971719045;1200.075882362093;
4,1000,False,False,False,0.75,1177.182134510618;1330.578444332567;1418.1483643460433;,1084.4266640066476;463.58985705613503;897.706763256759;
4,1000,False,False,False,0.75,167.38309205774732;559.3823877712496;352.2655559407614;,336.1036212261774;1156.9363230001331;287.16360550115405;
4,1000,False,False,False,0.75,449.24408606978506;571.8791863273553;706.2694395855482;,959.8363381782696;469.51845682444696;469.6712167958855;
4,1000,False,False,False,0.5,7161.26110415127;750.9559816949691;,961.5494792416366;716.8873489347499;
4,1000,False,False,False,0.75,174.37703603663087;2024.7983671305005;1056.7286037444928;,317.3675067530561;2160.8904646838164;459.8791230391855;
4,1000,False,False,False,0.75,321.2007778307148;295.8584154989583;408.4921607370448;,360.5006616263378;366.46603133581135;1434.3608738828066;
4,1000,False,False,False,1.0,1731.878552909295;738.3672803994423;463.3720117723873;544.8819537554157;,1734.372506054566;859.1855248504614;232.2413303478042;578.8915949079164;
4,1000,False,False,False,0.5,695.2596281331976;2423.2767561444794;,819.2099034915167;522.2907982859123;
4,1000,False,False,False,0.75,116.25864615968831;1354.0796972475707;599.581793090979;,289.9584230297532;794.3665597384743;1054.2067972659122;
4,1000,False,False,False,0.75,355.6941198802774;551.4501603392392;1519.7159890257415;,447.5153995317414;493.12242529291905;150.65912326192498;
4,1000,False,False,False,0.5,683.9682934648156;306.68622251285507;,744.8491405507772;678.0323746424716;
4,1000,False,False,False,0.5,679.3632315010356;982.5810674858059;,380.6566205823841;732.1638191168943;
4,1000,False,False,False,0.75,1491.4358583794842;2599.099680437431;3193.3677337384906;,1142.0789838057701;902.0098220603464;845.8097541157249;
4,1000,False,False,False,0.5,718.1625857446234;1453.28991310798;,767.5831337802761;700.1258086710131;
4,1000,False,False,False,0.5,2586.267690698206;2057.426028245998;,1139.2730977293159;1677.2517404471914;
4,1000,False,False,False,0.5,224.5509552947005;1885.0552935596652;,1217.023383309603;659.2529138207042;
4,1000,False,False,False,0.5,669.4870340656896;644.5938770364857;,605.1774116463974;624.8340353866687;
4,1000,False,False,False,0.5,362.8471757760584;444.9062243372356;,919.6818301447171;683.9853540035078;
4,1000,False,False,False,0.5,617.2307481329341;2255.5135956995837;,905.5203469944109;21.185336874052503;
4,1000,False,False,False,0.75,972.8259472649476;375.49914783363846;3351.9574735378797;,1408.4796874873693;1800.4459115004481;396.4543065025365;
4,1000,False,False,False,0.75,224.70753258585566;565.3853011110366;1452.3756195463855;,786.8472068278986;1074.1988231629457;532.3624724357509;
4,1000,False,False,False,0.75,1072.681059750141;99.71994991849921;635.0968686736959;,1410.0037356426672;408.26008395334344;767.4144096701876;
4,1000,False,False,False,0.75,292.53870838937405;2370.1733829193445;1254.2706577225345;,925.7229563115727;495.5597529664003;287.1347059036411;
4,1000,False,False,False,0.75,1172.4232309576437;646.022563719049;886.8421637930509;,1296.89419299627;550.421495413249;717.5749519624765;
4,1000,False,False,False,0.5,1211.3747686893241;219.4653070383193;,582.9398010944326;304.47472274010136;
4,1000,False,False,False,0.75,1051.2252842086464;962.0187400329445;1287.5459154869059;,692.1121471267996;1297.8546737017266;669.760153851981;
4,1000,False,False,False,0.5,402.30286667625955;2715.978117228937;,469.7790473665768;587.1761524031358;
4,1000,False,False,False,0.75,551.452215813731;1323.9766624957151;491.96285004638077;,232.11896955787694;1596.802314615789;456.2561510732165;
4,1000,False,False,False,0.5,1221.189717598264;268.05101775315626;,229.6580100756966;481.0521944419056;
4,1000,False,False,False,0.5,791.7355079973511;790.9589504255114;,743.0611054624508;637.1969607678578;
4,1000,False,False,False,0.5,394.21327899038903;664.3687509246475;,348.13082205363537;705.0371160523972;
4,1000,False,False,False,0.5,709.5828613631177;530.6002579685486;,945.3794778376715;258.7871969291937;
4,1000,False,False,False,0.5,679.6245544222187;695.8859322681326;,279.2853535512596;537.5723268329633;
4,1000,False,False,False,0.5,277.8098102561625;3758.596542991334;,1477.65968165156;794.560829198411;
4,1000,False,False,False,0.75,1036.9251732384344;1194.5199821495173;685.7099118685551;,918.489681480823;398.69231518316144;525.0654279318675;
4,1000,False,False,False,0.75,1395.1099131307544;1307.5440574472314;596.6839731167954;,1765.5540463286013;304.10188838375535;1376.2143863776753;
4,1000,False,False,False,0.75,1177.8868787099852;385.5181389145325;373.6483926171456;,852.2777722283427;329.1803630816157;269.45305807021924;
4,1000,False,False,False,0.5,1739.0248142789058;913.5242985894706;,797.2282866395807;1564.5084887209566;
4,1000,False,False,False,0.75,1126.8584747014688;1943.1773273995632;1169.012728152483;,525.924082775263;1782.0500359047664;1190.9682785930008;
4,1000,False,False,False,0.75,384.19680076653793;178.14517517931074;949.4249984463817;,779.4368928596184;728.7410990228979;733.1957732470081;
4,1000,False,False,False,0.75,1274.8492360252596;288.1098622545337;1296.8920302476517;,847.4693889789623;459.9036087574463;81.87578105161715;
4,1000,False,False,False,0.5,347.97392658553525;910.4340836001761;,1191.5186013262476;1172.5901094157748;
4,1000,False,False,False,0.75,959.6511836670797;1623.6318785050687;1593.2615656376895;,764.4426766913546;1172.2278736407175;998.7020106353466;
4,1000,False,False,False,0.75,444.4243448491289;112.26932252923785;1996.7542984167087;,454.64651398563046;282.33526382971075;1147.809277391557;
4,1000,False,False,False,0.5,2254.482568865954;799.8169836311648;,391.8220752578067;272.1151804903327;
4,1000,False,False,False,1.0,424.0790196514411;141.6615938304177;826.0953301707252;814.5309088873121;,314.1007349576493;387.16787961860166;919.5030749837266;670.522000069935;
4,1000,False,False,False,0.75,1484.7916485697892;3334.9371879494984;462.0031792582664;,736.8941654300431;863.4577344947998;561.5290916815177;
4,1000,False,False,False,0.75,352.95655037375036;884.4683656070771;997.2108491856769;,148.85504365979202;434.3615508304669;707.5924130023274;
4,1000,False,False,False,0.75,1458.0614215953856;591.6752686182351;713.9233271211308;,1348.5555846450475;861.1507217413439;1759.4078408837163;
4,1000,False,False,False,0.5,351.1021728939286;635.3189072586897;,332.4947392295295;952.060073485399;
4,1000,False,False,False,0.5,527.1098695062102;259.90319198691515;,704.3396872628449;158.32437653934858;
4,1000,False,False,False,0.75,1140.713028069489;321.76985407655263;470.06607006228074;,804.9654540510315;355.9734298952591;174.3243599491487;
4,1000,False,False,False,0.5,658.7379205976433;3811.990426125832;,876.1317338519077;673.1393749381444;
4,1000,False,False,False,0.5,1699.636453523392;1097.982598719179;,521.5817562438319;476.2424043918621;
4,1000,False,False,False,0.75,521.6354606601558;2174.2204526045925;414.71899307542765;,825.6894393386306;867.4266641532588;297.0490208200123;
4,1000,False,False,False,0.75,937.8335757304917;606.4096040562852;715.9345978635728;,723.8427675096067;351.6948790143446;1093.1759705367315;
4,1000,False,False,False,0.5,399.4549128861257;865.9710741006705;,852.444831239713;273.7972270851844;
4,1000,False,False,False,0.5,146.14615690146405;2111.34012188049;,345.3546533626446;937.316994769403;
4,1000,False,False,False,0.75,474.6667030852736;984.1322207482904;523.3646871087684;,338.8849117230746;1140.3681571059742;705.5801425703493;
4,1000,False,False,False,0.5,754.6777383465784;1391.6016986846455;,1214.02662833297;845.4706803507988;
4,1000,False,False,False,0.75,2234.693047070321;816.8187668913243;1447.9069410613008;,395.56070564877973;48.233239542230194;404.9636289750157;
4,1000,False,False,False,0.75,428.49235442978954;629.3843012553558;862.9217091063631;,688.9646996149572;913.8658721414146;1069.2345418487546;
4,1000,False,False,False,0.75,490.75308023008006;552.9425437140578;1576.556061970859;,259.05854202686334;377.89539774882695;860.1573861960926;
4,1000,False,False,False,0.5,498.0180600161081;1344.5110134187642;,441.9146520462;371.64028298943595;
4,1000,False,False,False,0.75,1853.8490386127316;1732.99132545202;1351.4636806417625;,496.41931463003226;343.23746022412274;544.3625376200495;
4,1000,False,False,False,0.5,285.6719662156989;691.0697320818832;,848.4546436664878;462.021286491063;
4,1000,False,False,False,0.5,668.1297774055305;1434.1494021977248;,901.395719714962;564.2506367517294;
4,1000,False,False,False,0.75,760.8349332184445;1195.5563552994101;2303.0250718110556;,312.6060290457332;442.57218160186017;1263.4925327426974;
4,1000,False,False,False,0.5,420.64646557461924;957.288649362578;,314.7018758520924;902.7376831220806;
4,1000,False,False,False,0.5,1515.952975154261;655.8193583453387;,686.3487075696313;312.08190810482785;
4,1000,False,False,False,0.75,1156.7640247522593;844.2835360399267;715.1004723231041;,1263.5416096635943;669.4799638014833;1349.3439625608116;
4,1000,False,False,False,0.75,1167.7452461303608;1453.2111575565598;1452.9638771754294;,445.2922500575951;1761.7663400191418;1272.1617292178016;
4,1000,False,False,False,0.5,537.6223942788002;452.9067306559551;,418.75034194547953;231.16042425018105;
4,1000,False,False,False,0.5,328.9930910580944;803.5056130412335;,269.201190659209;1057.278209061544;
4,1000,False,False,False,0.5,582.49349856017;905.7103105335648;,443.4544278295023;349.53069557908935;
4,1000,False,False,False,0.75,241.48384572082531;1077.558376607645;976.6486032596433;,509.08247053176063;480.10431312290183;1038.1919288222134;
4,1000,False,False,False,0.5,1416.695865182997;2348.1217188431897;,1180.8424896338531;1481.2064073235176;
4,1000,False,False,False,0.75,561.0646793623407;2029.0170704071986;1720.8203265841862;,596.4381921262367;877.37718789586;825.1296114956211;
4,1000,False,False,False,0.75,1199.6910081061696;943.6596465218706;941.3968437278099;,771.0399692441475;496.95238137257587;167.1133061779778;
4,1000,False,False,False,0.75,893.6067585288573;2517.927970656255;93.54850807038211;,1158.1785645698558;848.6213968544278;442.0315881263498;
4,1000,False,False,False,0.75,4280.792672472671;1065.6831061046605;467.4585476637867;,667.1382302143081;307.02095893643224;121.12149631782691;
4,1000,False,False,False,0.5,969.5064539963225;470.29629582463696;,617.5299959043814;1141.0086467816757;
4,1000,False,False,False,0.75,178.86034938410046;497.19831100159513;194.34897183304764;,486.43436078931717;454.05726467074476;547.3387662309966;
4,1000,False,False,False,0.75,309.29736997828564;2146.6217199193393;135.8819599529115;,295.77541456904714;473.94756828089703;994.7758693229316;
4,1000,False,False,False,0.5,1271.5723389097611;449.24002066264774;,385.2175762956549;329.3699735277637;
4,1000,False,False,False,0.5,1145.4293419778705;902.4816358872012;,1109.6954697365393;590.9202066998854;
4,1000,False,False,False,0.75,1044.5066529803555;1604.6199711911825;783.7332146523336;,696.0827308206688;533.1218132994311;917.0605752651485;
4,1000,False,False,False,0.5,495.1146046044526;624.7499665738243;,141.54639688759835;719.5182725933344;
4,1000,False,False,False,0.75,999.1010782495165;1264.3352529165288;412.13975985818223;,605.3284869661128;1013.7151652308582;438.1118349264353;
4,1000,False,False,False,0.75,242.3775604036945;1589.499309704682;1311.5110098393275;,438.62611556415055;727.575162805706;737.2107066431291;
4,1000,False,False,False,1.0,402.5859701162877;2235.4779737263443;1665.6275182172376;293.17802567931045;,198.9632037997631;890.635956043519;982.9767698968061;574.4858535706448;
4,1000,False,False,False,0.75,447.64897625183477;525.4956047542894;6257.678680362593;,1172.170457043378;660.6119440249802;1405.8600576628357;
4,1000,False,False,False,0.75,314.0293360035039;2793.246139742527;1113.826881540226;,339.8242742840024;550.2231677179515;1173.8984577760934;
4,1000,False,False,False,1.0,780.159714057737;657.1469295208341;1769.8383619173758;904.4846257434663;,774.801789167709;720.0186303939362;966.5505853910328;973.7688374006055;
4,1000,False,False,False,0.75,962.6981978124527;297.0516169457174;461.11046911499767;,1255.9360922865774;308.9277172725694;276.52806716408656;
4,1000,False,False,False,0.75,682.305613416431;619.4149284258326;807.4864501323776;,827.0262640339242;166.87627271207344;583.6402877111933;
4,1000,False,False,False,0.5,2601.3507953960457;177.87274227455333;,876.7563362288538;669.1459615732831;
4,1000,False,False,False,0.75,1840.6144176935068;849.782652622403;981.6568799901003;,943.2324191096895;410.15869447449614;1070.1451656058684;
4,1000,False,False,False,0.75,1041.8504826790415;1269.0505068182986;1798.7388143110838;,827.1505135977726;1971.1787998092918;752.2507057793396;
4,1000,False,False,False,0.5,605.7453855617331;525.7917620243393;,1106.6274522923663;832.2924280007386;
4,1000,False,False,False,0.5,375.9748514005471;1344.95147689512;,415.3621892930551;1227.738467881968;
5,1000,False,False,False,0.4,111.17425296213585;558.9350429826474;,301.2358042590318;518.1844424183238;
5,1000,False,False,False,0.6,557.4385421819733;172.3162089365736;905.6860044971376;,251.61207762150266;209.35485962491572;1083.896625338247;
5,1000,False,False,False,0.6,471.4095363180724;1636.3392043298643;919.766550833327;,1022.3665617737794;731.9807055877719;341.31312633999096;
5,1000,False,False,False,0.6,468.46156304618864;1806.445721126364;1225.0150970893826;,1774.2317625193405;1340.3236091343495;1205.8057449549865;
5,1000,False,False,False,0.6,771.3216790567415;393.8465665470411;645.9263373300137;,871.219027372857;570.6515696627424;884.0953830523686;
5,1000,False,False,False,0.6,290.88518972490914;874.4170112438403;506.3383232888309;,638.1296012239427;226.60475122288364;152.41537433867336;
5,1000,False,False,False,0.6,733.925252066193;724.0098547166884;719.8079804330539;,925.424540087518;573.509510167862;640.9497338844387;
5,1000,False,False,False,0.6,1053.2736170432636;523.9444099085528;961.6463622319055;,726.6620149054139;976.0162814117504;793.0681332734805;
5,1000,False,False,False,0.4,848.4992225393553;583.025192317446;,283.90712587925003;985.4610530437748;
5,1000,False,False,False,0.6,1049.1400632400725;461.51919137859375;1037.1051717215523;,699.2245046398187;176.58959636437976;1089.941868526481;
5,1000,False,False,False,0.6,70.6330744305546;497.29850387844147;1731.742384146923;,282.4155402870658;38.00601803172709;846.8205002821293;
5,1000,False,False,False,0.6,364.9801708492833;2908.500839277421;632.4150214275409;,607.8107591017191;862.0933645962627;542.4427387124981;
5,1000,False,False,False,0.6,359.4485603765415;1555.9957588826812;1128.7378191088258;,1142.2812493659337;660.8722096816996;458.3770373315715;
5,1000,False,False,False,0.4,1209.2120419657042;381.7457160090807;,1769.2038590358143;557.6424952518438;
5,1000,False,False,False,0.6,69.76053049156316;564.4077750755425;218.95120336260283;,371.0989868408062;487.7110177305921;636.7184377371174;
5,1000,False,False,False,0.6,582.2782042649327;1487.039107015689;2808.1164467986277;,221.84900982238162;423.873296100066;945.9711004970513;
5,1000,False,False,False,0.6,603.1263216263574;620.2169098207404;745.5994710150642;,588.4926675008599;545.5703661106336;406.9494736863095;
5,1000,False,False,False,0.6,338.5608412362407;762.3874980007282;379.58117866865103;,264.1629721972061;848.7877586177678;131.21709953694946;
5,1000,False,False,False,0.4,1125.7935134462787;1389.2199678002817;,810.5378510974429;1005.6367650410222;
5,1000,False,False,False,0.8,861.6896216243395;973.1695389649341;315.0520053862644;951.6017219722734;,1099.1471499977572;1414.029123512743;335.8409588439263;686.9420262274978;
5,1000,False,False,False,0.6,479.3185545638284;2385.55290828096;389.99653537926554;,237.56389729179412;662.5250258740799;581.3777994826115;
5,1000,False,False,False,0.6,735.7713893084428;1569.2648033771552;3443.891580919389;,571.5562664398809;412.6151157228152;348.0469908539182;
5,1000,False,False,False,0.4,1056.4163841908737;1759.0025811295232;,1270.329032365145;286.38761105291627;
5,1000,False,False,False,0.4,200.79538297006602;926.2322862871996;,357.3377723516162;589.1099144214714;
5,1000,False,False,False,0.6,724.5937772852772;606.8513034347832;4014.295370164035;,615.8273502114857;728.6468731667011;970.2093898655687;
5,1000,False,False,False,0.6,194.3372706402764;1401.567880489545;359.8629868217038;,467.8539551906572;471.0447626823163;728.3342154506548;
5,1000,False,False,False,0.4,1423.327940829696;510.1950779360148;,624.8974076038527;708.693103399605;
5,1000,False,False,False,0.6,348.71401605161475;855.7135397686549;876.7883589093985;,802.9915362418373;1611.1417509808118;615.6959785988568;
5,1000,False,False,False,0.4,444.54112320469017;640.844556321227;,690.2740817046022;630.4539783303294;
5,1000,False,False,False,0.6,580.2954355314197;1190.7082788137095;1824.1499450113608;,743.5220807520411;809.5053905541189;1046.4099314101552;
5,1000,False,False,False,0.6,1080.5160518691446;3187.048680644903;169.1404391271248;,923.7055643543421;333.4134687832273;365.05168791550255;
5,1000,False,False,False,0.6,1410.6724993042417;841.6722460270981;327.95705827405624;,624.2433284495042;846.6678108320884;613.4729977752769;
5,1000,False,False,False,0.6,533.2246767804878;220.5715367051365;730.062614926223;,167.03329293505732;486.1594571648923;935.6631772032754;
5,1000,False,False,False,0.4,1360.4361916951138;437.12038975866767;,699.1489699953951;534.6323876312279;
5,1000,False,False,False,0.4,1011.0236843337899;647.6139135410933;,1357.8232970702463;99.33359166402731;
5,1000,False,False,False,0.6,798.8094844570535;4732.510980266137;1151.0088590297;,253.8006115755253;383.2677919485437;923.7746871137434;
5,1000,False,False,False,0.6,823.5862351051122;660.5514404810242;664.7619645294925;,593.6328936072983;504.1615248782325;386.9948689904311;
5,1000,False,False,False,0.4,855.6903074536567;525.9955522268091;,462.4258493505867;165.03907071324255;
5,1000,False,False,False,0.6,451.39527406759913;217.5759208180419;1940.7267511441921;,482.5401783588653;1040.0717447080056;1431.5147643798223;
5,1000,False,False,False,0.8,956.3711578814688;1125.1464572965776;946.84327768654;3488.282964579127;,906.4805284915706;694.5838377879985;615.2540005101303;1079.9186670219692;
5,1000,False,False,False,0.4,1160.7789875496326;2187.4929093321643;,722.8341012872977;595.5777916397509;
5,1000,False,False,False,0.4,208.48779464421509;186.17401653128618;,347.34713584575445;174.65540871898781;
5,1000,False,False,False,0.4,852.616636680636;418.41246405607524;,832.9204463451551;941.5951861121958;
5,1000,False,False,False,0.4,3158.877366775876;518.3788905893437;,413.31784191666367;591.5754811655571;
5,1000,False,False,False,0.8,4535.602216495875;1083.923360234018;719.2098229119447;2734.248349261629;,318.9354031757615;1297.2418390289592;1190.0763447700663;1139.1288174339154;
5,1000,False,False,False,0.6,849.9570021515987;1460.665296843591;3702.38748873137;,789.8030514954929;538.9045021467031;1847.6165244747212;
5,1000,False,False,False,0.4,92.04639059908686;1933.6569282999253;,1032.0346108041945;763.6638446408888;
5,1000,False,False,False,0.6,334.81543863170964;723.586393729147;1177.7951066869884;,280.4485183601281;1116.5664925512742;453.5872552862469;
5,1000,False,False,False,0.6,1448.7283953247393;2208.5953430796103;728.9180617599148;,742.9393642169625;944.7463941581043;1017.6559102652957;
5,1000,False,False,False,0.6,625.0008402702957;554.1022317840233;4141.133721323713;,632.089121553707;593.1691448033743;1151.3615143938723;
5,1000,False,False,False,0.6,928.9911037044748;342.7588613588661;1587.7042923432027;,275.39295462110914;703.8471898923116;1008.8524810219747;
5,1000,False,False,False,0.6,390.210874666853;4354.7213896019275;454.81242185730974;,611.0395496722319;975.4263182472449;132.473982898834;
5,1000,False,False,False,0.4,601.9155889565595;920.7260756120509;,670.2191776151514;943.8970256725576;
5,1000,False,False,False,0.6,1293.3587903918426;1837.915739297679;3184.5142088381895;,647.8603568302447;2141.320773198407;1332.1889793484781;
5,1000,False,False,False,0.4,1200.2113630364468;4232.84572513939;,427.1959304143265;1169.4679727648916;
5,1000,False,False,False,0.8,461.9466413045031;1363.5160901450095;802.7401074404174;494.43492005259264;,366.9541361540608;1511.985856533719;334.02603800226177;79.09583680940541;
5,1000,False,False,False,0.6,4555.659924724367;1652.632596264105;141.43915176885525;,1174.609085642503;802.2739950078243;995.72155208332;
5,1000,False,False,False,0.8,954.2153567556823;248.6427222742893;710.9502171988411;752.7142639399467;,700.657001735272;544.8308285366902;824.0498018670946;586.0054758394965;
5,1000,False,False,False,0.4,271.9966391980604;837.2153937439851;,387.90065874702555;384.8486035845645;
5,1000,False,False,False,0.6,1006.22420320297;692.0360392782338;329.1673016976276;,815.0777677510129;572.764999402847;397.88183370036825;
5,1000,False,False,False,0.4,1915.9436552609804;273.89114954069913;,543.8352337923191;614.4426397724369;
5,1000,False,False,False,0.8,2573.346638347686;1110.0593763434308;1382.7066521040856;3763.0191182450294;,424.5671663014945;873.2214794964732;255.64069021302043;388.00683353288696;
5,1000,False,False,False,0.4,849.5709412235168;1446.7191735530025;,1110.7583646665714;836.6806492287465;
5,1000,False,False,False,0.6,333.09169215293883;1520.8819528202926;1358.3119228784537;,1358.4419580849512;835.8746850985458;549.1905326279707;
5,1000,False,False,False,0.8,1681.2145571473554;82.07261916230382;492.1595835991941;428.09594574123975;,858.404847293451;1210.488500866349;852.2159113087137;541.2938675420768;
5,1000,False,False,False,0.6,985.4632354641412;1967.409664489171;1087.1779748927709;,544.2561514621591;951.2526724300978;1323.6991454475176;
5,1000,False,False,False,0.4,2491.42096172393;1008.5086759301043;,769.9251704548815;786.2921675203511;
5,1000,False,False,False,0.6,1792.1125926877764;547.5314145968582;264.52130745163305;,1477.90210814291;1522.2125966687702;902.4836413068247;
5,1000,False,False,False,0.4,1426.5809951939084;637.5954444389649;,671.7134729679037;583.2731691845464;
5,1000,False,False,False,0.4,1426.5342004681806;699.4757850867417;,511.0647479749271;761.932357751566;
5,1000,False,False,False,0.6,2594.211996481858;397.8547658436374;1435.0562178360908;,610.3537840298475;1375.653017888086;479.65558973320617;
5,1000,False,False,False,0.2,371.6814653497702;,562.6902181361902;
5,1000,False,False,False,0.6,1382.63965244763;1603.9560628234474;1487.0701338270317;,734.8363030009967;145.81587413609907;808.6229683969754;
5,1000,False,False,False,0.8,1119.5749674420179;1543.1697543266905;389.222610976698;2931.7278937339856;,646.9369432810532;570.3359673849905;252.87876956675424;981.809210678569;
5,1000,False,False,False,0.4,3049.328610600624;1148.0514355494229;,678.4868192510527;937.3280392778869;
5,1000,False,False,False,0.6,1842.6711261667017;2574.8827271888135;336.89014264953533;,958.6935636840661;703.1918332185425;249.1095121657964;
5,1000,False,False,False,0.6,372.2390710511612;1099.046439958006;1226.4741342787397;,822.7726813721482;581.6584281412441;935.2795607986519;
5,1000,False,False,False,0.4,107.84235976351283;1476.0568020577673;,750.8206997418271;1119.3877221379744;
5,1000,False,False,False,0.6,5412.121003573728;1772.1643053538014;689.1522261207307;,633.3570782438114;209.07811006471763;756.6400995501201;
5,1000,False,False,False,0.6,2108.7274930221074;643.7203596922235;1065.350406044522;,221.14149028794677;332.7657826372826;1032.0023866933325;
5,1000,False,False,False,0.6,1019.9956304956578;301.82481152675035;732.7361586843563;,1158.3189429417941;882.2474746973777;843.1466499517921;
5,1000,False,False,False,0.6,416.48457033029456;656.4358392092857;929.7674454556596;,753.2525218636661;149.40360415913608;395.8132168150203;
5,1000,False,False,False,0.6,376.56179738356616;1485.2545078930627;1329.1270575589442;,974.1613950561463;772.2072570188645;813.5647370908792;
5,1000,False,False,False,0.6,589.540956957857;1633.1290945492951;1355.6692554633214;,398.3236563385012;635.0709680179575;641.0076321819649;
5,1000,False,False,False,0.6,150.6231650531983;1442.2067907540822;1075.6974952108944;,1383.2415186108685;545.8556909300352;1527.6309737733836;
5,1000,False,False,False,0.6,716.8481437507555;641.1497803004943;421.14538233061035;,474.65251179242927;219.72180286564495;381.5560928224347;
5,1000,False,False,False,0.6,1185.338701755043;1243.1855887861414;864.5189631720154;,307.69991969308535;1107.3159873296747;210.48257963639267;
5,1000,False,False,False,0.6,1094.7294212913766;7712.714858530572;176.4505290093594;,280.4528733800566;424.25963898151423;261.280875147951;
5,1000,False,False,False,0.8,2207.3961320171425;3389.2359338581277;422.3524273560225;1100.8411426129196;,1022.3889810745163;526.8870233852946;603.83148201174;829.0344770873673;
5,1000,False,False,False,0.6,1044.4820781902326;1044.5019288772485;509.78687163816926;,287.77026442381214;981.4571551281396;1234.4371168574032;
5,1000,False,False,False,0.6,1077.8972403860255;894.1556858180099;597.1373286441357;,373.9270324165368;462.06945990781355;405.03905314981375;
5,1000,False,False,False,0.6,1206.514298218544;901.36884344866;1527.9898771000944;,791.6114128889143;1101.1147424881565;235.88655161701215;
5,1000,False,False,False,0.6,1384.199642721717;863.6730879421968;1398.390432292546;,397.5787452178283;526.3010498913383;395.8722590505936;
5,1000,False,False,False,0.6,3066.3711900716776;863.5749851297691;943.9792157704965;,1002.7756426101328;761.4394780836968;195.5566807509149;
5,1000,False,False,False,0.6,1542.5176030822554;872.5838288916543;978.8107351420691;,941.7195102063381;596.3749883636655;383.06438644530806;
5,1000,False,False,False,0.6,707.063777011189;726.0720143519235;716.5460783453544;,794.5981592542463;763.7797804555074;369.31858783064104;
5,1000,False,False,False,0.6,398.96201975576565;678.5034337386276;495.11006590722883;,817.179857596629;438.8826973707775;569.1635732623542;
5,1000,False,False,False,0.6,1698.8402986905544;1554.2236350127332;2117.5472202147826;,634.3555284553807;381.10286223691185;468.0490620933675;
5,1000,False,False,False,0.4,345.76470213348944;863.0934999677671;,1612.1638408463118;1118.1251194371828;
5,1000,False,False,False,0.4,1205.1617713449862;1140.0433495035504;,248.70994285106232;1099.47791996737;
5,1000,False,False,False,0.6,715.3576762138233;1103.363891344558;321.8282743982561;,572.2459224130562;1472.7739900154322;820.4708064250672;
5,1000,False,False,False,0.6,484.0968501747054;799.6398454197503;991.8351586172938;,953.1054389308196;1064.4419645763146;279.3924539257534;
5,1000,False,False,False,0.6,316.5938552444999;313.72790757468505;1888.2157014487323;,1150.0743129953582;354.70542229215283;1086.8133738997435;
5,1000,False,False,False,0.6,227.0266734190616;499.71896794519023;1263.6740418452341;,234.55282678583575;1064.6547947097692;612.3413900675478;
5,1000,False,False,False,0.6,721.8567478750678;664.0210369469577;277.12964532467987;,1157.289856513644;1220.0872784448673;951.3242544756168;
5,1000,False,False,False,0.6,1345.494163625235;601.8191702989812;1593.3312757398655;,722.6015085058912;1227.32784977753;869.6769648190244;
5,1000,False,False,False,0.6,1603.6943798140994;1106.195218821877;452.32083205967945;,1187.2085888401273;974.633030423642;143.8880338607546;
5,1000,False,False,False,0.6,2923.762581673187;387.5171508246394;1556.2734403524773;,966.0710316995763;606.5350095271338;894.2290209697529;
5,1000,False,False,False,0.4,936.7936324827493;2130.1680821043906;,572.6656179623969;974.9105345392136;
5,1000,False,False,False,0.6,8329.019151199309;1487.0052800453077;329.31352599823117;,868.5217079519191;528.0517328488088;1012.4344667316892;
5,1000,False,False,False,0.4,1118.0193947265916;920.4171016715304;,294.4316421641686;425.0219484690287;
5,1000,False,False,False,0.4,167.29064937900293;462.6226216845057;,474.33479636275695;471.89049478831413;
5,1000,False,False,False,0.6,1731.1685529624551;3406.1876896701556;1735.3686257726727;,70.41002550453383;126.65741134579493;694.6148370293265;
5,1000,False,False,False,0.6,121.17122366394047;190.21210883340365;1337.2759283859996;,370.6742426750044;1184.554685699006;754.5498604583499;
5,1000,False,False,False,0.6,1241.6359004942353;3125.9008405830336;599.8522961566493;,196.6435585539615;332.2485527063065;447.6234799963374;
5,1000,False,False,False,0.4,675.7924838966152;697.8663833884764;,482.51993283470154;852.9844832562543;
5,1000,False,False,False,0.4,487.3127557553051;750.1945158132501;,217.03019889336105;280.8104326106733;
5,1000,False,False,False,0.4,1198.8255126195775;231.26946823658903;,283.80975113111845;690.2268279685574;
5,1000,False,False,False,0.6,851.5758801050754;761.7288509287389;2410.77179058493;,854.7813838243761;616.5885143321826;1159.4926954391863;
5,1000,False,False,False,0.6,3808.952132511806;331.34638897127394;1189.2117030590816;,581.573488532598;502.9770833977825;989.257512744336;
5,1000,False,False,False,0.6,1717.5431798703287;1127.2172282501972;255.03647489087115;,559.7284967332454;459.9687225592866;102.67843849949962;
5,1000,False,False,False,0.6,1101.6772826587894;792.7477692020572;1000.9869468343317;,522.539355366565;435.7169177185369;780.361783445039;
5,1000,False,False,False,0.4,587.5980428767722;1176.1209677010554;,518.8629823185919;147.6987381298893;
5,1000,False,False,False,0.4,2173.4122526097467;853.9440144250667;,1056.798615103068;512.4587621873104;
5,1000,False,False,False,0.6,514.847631536843;630.1920326144087;2006.6701660669185;,300.64026847296265;1140.00540468027;968.2277421154283;
5,1000,False,False,False,0.4,1277.7820148672013;1016.1869986959979;,598.2517646571171;588.4089362703476;
5,1000,False,False,False,0.6,662.0663802645579;287.5556190691669;345.75813272465393;,901.834737396446;144.25475653982204;969.4286237529844;
5,1000,False,False,False,0.4,2264.6028858675204;264.86953924122315;,349.58155444097946;218.06543249449538;
5,1000,False,False,False,0.4,1147.236794456056;1639.5803375841224;,1067.9589345424006;720.7704299485112;
5,1000,False,False,False,0.6,1962.5312244528373;2544.0865040112394;790.2706524583973;,1117.4980117307834;312.01624308289274;895.9186781003516;
5,1000,False,False,False,0.4,617.6917307339395;971.7249123998522;,325.55317095817276;1458.7855205481364;
5,1000,False,False,False,0.6,5270.7578848314615;163.09831409416967;391.48005165931795;,812.677349372642;541.95011560043;419.0611227095345;
5,1000,False,False,False,0.4,781.8121418269054;632.0129293025125;,447.3781217011012;124.82860482897544;
5,1000,False,False,False,0.6,878.8011226312881;489.7204902840729;1051.731470015746;,567.0397863836341;260.6662230110518;1036.1519993074469;
5,1000,False,False,False,0.4,421.2434359624168;630.3892407765996;,118.74600903706173;259.40587036499977;
5,1000,False,False,False,0.4,631.9444004715875;1612.3345395995825;,1113.2862415745387;631.2505254777745;
5,1000,False,False,False,0.4,2168.9286013809433;853.7739166541286;,664.1090080716117;1075.5858222720747;
5,1000,False,False,False,0.6,1031.5569884062706;590.8531635126958;763.3129425406996;,585.5546773265758;420.56442470332024;945.9833696896782;
5,1000,False,False,False,0.4,1291.907103252485;410.6279926190589;,807.594718286595;273.98371689892946;
5,1000,False,False,False,0.6,249.7188447619113;927.5225787759189;734.6456612345162;,515.822331711413;570.2307592225392;821.4034261668005;
5,1000,False,False,False,0.4,1671.4433643498144;1727.6480814602467;,337.6595272079436;636.4678765279605;
5,1000,False,False,False,0.6,2024.7971329570387;1017.0777557802325;532.0683978541036;,659.5348486453923;575.8027269150607;335.05853393046806;
5,1000,False,False,False,0.6,1559.0241968638095;2940.2100522917813;1326.6812899312654;,1243.7433943636968;50.489992901206314;1969.234710693614;
5,1000,False,False,False,0.6,1160.2881747862223;848.2670854631049;1164.5048188025717;,300.6502980601289;408.1335156423497;952.6585614641311;
5,1000,False,False,False,0.4,792.2223214520068;658.3914706488177;,702.2842089177439;191.41990551021877;
5,1000,False,False,False,0.6,781.657323206086;496.93929021241337;863.4721133191539;,996.030049824438;836.7333350510363;295.8791257290671;
5,1000,False,False,False,0.4,1055.6167851797268;1816.4684063717411;,565.6983101519413;841.3780074920618;
5,1000,False,False,False,0.4,1995.6401009273059;1119.2181179960014;,717.6363905925715;666.8714119725003;
5,1000,False,False,False,0.4,815.1887507593173;748.3346123863822;,723.2989951011531;226.10238379343858;
5,1000,False,False,False,0.6,338.87498071696507;1788.8414294182676;1027.281663605797;,2.1415172676063468;808.6843578785819;1020.8732871266925;
