in_sensors,method_thresh,num_delete,num_sources,std,over_predict_sources,FN,FP,percent_possible_detections,localization_error,best_localization_error
True,inf,0,1,0,False,False,False,1.0,1.1368683772161603e-13;,1.1368683772161603e-13;
True,inf,0,1,0,False,False,False,1.0,2.042458632439695e-10;,2.042458632439695e-10;
True,inf,0,1,0,False,False,False,1.0,2.842170943040401e-14;,2.5325641001865577e-12;
True,inf,0,1,0,False,False,False,1.0,1.4559018921847493e-12;,1.4559018921847493e-12;
True,inf,0,1,0,False,False,False,1.0,1.3093249480232742e-11;,1.3093249480232742e-11;
True,inf,0,1,0,False,False,False,1.0,6.821210263296962e-13;,6.821210263296962e-13;
True,inf,0,1,0,False,False,False,1.0,2.2737367544323206e-13;,9.094947017729282e-13;
True,inf,0,1,0,False,False,False,1.0,6.431098710768743e-12;,4.547473508864641e-13;
True,inf,0,1,0,False,False,False,1.0,4.547473508864641e-13;,4.547473508864641e-13;
True,inf,0,1,0,False,False,False,1.0,1.775845174940208e-12;,1.775845174940208e-12;
True,inf,0,1,0,False,False,False,1.0,0.0;,0.0;
True,inf,0,1,0,False,False,False,1.0,0.0;,2.487846243928276e-11;
True,inf,0,1,0,False,False,False,1.0,4.547473508864641e-13;,4.547473508864641e-13;
True,inf,0,1,0,False,False,False,1.0,7.279509460923746e-13;,7.279509460923746e-13;
True,inf,0,1,0,False,False,False,1.0,4.3033614249603973e-10;,4.3033614249603973e-10;
True,inf,0,1,0,False,False,False,1.0,0.0;,0.0;
True,inf,0,1,0,False,False,False,1.0,2.2737367544323206e-13;,2.2737367544323206e-13;
True,inf,0,1,0,False,False,False,1.0,1.016845989170083e-12;,1.016845989170083e-12;
True,inf,0,1,0,False,False,False,1.0,2.2737367544323206e-13;,2.2737367544323206e-13;
True,inf,0,1,0,False,False,False,1.0,5.084229945850415e-13;,5.084229945850415e-13;
True,inf,0,1,0,False,False,False,1.0,0.0;,0.0;
True,inf,0,1,0,False,False,False,1.0,7.815970093361102e-14;,7.815970093361102e-14;
True,inf,0,1,0,False,False,False,1.0,4.547473508864641e-13;,4.547473508864641e-13;
True,inf,0,1,0,False,False,False,1.0,1.5015272748404692e-11;,1.5015272748404692e-11;
True,inf,0,1,0,False,False,False,1.0,2.2737367544323206e-13;,2.2737367544323206e-13;
True,inf,0,1,0,False,False,False,1.0,1.016845989170083e-12;,0.0;
True,inf,0,1,0,False,False,False,1.0,5.723641722702111e-10;,5.723641722702111e-10;
True,inf,0,1,0,False,False,False,1.0,7.46036036412459e-13;,7.46036036412459e-13;
True,inf,0,1,0,False,False,False,1.0,3.858659226461245e-12;,3.858659226461245e-12;
True,inf,0,1,0,False,False,False,1.0,4.547473508864641e-13;,4.547473508864641e-13;
True,inf,0,1,0,False,False,False,1.0,1.8749713606747085e-12;,6.04880304610491e-10;
True,inf,0,1,0,False,False,False,1.0,6.431098710768743e-13;,9.094947017729282e-13;
True,inf,0,1,0,False,False,False,1.0,4.547473508864641e-13;,4.547473508864641e-13;
True,inf,0,1,0,False,False,False,1.0,2.2737367544323206e-13;,2.2737367544323206e-13;
True,inf,0,1,0,False,False,False,1.0,0.0;,0.0;
True,inf,0,1,0,False,False,False,1.0,2.7661201467245607e-12;,2.7661201467245607e-12;
True,inf,0,1,0,False,False,False,1.0,0.0;,0.0;
True,inf,0,1,0,False,False,False,1.0,0.0;,0.0;
True,inf,0,1,0,False,False,False,1.0,0.0;,0.0;
True,inf,0,1,0,False,False,False,1.0,9.374856803373542e-13;,9.374856803373542e-13;
True,inf,0,1,0,False,False,False,1.0,1.0738201776363307e-09;,1.0738201776363307e-09;
True,inf,0,1,0,False,False,False,1.0,7.122807009940558e-11;,7.122807009940558e-11;
True,inf,0,1,0,False,False,False,1.0,1.1368683772161603e-12;,4.713001632342495e-11;
True,inf,0,1,0,False,False,False,1.0,2.2737367544323206e-13;,2.2737367544323206e-13;
True,inf,0,1,0,False,False,False,1.0,0.0;,0.0;
True,inf,0,1,0,False,False,False,1.0,9.977145478668445e-11;,2.0365181175620448e-11;
True,inf,0,1,0,False,False,False,1.0,1.7374405579936306e-09;,1.7374405579936306e-09;
True,inf,0,1,0,False,False,False,1.0,5.084229945850415e-13;,5.084229945850415e-13;
True,inf,0,1,0,False,False,False,1.0,5.084229945850415e-13;,3.784252152648432e-11;
True,inf,0,1,0,False,False,False,1.0,0.0;,0.0;
True,inf,0,1,0,False,False,False,1.0,2.8050945753950393e-11;,2.8050945753950393e-11;
True,inf,0,1,0,False,False,False,1.0,8.87922587470104e-12;,8.87922587470104e-12;
True,inf,0,1,0,False,False,False,1.0,3.53347694475484e-13;,3.53347694475484e-13;
True,inf,0,1,0,False,False,False,1.0,1.8331451766013172e-12;,1.8331451766013172e-12;
True,inf,0,1,0,False,False,False,1.0,0.0;,0.0;
True,inf,0,1,0,False,False,False,1.0,1.4210854715202004e-13;,1.4210854715202004e-13;
True,inf,0,1,0,False,False,False,1.0,4.0693694993695867e-13;,4.0693694993695867e-13;
True,inf,0,1,0,False,False,False,1.0,4.687428401686771e-13;,4.687428401686771e-13;
True,inf,0,1,0,False,False,False,1.0,6.431098710768743e-13;,6.431098710768743e-13;
True,inf,0,1,0,False,False,False,1.0,8.198074455012805e-13;,1.016845989170083e-12;
True,inf,0,1,0,False,False,False,1.0,4.547473508864641e-13;,4.547473508864641e-13;
True,inf,0,1,0,False,False,False,1.0,4.547473508864641e-13;,4.547473508864641e-13;
True,inf,0,1,0,False,False,False,1.0,5.084229945850415e-13;,5.084229945850415e-13;
True,inf,0,1,0,False,False,False,1.0,2.2737367544323206e-13;,2.2737367544323206e-13;
True,inf,0,1,0,False,False,False,1.0,3.0212691549237007e-13;,3.0212691549237007e-13;
True,inf,0,1,0,False,False,False,1.0,5.084229945850415e-13;,5.084229945850415e-13;
True,inf,0,1,0,False,False,False,1.0,0.0;,0.0;
True,inf,0,1,0,False,False,False,1.0,0.0;,0.0;
True,inf,0,1,0,False,False,False,1.0,1.1368683772161603e-13;,1.1368683772161603e-13;
True,inf,0,1,0,False,False,False,1.0,5.697967974875459e-12;,5.697967974875459e-12;
True,inf,0,1,0,False,False,False,1.0,4.5315215569160676e-10;,4.5315215569160676e-10;
True,inf,0,1,0,False,False,False,1.0,2.4868995751603507e-13;,2.4868995751603507e-13;
True,inf,0,1,0,False,False,False,1.0,4.547473508864641e-13;,4.547473508864641e-13;
True,inf,0,1,0,False,False,False,1.0,9.165725883006586e-13;,1.639614891002561e-12;
True,inf,0,1,0,False,False,False,1.0,1.1368683772161603e-13;,1.1368683772161603e-13;
True,inf,0,1,0,False,False,False,1.0,2.2737367544323206e-13;,2.2737367544323206e-13;
True,inf,0,1,0,False,False,False,1.0,2.5421149729252077e-13;,2.5421149729252077e-13;
True,inf,0,1,0,False,False,False,1.0,1.8331451766013172e-12;,1.8331451766013172e-12;
True,inf,0,1,0,False,False,False,1.0,7.823769253302659e-12;,7.823769253302659e-12;
True,inf,0,1,0,False,False,False,1.0,3.2155493553843715e-13;,3.2155493553843715e-13;
True,inf,0,1,0,False,False,False,1.0,5.684341886080802e-14;,5.684341886080802e-14;
True,inf,0,1,0,False,False,False,1.0,1.2505552149377763e-12;,4.323464252094349e-12;
True,inf,0,1,0,False,False,False,1.0,2.0870129163410888e-12;,2.0870129163410888e-12;
True,inf,0,1,0,False,False,False,1.0,4.547473508864641e-13;,4.547473508864641e-13;
True,inf,0,1,0,False,False,False,1.0,3.934225786131035e-12;,3.934225786131035e-12;
True,inf,0,1,0,False,False,False,1.0,1.1368683772161603e-13;,1.1368683772161603e-13;
True,inf,0,1,0,False,False,False,1.0,0.0;,0.0;
True,inf,0,1,0,False,False,False,1.0,1.9672778029189375e-10;,1.9672778029189375e-10;
True,inf,0,1,0,False,False,False,1.0,0.0;,0.0;
True,inf,0,1,0,False,False,False,1.0,1.016845989170083e-12;,1.016845989170083e-12;
True,inf,0,1,0,False,False,False,1.0,5.684341886080801e-13;,5.684341886080801e-13;
True,inf,0,1,0,False,False,False,1.0,0.0;,0.0;
True,inf,0,1,0,False,False,False,1.0,8.198074455012805e-13;,8.198074455012805e-13;
True,inf,0,1,0,False,False,False,1.0,2.082425115414537e-11;,2.082425115414537e-11;
True,inf,0,1,0,False,False,False,1.0,9.165725883006586e-13;,9.165725883006586e-13;
True,inf,0,1,0,False,False,False,1.0,4.1897458489216255e-11;,4.1897458489216255e-11;
True,inf,0,1,0,False,False,False,1.0,2.2737367544323206e-13;,2.2737367544323206e-13;
True,inf,0,1,0,False,False,False,1.0,4.547473508864641e-13;,4.547473508864641e-13;
True,inf,0,1,0,False,False,False,1.0,7.105427357601002e-14;,7.105427357601002e-14;
True,inf,0,1,0,False,False,False,1.0,0.0;,0.0;
True,inf,0,2,0,False,False,False,1.0,2.2737367544323206e-13;1.8749713606747085e-11;,1.1368683772161603e-13;8.458455440023804e-12;
True,inf,0,2,0,False,False,False,1.0,3.3379479727656838e-12;3.4311584149031896e-11;,2.5325641001865577e-12;4.247690797517272e-11;
True,inf,0,2,0,False,False,False,1.0,4.547473508864641e-13;4.547473508864641e-13;,4.547473508864641e-13;9.094947017729282e-13;
True,inf,0,2,0,False,False,False,1.0,0.0;0.0;,4.547473508864641e-13;0.0;
True,inf,0,2,0,False,False,False,1.0,0.0;0.0;,0.0;0.0;
True,inf,0,2,0,False,False,False,1.0,4.547473508864641e-13;3.1934924115609293e-13;,4.547473508864641e-13;5.859285502108464e-14;
True,inf,0,2,0,False,False,False,1.0,5.084229945850415e-13;1.4782246925143206e-11;,2.2737367544323206e-13;9.710912470273478e-12;
True,inf,0,2,0,False,False,False,1.0,8.112366457126976e-11;4.547473508864641e-13;,1.0114627929912126e-10;2.2737367544323206e-13;
True,inf,0,2,0,False,False,False,1.0,0.0;9.374856803373542e-13;,0.0;9.374856803373542e-13;
True,inf,0,2,0,False,False,False,1.0,1.639614891002561e-12;4.547473508864641e-13;,1.3642420526593924e-12;4.547473508864641e-13;
True,inf,0,2,0,False,False,False,1.0,4.547473508864641e-13;1.1368683772161603e-13;,1.1368683772161603e-12;2.2737367544323206e-13;
True,inf,0,2,0,False,False,False,1.0,6.535978805983472e-10;2.2737367544323206e-13;,5.723641722702111e-10;5.084229945850415e-13;
True,inf,0,2,0,False,False,False,1.0,4.547473508864641e-13;3.858659226461245e-12;,9.094947017729282e-13;3.858659226461245e-12;
True,inf,0,2,0,False,False,False,1.0,1.2085076619694803e-12;6.232496181683485e-10;,1.5463081705019526e-12;6.04880304610491e-10;
True,inf,0,2,0,False,False,False,1.0,2.033691978340166e-12;2.2737367544323206e-13;,4.547473508864641e-12;9.374856803373542e-13;
True,inf,0,2,0,False,False,False,1.0,3.942968036624256e-12;2.2737367544323206e-13;,6.923953679764308e-12;2.2737367544323206e-13;
True,inf,0,2,0,False,False,False,1.0,1.0150649489128097e-11;5.861847905303282e-11;,9.275062463698822e-12;2.4432505583132962e-11;
True,inf,0,2,0,False,False,False,1.0,2.02464735771025e-11;1.2862197421537486e-12;,2.1214097954358834e-11;1.3642420526593924e-12;
True,inf,0,2,0,False,False,False,1.0,1.356737025687701e-10;2.934794392833747e-11;,1.5086685641240076e-10;2.9118037843694986e-11;
True,inf,0,2,0,False,False,False,1.0,7.130505760356432e-11;0.0;,3.921284947399982e-10;0.0;
True,inf,0,2,0,False,False,False,1.0,0.0;0.0;,5.084229945850415e-13;0.0;
True,inf,0,2,0,False,False,False,1.0,2.8421709430404007e-13;8.738470578717024e-10;,9.927276321703277e-13;8.644431371037412e-10;
True,inf,0,2,0,False,False,False,1.0,4.897778860262864e-12;1.7053025658242404e-13;,5.536910822177525e-12;3.979039320256561e-13;
True,inf,0,2,0,False,False,False,1.0,9.099386826154683e-13;1.5463081705019526e-12;,2.842170943040401e-14;5.684341886080801e-13;
True,inf,0,2,0,False,False,False,1.0,1.1368683772161603e-13;2.4170153239389606e-12;,2.2737367544323206e-13;3.0926163410039053e-12;
True,inf,0,2,0,False,False,False,1.0,0.0;1.2862197421537486e-12;,0.0;1.016845989170083e-12;
True,inf,0,2,0,False,False,False,1.0,6.431098710768743e-13;0.0;,6.431098710768743e-13;4.547473508864641e-13;
True,inf,0,2,0,False,False,False,1.0,1.999862638642106e-11;3.225676055975163e-10;,2.06425370954844e-11;3.319344176069473e-10;
True,inf,0,2,0,False,False,False,1.0,0.0;8.138738998739173e-12;,2.2737367544323206e-13;5.744578726528399e-12;
True,inf,0,2,0,False,False,False,1.0,3.410605131648481e-13;1.6264514374735866e-10;,2.3437142008433856e-13;1.8511736389881646e-10;
True,inf,0,2,0,False,False,False,1.0,3.979039320256561e-13;2.2737367544323206e-13;,1.7053025658242404e-13;6.821210263296962e-13;
True,inf,0,2,0,False,False,False,1.0,0.0;0.0;,0.0;0.0;
True,inf,0,2,0,False,False,False,1.0,8.264024402427025e-12;0.0;,5.206062788536342e-12;4.547473508864641e-13;
True,inf,0,2,0,False,False,False,1.0,1.7053025658242404e-13;2.2737367544323206e-13;,5.684341886080802e-14;2.2737367544323206e-13;
True,inf,0,2,0,False,False,False,1.0,9.094947017729282e-13;2.8760747774580336e-12;,9.094947017729282e-13;1.224444715065716e-12;
True,inf,0,2,0,False,False,False,1.0,1.5962838729156904e-11;0.0;,7.561510197178022e-12;0.0;
True,inf,0,2,0,False,False,False,1.0,1.775845174940208e-12;4.4447802597526465e-10;,1.775845174940208e-12;4.6433512488695524e-10;
True,inf,0,2,0,False,False,False,1.0,4.0990372275064023e-13;3.410605131648481e-13;,4.0990372275064023e-13;1.1368683772161603e-13;
True,inf,0,2,0,False,False,False,1.0,3.033311409600256e-10;2.0597407151391778e-12;,3.0604598069770004e-10;2.5579538487363607e-12;
True,inf,0,2,0,False,False,False,1.0,0.0;2.0179413695586845e-12;,2.2737367544323206e-13;2.4933470057773444e-12;
True,inf,0,2,0,False,False,False,1.0,3.410605131648481e-13;2.2737367544323206e-13;,5.684341886080801e-13;2.2737367544323206e-13;
True,inf,0,2,0,False,False,False,1.0,2.2737367544323206e-13;4.547473508864641e-13;,8.198074455012805e-13;1.016845989170083e-12;
True,inf,0,2,0,False,False,False,1.0,3.410605131648481e-13;1.775845174940208e-12;,2.2737367544323206e-13;9.165725883006586e-13;
True,inf,0,2,0,False,False,False,1.0,4.547473508864641e-13;2.799213746640164e-13;,2.2737367544323206e-13;3.639754730461873e-13;
True,inf,0,2,0,False,False,False,1.0,2.2737367544323206e-13;2.2737367544323206e-13;,7.105427357601002e-14;0.0;
True,inf,0,2,0,False,False,False,1.0,1.0045697324301055e-11;6.629024818318272e-13;,7.622954678590855e-12;5.684341886080801e-13;
True,inf,0,2,0,False,False,False,1.0,8.298305927491741e-11;9.374856803373542e-13;,8.478637529500673e-11;1.1368683772161603e-13;
True,inf,0,2,0,False,False,False,1.0,0.0;1.1368683772161603e-13;,0.0;3.410605131648481e-13;
True,inf,0,2,0,False,False,False,1.0,7.958316930457453e-11;5.084229945850415e-13;,9.514387880913133e-11;2.2737367544323206e-13;
True,inf,0,2,0,False,False,False,1.0,6.431098710768743e-13;1.7053025658242404e-13;,0.0;2.5579538487363607e-13;
True,inf,0,2,0,False,False,False,1.0,6.406026489043049e-13;1.016845989170083e-12;,6.184987801499812e-13;1.1368683772161603e-12;
True,inf,0,2,0,False,False,False,1.0,2.2737367544323206e-13;0.0;,6.821210263296962e-13;2.0495186137532011e-13;
True,inf,0,2,0,False,False,False,1.0,5.288653160826128e-13;6.075915160358597e-10;,1.1368683772161603e-13;4.5243085457763164e-10;
True,inf,0,2,0,False,False,False,1.0,4.547473508864641e-13;2.2737367544323206e-13;,2.2737367544323206e-13;0.0;
True,inf,0,2,0,False,False,False,1.0,1.016845989170083e-12;0.0;,1.8331451766013172e-12;1.4210854715202004e-13;
True,inf,0,2,0,False,False,False,1.0,1.1666202952691296e-11;2.2737367544323206e-13;,7.397565490942151e-12;0.0;
True,inf,0,2,0,False,False,False,1.0,0.0;1.7426749756641408e-11;,0.0;1.2099105347173872e-11;
True,inf,0,2,0,False,False,False,1.0,2.2737367544323206e-13;2.2737367544323206e-13;,0.0;1.7316263224219958e-12;
True,inf,0,2,0,False,False,False,1.0,2.2737367544323206e-13;1.016845989170083e-12;,2.2737367544323206e-13;1.016845989170083e-12;
True,inf,0,2,0,False,False,False,1.0,4.547473508864641e-13;9.374856803373542e-13;,4.547473508864641e-13;9.374856803373542e-13;
True,inf,0,2,0,False,False,False,1.0,0.0;6.887826813400361e-10;,0.0;6.925855899375476e-10;
True,inf,0,2,0,False,False,False,1.0,4.547473508864641e-13;2.2737367544323206e-13;,0.0;2.2737367544323206e-13;
True,inf,0,2,0,False,False,False,1.0,1.016845989170083e-12;2.207399102070167e-12;,0.0;5.196122802784175e-12;
True,inf,0,2,0,False,False,False,1.0,8.526512829121202e-14;0.0;,5.684341886080801e-13;4.547473508864641e-13;
True,inf,0,2,0,False,False,False,1.0,0.0;4.433786671143025e-12;,1.1368683772161603e-13;2.5949503220802687e-12;
True,inf,0,2,0,False,False,False,1.0,1.2862197421537486e-12;2.2737367544323206e-13;,9.094947017729282e-13;1.1368683772161603e-13;
True,inf,0,2,0,False,False,False,1.0,4.547473508864641e-13;4.834030647877921e-12;,0.0;3.2554955994956693e-12;
True,inf,0,2,0,False,False,False,1.0,1.1368683772161603e-13;7.13816070752195e-10;,6.821210263296962e-13;9.132424613260804e-10;
True,inf,0,2,0,False,False,False,1.0,3.410605131648481e-13;4.687428401686771e-13;,3.979039320256561e-13;8.911896126153842e-10;
True,inf,0,2,0,False,False,False,1.0,0.0;4.547473508864641e-13;,2.2737367544323206e-13;4.547473508864641e-13;
True,inf,0,2,0,False,False,False,1.0,9.277849023011715e-12;4.547473508864641e-13;,2.3547244754455227e-11;4.547473508864641e-13;
True,inf,0,2,0,False,False,False,1.0,1.4559018921847493e-12;9.094947017729282e-13;,2.2737367544323206e-12;1.4559018921847493e-12;
True,inf,0,2,0,False,False,False,1.0,2.2737367544323206e-13;3.0243169605309916e-11;,4.687428401686771e-13;4.6113581977733974e-11;
True,inf,0,2,0,False,False,False,1.0,2.2737367544323206e-13;8.87922587470104e-13;,0.0;2.8421709430404007e-13;
True,inf,0,2,0,False,False,False,1.0,1.1368683772161603e-13;5.684341886080802e-14;,0.0;2.2737367544323206e-13;
True,inf,0,2,0,False,False,False,1.0,2.2646538637803245e-11;4.856703836433968e-13;,2.8653569465398587e-11;2.2737367544323206e-13;
True,inf,0,2,0,False,False,False,1.0,1.1368683772161603e-13;5.684341886080802e-14;,1.7053025658242404e-13;3.979039320256561e-13;
True,inf,0,2,0,False,False,False,1.0,4.547473508864641e-13;0.0;,6.431098710768743e-13;4.547473508864641e-13;
True,inf,0,2,0,False,False,False,1.0,4.547473508864641e-13;5.6136452559454133e-11;,4.547473508864641e-13;6.534866607756094e-10;
True,inf,0,2,0,False,False,False,1.0,3.2155493553843715e-13;3.0014186410071682e-12;,2.2737367544323206e-13;2.6147972675971687e-12;
True,inf,0,2,0,False,False,False,1.0,0.0;0.0;,0.0;0.0;
True,inf,0,2,0,False,False,False,1.0,4.547473508864641e-13;1.1368683772161603e-13;,4.547473508864641e-13;3.410605131648481e-13;
True,inf,0,2,0,False,False,False,1.0,0.0;0.0;,0.0;0.0;
True,inf,0,2,0,False,False,False,1.0,9.374856803373542e-13;7.667045730337136e-11;,3.410605131648481e-13;8.234066972517828e-11;
True,inf,0,2,0,False,False,False,1.0,1.2431046189151993e-12;4.547473508864641e-13;,1.5793880253852199e-12;5.084229945850415e-13;
True,inf,0,2,0,False,False,False,1.0,4.547473508864641e-13;4.547473508864641e-13;,0.0;0.0;
True,inf,0,2,0,False,False,False,1.0,6.07957072040502e-10;5.084229945850415e-13;,6.116809980638893e-10;0.0;
True,inf,0,2,0,False,False,False,1.0,9.094947017729282e-13;1.3330117931079885e-09;,9.094947017729282e-13;1.3272472788402523e-09;
True,inf,0,2,0,False,False,False,1.0,4.547473508864641e-13;3.6347277316387706e-11;,5.084229945850415e-13;3.241601558987381e-11;
True,inf,0,2,0,False,False,False,1.0,5.684341886080801e-13;1.7053025658242404e-13;,0.0;3.410605131648481e-13;
True,inf,0,2,0,False,False,False,1.0,4.547473508864641e-13;7.958078640513122e-13;,4.547473508864641e-13;7.731540852509763e-13;
True,inf,0,2,0,False,False,False,1.0,0.0;3.410605131648481e-13;,0.0;0.0;
True,inf,0,2,0,False,False,False,1.0,5.115907697472721e-13;0.0;,9.310008041529271e-13;9.094947017729282e-13;
True,inf,0,2,0,False,False,False,1.0,1.1368683772161603e-13;7.031142602530156e-13;,2.2737367544323206e-13;1.4210854715202004e-13;
True,inf,0,2,0,False,False,False,1.0,4.547473508864641e-13;9.374856803373542e-13;,0.0;9.094947017729282e-13;
True,inf,0,2,0,False,False,False,1.0,0.0;9.094947017729282e-13;,1.1368683772161603e-13;9.094947017729282e-13;
True,inf,0,2,0,False,False,False,1.0,1.274104372543834e-11;1.5007093205035841e-12;,1.4960082034664065e-11;2.2737367544323206e-13;
True,inf,0,2,0,False,False,False,1.0,3.979039320256561e-13;6.316724920907291e-11;,1.1368683772161603e-13;2.9230650397977575e-11;
True,inf,0,2,0,False,False,False,1.0,4.602649920770331e-13;3.724003216611709e-11;,1.1368683772161603e-13;2.930563548164723e-11;
True,inf,0,2,0,False,False,False,1.0,4.547473508864641e-13;0.0;,4.547473508864641e-13;0.0;
True,inf,0,3,0,False,False,False,1.0,1.1368683772161603e-13;1.4179442430457916e-11;5.3326883211733e-12;,1.1368683772161603e-13;8.458455440023804e-12;6.764366844436154e-12;
True,inf,0,3,0,False,False,False,1.0,2.2737367544323206e-13;8.198074455012805e-13;4.547473508864641e-13;,2.2737367544323206e-13;8.198074455012805e-13;4.547473508864641e-13;
True,inf,0,3,0,False,False,False,1.0,1.2862197421537486e-12;2.6613406386603914e-12;1.1368683772161603e-13;,4.547473508864641e-13;2.5011104298755527e-12;1.1368683772161603e-13;
True,inf,0,3,0,False,False,False,1.0,1.1368683772161603e-13;2.2737367544323206e-13;1.1904048835920934e-11;,4.547473508864641e-13;1.016845989170083e-12;1.8954020148491897e-11;
True,inf,0,3,0,False,False,False,1.0,9.094947017729282e-13;3.651387794037898e-12;9.094947017729282e-13;,1.016845989170083e-12;9.300849707995181e-12;4.547473508864641e-13;
True,inf,0,3,0,False,False,False,1.0,4.263256414560601e-13;3.2155493553843715e-13;6.431098710768743e-13;,3.979039320256561e-13;2.2737367544323206e-13;2.2737367544323206e-13;
True,inf,0,3,0,False,False,False,1.0,2.2737367544323206e-13;3.410605131648481e-13;4.547473508864641e-13;,0.0;6.821210263296962e-13;4.547473508864641e-13;
True,inf,0,3,0,False,False,False,1.0,1.2635104203081759e-11;3.410605131648481e-13;9.374856803373542e-13;,5.6843418860808015e-12;1.1368683772161603e-13;2.2737367544323206e-13;
True,inf,0,3,0,False,False,False,1.0,0.0;9.094947017729282e-13;1.6978587793887046e-11;,0.0;4.547473508864641e-13;1.549647932860238e-11;
True,inf,0,3,0,False,False,False,1.0,0.0;1.6553053431563326e-12;2.096281709166962e-12;,4.547473508864641e-13;9.094947017729282e-13;7.190186943645084e-13;
True,inf,0,3,0,False,False,False,1.0,5.084229945850415e-13;3.410605131648481e-13;1.9420214429491438e-10;,4.687428401686771e-13;1.1368683772161603e-13;2.095808142630864e-10;
True,inf,0,3,0,False,False,False,1.0,3.410605131648481e-13;0.0;0.0;,5.684341886080802e-14;0.0;0.0;
True,inf,0,3,0,False,False,False,1.0,2.2737367544323206e-13;1.3306703193301957e-11;0.0;,0.0;1.0272157849682588e-11;4.547473508864641e-13;
True,inf,0,3,0,False,False,False,1.0,2.2737367544323206e-13;3.5429302454150493e-13;6.821210263296962e-13;,5.084229945850415e-13;3.53347694475484e-13;2.2737367544323206e-13;
True,inf,0,3,0,False,False,False,1.0,1.4380373887290168e-12;2.8760747774580336e-12;4.06589416334911e-12;,6.431098710768743e-13;2.8760747774580336e-12;2.008914298934575e-12;
True,inf,0,3,0,False,False,False,1.0,4.547473508864641e-13;5.684341886080802e-14;4.547473508864641e-13;,4.547473508864641e-13;2.2737367544323206e-13;4.547473508864641e-13;
True,inf,0,3,0,False,False,False,1.0,2.2818169001291564e-10;4.547473508864641e-13;2.1221651314270901e-10;,1.4513807997431995e-10;6.431098710768743e-13;2.1325662962300952e-10;
True,inf,0,3,0,False,False,False,1.0,3.663204435205904e-12;2.2737367544323206e-13;5.4815450149559775e-11;,2.1359817569709703e-12;6.821210263296962e-13;6.980186675935302e-11;
True,inf,0,3,0,False,False,False,1.0,2.5421149729252077e-13;2.1450107198546058e-10;1.6077746776921858e-13;,2.5421149729252077e-13;2.0682835515375208e-10;3.2155493553843715e-13;
True,inf,0,3,0,False,False,False,1.0,3.2155493553843715e-13;2.472689128803009e-11;4.547473508864641e-13;,3.2155493553843715e-13;5.727300973212515e-11;4.547473508864641e-13;
True,inf,0,3,0,False,False,False,1.0,0.0;4.547473508864641e-13;0.0;,0.0;4.547473508864641e-13;2.2737367544323206e-13;
True,inf,0,3,0,False,False,False,1.0,8.198074455012805e-12;9.713407672867936e-13;9.094947017729282e-13;,1.100826779012114e-11;9.094947017729282e-13;9.094947017729282e-13;
True,inf,0,3,0,False,False,False,1.0,0.0;4.547473508864641e-13;4.578698399638287e-10;,4.547473508864641e-13;0.0;3.9721419709692564e-10;
True,inf,0,3,0,False,False,False,1.0,2.0109819873248703e-10;3.0470816666570784e-11;1.1368683772161603e-13;,4.336763637873747e-10;9.514387880913133e-11;2.2737367544323206e-13;
True,inf,0,3,0,False,False,False,1.0,1.016845989170083e-12;0.0;1.6077746776921858e-13;,6.821210263296962e-13;0.0;2.0495186137532011e-13;
True,inf,0,3,0,False,False,False,1.0,6.233367514443361e-13;4.547473508864641e-13;0.0;,5.518497755175417e-13;4.547473508864641e-13;4.547473508864641e-13;
True,inf,0,3,0,False,False,False,1.0,5.084229945850415e-13;1.8749713606747085e-12;3.410605131648481e-13;,6.821210263296962e-13;1.8331451766013172e-12;1.4210854715202004e-13;
True,inf,0,3,0,False,False,False,1.0,2.5579538487363607e-13;4.547473508864641e-13;0.0;,5.968558980384842e-13;0.0;0.0;
True,inf,0,3,0,False,False,False,1.0,4.547473508864641e-13;9.094947017729282e-13;1.4210854715202004e-11;,0.0;2.2737367544323206e-13;1.2099105347173872e-11;
True,inf,0,3,0,False,False,False,1.0,2.5421149729252077e-13;0.0;1.1368683772161603e-12;,2.5421149729252077e-13;0.0;2.9118037843694986e-12;
True,inf,0,3,0,False,False,False,1.0,0.0;0.0;0.0;,0.0;4.547473508864641e-13;0.0;
True,inf,0,3,0,False,False,False,1.0,4.547473508864641e-13;1.016845989170083e-12;5.595524044110789e-13;,2.2737367544323206e-13;0.0;1.1191048088221578e-13;
True,inf,0,3,0,False,False,False,1.0,0.0;1.016845989170083e-12;4.687428401686771e-13;,2.2737367544323206e-13;9.374856803373542e-13;0.0;
True,inf,0,3,0,False,False,False,1.0,6.1852326820078106e-12;1.7376476690889585e-10;4.547473508864641e-13;,5.532240293449121e-12;2.4519089591359164e-10;5.084229945850415e-13;
True,inf,0,3,0,False,False,False,1.0,4.655004020764636e-13;2.2737367544323206e-13;1.7053025658242404e-13;,1.1368683772161603e-13;2.2737367544323206e-13;1.4210854715202004e-13;
True,inf,0,3,0,False,False,False,1.0,6.431098710768743e-13;0.0;1.4921397450962104e-13;,2.2737367544323206e-13;0.0;1.0658141036401503e-13;
True,inf,0,3,0,False,False,False,1.0,1.1368683772161603e-12;1.1368683772161603e-13;0.0;,1.8749713606747085e-12;3.410605131648481e-13;0.0;
True,inf,0,3,0,False,False,False,1.0,4.547473508864641e-13;2.9118037843694986e-12;4.547473508864641e-13;,1.2085076619694803e-12;2.9118037843694986e-12;5.684341886080801e-13;
True,inf,0,3,0,False,False,False,1.0,5.684341886080801e-13;6.431098710768743e-13;4.547473508864641e-13;,9.165725883006586e-13;0.0;0.0;
True,inf,0,3,0,False,False,False,1.0,5.084229945850415e-13;1.1368683772161603e-13;7.1550489235776525e-12;,2.2737367544323206e-13;1.1368683772161603e-13;1.9107845707003806e-11;
True,inf,0,3,0,False,False,False,1.0,5.084229945850415e-13;4.547473508864641e-13;6.431098710768743e-13;,5.084229945850415e-13;0.0;4.547473508864641e-13;
True,inf,0,3,0,False,False,False,1.0,3.8657704262548816e-13;2.5579538487363607e-13;1.1368683772161603e-13;,3.639754730461873e-13;1.6200374375330284e-12;9.713407672867936e-13;
True,inf,0,3,0,False,False,False,1.0,3.410605131648481e-13;9.691752288163296e-13;5.58396463797242e-10;,2.5421149729252077e-13;7.736034035588091e-13;6.263586822163392e-10;
True,inf,0,3,0,False,False,False,1.0,3.115019353572279e-11;2.2737367544323206e-13;5.084229945850415e-13;,3.132479850918485e-11;5.084229945850415e-13;0.0;
True,inf,0,3,0,False,False,False,1.0,1.016845989170083e-12;1.1368683772161603e-13;5.592652940435457e-12;,2.2737367544323206e-13;2.2737367544323206e-13;1.1593828079623529e-11;
True,inf,0,3,0,False,False,False,1.0,0.0;4.547473508864641e-13;9.094947017729282e-13;,0.0;4.547473508864641e-13;0.0;
True,inf,0,3,0,False,False,False,1.0,2.2737367544323206e-13;7.399800027385557e-10;0.0;,4.547473508864641e-13;6.548872732800866e-10;1.1368683772161603e-13;
True,inf,0,3,0,False,False,False,1.0,0.0;2.2737367544323206e-13;5.544387140250273e-11;,4.547473508864641e-13;5.084229945850415e-13;3.241601558987381e-11;
True,inf,0,3,0,False,False,False,1.0,4.882105993801214e-13;6.431098710768743e-13;5.084229945850415e-13;,6.394884621840902e-14;4.547473508864641e-13;2.2737367544323206e-13;
True,inf,0,3,0,False,False,False,1.0,5.759968961051977e-10;0.0;1.1368683772161603e-13;,5.975657047157274e-10;0.0;0.0;
True,inf,0,3,0,False,False,False,1.0,0.0;9.094947017729282e-13;1.1368683772161603e-13;,0.0;9.094947017729282e-13;6.431098710768743e-13;
True,inf,0,3,0,False,False,False,1.0,4.547473508864641e-13;5.084229945850415e-13;2.905144197996274e-10;,0.0;9.094947017729282e-13;2.4332585523819764e-10;
True,inf,0,3,0,False,False,False,1.0,3.410605131648481e-13;0.0;3.799590323767098e-12;,3.410605131648481e-13;9.094947017729282e-13;3.639754730461873e-12;
True,inf,0,3,0,False,False,False,1.0,1.1368683772161603e-13;0.0;2.2737367544323206e-13;,5.968558980384842e-13;0.0;4.263256414560601e-13;
True,inf,0,3,0,False,False,False,1.0,2.3187656159247056e-12;3.410605131648481e-13;2.1530673089070337e-10;,2.7661201467245607e-12;2.2737367544323206e-13;3.0233004760875087e-10;
True,inf,0,3,0,False,False,False,1.0,5.084229945850415e-13;3.979039320256561e-13;9.25343817704044e-13;,0.0;3.979039320256561e-13;9.927276321703277e-13;
True,inf,0,3,0,False,False,False,1.0,5.084229945850415e-13;0.0;7.275957614183426e-12;,4.547473508864641e-13;2.2737367544323206e-13;7.275957614183426e-12;
True,inf,0,3,0,False,False,False,1.0,1.2961987540148048e-09;3.2155493553843715e-13;7.103380699760832e-12;,1.2844425664789085e-09;2.2737367544323206e-13;1.469333658078859e-11;
True,inf,0,3,0,False,False,False,1.0,6.821210263296962e-13;4.547473508864641e-13;2.7684554110887623e-12;,1.1718571004216928e-12;0.0;1.4062285205060312e-12;
True,inf,0,3,0,False,False,False,1.0,3.410605131648481e-13;1.050542901444636e-11;1.224444715065716e-12;,3.126388037344441e-13;1.555906889412941e-11;9.094947017729282e-13;
True,inf,0,3,0,False,False,False,1.0,2.2737367544323206e-13;0.0;6.844854043943255e-13;,2.2737367544323206e-13;0.0;6.844854043943255e-13;
True,inf,0,3,0,False,False,False,1.0,2.4923235385509567e-10;3.314512409159136e-13;3.2155493553843715e-13;,2.0406011499031561e-10;3.595093471822542e-13;5.084229945850415e-13;
True,inf,0,3,0,False,False,False,1.0,2.2737367544323206e-13;5.707260424992861e-10;3.5677567056223535e-11;,0.0;5.698339963826805e-10;4.269180120324738e-11;
True,inf,0,3,0,False,False,False,1.0,0.0;1.1368683772161603e-13;8.198074455012805e-13;,3.2155493553843715e-13;9.713407672867936e-13;4.547473508864641e-13;
True,inf,0,3,0,False,False,False,1.0,9.094947017729282e-13;0.0;1.7053025658242404e-12;,0.0;0.0;5.115907697472721e-13;
True,inf,0,3,0,False,False,False,1.0,4.547473508864641e-13;2.2737367544323206e-13;2.5421149729252077e-13;,0.0;5.684341886080801e-13;2.2737367544323206e-13;
True,inf,0,3,0,False,False,False,1.0,0.0;2.8421709430404007e-13;3.4407880662960352e-12;,0.0;1.1368683772161603e-13;2.2850771577215914e-12;
True,inf,0,3,0,False,False,False,1.0,9.094947017729282e-13;5.249328924317158e-12;9.374856803373542e-13;,9.094947017729282e-13;3.410605131648481e-12;0.0;
True,inf,0,3,0,False,False,False,1.0,0.0;4.547473508864641e-13;6.431098710768743e-13;,0.0;0.0;5.684341886080801e-13;
True,inf,0,3,0,False,False,False,1.0,6.4841375349711595e-12;0.0;4.547473508864641e-13;,9.386568059411736e-12;2.2737367544323206e-13;6.431098710768743e-13;
True,inf,0,3,0,False,False,False,1.0,3.751982576549857e-10;3.0958823852435135e-13;4.547473508864641e-13;,3.8701163691197064e-10;3.260725023324085e-13;2.2737367544323206e-13;
True,inf,0,3,0,False,False,False,1.0,2.2737367544323206e-13;4.547473508864641e-13;2.2737367544323206e-13;,2.2737367544323206e-13;4.687428401686771e-13;2.2737367544323206e-13;
True,inf,0,3,0,False,False,False,1.0,3.2155493553843715e-13;5.084229945850415e-13;1.0272157849682588e-11;,4.0990372275064023e-13;4.547473508864641e-13;7.346668290394296e-12;
True,inf,0,3,0,False,False,False,1.0,0.0;7.169090995165242e-13;2.5377722904406147e-11;,9.094947017729282e-13;7.617071152741003e-13;1.3287149158713873e-11;
True,inf,0,3,0,False,False,False,1.0,6.431098710768743e-13;4.547473508864641e-13;1.7053025658242404e-13;,2.2737367544323206e-13;4.547473508864641e-13;7.389644451905042e-13;
True,inf,0,3,0,False,False,False,1.0,1.1368683772161603e-13;0.0;1.9226524931242916e-10;,2.2737367544323206e-13;0.0;2.1722196175742728e-10;
True,inf,0,3,0,False,False,False,1.0,0.0;2.35076919145197e-12;9.094947017729282e-13;,2.2737367544323206e-13;1.4650281592434877e-12;4.547473508864641e-13;
True,inf,0,3,0,False,False,False,1.0,9.094947017729282e-13;3.324635458999954e-11;1.6517610261870087e-09;,1.016845989170083e-12;3.203952465593563e-11;0.0;
True,inf,0,3,0,False,False,False,1.0,2.2737367544323206e-13;2.2737367544323206e-13;9.55837449097195e-10;,0.0;4.547473508864641e-13;1.7053025658242404e-13;
True,inf,0,3,0,False,False,False,1.0,1.8331451766013172e-12;0.0;2.842170943040401e-14;,2.3437142008433857e-12;4.547473508864641e-13;4.263256414560601e-14;
True,inf,0,3,0,False,False,False,1.0,1.1368683772161603e-13;1.981884744052502e-10;3.623767952376511e-13;,2.2737367544323206e-13;1.206169665245427e-10;3.197442310920451e-14;
True,inf,0,3,0,False,False,False,1.0,1.6770253673335696e-11;2.639102263592014e-11;8.964012796050607e-10;,9.106308604942018e-12;1.9532973596974015e-11;1.0036786307171353e-09;
True,inf,0,3,0,False,False,False,1.0,1.3642420526593924e-12;1.2434497875801753e-14;3.979039320256561e-13;,1.3642420526593924e-12;1.6076029396572267e-13;8.526512829121202e-13;
True,inf,0,3,0,False,False,False,1.0,9.713407672867936e-13;4.547473508864641e-13;3.3336617669794634e-11;,3.410605131648481e-13;2.2737367544323206e-13;1.2538581066985205e-11;
True,inf,0,3,0,False,False,False,1.0,5.362597410144533e-12;1.5538733615256805e-09;3.410605131648481e-12;,5.653563111607744e-12;1.5399006347317013e-09;3.069544618483633e-12;
True,inf,0,3,0,False,False,False,1.0,1.7405599654925608e-11;0.0;4.547473508864641e-13;,2.4323670223232206e-11;0.0;2.2737367544323206e-13;
True,inf,0,3,0,False,False,False,1.0,0.0;0.0;5.68506943528205e-11;,0.0;0.0;5.595055878368806e-11;
True,inf,0,3,0,False,False,False,1.0,1.7214454811207998e-11;2.2737367544323206e-13;0.0;,1.389818685038459e-11;0.0;9.094947017729282e-13;
True,inf,0,3,0,False,False,False,1.0,0.0;0.0;1.4782021507864833e-12;,0.0;6.042538309847401e-13;3.144422563750443e-12;
True,inf,0,3,0,False,False,False,1.0,0.0;1.1368683772161603e-12;2.5421149729252077e-13;,0.0;1.8331451766013172e-12;1.1368683772161603e-13;
True,inf,0,3,0,False,False,False,1.0,4.1179124028246485e-12;1.692369011464361e-11;2.2737367544323206e-13;,7.458411103860602e-12;1.7087854055767762e-11;2.2737367544323206e-13;
True,inf,0,3,0,False,False,False,1.0,2.2737367544323206e-13;1.207750278547367e-09;1.1368683772161603e-13;,3.979039320256561e-13;1.0916202580483082e-09;0.0;
True,inf,0,3,0,False,False,False,1.0,0.0;1.2612579892773886e-11;9.674075226714561e-12;,1.2862197421537486e-12;2.543392064910319e-11;8.045301916788108e-12;
True,inf,0,3,0,False,False,False,1.0,8.518353789593561e-11;7.1978243709228e-10;2.8760747774580336e-12;,8.184441703900406e-11;6.275703387254991e-10;6.1852326820078106e-12;
True,inf,0,3,0,False,False,False,1.0,3.126388037344441e-13;1.0534030306480445e-11;1.3935335428108445e-12;,4.556346636343676e-13;9.103036945595615e-12;1.5294999738073e-12;
True,inf,0,3,0,False,False,False,1.0,0.0;9.094947017729282e-13;2.2737367544323206e-13;,9.374856803373542e-13;9.094947017729282e-13;2.2737367544323206e-13;
True,inf,0,3,0,False,False,False,1.0,1.0439819658302042e-10;1.7053025658242404e-13;0.0;,9.7516537659326e-11;1.1368683772161603e-13;3.2155493553843715e-13;
True,inf,0,3,0,False,False,False,1.0,4.547473508864641e-13;2.2737367544323206e-13;0.0;,4.547473508864641e-13;5.084229945850415e-13;2.2737367544323206e-13;
True,inf,0,3,0,False,False,False,1.0,1.5883642114725243e-11;0.0;4.547473508864641e-13;,1.3021982397982677e-11;0.0;4.547473508864641e-13;
True,inf,0,3,0,False,False,False,1.0,5.644411243022846e-12;1.850687635408088e-12;4.547473508864641e-12;,6.3728038861864395e-12;2.9118037843694986e-12;6.33389767116756e-12;
True,inf,0,1,15,False,False,False,1.0,8.491460837668482;,8.491460837668482;
True,inf,0,1,15,False,False,False,1.0,10.829761259182943;,4.7319234715297265;
True,inf,0,1,15,False,False,False,1.0,3.9550573666985946;,3.4236754663433255;
True,inf,0,1,15,False,False,False,1.0,21.411344410393546;,3.2883160164727356;
True,inf,0,1,15,False,False,False,1.0,11.957467195572988;,1.1097679142235122;
True,inf,0,1,15,False,False,False,1.0,13.072097677835401;,3.191835660566656;
True,inf,0,1,15,False,False,False,1.0,19.687212957905412;,8.533215045385795;
True,inf,0,1,15,,True,False,,,
True,inf,0,1,15,False,False,False,1.0,12.106760866645141;,4.5193984687502695;
True,inf,0,1,15,False,False,False,1.0,5.553588519421689;,9.918230900207199;
True,inf,0,1,15,False,False,False,1.0,5.411840320565393;,5.411840320565393;
True,inf,0,1,15,False,False,False,1.0,11.852795582587548;,3.846079739395254;
True,inf,0,1,15,False,False,False,1.0,28.805814646044986;,7.28255134426949;
True,inf,0,1,15,False,False,False,1.0,0.7589279345333665;,0.7589279345333665;
True,inf,0,1,15,False,False,False,1.0,5.157462002561382;,10.424172868241545;
True,inf,0,1,15,False,False,False,1.0,10.100553644098207;,4.322774399041605;
True,inf,0,1,15,False,False,False,1.0,15.739202753213585;,5.26431483340743;
True,inf,0,1,15,False,False,False,1.0,2.2267226905376836;,4.345342160088244;
True,inf,0,1,15,False,False,False,1.0,26.17796140800512;,13.4878464934262;
True,inf,0,1,15,False,False,False,1.0,13.57285740048083;,5.0035314891787595;
True,inf,0,1,15,False,False,False,1.0,15.130326964566684;,3.6366286602395834;
True,inf,0,1,15,False,False,False,1.0,14.415925743701047;,9.861783768443477;
True,inf,0,1,15,False,False,False,1.0,12.646486977596112;,12.646486977596112;
True,inf,0,1,15,False,False,False,1.0,3.2255757978395034;,3.2255757978395034;
True,inf,0,1,15,False,False,False,1.0,15.514847026367544;,7.991528752581505;
True,inf,0,1,15,False,False,False,1.0,6.545760329710009;,16.10187208563335;
True,inf,0,1,15,False,False,False,1.0,23.85930143729586;,5.147728845704579;
True,inf,0,1,15,False,False,False,1.0,19.21702016748793;,6.72132115011908;
True,inf,0,1,15,False,False,False,1.0,9.995736559682697;,5.207478094391965;
True,inf,0,1,15,False,False,False,1.0,13.215490590607601;,3.2875467219200503;
True,inf,0,1,15,False,False,False,1.0,20.06357134164056;,4.494047143142028;
True,inf,0,1,15,False,False,False,1.0,30.63162185660648;,12.30934137298927;
True,inf,0,1,15,False,False,False,1.0,5.8621809852627775;,5.8621809852627775;
True,inf,0,1,15,False,False,False,1.0,11.956311164159215;,11.956311164159215;
True,inf,0,1,15,False,False,False,1.0,20.25006784522978;,8.146190299633066;
True,inf,0,1,15,False,False,False,1.0,12.143828323187536;,6.9990197530931475;
True,inf,0,1,15,False,False,False,1.0,0.3682013638781845;,0.3682013638781845;
True,inf,0,1,15,False,False,False,1.0,16.641057876917888;,12.326655736789567;
True,inf,0,1,15,False,False,False,1.0,10.103877542702298;,10.103877542702298;
True,inf,0,1,15,False,False,False,1.0,11.231535574600244;,5.758818484261401;
True,inf,0,1,15,False,False,False,1.0,7.916541546581693;,5.365001288709614;
True,inf,0,1,15,False,False,False,1.0,3.881067878945843;,3.881067878945843;
True,inf,0,1,15,False,False,False,1.0,15.218340322695752;,4.11332524635802;
True,inf,0,1,15,False,False,False,1.0,21.212539363539072;,8.501630503327409;
True,inf,0,1,15,False,False,False,1.0,16.664462013534898;,11.614739895940444;
True,inf,0,1,15,False,False,False,1.0,19.611321173637265;,3.6459152654052396;
True,inf,0,1,15,False,False,False,1.0,2.5694541152051023;,2.5694541152051023;
True,inf,0,1,15,False,False,False,1.0,17.765210698098866;,10.799062794691086;
True,inf,0,1,15,False,False,False,1.0,18.169486356029037;,1.675385373776123;
True,inf,0,1,15,False,False,False,1.0,3.991556492476348;,3.991556492476348;
True,inf,0,1,15,False,False,False,1.0,11.734727093027544;,11.734727093027544;
True,inf,0,1,15,False,False,False,1.0,14.84429052284217;,2.3598985885222024;
True,inf,0,1,15,False,False,False,1.0,21.211484182631022;,5.965754569765068;
True,inf,0,1,15,False,False,False,1.0,8.437358282400657;,1.9810212935387412;
True,inf,0,1,15,False,False,False,1.0,19.119287563768452;,6.840395156912362;
True,inf,0,1,15,False,False,False,1.0,15.93769819682538;,6.8379717348823865;
True,inf,0,1,15,False,False,False,1.0,22.780094416706632;,3.9032921993122804;
True,inf,0,1,15,False,False,False,1.0,12.182308994995036;,4.626913413926697;
True,inf,0,1,15,False,False,False,1.0,12.506538619864521;,12.506538619864521;
True,inf,0,1,15,False,False,False,1.0,4.919023609457747;,4.919023609457747;
True,inf,0,1,15,False,False,False,1.0,22.380118905325972;,5.949457401453178;
True,inf,0,1,15,False,False,False,1.0,9.97761330764485;,7.459568122353012;
True,inf,0,1,15,False,False,False,1.0,3.0923009161482597;,10.139567426040843;
True,inf,0,1,15,False,False,False,1.0,7.4379320761786145;,4.082818281130032;
True,inf,0,1,15,False,False,False,1.0,13.627263959549117;,12.71945201782544;
True,inf,0,1,15,False,False,False,1.0,20.244748122190035;,10.649613355918746;
True,inf,0,1,15,False,False,False,1.0,11.77549643848668;,1.9094387572572737;
True,inf,0,1,15,False,False,False,1.0,6.386818760477439;,7.24313502868549;
True,inf,0,1,15,False,False,False,1.0,11.220330161653125;,4.8781451972256615;
True,inf,0,1,15,False,False,False,1.0,3.046507439305669;,3.046507439305669;
True,inf,0,1,15,False,False,False,1.0,5.339984079039236;,5.339984079039236;
True,inf,0,1,15,False,False,False,1.0,36.410952653571485;,3.5759324103264105;
True,inf,0,1,15,False,False,False,1.0,17.119238006339895;,2.3554053352406656;
True,inf,0,1,15,False,False,False,1.0,2.2058800376755903;,2.2058800376755903;
True,inf,0,1,15,False,False,False,1.0,8.316308398771815;,5.430517292641224;
True,inf,0,1,15,False,False,False,1.0,6.71255145374088;,1.4452351940040054;
True,inf,0,1,15,False,False,False,1.0,8.609813140812552;,6.967955131227985;
True,inf,0,1,15,False,False,False,1.0,18.347702057036887;,6.976733325108098;
True,inf,0,1,15,False,False,False,1.0,10.95886425333851;,4.986502186962438;
True,inf,0,1,15,False,False,False,1.0,11.514632089423818;,11.514632089423818;
True,inf,0,1,15,False,False,False,1.0,36.58756756446714;,14.644431443413088;
True,inf,0,1,15,False,False,False,1.0,8.109195892093647;,6.188039206926727;
True,inf,0,1,15,False,False,False,1.0,19.368267385323676;,3.640073725210367;
True,inf,0,1,15,False,False,False,1.0,25.55642198175199;,11.10103487443995;
True,inf,0,1,15,False,False,False,1.0,11.63351477096644;,3.8048435808833516;
True,inf,0,1,15,False,False,False,1.0,14.325883262360694;,7.761078618746905;
True,inf,0,1,15,False,False,False,1.0,6.722029254465022;,6.722029254465022;
True,inf,0,1,15,False,False,False,1.0,14.793121847605288;,8.17416390887616;
True,inf,0,1,15,False,False,False,1.0,3.407855435306587;,3.407855435306587;
True,inf,0,1,15,False,False,False,1.0,22.398800765825158;,8.133796444901016;
True,inf,0,1,15,False,False,False,1.0,20.679974491762923;,6.338736174837867;
True,inf,0,1,15,False,False,False,1.0,8.17643516830725;,10.194812655160549;
True,inf,0,1,15,,True,False,,,
True,inf,0,1,15,False,False,False,1.0,10.753839779026489;,3.6568010649642484;
True,inf,0,1,15,False,False,False,1.0,10.771097707108982;,7.740639046577408;
True,inf,0,1,15,False,False,False,1.0,16.744627597706586;,5.985080413538448;
True,inf,0,1,15,False,False,False,1.0,15.070949327996148;,10.232032416847444;
True,inf,0,1,15,False,False,False,1.0,17.60825146540578;,4.720636601999651;
True,inf,0,1,15,False,False,False,1.0,5.712028768348804;,5.712028768348804;
True,inf,0,1,15,False,False,False,1.0,18.742209403361787;,3.662221088112423;
True,inf,0,2,15,False,False,False,1.0,4.436951947813143;4.5366549563947975;,4.436952376398844;4.536654633373176;
True,inf,0,2,15,False,False,False,1.0,6.142335122029017;3.7092004576022135;,6.142335002553747;3.709199580756066;
True,inf,0,2,15,False,False,False,1.0,10.70396304615781;5.5188879326224365;,10.703962472668971;5.518889564819616;
True,inf,0,2,15,False,False,False,1.0,10.03129054630112;4.311188986882533;,10.031290482192883;4.311187863638421;
True,inf,0,2,15,False,False,False,1.0,3.7849667074166;3.6015540556037022;,3.7849669124194336;3.601553886907624;
True,inf,0,2,15,False,False,False,1.0,8.90523373404193;1.4736715403584155;,8.905233843060401;1.4736722434293015;
True,inf,0,2,15,False,False,False,1.0,2.5666404903951237;10.670988069753191;,2.5666403516996046;10.670988069753191;
True,inf,0,2,15,False,False,False,1.0,2.2683370400754583;1.6152940309425592;,2.2683371388904434;1.615294004360926;
True,inf,0,2,15,False,False,False,1.0,4.2367369839083295;13.684865285719365;,4.236736881463072;13.684865557519885;
True,inf,0,2,15,False,False,False,1.0,2.6995930862819226;13.443916071056979;,2.6995930862819226;13.443916019331457;
True,inf,0,2,15,False,False,False,1.0,3.3303368992592612;5.913712914893769;,3.330336970384465;5.913712987921009;
True,inf,0,2,15,False,False,False,1.0,0.636330867079699;10.912602297295006;,0.6363308262471926;10.912601861923418;
True,inf,0,2,15,False,False,False,1.0,11.325218986282458;3.7853361264416803;,11.325218970512212;3.785336309586434;
True,inf,0,2,15,False,False,False,1.0,5.875346035894772;4.757748686108977;,5.875346075393575;4.75774864943717;
True,inf,0,2,15,False,False,False,1.0,2.292969010897525;1.6983760422452543;,2.292968609985826;1.6983759591919074;
True,inf,0,2,15,False,False,False,1.0,5.182663256392164;6.574720343449798;,5.182663283956245;6.574720242234446;
True,inf,0,2,15,False,False,False,1.0,5.979222172061959;1.9198064790049774;,5.9792222645080555;1.9198091034261733;
True,inf,0,2,15,False,False,False,1.0,4.04852373502755;1.8818054280277896;,4.048523426838443;1.8818055837624625;
True,inf,0,2,15,False,False,False,1.0,7.120362771343604;0.821483584131332;,7.120363095150161;0.8214835477169488;
True,inf,0,2,15,False,False,False,1.0,3.4573931100759565;3.805223894751792;,3.45739309446949;3.8051966996485644;
True,inf,0,2,15,False,False,False,1.0,5.043415526235742;10.624175924475487;,5.0434150590324895;10.624175924475487;
True,inf,0,2,15,False,False,False,1.0,5.388742239155856;7.090453620402815;,5.388742559134933;7.090453701194299;
True,inf,0,2,15,False,False,False,1.0,10.183958932250588;4.994802761187227;,10.183958750529266;4.994802982786058;
True,inf,0,2,15,False,False,False,1.0,6.567901296453345;3.598906725720759;,6.567898617167308;3.5989066807272105;
True,inf,0,2,15,False,False,False,1.0,15.848733462868848;8.906803404800888;,15.848733564209141;8.906802126362148;
True,inf,0,2,15,False,False,False,1.0,9.43514122507597;4.247407179248506;,9.435141276780335;4.247407382304817;
True,inf,0,2,15,False,False,False,1.0,1.6899744713574403;4.726171238001524;,1.6899745130793684;4.7261712804522835;
True,inf,0,2,15,False,False,False,1.0,0.3511490519863691;7.858921609029359;,0.35114570801342015;7.858921595116471;
True,inf,0,2,15,False,False,False,1.0,8.415613028476363;11.931584803683041;,8.415612769377425;11.93158197534761;
True,inf,0,2,15,False,False,False,1.0,3.22132695724262;3.257580944759408;,3.2213275261467342;3.2575811534475347;
True,inf,0,2,15,False,False,False,1.0,3.4627440668338956;2.1150382088391533;,3.4627440461082446;2.115038046360628;
True,inf,0,2,15,False,False,False,1.0,7.341518230642949;4.09863231626105;,7.341518650483495;4.098632166138984;
True,inf,0,2,15,False,False,False,1.0,4.10090076743009;7.405744661834613;,4.100900991061727;7.40574455433391;
True,inf,0,2,15,False,False,False,1.0,5.507011865071694;10.482783580684792;,5.507010355748447;10.482783504865802;
True,inf,0,2,15,False,False,False,1.0,6.5739045781362355;7.118878718368092;,6.573904378991845;7.118878857264962;
True,inf,0,2,15,False,False,False,1.0,12.42525657040269;5.2649023892253854;,12.42525657040269;5.264895791102075;
True,inf,0,2,15,False,False,False,1.0,7.556317327691009;7.813993811329681;,7.556317463055027;7.813994251150003;
True,inf,0,2,15,False,False,False,1.0,7.460154637682329;1.8999272671288248;,7.460154559335627;1.8999268683514023;
True,inf,0,2,15,False,False,False,1.0,3.1206959795222105;2.751711575779196;,3.1206959795222105;1.1851251613650657;
True,inf,0,2,15,False,False,False,1.0,5.054421908732597;9.95527956905831;,5.054421745717191;9.955278854624222;
True,inf,0,2,15,False,False,False,1.0,8.404401786490821;16.123187125852006;,8.404401668751548;16.123186885750783;
True,inf,0,2,15,False,False,False,1.0,5.641596608545281;5.942237964352731;,5.641596573298579;5.942238267093638;
True,inf,0,2,15,False,False,False,1.0,1.434990953897673;7.474927675778474;,1.434990470986896;7.474928273069235;
True,inf,0,2,15,False,False,False,1.0,5.338654052000026;2.6002004758292503;,5.338654061484251;2.6002013956000996;
True,inf,0,2,15,False,False,False,1.0,6.560232625311981;11.490852699843265;,6.560232722479816;11.490852528108473;
True,inf,0,2,15,False,False,False,1.0,8.999298952230895;14.514741502156143;,8.999298952230895;14.514740411579382;
True,inf,0,2,15,False,False,False,1.0,7.868248895682836;11.003173505422486;,7.868248895682836;11.003173320666473;
True,inf,0,2,15,False,False,False,1.0,6.587820965235922;7.198573998057791;,6.587820674171683;7.198574271041518;
True,inf,0,2,15,False,False,False,1.0,9.813387521020655;7.116833323231623;,9.813386914715156;7.116833323231623;
True,inf,0,2,15,False,False,False,1.0,6.568075369700971;8.312030060380968;,5.325926206812735;4.652987131755579;
True,inf,0,2,15,False,False,False,1.0,7.981596014354404;8.129302798480651;,7.981604238561889;8.129302864262762;
True,inf,0,2,15,False,False,False,1.0,3.8412844326437914;3.568788942621466;,3.8412846617193304;3.568788639616259;
True,inf,0,2,15,False,False,False,1.0,15.552230577116058;9.739160482107975;,15.552228610739252;9.739160671249628;
True,inf,0,2,15,False,False,False,1.0,2.926700351311054;1.2137805118929952;,2.926700351311054;1.2137804638876266;
True,inf,0,2,15,False,False,False,1.0,1.7570715661534715;5.779969040193166;,1.7570713944272134;5.779969422207252;
True,inf,0,2,15,False,False,False,1.0,2.7037202554106536;5.144444269279066;,2.703720245127843;5.144443369294763;
True,inf,0,2,15,False,False,False,1.0,7.944162604681791;4.611581677095919;,7.944162390717807;4.611581667428742;
True,inf,0,2,15,False,False,False,1.0,8.612440181966445;7.7642649546756495;,8.612441021231032;7.764265002993145;
True,inf,0,2,15,False,False,False,1.0,7.868586567902416;18.97361229966731;,7.8685865178668095;18.973612222977614;
True,inf,0,2,15,False,False,False,1.0,6.892208548949047;7.120941564415224;,6.892208519364261;7.120941331542333;
True,inf,0,2,15,False,False,False,1.0,8.033271837638049;7.914030872883438;,8.03327170928374;7.914030984713801;
True,inf,0,2,15,False,False,False,1.0,6.722295051049852;11.486147404170563;,6.722294730362052;11.48614709440431;
True,inf,0,2,15,False,False,False,1.0,4.695870005245335;2.0724603579438714;,4.695870101787547;2.072460308792197;
True,inf,0,2,15,False,False,False,1.0,7.9680040075089655;1.0947028838855024;,7.968008176785453;1.0947028838855024;
True,inf,0,2,15,False,False,False,1.0,8.503631596597826;5.530035658796855;,8.50363175100917;5.530035941512766;
True,inf,0,2,15,False,False,False,1.0,2.851765671306416;4.364582229940271;,2.851765671306416;4.3645819787284506;
True,inf,0,2,15,False,False,False,1.0,13.322871806179135;7.334442413088629;,13.32287167052721;7.334442289670322;
True,inf,0,2,15,False,False,False,1.0,8.827406318419488;9.48863458760552;,8.827405809103595;9.488634569611639;
True,inf,0,2,15,False,False,False,1.0,4.455633302222305;9.83694875272006;,4.455630412654199;9.836948211982337;
True,inf,0,2,15,False,False,False,1.0,6.129028376387461;6.456126523866192;,6.129028178304366;6.456126467876503;
True,inf,0,2,15,False,False,False,1.0,5.189214539111016;6.608541684835398;,5.189214539111016;6.608541620606227;
True,inf,0,2,15,False,False,False,1.0,6.599228757809039;6.215996215440542;,6.599228673701042;6.215996487085343;
True,inf,0,2,15,False,False,False,1.0,4.106875629635845;4.946324013476496;,4.1068750762378645;4.946323260313994;
True,inf,0,2,15,False,False,False,1.0,11.19982276834252;12.360138947343975;,12.048438809426122;11.525684102709155;
True,inf,0,2,15,False,False,False,1.0,8.672762977404657;7.275095332470312;,8.672761901616822;7.275095435241785;
True,inf,0,2,15,False,False,False,1.0,9.23541704806645;8.08025347933239;,9.235417300582329;8.080252664708963;
True,inf,0,2,15,False,False,False,1.0,9.114957490537682;2.5823558723550404;,9.114961368110093;2.582353114381691;
True,inf,0,2,15,False,False,False,1.0,4.993811783957101;5.768495126601261;,4.99381174122029;5.768495003964969;
True,inf,0,2,15,False,False,False,1.0,9.349623183620492;8.83007384799184;,9.349623274384228;8.830070494051272;
True,inf,0,2,15,False,False,False,1.0,6.630481887369742;9.383045516499774;,6.630481300748558;9.383045583816182;
True,inf,0,2,15,False,False,False,1.0,1.21117542968768;12.559144787506353;,1.2111754305803997;12.559144757960153;
True,inf,0,2,15,False,False,False,1.0,6.246435740334617;2.1483416708161673;,6.246435735010014;2.148341624897371;
True,inf,0,2,15,False,False,False,1.0,3.7395818784459363;6.8531251977040855;,4.214552722429816;6.8531251977040855;
True,inf,0,2,15,False,False,False,1.0,0.9197685153731661;8.639084224318129;,0.9197683628631064;8.639084249350866;
True,inf,0,2,15,False,False,False,1.0,3.230667122946611;9.011004193549864;,3.2306670200122243;9.011004640120357;
True,inf,0,2,15,False,False,False,1.0,4.798985739739837;11.334104158090808;,4.798985841800962;11.33410431043729;
True,inf,0,2,15,False,False,False,1.0,11.16985005508352;13.503158222863512;,11.169850023638096;13.503158108083168;
True,inf,0,2,15,False,False,False,1.0,9.533820890704249;1.9073013217096462;,9.53382110734505;1.9073013217096462;
True,inf,0,2,15,False,False,False,1.0,4.995385348683061;3.9007860424489422;,4.9953853464506475;3.9007868754767987;
True,inf,0,2,15,False,False,False,1.0,2.852295045136975;6.992623333394268;,2.852295827752546;6.992623247264482;
True,inf,0,2,15,False,False,False,1.0,3.274633465885649;6.245581058046865;,3.274633674857832;6.245581106490053;
True,inf,0,2,15,False,False,False,1.0,3.832565870737097;11.97958462865665;,3.8325657961874726;11.979584849214083;
True,inf,0,2,15,False,False,False,1.0,7.619610792744207;1.2634035036911455;,7.61961091441751;1.2634000462426216;
True,inf,0,2,15,False,False,False,1.0,5.684806636766936;10.53599879508911;,5.684805966674482;10.535998606328326;
True,inf,0,2,15,False,False,False,1.0,2.448630828257489;7.683685119534525;,2.448630611877558;7.683685119534525;
True,inf,0,2,15,False,False,False,1.0,8.095922173438293;7.120051370845835;,8.0959218094009;7.120051598921164;
True,inf,0,2,15,False,False,False,1.0,8.6206460172285;5.38504302211632;,8.620645983779179;5.385042658803508;
True,inf,0,2,15,False,False,False,1.0,6.550594853782884;11.981749206314621;,6.550593861869611;11.98174825345058;
True,inf,0,2,15,False,False,False,1.0,10.796657062573942;7.814733063334925;,10.796666295192264;7.814733080061747;
True,inf,0,2,15,False,False,False,1.0,7.551811932975506;1.3311486580483138;,7.551811887133825;1.3311486580483138;
True,inf,0,3,15,False,False,False,1.0,4.959847902123221;10.88407681617117;6.043326842627027;,4.959847902123221;10.884076881170019;3.2726391477009846;
True,inf,0,3,15,False,False,False,1.0,4.384709341019764;13.688556074911295;7.6617824385408975;,4.384709341019764;11.049967752265687;7.661782510747213;
True,inf,0,3,15,False,False,False,1.0,10.170376818171174;6.116670261003881;7.6845102005348584;,10.170376800752715;6.1166702068817544;7.684510605673323;
True,inf,0,3,15,False,False,False,1.0,7.074625785219481;1.4840409429145176;3.4613751339839247;,7.074626070273285;1.4840409636252732;3.4613751339839247;
True,inf,0,3,15,False,False,False,1.0,2.1633241249439417;6.2262548675985885;23.308783544784692;,2.1633241837161266;6.2262550888602375;23.30878365265873;
True,inf,0,3,15,False,False,False,1.0,8.60543805486828;14.591600957407518;15.539495477270552;,8.605434751642468;14.591600957407518;15.539495477270552;
True,inf,0,3,15,False,False,False,1.0,2.5601227926517884;12.63842666951698;3.5255427241940693;,2.5601227926517884;12.638426697946706;3.52554304547498;
True,inf,0,3,15,False,False,False,1.0,12.893461996286836;8.677158804689906;13.029223357776175;,12.893461304165491;8.677158391647168;13.02922363638585;
True,inf,0,3,15,False,False,False,1.0,3.7765419842647074;10.073557257786481;9.663582721095764;,3.506126189762292;10.073557352059863;9.663582721095764;
True,inf,0,3,15,False,False,False,1.0,11.75409891559219;4.855998149139427;1.2275450145366666;,11.754098667854816;4.855998372014954;1.2275446814535753;
True,inf,0,3,15,False,False,False,1.0,4.694853710871386;5.209966089667257;8.454937156146588;,4.694854021750009;5.2099654087334955;8.454937267912252;
True,inf,0,3,15,False,False,False,1.0,5.250558824237461;4.249807026470593;11.244062104538889;,5.250558825588931;4.249806618663081;11.244062397453618;
True,inf,0,3,15,False,False,False,1.0,3.009773376134261;6.995179176407434;5.675536056034801;,6.674486053110578;5.379003184094747;5.675536056034801;
True,inf,0,3,15,False,False,False,1.0,8.844939154042482;6.851403999594664;6.795352631244824;,8.844939259479984;6.851402897681475;6.795352631616508;
True,inf,0,3,15,False,False,False,1.0,15.4623892793857;1.6760684824858965;2.8361175174712043;,15.462390325434196;1.676068495611764;2.8361171461218677;
True,inf,0,3,15,False,False,False,1.0,3.252866916312362;9.644177690093663;9.246006009545981;,3.2528668036818242;9.644178101210152;9.246005575296861;
True,inf,0,3,15,False,False,False,1.0,10.753919293447533;5.63360821394868;5.576502035736867;,10.753919148107954;5.633608163932433;5.576501997741231;
True,inf,0,3,15,False,False,False,1.0,3.412758509712846;5.207004135018664;12.099542473793898;,3.4127584491902243;5.207009043033395;12.099542915009076;
True,inf,0,3,15,False,False,False,1.0,2.2856114531218235;10.310915516646721;2.027198125812308;,2.2856116643577793;10.310916140094909;2.0272004169856306;
True,inf,0,3,15,False,False,False,1.0,4.173340969668844;7.330919467373915;4.22617521340553;,4.173342394871314;7.330919562504572;4.226175044202244;
True,inf,0,3,15,False,False,False,1.0,3.509135876426288;10.869758691265202;4.864599221102203;,3.5091355194380784;10.869758481026173;4.864599088119494;
True,inf,0,3,15,False,False,False,1.0,11.488475213008337;9.395695696074906;1.9766561361954444;,11.488476234190824;9.395695717620084;1.9766562102292824;
True,inf,0,3,15,False,False,False,1.0,8.680503040426428;5.874262900884308;5.209612245895274;,8.680502806996218;5.874262937607458;5.209612500923751;
True,inf,0,3,15,False,False,False,1.0,8.529372961754902;0.9333364835839781;6.660763638512181;,8.529372991772362;0.9333364835839747;6.660762671146138;
True,inf,0,3,15,False,False,False,1.0,2.7723771459501267;10.936416508201608;4.289411176603364;,2.7723772340599377;10.936417057372612;4.289411085151642;
True,inf,0,3,15,False,False,False,1.0,6.7998004964218435;4.495295355121879;13.04276465413537;,6.799800446041885;4.495296452283111;13.042765039089291;
True,inf,0,3,15,False,False,False,1.0,1.3610949793603322;2.0260863573320322;11.646803082342846;,1.361095226450913;2.026086279433886;11.646801143041897;
True,inf,0,3,15,False,False,False,1.0,8.496242782830542;4.954581552593913;12.444044719739928;,8.496242782830583;4.95458169791463;12.444044569485149;
True,inf,0,3,15,False,False,False,1.0,1.7273525448176854;8.30400305689276;6.555550666593665;,1.7273540345329677;6.731126695646446;6.555550666593665;
True,inf,0,3,15,False,False,False,1.0,4.9851888045776915;4.851821035487187;4.5764805442676995;,4.985189062156614;4.727765021186022;3.4002362538306232;
True,inf,0,3,15,False,False,False,1.0,10.186552139377856;4.466780735686411;7.8558959154953305;,10.186552044464658;4.466780541890582;7.855896118973875;
True,inf,0,3,15,False,False,False,1.0,12.566362912917032;4.612144782766566;19.975845612887372;,12.566362803757805;4.612144927337487;19.975859934077832;
True,inf,0,3,15,False,False,False,1.0,2.8749829525933244;1.8399878622274901;4.377682780202345;,2.8749829297104075;1.0092776487749275;2.808860042598995;
True,inf,0,3,15,False,False,False,1.0,3.0152050056150377;11.708872441394131;7.606044912218919;,3.0152520013582427;11.708872539910294;7.606044693143646;
True,inf,0,3,15,False,False,False,1.0,10.088436544247614;2.602715937591937;6.43154957935366;,10.088436544247594;2.6027157865438437;6.43154423881221;
True,inf,0,3,15,False,False,False,1.0,1.2853406905747156;7.486809591564382;6.166344456414961;,1.2853406778596617;9.869598394807234;2.0061311002108515;
True,inf,0,3,15,False,False,False,1.0,4.631206437765842;4.451968044144982;6.403800191472718;,4.631206260912937;4.451968035753371;6.403800184736751;
True,inf,0,3,15,False,False,False,1.0,4.057711371065247;8.723618217189767;23.583423136622528;,4.057711809354062;8.723618070462944;23.583422103850886;
True,inf,0,3,15,False,False,False,1.0,13.933241296272989;14.202371782855545;4.9152294395673;,12.59795998080504;14.202371782855545;4.915229345922256;
True,inf,0,3,15,False,False,False,1.0,2.607075554753028;4.3644036679810965;18.558174656324912;,2.6070754865375187;4.364405495243595;18.55817498241764;
True,inf,0,3,15,False,False,False,1.0,1.7719952485675454;2.4666816242157528;3.6462657436050603;,1.771995471439586;2.4666816242157528;3.646265850830835;
True,inf,0,3,15,False,False,False,1.0,6.185876233253336;7.422922955225476;6.40994916669752;,6.18587660274136;7.4229258837302705;6.40994938578643;
True,inf,0,3,15,False,False,False,1.0,2.7094061768439857;2.9623232557804533;3.5272016381942817;,2.7094060370816964;2.9623231698218713;3.5271340472907946;
True,inf,0,3,15,False,False,False,1.0,8.100058160006764;1.6228457711280846;1.8865651376650436;,8.100058160006764;1.6228458056860373;1.886564417108151;
True,inf,0,3,15,False,False,False,1.0,3.6655762342033755;6.43090474496228;8.0963264396738;,3.6655762342033755;6.430905062589575;8.096327459275953;
True,inf,0,3,15,False,False,False,1.0,4.421519548258109;8.470830206695165;8.253483842155566;,4.4215195619562175;8.470830054920322;8.253483842155566;
True,inf,0,3,15,False,False,False,1.0,11.010942801443926;12.925506406218108;0.9959362654685002;,11.010943150809844;12.925506754691108;0.9959354892816544;
True,inf,0,3,15,False,False,False,1.0,3.3757988076111474;3.471123383515296;8.872389766771832;,3.375798606663097;3.471122583683772;8.872389447227315;
True,inf,0,3,15,False,False,False,1.0,11.134586187106288;4.206618703239048;3.344959497366318;,11.134586508283046;4.206618693680394;3.3449738099459507;
True,inf,0,3,15,False,False,False,1.0,13.660205654559052;2.055423848284871;5.399141822679471;,13.660205472856246;2.0554236755241275;5.399141865368703;
True,inf,0,3,15,False,False,False,1.0,9.326865523928566;11.735145863543275;13.08363085898886;,9.326865449607201;11.735145865685443;13.083631618567972;
True,inf,0,3,15,False,False,False,1.0,8.366708261628068;5.397895285344969;8.521059762160544;,8.366708293506816;5.397895294367714;8.52105652031747;
True,inf,0,3,15,False,False,False,1.0,7.536325825170614;8.51566673660211;1.8589563880237676;,7.536325614181065;8.515667602630925;1.8589563880237676;
True,inf,0,3,15,False,False,False,1.0,10.719420779324969;5.181122031881916;8.254694533173044;,10.719420906088578;5.181121953372272;8.254697709444581;
True,inf,0,3,15,False,False,False,1.0,5.503386945762199;5.025050204144622;6.617434743394302;,5.50338691106689;5.025050194698809;6.617435909902041;
True,inf,0,3,15,False,False,False,1.0,6.239882132306535;5.267435370744157;3.1150001198792427;,6.239881873766301;7.29850038900911;3.7731856154715446;
True,inf,0,3,15,False,False,False,1.0,5.48424537652278;13.092103075682319;4.2319684406016815;,5.484245384875914;13.092103092170094;4.2319685902664945;
True,inf,0,3,15,False,False,False,1.0,7.821595276643922;4.114056668790652;0.8737202603956576;,7.821595199855238;4.114056521448919;0.873720189663333;
True,inf,0,3,15,False,False,False,1.0,4.656130224386441;7.8307253614051735;5.84653631664023;,4.65613021763127;6.992277256541874;8.935744580859925;
True,inf,0,3,15,False,False,False,1.0,8.535278093906;7.550576252632901;2.512424864174133;,9.283408835125524;7.550576252632901;2.512424841384861;
True,inf,0,3,15,False,False,False,1.0,1.0590600786678508;3.066300593898916;5.496187141113826;,1.059060106240998;3.0663004475414497;5.496187299511609;
True,inf,0,3,15,False,False,False,1.0,3.4075899142109907;12.185990694143927;3.256984087161319;,3.4075903168179793;12.185990630665813;3.2569839888530656;
True,inf,0,3,15,False,False,False,1.0,10.909628230315544;6.74444700272696;2.9356123427844807;,10.909628554511976;6.744446939251762;2.935612603151316;
True,inf,0,3,15,False,False,False,1.0,10.948165958607374;9.9637652749307;2.4384757418438654;,10.948166457266082;9.963763506266632;2.4384754104392488;
True,inf,0,3,15,False,False,False,1.0,8.466853701299351;11.406335453585898;2.4128315670722578;,8.466852630123173;11.406335064554813;2.4128316390567095;
True,inf,0,3,15,False,False,False,1.0,12.151976234588325;10.285450616915918;1.6060513903469409;,12.151976290934524;10.285451050935649;1.6060514613326315;
True,inf,0,3,15,False,False,False,1.0,7.837619612270676;2.223166220611296;8.926232347100349;,7.837619809981865;2.223166220611296;8.926231871654098;
True,inf,0,3,15,False,False,False,1.0,1.4701508353536337;4.081166137314381;2.0364780114547343;,1.4701506491903595;4.081166137731208;2.036478024733269;
True,inf,0,3,15,False,False,False,1.0,3.6239118983076852;3.164184403722824;7.931379865447623;,3.6061733184125946;4.152218894121503;8.352289374794225;
True,inf,0,3,15,False,False,False,1.0,2.7238906277585424;2.6748409454218915;11.659406274695368;,2.7238906277585424;2.674840894698575;11.65940624149479;
True,inf,0,3,15,False,False,False,1.0,3.2750317229239707;1.8782372153379339;3.050135487142108;,3.2750318629093584;1.8782371980484587;3.050008124467284;
True,inf,0,3,15,False,False,False,1.0,6.649060340114059;3.0039031764629445;1.2250764528090725;,6.649060022281528;3.003903606816545;1.22507647227428;
True,inf,0,3,15,False,False,False,1.0,8.240839255403396;3.89696272948887;6.071840059539213;,8.240839395354831;3.896961662749178;6.071840059539213;
True,inf,0,3,15,False,False,False,1.0,12.12404974372892;10.072875401918145;12.311781083059449;,12.12405099556547;10.072875369348427;12.311782168206213;
True,inf,0,3,15,False,False,False,1.0,8.672196800606828;12.409732287196443;3.894800430112664;,8.672196918305545;10.97909816829252;1.6288067247254236;
True,inf,0,3,15,False,False,False,1.0,7.546646826994865;0.9865695193841603;15.878838277376513;,7.546646651945276;0.9865690911301321;15.878838277376513;
True,inf,0,3,15,False,False,False,1.0,12.969488881922706;12.950032814199785;7.611375600228581;,12.969489310935769;12.950035790943215;7.611374650003399;
True,inf,0,3,15,False,False,False,1.0,6.766447983386043;12.653410083914505;5.338039354742846;,6.766448047095003;12.653409639834834;5.338039087855687;
True,inf,0,3,15,False,False,False,1.0,6.5256870871644015;6.255368345432672;5.6526767688116255;,6.525687083149288;6.255368271880642;5.652676024210331;
True,inf,0,3,15,False,False,False,1.0,5.866158631155068;3.6550399520733063;7.564304798503527;,5.866158342116542;3.6550398977242398;7.564305138170242;
True,inf,0,3,15,False,False,False,1.0,6.8756552539013995;6.6572349484287345;8.028562999874419;,6.875655291748555;6.657235049457595;8.028552926150383;
True,inf,0,3,15,False,False,False,1.0,5.516064421651508;8.355106534350673;7.35449050131266;,5.5160639042189485;8.355106432238074;7.354490013249048;
True,inf,0,3,15,False,False,False,1.0,0.9015085549728398;4.821793253913787;1.7209691762646984;,0.9015084963999936;4.821793066066645;1.7209456333093185;
True,inf,0,3,15,False,False,False,1.0,8.140094397671291;5.737400114491077;6.967949129520555;,8.140094429533208;5.737400990374505;6.967949395674172;
True,inf,0,3,15,False,False,False,1.0,6.297919808481734;4.236729696837498;5.485503494688386;,6.297919808481734;4.236729717412863;5.485503111399959;
True,inf,0,3,15,False,False,False,1.0,9.133032932723046;4.587255814716146;4.499043648460746;,9.133032944204416;4.5872558296062556;4.499043602707559;
True,inf,0,3,15,False,False,False,1.0,1.3069019605538401;7.047807830025385;3.042754999483123;,1.306901982082101;7.187557703494891;3.0232961860219416;
True,inf,0,3,15,False,False,False,1.0,6.850737997486383;1.5848694121639033;1.5964733688097996;,6.8507378915765385;1.5848694269314425;1.5964733306293228;
True,inf,0,3,15,False,False,False,1.0,6.479815915282704;11.939085456400477;6.430897636019531;,6.479815915282704;11.93908520650322;6.43089579903757;
True,inf,0,3,15,False,False,False,1.0,6.4631906843976115;7.019407915022662;2.2028637751547326;,6.463190718001399;7.019407421230838;2.202863773485681;
True,inf,0,3,15,False,False,False,1.0,4.039377173236098;11.847728701139763;4.458594553019065;,4.039377173236098;11.847728644149107;4.458594552329435;
True,inf,0,3,15,False,False,False,1.0,4.690535197624447;5.2169877463397265;2.5701749223464816;,4.690535291629322;5.21698788999005;2.5701752083669827;
True,inf,0,3,15,False,False,False,1.0,10.869340493670487;6.147757259608759;4.109272025339244;,10.869340585942819;6.147757149325371;4.109272434476714;
True,inf,0,3,15,False,False,False,1.0,14.937064667573743;4.866270016468524;2.586575389213463;,14.937064619916923;4.866270049797022;2.586575435175117;
True,inf,0,3,15,False,False,False,1.0,6.576569265725937;3.2678303723527247;5.193782526905802;,6.576569130063234;3.267832736304379;5.193782169533579;
True,inf,0,3,15,False,False,False,1.0,4.31650219983797;13.54051519059623;5.063046457615983;,4.316502085998569;13.540515140306708;5.063046690274616;
True,inf,0,3,15,False,False,False,1.0,4.712533480277292;13.042190489435162;9.81271636179332;,4.712533435898363;13.04219045190946;9.812718391558027;
True,inf,0,3,15,False,False,False,1.0,6.808799481027449;5.433043301066145;3.533984412051105;,6.808799782365175;5.433043301201454;3.533984693359087;
True,inf,0,3,15,False,False,False,1.0,5.257977267337276;5.793181399738016;8.964642440951133;,5.257977450428781;5.793181472506724;8.964642440951133;
True,inf,0,3,15,False,False,False,1.0,2.0501129373268765;6.766371140170655;14.951208515764009;,2.050112990848905;6.766370399913369;14.951208325852914;
True,inf,0,1,30,False,False,False,1.0,16.977126557687303;,16.977126557687303;
True,inf,0,1,30,False,False,False,1.0,9.506660120479157;,9.506660120479157;
True,inf,0,1,30,False,False,False,1.0,5.194659972499449;,6.820578681145184;
True,inf,0,1,30,False,False,False,1.0,43.42924210612384;,6.600143049562077;
True,inf,0,1,30,False,False,False,1.0,2.2211731733433155;,2.2211731733433155;
True,inf,0,1,30,False,False,False,1.0,26.12435849893679;,6.386874058294573;
True,inf,0,1,30,False,False,False,1.0,34.612275515013735;,17.055681034719495;
True,inf,0,1,30,False,False,False,1.0,97.1849239798208;,26.76260215169315;
True,inf,0,1,30,False,False,False,1.0,29.12464120923712;,9.033218530436665;
True,inf,0,1,30,False,False,False,1.0,51.473780651070435;,19.821503426090548;
True,inf,0,1,30,False,False,False,1.0,10.850233252845815;,10.850233252845815;
True,inf,0,1,30,False,False,False,1.0,21.02351815958054;,7.67218350022303;
True,inf,0,1,30,False,False,False,1.0,59.85067368279677;,14.576309279674973;
True,inf,0,1,30,False,False,False,1.0,1.5165598836632381;,1.5165598836632381;
True,inf,0,1,30,False,False,False,1.0,20.827445755942072;,20.827445755942072;
True,inf,0,1,30,False,False,False,1.0,46.997553558902844;,8.63746389921424;
True,inf,0,1,30,False,False,False,1.0,31.47491457277246;,10.523502418398735;
True,inf,0,1,30,False,False,False,1.0,8.692135435475755;,8.692135435475755;
True,inf,0,1,30,False,False,False,1.0,60.98071491223077;,27.002163614852307;
True,inf,0,1,30,False,False,False,1.0,10.009317902222511;,10.009317902222511;
True,inf,0,1,30,False,False,False,1.0,7.268841336786463;,7.268841336786463;
True,inf,0,1,30,False,False,False,1.0,29.490366568803616;,19.736823044217303;
True,inf,0,1,30,False,False,False,1.0,25.2730610033557;,25.2730610033557;
True,inf,0,1,30,False,False,False,1.0,6.443491408415868;,6.443491408415868;
True,inf,0,1,30,False,False,False,1.0,21.65951893145247;,16.020391014568627;
True,inf,0,1,30,False,False,False,1.0,20.936645174187166;,32.414503966537374;
True,inf,0,1,30,False,False,False,1.0,10.289998101861478;,10.289998101861478;
True,inf,0,1,30,False,False,False,1.0,13.422885139922165;,13.422885139922165;
True,inf,0,1,30,False,False,False,1.0,16.441565172510657;,10.505111608269573;
True,inf,0,1,30,False,False,False,1.0,28.889466476329755;,6.591961906122945;
True,inf,0,1,30,False,False,False,1.0,40.24200871606705;,8.993618561296035;
True,inf,0,1,30,False,False,False,1.0,45.46276235045176;,24.530219716479312;
True,inf,0,1,30,False,False,False,1.0,11.71951368112182;,11.71951368112182;
True,inf,0,1,30,False,False,False,1.0,23.915771538442712;,23.915771538442712;
True,inf,0,1,30,False,False,False,1.0,40.78199114903334;,16.311286701016115;
True,inf,0,1,30,False,False,False,1.0,13.995596349394328;,13.995596349394328;
True,inf,0,1,30,False,False,False,1.0,0.7373857601626278;,0.7373857601626278;
True,inf,0,1,30,False,False,False,1.0,36.78579269710583;,24.677295021177528;
True,inf,0,1,30,False,False,False,1.0,20.201520735224737;,20.201520735224737;
True,inf,0,1,30,False,False,False,1.0,11.529382731414422;,11.529382731414422;
True,inf,0,1,30,False,False,False,1.0,10.722763381118705;,10.722763381118705;
True,inf,0,1,30,False,False,False,1.0,7.76107950698452;,7.76107950698452;
True,inf,0,1,30,False,False,False,1.0,27.79302010260732;,8.230727865470906;
True,inf,0,1,30,False,False,False,1.0,17.004244034502324;,17.004244034502324;
True,inf,0,1,30,False,False,False,1.0,33.35420897176892;,23.234704212801635;
True,inf,0,1,30,False,False,False,1.0,39.30743487443946;,7.304198031867701;
True,inf,0,1,30,False,False,False,1.0,5.098053276298739;,5.098053276298739;
True,inf,0,1,30,False,False,False,1.0,21.663713487402994;,21.663713487402994;
True,inf,0,1,30,False,False,False,1.0,30.05397954981499;,3.3517806805120696;
True,inf,0,1,30,False,False,False,1.0,7.967623291731419;,7.967623291731419;
True,inf,0,1,30,False,False,False,1.0,23.45493053122158;,23.45493053122158;
True,inf,0,1,30,False,False,False,1.0,39.07195354064722;,4.716561802059222;
True,inf,0,1,30,False,False,False,1.0,42.336379538288085;,11.911129239718804;
True,inf,0,1,30,False,False,False,1.0,16.871860230698147;,3.9679136176325835;
True,inf,0,1,30,False,False,False,1.0,29.1138086256022;,13.72053280364432;
True,inf,0,1,30,False,False,False,1.0,28.681570191596133;,13.649349350341229;
True,inf,0,1,30,False,False,False,1.0,7.823215343358496;,7.823215343358496;
True,inf,0,1,30,False,False,False,1.0,24.32909652360777;,9.195939260333471;
True,inf,0,1,30,False,False,False,1.0,25.027853626979013;,25.027853626979013;
True,inf,0,1,30,False,False,False,1.0,9.82832903581598;,9.82832903581598;
True,inf,0,1,30,False,False,False,1.0,33.96748505398556;,11.873974387451675;
True,inf,0,1,30,False,False,False,1.0,14.905802421327824;,14.905802421327824;
True,inf,0,1,30,False,False,False,1.0,6.192624534540967;,20.316767431402894;
True,inf,0,1,30,False,False,False,1.0,8.172759877934244;,8.172759877934244;
True,inf,0,1,30,False,False,False,1.0,25.4645510992776;,25.4645510992776;
True,inf,0,1,30,False,False,False,1.0,85.647413084974;,21.342750046185387;
True,inf,0,1,30,False,False,False,1.0,3.80808929215743;,3.80808929215743;
True,inf,0,1,30,False,False,False,1.0,41.78790851195544;,14.484006901469456;
True,inf,0,1,30,False,False,False,1.0,9.75494226021507;,9.75494226021507;
True,inf,0,1,30,False,False,False,1.0,6.082892452394671;,6.082892452394671;
True,inf,0,1,30,False,False,False,1.0,10.718293915965344;,10.718293915965344;
True,inf,0,1,30,False,False,False,1.0,7.153122917854076;,7.153122917854076;
True,inf,0,1,30,False,False,False,1.0,26.130751176152838;,4.717077831385084;
True,inf,0,1,30,False,False,False,1.0,4.411072753547813;,4.411072753547813;
True,inf,0,1,30,False,False,False,1.0,6.8792483925363035;,10.879840386343261;
True,inf,0,1,30,False,False,False,1.0,2.882140922172037;,2.882140922172037;
True,inf,0,1,30,False,False,False,1.0,23.365716758013225;,13.979742850926028;
True,inf,0,1,30,False,False,False,1.0,13.526492025835159;,13.526492025835159;
True,inf,0,1,30,False,False,False,1.0,14.781222022898024;,9.968954225022772;
True,inf,0,1,30,False,False,False,1.0,23.09135400197339;,23.09135400197339;
True,inf,0,1,30,False,False,False,1.0,29.239486917963916;,29.239486917963916;
True,inf,0,1,30,False,False,False,1.0,55.71174007651903;,12.372794571510633;
True,inf,0,1,30,False,False,False,1.0,30.897435695412742;,7.303320505271102;
True,inf,0,1,30,False,False,False,1.0,28.511292698425773;,22.217044186601917;
True,inf,0,1,30,False,False,False,1.0,44.50849356230923;,7.606388430748482;
True,inf,0,1,30,False,False,False,1.0,15.508048735757965;,15.508048735757965;
True,inf,0,1,30,False,False,False,1.0,13.423862963911875;,13.423862963911875;
True,inf,0,1,30,False,False,False,1.0,26.299790859321867;,16.391863554001578;
True,inf,0,1,30,False,False,False,1.0,6.820050891134136;,6.820050891134136;
True,inf,0,1,30,False,False,False,1.0,44.675425853190895;,16.200640882600734;
True,inf,0,1,30,False,False,False,1.0,12.65781609478523;,12.65781609478523;
True,inf,0,1,30,False,False,False,1.0,20.35090040599757;,20.35090040599757;
True,inf,0,1,30,False,False,False,1.0,28.881509937823818;,13.428850846720216;
True,inf,0,1,30,False,False,False,1.0,7.311553998815808;,7.311553998815808;
True,inf,0,1,30,False,False,False,1.0,37.384633885937276;,15.48896248141252;
True,inf,0,1,30,False,False,False,1.0,11.94072130843516;,11.94072130843516;
True,inf,0,1,30,False,False,False,1.0,20.53445214717809;,20.53445214717809;
True,inf,0,1,30,False,False,False,1.0,35.20913278067243;,9.399229627945395;
True,inf,0,1,30,False,False,False,1.0,11.419508489614767;,11.419508489614767;
True,inf,0,1,30,False,False,False,1.0,7.3254314337180375;,7.3254314337180375;
True,inf,0,2,30,False,False,False,1.0,9.084681612981253;8.889578161442907;,9.084682532575878;8.8895786041221;
True,inf,0,2,30,False,False,False,1.0,4.792940112536133;2.2973731261921335;,12.258932275397319;7.4133811909483684;
True,inf,0,2,30,False,False,False,1.0,21.477912024592154;11.057332969329403;,21.47791212104759;11.057332034352575;
True,inf,0,2,30,False,False,False,1.0,20.089400166538542;8.620305688385601;,20.08940060366571;8.620304813366356;
True,inf,0,2,30,False,False,False,1.0,7.598535596835618;7.2036770150536125;,7.598535462217174;7.20367685901027;
True,inf,0,2,30,False,False,False,1.0,17.797919354025577;2.9429896296349303;,17.797919692452886;2.942991495795686;
True,inf,0,2,30,False,False,False,1.0,5.125806395707374;21.32946458130659;,5.125806367269356;21.329462412830942;
True,inf,0,2,30,False,False,False,1.0,4.531915947443202;3.228976100172826;,4.531915953826542;3.22897625994613;
True,inf,0,2,30,False,False,False,1.0,8.480743950055432;27.396860075739987;,8.480743641315115;27.39686039888613;
True,inf,0,2,30,False,False,False,1.0,5.398090463698765;26.875681739018315;,5.398090463698765;26.875681892032723;
True,inf,0,2,30,False,False,False,1.0,6.645273778643162;11.824899208604663;,6.6452742876503015;11.824899304425944;
True,inf,0,2,30,False,False,False,1.0,5.14805872072456;21.90144545157771;,1.2730312872802272;21.90144545157771;
True,inf,0,2,30,False,False,False,1.0,22.66607593494757;7.709072700967376;,22.666075647024318;7.709073266801467;
True,inf,0,2,30,False,False,False,1.0,11.73067309137509;9.504985743783594;,11.73067299561678;9.504985663091292;
True,inf,0,2,30,False,False,False,1.0,4.5854074617099725;3.399983556733225;,4.585407264590057;3.399982461263832;
True,inf,0,2,30,False,False,False,1.0,10.363800482682668;13.16506393992285;,10.363800331556634;13.165064101185855;
True,inf,0,2,30,False,False,False,1.0,11.944496537948417;3.837822311433573;,11.944496528215923;3.83782016320419;
True,inf,0,2,30,False,False,False,1.0,8.107559966705502;3.7661044701901147;,8.107559789783394;3.76610438932881;
True,inf,0,2,30,False,False,False,1.0,14.23974919021723;1.6442237888570017;,14.239749406292944;1.6442237631902403;
True,inf,0,2,30,False,False,False,1.0,6.91667032903299;7.638444567980962;,6.916670387075;7.638437788822051;
True,inf,0,2,30,False,False,False,1.0,10.048149066378576;21.248644273858055;,10.048148892406314;21.248644273858055;
True,inf,0,2,30,False,False,False,1.0,10.728272606766337;14.147774784363405;,10.728272606766337;14.147774578857222;
True,inf,0,2,30,False,False,False,1.0,9.995102226013307;20.391499786671346;,9.995102451197093;20.391500566755305;
True,inf,0,2,30,False,False,False,1.0,13.249431005696604;7.198079683348679;,13.249442350180797;7.198079930155907;
True,inf,0,2,30,False,False,False,1.0,31.689387387364206;17.811721940866427;,31.68938739854491;17.811721615617834;
True,inf,0,2,30,False,False,False,1.0,18.737735435876445;8.504284329642385;,18.737735360446802;8.504284547410933;
True,inf,0,2,30,False,False,False,1.0,3.3788870285667834;9.417159312927128;,3.378887371299042;9.417159000224007;
True,inf,0,2,30,False,False,False,1.0,0.7020137107041747;15.716218899248355;,0.7020102822178262;15.716218142270291;
True,inf,0,2,30,False,False,False,1.0,23.89610884257197;16.834143867423286;,23.896104539564444;16.834144708579245;
True,inf,0,2,30,False,False,False,1.0,6.42363489958142;6.5083629409437;,6.423633964805047;6.5083633230019915;
True,inf,0,2,30,False,False,False,1.0,6.921154429512345;3.441681632978874;,6.921154429512345;4.2189587446894095;
True,inf,0,2,30,False,False,False,1.0,14.705351760246307;8.19098573401041;,14.70535156870205;8.190985917538846;
True,inf,0,2,30,False,False,False,1.0,8.193949596856427;14.813121482569922;,8.193945843135523;14.813121350782495;
True,inf,0,2,30,False,False,False,1.0,11.028108846664534;20.962899269848887;,11.028110208256738;20.962899269848887;
True,inf,0,2,30,False,False,False,1.0,13.155758442885082;14.25896666163911;,13.155758505687208;14.25896666163911;
True,inf,0,2,30,False,False,False,1.0,24.81232531634541;10.5191396852047;,24.812325103240028;10.519139685204712;
True,inf,0,2,30,False,False,False,1.0,15.136094810782357;15.698582457774451;,15.13609485847303;15.69858279783354;
True,inf,0,2,30,False,False,False,1.0,14.947798234766848;3.8010109263542966;,14.947798867941543;3.801006894378722;
True,inf,0,2,30,False,False,False,1.0,7.865330241881782;2.647903310110365;,6.2330083756650385;2.3627552253736135;
True,inf,0,2,30,False,False,False,1.0,19.93284846929748;10.087895002116534;,19.932847836698464;10.087894883335892;
True,inf,0,2,30,False,False,False,1.0,32.207497026355895;16.803416925798548;,32.20749736795443;16.803416819547838;
True,inf,0,2,30,False,False,False,1.0,11.214281871868462;11.98857131083287;,11.214281723605424;11.988571161241522;
True,inf,0,2,30,False,False,False,1.0,2.8683318413255345;14.900677772137039;,2.868331300506436;14.900678103568804;
True,inf,0,2,30,False,False,False,1.0,11.980042911369802;10.973482568072816;,10.614907007713981;5.193236851992858;
True,inf,0,2,30,False,False,False,1.0,13.12872893145666;23.001869923697253;,13.128734319657074;23.001870090401027;
True,inf,0,2,30,False,False,False,1.0,18.00602259539144;29.0406810630427;,18.0060229508905;29.040680131258355;
True,inf,0,2,30,False,False,False,1.0,15.725692143443863;21.9978766869612;,15.72569166861592;21.997875402572557;
True,inf,0,2,30,False,False,False,1.0,13.17722078410553;14.389447738244396;,13.177220812194452;14.389447087102187;
True,inf,0,2,30,False,False,False,1.0,19.68397752352642;14.22008403961818;,19.683977062825385;14.220073606879298;
True,inf,0,2,30,False,False,False,1.0,12.954769183546194;16.04844397334779;,10.66689177633137;9.269515031065245;
True,inf,0,2,30,False,False,False,1.0,15.95060370239904;16.257853479990807;,15.95061184807532;16.25785366372061;
True,inf,0,2,30,False,False,False,1.0,7.67506029249626;7.142647274010191;,7.675060852691976;7.142648225150616;
True,inf,0,2,30,False,False,False,1.0,37.195098803139636;19.739381593327803;,31.090483865382417;19.502748580284834;
True,inf,0,2,30,False,False,False,1.0,2.4277811274394723;5.8261695851073485;,2.4277825406620512;5.826169226065215;
True,inf,0,2,30,False,False,False,1.0,7.244591850279412;14.356857599420294;,11.563754307093575;3.5109302726813847;
True,inf,0,2,30,False,False,False,1.0,5.410893902489643;10.305210160405528;,5.410893742387799;10.305208706132163;
True,inf,0,2,30,False,False,False,1.0,15.900001282654806;9.229414193739398;,15.90000261856392;9.2294142648183;
True,inf,0,2,30,False,False,False,1.0,15.486994584335124;17.236959105196153;,15.486994008856028;17.236959558206017;
True,inf,0,2,30,False,False,False,1.0,15.74476172400026;39.63117630689453;,15.744761048686307;39.63117631880066;
True,inf,0,2,30,False,False,False,1.0,13.789266587392833;14.215309427412217;,13.78926685369907;14.21530933284773;
True,inf,0,2,30,False,False,False,1.0,16.062066877481865;15.820703888563216;,16.062067038147386;15.82070408342558;
True,inf,0,2,30,False,False,False,1.0,36.46729167273752;13.445544462432624;,22.985371191119054;13.445544462432624;
True,inf,0,2,30,False,False,False,1.0,9.386866222138927;4.148679060538948;,9.386865846870947;4.148679603379107;
True,inf,0,2,30,False,False,False,1.0,15.894849582309599;2.187533897101352;,15.894824952541128;2.1875339625613335;
True,inf,0,2,30,False,False,False,1.0,17.001953770695795;11.049555780423328;,17.001953805789594;11.049556633906294;
True,inf,0,2,30,False,False,False,1.0,5.702918210199074;8.72418273539282;,5.702918480600194;8.724182111940618;
True,inf,0,2,30,False,False,False,1.0,14.66379302203061;26.649609145002636;,14.663794162260329;26.649609462334972;
True,inf,0,2,30,False,False,False,1.0,17.663810688291367;18.98606484470833;,17.66380974812098;18.986064709775693;
True,inf,0,2,30,False,False,False,1.0,19.65409217031808;8.89697521744472;,19.654088335831123;8.896978567173129;
True,inf,0,2,30,False,False,False,1.0,12.915255251776072;10.004458900123646;,12.915255251776072;12.260734294153146;
True,inf,0,2,30,False,False,False,1.0,10.422250996229236;13.223298391915897;,10.422246508903577;13.223298537769029;
True,inf,0,2,30,False,False,False,1.0,13.187195933540702;12.429683419995394;,13.18719611313174;12.429684866567028;
True,inf,0,2,30,False,False,False,1.0,8.20266499145;9.890873588834383;,8.202663599283076;9.89087650567631;
True,inf,0,2,30,False,False,False,1.0,26.10794747057946;21.531154638156234;,23.029180546512777;24.1159013715588;
True,inf,0,2,30,False,False,False,1.0,17.369608605877232;14.532844352294783;,17.369607763011725;14.532844373693798;
True,inf,0,2,30,False,False,False,1.0,16.186805840628175;18.456334892565344;,16.1867919169766;18.456335214899973;
True,inf,0,2,30,False,False,False,1.0,17.871491276338826;5.156329289769494;,18.21067631315004;5.156329289769494;
True,inf,0,2,30,False,False,False,1.0,10.138111524081822;18.359385175347118;,9.984492572395457;11.519859441977431;
True,inf,0,2,30,False,False,False,1.0,18.685693787462554;17.644996297650827;,18.685693743896397;17.644992169056227;
True,inf,0,2,30,False,False,False,1.0,13.251120465451327;18.741002893094333;,13.25112126583953;18.741004211615948;
True,inf,0,2,30,False,False,False,1.0,2.4192599278909617;25.12662891549857;,2.4192598780372903;25.126628499609193;
True,inf,0,2,30,False,False,False,1.0,12.519573988459927;4.294410585753841;,12.519573661012867;4.294411384348299;
True,inf,0,2,30,False,False,False,1.0,7.47099257679016;13.703891983048234;,8.423975620551666;13.703891983048234;
True,inf,0,2,30,False,False,False,1.0,1.8392093957619033;17.306720457338987;,1.839211114684895;17.306720249098337;
True,inf,0,2,30,False,False,False,1.0,6.489736411677509;18.009384478906735;,6.489736182845886;18.009385925554728;
True,inf,0,2,30,False,False,False,1.0,9.62527808966356;22.651942376064845;,9.625278152609855;22.651942413680967;
True,inf,0,2,30,False,False,False,1.0,22.332699127513585;27.101158617684856;,22.332699506242378;27.1011583963312;
True,inf,0,2,30,False,False,False,1.0,18.87920840473074;3.81525065437683;,18.879208479300864;3.815250677717029;
True,inf,0,2,30,False,False,False,1.0,9.980733099295351;7.798153228535867;,9.980733099295351;7.798151986652039;
True,inf,0,2,30,False,False,False,1.0,5.7127591364454675;13.995290026018948;,5.712760036236907;13.99528920531385;
True,inf,0,2,30,False,False,False,1.0,6.556577619195067;12.459506728746597;,6.556577619195067;12.459506597529995;
True,inf,0,2,30,False,False,False,1.0,23.95992642653689;11.533560717316249;,23.95992642653689;7.667507244755699;
True,inf,0,2,30,False,False,False,1.0,2.5338928497401905;15.227325230781483;,2.533893072430262;15.227325168834597;
True,inf,0,2,30,False,False,False,1.0,11.380974143182032;21.08298170327104;,11.380977344363123;21.082981663093598;
True,inf,0,2,30,False,False,False,1.0,4.892985997382525;15.39246716906115;,4.89298579679759;15.39246716906115;
True,inf,0,2,30,False,False,False,1.0,16.172794588668875;14.250867257851121;,16.17279612842272;14.2508667641429;
True,inf,0,2,30,False,False,False,1.0,17.244250550133597;10.78113088074329;,17.244250652233323;10.781130526717638;
True,inf,0,2,30,False,False,False,1.0,13.09017984935462;23.839410807536296;,13.090175246089878;23.839410071231736;
True,inf,0,2,30,False,False,False,1.0,21.665571245063454;15.703625151809348;,21.665557835485252;15.703625055828226;
True,inf,0,2,30,False,False,False,1.0,15.072522179415216;2.6709225954729323;,15.072522445521571;2.6709224137608008;
True,inf,0,3,30,False,False,False,1.0,11.142823375621438;21.05082083322001;12.087249737847815;,9.916505719016671;21.770555226720205;6.547919138184121;
True,inf,0,3,30,False,False,False,1.0,27.34698360801184;8.736770859433792;15.338256759839489;,22.078001362217083;8.736770859433792;15.338256538335376;
True,inf,0,3,30,False,False,False,1.0,20.140156319353274;12.223402023440803;15.362574010050263;,20.140156319353274;12.22340198735555;15.36257379891315;
True,inf,0,3,30,False,False,False,1.0,14.149904764566976;2.968522484459683;6.925118852661889;,14.149904825655753;2.9685222616920184;6.9251190660015665;
True,inf,0,3,30,False,False,False,1.0,4.325602217295346;12.506313991171094;46.69813073907527;,4.325602479779096;12.506315622465692;46.69813048761096;
True,inf,0,3,30,False,False,False,1.0,17.128726566806105;26.97044375313255;41.56249300112907;,17.12872417274594;29.250677046662506;31.10777012211012;
True,inf,0,3,30,False,False,False,1.0,5.115815295419109;25.336078176416727;7.052842621763887;,5.115815605346811;25.33607798203333;7.0528430458143365;
True,inf,0,3,30,False,False,False,1.0,25.637711050185914;17.361606826682348;26.029602352309144;,25.637711036394837;17.361607470114585;26.02960216114816;
True,inf,0,3,30,False,False,False,1.0,7.554748458484787;20.188071029158053;19.361386788439248;,7.015299445248132;20.188070791223353;19.361386788439248;
True,inf,0,3,30,False,False,False,1.0,23.521548990375255;5.21965243041208;6.941451292217059;,23.52154913798882;2.453145271488294;9.722035907094233;
True,inf,0,3,30,False,False,False,1.0,10.421697700377006;9.391051848659272;16.929832804884814;,10.421696520572269;9.391053014449655;16.929833107714742;
True,inf,0,3,30,False,False,False,1.0,9.36068166978826;23.01285660998199;8.785753376344708;,10.512456967457663;22.4848645488956;8.504459748369207;
True,inf,0,3,30,False,False,False,1.0,11.149749949488992;13.977205602953697;11.317213471335167;,13.333826450202446;10.757237522937123;11.317213171003246;
True,inf,0,3,30,False,False,False,1.0,17.681337788219427;13.699519975700635;13.465198777502517;,17.681337788219427;13.69952049444354;13.595119036035006;
True,inf,0,3,30,False,False,False,1.0,30.875623493729517;3.351347409191285;5.66622763126942;,30.875613644714463;3.3513472523118835;5.666227325781105;
True,inf,0,3,30,False,False,False,1.0,6.50859687332905;19.303146878179057;18.430610131026523;,6.508596861250413;19.30314600090669;18.430610744585614;
True,inf,0,3,30,False,False,False,1.0,21.510103489822775;11.264508657241807;11.162197630585128;,21.510102714094057;11.264508728815185;11.162197875479007;
True,inf,0,3,30,False,False,False,1.0,10.411228912089113;24.18577135238842;6.829750429523285;,10.411228657868032;24.18576836641664;6.829750253027125;
True,inf,0,3,30,False,False,False,1.0,4.566476527304042;20.64905019642962;4.046731146495354;,4.5664773059687755;20.649050266548574;4.046728457422265;
True,inf,0,3,30,False,False,False,1.0,8.355076804969377;8.456884325985587;14.63683698125536;,8.355067793949464;8.456884410980383;14.636837786375683;
True,inf,0,3,30,False,False,False,1.0,7.012743404185106;21.72765225784641;9.74589288871425;,7.012743430295093;21.727651610390026;9.745892996018366;
True,inf,0,3,30,False,False,False,1.0,22.934572415600115;3.957008129468778;18.788762281517513;,22.93457356268305;3.9570081467541613;18.788762281517513;
True,inf,0,3,30,False,False,False,1.0,11.716945944443639;17.34361550180432;10.420293370654298;,11.716945942842194;17.343615859115484;10.420293649362264;
True,inf,0,3,30,False,False,False,1.0,17.136331888253164;13.306113469780898;1.8611689887004201;,17.136344382143523;13.30611346885227;1.8612678649392564;
True,inf,0,3,30,False,False,False,1.0,21.877815645878226;5.5455010920442245;8.580908669164677;,21.877816758453793;5.545502991027439;8.58090864060116;
True,inf,0,3,30,False,False,False,1.0,13.623631315464875;8.993230790256101;26.035079030743653;,13.623631315464875;8.993230668116771;26.035078885542827;
True,inf,0,3,30,False,False,False,1.0,2.717321208964659;4.0568379988668575;23.289120789359558;,2.717320613220785;4.0568378721270175;23.289121375156554;
True,inf,0,3,30,False,False,False,1.0,17.0382795220543;9.909448183865017;24.73813986563592;,17.038282464134404;9.909448304805222;24.738139846111878;
True,inf,0,3,30,False,False,False,1.0,3.4544813002678767;16.608335142738124;13.089986458792744;,3.454482879137603;13.464905140693407;13.124540790853434;
True,inf,0,3,30,False,False,False,1.0,9.951766089611272;8.211130193143985;9.705652264692231;,9.951766234468886;6.807425591853925;9.457233114423676;
True,inf,0,3,30,False,False,False,1.0,15.60569114305326;8.924258020161128;20.350336152032785;,15.605691321600242;8.924258042635504;20.350336399788414;
True,inf,0,3,30,False,False,False,1.0,25.153665938488736;9.247581607125507;40.04941850077789;,25.153665976393462;9.2475804732836;40.04940195664485;
True,inf,0,3,30,False,False,False,1.0,5.748662469869448;2.942419818347206;9.014506616732048;,5.748662677006131;2.0157881723069413;5.610503648409148;
True,inf,0,3,30,False,False,False,1.0,7.087548282058946;23.42047307433199;15.090086092104645;,5.980174670011169;23.42047307433199;15.09008607404458;
True,inf,0,3,30,False,False,False,1.0,20.209079432404096;5.205643238404255;12.851896641398818;,20.20908066689995;5.205643671383125;12.851888608168661;
True,inf,0,3,30,False,False,False,1.0,12.338645363218184;2.5785495038953172;18.4246354419131;,4.0092985644905825;2.578549376924789;19.750438667698088;
True,inf,0,3,30,False,False,False,1.0,9.24889492381742;8.902695334135819;12.802700813825293;,9.248894545965856;8.90269513990766;12.80270054253402;
True,inf,0,3,30,False,False,False,1.0,8.13276639969977;17.36527348315253;47.092993276031905;,8.132767139687415;17.365273249253296;47.09299127428335;
True,inf,0,3,30,False,False,False,1.0,27.897133395050634;28.4714264514249;9.831007166621614;,25.22309782919838;28.4714264514249;9.831006974855145;
True,inf,0,3,30,False,False,False,1.0,2.048662976821834;37.31702627595417;8.714934736411921;,5.2109664785675;37.20381279440614;8.714932965753988;
True,inf,0,3,30,False,False,False,1.0,4.931750088437222;3.4213185646932724;5.258199248675343;,4.93175108357957;3.535729900932146;7.295205574644671;
True,inf,0,3,30,False,False,False,1.0,12.380642210348416;13.253724863105095;14.838453714355456;,12.380640549387016;12.853143636150605;14.838453714355456;
True,inf,0,3,30,False,False,False,1.0,5.426141860222155;5.927471759834064;4.2401453629917585;,5.426141860222155;5.927471566000132;7.068334752869394;
True,inf,0,3,30,False,False,False,1.0,16.208713638213776;3.773308896932205;3.243152812600384;,16.20871370892437;3.77330877196995;3.243153542571455;
True,inf,0,3,30,False,False,False,1.0,7.3382206169910775;16.214449703148446;12.856904495420965;,7.3382211386587395;16.21445086746891;12.856905495498767;
True,inf,0,3,30,False,False,False,1.0,8.836098619141206;16.937877445567846;16.532758140324923;,8.836098619141206;16.937877263273737;16.53275836093179;
True,inf,0,3,30,False,False,False,1.0,21.995671746358862;1.9926499499486336;25.90369291975853;,21.995671990740487;1.9926505332957714;25.903693486151003;
True,inf,0,3,30,False,False,False,1.0,9.580494495199254;8.484510776051849;17.780622162072444;,6.749095531723353;6.951303606257681;17.7806231623589;
True,inf,0,3,30,False,False,False,1.0,22.262885328932747;8.407794374328608;6.698449730773637;,22.262885671505906;8.407794447392188;6.698460232653608;
True,inf,0,3,30,False,False,False,1.0,27.301325619509228;4.107405052151773;10.769143166102323;,27.301325751339476;4.1074048237145995;10.769143166102323;
True,inf,0,3,30,False,False,False,1.0,23.41771298889312;26.178755365790295;18.657408362555028;,23.41771252265676;26.178753953235017;18.657408407470214;
True,inf,0,3,30,False,False,False,1.0,16.616253090769092;10.800410401782445;17.311866313576207;,16.616252792001646;10.800410700005282;17.31187108357572;
True,inf,0,3,30,False,False,False,1.0,17.016443883157464;3.719167057396487;15.07470037772258;,17.016440096769323;3.71916633136799;15.074701521814955;
True,inf,0,3,30,False,False,False,1.0,21.521966609069956;10.356448858477462;16.527979875695625;,21.5219670360659;10.35644887719995;16.52798167082829;
True,inf,0,3,30,False,False,False,1.0,11.008534678360448;10.048416460728093;13.238758200869368;,11.008534884293923;10.048416432007246;13.238762397119078;
True,inf,0,3,30,False,False,False,1.0,12.521385516463981;10.55868259966916;6.7462037231394865;,12.521385345929664;14.630467625874541;7.543232168556988;
True,inf,0,3,30,False,False,False,1.0,10.98469241240556;8.477202842865207;26.198031912847465;,10.98469241240556;8.477203174291063;26.198031912847465;
True,inf,0,3,30,False,False,False,1.0,15.6571253799073;9.24873770216834;4.105202084259743;,15.657125127626163;8.226100035904881;1.7465569108481422;
True,inf,0,3,30,False,False,False,1.0,9.170379120789224;16.322849551461353;10.103239940817721;,9.17037920847866;14.002558561486524;17.826269165411873;
True,inf,0,3,30,False,False,False,1.0,17.182271904540777;5.0268346108727;10.849486703235327;,18.628914665960373;5.026833881870371;15.078394687445563;
True,inf,0,3,30,False,False,False,1.0,2.116505723460726;6.1399719115873825;10.98900447422059;,2.116505723460726;6.1399719172692855;10.98900475431638;
True,inf,0,3,30,False,False,False,1.0,6.820858091736006;6.492793515516725;24.397951286192193;,6.82085957953638;6.492793727141905;24.397951187996572;
True,inf,0,3,30,False,False,False,1.0,21.811274926131052;13.48205293618831;5.874154108237567;,21.811275219299876;13.482053344827394;5.874151554790781;
True,inf,0,3,30,False,False,False,1.0,12.860682374106922;21.743995565292206;19.861170993295573;,4.877745421109404;21.74399683865237;19.861170993295573;
True,inf,0,3,30,False,False,False,1.0,17.25837282815982;22.610428216770615;4.825587104995456;,15.399699136463239;22.610428216770615;4.825587039945911;
True,inf,0,3,30,False,False,False,1.0,24.33256350150223;20.570981526933842;3.210004109864891;,24.33256335938227;20.57098097066741;3.2100027934116206;
True,inf,0,3,30,False,False,False,1.0,17.85229735664945;15.638045196760693;4.456929648493624;,17.852297356649462;15.63804584229158;4.456929679586819;
True,inf,0,3,30,False,False,False,1.0,2.938815477392811;8.16322112616335;4.076652495106294;,2.938815412929262;8.163221151211017;4.0766521380775655;
True,inf,0,3,30,False,False,False,1.0,8.11427012139082;9.523878966732493;16.523330124756075;,8.304528016497178;7.213195003584631;16.726769303260145;
True,inf,0,3,30,False,False,False,1.0,5.457590436396872;5.353828045923483;23.31521879927953;,5.457589772260713;5.353827784225861;23.315218306350303;
True,inf,0,3,30,False,False,False,1.0,6.661526947204597;3.753362204236067;6.098690793316451;,6.5502902511545225;3.753362204236067;6.098618791402457;
True,inf,0,3,30,False,False,False,1.0,13.313269358194976;6.015840464715493;2.449870787572186;,13.313269664580424;6.015840587455791;2.449870765075763;
True,inf,0,3,30,False,False,False,1.0,16.467875372435056;7.790938282593213;12.159246061679742;,16.467875216699124;7.7909385660145;12.159246653196409;
True,inf,0,3,30,False,False,False,1.0,24.20378808848229;20.11146029008613;24.630757507445665;,24.20378811550668;20.11146004052247;24.630750500972745;
True,inf,0,3,30,False,False,False,1.0,17.365529621187914;25.6989725921496;8.989536983011925;,17.365529621187914;21.968592576456167;3.2468345754645185;
True,inf,0,3,30,False,False,False,1.0,1.969173390409967;15.121413112275947;31.742948939606773;,1.9691725448679376;15.121413587686405;31.742948995281083;
True,inf,0,3,30,False,False,False,1.0,15.236782518031138;25.922475618924864;25.92023410711013;,15.236783170201738;25.92247472609745;25.920228368664258;
True,inf,0,3,30,False,False,False,1.0,13.53464067142286;10.673008476663137;25.34723024065725;,13.534640489056606;10.673007687849344;25.34723082230347;
True,inf,0,3,30,False,False,False,1.0,11.30039891214855;12.531220895229986;13.048571228524427;,11.300395860412289;12.5312205766741;13.048571483989535;
True,inf,0,3,30,False,False,False,1.0,11.72939390001641;7.3078553117425615;15.202756732486703;,11.729396466724422;7.307854845659013;15.202761891468436;
True,inf,0,3,30,False,False,False,1.0,13.752504505426138;13.314442569672522;15.945199224415472;,13.752504211196687;13.314442502719656;15.94519369454281;
True,inf,0,3,30,False,False,False,1.0,11.033797640238447;16.697176762182234;14.70675474468547;,11.03379764142481;16.697176215845012;14.706754920048219;
True,inf,0,3,30,False,False,False,1.0,1.8042240639133478;9.645257059581908;3.4408445129102643;,1.8042242449253476;9.645256961161705;3.440810343391011;
True,inf,0,3,30,False,False,False,1.0,16.256470398553965;13.980014753687044;13.91276797353;,16.256470398553965;11.471027186863479;13.912768181455604;
True,inf,0,3,30,False,False,False,1.0,8.495719953749152;14.22406384204327;10.979277403972276;,8.495719953749152;12.592493156286682;10.979277885080137;
True,inf,0,3,30,False,False,False,1.0,10.058090907189515;8.975942031844253;9.192126159018612;,18.162973695686322;8.975942031844253;9.192125952059891;
True,inf,0,3,30,False,False,False,1.0,2.6184479540637366;14.440979806675468;6.035994883920598;,2.618448255015784;14.37872678103729;6.0485199468759;
True,inf,0,3,30,False,False,False,1.0,3.4833053671141414;13.845914688491408;3.1745723870527938;,3.1977685560261704;13.706757456866528;3.1745724468173977;
True,inf,0,3,30,False,False,False,1.0,12.9826853016007;23.911458739388234;12.854813561849332;,12.982684394556971;23.911458921396953;12.854812241620563;
True,inf,0,3,30,False,False,False,1.0,12.927362956016458;14.020461205972104;4.395532150827774;,12.927362956016458;14.020461604735633;4.407055164243083;
True,inf,0,3,30,False,False,False,1.0,8.069345413869089;23.68771203860385;8.831118733100062;,8.069345265968604;23.687711632583213;8.831118031060388;
True,inf,0,3,30,False,False,False,1.0,9.361607380812005;5.140585014599048;10.433140846718446;,9.361606018385329;5.14058633996917;10.433141773814782;
True,inf,0,3,30,False,False,False,1.0,21.749762394460475;12.273547842737056;8.237316323669019;,21.749762252970623;12.273548070616705;8.23731652851531;
True,inf,0,3,30,False,False,False,1.0,29.87257436968616;9.738090281522819;5.150406339850763;,29.87257436582891;9.738090585562361;5.150405542287562;
True,inf,0,3,30,False,False,False,1.0,10.386743419131928;13.152554586623634;12.251423848250036;,10.386743419131928;13.152555059118514;6.508277762400329;
True,inf,0,3,30,False,False,False,1.0,8.630101334723552;25.665915025713783;10.206621893037623;,8.63010118723811;27.19305187531579;10.125237603460521;
True,inf,0,3,30,False,False,False,1.0,26.12511929009241;9.432899876877904;19.62877855489733;,26.125119060029945;9.432899737977937;19.628778144239423;
True,inf,0,3,30,False,False,False,1.0,13.61299176932359;10.831126130592986;8.181197370627395;,13.61299176932359;10.831126130592986;7.062709184752143;
True,inf,0,3,30,False,False,False,1.0,10.51462661304462;11.595858774208722;17.898437364450483;,10.514626788008874;11.595859088615338;17.89843755051808;
True,inf,0,3,30,False,False,False,1.0,4.097190677436813;13.505373444896495;29.976335221451443;,4.097186691537493;13.50537171804255;29.9763347571839;
True,inf,0,1,750,,True,False,,,
True,inf,0,1,750,,True,False,,,
True,inf,0,1,750,False,False,False,1.0,319.9982889300513;,194.3687494045927;
True,inf,0,1,750,,True,False,,,
True,inf,0,1,750,False,False,False,1.0,354.62673681396103;,57.568872937450685;
True,inf,0,1,750,,True,False,,,
True,inf,0,1,750,,True,False,,,
True,inf,0,1,750,,True,False,,,
True,inf,0,1,750,,True,False,,,
True,inf,0,1,750,False,False,False,1.0,687.8498842081021;,424.62788610105787;
True,inf,0,1,750,False,False,False,1.0,876.4984766358482;,293.28982538807026;
True,inf,0,1,750,False,False,False,1.0,1496.703962683174;,172.30889565228796;
True,inf,0,1,750,,True,False,,,
True,inf,0,1,750,False,False,False,1.0,722.9995039237556;,36.61418315770078;
True,inf,0,1,750,False,False,False,1.0,726.2045386436243;,499.6082722301885;
True,inf,0,1,750,False,False,False,1.0,661.3040447214499;,207.0494057260846;
True,inf,0,1,750,False,False,False,1.0,1217.4736084782396;,258.40379975093737;
True,inf,0,1,750,False,False,False,1.0,309.4321261520427;,219.23779881649915;
True,inf,0,1,750,,True,False,,,
True,inf,0,1,750,False,False,False,1.0,869.7268341591268;,252.26714545914123;
True,inf,0,1,750,,True,False,,,
True,inf,0,1,750,,True,False,,,
True,inf,0,1,750,False,False,False,1.0,1081.1028505175316;,607.0596090102389;
True,inf,0,1,750,False,False,False,1.0,491.53568593363826;,152.5108632342644;
True,inf,0,1,750,,True,False,,,
True,inf,0,1,750,,True,False,,,
True,inf,0,1,750,False,False,False,1.0,1216.0093424388342;,252.56122170459;
True,inf,0,1,750,,True,False,,,
True,inf,0,1,750,False,False,False,1.0,759.6351032414619;,215.58034363379656;
True,inf,0,1,750,,True,False,,,
True,inf,0,1,750,False,False,False,1.0,258.88893260237245;,233.79918862319676;
True,inf,0,1,750,,True,False,,,
True,inf,0,1,750,False,False,False,1.0,453.35452957954567;,288.95174703108455;
True,inf,0,1,750,False,False,False,1.0,652.1751412957357;,596.1366059766732;
True,inf,0,1,750,False,False,False,1.0,135.18684919972821;,430.81433450708084;
True,inf,0,1,750,False,False,False,1.0,265.98715063797056;,345.82651901431365;
True,inf,0,1,750,False,False,False,1.0,592.5200869253866;,19.693540291088382;
True,inf,0,1,750,False,False,False,1.0,569.6500500972619;,637.8481565969998;
True,inf,0,1,750,False,False,False,1.0,853.9225354355992;,505.3215359209046;
True,inf,0,1,750,False,False,False,1.0,685.6013504729763;,298.0536978624229;
True,inf,0,1,750,False,False,False,1.0,435.0976019192926;,258.9549379006239;
True,inf,0,1,750,False,False,False,1.0,682.432837328398;,192.74524834054645;
True,inf,0,1,750,,True,False,,,
True,inf,0,1,750,False,False,False,1.0,1173.9628435840289;,426.0115427450198;
True,inf,0,1,750,False,False,False,1.0,963.3888860767581;,578.4708473959098;
True,inf,0,1,750,False,False,False,1.0,485.9752546189004;,304.0491653088375;
True,inf,0,1,750,False,False,False,1.0,153.8874028567848;,167.7405328619973;
True,inf,0,1,750,,True,False,,,
True,inf,0,1,750,False,False,False,1.0,666.0222823841673;,85.1010157194435;
True,inf,0,1,750,False,False,False,1.0,516.1471292602938;,184.40109342940477;
True,inf,0,1,750,False,False,False,1.0,719.0320359203463;,571.1216508704692;
True,inf,0,1,750,False,False,False,1.0,818.4969553715639;,114.14565134205691;
True,inf,0,1,750,False,False,False,1.0,1201.2665369813558;,271.3580104058327;
True,inf,0,1,750,False,False,False,1.0,336.80990723146164;,107.3161308857751;
True,inf,0,1,750,False,False,False,1.0,176.53057114717262;,416.97855278184517;
True,inf,0,1,750,,True,False,,,
True,inf,0,1,750,False,False,False,1.0,975.0659293368872;,355.2446612166996;
True,inf,0,1,750,False,False,False,1.0,255.2079560374052;,382.07178978636324;
True,inf,0,1,750,False,False,False,1.0,1027.7055666237063;,645.2657132003384;
True,inf,0,1,750,False,False,False,1.0,573.2885052470649;,233.74882887313575;
True,inf,0,1,750,,True,False,,,
True,inf,0,1,750,False,False,False,1.0,544.9333021139545;,330.68042042540895;
True,inf,0,1,750,False,False,False,1.0,392.31491197132704;,534.8796720807328;
True,inf,0,1,750,,True,False,,,
True,inf,0,1,750,,True,False,,,
True,inf,0,1,750,False,False,False,1.0,3120.9800535851255;,583.0272913549788;
True,inf,0,1,750,False,False,False,1.0,769.178103491606;,177.48935642515644;
True,inf,0,1,750,False,False,False,1.0,467.23700121646755;,358.81844991121267;
True,inf,0,1,750,False,False,False,1.0,283.57196645006303;,241.8601496584757;
True,inf,0,1,750,,True,False,,,
True,inf,0,1,750,False,False,False,1.0,609.3303884820183;,313.26195898985185;
True,inf,0,1,750,False,False,False,1.0,271.9344906221348;,177.88101659420622;
True,inf,0,1,750,False,False,False,1.0,841.7246039466348;,126.51974389169841;
True,inf,0,1,750,False,False,False,1.0,472.19744792297325;,109.36224789448792;
True,inf,0,1,750,,True,False,,,
True,inf,0,1,750,,True,False,,,
True,inf,0,1,750,False,False,False,1.0,600.6001547058079;,409.65284019168126;
True,inf,0,1,750,False,False,False,1.0,496.00246717719153;,397.3110776162233;
True,inf,0,1,750,False,False,False,1.0,541.5153448179789;,239.73817334521925;
True,inf,0,1,750,False,False,False,1.0,297.71507121307707;,632.2544295294131;
True,inf,0,1,750,False,False,False,1.0,914.2192958114331;,671.6458539515774;
True,inf,0,1,750,False,False,False,1.0,803.8004465056383;,306.4872880641653;
True,inf,0,1,750,False,False,False,1.0,765.5921328792084;,213.43011853636256;
True,inf,0,1,750,False,False,False,1.0,156.59899468934498;,558.6804040623337;
True,inf,0,1,750,False,False,False,1.0,925.3235642159533;,186.26953447811505;
True,inf,0,1,750,False,False,False,1.0,755.2967600278907;,372.4260358138221;
True,inf,0,1,750,False,False,False,1.0,571.5033193349681;,309.2274604859709;
True,inf,0,1,750,False,False,False,1.0,418.3084928601364;,455.60091010769406;
True,inf,0,1,750,False,False,False,1.0,390.8174607042893;,181.64300915806515;
True,inf,0,1,750,,True,False,,,
True,inf,0,1,750,False,False,False,1.0,700.0836393125536;,295.28580450699434;
True,inf,0,1,750,,True,False,,,
True,inf,0,1,750,False,False,False,1.0,664.9929715808886;,319.8471627647981;
True,inf,0,1,750,,True,False,,,
True,inf,0,1,750,False,False,False,1.0,393.8587771303254;,399.3341965861523;
True,inf,0,1,750,False,False,False,1.0,409.8957220268688;,268.09875202790045;
True,inf,0,1,750,False,False,False,1.0,729.7891351390832;,547.2391024256552;
True,inf,0,1,750,False,False,False,1.0,841.3485928714168;,220.31128078624758;
True,inf,0,1,750,False,False,False,1.0,512.3426227232746;,278.4119415328061;
True,inf,0,1,750,False,False,False,1.0,596.8357835042552;,164.4007681548435;
True,inf,0,2,750,False,False,False,1.0,721.0364118246475;713.131916269066;,240.37989454240932;231.3530833119717;
True,inf,0,2,750,False,False,False,1.0,479.4955500347841;177.07194347464196;,279.8623169592296;177.86362936085717;
True,inf,0,2,750,False,False,False,1.0,589.7245558342588;862.406873574235;,630.0145210381411;300.56226450716866;
True,inf,0,2,750,False,False,False,1.0,537.4881283169361;311.4693950643738;,531.6467233813153;211.6950574538624;
True,inf,0,2,750,False,False,False,1.0,255.9177261054989;283.10437005191204;,224.88604578649654;181.85519217268705;
True,inf,0,2,750,False,False,False,1.0,555.7647598718419;186.64928609779625;,423.8854418452021;69.63357166875795;
True,inf,0,2,750,False,False,False,1.0,794.0998145387354;621.0003380130269;,514.1771461914468;119.78480138503834;
True,inf,0,2,750,False,False,False,1.0,689.2807881236834;121.42118478068288;,44.84032777962624;108.27249882984226;
True,inf,0,2,750,False,False,False,1.0,440.8658446204024;184.4670359745019;,716.6869666575785;221.29873284083888;
True,inf,0,2,750,False,False,False,1.0,529.3244783075053;575.6169766756543;,133.57858448455394;652.2986683058195;
True,inf,0,2,750,False,False,False,1.0,1443.022395254471;1049.485277432972;,149.7632587716838;292.65492233266843;
True,inf,0,2,750,False,False,False,1.0,108.31751142465002;727.0593503920566;,32.29567502190996;553.2596543182383;
True,inf,0,2,750,False,False,False,1.0,845.11225503534;179.82020862807408;,587.182159628749;205.0313417333043;
True,inf,0,2,750,False,False,False,1.0,358.9665573998623;488.4447851021348;,226.19719839852158;272.60779251885384;
True,inf,0,2,750,False,False,False,1.0,134.88350048695565;192.9450536154147;,89.38970864720959;113.64639945776197;
True,inf,0,2,750,False,False,False,1.0,946.9976708037782;435.32597737670795;,348.7913532630559;257.2334725188297;
True,inf,0,2,750,False,False,False,1.0,281.3146742387118;93.72991814446978;,283.0432434358869;93.72991814446978;
True,inf,0,2,750,False,False,False,1.0,214.83479648703297;88.81805465911073;,215.40745711612422;97.34635579119832;
True,inf,0,2,750,True,False,False,,,
True,inf,0,2,750,False,False,False,1.0,353.84682607004004;194.19303944165583;,176.17521169693836;228.5651515653813;
True,inf,0,2,750,False,False,False,1.0,324.478139300346;163.2746384464304;,210.51188752208662;533.0988766231961;
True,inf,0,2,750,False,False,False,1.0,326.2271059354087;254.16834089184854;,315.26998984786115;254.41826729133248;
True,inf,0,2,750,False,False,False,1.0,464.53288938618334;350.37075738361915;,539.6036791361522;257.53303328218993;
True,inf,0,2,750,False,False,False,1.0,546.8001241233234;240.75030309098858;,401.00798486239535;181.20738742309885;
True,inf,0,2,750,False,False,False,1.0,374.89917664703586;917.3920819155121;,444.5439362079764;789.9124026979819;
True,inf,0,2,750,False,False,False,1.0,683.836316663669;311.82015274702053;,219.87250203357837;359.6119793059289;
True,inf,0,2,750,True,False,False,,,
True,inf,0,2,750,False,False,False,1.0,17.533718096519852;390.25697995964003;,17.533650499352557;390.2569722899429;
True,inf,0,2,750,True,False,False,,,
True,inf,0,2,750,False,False,False,1.0,165.37787972116303;468.8656016101185;,144.06972766371823;154.49766039554092;
True,inf,0,2,750,False,False,False,1.0,511.2071658358759;384.60745094844674;,168.42097520440754;93.72245524537439;
True,inf,0,2,750,True,False,False,,,
True,inf,0,2,750,False,False,False,1.0,653.789506752348;259.2473443529588;,372.08660539794033;196.81782855733962;
True,inf,0,2,750,False,False,False,1.0,593.9499204828993;366.11872465840554;,388.2222474133173;520.1593139913502;
True,inf,0,2,750,False,False,False,1.0,554.0389468970301;491.62543528460884;,339.328749549362;374.7115539816677;
True,inf,0,2,750,False,False,False,1.0,849.3855563255013;484.3688458922956;,584.5271559328877;267.2705298140321;
True,inf,0,2,750,True,False,False,,,
True,inf,0,2,750,False,False,False,1.0,691.6565369004371;45.188751740188955;,407.71479651999226;96.19826960243748;
True,inf,0,2,750,False,False,False,1.0,603.4015576388828;1168.12379505884;,51.27637177141428;147.42758016102138;
True,inf,0,2,750,False,False,False,1.0,532.6230173622184;2.839204791497448;,526.1492148774562;230.6632758091089;
True,inf,0,2,750,False,False,False,1.0,634.6536194904861;601.6553719023893;,763.3039686196066;414.86980843584945;
True,inf,0,2,750,False,False,False,1.0,934.6520439477034;367.156519522588;,386.7197404690646;247.37725598068582;
True,inf,0,2,750,True,False,False,,,
True,inf,0,2,750,False,False,False,1.0,351.0355456022724;635.3276616387692;,144.25074538743996;312.69166768273703;
True,inf,0,2,750,False,False,False,1.0,519.5656533264599;760.1422739354479;,624.4147419167156;336.14314436396694;
True,inf,0,2,750,False,False,False,1.0,1282.3829969511714;910.0986261447463;,730.4551075915998;457.7986379938622;
True,inf,0,2,750,False,False,False,1.0,531.6770927492263;719.3930783058101;,531.6770740120284;381.4148983100331;
True,inf,0,2,750,True,False,False,,,
True,inf,0,2,750,True,False,False,,,
True,inf,0,2,750,False,False,False,0.5,795.7664288507643;,203.75668716097246;
True,inf,0,2,750,False,False,False,1.0,381.0513069784892;408.9575738570649;,381.05128420946266;408.9575647387233;
True,inf,0,2,750,False,False,False,1.0,192.1162420435814;166.8064390392644;,245.52664132089404;159.91770649944513;
True,inf,0,2,750,False,False,False,1.0,2091.271488854409;1019.5881052221254;,519.8411803076577;762.7394794762764;
True,inf,0,2,750,False,False,False,1.0,500.3310909059595;788.5184645210087;,61.0430581694368;103.89120908126755;
True,inf,0,2,750,False,False,False,0.5,781.5425066984292;,83.99936825010491;
True,inf,0,2,750,False,False,False,1.0,686.8073453878783;484.57933038889774;,272.90395966274235;139.40037100612938;
True,inf,0,2,750,False,False,False,1.0,693.7930474934757;219.3665033934368;,407.2309363080581;241.46541231561574;
True,inf,0,2,750,False,False,False,1.0,288.6688414718699;552.1786815745951;,339.8077920029737;445.78035695156746;
True,inf,0,2,750,False,False,False,1.0,918.2144077374727;673.869424318777;,918.2144077374727;398.3343609409268;
True,inf,0,2,750,False,False,False,1.0,277.2069366165315;390.2056947459541;,325.8286223555927;351.0909645747314;
True,inf,0,2,750,False,False,False,1.0,650.8477764521514;615.5491097592845;,384.4102254987401;368.5410441016939;
True,inf,0,2,750,False,False,False,1.0,1039.851952194699;1007.7052914913562;,334.84603937401397;1333.0336528270955;
True,inf,0,2,750,True,False,False,,,
True,inf,0,2,750,False,False,False,1.0,650.460636175095;1104.2227239527253;,52.52356231640758;321.13191006415695;
True,inf,0,2,750,False,False,False,1.0,520.6570292191881;145.17326436120672;,418.84440978275074;263.6353246128948;
True,inf,0,2,750,True,False,False,,,
True,inf,0,2,750,False,False,False,1.0,594.051053065405;911.0000168602152;,358.4185794159751;671.0806711662138;
True,inf,0,2,750,True,False,False,,,
True,inf,0,2,750,False,False,False,1.0,51.59618938595514;740.5647691749891;,471.2702792121516;208.217859345059;
True,inf,0,2,750,False,False,False,1.0,865.5931118113807;272.1123655175281;,310.75704829131246;327.17736460313137;
True,inf,0,2,750,False,False,False,1.0,511.5157747250219;573.2717855805597;,337.693906600079;292.3384696468665;
True,inf,0,2,750,False,False,False,1.0,1758.3612944776555;646.8634560633332;,323.08252242807816;309.5524417682644;
True,inf,0,2,750,False,False,False,1.0,220.2203884308664;1046.621178184929;,192.46585476478504;245.35820632983692;
True,inf,0,2,750,False,False,False,0.5,833.2707787296999;,550.423008497348;
True,inf,0,2,750,False,False,False,1.0,535.439908568409;872.5934588519972;,342.55409178663933;478.9605060407917;
True,inf,0,2,750,False,False,False,1.0,576.5970962772029;769.1874902751995;,515.6978760820058;443.17804765457026;
True,inf,0,2,750,False,False,False,1.0,289.18381876734475;444.99772566571903;,435.7452179700516;121.57992326639946;
True,inf,0,2,750,False,False,False,1.0,1501.956911817517;581.0146324976073;,246.3481384776511;269.3195097679164;
True,inf,0,2,750,False,False,False,1.0,335.75792156378105;862.1651467011002;,425.2917126979306;451.37218680362747;
True,inf,0,2,750,False,False,False,1.0,414.8074909726218;551.8118946384997;,320.4921345442385;422.54037719693383;
True,inf,0,2,750,False,False,False,1.0,525.8233418749624;146.4841386590127;,638.6889979778217;57.044733841120966;
True,inf,0,2,750,False,False,False,1.0,392.42790247316447;572.597849789965;,351.96715755873896;105.82499255356184;
True,inf,0,2,750,False,False,False,1.0,355.5707082173962;712.6339615223407;,206.11550286980355;337.63160289206814;
True,inf,0,2,750,False,False,False,1.0,213.07627546456902;620.373569042052;,45.871532063117805;469.26692559444473;
True,inf,0,2,750,False,False,False,0.5,1079.8258767552777;,373.5571484409715;
True,inf,0,2,750,False,False,False,1.0,658.0539337314492;136.8240468984394;,547.3697317922833;290.8057612490569;
True,inf,0,2,750,False,False,False,1.0,949.5839002911422;818.6848309110472;,715.6833730409359;549.4774046916689;
True,inf,0,2,750,False,False,False,1.0,362.0601817854943;137.61811311597938;,432.9445209875519;96.28559458573828;
True,inf,0,2,750,False,False,False,1.0,155.56929705674082;127.82335099975991;,237.63770723315707;190.92235191786713;
True,inf,0,2,750,False,False,False,1.0,189.82377835771723;517.3178644661344;,360.56580732573826;152.95370307393506;
True,inf,0,2,750,False,False,False,1.0,1089.1082829258887;274.8492596797107;,174.59823218537716;273.9749569447097;
True,inf,0,2,750,False,False,False,0.5,966.0940679845698;,194.54757440258447;
True,inf,0,2,750,False,False,False,1.0,1674.4183463731347;689.042870855157;,367.17551040347945;73.35549931054365;
True,inf,0,2,750,False,False,False,1.0,1063.8638401168066;509.68323751030454;,297.42987906489213;532.2956562669003;
True,inf,0,2,750,False,False,False,1.0,609.4690143097997;757.5890388706594;,118.14386694763908;415.0690515056372;
True,inf,0,2,750,False,False,False,1.0,405.2318778917346;565.9231259080765;,405.2318778917346;381.60172591433104;
True,inf,0,2,750,True,False,False,,,
True,inf,0,2,750,False,False,False,1.0,499.0013253035544;889.1091251409899;,314.4501420492171;569.3608442563316;
True,inf,0,2,750,False,False,False,1.0,689.7730759231937;677.5965650023509;,459.5038582264696;676.4847688937771;
True,inf,0,2,750,False,False,False,1.0,201.48112375408272;96.53772842807635;,340.0063891638582;79.81285364817496;
True,inf,0,3,750,False,False,False,1.0,1418.6076699606374;622.137496574692;311.7333313174432;,427.7360683038648;243.4960738617096;545.7909082990877;
True,inf,0,3,750,False,False,False,1.0,558.512336499403;118.22648533625278;866.9354991777454;,372.9823678125148;185.37276763937072;520.9059977699997;
True,inf,0,3,750,False,False,False,1.0,581.4116092093325;433.12589465691946;270.2383850481522;,378.3109432952946;459.1358067128147;292.47044410947376;
True,inf,0,3,750,False,False,False,1.0,1023.291318144371;872.4225990387448;120.05780380840541;,176.325902587616;370.0737375606125;74.7480556093148;
True,inf,0,3,750,False,False,False,1.0,401.7026554505316;179.37635070280584;1077.2937629840646;,107.51889531612996;360.583616665506;1088.547290157199;
True,inf,0,3,750,False,False,False,1.0,8.358178220481898;787.6167641931429;678.9222759945875;,243.8198779363287;787.1118448193645;763.8145475251891;
True,inf,0,3,750,True,False,False,,,
True,inf,0,3,750,False,False,False,0.6666666666666666,4366.9951313411375;431.9467772811074;,565.1705886893377;531.344940210453;
True,inf,0,3,750,False,False,False,1.0,369.9150589338464;797.3917590728313;364.38899342506386;,179.14481403309657;575.5757471387045;535.0782704266087;
True,inf,0,3,750,False,False,False,1.0,114.23669393327573;760.0021774533025;903.9322016047335;,255.93821333505045;585.4602888170899;59.05851107059149;
True,inf,0,3,750,False,False,False,1.0,455.6961970364552;193.04705488446015;270.49215347403714;,456.137016478859;233.56060113280864;262.2951208286382;
True,inf,0,3,750,False,False,False,0.6666666666666666,1074.1893716237864;338.78432415675417;,276.3706446331641;557.6189844581086;
True,inf,0,3,750,False,False,False,1.0,768.3774905049105;1042.6141370034734;508.34440386116387;,314.4530799967311;250.1828883028086;268.38465575498276;
True,inf,0,3,750,False,False,False,1.0,1066.9999231435675;498.63595834771814;728.4359938805511;,429.74542362994305;345.082284699747;344.2937605438056;
True,inf,0,3,750,False,False,False,1.0,618.795168403929;565.9221526136278;462.3313818897435;,134.5980816687634;82.8357446682465;691.0430781926873;
True,inf,0,3,750,False,False,False,1.0,775.8540527094193;186.60770964647952;374.44073502758096;,504.6676131396612;166.17087244910743;390.0132063063166;
True,inf,0,3,750,False,False,False,1.0,214.23309624337116;478.45411792714236;132.38666214188223;,278.2842871610613;542.2749156084194;291.69415259685763;
True,inf,0,3,750,False,False,False,1.0,165.67959597727315;467.07283752246474;214.33469416475685;,256.2179869928517;566.2721028960999;176.29537988354986;
True,inf,0,3,750,False,False,False,1.0,333.48595358853316;838.1125771826441;465.02184324732036;,221.43349515861522;546.0218760243093;108.87047317589513;
True,inf,0,3,750,False,False,False,1.0,482.28775371488587;390.3419161530774;1060.3867773723232;,219.41714032642153;333.126591543307;217.20770454087622;
True,inf,0,3,750,False,False,False,1.0,904.3242502121043;268.7148221534393;1431.9844395608136;,526.0550521751787;265.8941202449943;165.03233622633434;
True,inf,0,3,750,False,False,False,1.0,610.4872392619192;1346.6248198319793;159.2737115379117;,462.82822442664116;524.7457043183407;104.03366862508608;
True,inf,0,3,750,False,False,False,1.0,609.3602515131605;189.95520156974317;643.0082932156344;,414.3984572362241;262.2366831311205;474.88385059600614;
True,inf,0,3,750,True,False,False,,,
True,inf,0,3,750,False,False,False,1.0,521.9924785687484;167.84662302957392;113.52540837707228;,139.25322632614433;216.58324865376483;497.1576307021711;
True,inf,0,3,750,False,False,False,1.0,511.87179034281235;427.94993745249104;111.56616592662917;,571.8451420737736;228.6767909889316;363.7628779084542;
True,inf,0,3,750,False,False,False,1.0,432.0587297359646;119.15865811398862;332.95655507483394;,551.8076812927806;62.65121963871738;107.29476907180705;
True,inf,0,3,750,False,False,False,1.0,558.630536098268;464.78874725592766;430.2402535618397;,501.3248632211754;247.8666694636232;501.310967669305;
True,inf,0,3,750,False,False,False,1.0,480.1288999180371;442.618540454537;85.96024518450771;,344.1401585455214;340.88164871385203;85.96008636513157;
True,inf,0,3,750,False,False,False,0.6666666666666666,707.0944664954318;200.54336936032152;,228.51664676227168;238.01899774314754;
True,inf,0,3,750,False,False,False,1.0,660.5681506304146;3557.3155895963027;265.1569796412523;,482.8018837054388;215.20761450168484;369.96796275981154;
True,inf,0,3,750,False,False,False,1.0,379.64305279152404;1299.0434497957588;612.6630993533003;,266.3095152883046;639.7358890735977;1028.5411479140557;
True,inf,0,3,750,False,False,False,1.0,1343.1977501182585;1811.053739346133;1136.4926310766962;,142.3913939689859;59.15656387069498;132.2278587979815;
True,inf,0,3,750,False,False,False,0.6666666666666666,581.764042877569;1452.6858484620645;,593.4855075189487;165.28553027156983;
True,inf,0,3,750,False,False,False,1.0,254.23701572734825;804.1591478593634;846.1039435925023;,131.28264989278728;543.1286844582413;460.7987546485661;
True,inf,0,3,750,False,False,False,1.0,1188.606398466497;607.3290737087465;375.5472152508459;,520.0059459174751;97.97353723947505;82.84783933114316;
True,inf,0,3,750,False,False,False,1.0,674.498817096906;2024.321135342532;554.5376870389484;,220.9561834506753;215.60437013878604;315.45398603918846;
True,inf,0,3,750,False,False,False,1.0,368.4295157182839;1297.598548770265;32.37070323546522;,380.20055716080367;1080.033132201424;229.08758322348476;
True,inf,0,3,750,False,False,False,1.0,1178.5104718894122;760.174714771735;1916.0736173390226;,246.40494619067294;761.2055047356541;697.5070513980404;
True,inf,0,3,750,True,False,False,,,
True,inf,0,3,750,False,False,False,0.6666666666666666,646.5885909662919;497.3577994762071;,185.58747868915071;79.58159447514682;
True,inf,0,3,750,False,False,False,1.0,955.8397026589149;877.5950388890378;124.11517666853717;,319.30482165680945;365.2168412805576;366.90767014599425;
True,inf,0,3,750,False,False,False,1.0,434.69353072417016;335.49220808359786;150.50175401173053;,146.2841843507255;287.88712248706634;152.3794999681083;
True,inf,0,3,750,False,False,False,1.0,1303.7154083256164;843.9289947250686;791.5989700855538;,78.18703559182248;94.93893312082838;417.4752570613438;
True,inf,0,3,750,True,False,False,,,
True,inf,0,3,750,False,False,False,1.0,1403.0608243152728;78.59814602822233;1552.3510290465083;,175.2170429055478;445.3836429283901;418.6560161362829;
True,inf,0,3,750,False,False,False,1.0,268.6364521147378;614.0591418965521;586.0965966608048;,72.54542299626225;715.718583280435;515.3558981849147;
True,inf,0,3,750,False,False,False,1.0,648.6906428574835;692.9375835363473;198.47248072736014;,186.96655274224463;490.0077394132687;165.66413120718454;
True,inf,0,3,750,False,False,False,1.0,2053.2721344646056;1091.6415374911287;543.0577854509414;,521.4593848964635;179.73383594656497;203.76765797367923;
True,inf,0,3,750,False,False,False,1.0,843.8684394337181;913.609034739947;297.921671134538;,655.3569136013475;239.82158631883317;99.28081913870632;
True,inf,0,3,750,False,False,False,1.0,1008.5525684980759;1352.5947524924873;1204.5599718633093;,472.7513342646152;656.818573673336;533.2144067232965;
True,inf,0,3,750,False,False,False,0.6666666666666666,853.4855460439982;2276.6153472886003;,275.0511635271397;316.4737640108633;
True,inf,0,3,750,False,False,False,1.0,256.29312376883644;1111.4454591241981;1057.89057388131;,94.49971908589131;378.1281850720441;400.13528325708387;
True,inf,0,3,750,False,False,False,1.0,120.3744953641203;1020.3236584016314;486.07606473502284;,252.0970917511574;569.997897720175;431.4935852051884;
True,inf,0,3,750,False,False,False,1.0,562.9718607513531;264.9241340978583;379.7358585591852;,249.41788090774702;276.3726178596371;331.5334270494049;
True,inf,0,3,750,False,False,False,1.0,165.08191471886195;461.52706270710695;669.1907213124847;,373.36147814550657;372.11885317641656;185.40267068687098;
True,inf,0,3,750,False,False,False,1.0,399.9415707762043;604.5740836978028;315.42621312364065;,239.21470921272467;661.085465649172;295.02240518146624;
True,inf,0,3,750,False,False,False,1.0,345.6822988590982;683.9976887010838;412.9029186242917;,408.30355428489264;42.627766301377534;202.9524410118845;
True,inf,0,3,750,False,False,False,1.0,401.25916064141427;428.1934706665714;544.5925807036022;,370.6788372656729;266.68603561019614;373.1317751590682;
True,inf,0,3,750,False,False,False,1.0,2206.910952745819;607.1506157834198;371.1835703315571;,127.78880293087683;584.3050684384611;352.21011239672;
True,inf,0,3,750,False,False,False,1.0,437.05593641689177;601.9050670453838;41.11946277251739;,51.0518794559497;162.49782394345695;153.33803524846923;
True,inf,0,3,750,False,False,False,0.6666666666666666,833.9327695940581;623.3677660702347;,179.0151959588834;645.9745762855061;
True,inf,0,3,750,True,False,False,,,
True,inf,0,3,750,False,False,False,1.0,295.3832862239979;823.0601914462443;752.6912110663553;,488.8308470152036;123.04008812959273;392.03528271163304;
True,inf,0,3,750,False,False,False,1.0,483.30864185836055;158.55673951625894;815.1112339937921;,542.2956802778135;120.55706640697653;742.8848424420055;
True,inf,0,3,750,True,False,False,,,
True,inf,0,3,750,False,False,False,1.0,388.0729476215013;822.9004715920585;880.7449131388191;,593.8662917799121;125.82125344685693;446.723801037862;
True,inf,0,3,750,False,False,False,1.0,591.550132325614;112.8328799731756;240.99156443456897;,71.76158406227434;206.36595080651773;106.6961388116498;
True,inf,0,3,750,False,False,False,1.0,519.6096875281055;208.61721701017564;186.21112714610715;,207.5921403871539;145.91167880254827;443.40824533547755;
True,inf,0,3,750,True,False,False,,,
True,inf,0,3,750,False,False,False,1.0,1782.074020155224;465.9898867261331;506.7578595438502;,165.54123946839107;150.41280585733384;79.45341276884646;
True,inf,0,3,750,False,False,False,1.0,281.9831503685366;523.2788408530038;280.2440508310179;,160.6661044666187;349.1305278329203;60.84996437782426;
True,inf,0,3,750,False,False,False,1.0,709.6325197741858;910.6096364203333;167.77218500071046;,394.43502141253606;323.50869943575657;191.18030287371727;
True,inf,0,3,750,False,False,False,1.0,1091.167193472367;766.6270566907895;264.197473628202;,552.4933050332057;473.7358829804432;497.6304156992347;
True,inf,0,3,750,False,False,False,1.0,717.2494596878621;276.07468262133307;230.4643357885332;,458.5571528847381;561.9465437055724;251.864074825393;
True,inf,0,3,750,False,False,False,1.0,716.5247142872274;334.2282336190916;541.0197522928813;,777.1736429152128;138.04943014493566;385.87379492947997;
True,inf,0,3,750,False,False,False,1.0,519.1644383195907;795.5765447812273;683.6681142505003;,398.4765424410672;649.2446502009589;663.0316588877714;
True,inf,0,3,750,False,False,False,1.0,790.2903364919111;155.79342590869885;714.7428094317083;,667.5640244669571;340.68478886942796;267.0203718873406;
True,inf,0,3,750,False,False,False,1.0,1560.0739961525967;692.2110542767205;248.5555029580068;,339.1920901498862;276.8545128714389;319.3141978989992;
True,inf,0,3,750,False,False,False,1.0,368.4643068401069;275.4410602154746;260.8305321384228;,497.0366999546796;288.2299011250882;183.45754279748212;
True,inf,0,3,750,False,False,False,1.0,1822.679072302266;686.5046706281667;301.2544679262771;,345.4809882962628;336.2665336211522;95.52836747894352;
True,inf,0,3,750,False,False,False,1.0,630.2787882351878;1371.5148760071286;500.5387089830313;,278.43529671758733;363.2706474099845;399.4621893296416;
True,inf,0,3,750,False,False,False,1.0,532.7535935235518;153.80914629757635;85.04102158876819;,242.7231165013321;19.12363673795745;85.04102158876819;
True,inf,0,3,750,False,False,False,1.0,132.97999177717813;422.64942809298464;342.66633139696387;,299.3008954826368;340.7513598012923;325.8694841311399;
True,inf,0,3,750,False,False,False,1.0,271.18902166215616;597.1691185030944;112.87451808746553;,271.1890302207047;285.3534710939678;309.79302410259146;
True,inf,0,3,750,False,False,False,1.0,259.27616834337766;341.6180331703201;338.62721653535664;,256.9807881185221;201.3986100335659;333.5865383053662;
True,inf,0,3,750,False,False,False,1.0,460.80211467858686;93.54473950648709;356.357146264519;,372.03602840395996;153.66146378880822;71.68547489516182;
True,inf,0,3,750,True,False,False,,,
True,inf,0,3,750,False,False,False,1.0,444.8085189668068;996.5084039961497;2129.9799806298165;,642.2122723370994;313.4555771562352;352.60789913874925;
True,inf,0,3,750,False,False,False,1.0,387.78393039393364;617.1859735170347;490.67362501850664;,339.88858841698453;328.97278676647704;111.65006400303415;
True,inf,0,3,750,True,False,False,,,
True,inf,0,3,750,False,False,False,1.0,267.8354732808998;76.8879950340485;398.0464837194182;,259.23182180882753;129.30808631276741;213.66368403469014;
True,inf,0,3,750,False,False,False,1.0,1044.0083591141;1422.7787036127552;1123.7419661151828;,283.72757016841484;233.58696071520848;561.7076780547205;
True,inf,0,3,750,True,False,False,,,
True,inf,0,3,750,False,False,False,1.0,200.8646154961913;283.24962168754683;156.6156539281616;,136.7655313951048;327.9290555159523;258.45750004525564;
True,inf,0,3,750,False,False,False,1.0,2229.2354482495034;251.9950387064341;1224.2054395529824;,717.6911722278479;251.9950387064341;212.64227778770638;
True,inf,0,3,750,False,False,False,1.0,180.06260267702007;1184.518133734205;470.10266685077227;,247.12697687262346;665.6004249699488;483.46401583884426;
True,inf,0,3,750,False,False,False,1.0,712.075707110048;1078.9188018118484;409.0236442698473;,234.63892939026147;332.2493053982184;171.54024213524022;
True,inf,0,3,750,False,False,False,1.0,442.653476179212;878.3817234967751;339.64883974654987;,301.7639951650025;261.044487945161;412.7334191553854;
True,inf,0,3,750,False,False,False,1.0,116.07690324699344;2907.945269634072;557.0381562555357;,98.73588383417447;858.6107143749965;309.2377994947019;
