in_sensors,method_thresh,num_delete,num_sources,std,over_predict_sources,FN,FP,percent_possible_detections,localization_error,best_localization_error
True,0.5,0,1,0,False,False,False,1.0,1.1504299109832135e-11;,1.1504299109832135e-11;
True,0.5,0,1,0,False,False,False,1.0,5.1448789686149945e-12;,5.1448789686149945e-12;
True,0.5,0,1,0,False,False,False,1.0,1.747082270621699e-11;,1.747082270621699e-11;
True,0.5,0,1,0,False,False,False,1.0,9.094947017729282e-13;,9.094947017729282e-13;
True,0.5,0,1,0,False,False,False,1.0,1.324244274525066e-11;,1.324244274525066e-11;
True,0.5,0,1,0,False,False,False,1.0,5.303219854654618e-12;,5.303219854654618e-12;
True,0.5,0,1,0,False,False,False,1.0,1.1504299109832135e-11;,1.1504299109832135e-11;
True,0.5,0,1,0,False,False,False,1.0,4.067383956680332e-12;,4.067383956680332e-12;
True,0.5,0,1,0,False,False,False,1.0,9.837689346015367e-12;,9.837689346015367e-12;
True,0.5,0,1,0,False,False,False,1.0,7.448006433223417e-12;,7.448006433223417e-12;
True,0.5,0,1,0,False,False,False,1.0,9.275062463698822e-12;,9.275062463698822e-12;
True,0.5,0,1,0,False,False,False,1.0,9.094947017729282e-13;,9.094947017729282e-13;
True,0.5,0,1,0,False,False,False,1.0,1.626953582672133e-11;,1.626953582672133e-11;
True,0.5,0,1,0,False,False,False,1.0,7.744068337127102e-12;,7.744068337127102e-12;
True,0.5,0,1,0,False,False,False,1.0,4.067383956680332e-12;,4.067383956680332e-12;
True,0.5,0,1,0,False,False,False,1.0,9.795557720525728e-12;,9.795557720525728e-12;
True,0.5,0,1,0,False,False,False,1.0,8.580155856231252e-12;,8.580155856231252e-12;
True,0.5,0,1,0,False,False,False,1.0,8.6282243323741e-12;,8.6282243323741e-12;
True,0.5,0,1,0,False,False,False,1.0,1.1647215137477994e-11;,1.1647215137477994e-11;
True,0.5,0,1,0,False,False,False,1.0,9.837689346015367e-12;,9.837689346015367e-12;
True,0.5,0,1,0,False,False,False,1.0,8.385126836667848e-12;,8.385126836667848e-12;
True,0.5,0,1,0,False,False,False,1.0,3.6662903532026344e-12;,3.6662903532026344e-12;
True,0.5,0,1,0,False,False,False,1.0,4.067383956680332e-12;,4.067383956680332e-12;
True,0.5,0,1,0,False,False,False,1.0,1.324244274525066e-11;,1.324244274525066e-11;
True,0.5,0,1,0,False,False,False,1.0,6.366462912410498e-12;,6.366462912410498e-12;
True,0.5,0,1,0,False,False,False,1.0,5.697967974875459e-12;,5.697967974875459e-12;
True,0.5,0,1,0,False,False,False,1.0,6.1852326820078106e-12;,6.1852326820078106e-12;
True,0.5,0,1,0,False,False,False,1.0,9.795557720525728e-12;,9.795557720525728e-12;
True,0.5,0,1,0,False,False,False,1.0,6.558459564010244e-12;,6.558459564010244e-12;
True,0.5,0,1,0,False,False,False,1.0,1.8331451766013172e-12;,1.8331451766013172e-12;
True,0.5,0,1,0,False,False,False,1.0,7.059577317822925e-12;,7.059577317822925e-12;
True,0.5,0,1,0,False,False,False,1.0,1.8749713606747085e-12;,1.8749713606747085e-12;
True,0.5,0,1,0,False,False,False,1.0,7.499885442698834e-12;,7.499885442698834e-12;
True,0.5,0,1,0,False,False,False,1.0,1.4380373887290168e-12;,1.4380373887290168e-12;
True,0.5,0,1,0,False,False,False,1.0,1.0289757937229989e-11;,1.0289757937229989e-11;
True,0.5,0,1,0,False,False,False,1.0,7.332580706405269e-12;,7.332580706405269e-12;
True,0.5,0,1,0,False,False,False,1.0,6.3259855600942135e-12;,6.3259855600942135e-12;
True,0.5,0,1,0,False,False,False,1.0,1.8189894035458565e-12;,1.8189894035458565e-12;
True,0.5,0,1,0,False,False,False,1.0,7.499885442698834e-12;,7.499885442698834e-12;
True,0.5,0,1,0,False,False,False,1.0,2.9118037843694986e-12;,2.9118037843694986e-12;
True,0.5,0,1,0,False,False,False,1.0,7.71731845292249e-12;,7.71731845292249e-12;
True,0.5,0,1,0,False,False,False,1.0,2.0463630789890885e-12;,2.0463630789890885e-12;
True,0.5,0,1,0,False,False,False,1.0,7.71731845292249e-12;,7.71731845292249e-12;
True,0.5,0,1,0,False,False,False,1.0,5.115907697472721e-13;,5.115907697472721e-13;
True,0.5,0,1,0,False,False,False,1.0,5.823607568738997e-12;,5.823607568738997e-12;
True,0.5,0,1,0,False,False,False,1.0,8.134767913360665e-12;,8.134767913360665e-12;
True,0.5,0,1,0,False,False,False,1.0,1.2862197421537486e-12;,1.2862197421537486e-12;
True,0.5,0,1,0,False,False,False,1.0,1.72564486647482e-11;,1.72564486647482e-11;
True,0.5,0,1,0,False,False,False,1.0,5.532240293449121e-12;,5.532240293449121e-12;
True,0.5,0,1,0,False,False,False,1.0,6.552791378076856e-12;,6.552791378076856e-12;
True,0.5,0,1,0,False,False,False,1.0,4.918844673007683e-12;,4.918844673007683e-12;
True,0.5,0,1,0,False,False,False,1.0,9.668061295755842e-12;,9.668061295755842e-12;
True,0.5,0,1,0,False,False,False,1.0,5.1849175410968106e-12;,5.1849175410968106e-12;
True,0.5,0,1,0,False,False,False,1.0,8.580155856231252e-12;,8.580155856231252e-12;
True,0.5,0,1,0,False,False,False,1.0,9.973388023109378e-12;,9.973388023109378e-12;
True,0.5,0,1,0,False,False,False,1.0,1.324244274525066e-11;,1.324244274525066e-11;
True,0.5,0,1,0,False,False,False,1.0,5.322681277320783e-12;,5.322681277320783e-12;
True,0.5,0,1,0,False,False,False,1.0,1.2862197421537486e-11;,1.2862197421537486e-11;
True,0.5,0,1,0,False,False,False,1.0,4.547473508864641e-12;,4.547473508864641e-12;
True,0.5,0,1,0,False,False,False,1.0,1.0645362554641566e-11;,1.0645362554641566e-11;
True,0.5,0,1,0,False,False,False,1.0,8.385126836667848e-12;,8.385126836667848e-12;
True,0.5,0,1,0,False,False,False,1.0,8.957483989248525e-12;,8.957483989248525e-12;
True,0.5,0,1,0,False,False,False,1.0,4.547473508864641e-12;,4.547473508864641e-12;
True,0.5,0,1,0,False,False,False,1.0,1.0951766470309208e-11;,1.0951766470309208e-11;
True,0.5,0,1,0,False,False,False,1.0,7.622954678590855e-12;,7.622954678590855e-12;
True,0.5,0,1,0,False,False,False,1.0,5.084229945850415e-12;,5.084229945850415e-12;
True,0.5,0,1,0,False,False,False,1.0,7.275957614183426e-12;,7.275957614183426e-12;
True,0.5,0,1,0,False,False,False,1.0,6.1010759350204984e-12;,6.1010759350204984e-12;
True,0.5,0,1,0,False,False,False,1.0,1.1504299109832135e-11;,1.1504299109832135e-11;
True,0.5,0,1,0,False,False,False,1.0,9.094947017729282e-13;,9.094947017729282e-13;
True,0.5,0,1,0,False,False,False,1.0,1.1504299109832135e-11;,1.1504299109832135e-11;
True,0.5,0,1,0,False,False,False,1.0,7.77072613829435e-12;,7.77072613829435e-12;
True,0.5,0,1,0,False,False,False,1.0,7.73070496506989e-12;,7.73070496506989e-12;
True,0.5,0,1,0,False,False,False,1.0,1.0998871059607903e-11;,1.0998871059607903e-11;
True,0.5,0,1,0,False,False,False,1.0,1.22359997904584e-11;,1.22359997904584e-11;
True,0.5,0,1,0,False,False,False,1.0,7.402750541632352e-12;,7.402750541632352e-12;
True,0.5,0,1,0,False,False,False,1.0,3.779125595109386e-12;,3.779125595109386e-12;
True,0.5,0,1,0,False,False,False,1.0,0.0;,0.0;
True,0.5,0,1,0,False,False,False,1.0,8.385126836667848e-12;,8.385126836667848e-12;
True,0.5,0,1,0,False,False,False,1.0,6.431098710768743e-12;,6.431098710768743e-12;
True,0.5,0,1,0,False,False,False,1.0,1.6090603833576217e-11;,1.6090603833576217e-11;
True,0.5,0,1,0,False,False,False,1.0,1.000444171950221e-11;,1.000444171950221e-11;
True,0.5,0,1,0,False,False,False,1.0,6.558459564010244e-12;,6.558459564010244e-12;
True,0.5,0,1,0,False,False,False,1.0,1.2805801671064476e-11;,1.2805801671064476e-11;
True,0.5,0,1,0,False,False,False,1.0,7.059577317822925e-12;,7.059577317822925e-12;
True,0.5,0,1,0,False,False,False,1.0,1.4551915228366852e-11;,1.4551915228366852e-11;
True,0.5,0,1,0,False,False,False,1.0,5.4569682106375694e-12;,5.4569682106375694e-12;
True,0.5,0,1,0,False,False,False,1.0,2.990633774508275e-12;,2.990633774508275e-12;
True,0.5,0,1,0,False,False,False,1.0,7.059577317822925e-12;,7.059577317822925e-12;
True,0.5,0,1,0,False,False,False,1.0,3.637978807091713e-12;,3.637978807091713e-12;
True,0.5,0,1,0,False,False,False,1.0,4.897778860262864e-12;,4.897778860262864e-12;
True,0.5,0,1,0,False,False,False,1.0,1.2635104203081759e-11;,1.2635104203081759e-11;
True,0.5,0,1,0,False,False,False,1.0,1.324244274525066e-11;,1.324244274525066e-11;
True,0.5,0,1,0,False,False,False,1.0,8.235824805649297e-12;,8.235824805649297e-12;
True,0.5,0,1,0,False,False,False,1.0,5.1448789686149945e-12;,5.1448789686149945e-12;
True,0.5,0,1,0,False,False,False,1.0,1.1647215137477994e-11;,1.1647215137477994e-11;
True,0.5,0,1,0,False,False,False,1.0,6.431098710768743e-12;,6.431098710768743e-12;
True,0.5,0,1,0,False,False,False,1.0,1.1504299109832135e-11;,1.1504299109832135e-11;
True,0.5,0,1,0,False,False,False,1.0,9.275062463698822e-12;,9.275062463698822e-12;
True,0.5,0,1,0,False,False,False,1.0,5.9117155615240335e-12;,5.9117155615240335e-12;
True,0.5,0,1,0,False,False,False,1.0,4.547473508864641e-12;,4.547473508864641e-12;
True,0.5,0,1,0,False,False,False,1.0,1.6770253673335696e-11;,1.6770253673335696e-11;
True,0.5,0,1,0,False,False,False,1.0,6.558459564010244e-12;,6.558459564010244e-12;
True,0.5,0,1,0,False,False,False,1.0,4.290077928115626e-12;,4.290077928115626e-12;
True,0.5,0,1,0,False,False,False,1.0,1.016845989170083e-12;,1.016845989170083e-12;
True,0.5,0,1,0,False,False,False,1.0,9.795557720525728e-12;,9.795557720525728e-12;
True,0.5,0,1,0,False,False,False,1.0,3.6662903532026344e-12;,3.6662903532026344e-12;
True,0.5,0,1,0,False,False,False,1.0,4.796789755753202e-12;,4.796789755753202e-12;
True,0.5,0,1,0,False,False,False,1.0,4.547473508864641e-12;,4.547473508864641e-12;
True,0.5,0,1,0,False,False,False,1.0,1.5647538506605318e-11;,1.5647538506605318e-11;
True,0.5,0,1,0,False,False,False,1.0,7.71731845292249e-12;,7.71731845292249e-12;
True,0.5,0,1,0,False,False,False,1.0,6.366462912410498e-12;,6.366462912410498e-12;
True,0.5,0,1,0,False,False,False,1.0,8.235824805649297e-12;,8.235824805649297e-12;
True,0.5,0,1,0,False,False,False,1.0,5.532240293449121e-12;,5.532240293449121e-12;
True,0.5,0,1,0,False,False,False,1.0,4.092726157978177e-12;,4.092726157978177e-12;
True,0.5,0,1,0,False,False,False,1.0,7.332580706405269e-12;,7.332580706405269e-12;
True,0.5,0,1,0,False,False,False,1.0,1.546140993013978e-11;,1.546140993013978e-11;
True,0.5,0,1,0,False,False,False,1.0,5.532240293449121e-12;,5.532240293449121e-12;
True,0.5,0,1,0,False,False,False,1.0,7.499885442698834e-12;,7.499885442698834e-12;
True,0.5,0,1,0,False,False,False,1.0,8.134767913360665e-12;,8.134767913360665e-12;
True,0.5,0,1,0,False,False,False,1.0,6.1010759350204984e-12;,6.1010759350204984e-12;
True,0.5,0,1,0,False,False,False,1.0,1.0045697324301055e-11;,1.0045697324301055e-11;
True,0.5,0,1,0,False,False,False,1.0,8.580155856231252e-12;,8.580155856231252e-12;
True,0.5,0,1,0,False,False,False,1.0,9.275062463698822e-12;,9.275062463698822e-12;
True,0.5,0,1,0,False,False,False,1.0,5.823607568738997e-12;,5.823607568738997e-12;
True,0.5,0,1,0,False,False,False,1.0,5.4569682106375694e-12;,5.4569682106375694e-12;
True,0.5,0,1,0,False,False,False,1.0,6.558459564010244e-12;,6.558459564010244e-12;
True,0.5,0,1,0,False,False,False,1.0,8.385126836667848e-12;,8.385126836667848e-12;
True,0.5,0,1,0,False,False,False,1.0,1.016845989170083e-11;,1.016845989170083e-11;
True,0.5,0,1,0,False,False,False,1.0,8.543927027883881e-12;,8.543927027883881e-12;
True,0.5,0,1,0,False,False,False,1.0,5.4569682106375694e-12;,5.4569682106375694e-12;
True,0.5,0,1,0,False,False,False,1.0,8.385126836667848e-12;,8.385126836667848e-12;
True,0.5,0,1,0,False,False,False,1.0,5.1448789686149945e-12;,5.1448789686149945e-12;
True,0.5,0,1,0,False,False,False,1.0,7.568504305296864e-12;,7.568504305296864e-12;
True,0.5,0,1,0,False,False,False,1.0,2.2850771577215914e-12;,2.2850771577215914e-12;
True,0.5,0,1,0,False,False,False,1.0,7.103380699760832e-12;,7.103380699760832e-12;
True,0.5,0,1,0,False,False,False,1.0,8.235824805649297e-12;,8.235824805649297e-12;
True,0.5,0,1,0,False,False,False,1.0,9.004255923021505e-12;,9.004255923021505e-12;
True,0.5,0,1,0,False,False,False,1.0,4.7477017273697814e-12;,4.7477017273697814e-12;
True,0.5,0,1,0,False,False,False,1.0,1.2862197421537486e-11;,1.2862197421537486e-11;
True,0.5,0,1,0,False,False,False,1.0,9.120490685805444e-12;,9.120490685805444e-12;
True,0.5,0,1,0,False,False,False,1.0,4.4787419946242626e-12;,4.4787419946242626e-12;
True,0.5,0,1,0,False,False,False,1.0,6.510991198991339e-12;,6.510991198991339e-12;
True,0.5,0,1,0,False,False,False,1.0,7.558251190218771e-12;,7.558251190218771e-12;
True,0.5,0,1,0,False,False,False,1.0,7.290154618149881e-12;,7.290154618149881e-12;
True,0.5,0,1,0,False,False,False,1.0,9.140308630886366e-12;,9.140308630886366e-12;
True,0.5,0,1,0,False,False,False,1.0,9.275062463698822e-12;,9.275062463698822e-12;
True,0.5,0,1,0,False,False,False,1.0,4.067383956680332e-12;,4.067383956680332e-12;
True,0.5,0,1,0,False,False,False,1.0,8.385126836667848e-12;,8.385126836667848e-12;
True,0.5,0,1,0,False,False,False,1.0,1.3116919128020487e-11;,1.3116919128020487e-11;
True,0.5,0,1,0,False,False,False,1.0,1.1064480586898243e-11;,1.1064480586898243e-11;
True,0.5,0,1,0,False,False,False,1.0,1.4559018921847493e-12;,1.4559018921847493e-12;
True,0.5,0,1,0,False,False,False,1.0,4.067383956680332e-12;,4.067383956680332e-12;
True,0.5,0,1,0,False,False,False,1.0,9.106308604942018e-12;,9.106308604942018e-12;
True,0.5,0,1,0,False,False,False,1.0,3.279229782005122e-12;,3.279229782005122e-12;
True,0.5,0,1,0,False,False,False,1.0,5.752149554916067e-12;,5.752149554916067e-12;
True,0.5,0,1,0,False,False,False,1.0,9.094947017729282e-12;,9.094947017729282e-12;
True,0.5,0,1,0,False,False,False,1.0,5.4569682106375694e-12;,5.4569682106375694e-12;
True,0.5,0,1,0,False,False,False,1.0,8.134767913360665e-12;,8.134767913360665e-12;
True,0.5,0,1,0,False,False,False,1.0,1.1504299109832135e-11;,1.1504299109832135e-11;
True,0.5,0,1,0,False,False,False,1.0,1.8189894035458565e-12;,1.8189894035458565e-12;
True,0.5,0,1,0,False,False,False,1.0,8.702799827462804e-12;,8.702799827462804e-12;
True,0.5,0,1,0,False,False,False,1.0,1.8189894035458565e-12;,1.8189894035458565e-12;
True,0.5,0,1,0,False,False,False,1.0,1.3649997544965694e-11;,1.3649997544965694e-11;
True,0.5,0,1,0,False,False,False,1.0,1.4235843848381163e-11;,1.4235843848381163e-11;
True,0.5,0,1,0,False,False,False,1.0,6.558459564010244e-12;,6.558459564010244e-12;
True,0.5,0,1,0,False,False,False,1.0,2.448889430131432e-12;,2.448889430131432e-12;
True,0.5,0,1,0,False,False,False,1.0,4.897778860262864e-12;,4.897778860262864e-12;
True,0.5,0,1,0,False,False,False,1.0,2.7661201467245607e-12;,2.7661201467245607e-12;
True,0.5,0,1,0,False,False,False,1.0,6.821210263296962e-13;,6.821210263296962e-13;
True,0.5,0,1,0,False,False,False,1.0,1.016845989170083e-11;,1.016845989170083e-11;
True,0.5,0,1,0,False,False,False,1.0,9.973388023109378e-12;,9.973388023109378e-12;
True,0.5,0,1,0,False,False,False,1.0,5.4569682106375694e-12;,5.4569682106375694e-12;
True,0.5,0,1,0,False,False,False,1.0,4.092726157978177e-12;,4.092726157978177e-12;
True,0.5,0,1,0,False,False,False,1.0,1.639614891002561e-12;,1.639614891002561e-12;
True,0.5,0,1,0,False,False,False,1.0,2.033691978340166e-11;,2.033691978340166e-11;
True,0.5,0,1,0,False,False,False,1.0,2.2737367544323206e-12;,2.2737367544323206e-12;
True,0.5,0,1,0,False,False,False,1.0,2.1154612643304512e-12;,2.1154612643304512e-12;
True,0.5,0,1,0,False,False,False,1.0,1.4206761399521663e-11;,1.4206761399521663e-11;
True,0.5,0,1,0,False,False,False,1.0,2.033691978340166e-12;,2.033691978340166e-12;
True,0.5,0,1,0,False,False,False,1.0,7.103380699760832e-12;,7.103380699760832e-12;
True,0.5,0,1,0,False,False,False,1.0,6.760305380939147e-12;,6.760305380939147e-12;
True,0.5,0,1,0,False,False,False,1.0,1.8749713606747085e-12;,1.8749713606747085e-12;
True,0.5,0,1,0,False,False,False,1.0,4.918844673007683e-12;,4.918844673007683e-12;
True,0.5,0,1,0,False,False,False,1.0,2.448889430131432e-12;,2.448889430131432e-12;
True,0.5,0,1,0,False,False,False,1.0,6.8815761325920705e-12;,6.8815761325920705e-12;
True,0.5,0,1,0,False,False,False,1.0,1.411915463564585e-11;,1.411915463564585e-11;
True,0.5,0,1,0,False,False,False,1.0,1.1504299109832135e-11;,1.1504299109832135e-11;
True,0.5,0,1,0,False,False,False,1.0,7.103380699760832e-12;,7.103380699760832e-12;
True,0.5,0,1,0,False,False,False,1.0,1.0951766470309208e-11;,1.0951766470309208e-11;
True,0.5,0,1,0,False,False,False,1.0,1.0616183799292005e-11;,1.0616183799292005e-11;
True,0.5,0,1,0,False,False,False,1.0,6.821210263296962e-12;,6.821210263296962e-12;
True,0.5,0,1,0,False,False,False,1.0,5.4569682106375694e-12;,5.4569682106375694e-12;
True,0.5,0,1,0,False,False,False,1.0,6.431098710768743e-12;,6.431098710768743e-12;
True,0.5,0,1,0,False,False,False,1.0,6.431098710768743e-12;,6.431098710768743e-12;
True,0.5,0,1,0,False,False,False,1.0,4.897778860262864e-12;,4.897778860262864e-12;
True,0.5,0,1,0,False,False,False,1.0,5.4569682106375694e-12;,5.4569682106375694e-12;
True,0.5,0,1,0,False,False,False,1.0,6.926505289687983e-12;,6.926505289687983e-12;
True,0.5,0,1,0,False,False,False,1.0,4.547473508864641e-12;,4.547473508864641e-12;
True,0.5,0,1,0,False,False,False,1.0,5.752149554916067e-12;,5.752149554916067e-12;
True,0.5,0,1,0,False,False,False,1.0,6.558459564010244e-12;,6.558459564010244e-12;
True,0.5,0,1,0,False,False,False,1.0,9.795557720525728e-12;,9.795557720525728e-12;
True,0.5,0,1,0,False,False,False,1.0,4.547473508864641e-12;,4.547473508864641e-12;
True,0.5,0,1,0,False,False,False,1.0,1.016845989170083e-11;,1.016845989170083e-11;
True,0.5,0,1,0,False,False,False,1.0,7.059577317822925e-12;,7.059577317822925e-12;
True,0.5,0,1,0,False,False,False,1.0,8.829596408280667e-12;,8.829596408280667e-12;
True,0.5,0,1,0,False,False,False,1.0,1.2862197421537486e-11;,1.2862197421537486e-11;
True,0.5,0,1,0,False,False,False,1.0,7.71731845292249e-12;,7.71731845292249e-12;
True,0.5,0,1,0,False,False,False,1.0,6.366462912410498e-12;,6.366462912410498e-12;
True,0.5,0,1,0,False,False,False,1.0,2.448889430131432e-12;,2.448889430131432e-12;
True,0.5,0,1,0,False,False,False,1.0,7.77072613829435e-12;,7.77072613829435e-12;
True,0.5,0,1,0,False,False,False,1.0,1.1936576582599344e-11;,1.1936576582599344e-11;
True,0.5,0,1,0,False,False,False,1.0,1.2862197421537486e-11;,1.2862197421537486e-11;
True,0.5,0,1,0,False,False,False,1.0,1.4999770885397668e-11;,1.4999770885397668e-11;
True,0.5,0,1,0,False,False,False,1.0,5.1448789686149945e-12;,5.1448789686149945e-12;
True,0.5,0,1,0,False,False,False,1.0,6.366462912410498e-12;,6.366462912410498e-12;
True,0.5,0,1,0,False,False,False,1.0,8.198074455012805e-12;,8.198074455012805e-12;
True,0.5,0,1,0,False,False,False,1.0,2.9118037843694986e-12;,2.9118037843694986e-12;
True,0.5,0,1,0,False,False,False,1.0,4.547473508864641e-12;,4.547473508864641e-12;
True,0.5,0,1,0,False,False,False,1.0,5.752149554916067e-12;,5.752149554916067e-12;
True,0.5,0,1,0,False,False,False,1.0,1.3853010579375966e-11;,1.3853010579375966e-11;
True,0.5,0,1,0,False,False,False,1.0,1.4206761399521663e-11;,1.4206761399521663e-11;
True,0.5,0,1,0,False,False,False,1.0,1.2732925824820995e-11;,1.2732925824820995e-11;
True,0.5,0,1,0,False,False,False,1.0,4.834030647877921e-12;,4.834030647877921e-12;
True,0.5,0,1,0,False,False,False,1.0,1.4380373887290168e-12;,1.4380373887290168e-12;
True,0.5,0,1,0,False,False,False,1.0,5.823607568738997e-12;,5.823607568738997e-12;
True,0.5,0,1,0,False,False,False,1.0,4.547473508864641e-12;,4.547473508864641e-12;
True,0.5,0,1,0,False,False,False,1.0,3.637978807091713e-12;,3.637978807091713e-12;
True,0.5,0,1,0,False,False,False,1.0,1.22359997904584e-11;,1.22359997904584e-11;
True,0.5,0,1,0,False,False,False,1.0,3.749942721349417e-12;,3.749942721349417e-12;
True,0.5,0,1,0,False,False,False,1.0,1.0989466294262977e-11;,1.0989466294262977e-11;
True,0.5,0,1,0,False,False,False,1.0,1.1504299109832135e-11;,1.1504299109832135e-11;
True,0.5,0,1,0,False,False,False,1.0,7.458411103860602e-12;,7.458411103860602e-12;
True,0.5,0,1,0,False,False,False,1.0,1.1504299109832135e-11;,1.1504299109832135e-11;
True,0.5,0,1,0,False,False,False,1.0,8.580155856231252e-12;,8.580155856231252e-12;
True,0.5,0,1,0,False,False,False,1.0,2.8760747774580336e-12;,2.8760747774580336e-12;
True,0.5,0,1,0,False,False,False,1.0,1.0289757937229989e-11;,1.0289757937229989e-11;
True,0.5,0,1,0,False,False,False,1.0,8.957483989248525e-12;,8.957483989248525e-12;
True,0.5,0,1,0,False,False,False,1.0,4.547473508864641e-13;,4.547473508864641e-13;
True,0.5,0,1,0,False,False,False,1.0,3.749942721349417e-12;,3.749942721349417e-12;
True,0.5,0,1,0,False,False,False,1.0,1.2202151870040997e-11;,1.2202151870040997e-11;
True,0.5,0,1,0,False,False,False,1.0,4.067383956680332e-12;,4.067383956680332e-12;
True,0.5,0,1,0,False,False,False,1.0,6.9414170513817895e-12;,6.9414170513817895e-12;
True,0.5,0,1,0,False,False,False,1.0,4.897778860262864e-12;,4.897778860262864e-12;
True,0.5,0,1,0,False,False,False,1.0,1.4206761399521663e-11;,1.4206761399521663e-11;
True,0.5,0,1,0,False,False,False,1.0,1.4665161412810538e-11;,1.4665161412810538e-11;
True,0.5,0,1,0,False,False,False,1.0,9.363821064641343e-12;,9.363821064641343e-12;
True,0.5,0,1,0,False,False,False,1.0,1.3853010579375966e-11;,1.3853010579375966e-11;
True,0.5,0,1,0,False,False,False,1.0,9.795557720525728e-12;,9.795557720525728e-12;
True,0.5,0,1,0,False,False,False,1.0,1.0606439709309235e-11;,1.0606439709309235e-11;
True,0.5,0,1,0,False,False,False,1.0,6.366462912410498e-12;,6.366462912410498e-12;
True,0.5,0,1,0,False,False,False,1.0,1.1647215137477994e-11;,1.1647215137477994e-11;
True,0.5,0,1,0,False,False,False,1.0,1.0289757937229989e-11;,1.0289757937229989e-11;
True,0.5,0,1,0,False,False,False,1.0,9.795557720525728e-12;,9.795557720525728e-12;
True,0.5,0,1,0,False,False,False,1.0,1.016845989170083e-11;,1.016845989170083e-11;
True,0.5,0,1,0,False,False,False,1.0,1.0913936421275139e-11;,1.0913936421275139e-11;
True,0.5,0,1,0,False,False,False,1.0,2.8760747774580336e-12;,2.8760747774580336e-12;
True,0.5,0,1,0,False,False,False,1.0,3.682119936616265e-12;,3.682119936616265e-12;
True,0.5,0,1,0,False,False,False,1.0,9.837689346015367e-12;,9.837689346015367e-12;
True,0.5,0,1,0,False,False,False,1.0,7.499885442698834e-12;,7.499885442698834e-12;
True,0.5,0,1,0,False,False,False,1.0,9.495403454739563e-12;,9.495403454739563e-12;
True,0.5,0,1,0,False,False,False,1.0,9.668061295755842e-12;,9.668061295755842e-12;
True,0.5,0,1,0,False,False,False,1.0,1.324244274525066e-11;,1.324244274525066e-11;
True,0.5,0,1,0,False,False,False,1.0,8.134767913360665e-12;,8.134767913360665e-12;
True,0.5,0,1,0,False,False,False,1.0,3.6662903532026344e-12;,3.6662903532026344e-12;
True,0.5,0,1,0,False,False,False,1.0,1.2862197421537486e-11;,1.2862197421537486e-11;
True,0.5,0,1,0,False,False,False,1.0,6.261038749023266e-12;,6.261038749023266e-12;
True,0.5,0,1,0,False,False,False,1.0,1.0916304640120692e-11;,1.0916304640120692e-11;
True,0.5,0,1,0,False,False,False,1.0,7.823769253302659e-12;,7.823769253302659e-12;
True,0.5,0,1,0,False,False,False,1.0,1.016845989170083e-11;,1.016845989170083e-11;
True,0.5,0,1,0,False,False,False,1.0,8.360428323999365e-12;,8.360428323999365e-12;
True,0.5,0,1,0,False,False,False,1.0,1.0289757937229989e-11;,1.0289757937229989e-11;
True,0.5,0,1,0,False,False,False,1.0,2.033691978340166e-12;,2.033691978340166e-12;
True,0.5,0,1,0,False,False,False,1.0,4.7477017273697814e-12;,4.7477017273697814e-12;
True,0.5,0,1,0,False,False,False,1.0,2.5724394843074972e-12;,2.5724394843074972e-12;
True,0.5,0,1,0,False,False,False,1.0,4.547473508864641e-12;,4.547473508864641e-12;
True,0.5,0,1,0,False,False,False,1.0,1.6770253673335696e-11;,1.6770253673335696e-11;
True,0.5,0,1,0,False,False,False,1.0,1.0951766470309208e-11;,1.0951766470309208e-11;
True,0.5,0,1,0,False,False,False,1.0,1.0606439709309235e-11;,1.0606439709309235e-11;
True,0.5,0,1,0,False,False,False,1.0,9.094947017729282e-13;,9.094947017729282e-13;
True,0.5,0,1,0,False,False,False,1.0,7.499885442698834e-12;,7.499885442698834e-12;
True,0.5,0,1,0,False,False,False,1.0,1.1823431123048067e-11;,1.1823431123048067e-11;
True,0.5,0,1,0,False,False,False,1.0,1.8189894035458565e-12;,1.8189894035458565e-12;
True,0.5,0,1,0,False,False,False,1.0,1.5883642114725243e-11;,1.5883642114725243e-11;
True,0.5,0,1,0,False,False,False,1.0,5.752149554916067e-12;,5.752149554916067e-12;
True,0.5,0,1,0,False,False,False,1.0,6.558459564010244e-12;,6.558459564010244e-12;
True,0.5,0,1,0,False,False,False,1.0,7.499885442698834e-12;,7.499885442698834e-12;
True,0.5,0,1,0,False,False,False,1.0,1.8189894035458565e-12;,1.8189894035458565e-12;
True,0.5,0,1,0,False,False,False,1.0,7.332580706405269e-12;,7.332580706405269e-12;
True,0.5,0,1,0,False,False,False,1.0,9.094947017729282e-12;,9.094947017729282e-12;
True,0.5,0,1,0,False,False,False,1.0,1.6990763190069088e-11;,1.6990763190069088e-11;
True,0.5,0,1,0,False,False,False,1.0,5.9117155615240335e-12;,5.9117155615240335e-12;
True,0.5,0,1,0,False,False,False,1.0,3.749942721349417e-12;,3.749942721349417e-12;
True,0.5,0,1,0,False,False,False,1.0,1.4206761399521663e-11;,1.4206761399521663e-11;
True,0.5,0,1,0,False,False,False,1.0,5.64784493161561e-12;,5.64784493161561e-12;
True,0.5,0,1,0,False,False,False,1.0,8.735411353108496e-12;,8.735411353108496e-12;
True,0.5,0,1,0,False,False,False,1.0,9.094947017729282e-13;,9.094947017729282e-13;
True,0.5,0,1,0,False,False,False,1.0,8.6282243323741e-12;,8.6282243323741e-12;
True,0.5,0,1,0,False,False,False,1.0,7.332580706405269e-12;,7.332580706405269e-12;
True,0.5,0,1,0,False,False,False,1.0,6.926505289687983e-12;,6.926505289687983e-12;
True,0.5,0,2,0,False,False,False,0.5,1449.937819942455;,1.2862197421537486e-11;
True,0.5,0,2,0,False,False,False,1.0,1.016845989170083e-11;1.1647215137477994e-11;,1.016845989170083e-11;1.1647215137477994e-11;
True,0.5,0,2,0,False,False,False,1.0,1.2832016236209222e-11;9.094947017729282e-12;,1.2832016236209222e-11;9.094947017729282e-12;
True,0.5,0,2,0,False,False,False,1.0,8.580155856231252e-12;3.749942721349417e-12;,8.580155856231252e-12;3.749942721349417e-12;
True,0.5,0,2,0,False,False,False,1.0,9.795557720525728e-12;1.1656089207441525e-11;,9.795557720525728e-12;1.1656089207441525e-11;
True,0.5,0,2,0,False,False,False,1.0,9.094947017729282e-12;4.290077928115626e-12;,9.094947017729282e-12;4.290077928115626e-12;
True,0.5,0,2,0,False,False,False,1.0,7.499885442698834e-12;2.73085155401175e-12;,7.499885442698834e-12;2.73085155401175e-12;
True,0.5,0,2,0,False,False,False,1.0,1.2862197421537486e-11;9.635923606955244e-12;,1.2862197421537486e-11;9.635923606955244e-12;
True,0.5,0,2,0,False,False,False,1.0,2.5724394843074972e-12;5.303219854654618e-12;,2.5724394843074972e-12;5.303219854654618e-12;
True,0.5,0,2,0,False,False,False,1.0,9.106308604942018e-12;9.592905876037998e-12;,9.106308604942018e-12;9.592905876037998e-12;
True,0.5,0,2,0,False,False,False,1.0,6.3175521015408794e-12;5.4569682106375694e-12;,6.3175521015408794e-12;5.4569682106375694e-12;
True,0.5,0,2,0,False,False,False,1.0,5.475883235154604e-12;9.151613902530748e-12;,5.475883235154604e-12;9.151613902530748e-12;
True,0.5,0,2,0,False,False,False,1.0,2.033691978340166e-12;6.62122137262533e-12;,2.033691978340166e-12;6.62122137262533e-12;
True,0.5,0,2,0,False,False,False,1.0,9.668061295755842e-12;2.448889430131432e-12;,9.668061295755842e-12;2.448889430131432e-12;
True,0.5,0,2,0,False,False,False,1.0,6.558459564010244e-12;1.3853010579375966e-11;,6.558459564010244e-12;1.3853010579375966e-11;
True,0.5,0,2,0,False,False,False,1.0,1.324244274525066e-11;7.275957614183426e-12;,1.324244274525066e-11;7.275957614183426e-12;
True,0.5,0,2,0,False,False,False,1.0,5.1448789686149945e-12;3.6662903532026344e-12;,5.1448789686149945e-12;3.6662903532026344e-12;
True,0.5,0,2,0,False,False,False,0.5,1219.5935136631194;,3.637978807091713e-12;
True,0.5,0,2,0,False,False,False,1.0,5.475883235154604e-12;5.624914082024125e-12;,5.475883235154604e-12;5.624914082024125e-12;
True,0.5,0,2,0,False,False,False,1.0,5.956365793021967e-12;9.275062463698822e-12;,5.956365793021967e-12;9.275062463698822e-12;
True,0.5,0,2,0,False,False,False,1.0,9.094947017729282e-12;7.346668290394296e-12;,9.094947017729282e-12;7.346668290394296e-12;
True,0.5,0,2,0,False,False,False,1.0,5.684341886080801e-13;9.275062463698822e-12;,5.684341886080801e-13;9.275062463698822e-12;
True,0.5,0,2,0,False,False,False,1.0,6.558459564010244e-12;2.2737367544323206e-12;,6.558459564010244e-12;2.2737367544323206e-12;
True,0.5,0,2,0,False,False,False,1.0,4.067383956680332e-12;7.622954678590855e-12;,4.067383956680332e-12;7.622954678590855e-12;
True,0.5,0,2,0,False,False,False,0.5,1415.5624339399903;,9.374856803373543e-12;
True,0.5,0,2,0,False,False,False,1.0,3.279229782005122e-12;1.4999770885397668e-11;,3.279229782005122e-12;1.4999770885397668e-11;
True,0.5,0,2,0,False,False,False,1.0,2.5724394843074972e-12;4.4787419946242626e-12;,2.5724394843074972e-12;4.4787419946242626e-12;
True,0.5,0,2,0,False,False,False,1.0,3.858659226461245e-12;9.094947017729282e-13;,3.858659226461245e-12;9.094947017729282e-13;
True,0.5,0,2,0,False,False,False,1.0,3.310610686312665e-12;6.926505289687983e-12;,3.310610686312665e-12;6.926505289687983e-12;
True,0.5,0,2,0,False,False,False,0.5,504.74060113663586;,1.5647538506605318e-11;
True,0.5,0,2,0,False,False,False,1.0,5.499435529803952e-12;6.1010759350204984e-12;,5.499435529803952e-12;6.1010759350204984e-12;
True,0.5,0,2,0,False,False,False,1.0,7.71731845292249e-12;3.310610686312665e-12;,7.71731845292249e-12;3.310610686312665e-12;
True,0.5,0,2,0,False,False,False,1.0,6.558459564010244e-12;3.279229782005122e-12;,6.558459564010244e-12;3.279229782005122e-12;
True,0.5,0,2,0,False,False,False,1.0,4.547473508864641e-12;7.499885442698834e-12;,4.547473508864641e-12;7.499885442698834e-12;
True,0.5,0,2,0,False,False,False,1.0,7.73070496506989e-12;1.3021982397982677e-11;,7.73070496506989e-12;1.3021982397982677e-11;
True,0.5,0,2,0,False,False,False,1.0,1.1504299109832135e-11;3.749942721349417e-12;,1.1504299109832135e-11;3.749942721349417e-12;
True,0.5,0,2,0,False,False,False,1.0,3.749942721349417e-12;4.067383956680332e-12;,3.749942721349417e-12;4.067383956680332e-12;
True,0.5,0,2,0,False,False,False,1.0,7.499885442698834e-12;3.4450113331562897e-12;,7.499885442698834e-12;3.4450113331562897e-12;
True,0.5,0,2,0,False,False,False,1.0,2.8760747774580336e-12;4.067383956680332e-12;,2.8760747774580336e-12;4.067383956680332e-12;
True,0.5,0,2,0,False,False,False,1.0,9.25343817704044e-12;5.475883235154604e-12;,9.25343817704044e-12;5.475883235154604e-12;
True,0.5,0,2,0,False,False,False,1.0,1.8189894035458565e-12;5.4569682106375694e-12;,1.8189894035458565e-12;5.4569682106375694e-12;
True,0.5,0,2,0,False,False,False,1.0,4.897778860262864e-12;1.0007025177703957e-11;,4.897778860262864e-12;1.0007025177703957e-11;
True,0.5,0,2,0,False,False,False,1.0,5.322681277320783e-12;2.8760747774580336e-12;,5.322681277320783e-12;2.8760747774580336e-12;
True,0.5,0,2,0,False,False,False,1.0,9.795557720525728e-12;9.151613902530748e-12;,9.795557720525728e-12;9.151613902530748e-12;
True,0.5,0,2,0,False,False,False,0.5,201.55330018456795;,3.6662903532026344e-12;
True,0.5,0,2,0,False,False,False,0.5,1244.8273676288197;,1.4272113573020047e-11;
True,0.5,0,2,0,False,False,False,1.0,5.1448789686149945e-12;6.3175521015408794e-12;,5.1448789686149945e-12;6.3175521015408794e-12;
True,0.5,0,2,0,False,False,False,1.0,9.795557720525728e-12;1.3642420526593924e-12;,9.795557720525728e-12;1.3642420526593924e-12;
True,0.5,0,2,0,False,False,False,0.5,1186.4183855393078;,9.462679393748118e-12;
True,0.5,0,2,0,False,False,False,1.0,1.9442776034731604e-11;8.385126836667848e-12;,1.9442776034731604e-11;8.385126836667848e-12;
True,0.5,0,2,0,False,False,False,1.0,1.1504299109832135e-11;1.1395935949750917e-11;,1.1504299109832135e-11;1.1395935949750917e-11;
True,0.5,0,2,0,False,False,False,1.0,5.532240293449121e-12;9.721388017365802e-12;,5.532240293449121e-12;9.721388017365802e-12;
True,0.5,0,2,0,False,False,False,1.0,4.067383956680332e-12;9.462679393748118e-12;,4.067383956680332e-12;9.462679393748118e-12;
True,0.5,0,2,0,False,False,False,1.0,3.858659226461245e-12;8.543927027883881e-12;,3.858659226461245e-12;8.543927027883881e-12;
True,0.5,0,2,0,False,False,False,1.0,9.837689346015367e-12;4.897778860262864e-12;,9.837689346015367e-12;4.897778860262864e-12;
True,0.5,0,2,0,False,False,False,0.5,822.0217606596475;,4.067383956680332e-12;
True,0.5,0,2,0,False,False,False,1.0,1.1148268342486756e-11;9.275062463698822e-12;,1.1148268342486756e-11;9.275062463698822e-12;
True,0.5,0,2,0,False,False,False,1.0,1.1504299109832135e-11;1.2862197421537486e-12;,1.1504299109832135e-11;1.2862197421537486e-12;
True,0.5,0,2,0,False,False,False,1.0,1.8189894035458565e-12;4.897778860262864e-12;,1.8189894035458565e-12;4.897778860262864e-12;
True,0.5,0,2,0,False,False,False,1.0,8.134767913360665e-12;9.094947017729282e-12;,8.134767913360665e-12;9.094947017729282e-12;
True,0.5,0,2,0,False,False,False,1.0,1.000444171950221e-11;7.77072613829435e-12;,1.000444171950221e-11;7.77072613829435e-12;
True,0.5,0,2,0,False,False,False,0.5,737.2694478766373;,9.795557720525728e-12;
True,0.5,0,2,0,False,False,False,1.0,7.275957614183426e-12;1.0289757937229989e-11;,7.275957614183426e-12;1.0289757937229989e-11;
True,0.5,0,2,0,False,False,False,1.0,2.033691978340166e-12;2.7661201467245607e-12;,2.033691978340166e-12;2.7661201467245607e-12;
True,0.5,0,2,0,False,False,False,1.0,1.1647215137477994e-11;4.092726157978177e-12;,1.1647215137477994e-11;4.092726157978177e-12;
True,0.5,0,2,0,False,False,False,1.0,5.752149554916067e-12;5.752149554916067e-12;,5.752149554916067e-12;5.752149554916067e-12;
True,0.5,0,2,0,False,False,False,1.0,9.795557720525728e-12;7.275957614183426e-12;,9.795557720525728e-12;7.275957614183426e-12;
True,0.5,0,2,0,False,False,False,1.0,9.275062463698822e-12;3.885363069147175e-12;,9.275062463698822e-12;3.885363069147175e-12;
True,0.5,0,2,0,False,False,False,1.0,8.957483989248525e-12;1.1395935949750917e-11;,8.957483989248525e-12;1.1395935949750917e-11;
True,0.5,0,2,0,False,False,False,1.0,8.235824805649297e-12;2.651609927327309e-12;,8.235824805649297e-12;2.651609927327309e-12;
True,0.5,0,2,0,False,False,False,1.0,1.016845989170083e-11;9.635923606955244e-12;,1.016845989170083e-11;9.635923606955244e-12;
True,0.5,0,2,0,False,False,False,1.0,5.1448789686149945e-12;5.828044603720762e-12;,5.1448789686149945e-12;5.828044603720762e-12;
True,0.5,0,2,0,False,False,False,0.5,1201.1110183255512;,1.8189894035458565e-12;
True,0.5,0,2,0,False,False,False,1.0,4.897778860262864e-12;1.46157241760995e-11;,4.897778860262864e-12;1.46157241760995e-11;
True,0.5,0,2,0,False,False,False,1.0,1.4206761399521663e-11;1.1101797659406386e-11;,1.4206761399521663e-11;1.1101797659406386e-11;
True,0.5,0,2,0,False,False,False,1.0,9.140308630886366e-12;6.62122137262533e-12;,9.140308630886366e-12;6.62122137262533e-12;
True,0.5,0,2,0,False,False,False,0.5,477.79349157249754;,4.897778860262864e-12;
True,0.5,0,2,0,False,False,False,1.0,3.858659226461245e-12;8.185452315956354e-12;,3.858659226461245e-12;8.185452315956354e-12;
True,0.5,0,2,0,False,False,False,1.0,1.1101797659406386e-11;6.431098710768743e-12;,1.1101797659406386e-11;6.431098710768743e-12;
True,0.5,0,2,0,False,False,False,1.0,1.1395935949750917e-11;5.752149554916067e-12;,1.1395935949750917e-11;5.752149554916067e-12;
True,0.5,0,2,0,False,False,False,1.0,6.3175521015408794e-12;7.332580706405269e-12;,6.3175521015408794e-12;7.332580706405269e-12;
True,0.5,0,2,0,False,False,False,1.0,1.1368683772161603e-12;1.0913936421275139e-11;,1.1368683772161603e-12;1.0913936421275139e-11;
True,0.5,0,2,0,False,False,False,1.0,1.828061726177273e-11;3.0505379675102492e-12;,1.828061726177273e-11;3.0505379675102492e-12;
True,0.5,0,2,0,False,False,False,1.0,4.547473508864641e-12;1.1395935949750917e-11;,4.547473508864641e-12;1.1395935949750917e-11;
True,0.5,0,2,0,False,False,False,1.0,5.303219854654618e-12;6.558459564010244e-12;,5.303219854654618e-12;6.558459564010244e-12;
True,0.5,0,2,0,False,False,False,1.0,7.499885442698834e-12;9.094947017729282e-12;,7.499885442698834e-12;9.094947017729282e-12;
True,0.5,0,2,0,False,False,False,1.0,5.1448789686149945e-12;8.957483989248525e-12;,5.1448789686149945e-12;8.957483989248525e-12;
True,0.5,0,2,0,False,False,False,1.0,5.4569682106375694e-12;9.140308630886366e-12;,5.4569682106375694e-12;9.140308630886366e-12;
True,0.5,0,2,0,False,False,False,1.0,2.2737367544323206e-12;1.639614891002561e-11;,2.2737367544323206e-12;1.639614891002561e-11;
True,0.5,0,2,0,False,False,False,1.0,8.592950271439306e-12;7.332580706405269e-12;,8.592950271439306e-12;7.332580706405269e-12;
True,0.5,0,2,0,False,False,False,1.0,8.580155856231252e-12;1.639614891002561e-11;,8.580155856231252e-12;1.639614891002561e-11;
True,0.5,0,2,0,False,False,False,1.0,1.1101797659406386e-11;1.6770253673335696e-11;,1.1101797659406386e-11;1.6770253673335696e-11;
True,0.5,0,2,0,False,False,False,1.0,7.103380699760832e-12;4.067383956680332e-12;,7.103380699760832e-12;4.067383956680332e-12;
True,0.5,0,2,0,False,False,False,0.5,552.9360203689008;,6.558459564010244e-12;
True,0.5,0,2,0,False,False,False,1.0,1.1504299109832135e-11;1.016845989170083e-11;,1.1504299109832135e-11;1.016845989170083e-11;
True,0.5,0,2,0,False,False,False,1.0,9.668061295755842e-12;2.145038964057813e-12;,9.668061295755842e-12;2.145038964057813e-12;
True,0.5,0,2,0,False,False,False,1.0,1.2862197421537486e-11;1.124982816404825e-11;,1.2862197421537486e-11;1.124982816404825e-11;
True,0.5,0,2,0,False,False,False,1.0,4.897778860262864e-12;2.2737367544323206e-12;,4.897778860262864e-12;2.2737367544323206e-12;
True,0.5,0,2,0,False,False,False,1.0,1.3116919128020487e-11;1.2862197421537486e-12;,1.3116919128020487e-11;1.2862197421537486e-12;
True,0.5,0,2,0,False,False,False,1.0,5.532240293449121e-12;3.885363069147175e-12;,5.532240293449121e-12;3.885363069147175e-12;
True,0.5,0,2,0,False,False,False,1.0,9.140308630886366e-12;8.385126836667848e-12;,9.140308630886366e-12;8.385126836667848e-12;
True,0.5,0,2,0,False,False,False,1.0,2.033691978340166e-12;7.275957614183426e-12;,2.033691978340166e-12;7.275957614183426e-12;
True,0.5,0,2,0,False,False,False,1.0,8.385126836667848e-12;2.8760747774580336e-12;,8.385126836667848e-12;2.8760747774580336e-12;
True,0.5,0,2,0,False,False,False,1.0,1.0645362554641566e-11;6.62122137262533e-12;,1.0645362554641566e-11;6.62122137262533e-12;
True,0.5,0,2,0,False,False,False,1.0,4.547473508864641e-12;6.62122137262533e-12;,4.547473508864641e-12;6.62122137262533e-12;
True,0.5,0,2,0,False,False,False,1.0,8.385126836667848e-12;7.77072613829435e-12;,8.385126836667848e-12;7.77072613829435e-12;
True,0.5,0,2,0,False,False,False,1.0,5.752149554916067e-12;8.957483989248525e-12;,5.752149554916067e-12;8.957483989248525e-12;
True,0.5,0,2,0,False,False,False,1.0,4.067383956680332e-12;8.385126836667848e-12;,4.067383956680332e-12;8.385126836667848e-12;
True,0.5,0,2,0,False,False,False,1.0,1.2862197421537486e-11;8.829596408280667e-12;,1.2862197421537486e-11;8.829596408280667e-12;
True,0.5,0,2,0,False,False,False,1.0,3.279229782005122e-12;4.067383956680332e-12;,3.279229782005122e-12;4.067383956680332e-12;
True,0.5,0,2,0,False,False,False,1.0,3.749942721349417e-12;6.558459564010244e-12;,3.749942721349417e-12;6.558459564010244e-12;
True,0.5,0,2,0,False,False,False,1.0,4.687428401686771e-12;1.1936576582599344e-11;,4.687428401686771e-12;1.1936576582599344e-11;
True,0.5,0,2,0,False,False,False,1.0,3.279229782005122e-12;9.837689346015367e-12;,3.279229782005122e-12;9.837689346015367e-12;
True,0.5,0,2,0,False,False,False,0.5,1113.896223895954;,1.1064480586898243e-11;
True,0.5,0,2,0,False,False,False,1.0,9.795557720525728e-12;2.129072510928313e-11;,9.795557720525728e-12;2.129072510928313e-11;
True,0.5,0,2,0,False,False,False,0.5,862.0475421557711;,1.367270340631231e-11;
True,0.5,0,2,0,False,False,False,1.0,1.337452083121456e-11;1.367270340631231e-11;,1.337452083121456e-11;1.367270340631231e-11;
True,0.5,0,2,0,False,False,False,1.0,6.926505289687983e-12;8.580155856231252e-12;,6.926505289687983e-12;8.580155856231252e-12;
True,0.5,0,2,0,False,False,False,1.0,1.0645362554641566e-11;5.084229945850415e-12;,1.0645362554641566e-11;5.084229945850415e-12;
True,0.5,0,2,0,False,False,False,0.5,575.586822822757;,3.749942721349417e-12;
True,0.5,0,2,0,False,False,False,1.0,6.366462912410498e-12;2.2737367544323206e-12;,6.366462912410498e-12;2.2737367544323206e-12;
True,0.5,0,2,0,False,False,False,1.0,6.3175521015408794e-12;9.094947017729282e-12;,6.3175521015408794e-12;9.094947017729282e-12;
True,0.5,0,2,0,False,False,False,1.0,6.62122137262533e-12;8.385126836667848e-12;,6.62122137262533e-12;8.385126836667848e-12;
True,0.5,0,2,0,False,False,False,1.0,1.0606439709309235e-11;3.637978807091713e-12;,1.0606439709309235e-11;3.637978807091713e-12;
True,0.5,0,2,0,False,False,False,1.0,6.1010759350204984e-12;6.402900835532238e-12;,6.1010759350204984e-12;6.402900835532238e-12;
True,0.5,0,2,0,False,False,False,1.0,1.0645362554641566e-11;4.4787419946242626e-12;,1.0645362554641566e-11;4.4787419946242626e-12;
True,0.5,0,2,0,False,False,False,1.0,1.22359997904584e-11;1.1504299109832135e-11;,1.22359997904584e-11;1.1504299109832135e-11;
True,0.5,0,2,0,False,False,False,1.0,8.957483989248525e-12;9.094947017729282e-13;,8.957483989248525e-12;9.094947017729282e-13;
True,0.5,0,2,0,False,False,False,1.0,3.749942721349417e-12;1.2751183833470307e-11;,3.749942721349417e-12;1.2751183833470307e-11;
True,0.5,0,2,0,False,False,False,0.5,1368.792364261181;,5.532240293449121e-12;
True,0.5,0,2,0,False,False,False,1.0,3.183231456205249e-12;8.134767913360665e-12;,3.183231456205249e-12;8.134767913360665e-12;
True,0.5,0,2,0,False,False,False,1.0,0.0;2.7284841053187847e-12;,0.0;2.7284841053187847e-12;
True,0.5,0,2,0,False,False,False,1.0,6.824998772482847e-12;5.303219854654618e-12;,6.824998772482847e-12;5.303219854654618e-12;
True,0.5,0,2,0,False,False,False,1.0,1.4999770885397668e-11;1.2040074848185874e-11;,1.4999770885397668e-11;1.2040074848185874e-11;
True,0.5,0,2,0,False,False,False,1.0,1.2202151870040997e-11;1.2085076619694803e-12;,1.2202151870040997e-11;1.2085076619694803e-12;
True,0.5,0,2,0,False,False,False,1.0,5.1448789686149945e-12;5.4569682106375694e-12;,5.1448789686149945e-12;5.4569682106375694e-12;
True,0.5,0,2,0,False,False,False,1.0,1.0606439709309235e-11;2.990633774508275e-12;,1.0606439709309235e-11;2.990633774508275e-12;
True,0.5,0,2,0,False,False,False,1.0,7.332580706405269e-12;1.4896012866446834e-11;,7.332580706405269e-12;1.4896012866446834e-11;
True,0.5,0,2,0,False,False,False,0.5,1112.6917156421143;,5.532240293449121e-12;
True,0.5,0,2,0,False,False,False,1.0,7.499885442698834e-12;4.897778860262864e-12;,7.499885442698834e-12;4.897778860262864e-12;
True,0.5,0,2,0,False,False,False,1.0,6.62122137262533e-12;1.1647215137477994e-11;,6.62122137262533e-12;1.1647215137477994e-11;
True,0.5,0,2,0,False,False,False,1.0,6.558459564010244e-12;7.402750541632352e-12;,6.558459564010244e-12;7.402750541632352e-12;
True,0.5,0,2,0,False,False,False,1.0,1.4206761399521663e-11;1.1064480586898243e-11;,1.4206761399521663e-11;1.1064480586898243e-11;
True,0.5,0,2,0,False,False,False,1.0,9.973388023109378e-12;8.235824805649297e-12;,9.973388023109378e-12;8.235824805649297e-12;
True,0.5,0,2,0,False,False,False,1.0,1.2765366452748093e-11;5.189900644160537e-12;,1.2765366452748093e-11;5.189900644160537e-12;
True,0.5,0,2,0,False,False,False,1.0,3.885363069147175e-12;4.897778860262864e-12;,3.885363069147175e-12;4.897778860262864e-12;
True,0.5,0,2,0,False,False,False,1.0,3.885363069147175e-12;9.973388023109378e-12;,3.885363069147175e-12;9.973388023109378e-12;
True,0.5,0,2,0,False,False,False,0.5,1438.4377639645843;,5.1448789686149945e-12;
True,0.5,0,2,0,False,False,False,1.0,3.939868168154921e-12;8.188609674729881e-12;,3.939868168154921e-12;8.188609674729881e-12;
True,0.5,0,2,0,False,False,False,1.0,7.71731845292249e-12;6.431098710768743e-12;,7.71731845292249e-12;6.431098710768743e-12;
True,0.5,0,2,0,False,False,False,1.0,1.2202151870040997e-11;3.310610686312665e-12;,1.2202151870040997e-11;3.310610686312665e-12;
True,0.5,0,2,0,False,False,False,1.0,8.385126836667848e-12;8.348051665364355e-12;,8.385126836667848e-12;8.348051665364355e-12;
True,0.5,0,2,0,False,False,False,1.0,8.829596408280667e-12;6.1010759350204984e-12;,8.829596408280667e-12;6.1010759350204984e-12;
True,0.5,0,2,0,False,False,False,1.0,6.9414170513817895e-12;1.016845989170083e-11;,6.9414170513817895e-12;1.016845989170083e-11;
True,0.5,0,2,0,False,False,False,1.0,1.0015096709851987e-11;7.823769253302659e-12;,1.0015096709851987e-11;7.823769253302659e-12;
True,0.5,0,2,0,False,False,False,1.0,2.5724394843074972e-12;1.1647215137477994e-11;,2.5724394843074972e-12;1.1647215137477994e-11;
True,0.5,0,2,0,False,False,False,1.0,3.310610686312665e-12;1.1101797659406386e-11;,3.310610686312665e-12;1.1101797659406386e-11;
True,0.5,0,2,0,False,False,False,1.0,9.713407672867937e-12;1.8189894035458565e-12;,9.713407672867937e-12;1.8189894035458565e-12;
True,0.5,0,2,0,False,False,False,1.0,3.865352482534945e-12;4.547473508864641e-12;,3.865352482534945e-12;4.547473508864641e-12;
True,0.5,0,2,0,False,False,False,1.0,5.823607568738997e-12;1.2896317377896806e-11;,5.823607568738997e-12;1.2896317377896806e-11;
True,0.5,0,2,0,False,False,False,1.0,5.4569682106375694e-12;0.0;,5.4569682106375694e-12;0.0;
True,0.5,0,2,0,False,False,False,1.0,1.0645362554641566e-11;5.322681277320783e-12;,1.0645362554641566e-11;5.322681277320783e-12;
True,0.5,0,2,0,False,False,False,0.5,1050.5976051974524;,1.9426815345735873e-12;
True,0.5,0,2,0,False,False,False,1.0,1.0951766470309208e-11;6.366462912410498e-12;,1.0951766470309208e-11;6.366462912410498e-12;
True,0.5,0,2,0,False,False,False,1.0,2.9118037843694986e-12;7.290154618149881e-12;,2.9118037843694986e-12;7.290154618149881e-12;
True,0.5,0,2,0,False,False,False,0.5,1463.0175216895423;,6.1010759350204984e-12;
True,0.5,0,2,0,False,False,False,1.0,8.385126836667848e-12;8.580155856231252e-12;,8.385126836667848e-12;8.580155856231252e-12;
True,0.5,0,2,0,False,False,False,1.0,4.547473508864641e-12;4.067383956680332e-12;,4.547473508864641e-12;4.067383956680332e-12;
True,0.5,0,2,0,False,False,False,1.0,2.4933470057773444e-12;1.6770253673335696e-11;,2.4933470057773444e-12;1.6770253673335696e-11;
True,0.5,0,2,0,False,False,False,1.0,5.752149554916067e-12;1.8727642129282687e-11;,5.752149554916067e-12;1.8727642129282687e-11;
True,0.5,0,2,0,False,False,False,1.0,2.5724394843074972e-12;1.3642420526593924e-11;,2.5724394843074972e-12;1.3642420526593924e-11;
True,0.5,0,2,0,False,False,False,1.0,1.1368683772161603e-11;7.71731845292249e-12;,1.1368683772161603e-11;7.71731845292249e-12;
True,0.5,0,2,0,False,False,False,1.0,4.792409278788453e-12;4.547473508864641e-12;,4.792409278788453e-12;4.547473508864641e-12;
True,0.5,0,2,0,False,False,False,1.0,8.307894651123173e-12;1.2202151870040997e-11;,8.307894651123173e-12;1.2202151870040997e-11;
True,0.5,0,2,0,False,False,False,0.5,875.5446244676345;,5.8585271925614564e-12;
True,0.5,0,2,0,False,False,False,1.0,5.98126754901655e-12;9.094947017729282e-12;,5.98126754901655e-12;9.094947017729282e-12;
True,0.5,0,2,0,False,False,False,1.0,4.547473508864641e-12;5.1448789686149945e-12;,4.547473508864641e-12;5.1448789686149945e-12;
True,0.5,0,2,0,False,False,False,1.0,8.640199666842818e-12;1.4206761399521663e-11;,8.640199666842818e-12;1.4206761399521663e-11;
True,0.5,0,2,0,False,False,False,0.5,1060.1836289445307;,1.1395935949750917e-11;
True,0.5,0,2,0,False,False,False,1.0,7.332580706405269e-12;7.290154618149881e-12;,7.332580706405269e-12;7.290154618149881e-12;
True,0.5,0,2,0,False,False,False,0.5,882.3643120738042;,2.2737367544323206e-12;
True,0.5,0,2,0,False,False,False,1.0,7.499885442698834e-12;8.235824805649297e-12;,7.499885442698834e-12;8.235824805649297e-12;
True,0.5,0,2,0,False,False,False,1.0,5.98126754901655e-12;1.0289757937229989e-11;,5.98126754901655e-12;1.0289757937229989e-11;
True,0.5,0,2,0,False,False,False,1.0,1.185836009463428e-11;3.279229782005122e-12;,1.185836009463428e-11;3.279229782005122e-12;
True,0.5,0,2,0,False,False,False,1.0,2.2737367544323206e-12;4.290077928115626e-12;,2.2737367544323206e-12;4.290077928115626e-12;
True,0.5,0,2,0,False,False,False,1.0,1.1780172853266693e-11;7.275957614183426e-12;,1.1780172853266693e-11;7.275957614183426e-12;
True,0.5,0,2,0,False,False,False,0.5,1058.1029691626038;,1.7087854055767762e-11;
True,0.5,0,2,0,False,False,False,1.0,5.823607568738997e-12;2.033691978340166e-12;,5.823607568738997e-12;2.033691978340166e-12;
True,0.5,0,2,0,False,False,False,1.0,1.124982816404825e-11;1.2870233784346879e-11;,1.124982816404825e-11;1.2870233784346879e-11;
True,0.5,0,2,0,False,False,False,0.5,941.4332518846865;,5.475883235154604e-12;
True,0.5,0,2,0,False,False,False,1.0,4.897778860262864e-12;9.668061295755842e-12;,4.897778860262864e-12;9.668061295755842e-12;
True,0.5,0,2,0,False,False,False,1.0,2.2737367544323206e-12;9.795557720525728e-12;,2.2737367544323206e-12;9.795557720525728e-12;
True,0.5,0,2,0,False,False,False,0.5,825.2801865871932;,2.096281709166962e-12;
True,0.5,0,2,0,False,False,False,1.0,7.73070496506989e-12;6.558459564010244e-12;,7.73070496506989e-12;6.558459564010244e-12;
True,0.5,0,2,0,False,False,False,0.5,1109.178175798369;,7.77072613829435e-12;
True,0.5,0,2,0,False,False,False,0.5,898.0506585193364;,1.3021982397982677e-11;
True,0.5,0,2,0,False,False,False,1.0,6.62122137262533e-12;1.0606439709309235e-11;,6.62122137262533e-12;1.0606439709309235e-11;
True,0.5,0,2,0,False,False,False,0.5,971.2510047773778;,6.1852326820078106e-12;
True,0.5,0,2,0,False,False,False,1.0,0.0;1.19625350980331e-11;,0.0;1.19625350980331e-11;
True,0.5,0,2,0,False,False,False,0.5,1140.7472570334232;,7.103380699760832e-12;
True,0.5,0,2,0,False,False,False,0.5,377.37055602451545;,7.275957614183426e-12;
True,0.5,0,2,0,False,False,False,1.0,5.697967974875459e-12;6.62122137262533e-12;,5.697967974875459e-12;6.62122137262533e-12;
True,0.5,0,2,0,False,False,False,1.0,1.6370904631912708e-11;9.196696017241577e-12;,1.6370904631912708e-11;9.196696017241577e-12;
True,0.5,0,2,0,False,False,False,1.0,5.752149554916067e-12;6.558459564010244e-12;,5.752149554916067e-12;6.558459564010244e-12;
True,0.5,0,2,0,False,False,False,0.5,1398.1325730723102;,5.752149554916067e-12;
True,0.5,0,2,0,False,False,False,1.0,1.1647215137477994e-11;4.290077928115626e-12;,1.1647215137477994e-11;4.290077928115626e-12;
True,0.5,0,2,0,False,False,False,1.0,4.7477017273697814e-12;5.1448789686149945e-12;,4.7477017273697814e-12;5.1448789686149945e-12;
True,0.5,0,2,0,False,False,False,1.0,1.129568986323122e-11;9.094947017729282e-13;,1.129568986323122e-11;9.094947017729282e-13;
True,0.5,0,2,0,False,False,False,1.0,1.1647215137477994e-11;1.2862197421537486e-11;,1.1647215137477994e-11;1.2862197421537486e-11;
True,0.5,0,2,0,False,False,False,1.0,9.973388023109378e-12;5.752149554916067e-12;,9.973388023109378e-12;5.752149554916067e-12;
True,0.5,0,2,0,False,False,False,0.5,1392.753379568353;,4.897778860262864e-12;
True,0.5,0,2,0,False,False,False,1.0,9.140308630886366e-12;8.213824852731906e-12;,9.140308630886366e-12;8.213824852731906e-12;
True,0.5,0,2,0,False,False,False,0.5,1455.0316373656856;,1.2862197421537486e-12;
True,0.5,0,2,0,False,False,False,1.0,4.661160346586257e-12;7.275957614183426e-12;,4.661160346586257e-12;7.275957614183426e-12;
True,0.5,0,2,0,False,False,False,1.0,9.094947017729282e-12;1.0913936421275139e-11;,9.094947017729282e-12;1.0913936421275139e-11;
True,0.5,0,2,0,False,False,False,1.0,4.067383956680332e-12;7.71731845292249e-12;,4.067383956680332e-12;7.71731845292249e-12;
True,0.5,0,2,0,False,False,False,1.0,4.731339696874059e-12;1.3853010579375966e-11;,4.731339696874059e-12;1.3853010579375966e-11;
True,0.5,0,2,0,False,False,False,1.0,4.290077928115626e-12;1.0951766470309208e-11;,4.290077928115626e-12;1.0951766470309208e-11;
True,0.5,0,2,0,False,False,False,1.0,4.570154315443183e-12;6.62122137262533e-12;,4.570154315443183e-12;6.62122137262533e-12;
True,0.5,0,2,0,False,False,False,1.0,9.275062463698822e-12;6.62122137262533e-12;,9.275062463698822e-12;6.62122137262533e-12;
True,0.5,0,2,0,False,False,False,1.0,8.045301916788108e-12;1.0369835082193621e-11;,8.045301916788108e-12;1.0369835082193621e-11;
True,0.5,0,2,0,False,False,False,1.0,8.385126836667848e-12;7.019184086144892e-12;,8.385126836667848e-12;7.019184086144892e-12;
True,0.5,0,2,0,False,False,False,1.0,3.858659226461245e-12;6.3175521015408794e-12;,3.858659226461245e-12;6.3175521015408794e-12;
True,0.5,0,2,0,False,False,False,1.0,1.0998871059607903e-11;4.547473508864641e-12;,1.0998871059607903e-11;4.547473508864641e-12;
True,0.5,0,2,0,False,False,False,0.5,156.09740216367098;,4.067383956680332e-12;
True,0.5,0,2,0,False,False,False,0.5,538.892962741473;,5.1448789686149945e-12;
True,0.5,0,2,0,False,False,False,1.0,1.8749713606747085e-12;5.4569682106375694e-12;,1.8749713606747085e-12;5.4569682106375694e-12;
True,0.5,0,2,0,False,False,False,1.0,4.067383956680332e-12;1.1395935949750917e-11;,4.067383956680332e-12;1.1395935949750917e-11;
True,0.5,0,2,0,False,False,False,1.0,4.067383956680332e-12;1.3116919128020487e-11;,4.067383956680332e-12;1.3116919128020487e-11;
True,0.5,0,2,0,False,False,False,1.0,6.558459564010244e-12;4.637531231849411e-12;,6.558459564010244e-12;4.637531231849411e-12;
True,0.5,0,2,0,False,False,False,1.0,8.458789688001286e-12;4.290077928115626e-12;,8.458789688001286e-12;4.290077928115626e-12;
True,0.5,0,2,0,False,False,False,1.0,7.382645023905852e-12;5.022848662150528e-12;,7.382645023905852e-12;5.022848662150528e-12;
True,0.5,0,2,0,False,False,False,1.0,8.543927027883881e-12;5.4569682106375694e-12;,8.543927027883881e-12;5.4569682106375694e-12;
True,0.5,0,2,0,False,False,False,1.0,1.1395935949750917e-11;1.55414522765887e-11;,1.1395935949750917e-11;1.55414522765887e-11;
True,0.5,0,2,0,False,False,False,1.0,4.067383956680332e-12;5.532240293449121e-12;,4.067383956680332e-12;5.532240293449121e-12;
True,0.5,0,2,0,False,False,False,1.0,2.7284841053187847e-12;1.6090603833576217e-11;,2.7284841053187847e-12;1.6090603833576217e-11;
True,0.5,0,2,0,False,False,False,1.0,3.6315616093296963e-12;9.495403454739563e-12;,3.6315616093296963e-12;9.495403454739563e-12;
True,0.5,0,2,0,False,False,False,1.0,8.580155856231252e-12;9.129697224540838e-12;,8.580155856231252e-12;9.129697224540838e-12;
True,0.5,0,2,0,False,False,False,1.0,8.298360440173682e-12;6.1010759350204984e-12;,8.298360440173682e-12;6.1010759350204984e-12;
True,0.5,0,2,0,False,False,False,1.0,9.275062463698822e-12;8.829596408280667e-12;,9.275062463698822e-12;8.829596408280667e-12;
True,0.5,0,2,0,False,False,False,1.0,1.2370465364015621e-11;1.2862197421537486e-11;,1.2370465364015621e-11;1.2862197421537486e-11;
True,0.5,0,2,0,False,False,False,1.0,3.3801526904695734e-12;3.637978807091713e-12;,3.3801526904695734e-12;3.637978807091713e-12;
True,0.5,0,2,0,False,False,False,1.0,6.558459564010244e-12;5.4569682106375694e-12;,6.558459564010244e-12;5.4569682106375694e-12;
True,0.5,0,2,0,False,False,False,1.0,1.7938039421384038e-11;5.752149554916067e-12;,1.7938039421384038e-11;5.752149554916067e-12;
True,0.5,0,2,0,False,False,False,1.0,2.787067085621689e-12;1.5063505998114124e-12;,2.787067085621689e-12;1.5063505998114124e-12;
True,0.5,0,2,0,False,False,False,1.0,1.266779534233512e-11;1.0369835082193621e-11;,1.266779534233512e-11;1.0369835082193621e-11;
True,0.5,0,2,0,False,False,False,1.0,5.552062906224264e-12;9.668061295755842e-12;,5.552062906224264e-12;9.668061295755842e-12;
True,0.5,0,2,0,False,False,False,1.0,5.1448789686149945e-12;8.6282243323741e-12;,5.1448789686149945e-12;8.6282243323741e-12;
True,0.5,0,2,0,False,False,False,1.0,1.1504299109832135e-11;7.1179219241905815e-12;,1.1504299109832135e-11;7.1179219241905815e-12;
True,0.5,0,2,0,False,False,False,1.0,6.9414170513817895e-12;8.735411353108496e-12;,6.9414170513817895e-12;8.735411353108496e-12;
True,0.5,0,2,0,False,False,False,1.0,6.760305380939147e-12;6.1010759350204984e-12;,6.760305380939147e-12;6.1010759350204984e-12;
True,0.5,0,2,0,False,False,False,1.0,3.749942721349417e-12;1.3649997544965694e-11;,3.749942721349417e-12;1.3649997544965694e-11;
True,0.5,0,2,0,False,False,False,1.0,4.067383956680332e-12;6.1179998952292e-12;,4.067383956680332e-12;6.1179998952292e-12;
True,0.5,0,2,0,False,False,False,1.0,1.2862197421537486e-11;9.374856803373543e-12;,1.2862197421537486e-11;9.374856803373543e-12;
True,0.5,0,2,0,False,False,False,0.5,1192.3259399256337;,7.823769253302659e-12;
True,0.5,0,2,0,False,False,False,1.0,1.3830600733622805e-11;1.4665161412810538e-11;,1.3830600733622805e-11;1.4665161412810538e-11;
True,0.5,0,2,0,False,False,False,1.0,1.2370465364015621e-11;1.3520610761878294e-11;,1.2370465364015621e-11;1.3520610761878294e-11;
True,0.5,0,2,0,False,False,False,1.0,3.749942721349417e-12;9.363821064641343e-12;,3.749942721349417e-12;9.363821064641343e-12;
True,0.5,0,2,0,False,False,False,1.0,4.547473508864641e-12;3.279229782005122e-12;,4.547473508864641e-12;3.279229782005122e-12;
True,0.5,0,2,0,False,False,False,1.0,1.2862197421537486e-11;5.9117155615240335e-12;,1.2862197421537486e-11;5.9117155615240335e-12;
True,0.5,0,2,0,False,False,False,1.0,3.183231456205249e-12;1.2805801671064476e-11;,3.183231456205249e-12;1.2805801671064476e-11;
True,0.5,0,2,0,False,False,False,0.5,681.0298062873873;,4.637531231849411e-12;
True,0.5,0,2,0,False,False,False,0.5,1094.973790758335;,1.22359997904584e-11;
True,0.5,0,2,0,False,False,False,1.0,2.7284841053187847e-12;7.558251190218771e-12;,2.7284841053187847e-12;7.558251190218771e-12;
True,0.5,0,2,0,False,False,False,1.0,9.094947017729282e-12;6.431098710768743e-12;,9.094947017729282e-12;6.431098710768743e-12;
True,0.5,0,2,0,False,False,False,1.0,3.279229782005122e-12;3.641640700090781e-12;,3.279229782005122e-12;3.641640700090781e-12;
True,0.5,0,2,0,False,False,False,1.0,3.2999795569068737e-12;2.5547939292487434e-12;,3.2999795569068737e-12;2.5547939292487434e-12;
True,0.5,0,2,0,False,False,False,1.0,6.62122137262533e-12;2.033691978340166e-12;,6.62122137262533e-12;2.033691978340166e-12;
True,0.5,0,2,0,False,False,False,1.0,5.752149554916067e-12;3.638422869199817e-12;,5.752149554916067e-12;3.638422869199817e-12;
True,0.5,0,2,0,False,False,False,1.0,1.19625350980331e-11;1.543463690584498e-11;,1.19625350980331e-11;1.543463690584498e-11;
True,0.5,0,2,0,False,False,False,1.0,7.290154618149881e-12;1.1064480586898243e-11;,7.290154618149881e-12;1.1064480586898243e-11;
True,0.5,0,2,0,False,False,False,0.5,1086.1985782803467;,9.094947017729282e-12;
True,0.5,0,2,0,False,False,False,1.0,7.290154618149881e-12;7.823769253302659e-12;,7.290154618149881e-12;7.823769253302659e-12;
True,0.5,0,2,0,False,False,False,1.0,5.752149554916067e-12;1.1395935949750917e-11;,5.752149554916067e-12;1.1395935949750917e-11;
True,0.5,0,2,0,False,False,False,0.5,1322.8847046963729;,3.885363069147175e-12;
True,0.5,0,2,0,False,False,False,1.0,1.0289757937229989e-11;5.752149554916067e-12;,1.0289757937229989e-11;5.752149554916067e-12;
True,0.5,0,2,0,False,False,False,0.5,427.1583661727494;,1.124982816404825e-11;
True,0.5,0,2,0,False,False,False,0.5,1485.618855164522;,3.279229782005122e-12;
True,0.5,0,2,0,False,False,False,1.0,9.592905876037998e-12;1.0951766470309208e-11;,9.592905876037998e-12;1.0951766470309208e-11;
True,0.5,0,2,0,False,False,False,1.0,1.3642420526593924e-12;1.0369835082193621e-11;,1.3642420526593924e-12;1.0369835082193621e-11;
True,0.5,0,2,0,False,False,False,0.5,1192.868977936751;,1.0616183799292005e-11;
True,0.5,0,2,0,False,False,False,1.0,6.1852326820078106e-12;3.749942721349417e-12;,6.1852326820078106e-12;3.749942721349417e-12;
True,0.5,0,2,0,False,False,False,0.5,1019.834333215384;,8.957483989248525e-12;
True,0.5,0,2,0,False,False,False,1.0,9.795557720525728e-12;3.279229782005122e-12;,9.795557720525728e-12;3.279229782005122e-12;
True,0.5,0,2,0,False,False,False,1.0,5.303219854654618e-12;9.837689346015367e-12;,5.303219854654618e-12;9.837689346015367e-12;
True,0.5,0,2,0,False,False,False,1.0,6.558459564010244e-12;8.134767913360665e-12;,6.558459564010244e-12;8.134767913360665e-12;
True,0.5,0,2,0,False,False,False,1.0,8.735411353108496e-12;3.749942721349417e-12;,8.735411353108496e-12;3.749942721349417e-12;
True,0.5,0,2,0,False,False,False,1.0,5.752149554916067e-12;6.62122137262533e-12;,5.752149554916067e-12;6.62122137262533e-12;
True,0.5,0,2,0,False,False,False,1.0,4.687428401686771e-12;6.3175521015408794e-12;,4.687428401686771e-12;6.3175521015408794e-12;
True,0.5,0,2,0,False,False,False,1.0,1.8189894035458565e-12;1.1377775084108001e-11;,1.8189894035458565e-12;1.1377775084108001e-11;
True,0.5,0,2,0,False,False,False,1.0,5.823607568738997e-12;1.2108582228115072e-11;,5.823607568738997e-12;1.2108582228115072e-11;
True,0.5,0,2,0,False,False,False,1.0,7.71731845292249e-12;3.35050849869881e-12;,7.71731845292249e-12;3.35050849869881e-12;
True,0.5,0,2,0,False,False,False,1.0,6.093656922192802e-12;1.8189894035458565e-12;,6.093656922192802e-12;1.8189894035458565e-12;
True,0.5,0,2,0,False,False,False,0.5,1435.17680853926;,7.332580706405269e-12;
True,0.5,0,2,0,False,False,False,1.0,6.558459564010244e-12;8.957483989248525e-12;,6.558459564010244e-12;8.957483989248525e-12;
True,0.5,0,2,0,False,False,False,1.0,1.0951766470309208e-11;7.568504305296864e-12;,1.0951766470309208e-11;7.568504305296864e-12;
True,0.5,0,2,0,False,False,False,1.0,7.499885442698834e-12;9.795557720525728e-12;,7.499885442698834e-12;9.795557720525728e-12;
True,0.5,0,2,0,False,False,False,1.0,5.752149554916067e-12;2.2737367544323206e-13;,5.752149554916067e-12;2.2737367544323206e-13;
True,0.5,0,2,0,False,False,False,1.0,9.495403454739563e-12;5.1448789686149945e-12;,9.495403454739563e-12;5.1448789686149945e-12;
True,0.5,0,2,0,False,False,False,1.0,4.570154315443183e-12;7.103380699760832e-12;,4.570154315443183e-12;7.103380699760832e-12;
True,0.5,0,3,0,False,False,False,0.6666666666666666,910.7693809366615;1.0655071049641248e-11;,9.795557720525728e-12;4.547473508864641e-13;
True,0.5,0,3,0,False,False,False,0.6666666666666666,9.275062463698822e-12;1193.806352062703;,5.752149554916067e-12;8.458789688001286e-12;
True,0.5,0,3,0,False,False,False,0.6666666666666666,1396.3959437249785;8.829596408280667e-12;,4.834030647877921e-12;5.752149554916067e-12;
True,0.5,0,3,0,False,False,False,0.6666666666666666,451.7918699996303;1.0951766470309208e-11;,8.829596408280667e-12;3.637978807091713e-12;
True,0.5,0,3,0,False,False,False,1.0,3.279229782005122e-12;5.64784493161561e-12;7.71731845292249e-12;,9.931832058937996e-12;1.9426815345735873e-12;3.858659226461245e-12;
True,0.5,0,3,0,False,False,False,0.6666666666666666,1476.2294697070918;2.033691978340166e-12;,1.2005674564028673e-11;9.06077677662837e-12;
True,0.5,0,3,0,False,False,False,1.0,9.140308630886366e-12;7.499885442698834e-12;1.55414522765887e-11;,1.016845989170083e-11;9.094947017729282e-12;9.094947017729282e-12;
True,0.5,0,3,0,False,False,False,0.6666666666666666,1199.0119062574472;1.2732925824820995e-11;,1.0289757937229989e-11;1.3116919128020487e-11;
True,0.5,0,3,0,False,False,False,1.0,1.791496797849705e-11;8.134767913360665e-12;1.4999770885397668e-11;,1.124982816404825e-11;1.2202151870040997e-11;9.094947017729282e-12;
True,0.5,0,3,0,False,False,False,0.6666666666666666,1.2926348430075355e-11;454.5592049409;,3.310610686312665e-12;5.4569682106375694e-12;
True,0.5,0,3,0,False,False,False,1.0,1.3853010579375966e-11;1.8189894035458565e-11;1.77351466845721e-11;,5.752149554916067e-12;1.0606439709309235e-11;2.2737367544323206e-12;
True,0.5,0,3,0,False,False,False,1.0,1.1101797659406386e-11;4.774847184307873e-12;4.547473508864641e-12;,6.558459564010244e-12;4.986694011554689e-12;9.094947017729282e-12;
True,0.5,0,3,0,False,False,False,0.6666666666666666,1133.6932685776724;1.6370904631912708e-11;,3.749942721349417e-12;9.795557720525728e-12;
True,0.5,0,3,0,False,False,False,1.0,3.749942721349417e-12;1.7659192816561335e-11;6.62122137262533e-12;,1.016845989170083e-11;7.275957614183426e-12;4.637531231849411e-12;
True,0.5,0,3,0,False,False,False,1.0,3.858659226461245e-12;1.1064480586898243e-11;3.749942721349417e-12;,2.448889430131432e-12;1.1823431123048067e-11;9.275062463698822e-12;
True,0.5,0,3,0,False,False,False,0.6666666666666666,1355.2772509705444;1.2635104203081759e-11;,8.385126836667848e-12;2.7284841053187847e-12;
True,0.5,0,3,0,False,False,False,1.0,7.499885442698834e-12;7.332580706405269e-12;5.475883235154604e-12;,9.094947017729282e-12;4.547473508864641e-12;5.475883235154604e-12;
True,0.5,0,3,0,False,False,False,0.6666666666666666,451.961128045835;5.1448789686149945e-12;,4.067383956680332e-12;4.547473508864641e-12;
True,0.5,0,3,0,False,False,False,1.0,1.1647215137477994e-11;1.1101797659406386e-11;7.402750541632352e-12;,1.6471649611298594e-11;1.8189894035458565e-12;6.431098710768743e-13;
True,0.5,0,3,0,False,False,False,1.0,1.1064480586898243e-11;1.1823431123048067e-11;5.303219854654618e-12;,1.324244274525066e-11;5.1448789686149945e-12;2.8760747774580336e-12;
True,0.5,0,3,0,False,False,False,0.6666666666666666,1173.5775315948922;4.067383956680332e-12;,8.134767913360665e-12;4.067383956680332e-12;
True,0.5,0,3,0,False,False,False,1.0,6.565414878423326e-12;4.367705676554248e-12;1.55414522765887e-11;,6.57328457488275e-12;6.402900835532238e-12;1.0289757937229989e-11;
True,0.5,0,3,0,False,False,False,1.0,2.448889430131432e-12;7.71731845292249e-12;1.124982816404825e-11;,6.1179998952292e-12;1.6770253673335696e-11;1.0645362554641566e-11;
True,0.5,0,3,0,False,False,False,0.6666666666666666,606.0251897770061;1.3520610761878294e-11;,1.8749713606747085e-12;2.5724394843074972e-12;
True,0.5,0,3,0,False,False,False,1.0,5.4569682106375694e-12;7.499885442698834e-12;1.016845989170083e-11;,5.752149554916067e-12;6.62122137262533e-12;1.6770253673335696e-11;
True,0.5,0,3,0,False,False,False,0.6666666666666666,4.547473508864641e-12;1487.787561086844;,1.8749713606747085e-12;2.6334213054948354e-12;
True,0.5,0,3,0,False,False,False,1.0,7.499885442698834e-12;1.828061726177273e-11;1.5706897137688923e-11;,1.9336122591511685e-11;1.0606439709309235e-11;3.183231456205249e-12;
True,0.5,0,3,0,False,False,False,0.6666666666666666,843.2469015569474;2.5724394843074972e-12;,7.332580706405269e-12;1.3116919128020487e-11;
True,0.5,0,3,0,False,False,False,0.6666666666666666,1489.105142559301;1.2732925824820995e-11;,2.033691978340166e-12;5.752149554916067e-12;
True,0.5,0,3,0,False,False,False,1.0,5.084229945850415e-12;5.1448789686149945e-12;1.3520610761878294e-11;,4.7477017273697814e-12;5.1448789686149945e-12;6.62122137262533e-12;
True,0.5,0,3,0,False,False,False,1.0,1.4805501083264704e-11;7.71731845292249e-12;1.9591115441051456e-11;,9.837689346015367e-12;1.2862197421537486e-11;9.094947017729282e-12;
True,0.5,0,3,0,False,False,False,1.0,4.067383956680332e-12;6.558459564010244e-12;1.9185811752075995e-11;,5.823607568738997e-12;7.77072613829435e-12;8.957483989248525e-12;
True,0.5,0,3,0,False,False,False,0.6666666666666666,1249.4353581975129;2.019405957178107e-11;,4.897778860262864e-12;6.1852326820078106e-12;
True,0.5,0,3,0,False,False,False,0.6666666666666666,3.6662903532026344e-12;925.5788640249326;,9.374856803373543e-12;2.9118037843694986e-12;
True,0.5,0,3,0,False,False,False,0.6666666666666666,1.2732925824820995e-11;1015.9419225667446;,6.1010759350204984e-12;5.492674588787416e-12;
True,0.5,0,3,0,False,False,False,1.0,1.1647215137477994e-11;1.639614891002561e-11;1.9591115441051456e-11;,5.1448789686149945e-12;1.8749713606747085e-11;1.3853010579375966e-11;
True,0.5,0,3,0,False,False,False,0.6666666666666666,580.6095164619445;1.124982816404825e-11;,3.749942721349417e-12;1.3860472476270089e-11;
True,0.5,0,3,0,False,False,False,1.0,1.4380373887290168e-12;6.510991198991339e-12;1.1101797659406386e-11;,3.2155493553843714e-12;3.637978807091713e-12;1.3021982397982677e-11;
True,0.5,0,3,0,False,False,False,1.0,6.510991198991339e-12;1.3116919128020487e-11;5.98126754901655e-12;,1.2862197421537486e-12;2.033691978340166e-12;6.821210263296962e-12;
True,0.5,0,3,0,False,False,False,1.0,3.279229782005122e-12;7.499885442698834e-12;8.045301916788108e-12;,9.795557720525728e-12;1.469333658078859e-11;3.885363069147175e-12;
True,0.5,0,3,0,False,False,False,1.0,1.0606439709309235e-11;5.1448789686149945e-12;8.385126836667848e-12;,4.897778860262864e-12;1.1395935949750917e-11;5.823607568738997e-12;
True,0.5,0,3,0,False,False,False,1.0,1.0606439709309235e-11;5.697967974875459e-12;1.3830600733622805e-11;,8.580155856231252e-12;4.4787419946242626e-12;6.510991198991339e-12;
True,0.5,0,3,0,False,False,False,0.6666666666666666,1.241218711944037e-11;477.7483871579445;,4.4787419946242626e-12;4.547473508864641e-12;
True,0.5,0,3,0,False,False,False,1.0,1.3021982397982677e-11;6.558459564010244e-12;4.687428401686771e-12;,3.279229782005122e-12;1.0045697324301055e-11;4.414798204140334e-12;
True,0.5,0,3,0,False,False,False,1.0,6.558459564010244e-12;9.094947017729282e-12;7.103380699760832e-12;,6.926505289687983e-12;6.558459564010244e-12;9.837689346015367e-12;
True,0.5,0,3,0,False,False,False,0.6666666666666666,1392.1808614948795;1.1504299109832135e-11;,2.033691978340166e-12;1.3116919128020487e-11;
True,0.5,0,3,0,False,False,False,1.0,5.1448789686149945e-12;1.016845989170083e-12;8.6282243323741e-12;,2.5724394843074972e-12;4.290077928115626e-12;2.448889430131432e-12;
True,0.5,0,3,0,False,False,False,0.6666666666666666,238.2636102218013;1.8240981371610888e-11;,3.6662903532026344e-12;1.2635104203081759e-11;
True,0.5,0,3,0,False,False,False,1.0,9.795557720525728e-12;1.4999770885397668e-11;1.55414522765887e-11;,6.558459564010244e-12;8.134767913360665e-12;5.4569682106375694e-12;
True,0.5,0,3,0,False,False,False,1.0,8.385126836667848e-12;1.9046820025742853e-12;8.385126836667848e-12;,1.0951766470309208e-11;8.767671973396745e-12;5.4569682106375694e-12;
True,0.5,0,3,0,False,False,False,1.0,1.6471649611298594e-11;4.570154315443183e-12;7.458411103860602e-12;,1.3642420526593924e-11;7.823769253302659e-12;4.192563418333924e-12;
True,0.5,0,3,0,False,False,False,0.6666666666666666,1368.6222030883614;1.669610333072871e-11;,3.0926163410039053e-12;1.016845989170083e-11;
True,0.5,0,3,0,False,False,False,0.6666666666666666,734.1171582217543;1.639614891002561e-11;,1.3853010579375966e-11;1.3021982397982677e-11;
True,0.5,0,3,0,False,False,False,1.0,8.385126836667848e-12;9.275062463698822e-12;2.7284841053187847e-12;,2.2737367544323206e-12;5.823607568738997e-12;1.0655071049641248e-11;
True,0.5,0,3,0,False,False,False,1.0,2.033691978340166e-12;1.2202151870040997e-11;5.752149554916067e-12;,3.749942721349417e-12;1.6471649611298594e-11;8.134767913360665e-12;
True,0.5,0,3,0,False,False,False,1.0,1.2934344934663288e-11;6.431098710768743e-12;9.094947017729282e-12;,7.499885442698834e-12;1.0369835082193621e-11;5.752149554916067e-12;
True,0.5,0,3,0,False,False,False,1.0,1.9638558007217565e-11;1.55414522765887e-11;6.926505289687983e-12;,9.973388023109378e-12;1.3853010579375966e-11;9.094947017729282e-13;
True,0.5,0,3,0,False,False,False,1.0,4.067383956680332e-12;7.332580706405269e-12;9.275062463698822e-12;,5.4569682106375694e-12;6.62122137262533e-12;6.62122137262533e-12;
True,0.5,0,3,0,False,False,False,1.0,3.533562673038248e-12;1.1504299109832135e-11;1.3520610761878294e-11;,7.130677812903614e-12;8.134767913360665e-12;1.1504299109832135e-11;
True,0.5,0,3,0,False,False,False,1.0,9.140308630886366e-12;3.749942721349417e-12;1.0379801288321075e-11;,1.0645362554641566e-11;4.067383956680332e-12;6.1852326820078106e-12;
True,0.5,0,3,0,False,False,False,0.6666666666666666,3.858659226461245e-12;1322.7233274697614;,9.363821064641343e-12;7.103380699760832e-12;
True,0.5,0,3,0,False,False,False,1.0,9.275062463698822e-12;5.823607568738997e-12;1.4665161412810538e-11;,4.067383956680332e-12;1.0369835082193621e-11;1.1647215137477994e-11;
True,0.5,0,3,0,False,False,False,1.0,1.1101797659406386e-11;1.3021982397982677e-11;5.308091899646002e-12;,1.0951766470309208e-11;9.973388023109378e-12;4.149180220086841e-12;
True,0.5,0,3,0,False,False,False,1.0,5.4569682106375694e-12;1.0951766470309208e-11;5.9117155615240335e-12;,9.094947017729282e-12;3.637978807091713e-12;4.1179124028246485e-12;
True,0.5,0,3,0,False,False,False,0.6666666666666666,1.513700861059373e-11;591.678954379045;,4.547473508864641e-12;1.0606439709309235e-11;
True,0.5,0,3,0,False,False,False,1.0,1.324244274525066e-11;1.0782883420123995e-11;8.045301916788108e-12;,1.7160311712462504e-11;1.0935231927224821e-11;1.3642420526593924e-12;
True,0.5,0,3,0,False,False,False,1.0,1.324244274525066e-11;1.8189894035458565e-11;4.637531231849411e-12;,1.0951766470309208e-11;8.134767913360665e-12;1.0045697324301055e-11;
True,0.5,0,3,0,False,False,False,0.6666666666666666,310.70963379830573;0.0;,1.1647215137477994e-11;5.322681277320783e-12;
True,0.5,0,3,0,False,False,False,0.6666666666666666,1.324244274525066e-11;806.8608909184514;,8.134767913360665e-12;1.185836009463428e-11;
True,0.5,0,3,0,False,False,False,1.0,9.330635534153404e-12;3.310610686312665e-12;9.275062463698822e-12;,6.8815761325920705e-12;4.192563418333924e-12;2.7284841053187847e-12;
True,0.5,0,3,0,False,False,False,1.0,2.7284841053187847e-12;1.1656089207441525e-11;1.8393392034483154e-11;,1.124982816404825e-11;7.71731845292249e-12;1.0606439709309235e-11;
True,0.5,0,3,0,False,False,False,1.0,1.2862197421537486e-11;1.976451477467047e-11;1.0259567873325503e-11;,7.499885442698834e-12;7.941821057362622e-12;6.558459564010244e-12;
True,0.5,0,3,0,False,False,False,1.0,9.094947017729282e-12;1.3853010579375966e-11;5.532240293449121e-12;,1.3116919128020487e-11;4.897778860262864e-12;8.134767913360665e-12;
True,0.5,0,3,0,False,False,False,0.3333333333333333,962.2630202380697;,4.067383956680332e-12;
True,0.5,0,3,0,False,False,False,1.0,2.5724394843074972e-12;1.0606439709309235e-11;4.547473508864641e-12;,6.558459564010244e-12;3.637978807091713e-12;3.551690349880416e-12;
True,0.5,0,3,0,False,False,False,1.0,1.0913936421275139e-11;1.2862197421537486e-11;1.543463690584498e-11;,1.000444171950221e-11;1.0606439709309235e-11;2.5724394843074972e-12;
True,0.5,0,3,0,False,False,False,1.0,1.016845989170083e-11;9.196696017241577e-12;1.4999770885397668e-11;,7.275957614183426e-12;1.2544764307798434e-11;1.4999770885397668e-11;
True,0.5,0,3,0,False,False,False,1.0,5.322681277320783e-12;1.2732925824820995e-11;1.2635104203081759e-11;,1.3680263652069083e-11;1.0606439709309235e-11;7.77072613829435e-12;
True,0.5,0,3,0,False,False,False,0.6666666666666666,809.6373495221931;1.4665161412810538e-11;,9.549694368615746e-12;1.1064480586898243e-11;
True,0.5,0,3,0,False,False,False,1.0,1.3520610761878294e-11;1.2202151870040997e-11;8.6282243323741e-12;,8.580155856231252e-12;4.547473508864641e-12;9.592905876037998e-12;
True,0.5,0,3,0,False,False,False,1.0,2.8760747774580336e-12;1.1368683772161603e-11;1.7160311712462504e-11;,7.77072613829435e-12;1.1395935949750917e-11;7.71731845292249e-12;
True,0.5,0,3,0,False,False,False,1.0,1.2870233784346879e-11;5.717216008943141e-12;7.941821057362622e-12;,1.107382164435505e-11;1.0118128557223827e-11;6.1852326820078106e-12;
True,0.5,0,3,0,False,False,False,1.0,1.2862197421537486e-12;9.094947017729282e-13;1.8189894035458565e-12;,9.00353819507624e-12;0.0;9.795557720525728e-12;
True,0.5,0,3,0,False,False,False,1.0,1.7405599654925608e-11;1.5706897137688923e-11;1.4551915228366852e-11;,8.735411353108496e-12;8.829596408280667e-12;1.1504299109832135e-11;
True,0.5,0,3,0,False,False,False,0.6666666666666666,772.836227799528;1.0606439709309235e-11;,6.62122137262533e-12;3.637978807091713e-12;
True,0.5,0,3,0,False,False,False,0.6666666666666666,1196.604119711857;5.002220859751105e-12;,1.1797166526842235e-11;8.045301916788108e-12;
True,0.5,0,3,0,False,False,False,0.6666666666666666,1338.9372867156262;6.1179998952292e-12;,1.0219175716994974e-11;2.2737367544323206e-12;
True,0.5,0,3,0,False,False,False,0.6666666666666666,887.0705040028759;1.3642420526593924e-11;,5.752149554916067e-12;1.0645362554641566e-11;
True,0.5,0,3,0,False,False,False,1.0,7.919004368553941e-12;1.8990806909479126e-11;1.1823431123048067e-11;,9.57402483956107e-12;5.4569682106375694e-12;8.580155856231252e-12;
True,0.5,0,3,0,False,False,False,0.6666666666666666,1276.3911395032865;1.2732925824820995e-11;,7.332580706405269e-12;1.3021982397982677e-11;
True,0.5,0,3,0,False,False,False,1.0,7.275957614183426e-12;6.558459564010244e-12;3.981068924734502e-12;,8.385126836667848e-12;4.637531231849411e-12;3.994033970818958e-12;
True,0.5,0,3,0,False,False,False,0.6666666666666666,1110.1182359669922;4.560245342902722e-12;,9.275062463698822e-12;1.0435064581705444e-11;
True,0.5,0,3,0,False,False,False,1.0,1.2202151870040997e-11;6.37052186271917e-12;7.73070496506989e-12;,5.1448789686149945e-12;1.1307126223215487e-11;3.183231456205249e-12;
True,0.5,0,3,0,False,False,False,1.0,1.4999770885397668e-11;9.795557720525728e-12;1.1620552267395977e-11;,1.1064480586898243e-11;1.2862197421537486e-12;5.475883235154604e-12;
True,0.5,0,3,0,False,False,False,1.0,3.637978807091713e-12;1.524590935718171e-11;1.828061726177273e-11;,1.2370465364015621e-11;1.4038368172289785e-11;1.8189894035458565e-11;
True,0.5,0,3,0,False,False,False,0.6666666666666666,1478.2611395377917;5.499435529803952e-12;,1.0379801288321075e-11;7.448006433223417e-12;
True,0.5,0,3,0,False,False,False,1.0,5.1448789686149945e-12;9.795557720525728e-12;1.4580309236299762e-11;,5.322681277320783e-12;1.8189894035458565e-12;1.7160311712462504e-11;
True,0.5,0,3,0,False,False,False,1.0,1.0289757937229989e-11;6.206093559720185e-12;7.332580706405269e-12;,7.332580706405269e-12;9.374856803373542e-13;2.033691978340166e-12;
True,0.5,0,3,0,False,False,False,0.6666666666666666,6.431098710768743e-12;636.7742446293449;,1.639614891002561e-12;7.275957614183426e-12;
True,0.5,0,3,0,False,False,False,0.6666666666666666,204.22189391592576;1.1647215137477994e-11;,6.3175521015408794e-12;7.332580706405269e-12;
True,0.5,0,3,0,False,False,False,0.6666666666666666,1.3920023652657589e-11;1463.1527248512637;,4.067383956680332e-12;1.124982816404825e-11;
True,0.5,0,3,0,False,False,False,0.6666666666666666,1.4805501083264704e-11;997.7484903062963;,7.499885442698834e-12;5.550898829703193e-12;
True,0.5,0,3,0,False,False,False,0.6666666666666666,100.33140015090143;5.532240293449121e-12;,4.897778860262864e-12;4.637531231849411e-12;
True,0.5,0,3,0,False,False,False,0.6666666666666666,145.8545109033516;6.699827423019127e-12;,7.1179219241905815e-12;7.276416434076294e-12;
True,0.5,0,3,0,False,False,False,1.0,1.324244274525066e-11;8.045301916788108e-12;6.3175521015408794e-12;,7.499885442698834e-12;1.0809221133972381e-11;4.547473508864641e-12;
True,0.5,0,3,0,False,False,False,1.0,6.558459564010244e-12;2.033691978340166e-12;6.3484200114741625e-12;,6.558459564010244e-12;9.094947017729282e-12;7.302775588075795e-12;
True,0.5,0,3,0,False,False,False,1.0,4.547473508864641e-12;1.2862197421537486e-11;1.2202151870040997e-11;,1.0645362554641566e-11;5.303219854654618e-12;7.275957614183426e-12;
True,0.5,0,3,0,False,False,False,1.0,6.1010759350204984e-12;4.547473508864641e-12;1.4999770885397668e-11;,0.0;8.134767913360665e-12;1.1647215137477994e-11;
True,0.5,0,3,0,False,False,False,1.0,1.72564486647482e-11;7.823769253302659e-12;5.1448789686149945e-12;,5.1448789686149945e-12;2.7661201467245607e-12;9.495403454739563e-12;
True,0.5,0,3,0,False,False,False,1.0,5.303219854654618e-12;1.0913936421275139e-11;5.532240293449121e-12;,1.0577153579663907e-11;9.275062463698822e-12;4.067383956680332e-12;
True,0.5,0,3,0,False,False,False,0.6666666666666666,1268.6227129519364;1.4380373887290167e-11;,8.198074455012805e-12;3.637978807091713e-12;
True,0.5,0,3,0,False,False,False,1.0,7.275957614183426e-12;8.735411353108496e-12;1.3853010579375966e-11;,4.067383956680332e-12;3.749942721349417e-12;7.275957614183426e-12;
True,0.5,0,3,0,False,False,False,1.0,6.558459564010244e-12;1.8189894035458565e-12;1.4235843848381163e-11;,9.140308630886366e-12;3.279229782005122e-12;1.4916822207721204e-11;
True,0.5,0,3,0,False,False,False,1.0,3.749942721349417e-12;7.458411103860602e-12;1.72564486647482e-11;,1.1064480586898243e-11;3.551690349880416e-12;6.558459564010244e-12;
True,0.5,0,3,0,False,False,False,1.0,3.0014186410071682e-12;2.8760747774580336e-12;7.499885442698834e-12;,7.298128296362863e-12;7.332580706405269e-12;9.094947017729282e-12;
True,0.5,0,3,0,False,False,False,1.0,6.1852326820078106e-12;1.2862197421537486e-11;9.973388023109378e-12;,6.9562968477741175e-12;1.1064480586898243e-11;7.941821057362622e-12;
True,0.5,0,3,0,False,False,False,0.6666666666666666,1412.962618516989;8.580155856231252e-12;,5.752149554916067e-12;7.103380699760832e-12;
True,0.5,0,3,0,False,False,False,0.6666666666666666,397.6357264188717;2.8760747774580336e-12;,1.0289757937229989e-11;6.926505289687983e-12;
True,0.5,0,3,0,False,False,False,1.0,7.499885442698834e-12;9.795557720525728e-12;1.3116919128020487e-11;,4.067383956680332e-12;3.749942721349417e-12;9.140308630886366e-12;
True,0.5,0,3,0,False,False,False,0.6666666666666666,844.1293709834828;7.77072613829435e-12;,3.279229782005122e-12;1.1504299109832135e-11;
True,0.5,0,3,0,False,False,False,1.0,1.3853010579375966e-11;8.045301916788108e-12;1.2926348430075355e-11;,5.752149554916067e-12;4.547473508864641e-13;2.7284841053187847e-12;
True,0.5,0,3,0,False,False,False,0.6666666666666666,7.275957614183426e-12;776.3097468350312;,9.795557720525728e-12;6.1010759350204984e-12;
True,0.5,0,3,0,False,False,False,1.0,1.2134172779157174e-11;1.124982816404825e-11;3.749942721349417e-12;,6.431098710768743e-12;1.1823431123048067e-11;3.749942721349417e-12;
True,0.5,0,3,0,False,False,False,0.6666666666666666,5.752149554916067e-12;1088.853331300898;,4.897778860262864e-12;1.19625350980331e-11;
True,0.5,0,3,0,False,False,False,1.0,1.2862197421537486e-11;7.77072613829435e-12;2.30829078921567e-12;,1.0606439709309235e-11;5.532240293449121e-12;1.0435064581705444e-12;
True,0.5,0,3,0,False,False,False,1.0,1.6471649611298594e-11;1.642764970546381e-11;3.749942721349417e-12;,1.1647215137477994e-11;7.941821057362622e-12;4.897778860262864e-12;
True,0.5,0,3,0,False,False,False,0.6666666666666666,1.3520610761878294e-11;752.3165158589663;,3.0505379675102492e-12;5.109587858497487e-12;
True,0.5,0,3,0,False,False,False,1.0,1.2005674564028673e-11;9.795557720525728e-12;1.4805501083264704e-11;,1.46157241760995e-11;5.475883235154604e-12;1.0951766470309208e-11;
True,0.5,0,3,0,False,False,False,1.0,1.2202151870040997e-11;4.547473508864641e-12;1.8189894035458565e-12;,8.134767913360665e-12;8.580155856231252e-12;3.279229782005122e-12;
True,0.5,0,3,0,False,False,False,1.0,1.8189894035458565e-12;9.795557720525728e-12;8.185452315956354e-12;,4.547473508864641e-12;7.71731845292249e-12;9.140308630886366e-12;
True,0.5,0,3,0,False,False,False,1.0,5.1448789686149945e-12;1.850687635408088e-12;1.0289757937229989e-11;,1.0369835082193621e-11;3.0014186410071682e-12;7.332580706405269e-12;
True,0.5,0,3,0,False,False,False,1.0,1.0951766470309208e-11;9.795557720525728e-12;6.261038749023266e-12;,8.385126836667848e-12;9.094947017729282e-12;6.2939809757455845e-12;
True,0.5,0,3,0,False,False,False,1.0,7.103380699760832e-12;1.524590935718171e-11;1.5007093205035841e-12;,2.5724394843074972e-12;6.558459564010244e-12;2.7432471397363894e-12;
True,0.5,0,3,0,False,False,False,1.0,1.2765366452748093e-11;1.4580309236299762e-11;1.7160311712462504e-11;,9.795557720525728e-12;7.275957614183426e-12;1.1504299109832135e-11;
True,0.5,0,3,0,False,False,False,0.6666666666666666,1250.599116840753;3.279229782005122e-12;,9.140308630886366e-12;7.823769253302659e-12;
True,0.5,0,3,0,False,False,False,0.6666666666666666,1142.9276202980043;9.094947017729282e-12;,1.5116502380437543e-11;2.033691978340166e-12;
True,0.5,0,3,0,False,False,False,1.0,2.000888343900442e-11;7.971060832896048e-12;1.3116919128020487e-11;,1.4206761399521663e-11;5.327535524820624e-12;5.1448789686149945e-12;
True,0.5,0,3,0,False,False,False,0.6666666666666666,6.9414170513817895e-12;1198.473355750708;,1.3642420526593924e-12;3.749942721349417e-12;
True,0.5,0,3,0,False,False,False,1.0,1.2862197421537486e-11;3.6662903532026344e-12;4.637531231849411e-12;,1.324244274525066e-11;4.192563418333924e-12;5.823607568738997e-12;
True,0.5,0,3,0,False,False,False,1.0,1.8749713606747085e-11;3.2554955994956693e-12;3.749942721349417e-12;,1.2635104203081759e-11;2.096281709166962e-12;3.749942721349417e-12;
True,0.5,0,3,0,False,False,False,1.0,9.094947017729282e-12;8.543927027883881e-12;1.71180820186407e-11;,3.637978807091713e-12;2.2737367544323206e-12;1.1504299109832135e-11;
True,0.5,0,3,0,False,False,False,0.6666666666666666,1218.1336842783414;6.821210263296962e-12;,8.385126836667848e-12;8.580155856231252e-12;
True,0.5,0,3,0,False,False,False,0.6666666666666666,769.8323937186568;9.374856803373543e-12;,7.103380699760832e-12;3.279229782005122e-12;
True,0.5,0,3,0,False,False,False,1.0,8.936582735931422e-12;1.1148268342486756e-11;9.106308604942018e-12;,1.9528423975204855e-12;3.749942721349417e-12;1.016845989170083e-11;
True,0.5,0,3,0,False,False,False,1.0,2.2737367544323206e-12;9.275062463698822e-12;8.646928504188699e-12;,7.744068337127102e-12;8.134767913360665e-12;4.909639501804391e-12;
True,0.5,0,3,0,False,False,False,1.0,1.1368683772161603e-12;9.140308630886366e-12;1.7160311712462504e-11;,6.37052186271917e-12;6.1010759350204984e-12;9.094947017729282e-12;
True,0.5,0,3,0,False,False,False,0.6666666666666666,302.93218657637357;9.635923606955244e-12;,6.62122137262533e-12;3.6662903532026344e-12;
True,0.5,0,3,0,False,False,False,0.6666666666666666,910.3165628445024;9.094947017729282e-12;,3.701375270816176e-12;9.094947017729282e-12;
True,0.5,0,3,0,False,False,False,1.0,1.6471649611298594e-11;1.639614891002561e-12;1.667751423237155e-11;,1.4206761399521663e-11;1.2040074848185874e-11;1.1101797659406386e-11;
True,0.5,0,3,0,False,False,False,0.6666666666666666,1299.8009113084354;6.760305380939147e-12;,9.795557720525728e-12;3.0505379675102492e-12;
True,0.5,0,3,0,False,False,False,0.6666666666666666,1037.745510950721;7.346668290394296e-12;,1.1504299109832135e-11;9.592905876037998e-12;
True,0.5,0,3,0,False,False,False,1.0,4.067383956680332e-12;7.71731845292249e-12;5.823607568738997e-12;,6.62122137262533e-12;1.3116919128020487e-11;2.033691978340166e-12;
True,0.5,0,3,0,False,False,False,1.0,1.324244274525066e-11;9.140308630886366e-12;7.499885442698834e-12;,1.55414522765887e-11;1.016845989170083e-11;6.1010759350204984e-12;
True,0.5,0,3,0,False,False,False,1.0,1.1064480586898243e-11;5.752149554916067e-12;8.640199666842818e-12;,1.0289757937229989e-11;7.275957614183426e-12;4.192563418333924e-12;
True,0.5,0,3,0,False,False,False,0.6666666666666666,654.9406915946786;1.7160311712462504e-11;,7.332580706405269e-12;9.374856803373543e-12;
True,0.5,0,3,0,False,False,False,1.0,3.637978807091713e-12;2.8760747774580336e-12;5.1849175410968106e-12;,9.363821064641343e-12;9.094947017729282e-12;1.016845989170083e-12;
True,0.5,0,3,0,False,False,False,1.0,1.524590935718171e-11;8.348051665364355e-12;1.1504299109832135e-11;,1.274104372543834e-11;3.310610686312665e-12;6.366462912410498e-12;
True,0.5,0,3,0,False,False,False,1.0,1.2862197421537486e-11;4.897778860262864e-12;1.4551915228366852e-11;,1.3853010579375966e-11;7.622954678590855e-12;1.1647215137477994e-11;
True,0.5,0,3,0,False,False,False,1.0,7.103380699760832e-12;7.568504305296864e-12;3.682119936616265e-12;,5.823607568738997e-12;2.2737367544323206e-12;6.7229209171148426e-12;
True,0.5,0,3,0,False,False,False,1.0,1.0951766470309208e-11;9.094947017729282e-12;5.532240293449121e-12;,3.749942721349417e-12;1.4214037590216125e-11;7.823769253302659e-12;
True,0.5,0,3,0,False,False,False,1.0,8.957483989248525e-12;1.6596720880347365e-11;4.50176909753812e-12;,3.637978807091713e-12;5.752149554916067e-12;3.885363069147175e-12;
True,0.5,0,3,0,False,False,False,0.6666666666666666,1.1395935949750917e-11;989.7457933947057;,1.2765366452748093e-11;5.499435529803952e-12;
True,0.5,0,3,0,False,False,False,0.6666666666666666,1484.6231155767364;1.5647538506605318e-11;,9.094947017729282e-12;7.499885442698834e-12;
True,0.5,0,3,0,False,False,False,1.0,9.275062463698822e-12;8.235824805649297e-12;2.033691978340166e-12;,7.275957614183426e-12;0.0;4.4787419946242626e-12;
True,0.5,0,3,0,False,False,False,1.0,5.532240293449121e-12;2.000888343900442e-11;1.129568986323122e-11;,7.941821057362622e-12;9.795557720525728e-12;7.941821057362622e-12;
True,0.5,0,3,0,False,False,False,0.6666666666666666,4.547473508864641e-12;646.2715149470339;,1.0616183799292005e-11;1.3520610761878294e-11;
True,0.5,0,3,0,False,False,False,0.3333333333333333,1001.086429019382;,6.558459564010244e-12;
True,0.5,0,3,0,False,False,False,1.0,9.973388023109378e-12;1.3021982397982677e-11;7.332580706405269e-12;,3.279229782005122e-12;9.094947017729282e-12;9.837689346015367e-12;
True,0.5,0,3,0,False,False,False,1.0,7.1179219241905815e-12;5.752149554916067e-12;7.5274080505764e-12;,1.1368683772161603e-11;5.303219854654618e-12;2.2737367544323206e-12;
True,0.5,0,3,0,False,False,False,0.6666666666666666,1228.682506358083;1.8749713606747085e-12;,7.332580706405269e-12;6.3175521015408794e-12;
True,0.5,0,3,0,False,False,False,0.6666666666666666,1.7659192816561335e-11;725.8430500638699;,7.332580706405269e-12;1.8990806909479126e-11;
True,0.5,0,3,0,False,False,False,1.0,1.2635104203081759e-11;1.3853010579375966e-11;5.475883235154604e-12;,1.2202151870040997e-11;2.7284841053187847e-12;8.495381595034544e-12;
True,0.5,0,3,0,False,False,False,0.6666666666666666,1.8749713606747085e-11;1190.465239837821;,1.8661271068306808e-11;5.475883235154604e-12;
True,0.5,0,3,0,False,False,False,1.0,9.635923606955244e-12;1.3882834102763579e-11;7.499885442698834e-12;,1.0498657848634317e-11;4.067383956680332e-12;1.1504299109832135e-11;
True,0.5,0,3,0,False,False,False,0.6666666666666666,1.60713143914766e-11;1309.3341558410275;,5.9117155615240335e-12;3.749942721349417e-12;
True,0.5,0,3,0,False,False,False,0.6666666666666666,1174.6567736922684;2.4933470057773444e-12;,5.9117155615240335e-12;2.8421709430404007e-12;
True,0.5,0,3,0,False,False,False,1.0,1.0606439709309235e-11;1.324244274525066e-11;7.103380699760832e-12;,7.103380699760832e-12;1.1647215137477994e-11;7.499885442698834e-12;
True,0.5,0,3,0,False,False,False,1.0,1.4214037590216125e-11;8.163316611451701e-12;5.475883235154604e-12;,3.2155493553843714e-12;1.1104125812448528e-11;5.624914082024125e-12;
True,0.5,0,3,0,False,False,False,1.0,1.543463690584498e-11;2.448889430131432e-12;1.4665161412810538e-11;,7.332580706405269e-12;1.3021982397982677e-11;7.332580706405269e-12;
True,0.5,0,3,0,False,False,False,1.0,1.8393392034483154e-11;6.62122137262533e-12;9.668061295755842e-12;,1.0951766470309208e-11;3.2155493553843714e-12;8.957483989248525e-12;
True,0.5,0,3,0,False,False,False,1.0,5.752149554916067e-12;1.8212617209884036e-11;2.9118037843694986e-12;,3.858659226461245e-12;8.385126836667848e-12;5.9117155615240335e-12;
True,0.5,0,3,0,False,False,False,0.6666666666666666,668.3129834695684;1.3860472476270089e-11;,3.637978807091713e-12;9.973388023109378e-12;
True,0.5,0,3,0,False,False,False,1.0,1.2635104203081759e-11;9.795557720525728e-12;1.1647215137477994e-11;,9.795557720525728e-12;8.134767913360665e-12;2.7284841053187847e-12;
True,0.5,0,3,0,False,False,False,1.0,2.033691978340166e-12;8.385126836667848e-12;2.033691978340166e-12;,7.059577317822925e-12;1.1647215137477994e-11;5.532240293449121e-12;
True,0.5,0,3,0,False,False,False,1.0,1.124982816404825e-11;1.6770253673335696e-11;9.275062463698822e-12;,1.2370465364015621e-11;8.580155856231252e-12;9.140308630886366e-12;
True,0.5,0,3,0,False,False,False,0.6666666666666666,6.60949892960554e-12;1425.0687062891707;,2.2393709973121313e-12;1.8189894035458565e-12;
True,0.5,0,3,0,False,False,False,1.0,1.6370904631912708e-11;2.7661201467245607e-12;1.2732925824820995e-11;,2.121287941861847e-11;7.346668290394296e-12;8.134767913360665e-12;
True,0.5,0,3,0,False,False,False,0.6666666666666666,606.5553131996603;3.885363069147175e-12;,6.1010759350204984e-12;6.558459564010244e-12;
True,0.5,0,3,0,False,False,False,0.3333333333333333,655.9495987645377;,7.879736336309842e-12;
True,0.5,0,3,0,False,False,False,1.0,7.499885442698834e-12;2.448889430131432e-12;6.3175521015408794e-12;,4.547473508864641e-12;1.190187715865468e-11;5.823607568738997e-12;
True,0.5,0,3,0,False,False,False,1.0,1.0951766470309208e-11;2.7284841053187847e-12;1.3021982397982677e-11;,8.385126836667848e-12;3.749942721349417e-12;6.821210263296962e-12;
True,0.5,0,3,0,False,False,False,0.6666666666666666,275.12400673950964;3.885363069147175e-12;,6.382683226374047e-12;3.279229782005122e-12;
True,0.5,0,3,0,False,False,False,0.6666666666666666,1091.5244329552622;9.795557720525728e-12;,1.016845989170083e-11;6.558459564010244e-12;
True,0.5,0,3,0,False,False,False,1.0,6.382683226374047e-12;1.4805501083264704e-11;2.2737367544323206e-12;,1.8749713606747085e-12;4.547473508864641e-12;3.885363069147175e-12;
True,0.5,0,3,0,False,False,False,1.0,1.3763152265184141e-11;4.637531231849411e-12;5.532240293449121e-12;,1.016845989170083e-11;5.823607568738997e-12;4.897778860262864e-12;
True,0.5,0,3,0,False,False,False,1.0,8.687935939880299e-12;1.2862197421537486e-11;7.431502579222168e-12;,4.192563418333924e-12;7.103380699760832e-12;1.1540754018611981e-11;
True,0.5,0,3,0,False,False,False,0.6666666666666666,8.129205134866768e-12;375.0939908206462;,1.091926419138562e-11;5.532240293449121e-12;
True,0.5,0,3,0,False,False,False,1.0,9.668061295755842e-12;3.0383325826944126e-12;1.324244274525066e-11;,7.784020803512108e-12;5.266842610989671e-12;5.475883235154604e-12;
True,0.5,0,3,0,False,False,False,0.6666666666666666,1107.2723094273026;1.1064480586898243e-11;,1.0961793132074624e-11;1.274104372543834e-11;
True,0.5,0,3,0,False,False,False,0.6666666666666666,973.2887592429257;5.4569682106375694e-12;,1.2202151870040997e-11;9.094947017729282e-12;
True,0.5,0,3,0,False,False,False,0.6666666666666666,294.6725012231833;7.71731845292249e-12;,1.2202151870040997e-11;2.5724394843074972e-12;
True,0.5,0,3,0,False,False,False,1.0,4.547473508864641e-12;1.5706897137688923e-11;6.3175521015408794e-12;,1.185836009463428e-11;8.640199666842818e-12;6.836351703156155e-12;
True,0.5,0,3,0,False,False,False,1.0,5.752149554916067e-12;9.106308604942018e-12;4.897778860262864e-12;,1.2635104203081759e-11;9.275062463698822e-12;5.823607568738997e-12;
True,0.5,0,3,0,False,False,False,1.0,1.1064480586898243e-11;6.926505289687983e-12;6.760305380939147e-12;,1.411915463564585e-11;3.637978807091713e-12;2.9118037843694986e-12;
True,0.5,0,3,0,False,False,False,1.0,1.22359997904584e-11;1.0259567873325503e-11;1.3830600733622803e-12;,5.532240293449121e-12;4.547473508864641e-12;5.499435529803952e-12;
True,0.5,0,3,0,False,False,False,0.6666666666666666,1256.3611503527686;1.241218711944037e-11;,1.2732925824820995e-11;9.973388023109378e-12;
True,0.5,0,3,0,False,False,False,0.6666666666666666,703.9970971015395;1.444494062004068e-11;,6.212874515983282e-12;9.795557720525728e-12;
True,0.5,0,3,0,False,False,False,1.0,6.431098710768743e-12;1.4665161412810538e-11;6.1010759350204984e-12;,9.094947017729282e-13;5.1448789686149945e-12;1.2862197421537486e-12;
True,0.5,0,3,0,False,False,False,0.6666666666666666,1413.3067429785783;9.668061295755842e-12;,7.941821057362622e-12;1.2926348430075355e-11;
True,0.5,0,3,0,False,False,False,1.0,1.016845989170083e-11;9.795557720525728e-12;7.77072613829435e-12;,8.134767913360665e-12;9.094947017729282e-12;6.1852326820078106e-12;
True,0.5,0,3,0,False,False,False,1.0,1.9528423975204855e-12;5.823607568738997e-12;4.547473508864641e-12;,5.568406959556238e-12;2.7284841053187847e-12;8.580155856231252e-12;
True,0.5,0,3,0,False,False,False,1.0,1.4235843848381163e-11;6.1010759350204984e-12;6.558459564010244e-12;,1.124982816404825e-11;2.7284841053187847e-12;6.558459564010244e-12;
True,0.5,0,3,0,False,False,False,1.0,1.5759472672619684e-11;1.3116919128020487e-11;1.411915463564585e-11;,7.71731845292249e-12;7.499885442698834e-12;3.279229782005122e-12;
True,0.5,0,3,0,False,False,False,0.6666666666666666,7.622954678590855e-12;1207.2500191577408;,7.059577317822925e-12;5.475883235154604e-12;
True,0.5,0,3,0,False,False,False,1.0,1.9946776046218755e-11;1.337452083121456e-11;5.752149554916067e-12;,2.5724394843074972e-12;8.735411353108496e-12;7.71731845292249e-12;
True,0.5,0,3,0,False,False,False,1.0,1.2765366452748093e-11;7.823769253302659e-12;1.2635104203081759e-11;,8.385126836667848e-12;2.8760747774580336e-12;5.823607568738997e-12;
True,0.5,0,3,0,False,False,False,0.6666666666666666,4.687428401686771e-12;1388.2256598236763;,6.206093559720185e-12;8.610417735181777e-12;
True,0.5,0,3,0,False,False,False,1.0,1.2732925824820995e-11;2.651609927327309e-12;1.4206761399521663e-11;,1.4206761399521663e-11;2.9118037843694986e-12;1.0289757937229989e-11;
True,0.5,0,3,0,False,False,False,1.0,7.784020803512108e-12;7.332580706405269e-12;1.8661271068306808e-11;,4.290077928115626e-12;3.279229782005122e-12;1.3021982397982677e-11;
True,0.5,0,3,0,False,False,False,0.6666666666666666,4.687428401686771e-12;1232.4372143570515;,9.120490685805444e-12;1.000444171950221e-11;
True,0.5,0,3,0,False,False,False,0.6666666666666666,1.8550124927397645e-11;331.9128314035141;,1.1504299109832135e-11;4.897778860262864e-12;
True,0.5,0,3,0,False,False,False,1.0,1.1575977679383737e-11;2.7284841053187847e-12;1.8189894035458565e-11;,6.366462912410498e-12;1.19625350980331e-11;5.752149554916067e-12;
True,0.5,0,3,0,False,False,False,0.6666666666666666,919.4502499455243;5.303219854654618e-12;,4.7477017273697814e-12;5.303219854654618e-12;
True,0.5,0,3,0,False,False,False,0.6666666666666666,1046.5295014827473;1.274104372543834e-11;,7.332580706405269e-12;3.749942721349417e-12;
True,0.5,0,3,0,False,False,False,0.6666666666666666,1059.9227604077037;3.885363069147175e-12;,8.385126836667848e-12;1.0379801288321075e-11;
True,0.5,0,3,0,False,False,False,0.6666666666666666,779.4554717631174;6.1852326820078106e-12;,1.0913936421275139e-11;9.094947017729282e-12;
True,0.5,0,3,0,False,False,False,1.0,5.823607568738997e-12;7.1179219241905815e-12;1.324244274525066e-11;,8.134767913360665e-12;3.183231456205249e-12;1.0606439709309235e-11;
True,0.5,0,3,0,False,False,False,1.0,7.73070496506989e-12;8.687935939880299e-12;9.094947017729282e-12;,6.821210263296962e-12;7.823769253302659e-12;9.094947017729282e-12;
True,0.5,0,3,0,False,False,False,1.0,9.495403454739563e-12;5.823607568738997e-12;9.635923606955244e-12;,8.134767913360665e-12;3.858659226461245e-12;8.385126836667848e-12;
True,0.5,0,3,0,False,False,False,1.0,1.4999770885397668e-11;1.22359997904584e-11;1.543463690584498e-11;,8.134767913360665e-12;9.094947017729282e-13;3.183231456205249e-12;
True,0.5,0,3,0,False,False,False,1.0,4.4787419946242626e-12;4.547473508864641e-12;1.2862197421537486e-11;,7.402750541632352e-12;6.1010759350204984e-12;1.5647538506605318e-11;
True,0.5,0,3,0,False,False,False,1.0,1.0014771553662849e-11;1.3642420526593924e-12;1.0913936421275139e-11;,6.431098710768743e-12;7.499885442698834e-12;5.532240293449121e-12;
True,0.5,0,3,0,False,False,False,1.0,0.0;5.9117155615240335e-12;1.1823431123048067e-11;,1.1647215137477994e-11;3.6662903532026344e-12;7.332580706405269e-12;
True,0.5,0,3,0,False,False,False,1.0,1.4580309236299762e-11;1.2862197421537486e-11;1.5387672024815976e-11;,1.1647215137477994e-11;7.71731845292249e-12;5.532240293449121e-12;
True,0.5,0,3,0,False,False,False,0.6666666666666666,815.7446564828283;8.045301916788108e-12;,1.8189894035458565e-12;2.8760747774580336e-12;
True,0.5,0,3,0,False,False,False,1.0,1.2202151870040997e-11;6.748824525700834e-12;6.1010759350204984e-12;,1.4551915228366852e-11;2.9558577807620168e-12;6.558459564010244e-12;
True,0.5,0,3,0,False,False,False,1.0,1.0219175716994974e-11;3.6662903532026344e-12;4.067383956680332e-12;,3.0505379675102492e-12;5.303219854654618e-12;1.2862197421537486e-11;
True,0.5,0,3,0,False,False,False,0.6666666666666666,1344.050853979338;2.033691978340166e-11;,7.103380699760832e-12;9.795557720525728e-12;
True,0.5,0,3,0,False,False,False,0.6666666666666666,265.18668343906626;4.897778860262864e-12;,1.8189894035458565e-12;1.1504299109832135e-11;
True,0.5,0,3,0,False,False,False,1.0,1.8303227805061495e-11;2.207399102070167e-12;1.4999770885397668e-11;,1.0606439709309235e-11;2.787067085621689e-12;1.4999770885397668e-11;
True,0.5,0,3,0,False,False,False,1.0,6.366462912410498e-12;5.532240293449121e-12;6.1010759350204984e-12;,1.0998871059607903e-11;9.795557720525728e-12;3.858659226461245e-12;
True,0.5,0,3,0,False,False,False,1.0,1.2765366452748093e-11;1.6770253673335696e-11;1.8189894035458565e-12;,7.71731845292249e-12;5.532240293449121e-12;9.495403454739563e-12;
True,0.5,0,3,0,False,False,False,0.6666666666666666,842.9268467237;1.124982816404825e-11;,1.0951766470309208e-11;9.837689346015367e-12;
True,0.5,0,3,0,False,False,False,1.0,1.8990806909479126e-11;4.834030647877921e-12;6.87805368215777e-12;,1.1101797659406386e-11;1.639614891002561e-12;5.480896566037312e-12;
True,0.5,0,3,0,False,False,False,1.0,1.626953582672133e-11;6.4641740099566504e-12;9.094947017729282e-13;,4.547473508864641e-12;7.731540852509763e-12;9.837689346015367e-12;
True,0.5,0,3,0,False,False,False,1.0,9.795557720525728e-12;5.4569682106375694e-12;1.8331451766013172e-12;,6.62122137262533e-12;8.185452315956354e-12;8.750194594946996e-12;
True,0.5,0,3,0,False,False,False,1.0,1.6874742246072377e-11;1.3520610761878294e-11;1.1101797659406386e-11;,1.4502091943633764e-11;7.332580706405269e-12;9.668061295755842e-12;
True,0.5,0,3,0,False,False,False,1.0,9.668061295755842e-12;9.795557720525728e-12;5.550898829703193e-12;,7.499885442698834e-12;4.547473508864641e-12;9.973388023109378e-12;
True,0.5,0,3,0,False,False,False,0.6666666666666666,8.134767913360665e-12;980.1379998969817;,1.2635104203081759e-11;2.7661201467245607e-12;
True,0.5,0,3,0,False,False,False,1.0,2.448889430131432e-12;1.6596720880347365e-11;1.6370904631912708e-11;,4.7477017273697814e-12;7.499885442698834e-12;9.094947017729282e-12;
True,0.5,0,3,0,False,False,False,1.0,1.2862197421537486e-11;9.668061295755842e-12;1.55414522765887e-11;,7.499885442698834e-12;9.094947017729282e-13;1.1647215137477994e-11;
True,0.5,0,3,0,False,False,False,1.0,7.823769253302659e-12;9.094947017729282e-12;1.4235843848381163e-11;,1.2862197421537486e-12;1.2862197421537486e-11;5.9117155615240335e-12;
True,0.5,0,3,0,False,False,False,1.0,1.4665161412810538e-11;9.094947017729282e-13;1.2635104203081759e-11;,1.0606439709309235e-11;6.926505289687983e-12;4.547473508864641e-12;
True,0.5,0,3,0,False,False,False,1.0,2.7661201467245607e-12;2.0029543107325698e-11;3.749942721349417e-12;,1.1620552267395977e-11;9.462679393748118e-12;1.0951766470309208e-11;
True,0.5,0,3,0,False,False,False,1.0,1.4805501083264704e-11;1.185836009463428e-11;1.1647215137477994e-11;,9.837689346015367e-12;8.385126836667848e-12;7.499885442698834e-12;
True,0.5,0,3,0,False,False,False,1.0,3.858659226461245e-12;1.124982816404825e-11;5.532240293449121e-12;,4.547473508864641e-12;7.275957614183426e-12;9.140308630886366e-12;
True,0.5,0,3,0,False,False,False,1.0,1.4235843848381163e-11;5.002220859751105e-12;8.298360440173682e-12;,5.752149554916067e-12;5.9117155615240335e-12;8.385126836667848e-12;
True,0.5,0,3,0,False,False,False,1.0,1.016845989170083e-12;6.431098710768743e-12;1.6370904631912708e-11;,6.760305380939147e-12;7.73070496506989e-12;1.2544764307798434e-11;
True,0.5,0,3,0,False,False,False,1.0,1.1504299109832135e-11;1.0219175716994974e-11;7.1179219241905815e-12;,1.3763152265184141e-11;3.6662903532026344e-12;4.7477017273697814e-12;
True,0.5,0,3,0,False,False,False,0.6666666666666666,1063.2486910500518;5.532240293449121e-12;,2.5724394843074972e-12;5.823607568738997e-12;
True,0.5,0,3,0,False,False,False,1.0,1.0951766470309208e-11;2.7338079818062053e-12;3.2175584460867198e-12;,2.5724394843074972e-12;8.2124478988595e-12;5.458152320060346e-12;
True,0.5,0,3,0,False,False,False,1.0,9.094947017729282e-12;9.275062463698822e-12;1.2370465364015621e-11;,9.094947017729282e-13;8.134767913360665e-12;9.094947017729282e-12;
True,0.5,0,3,0,False,False,False,1.0,1.2635104203081759e-11;1.2862197421537486e-12;1.3116919128020487e-11;,9.795557720525728e-12;3.749942721349417e-12;1.324244274525066e-11;
True,0.5,0,3,0,False,False,False,0.6666666666666666,774.2370770309757;5.303219854654618e-12;,8.134767913360665e-12;9.495403454739563e-12;
True,0.5,0,3,0,False,False,False,1.0,1.0645362554641566e-11;2.8760747774580336e-12;1.016845989170083e-11;,1.19625350980331e-11;8.6282243323741e-12;5.823607568738997e-12;
True,0.5,0,3,0,False,False,False,0.6666666666666666,789.1315972098784;1.185836009463428e-11;,9.140308630886366e-12;1.2862197421537486e-12;
True,0.5,0,3,0,False,False,False,1.0,1.5916157281026244e-11;2.033691978340166e-12;1.0998871059607903e-11;,7.275957614183426e-12;4.637531231849411e-12;4.637531231849411e-12;
True,0.5,0,3,0,False,False,False,1.0,6.558459564010244e-12;6.62122137262533e-12;9.549694368615746e-12;,4.067383956680332e-12;4.637531231849411e-12;3.279229782005122e-12;
True,0.5,0,3,0,False,False,False,0.6666666666666666,1424.1268152363425;9.094947017729282e-13;,8.096546396138755e-12;1.016845989170083e-11;
True,0.5,0,3,0,False,False,False,0.6666666666666666,2.7661201467245607e-12;1040.7159292556455;,7.103380699760832e-12;8.134767913360665e-12;
True,0.5,0,3,0,False,False,False,0.6666666666666666,1113.3503540597958;1.3116919128020487e-11;,9.094947017729282e-12;7.499885442698834e-12;
True,0.5,0,3,0,False,False,False,1.0,1.1368683772161603e-12;1.2862197421537486e-11;9.140308630886366e-12;,5.828044603720762e-12;9.275062463698822e-12;1.2202151870040997e-11;
True,0.5,0,3,0,False,False,False,1.0,5.752149554916067e-12;7.73070496506989e-12;1.3853010579375966e-11;,7.103380699760832e-12;3.858659226461245e-12;8.134767913360665e-12;
True,0.5,0,3,0,False,False,False,0.6666666666666666,7.499885442698834e-12;455.2226940636213;,1.1504299109832135e-11;1.1395935949750917e-11;
True,0.5,0,3,0,False,False,False,1.0,8.385126836667848e-12;6.1010759350204984e-12;1.5883642114725243e-11;,1.639614891002561e-11;1.2370465364015621e-11;1.3882834102763579e-11;
True,0.5,0,3,0,False,False,False,1.0,7.499885442698834e-12;7.558251190218771e-12;9.837689346015367e-12;,8.134767913360665e-12;1.9426815345735873e-12;9.795557720525728e-12;
True,0.5,0,3,0,False,False,False,1.0,2.0997315697268633e-11;4.897778860262864e-12;1.747082270621699e-11;,1.639614891002561e-11;4.290077928115626e-12;6.62122137262533e-12;
True,0.5,0,3,0,False,False,False,0.6666666666666666,1.1064480586898243e-11;363.3006412576011;,1.1504299109832135e-11;7.332580706405269e-12;
True,0.5,0,3,0,False,False,False,1.0,1.2202151870040997e-11;9.795557720525728e-12;4.897778860262864e-12;,8.134767913360665e-12;8.385126836667848e-12;5.1448789686149945e-12;
True,0.5,0,3,0,False,False,False,0.6666666666666666,1.8189894035458565e-12;1074.4070066101722;,9.140308630886366e-12;2.7284841053187847e-12;
True,0.5,0,3,0,False,False,False,1.0,6.2333675144433606e-12;1.1647215137477994e-11;1.2732925824820995e-11;,1.0979023456561575e-11;3.749942721349417e-12;1.19625350980331e-11;
True,0.5,0,3,0,False,False,False,0.6666666666666666,303.35112564158476;1.1504299109832135e-11;,6.9414170513817895e-12;1.3116919128020487e-11;
True,0.5,0,3,0,False,False,False,1.0,4.112023217750635e-12;6.1010759350204984e-12;1.2134172779157174e-11;,1.3073986337985843e-12;5.4569682106375694e-12;3.637978807091713e-12;
True,0.5,0,3,0,False,False,False,1.0,4.556014205930911e-12;8.163316611451701e-12;4.637531231849411e-12;,2.889559872428474e-12;8.461845057321805e-12;5.823607568738997e-12;
True,0.5,0,3,0,False,False,False,1.0,6.558459564010244e-12;1.0913936421275139e-11;3.653931044024875e-12;,4.547473508864641e-12;1.2862197421537486e-11;3.0014186410071682e-12;
True,0.5,0,3,0,False,False,False,0.6666666666666666,1338.9325825208507;6.62122137262533e-12;,1.3853010579375966e-11;8.687935939880299e-12;
True,0.5,0,3,0,False,False,False,1.0,5.475883235154604e-12;3.749942721349417e-12;1.8749713606747085e-12;,5.1448789686149945e-12;1.1395935949750917e-11;4.290077928115626e-12;
True,0.5,0,3,0,False,False,False,0.6666666666666666,965.0880293744394;1.0951766470309208e-11;,7.73070496506989e-12;9.094947017729282e-12;
True,0.5,0,3,0,False,False,False,1.0,9.094947017729282e-13;1.2765366452748093e-11;6.558459564010244e-12;,7.332580706405269e-12;9.275062463698822e-12;7.77072613829435e-12;
True,0.5,0,3,0,False,False,False,1.0,4.290077928115626e-12;1.2862197421537486e-11;2.7284841053187847e-12;,7.059577317822925e-12;9.094947017729282e-12;7.77072613829435e-12;
True,0.5,0,3,0,False,False,False,0.6666666666666666,1452.1838378375815;1.2732925824820995e-11;,7.77072613829435e-12;1.1064480586898243e-11;
True,0.5,0,3,0,False,False,False,1.0,1.8189894035458565e-12;1.0606439709309235e-11;9.795557720525728e-12;,6.62122137262533e-12;4.547473508864641e-12;5.4569682106375694e-12;
True,0.5,0,3,0,False,False,False,0.6666666666666666,834.1950790899537;6.431098710768743e-13;,8.134767913360665e-12;5.1849175410968106e-12;
True,0.5,0,3,0,False,False,False,1.0,2.0870129163410888e-12;6.62122137262533e-12;1.3021982397982677e-11;,6.6533515966509786e-12;9.275062463698822e-12;6.1010759350204984e-12;
True,0.5,0,3,0,False,False,False,0.6666666666666666,1095.646431166389;1.0231815394945443e-12;,9.140308630886366e-12;4.61658157843134e-12;
True,0.5,0,3,0,False,False,False,0.6666666666666666,448.25770438899815;3.1030467798600924e-12;,9.094947017729282e-12;5.429662422220441e-12;
True,0.5,0,3,0,False,False,False,1.0,6.510991198991339e-12;2.1618442267944762e-11;7.332580706405269e-12;,4.918844673007683e-12;1.6770253673335696e-11;7.332580706405269e-12;
True,0.5,0,3,0,False,False,False,0.6666666666666666,1300.611543081245;1.124982816404825e-11;,9.668061295755842e-12;6.366462912410498e-12;
True,0.5,0,3,0,False,False,False,1.0,2.2737367544323206e-12;7.103380699760832e-12;1.619309279227751e-11;,8.829596408280667e-12;1.2005674564028673e-11;2.033691978340166e-12;
True,0.5,0,3,0,False,False,False,0.3333333333333333,226.1778471693448;,1.124982816404825e-11;
True,0.5,0,4,0,False,False,False,0.25,1315.8675733913503;,6.558459564010244e-12;
True,0.5,0,4,0,False,False,False,0.75,930.4159179563875;1.3021982397982677e-11;5.1448789686149945e-12;,5.322681277320783e-12;1.3021982397982677e-11;4.290077928115626e-12;
True,0.5,0,4,0,False,False,False,0.75,539.7250098875977;2.5724394843074972e-12;2.7284841053187847e-12;,3.279229782005122e-12;3.279229782005122e-12;3.0505379675102492e-12;
True,0.5,0,4,0,False,False,False,1.0,1.016845989170083e-12;4.067383956680332e-12;4.067383956680332e-12;5.475883235154604e-12;,5.98126754901655e-12;1.2862197421537486e-11;6.558459564010244e-12;4.547473508864641e-12;
True,0.5,0,4,0,False,False,False,0.75,802.2626164673248;5.4617031080235e-12;3.551690349880416e-12;,5.532240293449121e-12;2.2737367544323206e-13;4.918844673007683e-12;
True,0.5,0,4,0,False,False,False,0.75,775.7069518882347;1.4206761399521663e-11;4.681910532320672e-12;,3.749942721349417e-12;1.4206761399521663e-11;5.475883235154604e-12;
True,0.5,0,4,0,False,False,False,0.5,1435.6297695007847;1118.093969617886;,5.624914082024125e-12;7.499885442698834e-12;
True,0.5,0,4,0,False,False,False,0.75,1454.012281997614;7.332580706405269e-12;5.1448789686149945e-12;,3.2554955994956693e-12;1.0951766470309208e-11;5.1448789686149945e-12;
True,0.5,0,4,0,False,False,False,0.75,2.651609927327309e-12;4.4787419946242626e-12;1376.08226413423;,8.298360440173682e-12;5.9117155615240335e-12;1.8189894035458565e-12;
True,0.5,0,4,0,False,False,False,1.0,6.62122137262533e-12;1.000444171950221e-11;5.4569682106375694e-12;6.4748028916540504e-12;,7.71731845292249e-12;1.000444171950221e-11;9.094947017729282e-12;2.972515430346921e-12;
True,0.5,0,4,0,False,False,False,0.75,362.5679283811881;1.0606439709309235e-11;6.366462912410498e-12;,4.192563418333924e-12;1.1504299109832135e-11;6.366462912410498e-12;
True,0.5,0,4,0,False,False,False,0.75,4.2309225286609024e-12;992.4796023433814;8.134767913360665e-12;,3.480005913164397e-12;1.1368683772161603e-11;3.749942721349417e-12;
True,0.5,0,4,0,False,False,False,1.0,4.547473508864641e-12;9.495403454739563e-12;5.752149554916067e-12;4.067383956680332e-12;,3.749942721349417e-12;3.279229782005122e-12;5.4569682106375694e-12;3.637978807091713e-12;
True,0.5,0,4,0,False,False,False,1.0,3.749942721349417e-12;5.1448789686149945e-12;6.558459564010244e-12;1.2370465364015621e-11;,1.2370465364015621e-11;6.558459564010244e-12;5.1448789686149945e-12;1.3882834102763579e-11;
True,0.5,0,4,0,False,False,False,0.75,7.402750541632352e-12;871.8713984573155;4.547473508864641e-12;,7.784020803512108e-12;8.385126836667848e-12;7.823769253302659e-12;
True,0.5,0,4,0,False,False,False,1.0,6.558459564010244e-12;9.094947017729282e-12;5.1448789686149945e-12;2.033691978340166e-12;,3.9118846266513295e-12;9.094947017729282e-12;3.637978807091713e-12;5.322681277320783e-12;
True,0.5,0,4,0,False,False,False,1.0,8.134767913360665e-12;7.499885442698834e-12;6.62122137262533e-12;6.821210263296962e-12;,1.1504299109832135e-11;9.275062463698822e-12;1.185836009463428e-11;1.8189894035458565e-12;
True,0.5,0,4,0,False,False,False,0.75,5.475883235154604e-12;1490.8619319601335;6.696012390472054e-12;,7.71731845292249e-12;1.0289757937229989e-11;6.696012390472054e-12;
True,0.5,0,4,0,False,False,False,0.75,1335.0308897467637;5.752149554916067e-12;6.510991198991339e-12;,4.661160346586257e-12;2.033691978340166e-11;5.697967974875459e-12;
True,0.5,0,4,0,False,False,False,1.0,2.5724394843074972e-12;2.7284841053187847e-12;1.8749713606747085e-12;6.558459564010244e-12;,1.8189894035458565e-12;6.1010759350204984e-12;8.829596408280667e-12;8.134767913360665e-12;
True,0.5,0,4,0,False,False,False,0.5,453.78940683395905;4.290077928115626e-12;,9.151613902530748e-12;3.749942721349417e-12;
True,0.5,0,4,0,False,False,False,0.75,1259.5248212783408;1.0616183799292005e-11;1.1823431123048067e-11;,9.763839695362498e-12;6.821210263296962e-12;9.795557720525728e-12;
True,0.5,0,4,0,False,False,False,0.75,2.3437142008433857e-12;4.637531231849411e-12;515.0366948242673;,2.3437142008433857e-12;4.897778860262864e-12;5.752149554916067e-12;
True,0.5,0,4,0,False,False,False,1.0,7.77072613829435e-12;8.134767913360665e-12;1.0809221133972381e-11;2.2737367544323206e-13;,7.332580706405269e-12;1.1504299109832135e-11;4.637531231849411e-12;9.097788744721836e-12;
True,0.5,0,4,0,False,False,False,0.5,980.7156860445398;1234.3276269335495;,6.366462912410498e-12;5.752149554916067e-12;
True,0.5,0,4,0,False,False,False,0.75,1.1647215137477994e-11;855.0221001404067;7.103380699760832e-12;,1.0951766470309208e-11;1.0606439709309235e-11;1.1797166526842235e-11;
True,0.5,0,4,0,False,False,False,1.0,4.918844673007683e-12;1.5647538506605318e-11;7.499885442698834e-12;6.4641740099566504e-12;,3.858659226461245e-12;1.5647538506605318e-11;1.626953582672133e-11;1.1167381162987142e-11;
True,0.5,0,4,0,False,False,False,0.75,6.558459564010244e-12;8.134767913360665e-12;222.11011951405243;,6.558459564010244e-12;1.4206761399521663e-11;4.817961803477622e-12;
True,0.5,0,4,0,False,False,False,0.75,3.749942721349417e-12;5.752149554916067e-12;1409.739819356998;,1.0923406216047e-11;1.5647538506605318e-11;8.957483989248525e-12;
True,0.5,0,4,0,False,False,False,1.0,3.0505379675102492e-12;7.941821057362622e-12;7.499885442698834e-12;5.4617031080235e-12;,3.0505379675102492e-12;1.1148268342486756e-11;7.499885442698834e-12;3.865352482534945e-12;
True,0.5,0,4,0,False,False,False,0.75,1036.7480798407705;4.067383956680332e-12;4.4787419946242626e-12;,1.2544764307798434e-11;1.3116919128020487e-11;3.279229782005122e-12;
True,0.5,0,4,0,False,False,False,1.0,5.4569682106375694e-12;3.4632526448439915e-12;4.530744985456562e-12;7.332580706405269e-12;,1.2862197421537486e-11;4.192563418333924e-12;4.248071125296833e-12;8.235824805649297e-12;
True,0.5,0,4,0,False,False,False,0.75,892.833490044523;5.1448789686149945e-12;5.752149554916067e-12;,6.431098710768743e-12;3.637978807091713e-12;1.828061726177273e-11;
True,0.5,0,4,0,False,False,False,1.0,5.823607568738997e-12;9.495403454739563e-12;6.558459564010244e-12;8.348051665364355e-12;,6.558459564010244e-12;1.6770253673335696e-11;7.71731845292249e-12;7.77072613829435e-12;
True,0.5,0,4,0,False,False,False,0.75,1151.8592381177189;4.834030647877921e-12;1.8189894035458565e-12;,3.1985474086489783e-12;7.622954678590855e-12;6.366462912410498e-12;
True,0.5,0,4,0,False,False,False,0.75,8.687935939880299e-12;1096.3215337700894;1.1101797659406386e-11;,5.752149554916067e-12;5.532240293449121e-12;1.1936576582599344e-11;
True,0.5,0,4,0,False,False,False,1.0,1.016845989170083e-12;5.475883235154604e-12;3.749942721349417e-12;5.322681277320783e-12;,1.639614891002561e-12;4.547473508864641e-12;7.332580706405269e-12;1.639614891002561e-12;
True,0.5,0,4,0,False,False,False,0.75,1143.5599117666002;1.1504299109832135e-11;6.558459564010244e-12;,1.2862197421537486e-11;5.1448789686149945e-12;7.275957614183426e-12;
True,0.5,0,4,0,False,False,False,0.75,451.28185972792875;3.637978807091713e-12;7.1179219241905815e-12;,1.1504299109832135e-11;6.558459564010244e-12;6.431098710768743e-12;
True,0.5,0,4,0,False,False,False,0.75,9.528693348238568e-13;1072.0399856254485;4.547473508864641e-12;,6.827128885029375e-12;9.094947017729282e-12;1.0913936421275139e-11;
True,0.5,0,4,0,False,False,False,1.0,2.033691978340166e-12;1.0913936421275139e-11;3.279229782005122e-12;4.220599926349353e-12;,1.016845989170083e-11;7.275957614183426e-12;6.558459564010244e-12;3.915599813648106e-12;
True,0.5,0,4,0,False,False,False,0.5,1040.0278899818422;9.795557720525728e-12;,7.332580706405269e-12;9.635923606955244e-12;
True,0.5,0,4,0,False,False,False,0.75,7.77072613829435e-12;6.206093559720185e-12;538.3899722611092;,4.547473508864641e-12;1.63851093240705e-11;8.198074455012805e-12;
True,0.5,0,4,0,False,False,False,0.75,4.637531231849411e-12;901.3636613208816;5.823607568738997e-12;,1.2862197421537486e-12;7.325747293870124e-12;5.823607568738997e-12;
True,0.5,0,4,0,False,False,False,0.75,3.0926163410039053e-12;1218.434285342382;5.823607568738997e-12;,2.6613406386603914e-12;6.366462912410498e-12;1.0645362554641566e-11;
True,0.5,0,4,0,False,False,False,1.0,2.5724394843074972e-12;4.637531231849411e-12;8.957483989248525e-12;6.1010759350204984e-12;,5.752149554916067e-12;3.310610686312665e-12;7.73070496506989e-12;3.279229782005122e-12;
True,0.5,0,4,0,False,False,False,1.0,4.7477017273697814e-12;1.8749713606747085e-12;1.016845989170083e-11;9.094947017729282e-12;,6.431098710768743e-13;4.547473508864641e-13;1.1101797659406386e-11;1.3116919128020487e-11;
True,0.5,0,4,0,False,False,False,0.75,1029.8430711154235;6.1010759350204984e-12;8.385126836667848e-12;,8.6282243323741e-12;7.103380699760832e-12;6.62122137262533e-12;
True,0.5,0,4,0,False,False,False,1.0,6.62122137262533e-12;3.749942721349417e-12;1.2635104203081759e-11;8.134767913360665e-12;,7.499885442698834e-12;3.637978807091713e-12;1.1064480586898243e-11;1.1647215137477994e-11;
True,0.5,0,4,0,False,False,False,0.75,8.134767913360665e-12;1017.8831947703194;2.5724394843074972e-12;,9.795557720525728e-12;5.823607568738997e-12;5.752149554916067e-12;
True,0.5,0,4,0,False,False,False,0.75,4.897778860262864e-12;3.749942721349417e-12;1153.5444397125616;,1.016845989170083e-12;3.858659226461245e-12;7.71731845292249e-12;
True,0.5,0,4,0,False,False,False,1.0,1.4206761399521663e-11;7.77072613829435e-12;6.558459564010244e-12;2.033691978340166e-12;,7.103380699760832e-12;4.067383956680332e-12;7.71731845292249e-12;2.8760747774580336e-12;
True,0.5,0,4,0,False,False,False,1.0,4.897778860262864e-12;3.885363069147175e-12;4.897778860262864e-12;6.8815761325920705e-12;,1.1504299109832135e-11;5.624914082024125e-12;4.897778860262864e-12;5.532240293449121e-12;
True,0.5,0,4,0,False,False,False,0.75,1257.0882126151553;8.580155856231252e-12;7.71731845292249e-12;,5.4569682106375694e-12;7.103380699760832e-12;3.279229782005122e-12;
True,0.5,0,4,0,False,False,False,0.75,2.5724394843074972e-12;739.9435866085788;6.8815761325920705e-12;,7.71731845292249e-12;1.0951766470309208e-11;5.084229945850415e-12;
True,0.5,0,4,0,False,False,False,1.0,9.140308630886366e-12;5.574134171243378e-12;4.637531231849411e-12;8.134767913360665e-12;,1.324244274525066e-11;5.574134171243378e-12;5.303219854654618e-12;7.275957614183426e-12;
True,0.5,0,4,0,False,False,False,0.25,881.4746456598835;,1.3021982397982677e-11;
True,0.5,0,4,0,False,False,False,0.75,3.749942721349417e-12;8.134767913360665e-12;1098.9454021125455;,1.2765366452748093e-11;6.366462912410498e-12;7.499885442698834e-12;
True,0.5,0,4,0,False,False,False,0.75,1199.0073767524252;1.241218711944037e-11;2.033691978340166e-12;,5.823607568738997e-12;6.821210263296962e-12;2.8760747774580336e-12;
True,0.5,0,4,0,False,False,False,0.75,1239.3664571252586;5.823607568738997e-12;7.499885442698834e-12;,6.558459564010244e-12;5.4569682106375694e-12;1.513700861059373e-11;
True,0.5,0,4,0,False,False,False,1.0,6.9414170513817895e-12;7.823769253302659e-12;1.016845989170083e-11;6.37052186271917e-12;,1.2732925824820995e-11;8.134767913360665e-12;2.033691978340166e-12;3.970910528681311e-12;
True,0.5,0,4,0,False,False,False,0.75,1409.3302119006653;3.637978807091713e-12;7.30786208804975e-12;,1.5006662579253316e-11;8.957483989248525e-12;7.30786208804975e-12;
True,0.5,0,4,0,False,False,False,1.0,3.543607060352556e-12;8.134767913360665e-12;1.1647215137477994e-11;9.275062463698822e-12;,7.885936073248512e-12;8.134767913360665e-12;7.499885442698834e-12;1.016845989170083e-11;
True,0.5,0,4,0,False,False,False,0.75,1355.126283587367;5.752149554916067e-12;3.858659226461245e-12;,2.033691978340166e-12;1.1647215137477994e-11;6.431098710768743e-12;
True,0.5,0,4,0,False,False,False,0.75,1470.2799626921112;5.752149554916067e-12;5.303219854654618e-12;,1.016845989170083e-11;6.62122137262533e-12;5.303219854654618e-12;
True,0.5,0,4,0,False,False,False,0.75,8.385126836667848e-12;4.067383956680332e-12;907.5037159326866;,9.275062463698822e-12;5.752149554916067e-12;7.499885442698834e-12;
True,0.5,0,4,0,False,False,False,0.75,1010.7209712985536;1.2370465364015621e-11;2.096281709166962e-12;,8.957483989248525e-12;1.3642420526593924e-11;4.391315068421128e-12;
True,0.5,0,4,0,False,False,False,1.0,5.752149554916067e-12;4.192563418333924e-12;1.1504299109832135e-11;1.1647215137477994e-11;,2.033691978340166e-12;3.0505379675102492e-12;1.1504299109832135e-11;1.1101797659406386e-11;
True,0.5,0,4,0,False,False,False,0.75,918.4199204471721;1.0645362554641566e-11;3.279229782005122e-12;,1.2862197421537486e-12;9.795557720525728e-12;4.547473508864641e-12;
True,0.5,0,4,0,False,False,False,0.5,5.532240293449121e-12;1049.5545311121748;,2.5724394843074972e-12;8.6282243323741e-12;
True,0.5,0,4,0,False,False,False,0.75,7.275957614183426e-12;8.134767913360665e-12;1326.2669206899725;,7.275957614183426e-12;1.324244274525066e-11;5.1448789686149945e-12;
True,0.5,0,4,0,False,False,False,0.75,6.366462912410498e-12;1061.3999412692433;1.107382164435505e-11;,7.275957614183426e-12;1.1504299109832135e-11;9.094947017729282e-12;
True,0.5,0,4,0,False,False,False,1.0,4.192563418333924e-12;1.016845989170083e-12;4.067383956680332e-12;9.275062463698822e-12;,4.31411216618705e-12;4.547473508864641e-13;6.1010759350204984e-12;6.558459564010244e-12;
True,0.5,0,4,0,False,False,False,1.0,7.275957614183426e-12;8.298360440173682e-12;1.4559018921847493e-12;8.580155856231252e-12;,9.094947017729282e-12;8.198074455012805e-12;8.534845791984235e-12;7.77072613829435e-12;
True,0.5,0,4,0,False,False,False,0.75,5.4569682106375694e-12;959.5015721359295;4.192563418333924e-12;,6.558459564010244e-12;1.0606439709309235e-11;3.310610686312665e-12;
True,0.5,0,4,0,False,False,False,0.75,1496.132575074374;4.067383956680332e-12;8.957483989248525e-12;,5.752149554916067e-12;7.499885442698834e-12;1.1647215137477994e-11;
True,0.5,0,4,0,False,False,False,0.75,739.2387506048468;5.9117155615240335e-12;1.2005674564028673e-11;,2.6613406386603914e-12;2.2737367544323206e-12;1.0951766470309208e-11;
True,0.5,0,4,0,False,False,False,0.75,56.96174531215972;1.0606439709309235e-11;5.4569682106375694e-12;,1.185836009463428e-11;1.639614891002561e-11;5.4569682106375694e-12;
True,0.5,0,4,0,False,False,False,0.5,637.0079034236927;1436.3684438435998;,9.275062463698822e-12;4.547473508864641e-12;
True,0.5,0,4,0,False,False,False,1.0,2.7284841053187847e-12;2.2400923279790313e-12;2.8760747774580336e-12;8.134767913360665e-12;,2.7284841053187847e-12;2.2400923279790313e-12;1.2862197421537486e-12;9.374856803373543e-12;
True,0.5,0,4,0,False,False,False,1.0,6.821210263296962e-12;9.275062463698822e-12;9.668061295755842e-12;9.495403454739563e-12;,5.4569682106375694e-12;7.499885442698834e-12;9.668061295755842e-12;9.275062463698822e-12;
True,0.5,0,4,0,False,False,False,1.0,4.897778860262864e-12;1.0289757937229989e-11;2.033691978340166e-12;1.1395935949750917e-11;,4.897778860262864e-12;7.275957614183426e-12;2.033691978340166e-12;1.3312529670933552e-11;
True,0.5,0,4,0,False,False,False,1.0,4.918844673007683e-12;3.279229782005122e-12;4.897778860262864e-12;2.2737367544323206e-12;,3.858659226461245e-12;1.016845989170083e-11;1.0606439709309235e-11;3.0505379675102492e-12;
True,0.5,0,4,0,False,False,False,0.75,391.964963516302;1.0645362554641566e-11;7.103380699760832e-12;,8.198074455012805e-12;1.0913936421275139e-11;8.385126836667848e-12;
True,0.5,0,4,0,False,False,False,0.75,9.795557720525728e-12;4.067383956680332e-12;832.7733242917051;,9.795557720525728e-12;4.067383956680332e-12;5.518497755175417e-12;
True,0.5,0,4,0,False,False,False,0.75,1377.358146454729;5.4569682106375694e-12;2.2737367544323206e-12;,5.002220859751105e-12;6.366462912410498e-12;2.033691978340166e-12;
True,0.5,0,4,0,False,False,False,0.75,2.5724394843074972e-12;9.795557720525728e-12;308.1554333456813;,1.8189894035458565e-12;8.957483989248525e-12;5.823607568738997e-12;
True,0.5,0,4,0,False,False,False,1.0,5.9117155615240335e-12;0.0;1.016845989170083e-12;7.332580706405269e-12;,5.752149554916067e-12;9.094947017729282e-13;9.094947017729282e-13;7.332580706405269e-12;
True,0.5,0,4,0,False,False,False,0.75,4.547473508864641e-12;906.9051025734256;6.558459564010244e-12;,1.0645362554641566e-11;1.55414522765887e-11;7.499885442698834e-12;
True,0.5,0,4,0,False,False,False,0.75,4.067383956680332e-12;1497.395846680439;6.558459564010244e-12;,1.19625350980331e-11;5.823607568738997e-12;1.0606439709309235e-11;
True,0.5,0,4,0,False,False,False,0.75,3.6662903532026344e-12;1292.7724913807258;9.795557720525728e-12;,6.821210263296962e-12;5.1448789686149945e-12;8.957483989248525e-12;
True,0.5,0,4,0,False,False,False,1.0,1.2862197421537486e-12;1.2862197421537486e-11;5.823607568738997e-12;5.084229945850415e-12;,9.094947017729282e-13;1.016845989170083e-11;8.580155856231252e-12;7.458411103860602e-12;
True,0.5,0,4,0,False,False,False,0.75,1295.1409289743558;6.1010759350204984e-12;5.532240293449121e-12;,2.8760747774580336e-12;6.1010759350204984e-12;5.532240293449121e-12;
True,0.5,0,4,0,False,False,False,0.75,1250.6887681183778;3.885363069147175e-12;4.067383956680332e-12;,1.411915463564585e-11;3.885363069147175e-12;3.637978807091713e-12;
True,0.5,0,4,0,False,False,False,0.75,1287.0449846695913;3.858659226461245e-12;8.580155856231252e-12;,9.094947017729282e-12;3.279229782005122e-12;7.275957614183426e-12;
True,0.5,0,4,0,False,False,False,1.0,1.1064480586898243e-11;1.6770253673335696e-11;5.4569682106375694e-12;1.1504299109832135e-11;,4.067383956680332e-12;1.4206761399521663e-11;7.332580706405269e-12;1.324244274525066e-11;
True,0.5,0,4,0,False,False,False,0.75,1304.9893044788378;9.094947017729282e-12;7.499885442698834e-12;,9.837689346015367e-12;9.094947017729282e-12;1.19625350980331e-11;
True,0.5,0,4,0,False,False,False,1.0,4.897778860262864e-12;9.713407672867936e-13;8.134767913360665e-12;9.795557720525728e-12;,6.558459564010244e-12;9.713407672867936e-13;9.795557720525728e-12;8.543927027883881e-12;
True,0.5,0,4,0,False,False,False,0.75,9.094947017729282e-13;995.2349969130887;2.448889430131432e-12;,6.366462912410498e-12;1.2370465364015621e-11;6.760305380939147e-12;
True,0.5,0,4,0,False,False,False,1.0,8.385126836667848e-12;1.000444171950221e-11;7.622954678590855e-12;6.558459564010244e-12;,7.71731845292249e-12;9.094947017729282e-12;5.475883235154604e-12;1.4551915228366852e-11;
True,0.5,0,4,0,False,False,False,0.75,4.918844673007683e-12;920.6000077524523;4.547473508864641e-12;,1.124982816404825e-11;7.622954678590855e-12;3.749942721349417e-12;
True,0.5,0,4,0,False,False,False,0.75,568.6130713312497;6.431098710768743e-12;1.0289757937229989e-11;,7.103380699760832e-12;4.637531231849411e-12;1.4665161412810538e-11;
True,0.5,0,4,0,False,False,False,0.5,1066.1426604159503;6.3175521015408794e-12;,1.2862197421537486e-11;1.8749713606747085e-12;
True,0.5,0,4,0,False,False,False,1.0,5.752149554916067e-12;6.3175521015408794e-12;1.0606439709309235e-11;1.4380373887290168e-12;,2.0997315697268633e-11;8.045301916788108e-12;1.2202151870040997e-11;4.1179124028246485e-12;
True,0.5,0,4,0,False,False,False,1.0,4.303613702801999e-12;5.823607568738997e-12;9.094947017729282e-12;4.637531231849411e-12;,8.404372046368835e-12;1.107382164435505e-11;1.0606439709309235e-11;7.823769253302659e-12;
True,0.5,0,4,0,False,False,False,1.0,2.5724394843074972e-12;9.795557720525728e-12;6.558459564010244e-12;4.524768276304808e-12;,3.637978807091713e-12;8.957483989248525e-12;5.752149554916067e-12;6.542736773949119e-12;
True,0.5,0,4,0,False,False,False,0.75,9.094947017729282e-12;1414.4874000289037;7.332580706405269e-12;,1.791496797849705e-11;1.0379801288321075e-11;3.637978807091713e-12;
True,0.5,0,4,0,False,False,False,0.5,238.59433403367342;1.8189894035458565e-12;,9.495403454739563e-12;4.897778860262864e-12;
True,0.5,0,4,0,False,False,False,0.5,640.4963027242378;1.2202151870040997e-11;,2.9118037843694986e-12;1.1064480586898243e-11;
True,0.5,0,4,0,False,False,False,1.0,1.3882834102763579e-11;1.2202151870040997e-11;5.4569682106375694e-12;5.532240293449121e-12;,1.0913936421275139e-11;1.0289757937229989e-11;9.275062463698822e-12;9.837689346015367e-12;
True,0.5,0,4,0,False,False,False,0.75,4.547473508864641e-12;7.332580706405269e-12;109.30098280564509;,6.1010759350204984e-12;8.134767913360665e-12;1.1647215137477994e-11;
True,0.5,0,4,0,False,False,False,0.75,797.0407290627977;1.0606439709309235e-11;1.4206761399521663e-11;,3.637978807091713e-12;1.7160311712462504e-11;1.0951766470309208e-11;
True,0.5,0,4,0,False,False,False,0.75,8.134767913360665e-12;1.1504299109832135e-11;1117.1060751779846;,5.1448789686149945e-12;6.558459564010244e-12;5.6843418860808015e-12;
True,0.5,0,4,0,False,False,False,1.0,8.735411353108496e-12;3.749942721349417e-12;1.0289757937229989e-11;5.475883235154604e-12;,7.71731845292249e-12;3.749942721349417e-12;1.1504299109832135e-11;1.639614891002561e-11;
True,0.5,0,4,0,False,False,False,1.0,9.713407672867936e-13;3.749942721349417e-12;9.140308630886366e-12;5.4569682106375694e-12;,9.713407672867936e-13;4.547473508864641e-12;8.134767913360665e-12;8.385126836667848e-12;
True,0.5,0,4,0,False,False,False,0.5,1207.051388354371;1054.4478457039522;,1.016845989170083e-11;1.3116919128020487e-11;
True,0.5,0,4,0,False,False,False,0.75,4.7477017273697814e-12;6.1010759350204984e-12;847.6935874653527;,3.4632526448439915e-12;1.19625350980331e-11;3.749942721349417e-12;
True,0.5,0,4,0,False,False,False,0.75,9.094947017729282e-13;1215.016512789973;3.637978807091713e-12;,1.016845989170083e-11;2.033691978340166e-12;4.067383956680332e-12;
True,0.5,0,4,0,False,False,False,0.75,9.795557720525728e-12;1412.5776269917326;9.721388017365802e-12;,9.795557720525728e-12;4.590260058017161e-12;9.275062463698822e-12;
True,0.5,0,4,0,False,False,False,0.75,1232.9270744875755;9.275062463698822e-12;4.067383956680332e-12;,3.749942721349417e-12;1.4206761399521663e-11;5.1448789686149945e-12;
True,0.5,0,4,0,False,False,False,1.0,3.279229782005122e-12;1.2635104203081759e-11;5.1448789686149945e-12;1.1647215137477994e-11;,3.858659226461245e-12;1.0606439709309235e-11;5.1448789686149945e-12;9.275062463698822e-12;
True,0.5,0,4,0,False,False,False,1.0,1.8189894035458565e-12;1.2635104203081759e-11;2.8760747774580336e-12;8.385126836667848e-12;,8.385126836667848e-12;1.4999770885397668e-11;5.532240293449121e-12;1.342852834589703e-11;
True,0.5,0,4,0,False,False,False,0.75,681.6029287135235;2.4170153239389606e-12;1.0606439709309235e-11;,4.067383956680332e-12;2.4170153239389606e-12;9.094947017729282e-12;
True,0.5,0,4,0,False,False,False,1.0,1.016845989170083e-11;5.084229945850415e-12;7.332580706405269e-12;4.067383956680332e-12;,8.829596408280667e-12;9.094947017729282e-13;7.332580706405269e-12;9.275062463698822e-12;
True,0.5,0,4,0,False,False,False,1.0,5.303219854654618e-12;1.0606439709309235e-11;6.042538309847401e-12;9.094947017729282e-12;,6.431098710768743e-12;1.22359997904584e-11;6.753610587238266e-12;5.823607568738997e-12;
True,0.5,0,4,0,False,False,False,0.75,5.475883235154604e-12;1440.2226742106075;4.5893855745247835e-12;,9.721388017365802e-12;1.4206761399521663e-11;6.199455848320057e-12;
True,0.5,0,4,0,False,False,False,0.75,5.752149554916067e-12;913.2967198255121;6.1852326820078106e-12;,1.1395935949750917e-11;7.275957614183426e-12;4.067383956680332e-12;
True,0.5,0,4,0,False,False,False,0.75,3.637978807091713e-12;1233.7124849817633;8.134767913360665e-12;,8.580155856231252e-12;1.55414522765887e-11;7.332580706405269e-12;
True,0.5,0,4,0,False,False,False,0.75,956.2897521798438;7.71731845292249e-12;3.811477339295427e-12;,4.547473508864641e-13;1.2202151870040997e-11;7.36423987323253e-12;
True,0.5,0,4,0,False,False,False,0.75,3.749942721349417e-12;783.5788216971339;9.094947017729282e-12;,2.8760747774580336e-12;1.1504299109832135e-11;9.837689346015367e-12;
True,0.5,0,4,0,False,False,False,1.0,5.532240293449121e-12;5.532240293449121e-12;4.582862941503293e-12;1.016845989170083e-12;,5.532240293449121e-12;6.1010759350204984e-12;3.682119936616265e-12;5.475883235154604e-12;
True,0.5,0,4,0,False,False,False,1.0,1.2862197421537486e-12;7.77072613829435e-12;9.094947017729282e-12;1.1504299109832135e-11;,1.2862197421537486e-12;1.1504299109832135e-11;8.348051665364355e-12;1.2202151870040997e-11;
True,0.5,0,4,0,False,False,False,1.0,9.275062463698822e-12;8.385126836667848e-12;8.735411353108496e-12;1.8189894035458565e-12;,7.499885442698834e-12;9.275062463698822e-12;7.71731845292249e-12;1.8189894035458565e-12;
True,0.5,0,4,0,False,False,False,0.75,768.0019943127679;8.957483989248525e-12;9.094947017729282e-12;,1.2862197421537486e-11;1.324244274525066e-11;7.332580706405269e-12;
True,0.5,0,4,0,False,False,False,1.0,3.637978807091713e-12;2.8760747774580336e-12;4.067383956680332e-12;1.0045697324301055e-11;,9.094947017729282e-12;3.310610686312665e-12;8.385126836667848e-12;9.140308630886366e-12;
True,0.5,0,4,0,False,False,False,1.0,1.8189894035458565e-12;5.6843418860808015e-12;4.414798204140334e-12;9.094947017729282e-13;,4.547473508864641e-12;5.6843418860808015e-12;6.0028372820143364e-12;9.094947017729282e-13;
True,0.5,0,4,0,False,False,False,0.75,997.5437936738341;5.303219854654618e-12;1.2202151870040997e-11;,5.532240293449121e-12;1.1504299109832135e-11;1.5647538506605318e-11;
True,0.5,0,4,0,False,False,False,0.75,1216.51399821688;8.385126836667848e-12;2.175699956865701e-12;,4.547473508864641e-12;9.094947017729282e-12;2.175699956865701e-12;
True,0.5,0,4,0,False,False,False,0.75,1493.7528994194777;2.033691978340166e-12;4.570154315443183e-12;,8.732127928790531e-12;1.2765366452748093e-11;8.385126836667848e-12;
True,0.5,0,4,0,False,False,False,0.75,2.8760747774580336e-12;2.8124570410120625e-12;1484.189351193199;,8.735411353108496e-12;3.701375270816176e-12;6.558459564010244e-12;
True,0.5,0,4,0,False,False,False,0.75,1375.4880731318979;3.279229782005122e-12;9.094947017729282e-13;,7.103380699760832e-12;4.547473508864641e-12;4.067383956680332e-12;
True,0.5,0,4,0,False,False,False,0.75,6.510991198991339e-12;6.821210263296962e-12;601.6817663126474;,4.7477017273697814e-12;3.183231456205249e-12;1.469333658078859e-11;
True,0.5,0,4,0,False,False,False,0.5,1267.7597298768194;1032.05384938434;,4.547473508864641e-12;9.094947017729282e-12;
True,0.5,0,4,0,False,False,False,1.0,3.749942721349417e-12;3.637978807091713e-12;5.002220859751105e-12;4.570154315443183e-12;,9.795557720525728e-12;7.499885442698834e-12;3.183231456205249e-12;6.9414170513817895e-12;
True,0.5,0,4,0,False,False,False,1.0,9.094947017729282e-13;5.4569682106375694e-12;1.2202151870040997e-11;3.749942721349417e-12;,9.094947017729282e-13;6.558459564010244e-12;9.094947017729282e-12;3.749942721349417e-12;
True,0.5,0,4,0,False,False,False,0.75,4.834030647877921e-12;1289.1802149522243;1.3882834102763579e-11;,3.885363069147175e-12;3.279229782005122e-12;1.274104372543834e-11;
True,0.5,0,4,0,False,False,False,0.5,430.03796850078834;9.094947017729282e-12;,1.8749713606747085e-12;1.0913936421275139e-11;
True,0.5,0,4,0,False,False,False,0.5,378.8868152759197;4.4309618193604665e-12;,9.094947017729282e-12;2.688068722398071e-12;
True,0.5,0,4,0,False,False,False,1.0,2.8760747774580336e-12;9.094947017729282e-12;2.9118037843694986e-12;1.1936576582599344e-11;,2.8760747774580336e-12;1.2202151870040997e-11;9.275062463698822e-12;8.385126836667848e-12;
True,0.5,0,4,0,False,False,False,0.75,5.550898829703193e-12;939.07406461266;1.0606439709309235e-11;,4.897778860262864e-12;6.558459564010244e-12;9.094947017729282e-12;
True,0.5,0,4,0,False,False,False,0.75,8.458789688001286e-12;4.2309225286609024e-12;881.7644601737461;,6.382683226374047e-12;2.3437142008433857e-12;5.823607568738997e-12;
True,0.5,0,4,0,False,False,False,0.75,795.9724055977955;1.2202151870040997e-11;2.737941617577302e-12;,1.2862197421537486e-12;1.8550124927397645e-11;4.1740258326821776e-12;
True,0.5,0,4,0,False,False,False,0.75,4.637531231849411e-12;1355.773698659621;1.0606439709309235e-11;,3.310610686312665e-12;9.00353819507624e-12;1.0606439709309235e-11;
True,0.5,0,4,0,False,False,False,1.0,3.6662903532026344e-12;4.834030647877921e-12;4.067383956680332e-12;8.957483989248525e-12;,4.834030647877921e-12;1.0998871059607903e-11;9.795557720525728e-12;9.973388023109378e-12;
True,0.5,0,4,0,False,False,False,1.0,1.3642420526593924e-11;1.3116919128020487e-11;5.4569682106375694e-12;5.002220859751105e-12;,1.4206761399521663e-11;1.2370465364015621e-11;7.275957614183426e-12;0.0;
True,0.5,0,4,0,False,False,False,0.75,2.033691978340166e-12;79.91591949647258;5.752149554916067e-12;,2.033691978340166e-12;2.2737367544323206e-12;9.495403454739563e-12;
True,0.5,0,4,0,False,False,False,0.75,1.1395935949750917e-11;753.748655177009;8.134767913360665e-12;,1.1064480586898243e-11;1.8189894035458565e-12;7.77072613829435e-12;
True,0.5,0,4,0,False,False,False,0.75,2.7284841053187847e-12;66.03939549964407;5.1448789686149945e-12;,3.279229782005122e-12;6.558459564010244e-12;1.1504299109832135e-11;
True,0.5,0,4,0,False,False,False,0.75,1.1101797659406386e-11;954.4376484228835;6.9414170513817895e-12;,1.1101797659406386e-11;6.558459564010244e-12;6.1852326820078106e-12;
True,0.5,0,4,0,False,False,False,0.75,5.752149554916067e-12;1098.0564825827164;2.8760747774580336e-12;,7.402750541632352e-12;5.303219854654618e-12;2.8760747774580336e-12;
True,0.5,0,4,0,False,False,False,1.0,4.547473508864641e-12;4.067383956680332e-12;7.332580706405269e-12;6.431098710768743e-12;,3.749942721349417e-12;2.033691978340166e-12;1.22359997904584e-11;8.385126836667848e-12;
True,0.5,0,4,0,False,False,False,0.75,4.687428401686771e-12;7.332580706405269e-12;1347.2615277426246;,1.1737856311029015e-11;9.668061295755842e-12;8.385126836667848e-12;
True,0.5,0,4,0,False,False,False,1.0,6.882515148238467e-12;6.926505289687983e-12;4.067383956680332e-12;7.499885442698834e-12;,6.882515148238467e-12;6.431098710768743e-12;6.558459564010244e-12;5.4569682106375694e-12;
True,0.5,0,4,0,False,False,False,1.0,5.475883235154604e-12;4.897778860262864e-12;9.094947017729282e-12;1.0606439709309235e-11;,7.290154618149881e-12;1.1064480586898243e-11;1.2202151870040997e-11;1.2862197421537486e-11;
True,0.5,0,4,0,False,False,False,1.0,7.77072613829435e-12;4.764346674119284e-12;9.374856803373543e-12;6.9414170513817895e-12;,1.016845989170083e-11;4.764346674119284e-12;3.637978807091713e-12;6.1852326820078106e-12;
True,0.5,0,4,0,False,False,False,0.5,361.6706112644428;1.4999770885397668e-11;,9.495403454739563e-12;9.668061295755842e-12;
True,0.5,0,4,0,False,False,False,1.0,9.275062463698822e-12;1.8189894035458565e-12;0.0;3.4200659130172707e-12;,1.3920023652657589e-11;5.752149554916067e-12;5.9117155615240335e-12;2.207399102070167e-12;
True,0.5,0,4,0,False,False,False,1.0,1.0045697324301055e-11;7.103380699760832e-12;2.033691978340166e-12;6.261038749023266e-12;,9.837689346015367e-12;1.3520610761878294e-11;3.749942721349417e-12;7.1550489235776525e-12;
True,0.5,0,4,0,False,False,False,0.5,1111.751486602327;2.5724394843074972e-12;,8.580155856231252e-12;1.2202151870040997e-11;
True,0.5,0,4,0,False,False,False,1.0,5.4569682106375694e-12;6.68726041560728e-12;7.744068337127102e-12;8.134767913360665e-12;,8.134767913360665e-12;7.558251190218771e-12;7.784020803512108e-12;1.1148268342486756e-11;
True,0.5,0,4,0,False,False,False,0.75,1456.4173125987288;1.1368683772161603e-11;6.1852326820078106e-12;,6.821210263296962e-12;1.2765366452748093e-11;7.941821057362622e-12;
True,0.5,0,4,0,False,False,False,1.0,3.637978807091713e-12;9.116415597245705e-12;6.431098710768743e-12;9.094947017729282e-12;,1.0913936421275139e-11;1.0931833345511538e-11;4.637531231849411e-12;1.828061726177273e-11;
True,0.5,0,4,0,False,False,False,0.75,2.207399102070167e-12;9.094947017729282e-13;1242.4344456335498;,1.2794189634595913e-11;2.7284841053187847e-12;7.71731845292249e-12;
True,0.5,0,4,0,False,False,False,1.0,2.7284841053187847e-12;2.3187656159247056e-12;1.1064480586898243e-11;1.8189894035458565e-12;,1.8189894035458565e-12;1.016845989170083e-12;1.1064480586898243e-11;1.000444171950221e-11;
True,0.5,0,4,0,False,False,False,1.0,6.926505289687983e-12;2.8760747774580336e-12;3.749942721349417e-12;4.169378558092887e-12;,5.303219854654618e-12;3.749942721349417e-12;1.3116919128020487e-11;7.276845738399633e-12;
True,0.5,0,4,0,False,False,False,0.75,438.74442347854426;7.275957614183426e-12;5.4569682106375694e-12;,8.782630136842257e-12;8.134767913360665e-12;1.0913936421275139e-11;
True,0.5,0,4,0,False,False,False,0.75,1263.528486266588;1.411915463564585e-11;8.134767913360665e-12;,9.795557720525728e-12;1.4272113573020047e-11;1.626953582672133e-11;
True,0.5,0,4,0,False,False,False,0.75,1.8749713606747085e-12;714.1832887948617;5.752149554916067e-12;,9.106308604942018e-12;4.067383956680332e-12;9.837689346015367e-12;
True,0.5,0,4,0,False,False,False,1.0,6.62122137262533e-12;4.897778860262864e-12;1.4559018921847493e-12;1.1647215137477994e-11;,6.62122137262533e-12;3.749942721349417e-12;1.2085076619694802e-11;1.626953582672133e-11;
True,0.5,0,4,0,False,False,False,0.75,1124.9906058389834;4.4787419946242626e-12;7.103380699760832e-12;,7.275957614183426e-12;3.279229782005122e-12;2.5724394843074972e-12;
True,0.5,0,4,0,False,False,False,0.75,7.77072613829435e-12;1.8189894035458565e-12;1406.1351489360723;,1.1647215137477994e-11;9.275062463698822e-12;1.4665161412810538e-11;
True,0.5,0,4,0,False,False,False,1.0,5.532240293449121e-12;7.332580706405269e-12;6.821210263296962e-12;6.558459564010244e-12;,7.332580706405269e-12;4.637531231849411e-12;6.3175521015408794e-12;4.547473508864641e-12;
True,0.5,0,4,0,False,False,False,0.75,7.71731845292249e-12;9.140308630886366e-12;1234.6685456172943;,6.760305380939147e-12;9.275062463698822e-12;3.201450417766119e-12;
True,0.5,0,4,0,False,False,False,0.5,3.749942721349417e-12;526.875579367065;,1.19625350980331e-11;3.6662903532026344e-12;
True,0.5,0,4,0,False,False,False,1.0,8.348051665364355e-12;1.3520610761878294e-11;4.067383956680332e-12;1.0369835082193621e-11;,1.3116919128020487e-11;1.324244274525066e-11;9.094947017729282e-12;1.1101797659406386e-11;
True,0.5,0,4,0,False,False,False,1.0,1.5252689837551246e-12;1.3853010579375966e-11;3.637978807091713e-12;8.134767913360665e-12;,6.821210263296962e-13;1.4551915228366852e-11;1.107382164435505e-11;9.668061295755842e-12;
True,0.5,0,4,0,False,False,False,0.75,1.8189894035458565e-12;5.4569682106375694e-12;1235.616826335318;,1.4665161412810538e-11;3.279229782005122e-12;1.0645362554641566e-11;
True,0.5,0,4,0,False,False,False,0.5,343.20143559791944;2.5724394843074972e-12;,1.3853010579375966e-11;2.5724394843074972e-12;
True,0.5,0,4,0,False,False,False,0.75,9.094947017729282e-12;2.033691978340166e-12;954.6953276877057;,1.0606439709309235e-11;7.059577317822925e-12;5.810276133697988e-12;
True,0.5,0,4,0,False,False,False,0.75,703.5324186672531;8.134767913360665e-12;9.668061295755842e-12;,7.77072613829435e-12;7.332580706405269e-12;8.580155856231252e-12;
True,0.5,0,4,0,False,False,False,0.75,7.71731845292249e-12;1251.7336392012608;4.547473508864641e-12;,1.0606439709309235e-11;9.196696017241577e-12;1.2370465364015621e-11;
True,0.5,0,4,0,False,False,False,0.75,1306.1592011345538;1.0606439709309235e-11;7.290154618149881e-12;,1.1064480586898243e-11;1.1647215137477994e-11;1.4559018921847493e-11;
True,0.5,0,4,0,False,False,False,0.5,1372.624085228944;845.0327990081669;,8.957483989248525e-12;1.1064480586898243e-11;
True,0.5,0,4,0,False,False,False,1.0,9.635923606955244e-12;4.290077928115626e-12;8.134767913360665e-12;5.752149554916067e-12;,5.624914082024125e-12;4.547473508864641e-12;5.532240293449121e-12;6.62122137262533e-12;
True,0.5,0,4,0,False,False,False,1.0,5.752149554916067e-12;2.7284841053187847e-12;2.033691978340166e-12;1.1368683772161603e-12;,9.140308630886366e-12;4.547473508864641e-12;6.62122137262533e-12;1.1368683772161603e-12;
True,0.5,0,4,0,False,False,False,0.75,5.475883235154604e-12;4.192563418333924e-12;1481.3073941849177;,8.045301916788108e-12;9.931832058937996e-12;1.6090603833576217e-11;
True,0.5,0,4,0,False,False,False,1.0,8.134767913360665e-12;9.094947017729282e-12;3.240074875066057e-12;7.275957614183426e-12;,8.134767913360665e-12;6.431098710768743e-12;3.3653032268411345e-12;1.7087854055767762e-11;
True,0.5,0,4,0,False,False,False,0.75,1173.7063526534369;2.2737367544323206e-12;3.310610686312665e-12;,6.5231383499404756e-12;2.2737367544323206e-12;3.749942721349417e-12;
True,0.5,0,4,0,False,False,False,0.75,6.431098710768743e-12;1204.988851852735;2.5724394843074972e-12;,5.532240293449121e-12;6.558459564010244e-12;1.8189894035458565e-12;
True,0.5,0,4,0,False,False,False,0.5,1476.0586674311314;873.571067090521;,1.1101797659406386e-11;2.033691978340166e-12;
True,0.5,0,4,0,False,False,False,0.75,478.9762653520488;6.366462912410498e-12;2.5724394843074972e-12;,1.1504299109832135e-11;6.366462912410498e-12;1.016845989170083e-11;
True,0.5,0,4,0,False,False,False,0.5,208.93493271480614;3.749942721349417e-12;,1.626953582672133e-11;8.134767913360665e-12;
True,0.5,0,4,0,False,False,False,0.75,2.033691978340166e-12;994.087919006717;8.134767913360665e-12;,3.279229782005122e-12;7.332580706405269e-12;1.2732925824820995e-11;
True,0.5,0,4,0,False,False,False,1.0,1.8189894035458565e-12;3.637978807091713e-12;3.637978807091713e-12;1.1647215137477994e-11;,1.0951766470309208e-11;4.547473508864641e-12;4.067383956680332e-12;1.3520610761878294e-11;
True,0.5,0,4,0,False,False,False,0.75,521.9520881314394;7.823769253302659e-12;1.1504299109832135e-11;,1.4665161412810538e-11;8.580155856231252e-12;6.558459564010244e-12;
True,0.5,0,4,0,False,False,False,1.0,5.752149554916067e-12;8.385126836667848e-12;3.749942721349417e-12;8.385126836667848e-12;,1.2202151870040997e-11;1.016845989170083e-11;3.637978807091713e-12;9.094947017729282e-12;
True,0.5,0,4,0,False,False,False,0.5,5.532240293449121e-12;1549.7513821990406;,7.77072613829435e-12;7.059577317822925e-12;
True,0.5,0,4,0,False,False,False,1.0,7.499885442698834e-12;9.837689346015367e-12;7.77072613829435e-12;9.973388023109378e-12;,9.275062463698822e-12;1.0606439709309235e-11;3.749942721349417e-12;5.9117155615240335e-12;
True,0.5,0,4,0,False,False,False,1.0,6.431098710768743e-12;2.5724394843074972e-12;5.752149554916067e-12;7.30786208804975e-12;,6.1010759350204984e-12;5.4569682106375694e-12;9.094947017729282e-12;8.213824852731906e-12;
True,0.5,0,4,0,False,False,False,0.75,1.016845989170083e-11;1.2862197421537486e-12;480.17744958897686;,2.8760747774580336e-12;1.2862197421537486e-12;1.2085076619694803e-12;
True,0.5,0,4,0,False,False,False,1.0,6.62122137262533e-12;5.1448789686149945e-12;2.4170153239389606e-12;5.1448789686149945e-12;,8.385126836667848e-12;8.957483989248525e-12;5.536910822177525e-12;8.134767913360665e-12;
True,0.5,0,4,0,False,False,False,0.5,1008.6965216834587;1010.9116674288306;,2.2737367544323206e-12;9.094947017729282e-12;
True,0.5,0,4,0,False,False,False,1.0,2.033691978340166e-12;1.8189894035458565e-12;4.067383956680332e-12;9.837689346015367e-12;,7.275957614183426e-12;5.4569682106375694e-12;7.71731845292249e-12;9.837689346015367e-12;
True,0.5,0,4,0,False,False,False,1.0,5.1448789686149945e-12;5.475883235154604e-12;1.0289757937229989e-11;1.000444171950221e-11;,1.3116919128020487e-11;4.681910532320672e-12;1.4665161412810538e-11;1.1504299109832135e-11;
True,0.5,0,4,0,False,False,False,0.75,4.067383956680332e-12;851.5117711869271;4.547473508864641e-12;,7.499885442698834e-12;8.185452315956354e-12;3.858659226461245e-12;
True,0.5,0,4,0,False,False,False,0.75,7.290154618149881e-12;444.2553878955558;2.2737367544323206e-12;,1.0923406216047e-11;1.324244274525066e-11;3.279229782005122e-12;
True,0.5,0,4,0,False,False,False,0.75,3.637978807091713e-12;1.0913936421275139e-11;455.33000154228716;,7.275957614183426e-12;1.2732925824820995e-11;5.823607568738997e-12;
True,0.5,0,4,0,False,False,False,0.5,1088.7954171809995;4.067383956680332e-12;,9.094947017729282e-12;1.2862197421537486e-11;
True,0.5,0,4,0,False,False,False,0.75,8.580155856231252e-12;1226.9036617690776;2.033691978340166e-12;,1.1823431123048067e-11;9.094947017729282e-13;3.279229782005122e-12;
True,0.5,0,4,0,False,False,False,1.0,5.752149554916067e-12;9.094947017729282e-12;5.752149554916067e-12;5.823607568738997e-12;,6.62122137262533e-12;1.1647215137477994e-11;4.897778860262864e-12;7.332580706405269e-12;
True,0.5,0,4,0,False,False,False,0.75,2.9118037843694986e-12;918.0469569650404;8.298360440173682e-12;,2.033691978340166e-12;0.0;8.298360440173682e-12;
True,0.5,0,4,0,False,False,False,1.0,7.48630200264025e-12;6.366462912410498e-12;4.897778860262864e-12;1.2862197421537486e-11;,7.48630200264025e-12;6.366462912410498e-12;3.749942721349417e-12;7.71731845292249e-12;
True,0.5,0,4,0,False,False,False,1.0,9.094947017729282e-12;1.8189894035458565e-12;6.821210263296962e-12;7.016421534085326e-12;,5.532240293449121e-12;9.275062463698822e-12;3.279229782005122e-12;5.644411243022846e-12;
True,0.5,0,4,0,False,False,False,1.0,1.1064480586898243e-11;2.29653743679316e-12;8.782630136842257e-12;8.829596408280667e-12;,1.3021982397982677e-11;2.592614562668407e-12;4.637531231849411e-12;1.0616183799292005e-11;
True,0.5,0,4,0,False,False,False,1.0,1.8189894035458565e-12;3.279229782005122e-12;5.532240293449121e-12;1.0606439709309235e-11;,7.332580706405269e-12;5.475883235154604e-12;5.532240293449121e-12;1.527978167033456e-11;
True,0.5,0,4,0,False,False,False,1.0,7.499885442698834e-12;6.558459564010244e-12;3.279229782005122e-12;5.752149554916067e-12;,7.499885442698834e-12;4.897778860262864e-12;8.580155856231252e-12;9.275062463698822e-12;
True,0.5,0,4,0,False,False,False,0.75,6.558459564010244e-12;847.7610270903857;4.547473508864641e-12;,5.1448789686149945e-12;1.0913936421275139e-11;8.580155856231252e-12;
True,0.5,0,4,0,False,False,False,1.0,7.103380699760832e-12;4.685015133493733e-12;5.532240293449121e-12;2.5421149729252077e-12;,5.532240293449121e-12;1.1559357659304605e-11;1.812155355325674e-11;1.0272157849682588e-11;
True,0.5,0,4,0,False,False,False,1.0,6.926505289687983e-12;2.033691978340166e-12;5.550898829703193e-12;8.134767913360665e-12;,2.8760747774580336e-12;3.279229782005122e-12;6.3175521015408794e-12;1.524590935718171e-11;
True,0.5,0,4,0,False,False,False,0.75,1.016845989170083e-11;5.475883235154604e-12;951.8684202768345;,1.1064480586898243e-11;1.0923406216047e-11;2.033691978340166e-12;
True,0.5,0,4,0,False,False,False,0.75,3.279229782005122e-12;1364.6828048585048;3.637978807091713e-12;,9.275062463698822e-12;8.957483989248525e-12;7.275957614183426e-12;
True,0.5,0,4,0,False,False,False,0.5,210.76283282986;5.1448789686149945e-12;,7.77072613829435e-12;5.1448789686149945e-12;
True,0.5,0,4,0,False,False,False,0.75,5.322681277320783e-12;1.1368683772161603e-12;581.4037887654176;,9.973388023109378e-12;8.264024402427025e-12;8.6282243323741e-12;
True,0.5,0,4,0,False,False,False,1.0,5.98126754901655e-12;1.0951766470309208e-11;5.303219854654618e-12;5.823607568738997e-12;,4.637531231849411e-12;6.62122137262533e-12;1.1823431123048067e-11;9.495403454739563e-12;
True,0.5,0,4,0,False,False,False,0.75,1486.7512170746547;6.1010759350204984e-12;3.749942721349417e-12;,0.0;6.1010759350204984e-12;4.547473508864641e-12;
True,0.5,0,4,0,False,False,False,0.75,4.897778860262864e-12;1405.2519265638837;2.5724394843074972e-12;,1.0913936421275139e-11;1.324244274525066e-11;2.5724394843074972e-12;
True,0.5,0,4,0,False,False,False,0.75,781.1887952199736;4.4787419946242626e-12;1.5926304656797925e-12;,1.2202151870040997e-11;3.279229782005122e-12;6.499318518333807e-12;
True,0.5,0,4,0,False,False,False,0.75,4.834030647877921e-12;8.235824805649297e-12;1332.0882884526452;,9.094947017729282e-12;2.7284841053187847e-12;6.1010759350204984e-12;
True,0.5,0,4,0,False,False,False,0.75,4.834030647877921e-12;2.8760747774580336e-12;1113.7445096720494;,3.6662903532026344e-12;4.637531231849411e-12;4.637531231849411e-12;
True,0.5,0,4,0,False,False,False,1.0,1.1647215137477994e-11;1.0951766470309208e-11;1.016845989170083e-12;5.752149554916067e-12;,9.795557720525728e-12;7.73070496506989e-12;6.1010759350204984e-12;5.752149554916067e-12;
True,0.5,0,4,0,False,False,False,0.75,1.016845989170083e-11;1221.4699235943328;1.1101797659406386e-11;,7.103380699760832e-12;8.580155856231252e-12;7.103380699760832e-12;
True,0.5,0,4,0,False,False,False,1.0,8.235824805649297e-12;4.564848612270419e-12;6.62122137262533e-12;4.1740258326821776e-12;,7.332580706405269e-12;3.659674485520525e-12;6.558459564010244e-12;1.2896317377896806e-11;
True,0.5,0,4,0,False,False,False,1.0,3.858659226461245e-12;7.77072613829435e-12;6.323942118044584e-12;9.668061295755842e-12;,5.697967974875459e-12;8.829596408280667e-12;6.887442880006735e-12;9.668061295755842e-12;
True,0.5,0,4,0,False,False,False,1.0,3.9118846266513295e-12;3.749942721349417e-12;7.332580706405269e-12;8.134767913360665e-12;,4.834030647877921e-12;9.837689346015367e-12;1.1101797659406386e-11;1.324244274525066e-11;
True,0.5,0,4,0,False,False,False,1.0,7.332580706405269e-12;3.279229782005122e-12;4.067383956680332e-12;8.957483989248525e-12;,3.279229782005122e-12;6.558459564010244e-12;1.4551915228366852e-11;5.4569682106375694e-12;
True,0.5,0,4,0,False,False,False,0.75,628.441924354298;9.721388017365802e-12;4.918844673007683e-12;,1.2370465364015621e-11;8.385126836667848e-12;1.0645362554641566e-11;
True,0.5,0,4,0,False,False,False,1.0,6.62122137262533e-12;4.067383956680332e-12;8.185452315956354e-12;3.279229782005122e-12;,6.366462912410498e-12;6.1010759350204984e-12;8.957483989248525e-12;3.279229782005122e-12;
True,0.5,0,4,0,False,False,False,0.5,2.651609927327309e-12;1531.9886134834449;,5.084229945850415e-12;9.795557720525728e-12;
True,0.5,0,4,0,False,False,False,1.0,4.067383956680332e-12;8.134767913360665e-12;7.77072613829435e-12;5.4569682106375694e-12;,4.897778860262864e-12;1.0289757937229989e-11;1.2862197421537486e-12;4.092726157978177e-12;
True,0.5,0,4,0,False,False,False,0.75,2.448889430131432e-12;6.558459564010244e-12;1326.0021696834128;,8.058143588036432e-12;3.279229782005122e-12;7.499885442698834e-12;
True,0.5,0,4,0,False,False,False,0.75,2.2737367544323206e-12;1370.471909344414;7.448006433223417e-12;,2.448889430131432e-12;8.385126836667848e-12;7.448006433223417e-12;
True,0.5,0,4,0,False,False,False,0.75,759.9784599997555;3.637978807091713e-12;5.752149554916067e-12;,6.431098710768743e-12;3.637978807091713e-12;9.094947017729282e-12;
True,0.5,0,4,0,False,False,False,0.75,1053.9731513318397;7.275957614183426e-12;2.651609927327309e-12;,1.4999770885397668e-11;9.795557720525728e-12;6.821210263296962e-12;
True,0.5,0,4,0,False,False,False,0.75,3.858659226461245e-12;311.91128928065854;5.1448789686149945e-12;,5.303219854654618e-12;7.332580706405269e-12;8.134767913360665e-12;
True,0.5,0,4,0,False,False,False,1.0,1.8749713606747085e-12;7.275957614183426e-12;3.749942721349417e-12;0.0;,2.5724394843074972e-12;8.185452315956354e-12;3.749942721349417e-12;1.3642420526593924e-12;
True,0.5,0,4,0,False,False,False,0.5,1321.852869771886;178.6800196795994;,1.3116919128020487e-11;1.0606439709309235e-11;
True,0.5,0,4,0,False,False,False,1.0,3.279229782005122e-12;8.829596408280667e-12;6.558459564010244e-12;6.8815761325920705e-12;,6.1010759350204984e-12;8.134767913360665e-12;1.324244274525066e-11;5.532240293449121e-12;
True,0.5,0,4,0,False,False,False,0.75,988.3458634404014;3.183231456205249e-12;9.140308630886366e-12;,1.0606439709309235e-11;9.106308604942018e-12;9.140308630886366e-12;
True,0.5,0,4,0,False,False,False,0.75,536.4886010910484;1.2202151870040997e-11;1.4473544490865196e-11;,1.1823431123048067e-11;1.0289757937229989e-11;1.0045697324301055e-11;
True,0.5,0,4,0,False,False,False,0.75,4.067383956680332e-12;1452.968778526048;3.551690349880416e-12;,4.067383956680332e-12;5.752149554916067e-12;2.8760747774580336e-12;
True,0.5,0,4,0,False,False,False,0.75,4.834030647877921e-12;1336.9942483530301;5.1448789686149945e-12;,6.3175521015408794e-12;7.71731845292249e-12;5.1448789686149945e-12;
True,0.5,0,4,0,False,False,False,0.75,682.8377226315334;6.431098710768743e-12;4.553154302471009e-12;,9.094947017729282e-12;4.897778860262864e-12;4.553154302471009e-12;
True,0.5,0,4,0,False,False,False,0.75,4.067383956680332e-12;1.016845989170083e-12;1077.527718621568;,7.499885442698834e-12;1.639614891002561e-12;1.1101797659406386e-11;
True,0.5,0,4,0,False,False,False,0.5,1218.720064352919;1324.749034954717;,3.749942721349417e-12;1.1504299109832135e-11;
True,0.5,0,4,0,False,False,False,1.0,2.8760747774580336e-12;4.637531231849411e-12;4.067383956680332e-12;4.687428401686771e-12;,1.1064480586898243e-11;7.823769253302659e-12;3.279229782005122e-12;4.687428401686771e-12;
True,0.5,0,4,0,False,False,False,0.5,907.3884679218464;558.8526159204121;,1.2305517091349256e-11;3.641973416879716e-12;
True,0.5,0,4,0,False,False,False,1.0,2.4594223365038417e-12;2.9558577807620168e-12;5.002220859751105e-12;6.558459564010244e-12;,4.986694011554689e-12;1.0972988558945558e-11;1.1368683772161603e-11;1.0289757937229989e-11;
True,0.5,0,4,0,False,False,False,0.75,5.823607568738997e-12;1127.1035998686486;1.0951766470309208e-11;,7.332580706405269e-12;9.094947017729282e-12;9.275062463698822e-12;
True,0.5,0,4,0,False,False,False,0.75,1475.9568888742795;3.749942721349417e-12;1.1395935949750917e-11;,6.9414170513817895e-12;3.637978807091713e-12;1.0219175716994974e-11;
True,0.5,0,4,0,False,False,False,0.75,975.6287114423434;1.3882834102763579e-11;0.0;,1.1823431123048067e-11;8.134767913360665e-12;7.332580706405269e-12;
True,0.5,0,4,0,False,False,False,1.0,3.6662903532026344e-12;5.1448789686149945e-12;7.332580706405269e-12;7.823769253302659e-12;,4.067383956680332e-12;4.290077928115626e-12;8.385126836667848e-12;4.637531231849411e-12;
True,0.5,0,4,0,False,False,False,0.5,603.0196659657364;5.532240293449121e-12;,7.332580706405269e-12;5.532240293449121e-12;
True,0.5,0,4,0,False,False,False,0.75,1199.2924349673308;5.1448789686149945e-12;4.547473508864641e-12;,7.332580706405269e-12;5.1448789686149945e-12;4.834030647877921e-12;
True,0.5,0,4,0,False,False,False,1.0,7.8481109727701e-12;1.0606439709309235e-11;7.71731845292249e-12;6.558459564010244e-12;,7.8481109727701e-12;1.1504299109832135e-11;6.821210263296962e-12;4.067383956680332e-12;
True,0.5,0,4,0,False,False,False,0.75,1386.2537708830894;5.136078924841294e-12;7.71731845292249e-12;,1.016845989170083e-11;3.979039320256561e-12;7.103380699760832e-12;
True,0.5,0,4,0,False,False,False,1.0,3.279229782005122e-12;2.8760747774580336e-12;1.0606439709309235e-11;1.8189894035458565e-12;,1.1064480586898243e-11;2.8760747774580336e-12;1.2202151870040997e-11;1.8189894035458565e-12;
True,0.5,0,4,0,False,False,False,1.0,8.385126836667848e-12;7.499885442698834e-12;8.235824805649297e-12;6.239584822129166e-12;,1.469333658078859e-11;1.4805501083264704e-11;9.094947017729282e-13;6.239584822129166e-12;
True,0.5,0,4,0,False,False,False,0.5,408.6416780912938;1411.8584029526055;,1.2862197421537486e-12;5.4569682106375694e-12;
True,0.5,0,4,0,False,False,False,0.75,1235.0441377191123;0.0;5.752149554916067e-12;,6.821210263296962e-12;5.823607568738997e-12;9.275062463698822e-12;
True,0.5,0,4,0,False,False,False,0.75,1221.0991478210058;6.558459564010244e-12;6.360941123353841e-12;,1.2005674564028673e-11;1.0645362554641566e-11;5.600230819947578e-12;
True,0.5,0,4,0,False,False,False,1.0,8.385126836667848e-12;6.431098710768743e-12;6.3175521015408794e-12;0.0;,9.275062463698822e-12;5.823607568738997e-12;6.3175521015408794e-12;1.0913936421275139e-11;
True,0.5,0,4,0,False,False,False,0.75,1024.146301957147;1.3882834102763579e-11;3.6662903532026344e-12;,1.3116919128020487e-11;1.6090603833576217e-11;4.290077928115626e-12;
True,0.5,0,4,0,False,False,False,1.0,1.546140993013978e-11;1.3642420526593924e-12;6.375591916735154e-12;9.374856803373543e-12;,1.4665161412810538e-11;1.1148268342486756e-11;5.467615963612411e-12;9.973388023109378e-12;
True,0.5,0,4,0,False,False,False,1.0,2.3437142008433857e-12;2.8760747774580336e-12;8.348051665364355e-12;7.71731845292249e-12;,9.214246309944488e-12;1.0289757937229989e-11;5.475883235154604e-12;7.103380699760832e-12;
True,0.5,0,4,0,False,False,False,0.5,972.6631119827083;5.4569682106375694e-12;,8.385126836667848e-12;5.4569682106375694e-12;
True,0.5,0,4,0,False,False,False,0.5,929.6435338332576;630.1397164273943;,2.033691978340166e-12;1.016845989170083e-11;
True,0.5,0,4,0,False,False,False,0.75,803.9604594098951;4.192563418333924e-12;2.9118037843694986e-12;,8.385126836667848e-12;7.941821057362622e-12;6.431098710768743e-12;
True,0.5,0,4,0,False,False,False,0.75,1205.6610467546097;3.858659226461245e-12;2.033691978340166e-12;,6.431098710768743e-12;4.547473508864641e-12;2.033691978340166e-12;
True,0.5,0,4,0,False,False,False,0.75,4.824663659274607e-12;795.0340268423072;6.926505289687983e-12;,4.824663659274607e-12;4.547473508864641e-12;1.342852834589703e-11;
True,0.5,0,4,0,False,False,False,0.5,805.0234658385069;8.957483989248525e-12;,1.0606439709309235e-11;8.580155856231252e-12;
True,0.5,0,4,0,False,False,False,1.0,3.551690349880416e-12;4.067383956680332e-12;9.837689346015367e-12;7.71731845292249e-12;,2.448889430131432e-12;3.279229782005122e-12;1.3021982397982677e-11;1.2202151870040997e-11;
True,0.5,0,4,0,False,False,False,1.0,2.7284841053187847e-12;1.2202151870040997e-11;9.094947017729282e-12;6.62122137262533e-12;,1.3642420526593924e-11;1.2202151870040997e-11;1.626953582672133e-11;3.749942721349417e-12;
True,0.5,0,4,0,False,False,False,0.75,1493.7178147932736;7.71731845292249e-12;7.275957614183426e-12;,2.2737367544323206e-12;7.71731845292249e-12;1.546140993013978e-11;
True,0.5,0,4,0,False,False,False,0.75,1.2202151870040997e-11;2.5724394843074972e-12;1463.0352735763795;,1.5883642114725243e-11;9.275062463698822e-12;5.9117155615240335e-12;
True,0.5,0,4,0,False,False,False,0.5,8.134767913360665e-12;805.3654814583965;,7.275957614183426e-12;1.1737856311029015e-11;
True,0.5,0,4,0,False,False,False,0.75,5.4569682106375694e-12;727.9013869014349;3.551690349880416e-12;,5.752149554916067e-12;8.580155856231252e-12;3.0505379675102492e-12;
True,0.5,0,4,0,False,False,False,0.75,1181.0123239707696;1.820986708439858e-12;6.558459564010244e-12;,5.684341886080801e-13;1.820986708439858e-12;7.71731845292249e-12;
True,0.5,0,4,0,False,False,False,0.75,1402.2228493825148;6.558459564010244e-12;5.532240293449121e-12;,1.3853010579375966e-11;5.823607568738997e-12;5.532240293449121e-12;
True,0.5,0,4,0,False,False,False,0.75,1381.5798858145001;7.71731845292249e-12;7.941821057362622e-12;,1.1504299109832135e-11;1.3116919128020487e-11;9.668061295755842e-12;
True,0.5,0,4,0,False,False,False,1.0,9.094947017729282e-12;2.5724394843074972e-12;9.837689346015367e-12;4.834030647877921e-12;,1.016845989170083e-11;1.016845989170083e-11;9.094947017729282e-12;5.550898829703193e-12;
True,0.5,0,5,0,False,False,False,0.6,2.033691978340166e-12;583.702001533598;872.8608965729642;,4.547473508864641e-12;9.094947017729282e-12;5.823607568738997e-12;
True,0.5,0,5,0,False,False,False,0.8,7.332580706405269e-12;936.9308560956983;1.8189894035458565e-12;5.437467456803959e-12;,1.0645362554641566e-11;1.2370465364015621e-11;6.558459564010244e-12;1.3996068733200821e-12;
True,0.5,0,5,0,False,False,False,0.6,977.8882526694401;838.0788227252148;1.8189894035458565e-12;,5.98126754901655e-12;3.279229782005122e-12;2.5724394843074972e-12;
True,0.5,0,5,0,False,False,False,0.4,581.5547198712507;3.885363069147175e-12;,4.4787419946242626e-12;1.1148268342486756e-11;
True,0.5,0,5,0,False,False,False,0.6,982.7971743130216;1.0645362554641566e-11;7.290154618149881e-12;,2.737941617577302e-12;2.033691978340166e-12;1.0923406216047e-11;
True,0.5,0,5,0,False,False,False,0.6,759.6481793869697;1440.468884373048;2.7284841053187847e-12;,6.431098710768743e-12;1.1647215137477994e-11;2.033691978340166e-12;
True,0.5,0,5,0,False,False,False,0.8,5.624914082024125e-12;250.2518674428538;3.637978807091713e-12;7.558251190218771e-12;,2.3187656159247056e-12;1.546140993013978e-11;4.547473508864641e-12;9.713407672867937e-12;
True,0.5,0,5,0,False,False,False,0.8,1.1101797659406386e-11;1128.9574662156415;1.2862197421537486e-12;1.8749713606747085e-12;,9.094947017729282e-12;9.795557720525728e-12;3.858659226461245e-12;3.749942721349417e-12;
True,0.5,0,5,0,False,False,False,0.6,3.637978807091713e-12;642.9621608451587;862.9678221006609;,9.795557720525728e-12;1.0606439709309235e-11;7.402750541632352e-12;
True,0.5,0,5,0,False,False,False,0.8,1325.7631030506018;3.637978807091713e-12;7.499885442698834e-12;7.059577317822925e-12;,2.7573452906915244e-12;1.6770253673335696e-11;1.3116919128020487e-11;1.124982816404825e-11;
True,0.5,0,5,0,False,False,False,0.6,848.6983353709253;5.823607568738997e-12;1402.8727965206733;,6.558459564010244e-12;7.499885442698834e-12;5.1448789686149945e-12;
True,0.5,0,5,0,False,False,False,0.8,7.622954678590855e-12;1.8189894035458565e-12;2.7284841053187847e-12;977.1775814175456;,6.1852326820078106e-12;7.332580706405269e-12;4.067383956680332e-12;7.103380699760832e-12;
True,0.5,0,5,0,False,False,False,0.8,6.558459564010244e-12;1344.9632849900422;1.8189894035458565e-12;9.094947017729282e-12;,6.431098710768743e-12;5.823607568738997e-12;3.637978807091713e-12;6.558459564010244e-12;
True,0.5,0,5,0,False,False,False,0.8,7.332580706405269e-12;1.2862197421537486e-12;1459.9854508973297;4.067383956680332e-12;,4.067383956680332e-12;3.858659226461245e-12;9.837689346015367e-12;5.4569682106375694e-12;
True,0.5,0,5,0,False,False,False,0.8,661.0364493165613;1.8749713606747085e-12;9.795557720525728e-12;8.348051665364355e-12;,8.134767913360665e-12;6.1852326820078106e-12;1.324244274525066e-11;9.106308604942018e-12;
True,0.5,0,5,0,False,False,False,0.6,211.02089972587487;2.2737367544323206e-12;3.551690349880416e-12;,7.59795809818786e-12;9.795557720525728e-12;8.687935939880299e-12;
True,0.5,0,5,0,False,False,False,0.8,1447.0210562731038;2.7661201467245607e-12;7.332580706405269e-12;3.641973416879716e-12;,7.77072613829435e-12;4.192563418333924e-12;1.1395935949750917e-11;1.1209689384630652e-11;
True,0.5,0,5,0,False,False,False,0.4,337.74924761361;1003.0443981664919;,5.624914082024125e-12;9.363821064641343e-12;
True,0.5,0,5,0,False,False,False,0.6,395.710911357329;1201.5758826947342;3.279229782005122e-12;,1.2862197421537486e-12;1.6770253673335696e-11;7.332580706405269e-12;
True,0.5,0,5,0,False,False,False,0.8,984.8587006095802;8.134767913360665e-12;5.322681277320783e-12;2.448889430131432e-12;,1.2370465364015621e-11;6.558459564010244e-12;6.33389767116756e-12;4.918844673007683e-12;
True,0.5,0,5,0,False,False,False,1.0,7.103380699760832e-12;2.033691978340166e-12;4.547473508864641e-12;6.558459564010244e-12;6.431098710768743e-12;,8.385126836667848e-12;1.1504299109832135e-11;3.749942721349417e-12;9.094947017729282e-12;5.303219854654618e-12;
True,0.5,0,5,0,False,False,False,0.6,1209.0408465547846;1434.019210716197;7.784020803512108e-12;,3.6662903532026344e-12;1.0606439709309235e-11;4.4787419946242626e-12;
True,0.5,0,5,0,False,False,False,0.6,280.8353284987956;6.366462912410498e-12;2.9118037843694986e-12;,1.0645362554641566e-11;5.752149554916067e-12;5.322681277320783e-12;
True,0.5,0,5,0,False,False,False,1.0,2.7661201467245607e-12;4.547473508864641e-12;7.275957614183426e-12;5.475883235154604e-12;5.1448789686149945e-12;,9.495403454739563e-12;1.3116919128020487e-11;1.5647538506605318e-11;1.2370465364015621e-11;5.4569682106375694e-12;
True,0.5,0,5,0,False,False,False,0.8,3.310610686312665e-12;0.0;1.1823431123048067e-11;1417.6405475121799;,1.8749713606747085e-12;1.3853010579375966e-11;1.1504299109832135e-11;4.067383956680332e-12;
True,0.5,0,5,0,False,False,False,0.8,6.558459564010244e-12;709.4041630675599;1.1405005538094386e-11;4.547473508864641e-12;,7.499885442698834e-12;3.3801526904695734e-12;5.475883235154604e-12;1.8189894035458565e-12;
True,0.5,0,5,0,False,False,False,0.8,7.71731845292249e-12;3.279229782005122e-12;5.514690581383049e-12;1355.1618006787842;,5.752149554916067e-12;9.094947017729282e-12;2.654045949823001e-12;8.580155856231252e-12;
True,0.5,0,5,0,False,False,False,0.8,2.033691978340166e-12;5.4569682106375694e-12;994.6779516672033;3.970910528681311e-12;,5.752149554916067e-12;3.637978807091713e-12;7.71731845292249e-12;5.4046105669861905e-12;
True,0.5,0,5,0,False,False,False,0.8,776.5003433567274;5.1448789686149945e-12;6.431098710768743e-12;6.366462912410498e-12;,1.0942911786362983e-11;6.558459564010244e-12;7.332580706405269e-12;1.8749713606747085e-11;
True,0.5,0,5,0,False,False,False,1.0,9.094947017729282e-13;4.897778860262864e-12;1.8189894035458565e-12;5.475883235154604e-12;9.094947017729282e-12;,4.637531231849411e-12;3.637978807091713e-12;1.2202151870040997e-11;5.475883235154604e-12;1.4206761399521663e-11;
True,0.5,0,5,0,False,False,False,0.8,492.219352300766;1.8331451766013172e-12;5.624914082024125e-12;2.033691978340166e-12;,5.532240293449121e-12;4.687428401686771e-12;9.495403454739563e-12;8.580155856231252e-12;
True,0.5,0,5,0,False,False,False,1.0,5.752149554916067e-12;6.558459564010244e-12;2.033691978340166e-12;2.033691978340166e-12;2.5724394843074972e-12;,7.275957614183426e-12;7.499885442698834e-12;2.033691978340166e-12;4.547473508864641e-12;7.499885442698834e-12;
True,0.5,0,5,0,False,False,False,0.8,6.1010759350204984e-12;8.134767913360665e-12;287.69358212426715;4.367705676554248e-12;,9.094947017729282e-12;9.094947017729282e-13;7.275957614183426e-12;3.410605131648481e-12;
True,0.5,0,5,0,False,False,False,0.6,363.1393602457413;2.7284841053187847e-12;6.366462912410498e-12;,5.4569682106375694e-12;3.637978807091713e-12;4.067383956680332e-12;
True,0.5,0,5,0,False,False,False,0.6,712.2287841605898;3.310610686312665e-12;1235.0270623001668;,2.033691978340166e-12;4.637531231849411e-12;4.897778860262864e-12;
True,0.5,0,5,0,False,False,False,0.8,5.1448789686149945e-12;6.926505289687983e-12;705.1403372641823;3.637978807091713e-12;,5.4569682106375694e-12;4.547473508864641e-12;1.2732925824820995e-11;4.067383956680332e-12;
True,0.5,0,5,0,False,False,False,0.8,3.885363069147175e-12;7.568504305296864e-12;1175.7845309199022;4.547473508864641e-12;,4.192563418333924e-12;1.241218711944037e-11;5.1448789686149945e-12;8.385126836667848e-12;
True,0.5,0,5,0,False,False,False,1.0,7.71731845292249e-12;1.0423446395232218e-12;6.1852326820078106e-12;3.279229782005122e-12;1.8189894035458565e-12;,4.547473508864641e-12;3.263549935298551e-12;6.760305380939147e-12;6.62122137262533e-12;6.558459564010244e-12;
True,0.5,0,5,0,False,False,False,0.8,9.094947017729282e-12;1243.7906449788115;7.275957614183426e-12;1.889562797554693e-12;,1.0913936421275139e-11;8.134767913360665e-12;1.3116919128020487e-11;1.8620016083058543e-12;
True,0.5,0,5,0,False,False,False,0.6,5.4569682106375694e-12;1275.838981735461;1429.269052946587;,3.637978807091713e-12;2.448889430131432e-12;9.795557720525728e-12;
True,0.5,0,5,0,False,False,False,0.8,9.275062463698822e-12;4.067383956680332e-12;1311.121357615927;4.897778860262864e-12;,7.332580706405269e-12;3.637978807091713e-12;6.6533515966509786e-12;3.749942721349417e-12;
True,0.5,0,5,0,False,False,False,0.8,2.033691978340166e-12;9.275062463698822e-12;1061.9023894623858;5.823607568738997e-12;,2.8760747774580336e-12;4.547473508864641e-12;1.923459003101997e-12;2.033691978340166e-12;
True,0.5,0,5,0,False,False,False,1.0,2.033691978340166e-12;5.752149554916067e-12;4.61658157843134e-12;6.558459564010244e-12;9.495403454739563e-12;,7.332580706405269e-12;1.3642420526593924e-11;7.731540852509763e-12;9.795557720525728e-12;1.1101797659406386e-11;
True,0.5,0,5,0,False,False,False,1.0,7.622954678590855e-12;3.637978807091713e-12;8.134767913360665e-12;2.7284841053187847e-12;4.918844673007683e-12;,4.834030647877921e-12;9.275062463698822e-12;1.3882834102763579e-11;7.332580706405269e-12;7.458411103860602e-12;
True,0.5,0,5,0,False,False,False,0.6,495.78299346456214;8.385126836667848e-12;7.823769253302659e-12;,7.332580706405269e-12;1.1101797659406386e-11;5.532240293449121e-12;
True,0.5,0,5,0,False,False,False,0.6,366.04506708979363;803.3564660684908;2.8760747774580336e-12;,5.303219854654618e-12;8.134767913360665e-12;3.279229782005122e-12;
True,0.5,0,5,0,False,False,False,0.6,878.8114110787456;2.033691978340166e-12;9.094947017729282e-12;,1.1504299109832135e-11;7.103380699760832e-12;1.016845989170083e-11;
True,0.5,0,5,0,False,False,False,0.6,5.4569682106375694e-12;831.8456044662621;750.6154334011588;,3.183231456205249e-12;7.77072613829435e-12;7.71731845292249e-12;
True,0.5,0,5,0,False,False,False,0.6,581.7418747685779;8.543927027883881e-12;1.1064480586898243e-11;,1.0616183799292005e-11;4.067383956680332e-12;7.499885442698834e-12;
True,0.5,0,5,0,False,False,False,0.6,2.3187656159247056e-12;871.0068607485468;1042.3216909483915;,3.279229782005122e-12;1.3860472476270089e-11;5.823607568738997e-12;
True,0.5,0,5,0,False,False,False,0.6,2.2737367544323206e-12;8.235824805649297e-12;108.75123530068096;,9.196696017241577e-12;3.310610686312665e-12;5.752149554916067e-12;
True,0.5,0,5,0,False,False,False,0.8,285.0228681447033;4.897778860262864e-12;4.192563418333924e-12;7.332580706405269e-12;,9.495403454739563e-12;6.366462912410498e-12;6.382683226374047e-12;1.1064480586898243e-11;
True,0.5,0,5,0,False,False,False,1.0,5.752149554916067e-12;1.0645362554641566e-11;5.4569682106375694e-12;2.5724394843074972e-12;5.467615963612411e-12;,1.1064480586898243e-11;6.1852326820078106e-12;4.092726157978177e-12;4.897778860262864e-12;2.3437142008433857e-12;
True,0.5,0,5,0,False,False,False,1.0,5.752149554916067e-12;5.475883235154604e-12;6.558459564010244e-12;4.637531231849411e-12;4.637531231849411e-12;,9.668061295755842e-12;2.2737367544323206e-12;1.1647215137477994e-11;4.547473508864641e-12;5.823607568738997e-12;
True,0.5,0,5,0,False,False,False,0.8,1355.3520152027454;5.823607568738997e-12;3.7240032166117086e-12;5.532240293449121e-12;,1.4206761399521663e-11;1.8189894035458565e-12;1.0231815394945443e-12;9.795557720525728e-12;
True,0.5,0,5,0,False,False,False,0.8,3.637978807091713e-12;1144.9507921712716;2.033691978340166e-12;4.681910532320672e-12;,1.1647215137477994e-11;9.094947017729282e-12;7.71731845292249e-12;3.4632526448439915e-12;
True,0.5,0,5,0,False,False,False,0.8,996.8934930546085;6.366462912410498e-12;1.8189894035458565e-12;7.71731845292249e-12;,3.749942721349417e-12;3.279229782005122e-12;5.1448789686149945e-12;1.4665161412810538e-11;
True,0.5,0,5,0,False,False,False,1.0,6.558459564010244e-12;4.897778860262864e-12;3.0926163410039053e-12;7.074208581845617e-12;8.385126836667848e-12;,4.067383956680332e-12;9.495403454739563e-12;4.553154302471009e-12;1.4380373887290168e-12;1.55414522765887e-11;
True,0.5,0,5,0,False,False,False,0.8,255.44605015461914;4.4787419946242626e-12;9.101339655728878e-12;5.322681277320783e-12;,2.8625967043045316e-12;3.6662903532026344e-12;5.868928155514508e-12;8.829596408280667e-12;
True,0.5,0,5,0,False,False,False,0.8,5.475883235154604e-12;1007.3664251045674;4.547473508864641e-12;5.9117155615240335e-12;,1.4665161412810538e-11;5.823607568738997e-12;6.366462912410498e-12;9.196696017241577e-12;
True,0.5,0,5,0,False,False,False,0.8,849.4561562257705;2.2737367544323206e-12;1.2862197421537486e-12;9.094947017729282e-12;,2.7661201467245607e-12;5.624914082024125e-12;4.897778860262864e-12;1.1647215137477994e-11;
True,0.5,0,5,0,False,False,False,0.6,565.9968288196359;2.033691978340166e-12;3.6662903532026344e-12;,7.626344918775622e-12;9.635923606955244e-12;4.547473508864641e-12;
True,0.5,0,5,0,False,False,False,0.8,961.5975490925157;5.4569682106375694e-12;3.0505379675102492e-12;2.2737367544323206e-12;,6.926505289687983e-12;9.795557720525728e-12;6.382683226374047e-12;6.558459564010244e-12;
True,0.5,0,5,0,False,False,False,0.8,6.1010759350204984e-12;1.8749713606747085e-12;1.639614891002561e-12;956.6888733841695;,1.0045697324301055e-11;3.6662903532026344e-12;4.192563418333924e-12;2.2737367544323206e-12;
True,0.5,0,5,0,False,False,False,0.8,5.084229945850415e-12;1.0951766470309208e-11;4.547473508864641e-12;1428.317635516077;,4.4787419946242626e-12;9.495403454739563e-12;1.8189894035458565e-12;5.823607568738997e-12;
True,0.5,0,5,0,False,False,False,0.6,1229.2564176873586;1079.1804439453404;1.2862197421537486e-12;,1.19625350980331e-11;3.279229782005122e-12;7.332580706405269e-12;
True,0.5,0,5,0,False,False,False,0.8,1.0655071049641248e-11;1418.5267109619342;9.094947017729282e-12;7.402750541632352e-12;,4.290077928115626e-12;7.332580706405269e-12;1.2862197421537486e-11;1.4214037590216125e-11;
True,0.5,0,5,0,False,False,False,0.6,1180.3358740146184;9.495403454739563e-12;1434.951335400594;,2.2737367544323206e-12;8.385126836667848e-12;1.2862197421537486e-11;
True,0.5,0,5,0,False,False,False,0.8,6.366462912410498e-12;5.1448789686149945e-12;1104.2096420163105;2.8760747774580336e-12;,1.1064480586898243e-11;9.094947017729282e-12;7.77072613829435e-12;7.823769253302659e-12;
True,0.5,0,5,0,False,False,False,0.6,288.77513762590564;8.348051665364355e-12;5.1448789686149945e-12;,1.4551915228366852e-11;4.192563418333924e-12;9.094947017729282e-13;
True,0.5,0,5,0,False,False,False,1.0,7.744068337127102e-12;2.7806833733473034e-12;5.532240293449121e-12;4.4787419946242626e-12;1.9633621422111153e-12;,1.3642420526593924e-12;5.492674588787416e-12;6.62122137262533e-12;9.837689346015367e-12;6.026742896803725e-12;
True,0.5,0,5,0,False,False,False,0.8,1.2862197421537486e-12;1.3520610761878294e-11;1174.8100104706627;9.795557720525728e-12;,4.547473508864641e-12;1.5883642114725243e-11;2.033691978340166e-12;1.324244274525066e-11;
True,0.5,0,5,0,False,False,False,0.8,598.096537580466;5.475883235154604e-12;6.558459564010244e-12;1.1368683772161603e-12;,1.324244274525066e-11;8.045301916788108e-12;1.0913936421275139e-11;4.687428401686771e-12;
True,0.5,0,5,0,False,False,False,0.8,1162.367154677315;6.62122137262533e-12;1.8749713606747085e-12;3.637978807091713e-12;,2.5724394843074972e-12;4.897778860262864e-12;3.279229782005122e-12;1.0951766470309208e-11;
True,0.5,0,5,0,False,False,False,1.0,3.6103966608217512e-12;3.6662903532026344e-12;5.823607568738997e-12;4.547473508864641e-12;4.067383956680332e-12;,5.458189608396472e-12;4.4787419946242626e-12;1.0951766470309208e-11;1.2370465364015621e-11;7.77072613829435e-12;
True,0.5,0,5,0,False,False,False,0.6,8.134767913360665e-12;997.5858660825289;1.1647215137477994e-11;,1.1101797659406386e-11;4.547473508864641e-12;6.558459564010244e-12;
True,0.5,0,5,0,False,False,False,1.0,7.499885442698834e-12;0.0;1.639614891002561e-12;4.067383956680332e-12;4.547473508864641e-12;,1.3021982397982677e-11;7.71731845292249e-12;5.752149554916067e-12;1.543463690584498e-11;2.7284841053187847e-12;
True,0.5,0,5,0,False,False,False,0.8,4.547473508864641e-12;282.1512318284069;4.067383956680332e-12;1.8189894035458565e-12;,3.749942721349417e-12;3.749942721349417e-12;7.499885442698834e-12;1.0289757937229989e-11;
True,0.5,0,5,0,False,False,False,1.0,4.581805235690498e-12;1.016845989170083e-12;1.0379801288321075e-11;5.532240293449121e-12;6.62122137262533e-12;,7.283281400181562e-12;7.275957614183426e-12;2.9118037843694986e-12;1.3882834102763579e-11;6.1010759350204984e-12;
True,0.5,0,5,0,False,False,False,1.0,5.1448789686149945e-12;2.5421149729252077e-12;7.823769253302659e-12;5.752149554916067e-12;4.067383956680332e-12;,6.431098710768743e-12;2.8124570410120625e-12;2.8760747774580336e-12;5.752149554916067e-12;9.094947017729282e-12;
True,0.5,0,5,0,False,False,False,0.8,7.458411103860602e-12;2.5724394843074972e-12;916.9228808785247;9.374856803373542e-13;,8.640199666842818e-12;8.580155856231252e-12;7.499885442698834e-12;4.817961803477622e-12;
True,0.5,0,5,0,False,False,False,0.6,80.30014705600878;717.4503294818801;4.637531231849411e-12;,7.103380699760832e-12;6.3175521015408794e-12;5.4569682106375694e-12;
True,0.5,0,5,0,False,False,False,0.8,1.8749713606747085e-12;1234.739931372962;3.410605131648481e-12;7.332580706405269e-12;,7.77072613829435e-12;6.463174215037677e-12;2.8124570410120625e-12;1.3116919128020487e-11;
True,0.5,0,5,0,False,False,False,1.0,9.094947017729282e-12;1.9057386696477137e-12;5.752149554916067e-12;5.1849175410968106e-12;7.71731845292249e-12;,1.2862197421537486e-11;7.657633486382525e-12;1.367270340631231e-11;5.550898829703193e-12;1.8189894035458565e-12;
True,0.5,0,5,0,False,False,False,0.8,3.0505379675102492e-12;1113.4034955816055;7.275957614183426e-12;4.067383956680332e-12;,4.681910532320672e-12;7.332580706405269e-12;1.4665161412810538e-11;4.067383956680332e-12;
True,0.5,0,5,0,False,False,False,0.6,1458.561169297257;492.23961270230944;5.532240293449121e-12;,1.2370465364015621e-11;1.8189894035458565e-12;8.580155856231252e-12;
True,0.5,0,5,0,False,False,False,0.6,6.926505289687983e-12;1269.0897897318077;2.7284841053187847e-12;,8.385126836667848e-12;3.749942721349417e-12;8.385126836667848e-12;
True,0.5,0,5,0,False,False,False,0.6,1221.3773768895435;1205.1334589403016;7.568504305296864e-12;,1.0606439709309235e-11;3.637978807091713e-12;1.2108582228115072e-11;
True,0.5,0,5,0,False,False,False,0.6,9.094947017729282e-13;548.5878857910074;7.103380699760832e-12;,1.8189894035458565e-12;1.185836009463428e-11;2.033691978340166e-12;
True,0.5,0,5,0,False,False,False,0.6,938.6634516522253;751.2198054356893;5.002220859751105e-12;,8.385126836667848e-12;1.3882834102763579e-11;1.3853010579375966e-11;
True,0.5,0,5,0,False,False,False,0.8,719.5620586151667;3.749942721349417e-12;3.637978807091713e-12;2.2737367544323206e-13;,9.106308604942018e-12;8.580155856231252e-12;8.134767913360665e-12;7.558251190218771e-12;
True,0.5,0,5,0,False,False,False,0.6,2.033691978340166e-12;1110.902810780529;6.558459564010244e-12;,5.823607568738997e-12;4.067383956680332e-12;1.8550124927397645e-11;
True,0.5,0,5,0,False,False,False,0.8,5.1448789686149945e-12;1.8189894035458565e-12;148.48695949530475;4.547473508864641e-12;,7.332580706405269e-12;6.558459564010244e-12;5.752149554916067e-12;6.558459564010244e-12;
True,0.5,0,5,0,False,False,False,0.6,1294.1603918690398;718.1125975927005;5.532240293449121e-12;,5.532240293449121e-12;5.823607568738997e-12;8.957483989248525e-12;
True,0.5,0,5,0,False,False,False,0.6,636.130045544688;6.12222357532858e-12;2.4548197509021956e-12;,5.532240293449121e-12;8.198074455012805e-13;3.915599813648106e-12;
True,0.5,0,5,0,False,False,False,0.6,3.749942721349417e-12;584.3401902461328;3.637978807091713e-12;,8.957483989248525e-12;1.1064480586898243e-11;8.134767913360665e-12;
True,0.5,0,5,0,False,False,False,0.6,562.6168459094123;885.8271667564716;2.2737367544323206e-12;,8.385126836667848e-12;5.514690581383049e-12;8.045301916788108e-12;
True,0.5,0,5,0,False,False,False,1.0,5.1448789686149945e-12;4.637531231849411e-12;2.7284841053187847e-12;8.0356571957383e-12;3.310610686312665e-12;,8.385126836667848e-12;1.0369835082193621e-11;6.62122137262533e-12;3.701375270816176e-12;5.084229945850415e-12;
True,0.5,0,5,0,False,False,False,0.6,828.3953987402763;3.183231456205249e-12;798.1631609532432;,1.1513283335418385e-11;9.140308630886366e-12;1.0606439709309235e-11;
True,0.5,0,5,0,False,False,False,0.8,1.1104125812448528e-11;260.35358613630393;7.823769253302659e-12;2.5724394843074972e-12;,8.702799827462804e-12;3.279229782005122e-12;1.0369835082193621e-11;5.752149554916067e-12;
True,0.5,0,5,0,False,False,False,0.6,942.7370020564272;1235.6676802063487;7.332580706405269e-12;,3.6490641481814315e-12;8.385126836667848e-12;4.547473508864641e-12;
True,0.5,0,5,0,False,False,False,0.6,7.332580706405269e-12;974.8700043427128;2.9098004672220646e-12;,4.897778860262864e-12;7.332580706405269e-12;4.644629327425686e-12;
True,0.5,0,5,0,False,False,False,0.8,4.480184655958063e-12;1257.567643009576;7.275957614183426e-12;7.77072613829435e-12;,8.186241769815157e-12;4.547473508864641e-12;8.134767913360665e-12;1.1823431123048067e-11;
True,0.5,0,5,0,False,False,False,0.6,611.8486789924617;1425.7041146054378;9.027193087197391e-12;,1.2370465364015621e-11;3.749942721349417e-12;1.0914528524160223e-11;
True,0.5,0,5,0,False,False,False,0.8,1060.3271463563817;1.0923406216047e-11;8.134767913360665e-12;2.2737367544323206e-12;,1.2926348430075355e-11;9.973388023109378e-12;8.134767913360665e-12;2.9118037843694986e-12;
True,0.5,0,5,0,False,False,False,0.6,1312.9045735188542;3.749942721349417e-12;1.0951766470309208e-11;,5.752149554916067e-12;5.4569682106375694e-12;1.0951766470309208e-11;
True,0.5,0,5,0,False,False,False,0.8,4.570154315443183e-12;184.44092293482825;9.795557720525728e-12;1.0289757937229989e-11;,7.622954678590855e-12;5.823607568738997e-12;5.4569682106375694e-12;1.1064480586898243e-11;
True,0.5,0,5,0,False,False,False,0.6,1139.0967753863433;1444.3081488777677;9.495403454739563e-12;,9.374856803373543e-12;9.795557720525728e-12;9.275062463698822e-12;
True,0.5,0,5,0,False,False,False,0.8,9.275062463698822e-12;667.7244648409354;3.6662903532026344e-12;5.823607568738997e-12;,8.385126836667848e-12;4.5983480086207884e-12;7.275957614183426e-12;7.77072613829435e-12;
True,0.5,0,5,0,False,False,False,0.6,385.4076903020007;1104.7272582755788;7.77072613829435e-12;,9.094947017729282e-12;1.8749713606747085e-12;6.821210263296962e-12;
True,0.5,0,5,0,False,False,False,0.8,1.8189894035458565e-12;1431.2564500747465;4.547473508864641e-12;7.275957614183426e-12;,2.033691978340166e-12;2.2737367544323206e-12;8.198074455012805e-12;1.1656089207441525e-11;
True,0.5,0,5,0,False,False,False,1.0,2.7661201467245607e-12;9.140308630886366e-12;4.067383956680332e-12;1.2862197421537486e-12;8.134767913360665e-12;,3.279229782005122e-12;1.4235843848381163e-11;7.275957614183426e-12;3.858659226461245e-12;8.580155856231252e-12;
True,0.5,0,5,0,False,False,False,0.6,4.834030647877921e-12;1247.439952772768;477.2037213772957;,8.298360440173682e-12;7.73070496506989e-12;1.1647215137477994e-11;
True,0.5,0,5,0,False,False,False,0.8,1183.3670562430482;3.637978807091713e-12;4.897778860262864e-12;4.067383956680332e-12;,9.094947017729282e-12;3.279229782005122e-12;9.837689346015367e-12;7.332580706405269e-12;
True,0.5,0,5,0,False,False,False,0.8,1119.9186318686548;8.385126836667848e-12;7.499885442698834e-12;1.8189894035458565e-12;,6.462236766818723e-12;6.1010759350204984e-12;7.332580706405269e-12;4.067383956680332e-12;
True,0.5,0,5,0,False,False,False,0.8,1197.1003449120694;2.2737367544323206e-12;7.332580706405269e-12;5.823607568738997e-12;,9.795557720525728e-12;5.084229945850415e-12;5.823607568738997e-12;8.580155856231252e-12;
True,0.5,0,5,0,False,False,False,0.6,2.033691978340166e-12;800.8383659673211;6.558459564010244e-12;,4.637531231849411e-12;5.532240293449121e-12;9.795557720525728e-12;
True,0.5,0,5,0,False,False,False,1.0,5.9117155615240335e-12;4.067383956680332e-12;7.332580706405269e-12;0.0;2.8760747774580336e-12;,5.532240293449121e-12;5.823607568738997e-12;7.77072613829435e-12;6.558459564010244e-12;1.0951766470309208e-11;
True,0.5,0,5,0,False,False,False,0.6,609.6293278559522;1085.0835365191597;5.1448789686149945e-12;,2.2737367544323206e-12;1.1368683772161603e-11;1.0289757937229989e-11;
True,0.5,0,5,0,False,False,False,1.0,2.737941617577302e-12;4.7477017273697814e-12;2.382173337059642e-12;1.8189894035458565e-12;7.332580706405269e-12;,2.737941617577302e-12;3.6662903532026344e-12;3.1156468500126712e-12;1.016845989170083e-11;1.3642420526593924e-11;
True,0.5,0,5,0,False,False,False,0.6,906.5970840127504;2.8124570410120625e-12;3.637978807091713e-12;,1.1064480586898243e-11;2.9558577807620168e-12;1.2370465364015621e-11;
True,0.5,0,5,0,False,False,False,0.6,1489.9968590571082;1120.175608278933;0.0;,4.687428401686771e-12;1.626953582672133e-11;6.558459564010244e-12;
True,0.5,0,5,0,False,False,False,0.8,2.033691978340166e-12;1089.8831451026288;6.382683226374047e-12;5.752149554916067e-12;,1.3021982397982677e-11;1.3853010579375966e-11;1.8749713606747085e-12;5.752149554916067e-12;
True,0.5,0,5,0,False,False,False,1.0,3.749942721349417e-12;7.622954678590855e-12;6.510991198991339e-12;8.385126836667848e-12;4.067383956680332e-12;,8.235824805649297e-12;5.322681277320783e-12;2.448889430131432e-12;1.3882834102763579e-11;1.4551915228366852e-11;
True,0.5,0,5,0,False,False,False,1.0,2.033691978340166e-12;0.0;3.858659226461245e-12;3.6662903532026344e-12;2.7284841053187847e-12;,5.532240293449121e-12;1.9675378692030733e-11;6.431098710768743e-12;9.196696017241577e-12;3.749942721349417e-12;
True,0.5,0,5,0,False,False,False,0.6,1293.93378121168;4.067383956680332e-12;372.36229199566776;,1.0289757937229989e-11;9.094947017729282e-12;6.558459564010244e-12;
True,0.5,0,5,0,False,False,False,0.8,3.885363069147175e-12;2.8760747774580336e-12;5.4569682106375694e-12;473.12287262793166;,1.0097029785890535e-11;5.322681277320783e-12;1.1647215137477994e-11;9.363821064641343e-12;
True,0.5,0,5,0,False,False,False,0.6,9.795557720525728e-12;856.0557936313699;1.639614891002561e-12;,1.016845989170083e-11;3.749942721349417e-12;7.402750541632352e-12;
True,0.5,0,5,0,False,False,False,0.6,5.4569682106375694e-12;7.499885442698834e-12;354.544678554535;,3.749942721349417e-12;1.324244274525066e-11;8.385126836667848e-12;
True,0.5,0,5,0,False,False,False,0.6,457.27884873247774;4.547473508864641e-12;1439.3723207855824;,2.5724394843074972e-12;2.5724394843074972e-12;9.495403454739563e-12;
True,0.5,0,5,0,False,False,False,0.8,964.5920565889448;7.499885442698834e-12;4.897778860262864e-12;7.1969807076415546e-12;,9.275062463698822e-12;1.0289757937229989e-11;8.185452315956354e-12;1.914408371595631e-12;
True,0.5,0,5,0,False,False,False,0.8,6.821210263296962e-12;1296.5894218658998;3.858659226461245e-12;6.558459564010244e-12;,1.1148268342486756e-11;5.810276133697988e-12;7.823769253302659e-12;1.55414522765887e-11;
True,0.5,0,5,0,False,False,False,0.8,808.1059065059873;7.73070496506989e-12;7.499885442698834e-12;3.885363069147175e-12;,1.1823431123048067e-11;1.0045697324301055e-11;1.1647215137477994e-11;1.0045697324301055e-11;
True,0.5,0,5,0,False,False,False,0.8,1017.1603844962833;1.2862197421537486e-12;2.2737367544323206e-12;4.067383956680332e-12;,1.0951766470309208e-11;5.303219854654618e-12;1.0616183799292005e-11;5.4569682106375694e-12;
True,0.5,0,5,0,False,False,False,0.8,876.5772584934798;6.510991198991339e-12;2.5724394843074972e-12;4.290077928115626e-12;,6.1010759350204984e-12;6.463174215037677e-12;5.752149554916067e-12;4.547473508864641e-13;
True,0.5,0,5,0,False,False,False,0.6,158.26959107626712;9.196696017241577e-12;2.7284841053187847e-12;,1.3853010579375966e-11;4.897778860262864e-12;7.823769253302659e-12;
True,0.5,0,5,0,False,False,False,0.6,815.277824132418;8.385126836667848e-12;1318.136414961102;,7.77072613829435e-12;1.000444171950221e-11;6.821210263296962e-12;
True,0.5,0,5,0,False,False,False,0.8,1.2202151870040997e-11;2.5724394843074972e-12;333.6702331177323;3.749942721349417e-12;,4.067383956680332e-12;6.1010759350204984e-12;1.2202151870040997e-11;1.2862197421537486e-11;
True,0.5,0,5,0,False,False,False,1.0,1.324244274525066e-11;3.749942721349417e-12;1.8749713606747085e-12;3.279229782005122e-12;3.279229782005122e-12;,9.275062463698822e-12;2.5724394843074972e-12;2.2737367544323206e-12;1.8189894035458565e-12;5.752149554916067e-12;
True,0.5,0,5,0,False,False,False,0.8,5.322681277320783e-12;2.8760747774580336e-12;902.0959546334275;5.1448789686149945e-12;,7.941821057362622e-12;1.0045697324301055e-11;2.033691978340166e-12;1.8189894035458565e-11;
True,0.5,0,5,0,False,False,False,0.8,773.4176244852267;5.4569682106375694e-12;1.0913936421275139e-11;4.067383956680332e-12;,9.094947017729282e-12;7.103380699760832e-12;1.4551915228366852e-11;9.094947017729282e-12;
True,0.5,0,5,0,False,False,False,1.0,8.134767913360665e-12;9.837689346015367e-12;4.067383956680332e-12;1.1647215137477994e-11;1.8331451766013172e-12;,1.626953582672133e-11;3.183231456205249e-12;1.1064480586898243e-11;1.2862197421537486e-11;5.6843418860808015e-12;
True,0.5,0,5,0,False,False,False,0.8,7.332580706405269e-12;4.067383956680332e-12;685.8957944483094;4.547473508864641e-12;,4.547473508864641e-12;1.2732925824820995e-11;6.960011826328794e-12;1.1647215137477994e-11;
True,0.5,0,5,0,False,False,False,0.8,876.5743900533251;9.094947017729282e-13;5.828044603720762e-12;1.8189894035458565e-12;,6.558459564010244e-12;5.697967974875459e-12;4.860694008682901e-12;1.8189894035458565e-12;
True,0.5,0,5,0,False,False,False,0.8,966.6590245066192;2.2737367544323206e-12;2.7284841053187847e-12;4.067383956680332e-12;,1.3021982397982677e-11;1.8749713606747085e-12;1.0219175716994974e-11;9.094947017729282e-12;
True,0.5,0,5,0,False,False,False,0.8,579.8391432436589;4.067383956680332e-12;9.196696017241577e-12;1.324244274525066e-11;,1.2862197421537486e-11;7.275957614183426e-12;6.1179998952292e-12;8.235824805649297e-12;
True,0.5,0,5,0,False,False,False,0.8,1.8189894035458565e-12;4.637531231849411e-12;7.568504305296864e-12;452.04505423093684;,3.858659226461245e-12;5.532240293449121e-12;4.192563418333924e-12;8.385126836667848e-12;
True,0.5,0,5,0,False,False,False,0.8,716.8355127982378;5.1448789686149945e-12;2.7661201467245607e-12;4.067383956680332e-12;,6.366462912410498e-12;7.275957614183426e-12;1.016845989170083e-12;1.4999770885397668e-11;
True,0.5,0,5,0,False,False,False,1.0,1.2862197421537486e-12;8.045301916788108e-12;8.385126836667848e-12;6.821210263296962e-12;2.07322684955635e-12;,3.749942721349417e-12;3.6662903532026344e-12;1.3021982397982677e-11;1.1504299109832135e-11;9.520254513664203e-12;
True,0.5,0,5,0,False,False,False,0.8,3.637978807091713e-12;893.8001740517333;4.067383956680332e-12;2.033691978340166e-12;,1.0606439709309235e-11;9.094947017729282e-12;3.6662903532026344e-12;1.3853010579375966e-11;
True,0.5,0,5,0,False,False,False,0.8,1333.7317291263348;3.551690349880416e-12;4.897778860262864e-12;6.558459564010244e-12;,4.637531231849411e-12;6.760305380939147e-12;5.4569682106375694e-12;1.1647215137477994e-11;
True,0.5,0,5,0,False,False,False,0.8,2.7661201467245607e-12;1114.2816724514034;4.637531231849411e-12;7.275957614183426e-12;,7.77072613829435e-12;7.558251190218771e-12;4.547473508864641e-12;1.4206761399521663e-11;
True,0.5,0,5,0,False,False,False,0.8,1.2862197421537486e-12;8.198074455012805e-12;244.92187940645277;3.279229782005122e-12;,3.279229782005122e-12;9.275062463698822e-12;7.71731845292249e-12;3.749942721349417e-12;
True,0.5,0,5,0,False,False,False,1.0,8.957483989248525e-12;3.279229782005122e-12;9.25343817704044e-12;4.918844673007683e-12;8.134767913360665e-12;,4.897778860262864e-12;3.279229782005122e-12;8.084565114386818e-12;1.639614891002561e-12;7.499885442698834e-12;
True,0.5,0,5,0,False,False,False,0.6,871.3797819209475;1051.0905687966458;4.570154315443183e-12;,1.8189894035458565e-12;7.275957614183426e-12;1.0951766470309208e-11;
True,0.5,0,5,0,False,False,False,0.8,6.366462912410498e-12;1136.3142999289885;5.532240293449121e-12;9.592905876037998e-12;,1.2005674564028673e-11;1.4148417163691233e-11;1.124982816404825e-11;8.045301916788108e-12;
True,0.5,0,5,0,False,False,False,1.0,4.547473508864641e-12;6.366462912410498e-12;1.8189894035458565e-12;5.92918004731714e-12;5.752149554916067e-12;,4.637531231849411e-12;1.0645362554641566e-11;1.0606439709309235e-11;1.639614891002561e-12;1.2862197421537486e-11;
True,0.5,0,5,0,False,False,False,0.8,1118.9592939312847;9.094947017729282e-13;1.368970808788651e-12;7.499885442698834e-12;,2.5724394843074972e-12;1.324244274525066e-11;4.61658157843134e-12;6.1852326820078106e-12;
True,0.5,0,5,0,False,False,False,0.6,702.0730297884974;3.0505379675102492e-12;4.897778860262864e-12;,1.1504299109832135e-11;6.382683226374047e-12;3.749942721349417e-12;
True,0.5,0,5,0,False,False,False,0.8,2.9118037843694986e-12;5.1448789686149945e-12;550.6486866118672;3.279229782005122e-12;,4.4787419946242626e-12;1.4206761399521663e-11;3.279229782005122e-12;6.1010759350204984e-12;
True,0.5,0,5,0,False,False,False,0.8,2.7284841053187847e-12;9.094947017729282e-13;1307.3721637554602;4.067383956680332e-12;,4.897778860262864e-12;6.431098710768743e-12;6.1852326820078106e-12;6.558459564010244e-12;
True,0.5,0,5,0,False,False,False,0.6,1.8189894035458565e-12;960.2477754540073;7.71731845292249e-12;,5.752149554916067e-12;7.73070496506989e-12;1.2862197421537486e-11;
True,0.5,0,5,0,False,False,False,1.0,5.322681277320783e-12;2.7284841053187847e-12;4.067383956680332e-12;4.70153838290394e-12;1.8189894035458565e-12;,9.094947017729282e-12;1.3116919128020487e-11;5.1448789686149945e-12;8.209299708452436e-12;6.558459564010244e-12;
True,0.5,0,5,0,False,False,False,1.0,3.279229782005122e-12;1.1647215137477994e-11;3.637978807091713e-12;9.837689346015367e-12;9.094947017729282e-13;,1.1647215137477994e-11;1.1504299109832135e-11;1.3116919128020487e-11;5.823607568738997e-12;4.547473508864641e-12;
True,0.5,0,5,0,False,False,False,0.6,1111.4676008451183;1297.6502781763681;1.8189894035458565e-12;,7.332580706405269e-12;1.4214037590216125e-11;7.332580706405269e-12;
True,0.5,0,5,0,False,False,False,0.4,615.8249472205159;157.95676562241655;,7.941821057362622e-12;1.0606439709309235e-11;
True,0.5,0,5,0,False,False,False,0.8,1353.4249417316614;3.749942721349417e-12;5.752149554916067e-12;9.837689346015367e-12;,1.2134172779157174e-11;4.547473508864641e-12;9.094947017729282e-12;4.637531231849411e-12;
True,0.5,0,5,0,False,False,False,0.6,8.185452315956354e-12;669.2595459557236;2.5724394843074972e-12;,9.094947017729282e-12;8.957483989248525e-12;1.0645362554641566e-11;
True,0.5,0,5,0,False,False,False,0.6,748.4302774542124;7.332580706405269e-12;473.69815855177836;,8.957483989248525e-12;1.124982816404825e-11;3.749942721349417e-12;
True,0.5,0,5,0,False,False,False,1.0,2.448889430131432e-12;7.332580706405269e-12;5.697967974875459e-12;8.134767913360665e-12;5.752149554916067e-12;,1.4380373887290168e-12;4.067383956680332e-12;6.431098710768743e-12;1.543463690584498e-11;1.2862197421537486e-11;
True,0.5,0,5,0,False,False,False,1.0,2.7661201467245607e-12;7.499885442698834e-12;7.014176159383608e-12;5.532240293449121e-12;5.752149554916067e-12;,1.016845989170083e-12;1.1823431123048067e-11;1.1686300500833398e-11;2.7284841053187847e-12;1.2862197421537486e-11;
True,0.5,0,5,0,False,False,False,0.8,751.1018061749816;2.8760747774580336e-12;3.749942721349417e-12;6.076665165388825e-12;,2.2400923279790313e-12;6.926505289687983e-12;1.2862197421537486e-11;6.753610587238266e-12;
True,0.5,0,5,0,False,False,False,1.0,1.000444171950221e-11;5.752149554916067e-12;3.659674485520525e-12;6.558459564010244e-12;6.558459564010244e-12;,1.2862197421537486e-11;6.431098710768743e-12;2.2168933355715126e-12;6.366462912410498e-12;1.1647215137477994e-11;
True,0.5,0,5,0,False,False,False,0.6,7.823769253302659e-12;1471.9729911717925;1339.3307162963158;,6.926505289687983e-12;1.4999770885397668e-11;7.275957614183426e-12;
True,0.5,0,5,0,False,False,False,0.8,1186.8112419292756;3.6450773090749405e-12;4.067383956680332e-12;6.1852326820078106e-12;,5.752149554916067e-12;4.1740258326821776e-12;6.366462912410498e-12;1.016845989170083e-11;
True,0.5,0,5,0,False,False,False,1.0,2.2737367544323206e-12;9.795557720525728e-12;6.1852326820078106e-12;3.6662903532026344e-12;3.637978807091713e-12;,6.1852326820078106e-12;1.0289757937229989e-11;1.8749713606747085e-12;4.290077928115626e-12;8.348051665364355e-12;
True,0.5,0,5,0,False,False,False,0.6,1108.2647737531054;5.823607568738997e-12;1388.684585005535;,1.5647538506605318e-11;3.637978807091713e-12;1.2134172779157174e-11;
True,0.5,0,5,0,False,False,False,0.8,507.18291789969174;5.532240293449121e-12;5.303219854654618e-12;2.5724394843074972e-12;,4.067383956680332e-12;5.4569682106375694e-12;8.957483989248525e-12;1.4502091943633764e-11;
True,0.5,0,5,0,False,False,False,0.8,7.77072613829435e-12;1.0459189070388675e-11;5.752149554916067e-12;1330.9145735033346;,8.957483989248525e-12;6.1852326820078106e-12;1.4206761399521663e-11;8.298360440173682e-12;
True,0.5,0,5,0,False,False,False,0.8,1.3642420526593924e-12;434.61099380690007;4.067383956680332e-12;5.303219854654618e-12;,4.4787419946242626e-12;1.2862197421537486e-11;9.275062463698822e-12;6.926505289687983e-12;
True,0.5,0,5,0,False,False,False,1.0,4.067383956680332e-12;1.1647215137477994e-11;4.547473508864641e-12;7.103380699760832e-12;7.499885442698834e-12;,1.0289757937229989e-11;7.499885442698834e-12;7.499885442698834e-12;1.367270340631231e-11;4.067383956680332e-12;
True,0.5,0,5,0,False,False,False,1.0,5.850334638284134e-12;6.558459564010244e-12;9.275062463698822e-12;9.094947017729282e-12;7.499885442698834e-12;,5.339822026478299e-12;9.094947017729282e-12;1.2732925824820995e-11;1.1064480586898243e-11;1.3853010579375966e-11;
True,0.5,0,5,0,False,False,False,0.6,611.5370034227977;6.1852326820078106e-12;3.885363069147175e-12;,2.9118037843694986e-12;5.92918004731714e-12;1.2732925824820995e-11;
True,0.5,0,5,0,False,False,False,0.8,385.2887799466535;8.134767913360665e-12;7.499885442698834e-12;7.346668290394296e-12;,2.1359817569709703e-12;1.8189894035458565e-12;1.1064480586898243e-11;6.510991198991339e-12;
True,0.5,0,5,0,False,False,False,1.0,3.1878276334482694e-12;2.033691978340166e-12;5.823607568738997e-12;1.0951766470309208e-11;6.431098710768743e-12;,5.142700003909826e-12;1.4206761399521663e-11;8.185452315956354e-12;1.8393392034483154e-11;4.570154315443183e-12;
True,0.5,0,5,0,False,False,False,0.8,5.9117155615240335e-12;1395.7980319326489;8.625649336924754e-12;5.532240293449121e-12;,1.1823431123048067e-11;7.499885442698834e-12;7.40673237750799e-12;5.752149554916067e-12;
True,0.5,0,5,0,False,False,False,0.4,185.77093769995292;4.547473508864641e-12;,5.823607568738997e-12;1.2862197421537486e-12;
True,0.5,0,5,0,False,False,False,0.8,4.067383956680332e-12;7.332580706405269e-12;1414.44133431262;5.752149554916067e-12;,1.2862197421537486e-11;1.324244274525066e-11;4.547473508864641e-12;1.2862197421537486e-11;
True,0.5,0,5,0,False,False,False,0.6,2.3962046393942263e-12;4.067383956680332e-12;457.8254070722775;,2.7573452906915244e-12;3.749942721349417e-12;6.431098710768743e-12;
True,0.5,0,5,0,False,False,False,1.0,8.385126836667848e-12;6.1010759350204984e-12;2.5724394843074972e-12;6.1010759350204984e-12;7.059577317822925e-12;,7.71731845292249e-12;5.752149554916067e-12;1.4999770885397668e-11;9.140308630886366e-12;1.274104372543834e-11;
True,0.5,0,5,0,False,False,False,0.8,1216.4759083692945;4.067383956680332e-12;1.4665161412810538e-11;4.547473508864641e-12;,4.192563418333924e-12;0.0;1.828061726177273e-11;1.1647215137477994e-11;
True,0.5,0,5,0,False,False,False,1.0,4.075419429946224e-12;5.1448789686149945e-12;6.431098710768743e-12;3.749942721349417e-12;2.7284841053187847e-12;,4.808647507754992e-12;7.499885442698834e-12;5.303219854654618e-12;3.637978807091713e-12;7.332580706405269e-12;
True,0.5,0,5,0,False,False,False,0.6,341.7329062973001;6.1010759350204984e-12;6.558459564010244e-12;,8.385126836667848e-12;1.0379801288321075e-11;9.275062463698822e-12;
True,0.5,0,5,0,False,False,False,0.6,705.6590152258818;6.9414170513817895e-12;4.928770225804462e-12;,3.310610686312665e-12;5.624914082024125e-12;7.300396986905377e-12;
True,0.5,0,5,0,False,False,False,1.0,5.4569682106375694e-12;4.834030647877921e-12;3.6662903532026344e-12;4.067383956680332e-12;2.5724394843074972e-12;,4.897778860262864e-12;1.241218711944037e-11;1.2610530233234428e-11;1.0289757937229989e-11;9.275062463698822e-12;
True,0.5,0,5,0,False,False,False,0.6,1.9895196601282805e-12;1215.9468124978523;1.8189894035458565e-12;,5.45963209569281e-12;9.275062463698822e-12;7.499885442698834e-12;
True,0.5,0,5,0,False,False,False,0.8,573.9428593952548;5.823607568738997e-12;4.547473508864641e-13;4.067383956680332e-12;,2.9118037843694986e-12;0.0;5.1448789686149945e-12;9.668061295755842e-12;
True,0.5,0,5,0,False,False,False,1.0,5.1448789686149945e-12;1.1504299109832135e-11;1.639614891002561e-12;2.5724394843074972e-12;9.094947017729282e-13;,8.385126836667848e-12;6.62122137262533e-12;4.7477017273697814e-12;4.067383956680332e-12;6.3175521015408794e-12;
True,0.5,0,5,0,False,False,False,0.6,95.99185256413226;6.62122137262533e-12;4.067383956680332e-12;,1.107382164435505e-11;1.2370465364015621e-11;7.499885442698834e-12;
True,0.5,0,5,0,False,False,False,0.8,1290.64370621612;1.8474111129762605e-12;2.8760747774580336e-12;2.033691978340166e-12;,3.640482885992279e-12;3.183358336307984e-12;5.303219854654618e-12;7.77072613829435e-12;
True,0.5,0,5,0,False,False,False,1.0,5.4569682106375694e-12;7.16948535474674e-12;6.8815761325920705e-12;6.62122137262533e-12;3.749942721349417e-12;,5.1448789686149945e-12;1.9057386696477137e-12;6.510991198991339e-12;1.619309279227751e-11;3.637978807091713e-12;
True,0.5,0,5,0,False,False,False,0.8,908.5130609792426;5.532240293449121e-12;1.8189894035458565e-12;4.067383956680332e-12;,7.499885442698834e-12;4.547473508864641e-12;7.622954678590855e-12;2.5724394843074972e-12;
True,0.5,0,5,0,False,False,False,0.6,922.8965325000573;2.5724394843074972e-12;6.0634238357901125e-12;,1.016845989170083e-12;6.62122137262533e-12;9.132218550007693e-12;
True,0.5,0,5,0,False,False,False,1.0,3.637978807091713e-12;1.0913936421275139e-11;5.4569682106375694e-12;7.499885442698834e-12;6.1010759350204984e-12;,5.752149554916067e-12;1.1647215137477994e-11;9.795557720525728e-12;5.322681277320783e-12;8.134767913360665e-12;
True,0.5,0,5,0,False,False,False,1.0,3.749942721349417e-12;9.563218939007625e-12;5.303219854654618e-12;5.1448789686149945e-12;4.547473508864641e-12;,1.3021982397982677e-11;7.251045971816882e-12;2.033691978340166e-12;1.0289757937229989e-11;8.385126836667848e-12;
True,0.5,0,5,0,False,False,False,1.0,9.094947017729282e-13;3.551690349880416e-12;7.71731845292249e-12;1.2370465364015621e-11;4.547473508864641e-12;,7.499885442698834e-12;2.033691978340166e-12;9.094947017729282e-12;1.0289757937229989e-11;8.385126836667848e-12;
True,0.5,0,5,0,False,False,False,1.0,1.016845989170083e-11;1.3021982397982677e-11;2.4170153239389606e-12;2.0463630789890885e-12;8.185452315956354e-12;,5.532240293449121e-12;2.7284841053187847e-12;1.8331451766013172e-12;1.0916304640120692e-11;1.2370465364015621e-11;
True,0.5,0,5,0,False,False,False,0.4,462.8149780353047;5.823607568738997e-12;,9.094947017729282e-12;7.275957614183426e-12;
True,0.5,0,5,0,False,False,False,0.6,5.752149554916067e-12;552.7075735136639;1342.424533033021;,1.1647215137477994e-11;2.5724394843074972e-12;6.62122137262533e-12;
True,0.5,0,5,0,False,False,False,0.8,5.752149554916067e-12;7.499885442698834e-12;726.251394245182;0.0;,3.6662903532026344e-12;1.0289757937229989e-11;1.2934344934663288e-11;5.823607568738997e-12;
True,0.5,0,5,0,False,False,False,0.6,1.8189894035458565e-12;776.7217087827406;2.033691978340166e-12;,1.0606439709309235e-11;1.626953582672133e-11;3.637978807091713e-12;
True,0.5,0,5,0,False,False,False,0.8,1109.3572711111144;3.637978807091713e-12;2.8760747774580336e-12;1.2862197421537486e-12;,6.821210263296962e-12;9.795557720525728e-12;6.62122137262533e-12;6.431098710768743e-12;
True,0.5,0,5,0,False,False,False,0.6,1227.003489042346;1125.6818541934658;2.8760747774580336e-12;,1.1064480586898243e-11;1.2202151870040997e-11;3.749942721349417e-12;
True,0.5,0,5,0,False,False,False,0.6,559.1052499193254;660.8869375615028;9.094947017729282e-13;,1.016845989170083e-11;7.339847993438537e-12;8.385126836667848e-12;
True,0.5,0,5,0,False,False,False,0.6,1348.1226087879836;412.40783041177673;9.973388023109378e-12;,6.558459564010244e-12;6.558459564010244e-12;5.823607568738997e-12;
True,0.5,0,5,0,False,False,False,0.6,1320.4842306060825;1.1064480586898243e-11;7.840271632433845e-12;,6.431098710768743e-12;8.045301916788108e-12;7.121552591054672e-12;
True,0.5,0,5,0,False,False,False,0.8,750.5367027057207;1.8189894035458565e-12;5.1448789686149945e-12;3.749942721349417e-12;,7.823769253302659e-12;6.558459564010244e-12;1.3116919128020487e-11;6.62122137262533e-12;
True,0.5,0,5,0,False,False,False,0.8,8.687935939880299e-12;8.134767913360665e-12;922.9552551413356;7.103380699760832e-12;,1.1405005538094386e-11;6.1852326820078106e-12;8.29913915367797e-12;1.5568041607024215e-11;
True,0.5,0,5,0,False,False,False,0.8,437.1778575208578;5.752149554916067e-12;4.067383956680332e-12;1.016845989170083e-12;,7.71731845292249e-12;9.795557720525728e-12;2.2737367544323206e-12;5.475883235154604e-12;
True,0.5,0,5,0,False,False,False,0.8,1475.5589477752262;7.499885442698834e-12;6.366462912410498e-12;5.532240293449121e-12;,7.277345260640546e-12;1.124982816404825e-11;8.134767913360665e-12;9.140308630886366e-12;
True,0.5,0,5,0,False,False,False,0.6,679.7054067456353;4.547473508864641e-12;2.033691978340166e-12;,1.2202151870040997e-11;7.332580706405269e-12;1.4999770885397668e-11;
True,0.5,0,5,0,False,False,False,0.8,3.279229782005122e-12;5.322681277320783e-12;782.4780967112155;6.821210263296962e-12;,9.094947017729282e-12;8.385126836667848e-12;1.1647215137477994e-11;9.462679393748118e-12;
True,0.5,0,5,0,False,False,False,0.8,5.1448789686149945e-12;6.1010759350204984e-12;6.558459564010244e-12;620.1340678935267;,1.4206761399521663e-11;5.532240293449121e-12;9.094947017729282e-12;9.374856803373543e-12;
True,0.5,0,5,0,False,False,False,0.6,5.823607568738997e-12;416.1321690016584;1156.4134121180418;,9.094947017729282e-12;1.0606439709309235e-11;6.366462912410498e-12;
True,0.5,0,5,0,False,False,False,0.8,556.4656657276705;4.067383956680332e-12;3.279229782005122e-12;6.1010759350204984e-12;,4.897778860262864e-12;1.0616183799292005e-11;8.385126836667848e-12;1.0645362554641566e-11;
True,0.5,0,5,0,False,False,False,0.6,444.7419271473007;3.749942721349417e-12;2.033691978340166e-12;,3.637978807091713e-12;2.8760747774580336e-12;3.279229782005122e-12;
True,0.5,0,5,0,False,False,False,0.6,586.6387909110366;5.823607568738997e-12;9.094947017729282e-13;,1.241218711944037e-11;8.348051665364355e-12;3.279229782005122e-12;
True,0.5,0,5,0,False,False,False,0.8,523.6464592409922;7.823769253302659e-12;5.752149554916067e-12;9.094947017729282e-12;,2.5724394843074972e-12;2.7284841053187847e-12;7.499885442698834e-12;1.3116919128020487e-11;
True,0.5,0,5,0,False,False,False,0.6,955.6090379553426;4.067383956680332e-12;485.2354696793283;,9.094947017729282e-13;6.558459564010244e-12;1.46439944620439e-11;
True,0.5,0,5,0,False,False,False,0.6,18.843747927819905;3.279229782005122e-12;4.067383956680332e-12;,8.134767913360665e-12;6.1010759350204984e-12;9.275062463698822e-12;
True,0.5,0,5,0,False,False,False,0.8,1062.9637039378513;8.829596408280667e-12;9.495403454739563e-12;1.016845989170083e-11;,1.3520610761878294e-11;1.3116919128020487e-11;6.62122137262533e-12;1.411915463564585e-11;
True,0.5,0,5,0,False,False,False,0.6,797.8158798072698;7.499885442698834e-12;2.0463630789890885e-12;,1.0951766470309208e-11;4.897778860262864e-12;5.308091899646002e-12;
True,0.5,0,5,0,False,False,False,0.8,1244.2981471297985;4.067383956680332e-12;4.067383956680332e-12;7.103380699760832e-12;,7.332580706405269e-12;1.0923406216047e-11;1.2862197421537486e-11;9.094947017729282e-13;
True,0.5,0,5,0,False,False,False,1.0,5.322681277320783e-12;4.831690603168681e-13;4.121147867408581e-12;2.7284841053187847e-12;5.322681277320783e-12;,8.543927027883881e-12;5.618088468624663e-12;7.213573192390914e-12;8.385126836667848e-12;1.1647215137477994e-11;
True,0.5,0,5,0,False,False,False,0.6,0.0;585.5303405861907;1424.1563670122653;,7.71731845292249e-12;3.749942721349417e-12;1.1368683772161603e-11;
True,0.5,0,5,0,False,False,False,0.8,6.3175521015408794e-12;8.134767913360665e-12;8.084565114386818e-12;468.4593237150014;,6.366462912410498e-12;1.19625350980331e-11;3.7240032166117086e-12;1.0005087646591983e-11;
True,0.5,0,5,0,False,False,False,0.8,6.62122137262533e-12;864.2351015340022;1.2732925824820995e-11;3.811477339295427e-12;,7.402750541632352e-12;4.897778860262864e-12;5.1448789686149945e-12;7.853448568844461e-12;
True,0.5,0,5,0,False,False,False,0.8,8.957483989248525e-12;0.0;872.8962866266738;5.752149554916067e-12;,1.2202151870040997e-11;6.558459564010244e-12;4.0070137659492e-12;9.275062463698822e-12;
True,0.5,0,5,0,False,False,False,0.8,6.62122137262533e-12;250.5434622110235;6.62122137262533e-12;6.3175521015408794e-12;,6.1010759350204984e-12;3.310610686312665e-12;1.2202151870040997e-11;2.033691978340166e-12;
True,0.5,0,5,0,False,False,False,0.4,624.0807190334465;4.834030647877921e-12;,3.637978807091713e-12;1.2805801671064476e-11;
True,0.5,0,5,0,False,False,False,0.6,522.0612395185719;1375.977103546397;1.2370465364015621e-11;,1.8189894035458565e-12;5.084229945850415e-12;7.332580706405269e-12;
True,0.5,0,5,0,False,False,False,0.8,3.6662903532026344e-12;4.547473508864641e-12;1417.818806555664;5.1448789686149945e-12;,9.795557720525728e-12;8.385126836667848e-12;9.795557720525728e-12;9.094947017729282e-12;
True,0.5,0,5,0,False,False,False,0.6,996.2823231411159;1208.1340003293978;3.6662903532026344e-12;,1.3882834102763579e-11;1.3680736028708166e-11;3.183231456205249e-12;
True,0.5,0,5,0,False,False,False,0.8,1.1395935949750917e-11;5.4569682106375694e-12;73.98643094150843;6.821210263296962e-12;,8.385126836667848e-12;5.752149554916067e-12;2.7661201467245607e-12;2.2737367544323206e-12;
True,0.5,0,5,0,False,False,False,0.8,1083.9563905689606;3.2554955994956693e-12;5.752149554916067e-12;2.5724394843074972e-12;,1.3853010579375966e-11;7.36423987323253e-12;1.8189894035458565e-12;1.000444171950221e-11;
True,0.5,0,5,0,False,False,False,0.8,890.9796203214212;5.1448789686149945e-12;2.9118037843694986e-12;4.547473508864641e-12;,8.134767913360665e-12;1.2862197421537486e-11;9.275062463698822e-12;8.580155856231252e-12;
True,0.5,0,5,0,False,False,False,0.4,639.3111676953905;6.558459564010244e-12;,5.823607568738997e-12;1.129568986323122e-11;
True,0.5,0,5,0,False,False,False,0.8,6.366462912410498e-12;4.067383956680332e-12;366.0771898076664;1.8749713606747085e-12;,2.033691978340166e-12;5.002220859751105e-12;5.1448789686149945e-12;5.624914082024125e-12;
True,0.5,0,5,0,False,False,False,0.8,7.275957614183426e-12;6.1010759350204984e-12;1131.9349292396016;4.092726157978177e-12;,3.279229782005122e-12;1.4235843848381163e-11;1.8189894035458565e-12;8.543927027883881e-12;
True,0.5,0,5,0,False,False,False,0.8,2.2737367544323206e-12;1167.8595958133235;1.2505552149377763e-12;7.332580706405269e-12;,3.6662903532026344e-12;5.9117155615240335e-12;4.759936340510267e-12;2.448889430131432e-12;
True,0.5,0,5,0,False,False,False,0.6,1.8189894035458565e-12;742.6576151967446;1041.0279210076026;,1.1504299109832135e-11;5.303219854654618e-12;9.00353819507624e-12;
True,0.5,0,5,0,False,False,False,0.8,2.033691978340166e-12;396.2992707610463;2.2737367544323206e-12;7.941821057362622e-12;,6.926505289687983e-12;1.0645362554641566e-11;5.624914082024125e-12;3.6662903532026344e-12;
True,0.5,0,5,0,False,False,False,1.0,6.1852326820078106e-12;6.558459564010244e-12;5.532240293449121e-12;6.558459564010244e-12;4.067383956680332e-12;,4.547473508864641e-13;2.033691978340166e-12;9.275062463698822e-12;7.332580706405269e-12;1.4665161412810538e-11;
True,0.5,0,5,0,False,False,False,0.8,826.3438505724995;5.002220859751105e-12;3.771529785161146e-12;4.547473508864641e-12;,2.8760747774580336e-12;9.462679393748118e-12;1.094501542243947e-11;1.8749713606747085e-12;
True,0.5,0,5,0,False,False,False,0.6,5.611398510136969e-12;417.83195922961664;2.033691978340166e-12;,1.889562797554693e-12;1.1395935949750917e-11;9.275062463698822e-12;
True,0.5,0,5,0,False,False,False,0.8,1.1504299109832135e-11;869.2410930832805;8.134767913360665e-12;1.8189894035458565e-12;,6.558459564010244e-12;4.067383956680332e-12;1.3116919128020487e-11;8.385126836667848e-12;
True,0.5,0,5,0,False,False,False,0.6,365.77421357888744;4.547473508864641e-13;6.1852326820078106e-12;,6.366462912410498e-12;7.77072613829435e-12;1.016845989170083e-12;
True,0.5,0,5,0,False,False,False,1.0,1.0913936421275139e-11;4.290077928115626e-12;4.067383956680332e-12;7.77072613829435e-12;4.067383956680332e-12;,6.366462912410498e-12;5.550898829703193e-12;2.033691978340166e-12;7.499885442698834e-12;7.71731845292249e-12;
True,0.5,0,5,0,False,False,False,1.0,4.661246997333982e-12;7.823769253302659e-12;5.1448789686149945e-12;5.92918004731714e-12;9.275062463698822e-12;,6.347211085533048e-12;7.059577317822925e-12;1.0289757937229989e-11;3.310610686312665e-12;1.2202151870040997e-11;
True,0.5,0,5,0,False,False,False,1.0,4.067383956680332e-12;4.897778860262864e-12;4.067383956680332e-12;3.2155493553843714e-12;3.637978807091713e-12;,1.1064480586898243e-11;1.2862197421537486e-12;1.1064480586898243e-11;3.4632526448439915e-12;8.134767913360665e-12;
True,0.5,0,5,0,False,False,False,0.8,1053.6133800092202;8.298360440173682e-12;5.752149554916067e-12;9.721388017365802e-12;,4.897778860262864e-12;1.2370465364015621e-11;9.140308630886366e-12;1.2005674564028673e-11;
True,0.5,0,5,0,False,False,False,1.0,8.385126836667848e-12;6.1010759350204984e-12;1.8749713606747085e-12;1.0289757937229989e-11;6.066524664121018e-12;,9.140308630886366e-12;5.752149554916067e-12;5.624914082024125e-12;4.067383956680332e-12;9.095282853993756e-12;
True,0.5,0,5,0,False,False,False,0.8,1288.106069938449;6.558459564010244e-12;6.821210263296962e-12;8.163316611451701e-12;,6.62122137262533e-12;1.2202151870040997e-11;1.124982816404825e-11;1.3598770742015112e-11;
True,0.5,0,5,0,False,False,False,0.8,1254.203484344836;1.0998871059607903e-11;2.5724394843074972e-12;6.558459564010244e-12;,7.103380699760832e-12;6.382683226374047e-12;1.8189894035458565e-12;8.134767913360665e-12;
True,0.5,0,5,0,False,False,False,0.8,4.067383956680332e-12;6.8815761325920705e-12;4.067383956680332e-12;725.6558997067491;,9.275062463698822e-12;4.290077928115626e-12;7.499885442698834e-12;3.6662903532026344e-12;
True,0.5,0,5,0,False,False,False,1.0,1.2732925824820995e-11;4.547473508864641e-12;9.635923606955244e-12;4.4787419946242626e-12;2.5724394843074972e-12;,9.795557720525728e-12;2.033691978340166e-12;1.1647215137477994e-11;5.4569682106375694e-12;5.752149554916067e-12;
True,0.5,0,5,0,False,False,False,0.8,9.275062463698822e-12;5.4569682106375694e-12;2.5724394843074972e-12;93.40951234748464;,5.624914082024125e-12;9.795557720525728e-12;9.275062463698822e-12;9.275062463698822e-12;
True,0.5,0,5,0,False,False,False,0.6,963.2606149528593;1431.383685182532;4.897778860262864e-12;,1.19625350980331e-11;9.837689346015367e-12;7.332580706405269e-12;
True,0.5,0,5,0,False,False,False,0.8,1379.417353745726;1.2862197421537486e-12;7.332580706405269e-12;9.275062463698822e-12;,6.9414170513817895e-12;8.957483989248525e-12;7.332580706405269e-12;1.469333658078859e-11;
True,0.5,0,5,0,False,False,False,0.6,713.5763274863675;1471.5156374647056;1.8189894035458565e-12;,1.6770253673335696e-11;1.2862197421537486e-11;7.499885442698834e-12;
True,0.5,0,5,0,False,False,False,0.8,7.355678970296642e-12;1006.2706163483776;1.8189894035458565e-12;7.402750541632352e-12;,3.712271306370825e-12;7.275957614183426e-12;6.558459564010244e-12;1.274104372543834e-11;
True,0.5,0,5,0,False,False,False,0.8,1.000444171950221e-11;1231.0978846165021;5.752149554916067e-12;5.303219854654618e-12;,9.094947017729282e-12;3.6662903532026344e-12;4.067383956680332e-12;2.033691978340166e-12;
True,0.5,0,5,0,False,False,False,0.6,745.5606418002899;525.550522827719;2.5724394843074972e-12;,1.2370465364015621e-11;1.0998871059607903e-11;9.094947017729282e-12;
True,0.5,0,5,0,False,False,False,0.8,3.858659226461245e-12;1458.9716988241262;2.8760747774580336e-12;5.752149554916067e-12;,8.957483989248525e-12;4.547473508864641e-12;8.235824805649297e-12;7.71731845292249e-12;
True,0.5,0,5,0,False,False,False,0.8,9.094947017729282e-13;4.547473508864641e-12;1453.7789215816201;6.558459564010244e-12;,5.823607568738997e-12;5.752149554916067e-12;3.551690349880416e-12;2.5724394843074972e-12;
True,0.5,0,5,0,False,False,False,0.4,876.2718973184398;732.1416852575733;,2.5724394843074972e-12;1.0379801288321075e-11;
True,0.5,0,5,0,False,False,False,1.0,9.275062463698822e-12;5.752149554916067e-12;5.752149554916067e-12;2.7284841053187847e-12;3.310610686312665e-12;,9.094947017729282e-12;1.0913936421275139e-11;1.2862197421537486e-11;4.897778860262864e-12;3.6662903532026344e-12;
True,0.5,0,5,0,False,False,False,0.8,1360.3978219182559;4.067383956680332e-12;3.6662903532026344e-12;9.094947017729282e-13;,4.986694011554689e-12;4.067383956680332e-12;8.185452315956354e-12;3.749942721349417e-12;
True,0.5,0,5,0,False,False,False,1.0,3.279229782005122e-12;1.016845989170083e-11;3.446535129945084e-12;2.7284841053187847e-12;1.8749713606747085e-12;,1.2862197421537486e-12;3.6662903532026344e-12;3.890453452217765e-12;8.385126836667848e-12;7.103380699760832e-12;
True,0.5,0,5,0,False,False,False,1.0,7.71731845292249e-12;1.8189894035458565e-12;9.094947017729282e-13;5.653563111607744e-12;2.9118037843694986e-12;,1.8189894035458565e-12;1.1101797659406386e-11;5.303219854654618e-12;7.326408870411808e-12;1.3124799524722959e-11;
True,0.5,0,5,0,False,False,False,0.6,1427.820988944309;8.385126836667848e-12;563.4752811689841;,2.7284841053187847e-12;9.495403454739563e-12;3.9118846266513295e-12;
True,0.5,0,5,0,False,False,False,0.8,863.3809388603736;2.5724394843074972e-12;8.134767913360665e-12;5.6843418860808015e-12;,4.067383956680332e-12;8.385126836667848e-12;1.1064480586898243e-11;1.8331451766013172e-12;
True,0.5,0,5,0,False,False,False,0.8,5.475883235154604e-12;682.8359569683478;6.318574938445751e-12;6.431098710768743e-12;,6.62122137262533e-12;9.374856803373543e-12;5.458152320060346e-12;4.547473508864641e-12;
True,0.5,0,5,0,False,False,False,0.8,990.3599136458403;6.760305380939147e-12;7.499885442698834e-12;4.547473508864641e-12;,2.8760747774580336e-12;1.0809221133972381e-11;1.4580309236299762e-11;9.668061295755842e-12;
True,0.5,0,5,0,False,False,False,0.6,682.089480505586;386.7349495454574;1.7905676941154525e-12;,4.067383956680332e-12;7.402750541632352e-12;5.124821191234439e-12;
True,0.5,0,5,0,False,False,False,0.8,4.834030647877921e-12;764.7625546180317;4.547473508864641e-12;6.62122137262533e-12;,9.094947017729282e-12;3.410605131648481e-12;7.77072613829435e-12;6.62122137262533e-12;
True,0.5,0,5,0,False,False,False,0.8,7.499885442698834e-12;3.865352482534945e-12;1322.3742939964684;6.9414170513817895e-12;,1.1064480586898243e-11;1.2896317377896806e-11;7.332580706405269e-12;2.448889430131432e-12;
True,0.5,0,5,0,False,False,False,1.0,4.067383956680332e-12;5.752149554916067e-12;7.71731845292249e-12;1.8189894035458565e-12;9.275062463698822e-12;,3.749942721349417e-12;1.2862197421537486e-11;9.094947017729282e-12;5.823607568738997e-12;6.558459564010244e-12;
True,0.5,0,5,0,False,False,False,0.8,3.637978807091713e-12;1076.395498700302;7.1910856608467246e-12;4.067383956680332e-12;,7.71731845292249e-12;4.897778860262864e-12;9.004255923021505e-12;6.558459564010244e-12;
True,0.5,0,5,0,False,False,False,1.0,4.796452938018999e-12;9.094947017729282e-13;0.0;4.70153838290394e-12;5.4569682106375694e-12;,1.0431967663821034e-11;4.547473508864641e-12;5.1448789686149945e-12;5.454895400650181e-12;1.0606439709309235e-11;
True,0.5,0,5,0,False,False,False,0.8,4.547473508864641e-12;1.1368683772161603e-12;1224.7271899667048;6.1010759350204984e-12;,9.094947017729282e-12;3.811477339295427e-12;5.752149554916067e-12;7.103380699760832e-12;
True,0.5,0,5,0,False,False,False,0.8,545.7195451332009;1.1936576582599344e-11;4.897778860262864e-12;5.4569682106375694e-12;,4.192563418333924e-12;7.73070496506989e-12;3.637978807091713e-12;1.0606439709309235e-11;
True,0.5,0,5,0,False,False,False,0.4,1197.823395571371;974.469222141022;,8.185452315956354e-12;6.510991198991339e-12;
True,0.5,0,5,0,False,False,False,1.0,2.7284841053187847e-12;4.067383956680332e-12;3.749942721349417e-12;1.8189894035458565e-12;8.134767913360665e-12;,5.532240293449121e-12;5.4569682106375694e-12;8.580155856231252e-12;1.19625350980331e-11;7.332580706405269e-12;
True,0.5,0,5,0,False,False,False,0.6,765.7599218045053;1074.6800316013484;5.532240293449121e-12;,5.532240293449121e-12;5.752149554916067e-12;1.0606439709309235e-11;
True,0.5,0,5,0,False,False,False,0.8,0.0;7.129771481216262e-12;1233.9080453597833;9.795557720525728e-12;,7.71731845292249e-12;5.008756812688328e-12;5.475883235154604e-12;1.2862197421537486e-11;
True,0.5,0,5,0,False,False,False,0.6,174.71259728987897;1394.5083382179828;9.140308630886366e-12;,6.558459564010244e-12;7.1360567865100235e-12;3.749942721349417e-12;
True,0.5,0,5,0,False,False,False,0.6,1333.6619223019877;7.290154618149881e-12;1381.4231772241644;,7.499885442698834e-12;2.5724394843074972e-12;8.134767913360665e-12;
True,0.5,0,5,0,False,False,False,1.0,5.752149554916067e-12;4.290077928115626e-12;9.795557720525728e-12;4.067383956680332e-12;5.131174231835556e-12;,7.275957614183426e-12;1.8749713606747085e-12;1.2202151870040997e-11;7.499885442698834e-12;3.4903965466819558e-12;
True,0.5,0,5,0,False,False,False,0.6,1421.993687134803;8.385126836667848e-12;1271.563214837324;,1.0219175716994974e-11;5.532240293449121e-12;4.547473508864641e-13;
True,0.5,0,1,250,False,False,False,1.0,230.26561202482566;,230.26561202482566;
True,0.5,0,1,250,False,False,False,1.0,415.08764892895147;,415.08764892895147;
True,0.5,0,1,250,False,False,False,1.0,87.8070000861827;,87.8070000861827;
True,0.5,0,1,250,False,False,False,1.0,191.6521310062088;,191.6521310062088;
True,0.5,0,1,250,False,False,False,1.0,182.69118471346232;,182.69118471346232;
True,0.5,0,1,250,False,False,False,1.0,191.6224856968664;,191.6224856968664;
True,0.5,0,1,250,False,False,False,1.0,218.90711321987192;,218.90711321987192;
True,0.5,0,1,250,False,False,False,1.0,133.11689434468627;,133.11689434468627;
True,0.5,0,1,250,False,False,False,1.0,162.13396176719294;,162.13396176719294;
True,0.5,0,1,250,False,False,False,1.0,70.51343819192515;,70.51343819192515;
True,0.5,0,1,250,False,False,False,1.0,60.93297594012879;,60.93297594012879;
True,0.5,0,1,250,False,False,False,1.0,496.3422078118763;,496.3422078118763;
True,0.5,0,1,250,False,False,False,1.0,193.08865184943414;,193.08865184943414;
True,0.5,0,1,250,False,False,False,1.0,268.62330222339676;,268.62330222339676;
True,0.5,0,1,250,False,False,False,1.0,314.1002399202549;,314.1002399202549;
True,0.5,0,1,250,False,False,False,1.0,125.95926430076044;,125.95926430076044;
True,0.5,0,1,250,False,False,False,1.0,347.3883863205935;,116.72210918910129;
True,0.5,0,1,250,False,False,False,1.0,90.01839967089522;,90.01839967089522;
True,0.5,0,1,250,False,False,False,1.0,465.5789533658783;,465.5789533658783;
True,0.5,0,1,250,False,False,False,1.0,145.15152938724503;,145.15152938724503;
True,0.5,0,1,250,False,False,False,1.0,301.02586824029555;,506.79947142785505;
True,0.5,0,1,250,False,False,False,1.0,39.76500409768034;,39.76500409768034;
True,0.5,0,1,250,False,False,False,1.0,221.3594095566688;,191.66741876804105;
True,0.5,0,1,250,False,False,False,1.0,69.15329680683959;,69.15329680683959;
True,0.5,0,1,250,False,False,False,1.0,90.05693475098518;,90.05693475098518;
True,0.5,0,1,250,False,False,False,1.0,134.17140524047173;,134.17140524047173;
True,0.5,0,1,250,False,False,False,1.0,93.16856550741556;,93.16856550741556;
True,0.5,0,1,250,False,False,False,1.0,118.86732204711178;,118.86732204711178;
True,0.5,0,1,250,False,False,False,1.0,164.83401964898886;,164.83401964898886;
True,0.5,0,1,250,False,False,False,1.0,267.5009790271003;,267.5009790271003;
True,0.5,0,1,250,False,False,False,1.0,101.96774232588594;,101.96774232588594;
True,0.5,0,1,250,False,False,False,1.0,353.74905820290036;,353.74905820290036;
True,0.5,0,1,250,False,False,False,1.0,82.09659808984999;,82.09659808984999;
True,0.5,0,1,250,False,False,False,1.0,363.96414762837685;,363.96414762837685;
True,0.5,0,1,250,False,False,False,1.0,232.4096463789558;,232.4096463789558;
True,0.5,0,1,250,False,False,False,1.0,176.0331711532749;,344.9167732394792;
True,0.5,0,1,250,False,False,False,1.0,278.18681450523184;,278.18681450523184;
True,0.5,0,1,250,False,False,False,1.0,210.9378241652536;,210.05501797270736;
True,0.5,0,1,250,False,False,False,1.0,191.1421374208467;,191.1421374208467;
True,0.5,0,1,250,False,False,False,1.0,115.68262766623202;,115.68262766623202;
True,0.5,0,1,250,False,False,False,1.0,122.15361777781163;,122.15361777781163;
True,0.5,0,1,250,False,False,False,1.0,293.7208820693259;,293.7208820693259;
True,0.5,0,1,250,False,False,False,1.0,219.9595753421632;,219.9595753421632;
True,0.5,0,1,250,False,False,False,1.0,201.39381651963402;,201.39381651963402;
True,0.5,0,1,250,False,False,False,1.0,214.64378636879843;,214.64378636879843;
True,0.5,0,1,250,False,False,False,1.0,109.53328669765598;,109.53328669765598;
True,0.5,0,1,250,False,False,False,1.0,395.5122475334004;,395.5122475334004;
True,0.5,0,1,250,False,False,False,1.0,260.6875981613134;,260.6875981613134;
True,0.5,0,1,250,False,False,False,1.0,137.10158057569186;,137.10158057569186;
True,0.5,0,1,250,False,False,False,1.0,169.36270903635307;,169.36270903635307;
True,0.5,0,1,250,False,False,False,1.0,180.70914720506897;,180.70914720506897;
True,0.5,0,1,250,False,False,False,1.0,248.11433851514482;,248.11433851514482;
True,0.5,0,1,250,False,False,False,1.0,129.1154856742211;,129.1154856742211;
True,0.5,0,1,250,False,False,False,1.0,100.16152989369967;,100.16152989369967;
True,0.5,0,1,250,False,False,False,1.0,236.7918075636433;,236.7918075636433;
True,0.5,0,1,250,False,False,False,1.0,65.69167411020995;,65.69167411020995;
True,0.5,0,1,250,False,False,False,1.0,171.5550670409154;,336.96485891138883;
True,0.5,0,1,250,False,False,False,1.0,26.38447448915793;,26.38447448915793;
True,0.5,0,1,250,False,False,False,1.0,88.38759426284342;,88.38759426284342;
True,0.5,0,1,250,False,False,False,1.0,214.21555927902915;,214.21555927902915;
True,0.5,0,1,250,False,False,False,1.0,122.86035603208575;,122.86035603208575;
True,0.5,0,1,250,False,False,False,1.0,252.34121425275876;,252.34121425275876;
True,0.5,0,1,250,False,False,False,1.0,48.36040206223092;,48.36040206223092;
True,0.5,0,1,250,False,False,False,1.0,51.7739799787175;,51.7739799787175;
True,0.5,0,1,250,False,False,False,1.0,138.66768064288277;,138.66768064288277;
True,0.5,0,1,250,False,False,False,1.0,162.72873506069686;,162.72873506069686;
True,0.5,0,1,250,False,False,False,1.0,416.27911220122843;,416.27911220122843;
True,0.5,0,1,250,False,False,False,1.0,251.50241040152366;,251.50241040152366;
True,0.5,0,1,250,False,False,False,1.0,204.55096871449913;,204.55096871449913;
True,0.5,0,1,250,False,False,False,1.0,157.78626737240168;,157.78626737240168;
True,0.5,0,1,250,False,False,False,1.0,115.40427871944233;,115.40427871944233;
True,0.5,0,1,250,False,False,False,1.0,293.31247648728396;,293.31247648728396;
True,0.5,0,1,250,False,False,False,1.0,67.24440836258302;,67.24440836258302;
True,0.5,0,1,250,False,False,False,1.0,346.9571482570732;,346.9571482570732;
True,0.5,0,1,250,False,False,False,1.0,240.1788391936195;,240.1788391936195;
True,0.5,0,1,250,False,False,False,1.0,167.6325847433633;,167.6325847433633;
True,0.5,0,1,250,False,False,False,1.0,161.6031948110667;,161.6031948110667;
True,0.5,0,1,250,False,False,False,1.0,144.63195088103495;,144.63195088103495;
True,0.5,0,1,250,False,False,False,1.0,150.8478119324187;,150.8478119324187;
True,0.5,0,1,250,False,False,False,1.0,76.5407311128009;,76.5407311128009;
True,0.5,0,1,250,False,False,False,1.0,93.31785507517331;,93.31785507517331;
True,0.5,0,1,250,False,False,False,1.0,331.46120208165473;,331.46120208165473;
True,0.5,0,1,250,False,False,False,1.0,213.68453955045223;,213.68453955045223;
True,0.5,0,1,250,False,False,False,1.0,151.62197732525615;,151.62197732525615;
True,0.5,0,1,250,False,False,False,1.0,125.59783336894985;,125.59783336894985;
True,0.5,0,1,250,False,False,False,1.0,259.7888309560526;,259.7888309560526;
True,0.5,0,1,250,False,False,False,1.0,132.85453921355634;,132.85453921355634;
True,0.5,0,1,250,False,False,False,1.0,62.339944432527645;,62.339944432527645;
True,0.5,0,1,250,False,False,False,1.0,182.17248041026647;,182.17248041026647;
True,0.5,0,1,250,False,False,False,1.0,175.4316544494572;,175.4316544494572;
True,0.5,0,1,250,False,False,False,1.0,122.69671135566074;,122.69671135566074;
True,0.5,0,1,250,False,False,False,1.0,31.667077155764105;,31.667077155764105;
True,0.5,0,1,250,False,False,False,1.0,120.75621504971029;,120.75621504971029;
True,0.5,0,1,250,False,False,False,1.0,122.2192532724051;,122.2192532724051;
True,0.5,0,1,250,False,False,False,1.0,313.59760525193076;,313.59760525193076;
True,0.5,0,1,250,False,False,False,1.0,86.06053135366344;,86.06053135366344;
True,0.5,0,1,250,False,False,False,1.0,333.1580602634816;,157.2664656456302;
True,0.5,0,1,250,False,False,False,1.0,219.1154647670213;,219.1154647670213;
True,0.5,0,1,250,False,False,False,1.0,244.67612500167175;,244.67612500167175;
True,0.5,0,1,250,False,False,False,1.0,44.92938133939336;,44.92938133939336;
True,0.5,0,1,250,False,False,False,1.0,288.65064379996767;,288.65064379996767;
True,0.5,0,1,250,False,False,False,1.0,45.863934918725796;,45.863934918725796;
True,0.5,0,1,250,False,False,False,1.0,209.6493292447054;,209.6493292447054;
True,0.5,0,1,250,False,False,False,1.0,145.10893262553444;,145.10893262553444;
True,0.5,0,1,250,False,False,False,1.0,157.51534121680407;,157.51534121680407;
True,0.5,0,1,250,False,False,False,1.0,126.11786998281421;,126.11786998281421;
True,0.5,0,1,250,False,False,False,1.0,272.5635446219971;,272.5635446219971;
True,0.5,0,1,250,False,False,False,1.0,22.800473584179997;,22.800473584179997;
True,0.5,0,1,250,False,False,False,1.0,131.90306448256857;,131.90306448256857;
True,0.5,0,1,250,False,False,False,1.0,298.09091540972173;,141.611458130399;
True,0.5,0,1,250,False,False,False,1.0,162.81222357627144;,162.81222357627144;
True,0.5,0,1,250,False,False,False,1.0,135.92060396199608;,135.92060396199608;
True,0.5,0,1,250,False,False,False,1.0,160.9535864804863;,160.9535864804863;
True,0.5,0,1,250,False,False,False,1.0,170.7448609425631;,170.7448609425631;
True,0.5,0,1,250,False,False,False,1.0,162.23677689705985;,162.23677689705985;
True,0.5,0,1,250,False,False,False,1.0,147.0806768788139;,147.0806768788139;
True,0.5,0,1,250,False,False,False,1.0,287.6006841440467;,287.6006841440467;
True,0.5,0,1,250,False,False,False,1.0,71.16584960875605;,71.16584960875605;
True,0.5,0,1,250,False,False,False,1.0,64.4520883631777;,64.4520883631777;
True,0.5,0,1,250,False,False,False,1.0,205.87832301038958;,205.87832301038958;
True,0.5,0,1,250,False,False,False,1.0,129.06387777850796;,129.06387777850796;
True,0.5,0,1,250,False,False,False,1.0,105.70713567873013;,105.70713567873013;
True,0.5,0,1,250,False,False,False,1.0,125.91920796200868;,125.91920796200868;
True,0.5,0,1,250,False,False,False,1.0,130.89099027460756;,130.89099027460756;
True,0.5,0,1,250,False,False,False,1.0,148.83531756750324;,148.83531756750324;
True,0.5,0,1,250,False,False,False,1.0,103.30387911063204;,103.30387911063204;
True,0.5,0,1,250,False,False,False,1.0,294.31294122339574;,294.31294122339574;
True,0.5,0,1,250,False,False,False,1.0,217.9411428983423;,217.9411428983423;
True,0.5,0,1,250,False,False,False,1.0,258.2286065890793;,258.2286065890793;
True,0.5,0,1,250,False,False,False,1.0,121.41375118262093;,121.41375118262093;
True,0.5,0,1,250,False,False,False,1.0,369.2880103374518;,369.2880103374518;
True,0.5,0,1,250,False,False,False,1.0,125.567972665248;,125.567972665248;
True,0.5,0,1,250,False,False,False,1.0,45.27021316437536;,45.27021316437536;
True,0.5,0,1,250,False,False,False,1.0,80.29047080191607;,80.29047080191607;
True,0.5,0,1,250,False,False,False,1.0,264.90532582017045;,264.90532582017045;
True,0.5,0,1,250,False,False,False,1.0,203.94878651211675;,203.94878651211675;
True,0.5,0,1,250,False,False,False,1.0,283.9476588212304;,283.9476588212304;
True,0.5,0,1,250,False,False,False,1.0,77.00658065583515;,77.00658065583515;
True,0.5,0,1,250,False,False,False,1.0,349.47112878065184;,349.47112878065184;
True,0.5,0,1,250,False,False,False,1.0,44.35368305747351;,44.35368305747351;
True,0.5,0,1,250,False,False,False,1.0,135.99833350651772;,135.99833350651772;
True,0.5,0,1,250,False,False,False,1.0,311.0302653028124;,311.0302653028124;
True,0.5,0,1,250,False,False,False,1.0,145.17893366222472;,145.17893366222472;
True,0.5,0,1,250,False,False,False,1.0,186.70045570868447;,186.70045570868447;
True,0.5,0,1,250,False,False,False,1.0,300.6348946869767;,298.19318278410486;
True,0.5,0,1,250,False,False,False,1.0,43.279141516441854;,43.279141516441854;
True,0.5,0,1,250,False,False,False,1.0,237.9805886506209;,237.9805886506209;
True,0.5,0,1,250,False,False,False,1.0,80.72225888550255;,80.72225888550255;
True,0.5,0,1,250,False,False,False,1.0,170.58020401413543;,170.58020401413543;
True,0.5,0,1,250,False,False,False,1.0,80.9614683750314;,80.9614683750314;
True,0.5,0,1,250,False,False,False,1.0,85.44447428817507;,85.44447428817507;
True,0.5,0,1,250,False,False,False,1.0,161.94526663671033;,161.94526663671033;
True,0.5,0,1,250,False,False,False,1.0,214.93348243549386;,82.30524169600828;
True,0.5,0,1,250,False,False,False,1.0,357.18713138573224;,357.18713138573224;
True,0.5,0,1,250,False,False,False,1.0,359.5554740300688;,359.5554740300688;
True,0.5,0,1,250,False,False,False,1.0,241.72560697736205;,241.72560697736205;
True,0.5,0,1,250,False,False,False,1.0,153.6678206990572;,153.6678206990572;
True,0.5,0,1,250,False,False,False,1.0,98.33680199941976;,98.33680199941976;
True,0.5,0,1,250,False,False,False,1.0,92.38920065098308;,92.38920065098308;
True,0.5,0,1,250,False,False,False,1.0,71.23088099531593;,71.23088099531593;
True,0.5,0,1,250,False,False,False,1.0,447.2828917131748;,447.2828917131748;
True,0.5,0,1,250,False,False,False,1.0,158.30120512706364;,158.30120512706364;
True,0.5,0,1,250,False,False,False,1.0,207.8332097963161;,139.41437669697885;
True,0.5,0,1,250,False,False,False,1.0,131.73869724178783;,131.73869724178783;
True,0.5,0,1,250,False,False,False,1.0,356.9009908346668;,356.9009908346668;
True,0.5,0,1,250,False,False,False,1.0,216.85398404037628;,216.85398404037628;
True,0.5,0,1,250,False,False,False,1.0,111.77759625477654;,144.99549376190146;
True,0.5,0,1,250,False,False,False,1.0,153.16296859167707;,153.16296859167707;
True,0.5,0,1,250,False,False,False,1.0,282.83907727421797;,282.83907727421797;
True,0.5,0,1,250,False,False,False,1.0,121.76326035977075;,121.76326035977075;
True,0.5,0,1,250,False,False,False,1.0,326.55760260180773;,326.55760260180773;
True,0.5,0,1,250,False,False,False,1.0,217.98197184118607;,217.98197184118607;
True,0.5,0,1,250,False,False,False,1.0,77.54857046796275;,77.54857046796275;
True,0.5,0,1,250,False,False,False,1.0,291.53650440733173;,291.53650440733173;
True,0.5,0,1,250,False,False,False,1.0,216.74054661216334;,216.74054661216334;
True,0.5,0,1,250,False,False,False,1.0,318.0184984941695;,318.0184984941695;
True,0.5,0,1,250,False,False,False,1.0,225.394094270147;,225.394094270147;
True,0.5,0,1,250,False,False,False,1.0,270.12208497082355;,270.12208497082355;
True,0.5,0,1,250,False,False,False,1.0,296.80776901715194;,296.80776901715194;
True,0.5,0,1,250,False,False,False,1.0,245.96719724125194;,245.96719724125194;
True,0.5,0,1,250,False,False,False,1.0,156.6626586856173;,156.6626586856173;
True,0.5,0,1,250,False,False,False,1.0,210.08569405769686;,210.08569405769686;
True,0.5,0,1,250,False,False,False,1.0,170.12679949995078;,170.12679949995078;
True,0.5,0,1,250,False,False,False,1.0,268.90160257384406;,268.90160257384406;
True,0.5,0,1,250,False,False,False,1.0,174.68839597921001;,174.68839597921001;
True,0.5,0,1,250,False,False,False,1.0,94.09511605073658;,94.09511605073658;
True,0.5,0,1,250,False,False,False,1.0,245.7341830005088;,245.7341830005088;
True,0.5,0,1,250,False,False,False,1.0,72.48024721307976;,72.48024721307976;
True,0.5,0,1,250,False,False,False,1.0,272.4854404265417;,272.4854404265417;
True,0.5,0,1,250,False,False,False,1.0,68.74931020795759;,68.74931020795759;
True,0.5,0,1,250,False,False,False,1.0,76.20961160487114;,76.20961160487114;
True,0.5,0,1,250,False,False,False,1.0,353.7436099467987;,222.72633324650803;
True,0.5,0,1,250,False,False,False,1.0,331.28438362630004;,331.28438362630004;
True,0.5,0,1,250,False,False,False,1.0,130.924632161293;,130.924632161293;
True,0.5,0,1,250,False,False,False,1.0,226.68043924748326;,226.68043924748326;
True,0.5,0,1,250,False,False,False,1.0,270.4729643354803;,270.4729643354803;
True,0.5,0,1,250,False,False,False,1.0,150.635836003122;,150.635836003122;
True,0.5,0,1,250,False,False,False,1.0,230.28101742384857;,230.28101742384857;
True,0.5,0,1,250,False,False,False,1.0,43.99738000268077;,43.99738000268077;
True,0.5,0,1,250,False,False,False,1.0,156.05734282257603;,500.5354913851432;
True,0.5,0,1,250,False,False,False,1.0,85.04640495763768;,85.04640495763768;
True,0.5,0,1,250,False,False,False,1.0,64.588814208369;,64.588814208369;
True,0.5,0,1,250,False,False,False,1.0,117.75729365486812;,117.75729365486812;
True,0.5,0,1,250,False,False,False,1.0,214.76628724356524;,214.76628724356524;
True,0.5,0,1,250,False,False,False,1.0,280.9830671223602;,280.9830671223602;
True,0.5,0,1,250,False,False,False,1.0,121.92350421477826;,105.20907556473061;
True,0.5,0,1,250,False,False,False,1.0,42.747386001370856;,42.747386001370856;
True,0.5,0,1,250,False,False,False,1.0,203.63238330502574;,203.63238330502574;
True,0.5,0,1,250,False,False,False,1.0,254.75518038978436;,76.29260298438976;
True,0.5,0,1,250,False,False,False,1.0,135.76482228421378;,135.76482228421378;
True,0.5,0,1,250,False,False,False,1.0,65.77077491247061;,65.77077491247061;
True,0.5,0,1,250,False,False,False,1.0,100.41660423187845;,100.41660423187845;
True,0.5,0,1,250,False,False,False,1.0,159.81341025381417;,159.81341025381417;
True,0.5,0,1,250,False,False,False,1.0,14.3638321819751;,14.3638321819751;
True,0.5,0,1,250,False,False,False,1.0,345.3021612036629;,345.3021612036629;
True,0.5,0,1,250,False,False,False,1.0,364.10532711442346;,364.10532711442346;
True,0.5,0,1,250,False,False,False,1.0,89.90162729695311;,89.90162729695311;
True,0.5,0,1,250,False,False,False,1.0,127.54909036422363;,127.54909036422363;
True,0.5,0,1,250,False,False,False,1.0,126.56194872517385;,126.56194872517385;
True,0.5,0,1,250,False,False,False,1.0,168.1181524269497;,168.1181524269497;
True,0.5,0,1,250,False,False,False,1.0,25.958312855783173;,17.055183588990225;
True,0.5,0,1,250,False,False,False,1.0,57.23375297344352;,57.23375297344352;
True,0.5,0,1,250,False,False,False,1.0,164.00469166958564;,164.00469166958564;
True,0.5,0,1,250,False,False,False,1.0,166.05411031133437;,113.77614973052803;
True,0.5,0,1,250,False,False,False,1.0,24.450634448082923;,24.450634448082923;
True,0.5,0,1,250,False,False,False,1.0,343.280011275023;,343.280011275023;
True,0.5,0,1,250,False,False,False,1.0,100.2861850458993;,100.2861850458993;
True,0.5,0,1,250,False,False,False,1.0,316.228699256559;,316.228699256559;
True,0.5,0,1,250,False,False,False,1.0,114.64308812143709;,114.64308812143709;
True,0.5,0,1,250,False,False,False,1.0,260.20062302325175;,260.20062302325175;
True,0.5,0,1,250,False,False,False,1.0,316.05410874794535;,316.05410874794535;
True,0.5,0,1,250,False,False,False,1.0,249.39619978054822;,249.39619978054822;
True,0.5,0,1,250,False,False,False,1.0,104.50085299332481;,104.50085299332481;
True,0.5,0,1,250,False,False,False,1.0,101.29392867392963;,101.29392867392963;
True,0.5,0,1,250,False,False,False,1.0,26.941159434043453;,26.941159434043453;
True,0.5,0,1,250,False,False,False,1.0,68.07671806921557;,68.07671806921557;
True,0.5,0,1,250,False,False,False,1.0,121.10846123550976;,121.10846123550976;
True,0.5,0,1,250,False,False,False,1.0,61.43441056615001;,61.43441056615001;
True,0.5,0,1,250,False,False,False,1.0,158.75825475829203;,158.75825475829203;
True,0.5,0,1,250,False,False,False,1.0,298.32115026724665;,298.32115026724665;
True,0.5,0,1,250,False,False,False,1.0,84.80366607462375;,84.80366607462375;
True,0.5,0,1,250,False,False,False,1.0,218.3423269492695;,218.3423269492695;
True,0.5,0,1,250,False,False,False,1.0,176.12760348831702;,176.12760348831702;
True,0.5,0,1,250,False,False,False,1.0,194.78416738408308;,194.78416738408308;
True,0.5,0,1,250,False,False,False,1.0,153.34698153607602;,153.34698153607602;
True,0.5,0,1,250,False,False,False,1.0,106.88247511182827;,106.88247511182827;
True,0.5,0,1,250,False,False,False,1.0,299.1445680098227;,299.1445680098227;
True,0.5,0,1,250,False,False,False,1.0,61.709443953899104;,61.709443953899104;
True,0.5,0,1,250,False,False,False,1.0,27.08301423332203;,27.08301423332203;
True,0.5,0,1,250,False,False,False,1.0,149.24101725778556;,149.24101725778556;
True,0.5,0,1,250,False,False,False,1.0,162.56478110801157;,162.56478110801157;
True,0.5,0,1,250,False,False,False,1.0,104.47235944271632;,104.47235944271632;
True,0.5,0,1,250,False,False,False,1.0,38.98274137109181;,38.98274137109181;
True,0.5,0,1,250,False,False,False,1.0,283.4215754158726;,283.4215754158726;
True,0.5,0,1,250,False,False,False,1.0,98.97530622567359;,98.97530622567359;
True,0.5,0,1,250,False,False,False,1.0,52.53708284549317;,52.53708284549317;
True,0.5,0,1,250,False,False,False,1.0,324.51205331047913;,324.51205331047913;
True,0.5,0,1,250,False,False,False,1.0,57.47957419166774;,57.47957419166774;
True,0.5,0,1,250,False,False,False,1.0,115.76686331692218;,115.76686331692218;
True,0.5,0,1,250,False,False,False,1.0,41.440999454055394;,41.440999454055394;
True,0.5,0,1,250,False,False,False,1.0,392.67333805421373;,392.67333805421373;
True,0.5,0,1,250,False,False,False,1.0,66.88154667958584;,256.6915726230021;
True,0.5,0,1,250,False,False,False,1.0,78.8146304541514;,78.8146304541514;
True,0.5,0,1,250,False,False,False,1.0,102.53702726041573;,102.53702726041573;
True,0.5,0,1,250,False,False,False,1.0,140.75403262374664;,140.75403262374664;
True,0.5,0,1,250,False,False,False,1.0,173.33128419656265;,173.33128419656265;
True,0.5,0,1,250,False,False,False,1.0,219.15217840638186;,219.15217840638186;
True,0.5,0,1,250,False,False,False,1.0,285.66187442980765;,285.66187442980765;
True,0.5,0,1,250,False,False,False,1.0,370.9734041177988;,370.9734041177988;
True,0.5,0,1,250,False,False,False,1.0,218.1768944667598;,218.1768944667598;
True,0.5,0,1,250,False,False,False,1.0,62.379168497568834;,62.379168497568834;
True,0.5,0,1,250,False,False,False,1.0,188.41860724913673;,188.41860724913673;
True,0.5,0,1,250,False,False,False,1.0,260.19064736316466;,260.19064736316466;
True,0.5,0,1,250,False,False,False,1.0,154.6622012631495;,56.296526341200206;
True,0.5,0,1,250,False,False,False,1.0,288.5159440040986;,288.5159440040986;
True,0.5,0,1,250,False,False,False,1.0,160.011564186458;,160.011564186458;
True,0.5,0,1,250,False,False,False,1.0,431.3506087127925;,431.3506087127925;
True,0.5,0,1,250,False,False,False,1.0,356.7171937268254;,356.7171937268254;
True,0.5,0,1,250,False,False,False,1.0,269.74133670464533;,269.74133670464533;
True,0.5,0,1,250,False,False,False,1.0,208.22732535391773;,208.22732535391773;
True,0.5,0,1,250,False,False,False,1.0,151.0439388315171;,151.0439388315171;
True,0.5,0,1,250,False,False,False,1.0,256.8604597389827;,256.8604597389827;
True,0.5,0,1,250,False,False,False,1.0,56.966896164950235;,56.966896164950235;
True,0.5,0,1,250,False,False,False,1.0,129.2230017698841;,129.2230017698841;
True,0.5,0,1,250,False,False,False,1.0,213.5802152898496;,213.5802152898496;
True,0.5,0,1,250,False,False,False,1.0,163.22298672676408;,163.22298672676408;
True,0.5,0,1,250,False,False,False,1.0,204.68785489556154;,204.68785489556154;
True,0.5,0,1,250,False,False,False,1.0,248.67578078787687;,248.67578078787687;
True,0.5,0,1,250,False,False,False,1.0,179.4298496142903;,179.4298496142903;
True,0.5,0,1,250,False,False,False,1.0,137.4857588201825;,137.4857588201825;
True,0.5,0,1,250,False,False,False,1.0,199.6991199766799;,199.6991199766799;
True,0.5,0,1,250,False,False,False,1.0,139.76122789477787;,243.79945113949736;
True,0.5,0,1,250,False,False,False,1.0,119.05659387216728;,119.05659387216728;
True,0.5,0,1,250,False,False,False,1.0,277.5844077414652;,277.5844077414652;
True,0.5,0,1,250,False,False,False,1.0,342.0707811692431;,342.0707811692431;
True,0.5,0,1,250,False,False,False,1.0,178.30058874366745;,178.30058874366745;
True,0.5,0,1,250,False,False,False,1.0,276.57037216398186;,276.57037216398186;
True,0.5,0,1,250,False,False,False,1.0,292.9304232340399;,76.80367898670556;
True,0.5,0,1,250,False,False,False,1.0,228.48907390941608;,228.48907390941608;
True,0.5,0,1,250,False,False,False,1.0,184.9180136376873;,184.9180136376873;
True,0.5,0,2,250,False,False,False,1.0,152.22576447609964;45.337309334106465;,152.22576447609964;45.337309334106465;
True,0.5,0,2,250,False,False,False,1.0,199.27303501120397;262.00954240382663;,196.47970939345691;262.00954240382663;
True,0.5,0,2,250,False,False,False,1.0,136.99159171320005;89.3130049033072;,142.04053854330414;89.3130049033072;
True,0.5,0,2,250,False,False,False,1.0,192.21176390510718;144.11968350485498;,128.1013219429551;90.69385340075881;
True,0.5,0,2,250,False,False,False,1.0,212.00119752674127;221.7585643373183;,209.88707393931176;243.33522438927247;
True,0.5,0,2,250,False,False,False,1.0,261.95321827329775;46.51490344146981;,261.95321827329775;46.51490344146981;
True,0.5,0,2,250,False,False,False,0.5,1459.8379503880014;,295.3132106558752;
True,0.5,0,2,250,False,False,False,1.0,308.914255123528;88.64658447161712;,323.64548406605746;73.24119381495143;
True,0.5,0,2,250,False,False,False,1.0,196.44264105401902;125.01008005244306;,196.44264105401902;125.01008005244306;
True,0.5,0,2,250,False,False,False,0.5,954.6938495683734;,225.53593356009887;
True,0.5,0,2,250,False,False,False,1.0,211.096131547291;142.9976728722315;,211.096131547291;142.9976728722315;
True,0.5,0,2,250,False,False,False,1.0,117.63733176108057;158.80654801948177;,117.63733176108057;158.80654801948177;
True,0.5,0,2,250,False,False,False,1.0,222.7367539169769;216.30796465121958;,222.7367539169769;216.30796465121958;
True,0.5,0,2,250,False,False,False,0.5,896.3270520723703;,135.11571705507788;
True,0.5,0,2,250,False,False,False,1.0,160.51074779945702;75.31345372730088;,160.51074779945702;75.31345372730088;
True,0.5,0,2,250,False,False,False,1.0,232.14406367435407;162.87857459493546;,232.14406367435407;162.87857459493546;
True,0.5,0,2,250,False,False,False,1.0,104.10204131349697;295.4705530516349;,104.10204131349697;295.4705530516349;
True,0.5,0,2,250,False,False,False,0.5,695.7451475430058;,242.75435401700898;
True,0.5,0,2,250,False,False,False,1.0,126.45877733431476;351.67127468016247;,126.45877733431476;351.67127468016247;
True,0.5,0,2,250,False,False,False,0.5,1235.6387852636844;,62.24327658996674;
True,0.5,0,2,250,False,False,False,1.0,36.01952225636221;212.51263280893136;,38.64175872244675;175.1867003595277;
True,0.5,0,2,250,False,False,False,1.0,183.0357703493161;130.5678396434334;,183.0357703493161;130.5678396434334;
True,0.5,0,2,250,False,False,False,1.0,277.4107954850431;158.42850474455062;,277.4107954850431;158.42850474455062;
True,0.5,0,2,250,False,False,False,1.0,178.4249517449132;20.82086379375751;,167.40899784054702;39.595419771686146;
True,0.5,0,2,250,False,False,False,1.0,253.27137409683704;276.21501183808226;,253.27137409683704;276.21501183808226;
True,0.5,0,2,250,False,False,False,1.0,114.67131582969691;174.1306873118549;,114.67131582969691;174.1306873118549;
True,0.5,0,2,250,False,False,False,0.5,854.6572275437416;,167.20184153443347;
True,0.5,0,2,250,False,False,False,0.5,640.6342345399722;,391.77610328502635;
True,0.5,0,2,250,False,False,False,1.0,246.54954106861604;45.33111635665149;,246.54954106861604;45.33111635665149;
True,0.5,0,2,250,False,False,False,0.5,1075.3496095881458;,171.01035767598358;
True,0.5,0,2,250,False,False,False,1.0,359.80600694360766;82.48118475982909;,359.80600694360766;82.48118475982909;
True,0.5,0,2,250,False,False,False,1.0,329.81598684455196;91.759150435762;,329.81598684455196;91.759150435762;
True,0.5,0,2,250,False,False,False,1.0,101.92632761886959;426.8694097755823;,117.14457882273157;184.68523971986335;
True,0.5,0,2,250,False,False,False,1.0,258.16101397713504;85.90996209520391;,258.16101397713504;85.90996209520391;
True,0.5,0,2,250,False,False,False,0.5,1393.1713492994008;,103.16616830088293;
True,0.5,0,2,250,False,False,False,1.0,135.18705349900776;38.27907412577229;,135.18705349900776;38.27907412577229;
True,0.5,0,2,250,False,False,False,1.0,196.01728395666296;243.14878795643156;,196.01728395666296;243.14878795643156;
True,0.5,0,2,250,False,False,False,0.5,1106.5981099512244;,314.58470472302406;
True,0.5,0,2,250,False,False,False,1.0,106.62547436385286;59.953209420314344;,106.62547436385286;59.953209420314344;
True,0.5,0,2,250,False,False,False,1.0,162.57109931254908;223.20252738916963;,127.526285561983;240.49031154350408;
True,0.5,0,2,250,False,False,False,1.0,212.19358645544443;111.34259762421506;,212.19358645544443;111.34259762421506;
True,0.5,0,2,250,False,False,False,1.0,220.82089016595145;299.71317877408876;,220.82089016595145;299.71317877408876;
True,0.5,0,2,250,False,False,False,0.5,340.38722710898463;,211.41774229636673;
True,0.5,0,2,250,False,False,False,1.0,134.8297213527504;12.368074429614904;,179.94206857943905;29.083549502389218;
True,0.5,0,2,250,False,False,False,1.0,242.33582111382736;85.20162098797427;,242.33582111382736;85.20162098797427;
True,0.5,0,2,250,False,False,False,0.5,1142.4583879575596;,265.7793040372894;
True,0.5,0,2,250,False,False,False,1.0,93.72342659232959;111.66941538352363;,101.97041032486061;111.66941538352363;
True,0.5,0,2,250,False,False,False,0.5,1280.4045948666392;,81.36638501858899;
True,0.5,0,2,250,False,False,False,1.0,171.05160366121802;62.496542893931505;,171.05160366121802;62.496542893931505;
True,0.5,0,2,250,False,False,False,1.0,247.8073951741169;141.33319676638922;,198.16882669002413;148.63832660278445;
True,0.5,0,2,250,False,False,False,0.5,812.7508326275847;,252.70250516092534;
True,0.5,0,2,250,False,False,False,1.0,194.2875533785153;354.10689855149667;,194.2875533785153;354.10689855149667;
True,0.5,0,2,250,False,False,False,0.5,1174.887571755959;,233.61859450843804;
True,0.5,0,2,250,False,False,False,1.0,123.57051231923641;41.84128007521801;,123.57051231923641;41.84128007521801;
True,0.5,0,2,250,False,False,False,1.0,123.22142397489961;204.6817282819973;,142.39775824447284;287.3776287406167;
True,0.5,0,2,250,False,False,False,1.0,221.46781367776092;139.49798534166123;,221.46781367776092;139.49798534166123;
True,0.5,0,2,250,False,False,False,1.0,166.92411101609454;82.89978686126518;,166.92411101609454;82.89978686126518;
True,0.5,0,2,250,False,False,False,1.0,173.92940426021752;192.01693081998357;,188.68993271661864;193.85364029963702;
True,0.5,0,2,250,False,False,False,1.0,195.5665505367263;168.7916702622426;,195.5665505367263;168.7916702622426;
True,0.5,0,2,250,False,False,False,1.0,187.4429989011881;586.7339637024331;,187.4429989011881;417.06039557818485;
True,0.5,0,2,250,False,False,False,1.0,277.3285037186289;422.51574787054204;,277.3285037186289;422.51574787054204;
True,0.5,0,2,250,False,False,False,1.0,86.2540999851405;59.08878843019496;,86.2540999851405;59.08878843019496;
True,0.5,0,2,250,False,False,False,0.5,1033.4560988049159;,173.54551413820536;
True,0.5,0,2,250,False,False,False,1.0,134.92822942374403;170.07680900975566;,134.92822942374403;170.07680900975566;
True,0.5,0,2,250,False,False,False,1.0,209.3693331108036;167.1790094341005;,209.3693331108036;167.1790094341005;
True,0.5,0,2,250,False,False,False,1.0,70.20786103289947;252.77796080179377;,70.20786103289947;252.77796080179377;
True,0.5,0,2,250,False,False,False,1.0,363.3018773627528;240.5787190042524;,363.3018773627528;240.5787190042524;
True,0.5,0,2,250,False,False,False,0.5,150.89514770339977;,243.8298981039032;
True,0.5,0,2,250,False,False,False,1.0,145.8744103120706;160.6416117235715;,145.8744103120706;160.6416117235715;
True,0.5,0,2,250,False,False,False,1.0,268.1432576401291;47.738800350429614;,268.1432576401291;47.738800350429614;
True,0.5,0,2,250,False,False,False,1.0,310.2992474168504;417.6782430835085;,309.44626234056494;413.49265578083083;
True,0.5,0,2,250,False,False,False,1.0,148.16997104989846;48.4519169210636;,148.16997104989846;48.4519169210636;
True,0.5,0,2,250,False,False,False,0.5,516.7668795284919;,254.96496748089785;
True,0.5,0,2,250,False,False,False,1.0,169.7337894088193;182.49446067367091;,169.7337894088193;182.49446067367091;
True,0.5,0,2,250,False,False,False,1.0,156.74116905607303;152.44337292520598;,156.74116905607303;152.44337292520598;
True,0.5,0,2,250,False,False,False,1.0,48.42157381915296;104.09496632320594;,48.42157381915296;104.09496632320594;
True,0.5,0,2,250,False,False,False,0.5,1314.5198341885232;,21.501236419474033;
True,0.5,0,2,250,False,False,False,1.0,158.6244402137261;213.35174754279123;,158.6244402137261;201.7450066899594;
True,0.5,0,2,250,False,False,False,1.0,642.1116753380373;213.9120378466448;,642.1116753380373;213.9120378466448;
True,0.5,0,2,250,False,False,False,1.0,200.26536733299267;202.63718556749433;,200.26536733299267;202.63718556749433;
True,0.5,0,2,250,False,False,False,0.5,518.1273377141446;,150.11913476902984;
True,0.5,0,2,250,False,False,False,1.0,306.0216042261075;246.82544037387058;,306.0216042261075;246.82544037387058;
True,0.5,0,2,250,False,False,False,0.5,823.7013924946302;,191.32163404526574;
True,0.5,0,2,250,False,False,False,1.0,73.5829713279278;95.63857293168233;,117.56159740602156;139.49245439105854;
True,0.5,0,2,250,False,False,False,0.5,1037.2407186979483;,115.90726780229365;
True,0.5,0,2,250,False,False,False,1.0,100.17639284275947;177.30505961909816;,100.17639284275947;177.30505961909816;
True,0.5,0,2,250,False,False,False,1.0,103.0615234190337;71.65151507645533;,103.0615234190337;71.65151507645533;
True,0.5,0,2,250,False,False,False,1.0,79.56062951362492;105.17706072556875;,79.56062951362492;105.17706072556875;
True,0.5,0,2,250,False,False,False,0.5,1008.0568554373581;,235.13457162528786;
True,0.5,0,2,250,False,False,False,0.5,1052.8979075898933;,114.08778659230033;
True,0.5,0,2,250,False,False,False,1.0,165.4793940123979;56.4568366947181;,248.0263960593368;144.9838527288272;
True,0.5,0,2,250,False,False,False,1.0,94.96019851477159;142.19459416529975;,94.96019851477159;142.19459416529975;
True,0.5,0,2,250,False,False,False,1.0,88.7816840426525;97.41528263906531;,88.7816840426525;97.41528263906531;
True,0.5,0,2,250,False,False,False,1.0,283.76990280148567;344.6020506575738;,283.76990280148567;344.6020506575738;
True,0.5,0,2,250,False,False,False,1.0,52.76276088887714;205.3179166854355;,54.612493774295444;231.68220368206718;
True,0.5,0,2,250,False,False,False,1.0,173.21202654865317;94.97366516781959;,173.21202654865317;94.97366516781959;
True,0.5,0,2,250,False,False,False,1.0,107.97094738774025;295.5549124907556;,107.97094738774025;295.5549124907556;
True,0.5,0,2,250,False,False,False,1.0,204.88099223363207;127.78442646910628;,234.58486509291998;88.05090594606051;
True,0.5,0,2,250,False,False,False,1.0,170.1877570947328;139.28940316329604;,170.1877570947328;139.28940316329604;
True,0.5,0,2,250,False,False,False,1.0,402.62320387705097;235.5060811861752;,402.62320387705097;235.5060811861752;
True,0.5,0,2,250,False,False,False,1.0,151.8742681944178;167.52738566649148;,151.8742681944178;167.52738566649148;
True,0.5,0,2,250,False,False,False,1.0,81.94606625335116;174.0174181675988;,81.94606625335116;174.0174181675988;
True,0.5,0,2,250,False,False,False,0.5,1081.726371093179;,233.46789150458048;
True,0.5,0,2,250,False,False,False,1.0,77.05935172575431;220.5327642945993;,77.05935172575431;159.6649570284834;
True,0.5,0,2,250,False,False,False,1.0,230.24932307169917;35.58189683373681;,173.99439296910225;47.86263284413301;
True,0.5,0,2,250,False,False,False,1.0,374.3007662420333;136.57111635138781;,374.3007662420333;136.57111635138781;
True,0.5,0,2,250,False,False,False,1.0,290.5621287174913;155.0052114966173;,290.5621287174913;155.0052114966173;
True,0.5,0,2,250,False,False,False,1.0,305.71328084160916;156.06215928360282;,305.71328084160916;156.06215928360282;
True,0.5,0,2,250,False,False,False,1.0,286.8063392845077;93.51333070366864;,429.6227116408392;196.40297193241207;
True,0.5,0,2,250,False,False,False,0.5,672.4694657580688;,267.62197302109485;
True,0.5,0,2,250,False,False,False,1.0,108.65250524564226;221.6161754713408;,108.65250524564226;221.6161754713408;
True,0.5,0,2,250,False,False,False,1.0,67.7056042360952;109.96103593931325;,67.7056042360952;109.96103593931325;
True,0.5,0,2,250,False,False,False,1.0,168.25148731064854;85.58530715255789;,168.25148731064854;85.58530715255789;
True,0.5,0,2,250,False,False,False,1.0,117.19671173220684;657.1181456631642;,117.19671173220684;657.1181456631642;
True,0.5,0,2,250,False,False,False,1.0,178.42870763105853;166.925565299847;,178.42870763105853;166.925565299847;
True,0.5,0,2,250,False,False,False,1.0,135.1457730454481;91.92072415359578;,136.51330069772524;93.83315326635922;
True,0.5,0,2,250,False,False,False,1.0,239.03976085565446;117.9438045163974;,239.03976085565446;117.9438045163974;
True,0.5,0,2,250,False,False,False,0.5,1388.016204909402;,153.8491055532209;
True,0.5,0,2,250,False,False,False,1.0,208.22401153664208;104.46027943493905;,208.22401153664208;104.46027943493905;
True,0.5,0,2,250,False,False,False,1.0,296.23758008681875;180.8592338571369;,271.0537762481275;131.7499299037059;
True,0.5,0,2,250,False,False,False,0.5,728.2738389016753;,50.81524653191548;
True,0.5,0,2,250,False,False,False,0.5,811.2842272010176;,289.59863711465664;
True,0.5,0,2,250,False,False,False,0.5,814.2446798217902;,210.84398745135238;
True,0.5,0,2,250,False,False,False,1.0,187.06772759962436;116.35885377116612;,187.06772759962436;116.35885377116612;
True,0.5,0,2,250,False,False,False,1.0,29.018156405421653;84.58481260124566;,29.018156405421653;84.58481260124566;
True,0.5,0,2,250,False,False,False,1.0,234.4447411799702;292.1734680665002;,234.4447411799702;292.1734680665002;
True,0.5,0,2,250,False,False,False,1.0,227.05159030182764;567.9250651389693;,227.05159030182764;567.9250651389693;
True,0.5,0,2,250,False,False,False,1.0,170.84871253290095;113.11671871088637;,170.84871253290095;113.11671871088637;
True,0.5,0,2,250,False,False,False,1.0,252.47170519621014;210.22011799579622;,252.47170519621014;210.22011799579622;
True,0.5,0,2,250,False,False,False,1.0,91.56046048294407;119.25148951682189;,91.56046048294407;119.25148951682189;
True,0.5,0,2,250,False,False,False,1.0,85.0273941184786;191.5986083305281;,99.36526708073393;191.5986083305281;
True,0.5,0,2,250,False,False,False,1.0,320.5527101393069;225.8313370444082;,320.5527101393069;225.8313370444082;
True,0.5,0,2,250,False,False,False,1.0,42.87890152534109;142.45825129319005;,42.87890152534109;142.45825129319005;
True,0.5,0,2,250,False,False,False,1.0,120.1226817493617;143.5480493444349;,120.1226817493617;143.5480493444349;
True,0.5,0,2,250,False,False,False,1.0,292.93193224359896;211.33194814891263;,292.93193224359896;211.33194814891263;
True,0.5,0,2,250,False,False,False,0.5,1078.9814860573586;,126.42776861682381;
True,0.5,0,2,250,False,False,False,1.0,307.5851655198904;168.92728773452478;,290.2758504358966;110.10796391271336;
True,0.5,0,2,250,False,False,False,1.0,43.97075646118051;37.8421561769222;,43.97075646118051;37.8421561769222;
True,0.5,0,2,250,False,False,False,1.0,134.70633957523083;202.49967554792502;,100.50243912043938;255.68249480104;
True,0.5,0,2,250,False,False,False,1.0,139.89021439474914;124.85542755288758;,139.89021439474914;124.85542755288758;
True,0.5,0,2,250,False,False,False,1.0,58.11265642896623;212.76376476682262;,99.68988594172447;233.8998002131276;
True,0.5,0,2,250,False,False,False,1.0,179.2876721751938;111.5752747422483;,179.2876721751938;111.5752747422483;
True,0.5,0,2,250,False,False,False,1.0,104.86827385989871;298.5635543782313;,104.86827385989871;298.5635543782313;
True,0.5,0,2,250,False,False,False,1.0,205.3012917244935;142.84499803691585;,205.3012917244935;142.84499803691585;
True,0.5,0,2,250,False,False,False,1.0,28.916395242380094;160.5613979460454;,28.916395242380094;160.5613979460454;
True,0.5,0,2,250,False,False,False,1.0,143.08276808008256;356.89658117851894;,142.1930165823172;293.60901820192254;
True,0.5,0,2,250,False,False,False,1.0,180.41994941084658;115.69208854855196;,180.41994941084658;115.69208854855196;
True,0.5,0,2,250,False,False,False,1.0,172.2793058749247;127.2487329017213;,172.2793058749247;127.2487329017213;
True,0.5,0,2,250,False,False,False,1.0,241.73662790323044;16.65966123008129;,241.73662790323044;16.65966123008129;
True,0.5,0,2,250,False,False,False,0.5,1186.7625765651205;,123.97793394398114;
True,0.5,0,2,250,False,False,False,0.5,444.2717843091992;,106.02633887669839;
True,0.5,0,2,250,False,False,False,1.0,260.1104395354862;299.62064569489615;,260.1104395354862;299.62064569489615;
True,0.5,0,2,250,False,False,False,1.0,193.32980473048576;168.762422030819;,193.32980473048576;168.762422030819;
True,0.5,0,2,250,False,False,False,1.0,221.96014773018618;147.0153027421307;,221.96014773018618;147.0153027421307;
True,0.5,0,2,250,False,False,False,1.0,143.76899677366887;155.04376934317546;,143.76899677366887;155.04376934317546;
True,0.5,0,2,250,False,False,False,1.0,194.74785212470204;254.5316876222697;,194.74785212470204;254.5316876222697;
True,0.5,0,2,250,False,False,False,1.0,99.41017232889098;197.62486145382707;,99.41017232889098;207.95893235734803;
True,0.5,0,2,250,False,False,False,1.0,295.56290380409246;158.3361864155536;,295.56290380409246;158.3361864155536;
True,0.5,0,2,250,False,False,False,1.0,105.51708514572822;270.1062075014278;,43.93346045220782;302.38317808815634;
True,0.5,0,2,250,False,False,False,1.0,167.16781671144804;351.04966422780086;,155.90574234725204;351.04966422780086;
True,0.5,0,2,250,False,False,False,1.0,180.52167428775846;286.6626020260728;,180.52167428775846;286.6626020260728;
True,0.5,0,2,250,False,False,False,1.0,401.4657115775739;183.65895846539772;,401.4657115775739;183.65895846539772;
True,0.5,0,2,250,False,False,False,1.0,230.99526283922162;296.09937302772556;,253.78494981960978;296.09937302772556;
True,0.5,0,2,250,False,False,False,1.0,370.39968187759104;13.655445161429416;,332.1415373767717;49.288605351035656;
True,0.5,0,2,250,False,False,False,1.0,120.5556689878033;93.17204111557238;,120.5556689878033;93.17204111557238;
True,0.5,0,2,250,False,False,False,1.0,91.83415705128725;126.36999946620794;,91.83415705128725;126.36999946620794;
True,0.5,0,2,250,False,False,False,1.0,87.0293138159334;127.53986586560536;,87.0293138159334;127.53986586560536;
True,0.5,0,2,250,False,False,False,1.0,203.07410092545243;92.68406244796643;,203.07410092545243;92.68406244796643;
True,0.5,0,2,250,False,False,False,0.5,1492.6562028038766;,84.56874349369743;
True,0.5,0,2,250,False,False,False,1.0,236.25050875148895;84.9893720547626;,236.25050875148895;84.9893720547626;
True,0.5,0,2,250,False,False,False,1.0,95.8545622454444;208.4042526682995;,95.8545622454444;208.4042526682995;
True,0.5,0,2,250,False,False,False,1.0,190.43948006550278;264.7104827772944;,190.43948006550278;264.7104827772944;
True,0.5,0,2,250,False,False,False,1.0,281.41212421459096;176.74581996612196;,353.01406328323384;176.74581996612196;
True,0.5,0,2,250,False,False,False,0.5,642.8281092350384;,130.80926341979443;
True,0.5,0,2,250,False,False,False,0.5,504.8974651081222;,240.84525922695119;
True,0.5,0,2,250,False,False,False,1.0,53.20325490332294;217.8935723045391;,51.147258871969285;205.11527995837798;
True,0.5,0,2,250,False,False,False,1.0,126.5418113832191;183.7880212627213;,126.5418113832191;183.7880212627213;
True,0.5,0,2,250,False,False,False,1.0,226.8841792505901;205.26914021166675;,226.8841792505901;205.26914021166675;
True,0.5,0,2,250,False,False,False,1.0,278.3935148623284;161.78216014369698;,268.5259931010701;161.8957717505149;
True,0.5,0,2,250,False,False,False,1.0,243.52352035464813;322.4307644378298;,243.52352035464813;322.4307644378298;
True,0.5,0,2,250,False,False,False,1.0,226.52519774418653;158.47032954980253;,226.52519774418653;83.76212487805019;
True,0.5,0,2,250,False,False,False,1.0,245.98097394900313;167.81431472653216;,245.98097394900313;167.81431472653216;
True,0.5,0,2,250,False,False,False,1.0,179.71492943851052;289.0662161253699;,141.04986213184125;273.59849266828934;
True,0.5,0,2,250,False,False,False,0.5,1011.5210228816042;,196.43303407554808;
True,0.5,0,2,250,False,False,False,1.0,145.83853695033542;170.68925038902236;,174.9012203228782;157.46527501125996;
True,0.5,0,2,250,False,False,False,1.0,106.3466413740083;161.9950895185842;,106.3466413740083;161.9950895185842;
True,0.5,0,2,250,False,False,False,1.0,377.9312921683262;111.44161829937639;,432.6485558510451;119.38944268620362;
True,0.5,0,2,250,False,False,False,1.0,209.8741806566188;336.02139907516465;,199.39386504164978;339.7431253522025;
True,0.5,0,2,250,False,False,False,1.0,180.50616183360745;68.91187654332332;,180.50616183360745;68.91187654332332;
True,0.5,0,2,250,False,False,False,1.0,57.50049526893419;225.81633506898166;,49.204891012612045;221.3768952254001;
True,0.5,0,2,250,False,False,False,0.5,1359.7424039153377;,25.951800734399296;
True,0.5,0,2,250,False,False,False,0.5,1228.3424029364746;,256.47531719556497;
True,0.5,0,2,250,False,False,False,1.0,87.7275618699307;192.37640178731914;,77.11829026718252;206.8566102680616;
True,0.5,0,2,250,False,False,False,1.0,222.85603517028133;71.29137740728007;,222.85603517028133;71.29137740728007;
True,0.5,0,2,250,False,False,False,0.5,971.895483593772;,178.6199200183949;
True,0.5,0,2,250,False,False,False,0.5,864.3372495667135;,159.43578480663473;
True,0.5,0,2,250,False,False,False,1.0,22.137786465904494;61.51613683307821;,22.137786465904494;61.51613683307821;
True,0.5,0,2,250,False,False,False,1.0,132.05870696895306;194.0627882121103;,132.05870696895306;167.24978465172913;
True,0.5,0,2,250,False,False,False,1.0,258.20820565967443;130.57008334181148;,253.56798689932629;130.57008334181148;
True,0.5,0,2,250,False,False,False,1.0,20.06929449177436;39.58810850981357;,20.06929449177436;39.58810850981357;
True,0.5,0,2,250,False,False,False,1.0,144.77597198498466;233.09340113598407;,144.77597198498466;233.09340113598407;
True,0.5,0,2,250,False,False,False,1.0,98.40166530443467;215.22810637954447;,98.40166530443467;215.22810637954447;
True,0.5,0,2,250,False,False,False,1.0,224.26480963372506;454.9321974240652;,306.5978249221781;374.05570987999613;
True,0.5,0,2,250,False,False,False,1.0,115.9251044168189;125.48238229973393;,115.9251044168189;125.48238229973393;
True,0.5,0,2,250,False,False,False,1.0,262.60086342393436;192.47191310820958;,262.60086342393436;192.47191310820958;
True,0.5,0,2,250,False,False,False,1.0,323.9972566922243;195.97420753842164;,321.94270794586487;248.9504380693744;
True,0.5,0,2,250,False,False,False,1.0,112.81484685218007;72.6755987559194;,180.78806758621755;24.163673049160394;
True,0.5,0,2,250,False,False,False,1.0,251.8957299743333;142.98474604650875;,251.8957299743333;135.56271774269842;
True,0.5,0,2,250,False,False,False,1.0,262.7071232990137;27.28350690700298;,125.39286764396978;27.28350690700298;
True,0.5,0,2,250,False,False,False,1.0,38.51521076453595;202.37560867059653;,38.51521076453595;202.37560867059653;
True,0.5,0,2,250,False,False,False,0.5,932.2985990673757;,412.61916467578465;
True,0.5,0,2,250,False,False,False,1.0,115.20355210923343;263.66417804407854;,115.5699292825132;272.66210322829187;
True,0.5,0,2,250,False,False,False,1.0,169.46224549439802;151.43520756458875;,169.46224549439802;151.43520756458875;
True,0.5,0,2,250,False,False,False,1.0,177.9095236010424;144.77826880922802;,177.9095236010424;144.77826880922802;
True,0.5,0,2,250,False,False,False,0.5,1290.2933413662347;,327.62725590976396;
True,0.5,0,2,250,False,False,False,1.0,170.45397084325788;114.60121345439676;,157.66673591049943;114.60121345439676;
True,0.5,0,2,250,False,False,False,1.0,92.62269756868065;142.8322264893778;,92.62269756868065;142.8322264893778;
True,0.5,0,2,250,False,False,False,1.0,150.99863980776644;101.62155975829181;,231.73610879596947;101.62155975829181;
True,0.5,0,2,250,False,False,False,0.5,1234.222935706776;,219.56420925260534;
True,0.5,0,2,250,False,False,False,1.0,326.23954416536435;51.26608782309518;,404.51499438406853;51.26608782309518;
True,0.5,0,2,250,False,False,False,1.0,207.77097113266942;572.003426883168;,22.312560741135123;497.92834878268883;
True,0.5,0,2,250,False,False,False,1.0,227.8280445158683;137.16766191569454;,227.8280445158683;137.16766191569454;
True,0.5,0,2,250,False,False,False,1.0,242.61435334746574;147.9949661972195;,238.28685167004772;136.69145603656114;
True,0.5,0,2,250,False,False,False,1.0,160.39775839171236;239.7381333626269;,39.70128521224234;239.7381333626269;
True,0.5,0,2,250,False,False,False,1.0,251.243719642552;151.04606700162427;,251.243719642552;151.04606700162427;
True,0.5,0,2,250,False,False,False,1.0,154.99393368952863;338.81637873508794;,154.99393368952863;338.81637873508794;
True,0.5,0,2,250,False,False,False,1.0,234.32658326537899;68.81891002218033;,234.32658326537899;68.81891002218033;
True,0.5,0,2,250,False,False,False,0.5,442.36294830327347;,128.8076001757897;
True,0.5,0,2,250,False,False,False,1.0,241.839741814706;192.93350098754158;,241.839741814706;91.99890874240523;
True,0.5,0,2,250,False,False,False,1.0,100.63375642281721;108.4064783323786;,100.63375642281721;108.4064783323786;
True,0.5,0,2,250,False,False,False,1.0,161.75734880951634;211.60612317603926;,161.75734880951634;211.60612317603926;
True,0.5,0,2,250,False,False,False,1.0,172.84676412078176;48.523531283005966;,172.84676412078176;48.523531283005966;
True,0.5,0,2,250,False,False,False,1.0,50.88495152560547;193.38819886101547;,172.85389998508825;193.38819886101547;
True,0.5,0,2,250,False,False,False,1.0,465.425474217246;342.0904286367931;,465.425474217246;338.943633020057;
True,0.5,0,2,250,False,False,False,1.0,254.48403527229385;107.81925795590313;,254.48403527229385;107.81925795590313;
True,0.5,0,2,250,False,False,False,1.0,391.82793800850374;389.10022380042244;,436.4036007587601;345.043931557696;
True,0.5,0,2,250,False,False,False,1.0,42.5952225272938;187.00464892482466;,69.87168435682385;187.00464892482466;
True,0.5,0,2,250,False,False,False,1.0,286.6888989451767;369.94554687578835;,336.28392787128314;373.03035729479336;
True,0.5,0,2,250,False,False,False,1.0,180.04430141776876;267.2048254964475;,180.04430141776876;267.2048254964475;
True,0.5,0,2,250,False,False,False,1.0,261.41310689183473;164.99990269657314;,261.41310689183473;164.99990269657314;
True,0.5,0,2,250,False,False,False,0.5,1092.27575637323;,196.20442674774236;
True,0.5,0,2,250,False,False,False,0.5,1418.4331308661424;,178.81428445255756;
True,0.5,0,2,250,False,False,False,0.5,562.8215433000028;,73.81780641810677;
True,0.5,0,2,250,False,False,False,1.0,250.69381558143493;174.51792438694343;,250.69381558143493;174.51792438694343;
True,0.5,0,2,250,False,False,False,1.0,81.5487781299675;289.73922046158884;,81.5487781299675;348.4356846416746;
True,0.5,0,2,250,False,False,False,1.0,217.88715615151682;10.57760478834064;,217.88715615151682;10.57760478834064;
True,0.5,0,2,250,False,False,False,0.5,545.7758082518975;,137.5552020843596;
True,0.5,0,2,250,False,False,False,1.0,116.15351581865015;191.07355593378176;,116.15351581865015;191.07355593378176;
True,0.5,0,2,250,False,False,False,0.5,993.1007958313049;,88.38329352870976;
True,0.5,0,2,250,False,False,False,1.0,208.77074931199803;151.42934422005814;,280.6786081416149;79.77468570494379;
True,0.5,0,2,250,False,False,False,1.0,83.9873190975745;166.4116402379624;,83.9873190975745;166.4116402379624;
True,0.5,0,2,250,False,False,False,1.0,83.61341594299341;42.29362894634244;,77.85822419053052;42.29362894634244;
True,0.5,0,2,250,False,False,False,1.0,379.568396293421;25.267931223879806;,379.568396293421;25.267931223879806;
True,0.5,0,2,250,False,False,False,1.0,180.46510707927374;448.8174083376698;,180.46510707927374;448.8174083376698;
True,0.5,0,2,250,False,False,False,1.0,190.71705712679443;108.54484899790197;,190.71705712679443;108.54484899790197;
True,0.5,0,2,250,False,False,False,1.0,111.75922498901633;35.40408219605017;,108.45682193073472;41.187433906106826;
True,0.5,0,2,250,False,False,False,1.0,57.705124860447945;150.0997856818585;,57.705124860447945;150.0997856818585;
True,0.5,0,2,250,False,False,False,1.0,234.78156066750554;37.337420023330104;,234.78156066750554;29.571530652238252;
True,0.5,0,2,250,False,False,False,1.0,130.8426736556682;192.68939223267677;,130.8426736556682;192.68939223267677;
True,0.5,0,2,250,False,False,False,0.5,909.7235678801256;,439.0340799626155;
True,0.5,0,2,250,False,False,False,1.0,140.33342954596287;145.8382689898104;,162.3841235457126;146.9569152685681;
True,0.5,0,2,250,False,False,False,1.0,374.9783256644714;284.920751861389;,378.3168912725071;291.99290863697075;
True,0.5,0,2,250,False,False,False,1.0,173.45161307149004;270.3920234894968;,173.45161307149004;270.3920234894968;
True,0.5,0,2,250,False,False,False,1.0,258.33036667137253;182.30129334314063;,258.33036667137253;182.30129334314063;
True,0.5,0,2,250,False,False,False,1.0,46.85480080974496;81.43327028197758;,58.122800378509545;90.99950066747203;
True,0.5,0,2,250,False,False,False,1.0,73.798828034149;152.17395764415008;,80.31142084437553;165.04172410057333;
True,0.5,0,2,250,False,False,False,1.0,119.40103008952856;71.47491075251178;,119.40103008952856;71.47491075251178;
True,0.5,0,2,250,False,False,False,1.0,63.84996384059142;108.22006192830693;,120.27017181681187;108.22006192830693;
True,0.5,0,2,250,False,False,False,1.0,230.28879102782247;42.840750901061185;,226.1747760409103;54.46262650378545;
True,0.5,0,2,250,False,False,False,1.0,320.57700681115233;77.14132946275095;,320.57700681115233;77.14132946275095;
True,0.5,0,2,250,False,False,False,0.5,1233.2848866217098;,213.94446167473916;
True,0.5,0,2,250,False,False,False,1.0,131.46879523060994;83.76195349618165;,131.46879523060994;83.76195349618165;
True,0.5,0,2,250,False,False,False,1.0,154.9220526557944;39.424016675114046;,154.9220526557944;17.431444826483716;
True,0.5,0,2,250,False,False,False,1.0,84.47606157229265;151.6810146100677;,84.47606157229265;151.6810146100677;
True,0.5,0,2,250,False,False,False,1.0,197.85817414362361;214.1243057044945;,234.03629963569884;231.75652607881622;
True,0.5,0,2,250,False,False,False,1.0,203.16180442485643;128.92367562070456;,203.16180442485643;128.92367562070456;
True,0.5,0,2,250,False,False,False,1.0,109.61077848324302;155.68299552141636;,153.07724944362687;158.6560060543646;
True,0.5,0,2,250,False,False,False,1.0,33.37911637617059;211.5489736949496;,33.37911637617059;211.5489736949496;
True,0.5,0,2,250,False,False,False,1.0,207.91362668360728;115.88866805850815;,152.2368370990602;121.15896689550581;
True,0.5,0,2,250,False,False,False,1.0,208.9838426547062;199.64421840113437;,208.9838426547062;199.64421840113437;
True,0.5,0,2,250,False,False,False,0.5,1385.304144598184;,90.72831420684028;
True,0.5,0,2,250,False,False,False,1.0,229.62623436415547;186.72000163673957;,237.77862258034983;186.67239978690998;
True,0.5,0,2,250,False,False,False,1.0,94.170249003139;209.87584992393207;,94.170249003139;209.87584992393207;
True,0.5,0,2,250,False,False,False,1.0,144.1703210088084;253.0617097465102;,144.1703210088084;253.0617097465102;
True,0.5,0,2,250,False,False,False,1.0,203.41537680889456;329.64722220809904;,192.506577490298;180.68517076934876;
True,0.5,0,2,250,False,False,False,1.0,51.90297740958378;344.65482140844273;,51.90297740958378;344.65482140844273;
True,0.5,0,2,250,False,False,False,1.0,241.3572600849208;86.21363161083276;,241.3572600849208;86.21363161083276;
True,0.5,0,2,250,False,False,False,1.0,52.20757929264567;239.80585141119116;,52.20757929264567;239.80585141119116;
True,0.5,0,2,250,False,False,False,1.0,54.55052521628578;414.30797178248014;,54.68764930511867;322.51462039847553;
True,0.5,0,2,250,False,False,False,1.0,248.94951501590108;270.442506834746;,265.0916440566705;217.33889762004506;
True,0.5,0,2,250,False,False,False,1.0,103.0891116677414;142.09128990560538;,61.89107761134272;100.45118699829067;
True,0.5,0,2,250,False,False,False,1.0,130.1152601771016;56.408633178562894;,130.1152601771016;56.408633178562894;
True,0.5,0,2,250,False,False,False,0.5,220.10468417206073;,104.98563192627618;
True,0.5,0,2,250,False,False,False,1.0,156.0578498960735;113.03061281443891;,155.8025821588411;112.7361285009701;
True,0.5,0,2,250,False,False,False,1.0,291.94999548513874;255.17754745488827;,291.94999548513874;255.17754745488827;
True,0.5,0,2,250,False,False,False,1.0,61.66637025030605;347.843171088434;,61.66637025030605;347.843171088434;
True,0.5,0,2,250,False,False,False,1.0,252.90043481967732;279.7238506542158;,252.90043481967732;194.67219218485403;
True,0.5,0,2,250,False,False,False,1.0,226.7202399647733;303.4170346688223;,226.7202399647733;303.4170346688223;
True,0.5,0,2,250,False,False,False,1.0,125.11431297334269;187.16229087102923;,122.40135465379659;187.67117511095944;
True,0.5,0,2,250,False,False,False,1.0,267.4845069524619;199.10688054331376;,267.4845069524619;199.10688054331376;
True,0.5,0,3,250,False,False,False,1.0,119.00707494367477;59.39449738071345;161.78798932808107;,127.8931543585678;59.39449738070523;161.7879893280956;
True,0.5,0,3,250,False,False,False,0.6666666666666666,1187.8440414465229;239.49547434315633;,281.36804570605034;187.93196883516117;
True,0.5,0,3,250,False,False,False,1.0,291.5986143786916;128.79231214754125;285.87409614636425;,260.4963673816299;128.79231214753077;285.87409614635726;
True,0.5,0,3,250,False,False,False,1.0,151.05490140880778;325.22291613815406;260.38211409446495;,125.52944349905253;336.9595323856783;292.52451619516637;
True,0.5,0,3,250,False,False,False,1.0,117.22356713963036;67.37994856236504;407.3137623287658;,118.96150409006756;65.77262625200179;408.54517808551566;
True,0.5,0,3,250,False,False,False,1.0,208.64214118992868;243.79107744836193;213.795596385635;,243.65985408578834;243.7910774483493;213.79559638563043;
True,0.5,0,3,250,False,False,False,0.3333333333333333,474.51658221148443;,220.183647625211;
True,0.5,0,3,250,False,False,False,0.6666666666666666,1030.210662051763;56.198565922564846;,198.78874679386135;57.22343814416265;
True,0.5,0,3,250,False,False,False,1.0,144.54845647269087;235.01787906730303;122.34985659911722;,144.54845647269119;235.0178790673067;122.34985659910323;
True,0.5,0,3,250,False,False,False,1.0,378.1586800048986;91.80724247167105;160.5966123929574;,378.1586800048887;91.80724247168318;160.5966123929653;
True,0.5,0,3,250,False,False,False,0.6666666666666666,799.9756219558997;243.09576265519607;,51.034471286797846;68.87745548836064;
True,0.5,0,3,250,False,False,False,1.0,168.91342959152777;195.61865258651113;102.78576160288148;,168.91342959153573;195.61865258650192;102.78576160288515;
True,0.5,0,3,250,False,False,False,1.0,119.64483802656407;77.20758036179326;121.75734384076648;,168.69499437966795;84.73823945859499;139.80550184523415;
True,0.5,0,3,250,False,False,False,0.6666666666666666,789.6639435192325;176.69722055744055;,116.88077281308459;176.69722055743765;
True,0.5,0,3,250,False,False,False,1.0,347.40588830864505;55.35231366109688;13.711645651721955;,347.40588830863686;74.57497292082209;7.485397994756296;
True,0.5,0,3,250,False,False,False,0.6666666666666666,1408.8285928377916;213.28171598048462;,184.39203574953132;289.24116524202816;
True,0.5,0,3,250,False,False,False,0.3333333333333333,723.1640650512574;,88.68040155642197;
True,0.5,0,3,250,False,False,False,1.0,218.6863741349872;92.2539681535278;126.80942166646635;,220.99282319001142;65.26879867060687;125.61316696523903;
True,0.5,0,3,250,False,False,False,1.0,293.14575625284965;362.44409551186334;210.83725420665286;,162.80923786272822;322.66344401080624;167.61876427302354;
True,0.5,0,3,250,False,False,False,1.0,351.28200420196913;70.82099998920295;257.98642067280923;,351.2820042019772;70.82099998918862;211.82268931645388;
True,0.5,0,3,250,False,False,False,0.6666666666666666,1416.4083263260275;369.2734039803124;,118.64286149647504;373.7768816730575;
True,0.5,0,3,250,False,False,False,0.6666666666666666,1287.8375098905449;662.7150078798502;,71.03858825587376;380.9635116293165;
True,0.5,0,3,250,False,False,False,0.6666666666666666,1403.225344482149;36.94929851689977;,61.69742821614156;47.935857059115975;
True,0.5,0,3,250,False,False,False,0.6666666666666666,271.55083687787845;252.70147835669925;,459.4865111993812;252.7014783566941;
True,0.5,0,3,250,False,False,False,1.0,139.38774218414784;275.11880345457485;118.85949545232931;,159.58479977864624;252.6030289758109;121.82783685281987;
True,0.5,0,3,250,False,False,False,0.6666666666666666,656.7472350015406;123.88154568335108;,219.94671315073643;123.88154568335096;
True,0.5,0,3,250,False,False,False,1.0,327.5231763916285;137.81161797743485;86.99668207089249;,325.7482559252102;137.60301987925203;86.99668207089925;
True,0.5,0,3,250,False,False,False,1.0,222.37975641125817;162.9365567829142;103.77853449820047;,175.19050432165358;114.3952367049706;139.11247009705954;
True,0.5,0,3,250,False,False,False,1.0,28.49048078356402;207.68980057318038;156.54313744721327;,87.05387112573148;207.68980057319175;156.54313744721762;
True,0.5,0,3,250,False,False,False,1.0,100.95180749532217;70.60220355449903;198.5149277048421;,100.95180749532481;86.83254092339973;122.3168029614309;
True,0.5,0,3,250,False,False,False,1.0,122.61088726684434;148.95861225460473;212.79292862009092;,118.4702774539884;148.9586122546151;162.96967830056826;
True,0.5,0,3,250,False,False,False,0.6666666666666666,50.8746501071395;1122.6885008596214;,50.87465010714584;136.26470955887092;
True,0.5,0,3,250,False,False,False,1.0,192.085486901503;159.4755057729388;378.3351480368265;,192.08548690149894;24.782493581139516;423.4003630211194;
True,0.5,0,3,250,False,False,False,0.6666666666666666,71.2773196918238;2335.0357742807;,83.7997084306099;162.6791319764047;
True,0.5,0,3,250,False,False,False,1.0,50.710462876120026;257.2285070978824;168.54208941234393;,331.02421060749367;160.7273668744318;342.9564198675116;
True,0.5,0,3,250,False,False,False,0.6666666666666666,252.74725448952924;485.46428821875134;,252.74725448952003;521.6857492819674;
True,0.5,0,3,250,False,False,False,1.0,192.88859215923432;113.02873485253478;109.52296549965813;,164.05227741029145;154.85742530352312;107.39989003312462;
True,0.5,0,3,250,False,False,False,1.0,20.598992457934834;86.57698889110227;83.25678813074381;,20.598992457922378;86.5769888911027;83.2567881307652;
True,0.5,0,3,250,False,False,False,0.6666666666666666,236.87659383437787;210.50058746712938;,114.96150201120845;210.5005874671368;
True,0.5,0,3,250,False,False,False,0.3333333333333333,473.3449449204382;,21.109251670961513;
True,0.5,0,3,250,False,False,False,0.6666666666666666,304.4310803972503;162.0509310774054;,333.4067752999363;134.51027797501064;
True,0.5,0,3,250,False,False,False,1.0,155.20129435769488;157.73172260198945;252.64863242087912;,155.2012943577086;157.73172260199146;252.64863242087208;
True,0.5,0,3,250,False,False,False,1.0,260.538791338445;248.24631488158343;366.87699451103356;,212.7681519233036;261.0277033140489;366.87699451103833;
True,0.5,0,3,250,False,False,False,0.6666666666666666,1099.6252046596544;32.06685927431452;,401.43267106525127;160.50234520982613;
True,0.5,0,3,250,False,False,False,1.0,394.5806062163998;233.1376123303409;594.9397862975798;,393.68220340282704;256.1919556650883;153.2819667211439;
True,0.5,0,3,250,False,False,False,1.0,119.9327951295488;183.044919739895;124.52746147145803;,120.668340065549;113.40609185519834;124.52746147144518;
True,0.5,0,3,250,False,False,False,0.6666666666666666,83.61876650360693;1245.943647385407;,84.83240410581462;210.9353643494801;
True,0.5,0,3,250,False,False,False,1.0,127.19895196110348;63.28803612586853;201.55438241608556;,138.48070643395815;63.28803612586218;201.84296205067798;
True,0.5,0,3,250,False,False,False,1.0,103.82528537604531;181.094854262875;292.21377503974406;,103.8252853760362;181.09485426287705;292.2137750397403;
True,0.5,0,3,250,False,False,False,0.6666666666666666,1104.0656720931215;284.4293125078107;,115.574253514649;284.4293125078279;
True,0.5,0,3,250,False,False,False,1.0,152.22585157830022;105.78196602029203;135.55043429945644;,166.28624722812773;97.02074740623458;135.55043429946207;
True,0.5,0,3,250,False,False,False,0.6666666666666666,948.1631583724147;320.65717435194773;,185.28161744895843;282.77993484101466;
True,0.5,0,3,250,False,False,False,0.6666666666666666,1390.9295113611659;434.22311838318524;,9.467686283833798;354.4277872280673;
True,0.5,0,3,250,False,False,False,0.6666666666666666,1244.3952086184709;193.90514848350395;,295.04301119137205;170.10837736429855;
True,0.5,0,3,250,False,False,False,1.0,21.292976054788408;251.14899222694248;263.66163179159446;,38.58161774833833;258.99841392099125;181.04605668014852;
True,0.5,0,3,250,False,False,False,0.3333333333333333,651.5279883896048;,301.16391190026843;
True,0.5,0,3,250,False,False,False,0.6666666666666666,191.07668057828155;1020.0227704546692;,145.15061915630955;45.36489243201542;
True,0.5,0,3,250,False,False,False,0.6666666666666666,164.79430057722774;79.89617167935845;,143.2798588996794;79.89617167936917;
True,0.5,0,3,250,False,False,False,1.0,125.10648632502001;71.56966952088639;81.22929194983348;,125.10648632503228;86.12040924598271;196.5379371519033;
True,0.5,0,3,250,False,False,False,1.0,112.50723041135547;337.89876176873787;89.57611948156753;,112.50723041134718;337.8987617687368;46.25166306205678;
True,0.5,0,3,250,False,False,False,1.0,61.02144647855939;145.21456515563239;198.42040933924704;,258.0939819503883;73.19326481111533;174.75995448456842;
True,0.5,0,3,250,False,False,False,0.6666666666666666,35.97637498105115;788.0028062875261;,163.8368782711449;244.2767464303155;
True,0.5,0,3,250,False,False,False,1.0,187.31873947806113;118.52491381957215;281.4469903345291;,121.60060010578167;92.81930643769634;284.18383471644506;
True,0.5,0,3,250,False,False,False,1.0,150.3372222499069;127.70182414615861;441.0970064497202;,152.08209130968447;63.48779698027358;367.8181877207992;
True,0.5,0,3,250,False,False,False,1.0,230.57637908869026;56.170160481478234;395.6758202739427;,248.18737950521333;106.0989986757807;395.67582027394167;
True,0.5,0,3,250,False,False,False,0.6666666666666666,149.51367222132038;154.20709388723327;,202.44161793269194;144.13803601557817;
True,0.5,0,3,250,False,False,False,1.0,262.34081601387606;201.0002227602284;97.04195737792666;,184.649317931706;193.99987500853598;97.0419573779151;
True,0.5,0,3,250,False,False,False,0.3333333333333333,1355.519284861455;,318.894869291905;
True,0.5,0,3,250,False,False,False,1.0,149.86572964760708;17.35497296309964;118.934200123455;,149.86572964760444;42.59019293823251;196.11109069255437;
True,0.5,0,3,250,False,False,False,1.0,428.7681984222027;116.56115646621775;138.51816682077026;,413.8550734792222;126.1354984843398;119.26135577560368;
True,0.5,0,3,250,False,False,False,1.0,164.23308106732938;88.74755670421551;237.13698637500315;,164.23308106734692;86.90871055794548;211.18884412548917;
True,0.5,0,3,250,False,False,False,0.6666666666666666,1290.972733900453;302.1948204419153;,192.74717917233818;217.38181078804928;
True,0.5,0,3,250,False,False,False,0.6666666666666666,455.1780226380039;88.13736416672023;,156.6162037567842;88.13736416670938;
True,0.5,0,3,250,False,False,False,1.0,119.46150878247714;227.99769200036576;164.6441220065059;,85.24308034900352;210.76897039906387;164.64412200649912;
True,0.5,0,3,250,False,False,False,1.0,72.67421198096113;137.18373343917196;296.8703247537667;,72.34587770772251;137.18373343917685;296.8703247537739;
True,0.5,0,3,250,False,False,False,1.0,222.2518752789234;172.53795955403893;214.34753020645925;,249.49937867585692;176.11140457448178;151.77665029647906;
True,0.5,0,3,250,False,False,False,0.3333333333333333,918.0106578815281;,368.95394187045457;
True,0.5,0,3,250,False,False,False,0.6666666666666666,276.5018263174344;68.69871687331582;,138.5849639820647;68.69871687331535;
True,0.5,0,3,250,False,False,False,0.6666666666666666,340.3431963560621;796.7168424127497;,340.34319635607267;70.70828132968528;
True,0.5,0,3,250,False,False,False,0.6666666666666666,1183.1857880106495;168.04910429269188;,185.6311537810378;257.65213549063793;
True,0.5,0,3,250,False,False,False,1.0,194.09659073299102;198.24110229591116;56.44493146850145;,194.0965907329919;198.24110229590295;56.44493146850612;
True,0.5,0,3,250,False,False,False,1.0,233.10746490812423;191.67937968266955;180.64859804660873;,233.10746490813088;191.67937968266537;180.64859804660645;
True,0.5,0,3,250,False,False,False,0.6666666666666666,51.786141547787516;1162.5531879044179;,51.786141547797854;48.732903576087864;
True,0.5,0,3,250,False,False,False,1.0,247.88530197203295;145.4617650358375;112.52110296105303;,231.58583830926773;130.31496856392465;112.52110296105474;
True,0.5,0,3,250,False,False,False,1.0,171.21330784400894;93.37115602623348;101.60697794478013;,200.25761009643423;65.43072541997017;81.24382674618332;
True,0.5,0,3,250,False,False,False,0.6666666666666666,32.234191842546544;1306.4466499872156;,32.23419184254744;194.74658099476414;
True,0.5,0,3,250,False,False,False,1.0,213.34228650229977;161.64384452142906;230.51764126991966;,219.64642863493071;167.11922554863312;224.86711981929807;
True,0.5,0,3,250,False,False,False,0.6666666666666666,986.6155289996256;291.40822970804174;,274.9366506839761;252.41417265789184;
True,0.5,0,3,250,False,False,False,1.0,260.80560197355896;87.46969601906945;316.36912329917385;,171.2245765199262;85.18996253843235;192.09616432015537;
True,0.5,0,3,250,False,False,False,0.6666666666666666,137.11676033806745;1321.5180194257196;,137.11676033807976;91.73563318770589;
True,0.5,0,3,250,False,False,False,1.0,160.4995153211664;98.79763442583408;223.12867953563915;,173.04289231698098;98.79763442584316;210.36363623728818;
True,0.5,0,3,250,False,False,False,1.0,162.82623858469017;379.4489291679149;84.33351410957337;,288.1738425657063;379.448929167921;62.26667435783587;
True,0.5,0,3,250,False,False,False,0.6666666666666666,1382.9414972481422;250.47799950928712;,295.27509324745716;253.7572462857926;
True,0.5,0,3,250,False,False,False,0.6666666666666666,110.81475717098768;246.9639852651068;,110.8147571709858;57.77632313842811;
True,0.5,0,3,250,False,False,False,0.6666666666666666,265.6632743477243;275.21230083394585;,321.27018007507235;275.2123008339612;
True,0.5,0,3,250,False,False,False,0.6666666666666666,1041.2708395775776;211.11250563883885;,188.44862333813663;294.4168174111761;
True,0.5,0,3,250,False,False,False,0.6666666666666666,939.4847544321065;189.2224408800509;,138.14412317304763;123.23264021157648;
True,0.5,0,3,250,False,False,False,1.0,126.36944332802743;168.48069673922825;160.0257431065672;,123.15011805171784;157.49067111536942;139.69757115324066;
True,0.5,0,3,250,False,False,False,0.6666666666666666,1155.39565177675;150.03560143608107;,197.2093121389435;150.03560143607226;
True,0.5,0,3,250,False,False,False,1.0,276.13937255781593;49.3782538327259;92.74173862695714;,276.0106034256293;49.378253832732;125.38476813769842;
True,0.5,0,3,250,False,False,False,1.0,365.0514421685142;335.21560153249766;62.57038462013354;,365.0514421685143;238.59935861204505;282.03264049236975;
True,0.5,0,3,250,False,False,False,0.6666666666666666,158.57997311574823;1344.6445139737546;,158.57997311574246;179.1579007605153;
True,0.5,0,3,250,False,False,False,0.6666666666666666,223.46215079880392;900.729745419087;,223.46215079880747;218.72705605353133;
True,0.5,0,3,250,False,False,False,0.6666666666666666,368.22721581170646;250.31358879946623;,174.12431207702133;250.31358879948078;
True,0.5,0,3,250,False,False,False,0.6666666666666666,1108.4924242359252;117.41103398411562;,57.23217217223025;117.41103398412184;
True,0.5,0,3,250,False,False,False,1.0,330.7626898976747;168.93982511406432;157.94503966422602;,148.4930883694887;106.92087231538126;195.5913428391111;
True,0.5,0,3,250,False,False,False,0.6666666666666666,910.3833906522327;88.46497541209126;,271.52810975456737;73.1554186367404;
True,0.5,0,3,250,False,False,False,1.0,143.02826319994455;295.1131309723722;169.89767882215477;,143.02826319993852;302.35837802873067;142.4147638155341;
True,0.5,0,3,250,False,False,False,1.0,155.7249259112978;105.24010291720609;287.4282537743544;,162.62908803588397;135.32807828030508;381.7464899011853;
True,0.5,0,3,250,False,False,False,1.0,165.01763013286313;216.37831152667158;225.95619733562717;,165.01763013286367;216.37831152667889;23.56432228685374;
True,0.5,0,3,250,False,False,False,1.0,133.41274963359865;121.30021207817381;163.78485703625898;,133.41274963359282;121.30021207818798;163.78485703624744;
True,0.5,0,3,250,False,False,False,1.0,489.73699738408294;221.86823588124804;91.19986294096707;,489.73699738408715;221.868235881234;91.19986294098257;
True,0.5,0,3,250,False,False,False,0.6666666666666666,374.00098112453793;1509.407644747921;,87.43131754279977;244.5139986795582;
True,0.5,0,3,250,False,False,False,0.6666666666666666,102.3113679050314;1024.9801269088878;,138.08834697776777;31.978364518845336;
True,0.5,0,3,250,False,False,False,0.6666666666666666,847.0398316704296;407.1067927733616;,93.98642941344859;407.1067927733642;
True,0.5,0,3,250,False,False,False,1.0,35.13669980971007;194.03850116608268;97.09562767137032;,29.812344485245593;179.24179224700194;171.48090077088193;
True,0.5,0,3,250,False,False,False,1.0,314.9736758462993;75.52449937660599;247.68859014320776;,314.9736758463091;75.52449937660978;247.68859014321262;
True,0.5,0,3,250,False,False,False,0.6666666666666666,644.8070113078949;319.65642629217814;,194.29644501230302;319.6564262921907;
True,0.5,0,3,250,False,False,False,1.0,64.67511775100247;110.88285468337192;54.01944120335564;,64.67511775099787;175.20610802848105;51.06045816342453;
True,0.5,0,3,250,False,False,False,1.0,128.55482662162552;289.8852174438652;163.6746382200949;,128.55482662162163;212.86549078030322;163.6746382200933;
True,0.5,0,3,250,False,False,False,0.6666666666666666,30.800133782882277;1484.4536221766984;,30.800133782875687;46.64470581634318;
True,0.5,0,3,250,False,False,False,0.6666666666666666,768.622738253274;479.1384112409761;,78.81424123203563;479.1384112409867;
True,0.5,0,3,250,False,False,False,0.6666666666666666,726.7287939131281;196.91367802709482;,185.50670869827366;197.20733289089299;
True,0.5,0,3,250,False,False,False,0.6666666666666666,943.8438689732297;372.1933792386998;,136.2134859856266;372.193379238705;
True,0.5,0,3,250,False,False,False,1.0,168.40643409488024;223.0871557193691;179.23870592266744;,168.40643409488214;223.0871557193728;180.0727980679714;
True,0.5,0,3,250,False,False,False,0.6666666666666666,182.54093939524836;1325.455003480378;,182.54093939524367;125.60008620273686;
True,0.5,0,3,250,False,False,False,1.0,216.47965179337373;4.697069374904139;353.4493968070278;,206.76419757107317;4.69706937491295;362.6155229293735;
True,0.5,0,3,250,False,False,False,1.0,169.46612247847608;174.25962261092727;187.68800989991405;,169.4661224784809;175.8310219436374;197.6321603547374;
True,0.5,0,3,250,False,False,False,0.6666666666666666,1590.995161937142;173.07815057305052;,261.07248735678303;173.07815057304614;
True,0.5,0,3,250,False,False,False,1.0,164.24148866385468;213.06507711783902;276.8563673618233;,164.2414886638458;213.0650771178377;276.8563673618149;
True,0.5,0,3,250,False,False,False,1.0,32.5639925759782;226.13710304395752;75.13549910054645;,32.56399257597174;226.13710304397154;75.13549910055463;
True,0.5,0,3,250,False,False,False,0.6666666666666666,188.94239730380642;1127.7082875056024;,188.94239730379905;188.66804065610614;
True,0.5,0,3,250,False,False,False,1.0,285.1122982473627;22.93416555778193;157.2969061163321;,115.85746927669443;73.46990730640952;157.2969061163363;
True,0.5,0,3,250,False,False,False,1.0,61.05858978874828;205.92347381304745;284.90405181022766;,56.06956088308307;205.92347381305171;259.48990218724316;
True,0.5,0,3,250,False,False,False,1.0,102.5847864303248;140.62458137096644;346.2878358426653;,102.58478643033412;140.62458137095442;346.287835842674;
True,0.5,0,3,250,False,False,False,1.0,230.79121828951645;176.89023783117298;46.54435866446861;,230.79121828950653;99.54950318985753;59.79008976312437;
True,0.5,0,3,250,False,False,False,0.6666666666666666,576.119427186225;135.92426465132644;,138.38176707658917;135.92426465132985;
True,0.5,0,3,250,False,False,False,0.6666666666666666,454.0722876278405;142.16099180157602;,137.0500704251783;82.03078505376418;
True,0.5,0,3,250,False,False,False,0.6666666666666666,241.67051754532176;523.8686686305119;,241.67051754530993;187.47393700527394;
True,0.5,0,3,250,False,False,False,0.6666666666666666,276.7822617280394;426.15478345806713;,276.7822617280494;56.58547177426745;
True,0.5,0,3,250,False,False,False,0.6666666666666666,374.0425214634085;145.88112208394134;,155.21379851858197;141.37813012196614;
True,0.5,0,3,250,False,False,False,0.6666666666666666,995.3704165625476;165.89807622096643;,132.05747603655743;165.89807622097604;
True,0.5,0,3,250,False,False,False,0.6666666666666666,1064.7283441686398;376.7098676554978;,122.31825744469086;376.7098676555029;
True,0.5,0,3,250,False,False,False,0.6666666666666666,1167.6573685697726;211.42733175595075;,244.19978317146072;225.4373946231316;
True,0.5,0,3,250,False,False,False,1.0,126.78119114921023;311.024720830566;141.34048852228076;,116.04017069020811;311.0247208305702;137.27716692094026;
True,0.5,0,3,250,False,False,False,1.0,41.56280366314938;423.90503757180466;99.14587816445187;,41.5628036631565;423.9050375717999;99.14587816446114;
True,0.5,0,3,250,False,False,False,1.0,183.5166746131245;212.82044088436487;20.20705781892712;,211.5858200159231;163.40420451269333;148.7219512026278;
True,0.5,0,3,250,False,False,False,0.6666666666666666,1405.054462321462;207.81072984135872;,136.0629354862142;117.71815597772292;
True,0.5,0,3,250,False,False,False,1.0,88.41032546617473;235.5345369755837;113.27503497901394;,88.41032546620062;235.5345369755881;113.27503497902205;
True,0.5,0,3,250,False,False,False,1.0,102.81083221584973;239.382736194991;104.93663184394565;,102.81083221585763;239.38273619497343;104.93663184395878;
True,0.5,0,3,250,False,False,False,1.0,64.77583605136756;172.4946712620652;152.80824066480216;,64.77583605135702;140.66128865758;161.43870305072846;
True,0.5,0,3,250,False,False,False,0.6666666666666666,920.2539307764434;105.72818702510618;,122.2106017019973;105.7281870251058;
True,0.5,0,3,250,False,False,False,1.0,174.05596509025807;217.62240867877168;170.97547120104568;,170.9511005215026;196.1190263897132;206.72833715735027;
True,0.5,0,3,250,False,False,False,0.6666666666666666,70.87963341731057;987.4844435882469;,70.87963341731128;330.5433929071818;
True,0.5,0,3,250,False,False,False,0.6666666666666666,300.45465822407004;1056.5116885154036;,300.45465822406544;91.54016401748758;
True,0.5,0,3,250,False,False,False,1.0,185.639358361265;84.90780243677378;85.10839221073054;,315.40303505171175;84.9078024367665;144.90339420958153;
True,0.5,0,3,250,False,False,False,1.0,466.64336441407625;256.75781442674497;465.38341106057703;,386.06087456265107;191.9055235857464;214.67839072850387;
True,0.5,0,3,250,False,False,False,0.6666666666666666,786.7634832284222;331.0012721078811;,225.16054986251626;331.0012721078845;
True,0.5,0,3,250,False,False,False,1.0,243.00826687413485;248.40424352010677;299.78991623653667;,243.0082668741398;258.4622379373318;264.92209044828894;
True,0.5,0,3,250,False,False,False,0.6666666666666666,1086.7607018901808;135.3004347922628;,147.6780412840251;201.0849726281657;
True,0.5,0,3,250,False,False,False,0.3333333333333333,1025.5439261106162;,57.21592242841851;
True,0.5,0,3,250,False,False,False,1.0,229.13027032240407;117.74351239943803;196.5266124699947;,229.13027032240836;117.74351239943823;196.52661246999173;
True,0.5,0,3,250,False,False,False,0.6666666666666666,275.3314156922211;1325.4061532433618;,101.38155388982558;55.181604154793526;
True,0.5,0,3,250,False,False,False,1.0,64.67232509777128;333.3800092499833;252.09791378957587;,64.67232509777854;333.38000924997726;252.09791378958292;
True,0.5,0,3,250,False,False,False,0.6666666666666666,535.5981256780041;175.81845417408917;,261.99447684596873;177.61278141357414;
True,0.5,0,3,250,False,False,False,1.0,321.3120301349723;179.73167537634038;289.426484041193;,304.47254428741957;179.73167537634285;289.42648404119353;
True,0.5,0,3,250,False,False,False,0.6666666666666666,171.9349455682692;1178.0785891013013;,171.9349455682685;167.83841832543067;
True,0.5,0,3,250,False,False,False,0.6666666666666666,706.8612387457014;339.28104991199564;,154.51418909689787;334.3982037309464;
True,0.5,0,3,250,False,False,False,1.0,399.1824190351667;101.26361178444607;104.81889673354112;,252.19640446610833;106.78741248946024;164.21308760639926;
True,0.5,0,3,250,False,False,False,0.6666666666666666,274.75882842618495;1361.7072340871364;,274.7588284261991;91.51231128280045;
True,0.5,0,3,250,False,False,False,1.0,244.6282039341827;75.40348117212964;258.6199531148628;,244.62820393418022;75.40348117212743;258.61995311487647;
True,0.5,0,3,250,False,False,False,1.0,166.38291884596558;315.20394738203;532.6796592350692;,277.70660342041936;315.20394738201185;532.6796592350825;
True,0.5,0,3,250,False,False,False,0.6666666666666666,820.5086630460934;111.54407233496727;,191.18873509132777;105.95669939406774;
True,0.5,0,3,250,False,False,False,1.0,100.44138208176878;83.04095306867308;140.87523830035616;,100.44138208178292;83.04095306866103;140.87523830036557;
True,0.5,0,3,250,False,False,False,1.0,46.150351006234395;218.45802113305274;429.73064769792876;,142.78569156608444;218.45802113304333;429.73064769794496;
True,0.5,0,3,250,False,False,False,0.6666666666666666,1167.1819497877725;305.3914124625093;,171.41041841161746;305.39141246249204;
True,0.5,0,3,250,False,False,False,0.6666666666666666,710.5192511716604;270.0743413474171;,326.99328433136776;237.1242495243871;
True,0.5,0,3,250,False,False,False,0.6666666666666666,211.19199481750803;94.48317835723257;,174.40245254466856;100.9928721887044;
True,0.5,0,3,250,False,False,False,0.6666666666666666,1373.850881299788;141.9783014203428;,100.55499320412487;92.49186236223586;
True,0.5,0,3,250,False,False,False,1.0,65.22648933562267;155.63341357174494;84.73699045640707;,65.2264893356173;155.633413571747;117.32020291382705;
True,0.5,0,3,250,False,False,False,0.3333333333333333,1427.6081745911065;,130.3347257330362;
True,0.5,0,3,250,False,False,False,0.6666666666666666,1058.2296155662093;231.36732779520634;,109.61653202279878;140.90928315404994;
True,0.5,0,3,250,False,False,False,1.0,94.48202211097347;365.7656704458913;246.7692531658095;,209.35356288701558;492.23625368770723;246.10318891279286;
True,0.5,0,3,250,False,False,False,1.0,247.34063791263742;116.46138629389701;89.42741666939943;,247.34063791263696;116.46138629388993;89.42741666940084;
True,0.5,0,3,250,False,False,False,1.0,171.9856527725676;147.12179252805007;49.93005075635149;,48.749370243776;145.881148097029;49.93005075633704;
True,0.5,0,3,250,False,False,False,1.0,75.29346917619627;189.9042461097601;169.27189502144577;,38.129852043202575;216.68298653580698;222.1940093202362;
True,0.5,0,3,250,False,False,False,0.6666666666666666,693.5476390398089;196.80021983749913;,137.000758734239;177.33089118094077;
True,0.5,0,3,250,False,False,False,1.0,150.15478068353633;429.93742670878555;135.81892948605793;,156.5880365187808;429.9374267087821;134.14022083673686;
True,0.5,0,3,250,False,False,False,1.0,365.54455109681965;14.835153217962942;212.84558343359464;,372.81218948288523;67.59058428425669;99.78897753739072;
True,0.5,0,3,250,False,False,False,0.3333333333333333,675.3288671488763;,172.36536990284927;
True,0.5,0,3,250,False,False,False,1.0,20.800045869310107;463.97529063483705;316.1078743161887;,20.800045869307176;345.3167842668434;201.35071381873476;
True,0.5,0,3,250,False,False,False,1.0,472.5868401386692;71.15099498280016;214.23754643643937;,472.58684013867;71.15099498279098;286.04130040879255;
True,0.5,0,3,250,False,False,False,0.6666666666666666,212.08475629930143;1109.5626822301156;,215.71308937307182;644.026260686653;
True,0.5,0,3,250,False,False,False,1.0,298.0587594631472;430.4794538808516;185.8176405078353;,268.797213254737;425.2272786335761;185.8176405078336;
True,0.5,0,3,250,False,False,False,0.6666666666666666,233.15907471292306;1194.272395306874;,233.15907471291487;142.0857753450699;
True,0.5,0,3,250,False,False,False,0.6666666666666666,400.3812579313049;1235.020728880168;,400.3812579312924;60.151143527219844;
True,0.5,0,3,250,False,False,False,1.0,45.172059881553444;153.7724692722774;85.07783242245299;,132.9435419950939;200.00953619295012;74.56232021693431;
True,0.5,0,3,250,False,False,False,1.0,65.15968032322462;142.48994809981153;238.67697730678543;,65.15968032322513;142.489948099809;238.67697730680243;
True,0.5,0,3,250,False,False,False,1.0,96.58954471716862;130.16555209450675;84.9069398853443;,136.1630998600345;25.053997413671336;26.055678849712343;
True,0.5,0,3,250,False,False,False,1.0,558.6204663285744;256.06948283473326;312.95422816194434;,558.620466328565;82.8232195684913;209.5781672768825;
True,0.5,0,3,250,False,False,False,1.0,224.64827277538814;40.50276534519617;180.07792209987056;,224.64827277537898;156.21251933586026;124.95716991619513;
True,0.5,0,3,250,False,False,False,1.0,29.108031208160547;121.58901301491036;242.91271952277705;,29.10803120816708;110.48632811814402;255.88891289861147;
True,0.5,0,3,250,False,False,False,0.6666666666666666,388.979279223474;240.27605530209817;,136.11661487920426;253.114346467182;
True,0.5,0,3,250,False,False,False,1.0,162.9367348017549;206.82504066635008;400.8986552634011;,162.93673480174996;204.2340974020028;400.8986552634107;
True,0.5,0,3,250,False,False,False,1.0,138.17176471040958;293.10224185899233;333.599377329292;,138.17176471041736;93.95552675453253;299.6120924133379;
True,0.5,0,3,250,False,False,False,1.0,244.7770393875818;108.98609649738574;194.4107061271015;,239.8960083002947;176.05878720055088;75.38053290504133;
True,0.5,0,3,250,False,False,False,1.0,185.77375202100737;185.1760544893895;335.9633464565074;,185.77375202100265;185.17605448938974;335.9633464565091;
True,0.5,0,3,250,False,False,False,1.0,219.47127790542652;241.5033133744795;227.3307504123534;,219.47127790542126;241.50331337446565;198.25519469365437;
True,0.5,0,3,250,False,False,False,0.6666666666666666,783.0081745751097;106.27568611980634;,73.56717575199075;130.37278431427595;
True,0.5,0,3,250,False,False,False,1.0,113.36077150619776;180.10551672322234;125.91326384076716;,238.24242643902696;175.2653328980674;125.91326384077415;
True,0.5,0,3,250,False,False,False,1.0,145.9726700612438;95.15047613013725;133.42008775005027;,141.7462635479852;107.03254401433519;165.28767469809137;
True,0.5,0,3,250,False,False,False,0.6666666666666666,1078.5516247597286;236.81304924934273;,176.89722395582598;200.42768203054328;
True,0.5,0,3,250,False,False,False,0.6666666666666666,647.3180492637342;77.30791087163017;,184.61777432448292;77.30791087161485;
True,0.5,0,3,250,False,False,False,1.0,121.76898756546001;225.0333496730626;99.416266469786;,121.768987565463;225.0333496730506;99.41626646979178;
True,0.5,0,3,250,False,False,False,1.0,230.34496189573684;149.60212531729692;125.36038030017845;,244.09284164385718;149.60212531728456;125.86520581799365;
True,0.5,0,3,250,False,False,False,1.0,84.80316221519928;123.78255851302214;152.40964042852087;,84.25399735783911;123.78255851300149;223.9225844790298;
True,0.5,0,3,250,False,False,False,0.6666666666666666,961.0966803319207;109.87957981812922;,320.37235690952355;154.32795618653444;
True,0.5,0,3,250,False,False,False,1.0,281.8093950296514;221.72671956632945;272.61723335735564;,254.45209909615247;203.572718272181;277.2365309259049;
True,0.5,0,3,250,False,False,False,1.0,35.993512383608916;116.55213261676667;13.675898068727815;,35.99351238361565;116.55213261675976;13.675898068721422;
True,0.5,0,3,250,False,False,False,1.0,81.66463131507726;347.1259930670092;346.637221314224;,81.66463131508566;347.59418632174805;250.52363691698952;
True,0.5,0,3,250,False,False,False,0.6666666666666666,1196.755341423816;221.7527562752989;,182.31836333782027;221.75275627528657;
True,0.5,0,3,250,False,False,False,1.0,292.0580743519253;251.42742479214883;168.5684497118865;,329.9443343136912;25.113862112604686;168.56844971188153;
True,0.5,0,3,250,False,False,False,1.0,270.46281406651013;22.340882801875843;224.7155400091538;,266.4135334401707;22.340882801874404;226.58273981704716;
True,0.5,0,3,250,False,False,False,0.6666666666666666,1018.021246671933;178.5600227804585;,358.56808646693827;178.5600227804694;
True,0.5,0,3,250,False,False,False,1.0,55.26598389629213;382.7069522493912;151.65219500116083;,55.26598389629522;382.7069522493943;151.65219500114532;
True,0.5,0,3,250,False,False,False,1.0,169.07320901310018;234.04243578579693;546.5885043521446;,133.48562047643625;104.88436511424374;262.9499261369982;
True,0.5,0,3,250,False,False,False,0.6666666666666666,163.33122514389837;660.3644859716795;,103.6873210359492;270.50984714469166;
True,0.5,0,3,250,False,False,False,0.6666666666666666,293.8402456828294;197.54118606522977;,53.78387737328756;197.5411860652338;
True,0.5,0,3,250,False,False,False,0.6666666666666666,884.5896921613013;106.39261969973725;,169.60540606595146;106.39261969974373;
True,0.5,0,3,250,False,False,False,1.0,54.30976160585632;161.99776277588427;233.21302194817193;,52.73025489680598;53.6173209690586;217.00216703738076;
True,0.5,0,3,250,False,False,False,1.0,121.70967513911563;44.1320065990946;72.79462803682786;,174.4687503287622;92.36634205922957;72.79462803683306;
True,0.5,0,3,250,False,False,False,1.0,187.18079344413445;300.3163661235464;372.0235821183131;,187.18079344413445;300.3163661235351;372.0235821183135;
True,0.5,0,3,250,False,False,False,1.0,94.71515854031931;90.58176230802408;221.6712011663326;,75.47650613718538;193.17329919106695;264.0014769919645;
True,0.5,0,3,250,False,False,False,0.6666666666666666,195.17478887440228;1352.4038138449994;,214.58871002298756;64.8097952871894;
True,0.5,0,3,250,False,False,False,1.0,277.5628219381052;407.98413913016765;139.68712394509976;,277.56282193810154;364.5824923523569;135.8027819765437;
True,0.5,0,3,250,False,False,False,0.6666666666666666,398.4814146434305;925.1408792392366;,368.19554465682603;157.8976386682363;
True,0.5,0,3,250,False,False,False,0.6666666666666666,287.5117996122913;1359.1913394522612;,281.7136920484975;182.5620307855422;
True,0.5,0,3,250,False,False,False,0.6666666666666666,219.09446691247717;945.3663914475145;,216.55651992014333;242.64134312110008;
True,0.5,0,3,250,False,False,False,1.0,322.73821955989035;152.02554616680226;62.19520736356044;,322.8926370686551;152.02554616680433;62.1952073635534;
True,0.5,0,3,250,False,False,False,1.0,65.2633121067105;124.64230653261427;402.8224513835763;,270.98651522441867;124.64230653262248;225.2668054435122;
True,0.5,0,3,250,False,False,False,0.6666666666666666,934.2123538528466;250.66898307021353;,127.2154913834982;230.46511328525838;
True,0.5,0,3,250,False,False,False,1.0,52.88008081041592;348.43431495556933;148.18458251853937;,208.97753704482605;345.2513099493905;253.19315287967856;
True,0.5,0,3,250,False,False,False,1.0,151.33983109246623;24.897455241413905;160.44262785664935;,173.05623347340568;161.54353046129282;160.44262785665882;
True,0.5,0,3,250,False,False,False,0.6666666666666666,1129.4238251332654;274.2872508545718;,320.8410613466554;263.0860918056069;
True,0.5,0,3,250,False,False,False,1.0,241.02411116137495;159.05498302358237;297.62672180413995;,189.06170829436084;290.44494005508943;260.61966305725247;
True,0.5,0,3,250,False,False,False,1.0,209.81083678599722;165.91716849087987;106.44936232328263;,202.29214528863702;176.00813250338794;106.44936232327218;
True,0.5,0,3,250,False,False,False,1.0,164.18361509535265;73.46139539786351;162.45312435826344;,124.97871737445588;35.86650262630463;162.45312435827128;
True,0.5,0,3,250,False,False,False,0.6666666666666666,1513.6990537444265;130.73394591851877;,221.21279361080224;36.25623317433204;
True,0.5,0,3,250,False,False,False,0.6666666666666666,633.0238296825999;89.28847808985832;,69.96506971074312;110.20446077212995;
True,0.5,0,3,250,False,False,False,1.0,101.52596627294183;307.94836585991186;184.6493707810985;,100.71850074229025;307.948365859905;184.12494019999494;
True,0.5,0,3,250,False,False,False,1.0,168.99285882510196;258.2566517462537;99.90210555676515;,168.99285882509932;214.304402326826;96.85894237241668;
True,0.5,0,3,250,False,False,False,1.0,90.08020107204405;157.0403848799214;279.97181299582707;,132.67697922661637;102.26207292122588;279.97181299582013;
True,0.5,0,3,250,False,False,False,0.6666666666666666,220.52823603470995;169.71056270809282;,99.66734942507084;169.71056270808566;
True,0.5,0,3,250,False,False,False,1.0,121.37012116314531;194.36173145595683;103.11268306764255;,193.46223456513496;187.13989914112608;108.05450125637049;
True,0.5,0,3,250,False,False,False,1.0,299.8147975333511;187.6972521414;215.61890008027203;,299.8147975333725;187.6972521414047;215.61890008028112;
True,0.5,0,3,250,False,False,False,1.0,174.1284069541788;395.70517058529515;260.1716969899135;,174.12840695417708;395.7051705852815;260.17169698992274;
True,0.5,0,3,250,False,False,False,0.6666666666666666,1019.4301645562766;348.79673816882064;,108.77898954798691;348.79673816882456;
True,0.5,0,3,250,False,False,False,1.0,164.833481404609;166.06355246312742;227.33597420931477;,135.75353205113757;166.06355246313575;93.05916998644072;
True,0.5,0,3,250,False,False,False,1.0,250.4653149629866;91.75227912960521;341.2846970871602;,174.02403447642823;41.54445865889657;341.2527448681817;
True,0.5,0,3,250,False,False,False,0.6666666666666666,353.4233845164095;441.97016991011577;,336.47602452974985;141.277980659456;
True,0.5,0,3,250,False,False,False,1.0,208.34688003111347;111.53256251624708;258.9333722428007;,214.8045650088997;31.949137340718643;144.03357572015636;
True,0.5,0,3,250,False,False,False,1.0,79.59026265233935;428.99666858254466;178.50320381109387;,79.59026265234057;426.7269028192044;178.5032038111114;
True,0.5,0,3,250,False,False,False,1.0,283.26910618240305;136.0028961038775;109.86546179145463;,120.66793832387351;122.43445515010204;149.53391180069235;
True,0.5,0,3,250,False,False,False,1.0,92.59658133327014;87.10770786235855;136.39761903421208;,92.59658133325905;32.96371134046209;136.39761903420973;
True,0.5,0,3,250,False,False,False,1.0,291.7283243305072;349.90155733903634;236.16675730705543;,290.8805751799959;380.886446880552;189.72515419382776;
True,0.5,0,3,250,False,False,False,0.6666666666666666,495.14097365313626;153.32883268182366;,174.4095303273395;109.29830036426586;
True,0.5,0,3,250,False,False,False,1.0,513.753107764327;312.41535195805534;33.631249769378684;,512.8617260770924;257.47608612230647;33.63124976937476;
True,0.5,0,3,250,False,False,False,0.6666666666666666,573.6531405495136;206.9071611584923;,212.64793247905575;346.20639206921453;
True,0.5,0,3,250,False,False,False,1.0,149.28561254375953;283.2576832283342;209.18483018156797;,149.28561254376913;283.25768322833045;209.18483018157283;
True,0.5,0,3,250,False,False,False,1.0,93.33298241868238;98.76795277363398;187.26945955421502;,93.33298241867837;98.76795277364499;187.26945955419677;
True,0.5,0,3,250,False,False,False,0.3333333333333333,1095.4000004455834;,68.02854314646899;
True,0.5,0,3,250,False,False,False,1.0,298.9723697549217;213.78047101407134;102.83270247371622;,299.4665420646502;102.6021455040702;102.83270247372147;
True,0.5,0,3,250,False,False,False,1.0,162.8360192061622;194.77631187694487;321.4361349410196;,162.83601920616402;166.47192594785108;194.46911673123017;
True,0.5,0,3,250,False,False,False,1.0,148.64011821555104;44.627588555437704;163.45842349179713;,163.67119663189632;44.627588555445925;163.4584234917933;
True,0.5,0,3,250,False,False,False,1.0,298.9751609481935;65.50046981399215;182.91614235873416;,220.19366566627028;113.8412152340272;132.5135832330379;
True,0.5,0,3,250,False,False,False,0.6666666666666666,582.6847204285066;193.14187063638377;,188.05798947771322;177.11497645844213;
True,0.5,0,3,250,False,False,False,1.0,264.16873898673543;248.75901372048187;203.60427853862973;,264.168738986731;248.75901372047977;203.60427853862564;
True,0.5,0,3,250,False,False,False,0.6666666666666666,244.98901318405208;130.4429530479207;,79.43321444633139;130.44295304793062;
True,0.5,0,3,250,False,False,False,0.6666666666666666,948.4075945594861;227.83524139062615;,113.31936767911948;227.8352413906362;
True,0.5,0,3,250,False,False,False,1.0,72.9745699173841;139.2652406831296;335.5486536873123;,86.87985996776577;139.26524068312813;335.54865368730503;
True,0.5,0,3,250,False,False,False,0.6666666666666666,761.6843889270363;202.51308053043127;,122.21451116272114;202.51308053043044;
True,0.5,0,3,250,False,False,False,0.6666666666666666,106.72095768541473;676.8545976297854;,95.55058219501575;287.53527043970814;
True,0.5,0,3,250,False,False,False,1.0,60.49977081889888;92.31404677370165;205.8861452760856;,38.17379733528667;92.31404677369261;205.88614527608556;
True,0.5,0,3,250,False,False,False,1.0,50.43268865906414;232.1407125475663;322.1916592525821;,50.432688659062315;181.03705027821272;322.1916592525809;
True,0.5,0,3,250,False,False,False,1.0,121.67960729435154;224.7857674267671;82.76300113558395;,121.67960729434228;224.78576742676438;82.76300113557723;
True,0.5,0,3,250,False,False,False,1.0,117.70469380441844;66.73531669398477;304.4678876256916;,117.70469380442232;60.77916307368395;254.70925602253635;
True,0.5,0,3,250,False,False,False,1.0,226.7894354456405;61.604167111780136;214.30534479457083;,226.7894354456399;61.604167111783376;214.30534479455912;
True,0.5,0,3,250,False,False,False,0.6666666666666666,487.8856218254216;802.5489061950686;,288.83424286307263;48.759259115572775;
True,0.5,0,3,250,False,False,False,1.0,212.93727166136355;366.0040531040487;156.50248684523342;,170.32312062766087;225.94919568916313;156.50248684523015;
True,0.5,0,3,250,False,False,False,1.0,451.915948695444;252.1276161942944;115.79713593525196;,309.10391967995673;252.12761619430594;94.03105710727756;
True,0.5,0,3,250,False,False,False,1.0,170.9549965402852;118.17713113099445;223.43277444369312;,204.4568740256049;118.61696252720239;251.1893202558045;
True,0.5,0,3,250,False,False,False,1.0,86.35687418822147;183.1598473414181;142.22420031180067;,99.2549209570068;176.17319744172735;203.01906422851033;
True,0.5,0,3,250,False,False,False,0.6666666666666666,1377.4095952232021;102.85653906369598;,155.96446299489907;103.56825273857638;
True,0.5,0,3,250,False,False,False,1.0,419.00068979664843;209.4015774128409;49.88288993359271;,419.0006897966453;209.40157741285674;49.8828899335933;
True,0.5,0,3,250,False,False,False,1.0,225.61242168752014;115.046324081456;178.94639958183424;,225.61242168751485;115.04632408146237;178.94639958182623;
True,0.5,0,3,250,False,False,False,0.6666666666666666,1164.4615835179286;148.468292427269;,149.79738265647399;81.01278797048127;
True,0.5,0,3,250,False,False,False,0.6666666666666666,222.79688970529358;570.2312059360279;,222.79688970527332;155.1063313698842;
True,0.5,0,3,250,False,False,False,0.6666666666666666,350.4665135944994;77.60052270506752;,51.387528987100914;138.202056614429;
True,0.5,0,3,250,False,False,False,1.0,152.8041763286216;143.90524704302018;92.50147400985595;,164.67104559388054;150.29225550792268;92.50147400987012;
True,0.5,0,3,250,False,False,False,1.0,229.42937621379096;337.28699783437776;180.29376278516258;,229.42937621379286;337.28699783437463;180.2937627851558;
True,0.5,0,4,250,False,False,False,0.5,817.5892702794222;575.3978928993681;,73.06643328677887;43.74665296661604;
True,0.5,0,4,250,False,False,False,0.75,260.3673605841806;339.9715917206429;578.5843677837968;,255.8251503823248;100.93677348482277;320.02502201169636;
True,0.5,0,4,250,False,False,False,0.75,188.93991274415708;1214.304989127092;172.6544997808243;,155.19091184966783;224.39910525147297;169.38906867231026;
True,0.5,0,4,250,False,False,False,0.5,690.2736926556443;261.4171299108618;,205.9432895412216;257.6167868361452;
True,0.5,0,4,250,False,False,False,0.75,479.84807366655224;774.4210694514009;182.84677747674127;,144.8837570692229;228.76370882821496;145.69650388976024;
True,0.5,0,4,250,False,False,False,1.0,44.200528155249565;129.90101729579965;320.03643926947865;86.95708126582073;,44.20052815525402;116.85783656777357;332.9360053911239;86.95708126582073;
True,0.5,0,4,250,False,False,False,0.5,1158.7755908400416;330.5224805928083;,235.72842314554487;65.74631787325735;
True,0.5,0,4,250,False,False,False,1.0,105.46649162561137;80.65154840942984;269.7095566775636;617.0252534788368;,105.38219066640391;80.6515484094345;269.7095566775727;594.1280936769624;
True,0.5,0,4,250,False,False,False,0.75,641.9158189305223;230.3543599464646;326.9321137373949;,105.41804340829677;359.72439264829336;326.9321137373827;
True,0.5,0,4,250,False,False,False,0.75,669.5883181245055;182.9753960793727;117.10216527636636;,423.08981496583715;166.20971930667386;130.3987750612036;
True,0.5,0,4,250,False,False,False,0.75,890.1053859364254;100.23412448808925;165.7377657680147;,83.59793295652983;105.99781005335221;165.73776576800856;
True,0.5,0,4,250,False,False,False,1.0,311.36786747994336;46.64454756747871;188.39982002429838;142.77369356955114;,311.36786747993676;89.91298430098016;162.73763608119768;192.16560932772765;
True,0.5,0,4,250,False,False,False,1.0,182.62244425921787;66.49117918771505;154.99569017283895;53.213882242964;,186.2327817959352;114.966569870801;155.39943107137054;165.72399412533116;
True,0.5,0,4,250,False,False,False,1.0,176.34238430730557;234.8103558607713;424.56695293131344;219.18198877565865;,178.76171098572038;154.12634241760708;352.3040526207002;219.1819887756586;
True,0.5,0,4,250,False,False,False,0.75,161.1638053326628;1204.9807386838702;108.22523192451953;,127.73523220920427;176.32078611881997;108.22523192451823;
True,0.5,0,4,250,False,False,False,0.5,197.63297812481383;375.48538121666996;,148.72753300479187;122.25503648446791;
True,0.5,0,4,250,False,False,False,0.75,377.56378497986674;506.01550589911255;102.47773771568588;,332.52633489663174;115.92154314873804;81.80898954717009;
True,0.5,0,4,250,False,False,False,1.0,272.9862971300784;221.65499672380756;131.45043970161603;47.04074436512405;,200.32218525931424;213.65578281834505;235.64349116237585;46.19400225717644;
True,0.5,0,4,250,False,False,False,1.0,98.51727800640316;217.71088622904242;180.91102294132736;101.53987022999787;,129.9776871754186;207.78388264358483;129.7013486822723;167.94297853781094;
True,0.5,0,4,250,False,False,False,0.75,245.71103994570507;255.52604930498754;305.09472747040934;,287.16155508740934;372.1908199140262;224.71399339080915;
True,0.5,0,4,250,False,False,False,0.75,716.0272440368551;72.25119980270443;131.18299957485755;,69.84052642296795;23.592831432767696;136.11148059642053;
True,0.5,0,4,250,False,False,False,1.0,50.80287665135614;189.47678588554956;237.73845510328744;119.72926984163736;,27.68052388671417;189.47678588554984;236.4466005936378;152.59247797494962;
True,0.5,0,4,250,False,False,False,0.75,524.7640448862195;873.810771202956;293.15706886562714;,96.84193095671456;85.56523585098861;305.86714018847937;
True,0.5,0,4,250,False,False,False,1.0,174.81360769759178;91.64244563838118;111.9965913114566;381.53935688734134;,158.1625544291632;74.98754526013715;65.90215154747926;135.3275786566181;
True,0.5,0,4,250,False,False,False,1.0,292.9619595787532;234.76415837225005;111.95589294971448;536.2823314738239;,302.2501641437817;191.2289557579611;210.21364823453035;536.2823314738239;
True,0.5,0,4,250,False,False,False,0.75,515.724619577924;119.23773973773918;72.38684859666704;,57.588393007539395;123.4972079378039;72.38684859667352;
True,0.5,0,4,250,False,False,False,0.75,954.65586241654;190.5896247115879;152.69322954371253;,256.8687137147704;241.33344321124383;143.71247627302265;
True,0.5,0,4,250,False,False,False,0.75,1336.044853805429;430.22750372081396;66.43951868164245;,196.17860416253473;344.97340758164455;194.5441839031726;
True,0.5,0,4,250,False,False,False,1.0,17.879177342265784;89.58456506486954;157.90840495999302;338.48370279753397;,30.010698522642638;89.58456506486505;81.56849588600626;326.4033930181316;
True,0.5,0,4,250,False,False,False,0.75,1009.4297635538456;136.47883605756164;376.5197648730722;,267.5725845617557;136.47883605755757;376.5197648730728;
True,0.5,0,4,250,False,False,False,0.75,1306.5367470379986;238.97275568252098;240.25198094726179;,112.03815539147237;237.1950971893017;191.93494958576534;
True,0.5,0,4,250,False,False,False,0.75,1308.2388201855097;239.3087297344836;357.0517567784247;,77.13188854087599;208.3560178308094;89.3303697692081;
True,0.5,0,4,250,False,False,False,0.75,902.1667049195312;65.217556862106;324.9894374754792;,312.28019528836114;20.996304236605404;268.9947272302508;
True,0.5,0,4,250,False,False,False,0.75,109.27719488485013;369.2919071476373;1075.702135524412;,109.27719488484308;253.3804188095447;107.46478769263331;
True,0.5,0,4,250,False,False,False,1.0,66.06555344248235;192.76586552811548;173.37036670433758;127.55041689504138;,54.96514043473206;192.765865528114;123.34678152802985;134.09992164911444;
True,0.5,0,4,250,False,False,False,0.75,869.1814288370368;247.90684106841883;304.58831884399115;,91.04662804513761;234.16101410630873;304.58831884398546;
True,0.5,0,4,250,False,False,False,0.75,253.10656964409205;731.7749729970476;155.00858147075868;,256.4819505881863;423.7116535371052;25.25176046698008;
True,0.5,0,4,250,False,False,False,0.75,1122.1813695439628;138.27892683276102;125.35916129118333;,271.9261282504666;146.63446578059956;125.35916129118255;
True,0.5,0,4,250,False,False,False,0.75,1420.2077783445266;124.63876637419705;202.02650554024672;,127.92828721616475;124.63876637419067;258.787715902201;
True,0.5,0,4,250,False,False,False,0.5,1460.0387470621586;1039.0219113989308;,64.26353123320072;52.678472517963215;
True,0.5,0,4,250,False,False,False,1.0,134.77369400156172;266.06404859390386;217.54292906834704;490.3369505707883;,132.09611875689367;146.90583890907908;132.60916210154647;319.3547243646024;
True,0.5,0,4,250,False,False,False,0.75,516.0121264593587;172.00734580673299;80.8590730037901;,287.4257842990451;174.8571547272951;76.32519664973205;
True,0.5,0,4,250,False,False,False,0.75,617.5921799141919;104.24005219823921;379.20877034617536;,254.4537170475394;104.24005219823718;379.20877034617536;
True,0.5,0,4,250,False,False,False,0.75,120.74864282705883;253.94161527575338;1092.128412646849;,120.74864282705974;316.15900621871174;98.7065205274683;
True,0.5,0,4,250,False,False,False,1.0,70.77006255163053;278.254372912253;100.65609997973031;130.6173965850578;,128.21946949350607;274.41546671436566;52.333996535679816;130.61739658505056;
True,0.5,0,4,250,False,False,False,0.75,574.9643643860999;107.71016675835035;208.57524506836972;,242.19620534862003;273.0226384741814;208.57524506837171;
True,0.5,0,4,250,False,False,False,0.75,698.6483749303878;113.20262887408352;184.83065334952673;,395.4612081551046;113.09882880602011;184.8306533495298;
True,0.5,0,4,250,False,False,False,0.75,217.55480041858326;727.1556291208867;129.72740038567497;,173.57746796260966;245.98638107535552;129.7274003856742;
True,0.5,0,4,250,False,False,False,0.75,1275.2009267585574;60.1515390675865;179.66437144694962;,144.5890804186494;105.07970874158056;177.95820527001783;
True,0.5,0,4,250,False,False,False,0.75,342.76435326636755;552.93449583328;184.15162523583732;,393.17301809622364;169.29467721382537;184.1516252358324;
True,0.5,0,4,250,False,False,False,0.75,316.1663538532014;148.8186142941933;341.18490608758935;,107.16370121715892;139.87159112549202;233.6606671876395;
True,0.5,0,4,250,False,False,False,0.75,231.50634700542318;159.79527171572852;220.86576842928926;,128.33098853079449;127.289622860729;135.65201105836647;
True,0.5,0,4,250,False,False,False,0.75,170.13852034474206;143.25685012348995;1228.604739177861;,155.88230684315016;143.25685012349163;34.046632237153894;
True,0.5,0,4,250,False,False,False,0.75,397.06492847075583;1429.067473986707;181.43289411139077;,300.34488196959;322.88423244938826;230.27860044314897;
True,0.5,0,4,250,False,False,False,0.75,1151.658072831168;23.075918562331356;196.02667219819807;,342.191587147958;91.21584864120788;190.9942451297976;
True,0.5,0,4,250,False,False,False,1.0,127.7259865940231;370.11364373122103;261.7718081961921;117.73069487057755;,138.0141441226851;201.3481082777251;254.49541780640405;117.49282509910358;
True,0.5,0,4,250,False,False,False,1.0,189.1116192205452;161.7778173942942;209.86976306874922;222.80291891849046;,205.79134632977164;129.46819461869822;209.86976306874922;222.80291891849276;
True,0.5,0,4,250,False,False,False,1.0,79.73725218786208;191.62516610504474;233.38520200280644;38.22042535579016;,79.73725218786274;187.37726841919303;233.38520200280644;47.65411360386106;
True,0.5,0,4,250,False,False,False,0.5,376.8407646677991;111.17303919059576;,134.20795514130302;149.1391288886301;
True,0.5,0,4,250,False,False,False,0.75,170.69394661920734;958.5846844210348;142.91345318563413;,170.69394661920808;20.91545232427097;142.91345318563268;
True,0.5,0,4,250,False,False,False,1.0,153.59628593808952;51.590041500307294;342.1008656479654;76.96293194188283;,146.30962230233345;58.46070344152747;335.66506609619466;76.96293194188658;
True,0.5,0,4,250,False,False,False,0.5,414.9483094248972;144.2021824369563;,43.53429056169224;162.22551049597973;
True,0.5,0,4,250,False,False,False,0.75,2064.591522979982;100.9875721063762;155.9551478760857;,259.51239487228236;15.764804894564323;96.67915944358374;
True,0.5,0,4,250,False,False,False,0.75,1426.5091602262098;125.57580875112946;120.38719678595545;,36.99440569678964;187.7149766326785;95.58342781398993;
True,0.5,0,4,250,False,False,False,0.75,196.8182445720538;427.63593062228813;196.75195196470423;,202.94461645406332;300.78659965725376;190.9184409027836;
True,0.5,0,4,250,False,False,False,1.0,171.45000831851132;227.40146540984136;135.59335679717535;306.06361950290557;,115.17449324613962;334.6609707902481;183.98254570180782;285.84203114855103;
True,0.5,0,4,250,False,False,False,0.75,430.63593733784256;81.38585094865151;47.80082037397886;,36.76405058600681;81.38585094865324;47.80082037397975;
True,0.5,0,4,250,False,False,False,1.0,287.2964668718791;248.06137340485128;215.192300958672;75.67179428274994;,267.0238011433057;224.67681124390887;26.000415660477547;87.89197466066891;
True,0.5,0,4,250,False,False,False,0.75,244.97070816711735;501.9471300270263;145.86508070600362;,214.975129102935;228.5114514268862;151.72876162390963;
True,0.5,0,4,250,False,False,False,0.75,176.80960614368058;189.8610477766038;412.0052502419701;,327.8633892354568;189.86104777660051;388.149685925713;
True,0.5,0,4,250,False,False,False,1.0,126.59832407098361;62.91046323191862;399.6983037439472;427.00871019137975;,99.05077832854995;62.91046323191644;399.6983037439436;438.9420304421691;
True,0.5,0,4,250,False,False,False,1.0,34.109897280756165;379.45544562840075;161.57188544726517;266.57596727484224;,34.74048420388769;250.1069292247917;191.57359220770007;265.8184152777908;
True,0.5,0,4,250,False,False,False,0.75,77.79376476304651;1156.2326689288589;115.3645449179708;,76.80661409560486;199.72291524706128;115.3645449179708;
True,0.5,0,4,250,False,False,False,1.0,104.1604467174194;122.69852730517798;85.2218385968737;195.4805883894025;,125.68294825450789;163.00374229441314;124.77166764807353;195.48058838940935;
True,0.5,0,4,250,False,False,False,0.5,645.2016506206347;2306.0521020876413;,102.77067745467474;93.09220611102441;
True,0.5,0,4,250,False,False,False,1.0,151.2358244054111;203.41913513190195;32.674020946325214;112.98872424928776;,195.39450459211588;193.49875467205254;119.39120736079899;112.9887242492889;
True,0.5,0,4,250,False,False,False,0.75,712.553406554772;229.51729328950572;356.70834198615785;,268.41135581558825;91.72558153993732;277.5785457645441;
True,0.5,0,4,250,False,False,False,1.0,147.33860423289238;175.46396809025833;113.7526506749482;211.8877095635216;,96.60196531053572;156.75752787348296;162.61550590289002;238.6554011004453;
True,0.5,0,4,250,False,False,False,0.75,967.3788591011623;427.22574881217605;17.387544147558117;,132.8071591367685;397.1174468759216;151.68890901828888;
True,0.5,0,4,250,False,False,False,0.5,434.51717764572555;255.44396972497933;,145.8953819682195;52.66616843267437;
True,0.5,0,4,250,False,False,False,0.75,195.5173630546691;1320.1578781637077;46.11977263920732;,195.5173630546628;97.42984319434105;46.11977263920777;
True,0.5,0,4,250,False,False,False,1.0,372.6776343193491;99.21347650713433;172.74305575506105;205.13905843318508;,370.73163466347876;28.705454130423465;172.743055755057;181.25893860145442;
True,0.5,0,4,250,False,False,False,1.0,273.1134942873545;112.70050708771528;195.18919619836126;116.28068953642568;,306.2913126330889;50.69929464112971;97.4131071763633;92.66946006237266;
True,0.5,0,4,250,False,False,False,0.75,1287.0003195663296;425.8097088232612;57.90395122207855;,130.05817034652097;426.7311388375419;57.903951222079804;
True,0.5,0,4,250,False,False,False,0.75,676.9324745279931;650.2064363239808;166.75236777886892;,252.40728732787602;198.73834237506844;145.2653892220574;
True,0.5,0,4,250,False,False,False,0.75,1033.966785359309;14.745871249907498;277.8970859261444;,174.9059394452442;29.380539763778593;282.396067762535;
True,0.5,0,4,250,False,False,False,0.5,1298.5208544896893;879.7757679278354;,145.23915615556763;60.13917475801514;
True,0.5,0,4,250,False,False,False,0.5,500.5592833108636;1429.1924765320964;,285.16826001207323;124.03024234995529;
True,0.5,0,4,250,False,False,False,0.75,357.6700410251728;740.6294950841173;171.15744929659317;,298.1462202731295;275.24903890543277;172.94142989886427;
True,0.5,0,4,250,False,False,False,1.0,112.90592916004637;218.91217267820127;109.39049378497643;112.70074363797269;,112.90592916004645;72.66117731611848;107.09681719670563;176.51521730070883;
True,0.5,0,4,250,False,False,False,0.75,1101.5951000891475;596.0801021215286;224.39540625065476;,248.1521901524841;236.56989193271025;201.47634505831638;
True,0.5,0,4,250,False,False,False,1.0,128.88275034695874;286.9592457142564;167.884906530283;228.28389223710053;,128.88275034696215;326.34588416856957;307.8177893291694;140.04405173310383;
True,0.5,0,4,250,False,False,False,0.75,258.629259506757;107.50271995869453;310.86443254030644;,246.0771244180597;107.5027199586875;304.8341329091985;
True,0.5,0,4,250,False,False,False,1.0,324.6992620605455;72.84781428019217;369.7471009443037;258.0170010729864;,324.6992620605472;13.461685905003021;384.76149328680305;89.66945272737014;
True,0.5,0,4,250,False,False,False,0.75,708.8991327837387;421.01695211237734;236.61269638386872;,220.46973370893807;93.92346610590377;194.44290380439506;
True,0.5,0,4,250,False,False,False,1.0,38.71799247457734;141.6720981609882;90.39454754750138;373.89614335511567;,38.717992474576384;139.1893902497759;63.96380864998469;337.7343410667843;
True,0.5,0,4,250,False,False,False,1.0,145.69959827949845;132.04850221553926;218.94517405974432;220.84738475727212;,145.6995982794988;82.43011729609796;216.3774212633343;197.37010487107423;
True,0.5,0,4,250,False,False,False,0.75,1038.151332939226;219.65621808574144;191.8052756096621;,27.2215098597966;36.8390736964727;138.26464256089966;
True,0.5,0,4,250,False,False,False,0.75,240.39374891198608;167.1319433019318;1074.2789151241539;,217.12864712649318;99.45694614693402;74.20381452468666;
True,0.5,0,4,250,False,False,False,0.75,1094.4378750013134;364.5130350002787;67.91908706393934;,73.41823798158129;335.21402758633906;62.196133788737285;
True,0.5,0,4,250,False,False,False,1.0,133.0822902785293;265.8438119235235;115.07685155593107;57.6196216447051;,135.5728523921423;214.03734310842648;46.15746952890154;81.28864097503372;
True,0.5,0,4,250,False,False,False,0.75,683.850993795941;335.68812940537845;316.442024320763;,172.20698740365845;209.0768073206346;168.28535934364456;
True,0.5,0,4,250,False,False,False,0.75,319.42024896074923;1345.3694732748131;131.27712687550743;,319.42024896074577;197.84250234463903;131.27712687549948;
True,0.5,0,4,250,False,False,False,1.0,238.22557890041264;89.52908863830329;241.17164720164243;166.6578318171094;,91.26599797394545;119.95819344483795;158.46718065759612;166.6578318171094;
True,0.5,0,4,250,False,False,False,1.0,40.85827306565644;351.42485258912797;12.833946490731096;34.23005753039413;,40.85827306565652;273.6253966618016;73.23971765950387;92.9870186740778;
True,0.5,0,4,250,False,False,False,0.5,346.50067943180903;2987.454338231339;,112.88572515738097;397.11557496565814;
True,0.5,0,4,250,False,False,False,0.75,1424.016531380291;177.05017533544708;262.0494720176032;,260.8519068080575;219.469139023679;262.04947201760655;
True,0.5,0,4,250,False,False,False,1.0,78.19247440567179;118.43744418852192;180.63657976557548;60.23153307947914;,78.19247440567096;126.68727403219764;105.50362287371213;60.23153307947882;
True,0.5,0,4,250,False,False,False,0.75,1250.096568943118;228.89539223554078;162.65964086998153;,159.00006536055284;227.05458369410476;154.13429992973232;
True,0.5,0,4,250,False,False,False,0.75,73.8383580600537;977.1555978319559;211.60318674282703;,63.61246158168063;108.68986893317967;155.92108691848597;
True,0.5,0,4,250,False,False,False,0.75,510.41556388878485;155.43147076840447;189.7279507007018;,113.5063590799485;198.52966769221297;189.7279507007018;
True,0.5,0,4,250,False,False,False,0.75,77.33980775395894;266.78551026555147;108.5656283296689;,77.33980775395791;266.78551026554953;64.89277154849755;
True,0.5,0,4,250,False,False,False,1.0,219.87093969677085;338.5264058318492;72.43423199981514;403.2958438807166;,271.0058659934498;339.8929753836431;76.10211062163377;375.53004448110903;
True,0.5,0,4,250,False,False,False,1.0,113.84695693392537;157.07034049488612;181.59681927480787;131.64853154587277;,147.16087334594906;157.0703404948794;226.7559271421828;131.6485315458702;
True,0.5,0,4,250,False,False,False,0.75,407.0805224318406;276.2389891334122;1193.3799718141215;,407.08052243183323;276.2389891334152;76.1317588182105;
True,0.5,0,4,250,False,False,False,1.0,135.87295500265026;107.12619282567576;160.7115820994292;182.58807875059978;,139.02115009723616;107.12619282568056;90.09206002918859;60.22004936682804;
True,0.5,0,4,250,False,False,False,0.75,167.23325752313406;1375.469816134103;104.47349594094825;,179.49617197929754;109.56003575222509;104.34626090003665;
True,0.5,0,4,250,False,False,False,0.75,214.18210972642004;986.2271675933445;296.89105188072017;,203.13606352681393;103.36836514924866;296.8910518807204;
True,0.5,0,4,250,False,False,False,1.0,61.98695932315404;181.9445706106939;255.67061660954758;427.5030914233878;,57.57730012576497;175.51741363380364;267.78087918671025;407.4807473299396;
True,0.5,0,4,250,False,False,False,0.75,287.5478919262042;38.07688731618146;351.2307875682308;,357.7692074011219;244.5752239337304;351.23078756823173;
True,0.5,0,4,250,False,False,False,1.0,159.72552828950376;232.27435068178536;185.17434688980083;66.18550399974096;,159.72552828950376;232.27435068178934;183.70997927730167;66.18550399973923;
True,0.5,0,4,250,False,False,False,0.75,962.4894298525332;187.7810416102293;228.7615685486707;,15.240665354512746;203.0108761436607;229.99097720682502;
True,0.5,0,4,250,False,False,False,0.75,1091.7683602239597;193.63214649959585;194.29155276496692;,314.7618426576225;188.37380279811507;121.19849807837575;
True,0.5,0,4,250,False,False,False,0.75,969.0638118633562;101.03010108509686;293.5436854849127;,101.50698593990265;101.0301010850966;256.3650265642357;
True,0.5,0,4,250,False,False,False,1.0,34.10085638039396;155.97048722602074;203.35131438785788;96.79735931086239;,34.10085638039397;73.28510295174331;203.35131438785788;111.89837984599627;
True,0.5,0,4,250,False,False,False,0.5,1189.991825870297;557.9552302562238;,207.68823977541425;44.83995026077568;
True,0.5,0,4,250,False,False,False,0.75,170.54071440187886;1128.3373519973607;134.1032970914781;,191.7228270945565;71.43961181498317;136.73054722644324;
True,0.5,0,4,250,False,False,False,0.75,896.5858526532694;148.9745580922115;201.87515144440076;,28.559256717185793;198.56965439205095;152.5649343082904;
True,0.5,0,4,250,False,False,False,0.75,1340.925546718775;87.54253347439852;168.92347453330785;,141.396427760724;88.91062724946877;209.9651799574936;
True,0.5,0,4,250,False,False,False,0.5,739.7208953079265;658.5061100362357;,363.4356935726984;168.3160350199342;
True,0.5,0,4,250,False,False,False,1.0,196.98232909134566;372.5768479662122;187.9539194707803;253.9908395628355;,196.98232909134475;335.9373961863654;161.02014303346073;196.64009447154172;
True,0.5,0,4,250,False,False,False,1.0,340.56453299417984;80.96585554267565;186.64384545278293;152.37442422728623;,340.56453299417984;80.9658555426763;186.64384545278156;128.3639864532612;
True,0.5,0,4,250,False,False,False,1.0,391.17606715303157;185.25951455493407;209.1243815722219;193.4329197349138;,428.1269855164978;219.01249785742309;151.985805767057;49.512879617483684;
True,0.5,0,4,250,False,False,False,1.0,192.1944267762778;104.02810630475503;228.37132104600062;202.9348963266012;,164.60722871019635;104.02810630475861;228.37132104600013;202.93489632659322;
True,0.5,0,4,250,False,False,False,0.5,1036.407175180193;202.23798335907506;,96.93858571257056;202.23798335907375;
True,0.5,0,4,250,False,False,False,0.75,174.88036319455438;758.7056178685826;293.25811967753316;,169.45407434011284;210.82890029628695;269.626376767385;
True,0.5,0,4,250,False,False,False,1.0,143.22029995827393;114.46646084921392;155.62345916283263;244.02681662473023;,125.8663668904216;114.29041883095837;216.66737390652722;96.25913591195005;
True,0.5,0,4,250,False,False,False,1.0,210.20948104953342;63.84709091208856;142.6167481779244;273.6314277030433;,216.6005757120066;108.19869011518948;138.88848044904597;251.4015091387053;
True,0.5,0,4,250,False,False,False,0.5,1231.1932758662049;632.7097770884217;,140.6147315400262;178.07489973482666;
True,0.5,0,4,250,False,False,False,0.5,799.2414851443044;489.41869288668516;,108.53764234594264;305.55262477932513;
True,0.5,0,4,250,False,False,False,0.75,599.6282557382634;161.84442257011216;149.98838329686984;,468.84586698205345;100.25647281524981;144.7846793793542;
True,0.5,0,4,250,False,False,False,0.75,134.0691413432651;1061.2905918873078;123.49531498082442;,134.06914134325882;337.8744488861483;123.4953149808289;
True,0.5,0,4,250,False,False,False,0.75,195.2737112785082;73.22252453947735;187.66765006716867;,130.02758177665515;83.02499257368589;142.35414175061672;
True,0.5,0,4,250,False,False,False,0.5,899.888621781098;125.58561692637471;,96.40136780133652;125.58561692637471;
True,0.5,0,4,250,False,False,False,1.0,261.590911949921;113.0893088619758;33.28078618077475;232.5076829260189;,328.32901485566384;246.0379729861115;30.559110277775606;272.23169498959265;
True,0.5,0,4,250,False,False,False,1.0,49.30719385332441;308.9426025086704;240.66820139540943;48.16834592101837;,49.30719385332279;308.9426025086779;240.66820139541034;48.16834592101837;
True,0.5,0,4,250,False,False,False,0.5,533.5976198395147;1122.2186092735071;,269.10841982247257;41.612633158222636;
True,0.5,0,4,250,False,False,False,1.0,47.31501896878173;199.50349412660447;189.90154025594632;145.2679538328052;,136.73455710536436;199.50349412660603;266.82748575526864;145.26795383280248;
True,0.5,0,4,250,False,False,False,1.0,210.9731755415917;152.96015064753107;96.28726227798099;25.38719041424957;,210.97317554159125;152.9601506475318;36.478986031866604;25.38719041424957;
True,0.5,0,4,250,False,False,False,1.0,150.41028748409806;332.3814256333839;307.12171992749967;120.29654261294233;,182.84628854447857;257.9461236690873;327.92409786016145;259.03849420206905;
True,0.5,0,4,250,False,False,False,0.75,122.88525033325605;71.81174216638851;231.71797250796868;,185.50336315246088;71.81174216638948;235.52712801772478;
True,0.5,0,4,250,False,False,False,0.75,1136.2447264532582;195.39961244966332;221.60752951656198;,24.229939970297558;283.88206439263485;221.60752951656542;
True,0.5,0,4,250,False,False,False,1.0,254.36483407885726;304.3736335605765;129.3274741207627;90.15376283524876;,289.3918540751916;158.4737797854326;177.0068091285915;90.15376283524535;
True,0.5,0,4,250,False,False,False,0.75,292.08701713379065;198.4698795980373;1187.8499388699186;,225.82649785479651;198.46987959804116;90.37379227059904;
True,0.5,0,4,250,False,False,False,0.75,284.321284382725;211.46333252450296;93.21364340204107;,177.44774137633482;170.50505108426506;93.21364340204788;
True,0.5,0,4,250,False,False,False,0.75,82.13593863843202;1156.3764149639962;225.5402878289357;,68.87408338785225;117.16864346274419;146.30704765823293;
True,0.5,0,4,250,False,False,False,0.75,138.7669975198436;1430.8761870186916;339.6660078464688;,29.577874149588496;43.75554909673925;254.4628521436091;
True,0.5,0,4,250,False,False,False,0.75,424.39748504230045;971.182541636596;129.38493735916185;,317.0803536288749;212.00493922431946;94.52774837623105;
True,0.5,0,4,250,False,False,False,0.75,1372.244070463006;55.77630477642251;96.07183277808497;,75.11891971664885;81.32884578618311;96.07183277808319;
True,0.5,0,4,250,False,False,False,0.75,1089.7751592017269;264.8942214186041;115.93901514391314;,179.97298792441487;280.3647368005296;182.53772378025522;
True,0.5,0,4,250,False,False,False,0.75,313.95720945967275;770.7534677052658;122.35022749903428;,80.58435713636264;74.63475251493746;16.62707951484957;
True,0.5,0,4,250,False,False,False,0.75,193.93997551098062;443.5129331213809;1255.4464699030043;,202.95488200101028;408.7766709886604;120.32906822019255;
True,0.5,0,4,250,False,False,False,0.75,59.70427916261636;370.8955656559978;1491.4380707843527;,47.759649254137386;339.0624620297549;376.6225290771573;
True,0.5,0,4,250,False,False,False,0.5,431.72408485371466;1486.341890879807;,228.29174734249773;235.27848112852186;
True,0.5,0,4,250,False,False,False,0.75,1193.7911537272278;144.56932199649984;94.20570955907084;,101.83276185682742;139.3139657706876;69.15916616449147;
True,0.5,0,4,250,False,False,False,0.75,55.875528632622085;359.459450356715;339.1027130370747;,55.70212007706666;77.21052627197362;302.2412344902408;
True,0.5,0,4,250,False,False,False,0.75,122.68937529498615;390.2206266439618;1344.3078244258902;,239.53258256862347;409.359980300816;188.7210711247182;
True,0.5,0,4,250,False,False,False,0.75,77.18822004309344;371.3371919084758;91.69688962975543;,165.58135352500784;188.6565865408213;320.28013714586587;
True,0.5,0,4,250,False,False,False,1.0,186.43140507542384;46.69564984247679;430.71239236157413;192.26224909126597;,197.28973055420826;33.102740359764134;239.28647853554722;191.86696839180723;
True,0.5,0,4,250,False,False,False,0.25,1043.6165931019193;,157.4181098869982;
True,0.5,0,4,250,False,False,False,1.0,184.30645574838525;234.4405618104449;112.23381608296211;323.61479654922397;,184.3064557483916;243.11793065915518;101.37079996711516;323.61479654922397;
True,0.5,0,4,250,False,False,False,1.0,38.106163559697485;98.49203968858669;187.4336126623953;302.4800254790517;,100.61510720245765;37.67618024090106;184.83393502927106;279.07661243109493;
True,0.5,0,4,250,False,False,False,0.75,290.6513522095711;961.8796517971647;38.478176995463144;,290.65135220956813;103.05751761534123;38.47817699545865;
True,0.5,0,4,250,False,False,False,0.75,1312.8790324674078;171.37088151411842;126.06465559290776;,270.1694076081784;171.3708815141235;126.06465559290776;
True,0.5,0,4,250,False,False,False,1.0,43.59192447108716;235.2142118195138;184.19042190639755;274.4921759750857;,43.591924471084525;235.2142118195146;116.97363368221257;239.94500728930316;
True,0.5,0,4,250,False,False,False,0.5,198.61233115284452;473.21212350841586;,129.6421562755537;20.572626306331752;
True,0.5,0,4,250,False,False,False,0.75,1009.5013160128046;570.2688879477397;82.38427816662227;,88.98056927330406;295.28014390122524;216.72732908648584;
True,0.5,0,4,250,False,False,False,1.0,148.0164643463194;412.8288948231086;356.6333395225061;298.8315920364008;,148.01646434631715;359.42174637903094;244.45564523877897;244.50502653078826;
True,0.5,0,4,250,False,False,False,1.0,67.32543574783004;279.1223516861809;180.8522235865602;403.5482961569981;,99.23756921493877;190.07219198553062;163.06978151232542;339.0464265078699;
True,0.5,0,4,250,False,False,False,0.5,670.09466380896;124.47893972921219;,129.84861266791538;118.00676665652233;
True,0.5,0,4,250,False,False,False,0.75,336.4616053636072;70.79076403301744;134.52383057457175;,307.60070861920843;75.45993572977078;57.81424363734702;
True,0.5,0,4,250,False,False,False,0.75,353.3448609610784;19.882215596238417;279.2555004962439;,266.473257510031;62.75714071858117;181.41415104049418;
True,0.5,0,4,250,False,False,False,0.75,182.97344375095327;301.0798608639826;800.9927432182701;,182.97344375095105;257.41124521203795;181.0739800374259;
True,0.5,0,4,250,False,False,False,0.5,944.2356509080652;339.19672242204206;,89.2930867800215;339.19672242204666;
True,0.5,0,4,250,False,False,False,1.0,218.646865342266;249.06789027142338;232.06299753592813;143.58704591886777;,400.28611194190097;254.81499906596;277.80703099123883;149.086215442461;
True,0.5,0,4,250,False,False,False,0.5,460.0471239670296;632.8867493721613;,334.86948453523115;210.22479982649548;
True,0.5,0,4,250,False,False,False,0.75,1117.5325711234332;97.23912262653734;281.5752764745277;,95.71507600390383;45.799143967031895;218.7375881096067;
True,0.5,0,4,250,False,False,False,0.75,54.69340841745559;231.18612875387095;92.17590430603211;,74.23770820604383;257.97251999092293;57.91966652892446;
True,0.5,0,4,250,False,False,False,1.0,127.08106164003179;153.25141609713955;132.5663928742576;89.86097503327808;,127.08106164003361;96.77453955971696;154.0922083844485;217.91401751137732;
True,0.5,0,4,250,False,False,False,0.5,1328.8002583392604;741.3811608011963;,142.47951093075915;231.36301255190844;
True,0.5,0,4,250,False,False,False,0.5,1031.8165746661427;186.14509569093642;,100.2356402888734;149.29560560687207;
True,0.5,0,4,250,False,False,False,0.75,137.56941501452047;691.9913031271217;107.88994357183395;,137.5694150145187;66.50943231912217;107.88994357183978;
True,0.5,0,4,250,False,False,False,0.75,365.5224811145975;1257.800862412158;73.87674620139462;,365.5224811146007;115.20151198216098;73.87674620139954;
True,0.5,0,4,250,False,False,False,0.75,156.8644960764362;1116.9097225548846;287.14617687462516;,122.78825223455425;176.4487598614842;212.2316447341384;
True,0.5,0,4,250,False,False,False,0.75,1518.5200664567699;130.150843983819;169.36437379434443;,148.02228774540697;130.1508439838191;239.9786565683691;
True,0.5,0,4,250,False,False,False,0.75,478.1987418133998;134.31545226696483;450.755377409123;,88.19124103702204;67.35041052895639;286.9461634905448;
True,0.5,0,4,250,False,False,False,1.0,269.55296041736324;211.73420875226049;24.390415348814763;105.01168164864742;,359.51943537141943;217.03761667540977;177.35770526813826;170.1968820896938;
True,0.5,0,4,250,False,False,False,0.5,506.15826663055844;52.39843403547371;,184.17382212525814;81.0062798050934;
True,0.5,0,4,250,False,False,False,0.75,165.8693988860533;1176.384910288788;62.34493594583849;,165.6489313731937;241.57755715535242;24.059177162211423;
True,0.5,0,4,250,False,False,False,1.0,126.41667522250378;229.917440393021;159.20316070426804;85.19337099876334;,126.41667522250944;388.1073048705151;165.2689003468972;85.19337099876245;
True,0.5,0,4,250,False,False,False,0.75,399.93681533191454;911.7523890747436;59.966995731879194;,296.02273038851024;249.76735709821457;215.07202165960942;
True,0.5,0,4,250,False,False,False,0.75,792.1778409089452;237.97047429281355;78.64478012443558;,113.37029256039996;328.646908383883;71.30648364418239;
True,0.5,0,4,250,False,False,False,0.75,1368.9174964505848;99.23938932496303;142.32150830284883;,117.44077485816555;103.17429499975951;87.86586428068964;
True,0.5,0,4,250,False,False,False,1.0,326.52172109707044;77.05159456500363;74.8535116824113;138.778406785863;,163.87902357772307;52.986504009044346;77.57689362654149;138.77840678586958;
True,0.5,0,4,250,False,False,False,1.0,92.56275118858184;62.44717305819815;138.0866103664178;308.2397308389147;,92.56275118858184;62.44717305820294;99.85822260939203;308.2397308389159;
True,0.5,0,4,250,False,False,False,0.75,207.88864466228247;1048.9953642428188;12.991150767395728;,207.88864466228435;119.70174238469379;12.991150767394364;
True,0.5,0,4,250,False,False,False,1.0,127.18518529816735;291.2263452642418;144.85182883892364;352.7292327967118;,127.18518529816733;291.2263452642581;149.6130488872151;352.72923279670897;
True,0.5,0,4,250,False,False,False,0.75,1004.6267486157806;95.70927886847872;292.8645261520092;,93.28699269976677;74.78693293749951;292.86452615201046;
True,0.5,0,4,250,False,False,False,0.75,828.4230301326735;105.21035619819013;20.165304974767874;,157.4871697300089;100.69252161249005;20.165304974765053;
True,0.5,0,4,250,False,False,False,0.75,193.1354769739405;327.54446212401194;120.67295001240568;,251.57925390249804;328.48939805270606;82.40675778397166;
True,0.5,0,4,250,False,False,False,0.5,447.1261797122514;219.84089982052714;,216.97829066107664;333.34417986409125;
True,0.5,0,4,250,False,False,False,0.75,1070.3839828975147;99.20567524136622;99.31965905622458;,137.17981858205403;84.37880637913365;99.31965905622113;
True,0.5,0,4,250,False,False,False,1.0,211.63085782381683;37.297952988978174;288.8140114455357;299.00448503038723;,166.09844577491066;51.83378352370603;254.78638299142978;128.43754540820473;
True,0.5,0,4,250,False,False,False,1.0,71.9360000691857;245.12983900515945;99.98001203234453;270.1097388835123;,74.72744285270261;238.3806381814391;122.0722393458274;255.82512613634444;
True,0.5,0,4,250,False,False,False,1.0,342.846391878029;294.12779541661524;275.8474142567223;59.44457269094398;,335.04611803816005;365.5561277174208;275.8474142567247;59.44457269094973;
True,0.5,0,4,250,False,False,False,0.75,132.31148819916774;550.6201046182022;46.93808429134668;,121.34670111369232;14.225366111266192;17.01457769747748;
True,0.5,0,4,250,False,False,False,0.5,477.3268328882952;59.53132790142381;,302.76676435680497;58.35940484096609;
True,0.5,0,4,250,False,False,False,1.0,114.13709860356427;116.40157960923621;267.1729031937735;372.2096839185702;,132.26315068228558;116.40157960924438;153.90321044151295;372.20968391856536;
True,0.5,0,4,250,False,False,False,1.0,135.51349617354808;258.7236467420035;586.8058438890779;238.1166636275686;,176.44352525532517;53.67852916578955;535.3359583676051;202.86698186562094;
True,0.5,0,4,250,False,False,False,0.5,898.3622124989857;686.348475663265;,74.69622721887504;117.97479498442631;
True,0.5,0,4,250,False,False,False,0.75,694.9589329043038;360.1945154660132;206.40272939559875;,317.1027730419155;108.99261095389168;206.4027293955906;
True,0.5,0,4,250,False,False,False,0.75,120.91175242962834;1585.8962240465125;308.3675255584101;,129.09420337549048;77.86152889869663;253.02413408259366;
True,0.5,0,4,250,False,False,False,1.0,224.9939249955142;182.99426848994642;194.28385536638564;189.30788711555198;,202.7370300323884;165.9395572703302;207.05347849837358;193.89401744254505;
True,0.5,0,4,250,False,False,False,0.75,723.4932171157602;76.22268810018751;205.1983436796621;,41.671333868562265;109.06714907540226;205.1983436796621;
True,0.5,0,4,250,False,False,False,0.75,545.6335461058643;194.8640505995241;360.67261693159446;,238.16990588808844;266.11149145689785;406.5805606950842;
True,0.5,0,4,250,False,False,False,0.75,230.6573036087588;1241.9121073238362;57.80428343035466;,230.65730360876137;323.4715873137648;56.20590757429377;
True,0.5,0,4,250,False,False,False,0.75,23.673203414767467;537.2531607155773;117.35290640566863;,23.67320341475536;170.11897440552093;117.35290640566765;
True,0.5,0,4,250,False,False,False,0.75,163.74707766701903;149.0060355309446;862.1634253026418;,166.94029058055943;191.79450464421737;253.4984465347028;
True,0.5,0,4,250,False,False,False,1.0,292.07211273658277;129.71306923711992;77.66319026510574;174.2827045751082;,266.9671599851661;163.79726401188512;131.25022567154545;105.83937782140299;
True,0.5,0,4,250,False,False,False,0.5,1023.076842098006;259.78122421070634;,39.50260867967582;261.15801677965453;
True,0.5,0,4,250,False,False,False,0.75,1269.2575284264303;134.52935015018372;72.56933864491907;,69.87649409790788;134.52935015018372;135.32493384935043;
True,0.5,0,4,250,False,False,False,0.75,1133.655967328979;195.47369576545202;14.3145861448719;,102.56839061579096;167.2006368806381;9.27592273937188;
True,0.5,0,4,250,False,False,False,0.75,412.8471234809265;1113.764978852198;220.60544976862155;,555.5322969122853;163.38446961562397;242.71506808228463;
True,0.5,0,4,250,False,False,False,1.0,75.63218521900593;112.82298965140203;201.5510331893809;329.699346930051;,71.0286046971084;291.54631434654203;182.0151250554068;149.8843797150919;
True,0.5,0,4,250,False,False,False,0.75,849.8055822864451;171.77431852186498;158.9790587762657;,18.900108306979334;266.5074488267937;181.81312428961823;
True,0.5,0,4,250,False,False,False,1.0,156.3531228802052;218.18558343858317;87.77623861814266;334.84043439016074;,156.35312288019978;218.18558343858732;245.72526497988943;177.99462132137634;
True,0.5,0,4,250,False,False,False,1.0,393.9583857460621;196.71204508208797;162.59882717022157;151.24103555416303;,319.8354125763507;202.2599761732867;162.5988271702221;59.3861687165676;
True,0.5,0,4,250,False,False,False,1.0,137.57100566109176;245.30192430970996;141.1025387966917;189.3591350647054;,80.18158436266361;323.31734257990576;168.9700013365812;255.4876683215566;
True,0.5,0,4,250,False,False,False,0.5,1126.3448982768307;1062.5118023276675;,182.55673213876696;207.68372193750798;
True,0.5,0,4,250,False,False,False,0.75,1031.6338389315938;253.53009002151242;174.56389260114648;,286.53112738801843;269.5793916172644;262.3855902085176;
True,0.5,0,4,250,False,False,False,0.75,318.71532236700784;110.27770614645851;237.62697520873957;,297.79911081170667;110.2777061464504;228.1032498714604;
True,0.5,0,4,250,False,False,False,1.0,105.26315443360635;156.27564682126197;301.88159696122466;277.0817230547395;,402.76261317563797;286.92994533680525;301.881596961223;206.02066998053024;
True,0.5,0,4,250,False,False,False,0.75,91.05433061121391;301.9328668721986;985.7477915563874;,89.9646879312154;214.17621820488776;220.1124153124243;
True,0.5,0,4,250,False,False,False,0.5,343.00480613242246;385.58405171698064;,75.44570576786116;277.39190044822453;
True,0.5,0,4,250,False,False,False,0.75,360.8993987758343;1493.2237039538038;289.4336054502874;,361.79850458449283;26.499558899080426;234.1493184204084;
True,0.5,0,4,250,False,False,False,0.75,549.5468460231258;110.30655203730484;256.97717219930263;,80.5325941495066;110.30655203730375;256.9771721992949;
True,0.5,0,4,250,False,False,False,1.0,255.859717927752;173.32956230696243;205.23541948333374;135.54075809561638;,98.72326989980135;142.63007774723386;143.59445004293644;158.23932581708007;
True,0.5,0,4,250,False,False,False,1.0,131.19505637655988;254.03306159220458;61.300598527336334;79.11284159498004;,104.78682639833384;260.5709327122406;114.13020096664974;70.9878137481125;
True,0.5,0,4,250,False,False,False,0.75,209.6124051280598;1485.0026352993598;53.30838401836376;,108.81135879799363;67.90957873424715;94.26162922196961;
True,0.5,0,4,250,False,False,False,0.75,325.80185086435995;87.87577988092241;107.53134430161411;,81.46251111935736;62.702451196083935;107.53134430160665;
True,0.5,0,4,250,False,False,False,0.75,1139.448586868652;103.44431756857328;223.4667081887052;,189.87077471934916;166.9117770101763;304.9733343702981;
True,0.5,0,4,250,False,False,False,1.0,212.04353917979574;231.93920726277818;245.79634600830258;219.05875584479688;,206.59993327290528;206.0372984209777;213.36045164035716;278.97834058912446;
True,0.5,0,4,250,False,False,False,1.0,123.07747192386154;342.3548989076823;285.21461431317505;344.90435221727955;,125.62084052788826;342.3548989076833;261.6968088697632;85.98035072055892;
True,0.5,0,4,250,False,False,False,0.75,466.29816105341587;40.20300393452717;86.65355782446012;,250.81477487285954;44.60244496261368;61.69936519615197;
True,0.5,0,4,250,False,False,False,1.0,128.75932096586;290.06998515093966;217.64376146113202;184.78432054532044;,128.75932096586163;248.9558609895564;139.94598377472914;123.55389331047142;
True,0.5,0,4,250,False,False,False,1.0,356.82729749176696;232.49040563330794;29.484319598802333;239.37607545594588;,369.87406708817036;170.92452197344252;119.86668330673506;108.54720164484526;
True,0.5,0,4,250,False,False,False,0.75,362.4158056531366;98.68123475514298;170.10770234015166;,108.76867258921709;85.32669406936981;237.46219144246396;
True,0.5,0,4,250,False,False,False,0.75,1139.164585128981;130.91415004591767;285.50142520944047;,268.78296598367655;163.98959162608182;61.78527233541433;
True,0.5,0,4,250,False,False,False,0.75,1166.1482423266182;191.20306168353358;104.88281704104234;,28.308568666322827;118.17378564662697;104.88281704103899;
True,0.5,0,4,250,False,False,False,0.5,384.33406459659193;687.3848395628853;,348.2119954018712;247.02226287995694;
True,0.5,0,4,250,False,False,False,0.5,389.9803093856528;34.860827085734186;,95.65518988255009;34.86082708572182;
True,0.5,0,4,250,False,False,False,0.75,75.00693184596032;1217.2995158769443;153.4812534466867;,75.00693184596149;56.90655896009059;144.76227456305307;
True,0.5,0,4,250,False,False,False,0.75,40.873056767917895;99.63335155174612;690.188337652293;,40.92055804187142;98.1640034366938;207.0313576553647;
True,0.5,0,4,250,False,False,False,0.5,596.4856212928911;188.52713215631883;,167.6797373474205;48.48986316881538;
True,0.5,0,4,250,False,False,False,0.75,1143.8509222267262;242.9115493705173;49.44322843202034;,155.0555540108756;72.47285707143831;49.94382552574424;
True,0.5,0,4,250,False,False,False,0.75,30.2402265410426;142.71336117614467;1159.1708171582547;,34.59959418267083;142.81497265575427;280.4158835466712;
True,0.5,0,4,250,False,False,False,0.5,1522.6777954626211;385.8245324551787;,67.90965550159876;285.1270508274011;
True,0.5,0,4,250,False,False,False,0.75,245.8094981610489;1287.2132281639188;187.3252578054477;,111.1740528673872;126.58236722863569;127.16606038520911;
True,0.5,0,4,250,False,False,False,0.75,358.84555787541785;1679.9003980591854;113.93192746404691;,352.38101678427535;203.92846379638917;215.50586496000412;
True,0.5,0,4,250,False,False,False,1.0,282.3855005977895;256.80081720466615;307.524631772306;124.13522730779954;,260.9824395600503;221.97607873269206;280.9699692384908;143.47976001817827;
True,0.5,0,4,250,False,False,False,0.75,329.3251060369473;57.03979883647225;127.55130166853614;,221.6440873986812;76.52501875580651;131.39636959734824;
True,0.5,0,4,250,False,False,False,0.75,254.39669593178616;269.6054882359146;217.17833998586926;,266.23385091018076;150.39067887329713;217.1783399858659;
True,0.5,0,4,250,False,False,False,0.5,100.1114607003543;1072.0087333763408;,154.66443453452038;82.83615644361174;
True,0.5,0,4,250,False,False,False,0.75,196.19864806772188;70.45423302625802;145.59133218648273;,314.510866606936;206.46004051019878;145.59133218647665;
True,0.5,0,4,250,False,False,False,0.75,1075.4929706323549;455.95377629319546;115.39734931839037;,162.93305012056373;350.51529381716284;76.11319211700095;
True,0.5,0,4,250,False,False,False,0.75,1081.7283841297917;94.92449409032467;70.49600597829745;,173.99976466258062;41.97880234985523;70.49600597829803;
True,0.5,0,4,250,False,False,False,1.0,99.23408064295695;161.5971893694138;170.24428880218457;80.39251678465462;,231.94906771945554;71.13981910712637;318.04237524606225;80.39251678465462;
True,0.5,0,4,250,False,False,False,0.75,62.81962712249668;564.6517853122501;126.38103824757596;,240.87958758151996;491.2119489461451;117.75393238491661;
True,0.5,0,4,250,False,False,False,1.0,337.7041667348084;135.12475987303182;237.64463383798045;129.70647218249312;,337.9962594776608;132.71652388050097;237.64463383797676;129.70647218249485;
True,0.5,0,4,250,False,False,False,0.75,268.99730200488875;105.46199968456847;351.60940011745936;,70.73466386976266;185.98679444971418;351.60940011745697;
True,0.5,0,4,250,False,False,False,1.0,379.8422460351064;113.34408557947148;258.3666005945744;171.9137081637475;,200.3256863461663;113.3440855794824;258.36660059457;171.9137081637475;
True,0.5,0,4,250,False,False,False,0.5,648.9944059181365;143.24601693316444;,270.14841118671694;143.246016933166;
True,0.5,0,4,250,False,False,False,1.0,93.51182735969785;47.24132999612482;272.9797837148594;152.98321911897307;,70.95448054109775;70.9877617676612;272.9797837148594;190.60620285052485;
True,0.5,0,4,250,False,False,False,1.0,218.06723284003328;44.05372281749838;548.993886570807;155.8597393778713;,231.40642532595328;53.8054581718262;554.7673781671925;154.06453669816995;
True,0.5,0,4,250,False,False,False,0.75,1157.7960166830792;279.4298021296832;298.6035492502991;,270.6088794422277;201.07268184613534;250.40371897385378;
True,0.5,0,4,250,False,False,False,0.75,724.0513346174329;358.1926208140292;149.71665157372288;,32.15254767371751;355.7764219828209;57.341140183497956;
True,0.5,0,4,250,False,False,False,0.5,1446.1102272989278;1121.636776174446;,119.03296512693808;146.88770998856356;
True,0.5,0,4,250,False,False,False,0.75,588.1638966079806;272.9656290282255;136.8496453668627;,151.95114027452965;253.15404916567266;120.90537657336945;
True,0.5,0,4,250,False,False,False,1.0,230.18765654321598;117.85197848204554;175.9067402825167;314.6830231298652;,322.4459385815485;117.8519784820525;272.4132102178005;314.68302312986606;
True,0.5,0,4,250,False,False,False,1.0,217.6512598022503;258.11033850693;187.13139982893318;37.12440858286325;,217.65125980224877;258.110338506932;187.13139982893318;108.55241055809962;
True,0.5,0,4,250,False,False,False,0.75,171.3026992172747;40.05332265862547;1062.3388441427726;,146.15848800888645;36.650603237249626;98.06676368063027;
True,0.5,0,4,250,False,False,False,0.75,105.28165965058322;524.4634326201042;203.94384911516417;,127.56346164583681;104.94921835819645;259.8779692079916;
True,0.5,0,4,250,False,False,False,1.0,305.53902056490546;165.77821004269282;259.46836698356867;155.4555234981562;,360.5242016339914;166.14606438600165;259.58698272716214;91.0446805795087;
True,0.5,0,4,250,False,False,False,1.0,112.03909661197304;239.83459951346802;56.19801687216537;169.55538067816207;,112.0390966119639;139.78843449874736;84.11267818267679;108.83694010247864;
True,0.5,0,4,250,False,False,False,0.5,471.36764224864135;95.75464830439044;,112.188471087894;113.855969889714;
True,0.5,0,4,250,False,False,False,1.0,228.00022505055148;149.94930425644878;181.42603951044308;175.08818868534547;,194.9122317763315;149.94930425644742;142.27183810356524;175.08818868534507;
True,0.5,0,4,250,False,False,False,0.75,880.2857373878019;78.21036637434544;93.82352338893087;,187.5038369389971;125.9514276165338;112.06488000959745;
True,0.5,0,4,250,False,False,False,1.0,128.46603199709998;69.73419102053305;323.9646951807159;75.6502628691935;,45.6763616612288;82.92201140915826;323.9646951807121;141.55556551531524;
True,0.5,0,4,250,False,False,False,0.75,25.38591014457369;806.7333892220965;149.71431413476938;,26.392947062515955;105.78871742581845;154.73540585797736;
True,0.5,0,4,250,False,False,False,0.5,374.9219023942251;110.01163901765064;,97.09739127996461;168.17079933962515;
True,0.5,0,5,250,False,False,False,0.8,684.0888073938956;41.42804500707737;129.14982908586768;124.67869440221973;,35.83972507814731;67.28712071197127;120.76564792452473;138.7473805033325;
True,0.5,0,5,250,False,False,False,1.0,136.9626775581354;317.52365888360924;294.3593508095557;92.60094001574059;410.41121646108104;,160.58703279218153;318.86607543478937;189.91501394363442;92.6009400157321;398.79027812996657;
True,0.5,0,5,250,False,False,False,0.4,738.7755451639736;691.5335282795501;,66.4993006950992;148.43408710138587;
True,0.5,0,5,250,False,False,False,0.8,332.8696619113154;239.64294072762894;132.00501672683916;174.54332967799053;,184.93235431724042;233.36201425340144;161.78466499066556;170.36235576615883;
True,0.5,0,5,250,False,False,False,0.8,200.16634629398615;635.986425637655;74.6883003809967;69.26852088216435;,95.7905257586877;190.96746297803602;74.6883003809929;206.12480011660264;
True,0.5,0,5,250,False,False,False,0.6,1246.00597488493;277.62089954934396;325.7749534015643;,61.63280368638136;179.42351660278348;277.5585341061119;
True,0.5,0,5,250,False,False,False,0.6,319.98858187567174;260.97053503047226;272.39050081449784;,263.05096069003304;274.231322313944;187.36398784702408;
True,0.5,0,5,250,False,False,False,0.6,940.8429840023409;254.5650773536851;297.6203983264417;,47.406953009501116;376.9482144738372;258.43803739579613;
True,0.5,0,5,250,False,False,False,0.8,175.18483292444375;123.6296407766186;168.25309501115777;82.36975890196365;,125.07114755346848;120.28380259358113;168.25309501116152;59.793371487277376;
True,0.5,0,5,250,False,False,False,1.0,221.96386864847483;178.24069805691843;400.6916624510634;58.18441069497394;74.2718784066791;,95.22492739157354;224.5756498291588;402.0502016427917;27.643975945621918;45.86550172066527;
True,0.5,0,5,250,False,False,False,1.0,102.15509307350968;256.7494535774322;200.79951691173451;269.0018266292463;170.40226584682472;,102.1550930735095;256.7494535774442;162.69787467704063;79.79466121193492;190.59899724673164;
True,0.5,0,5,250,False,False,False,0.4,1290.9550190638583;377.35251773460715;,47.25901825750047;420.1169860331103;
True,0.5,0,5,250,False,False,False,0.4,962.3853815558731;397.6334242441099;,242.47475204249972;134.92171748099418;
True,0.5,0,5,250,False,False,False,0.8,95.59934413428756;149.94109276187797;240.7355077405799;1000.8783242384571;,90.36106230606633;146.75001610248003;240.73550774058515;160.22201811886134;
True,0.5,0,5,250,False,False,False,0.6,141.63295884112745;1419.128614711012;105.95479545528877;,269.7485278874495;131.12345099489858;323.24770819087007;
True,0.5,0,5,250,False,False,False,0.6,1161.4660321056842;291.1870748946495;328.4170004629511;,208.01277133512235;246.02714577398774;264.7790297514368;
True,0.5,0,5,250,False,False,False,1.0,83.91976605047255;218.43905582145135;98.58812645035506;272.9738608010993;56.59085956115986;,89.3225591649443;156.42304026102383;106.759021536631;151.9732945232539;103.7166851211562;
True,0.5,0,5,250,False,False,False,0.4,971.525797844124;751.2067700678181;,125.35107027531228;263.68371362611657;
True,0.5,0,5,250,False,False,False,0.8,44.38477265602343;180.63769733159722;256.4119665741487;236.75630353507609;,80.95412625682617;174.7741006164994;250.11125518434525;178.92118351765993;
True,0.5,0,5,250,False,False,False,0.6,901.4382688732136;67.34717447747684;276.31636249505976;,197.2035673264643;67.34717447747909;145.228048373837;
True,0.5,0,5,250,False,False,False,0.4,204.88240841505015;597.4136074646494;,166.12656794938107;127.93901188445228;
True,0.5,0,5,250,False,False,False,0.8,242.68689508386277;545.8169273461225;120.14505169032462;50.01234196463782;,81.79370658698971;11.190820211467127;39.26920335928182;77.85053026751267;
True,0.5,0,5,250,False,False,False,0.4,879.4364646663365;805.6464532496616;,197.00823254094786;126.70325940647774;
True,0.5,0,5,250,False,False,False,0.8,40.57615464502128;358.9502178807592;599.3323139612376;165.6486346438202;,40.576154645019216;275.7303982659033;176.64485386901495;246.79388087357373;
True,0.5,0,5,250,False,False,False,0.8,974.7291606223023;50.99409126557271;225.54325965086323;142.2288597974324;,85.58282359545657;101.15249377789858;321.73642421858005;142.9328458320966;
True,0.5,0,5,250,False,False,False,0.8,904.9881590449567;116.94700387006387;78.94577132332488;288.2189112205254;,348.74949760693755;119.83423339399533;166.7604245732616;159.7162342244525;
True,0.5,0,5,250,False,False,False,1.0,215.91413499192504;278.10596811530024;418.8296121361032;135.22210625182055;91.1704989498511;,214.33559103565318;220.20846586181366;246.87920336123068;135.22210625181765;73.00759497681764;
True,0.5,0,5,250,False,False,False,0.6,1576.5103429567441;318.4236233728949;92.00997356369302;,97.31239123019326;184.4127396396715;278.6441562256757;
True,0.5,0,5,250,False,False,False,0.6,115.06779007444281;780.9394779952707;241.82237122635496;,109.83772868667026;147.47808565066325;116.57488228055232;
True,0.5,0,5,250,False,False,False,0.8,1156.6564407498481;97.51933884641134;200.80652223861364;85.28031158188593;,120.68996401021687;97.22082578002838;200.89524930192178;85.3296960754134;
True,0.5,0,5,250,False,False,False,1.0,162.63308859314535;289.6428631174282;250.3316871370583;109.09610339675059;239.98758932954223;,181.4498425230936;289.6428631174316;151.48631222683548;118.45941971935665;197.45972596819865;
True,0.5,0,5,250,False,False,False,0.4,165.91089821323823;2161.0850802766136;,214.47987399173985;185.33161885115186;
True,0.5,0,5,250,False,False,False,0.6,792.5697443917485;162.16761020659868;136.84185314853366;,141.1160980892692;162.1676102066022;144.2418444886246;
True,0.5,0,5,250,False,False,False,0.6,1112.364448763309;1687.1623915434786;248.09062292391226;,79.83708526573294;300.138262568198;74.82522942137558;
True,0.5,0,5,250,False,False,False,0.4,73.42916035383868;468.19414030230104;,87.20886910827369;254.6245821869687;
True,0.5,0,5,250,False,False,False,0.8,1299.5852574770486;240.3892874337933;558.9529517085948;349.26327072204464;,240.2349586549366;240.3892874337971;558.9529517085963;272.72767327692003;
True,0.5,0,5,250,False,False,False,0.6,342.00810416961696;280.6762579950951;300.69097004276415;,256.34084234533594;280.67625799509705;184.76043323827471;
True,0.5,0,5,250,False,False,False,0.6,1302.4302639465272;354.0270135160273;269.18387909611283;,346.56042548644837;343.6990460811324;38.19965865141571;
True,0.5,0,5,250,False,False,False,0.6,208.4161402170274;455.2198495758464;375.94688193217536;,215.45110538877586;155.0073851525401;392.14523170362537;
True,0.5,0,5,250,False,False,False,0.4,341.99490301584524;43.083835763313715;,225.4603886724609;7.483834637223764;
True,0.5,0,5,250,False,False,False,0.8,236.47333810561068;91.13245907573787;313.3977255798103;1063.245656153091;,237.5990709877896;296.8803364278909;280.39962325625163;225.4257726104427;
True,0.5,0,5,250,False,False,False,1.0,175.7052971847231;377.13657461736796;24.22774528036356;52.570169859795186;233.93470312346813;,176.51673624858262;358.73782617903237;48.93875072957078;52.5701698598001;382.35599374562594;
True,0.5,0,5,250,False,False,False,0.6,799.7875202433955;395.6846180025473;317.27738372668324;,100.98086516225688;145.627743435216;188.72423814337446;
True,0.5,0,5,250,False,False,False,0.8,402.3429922039923;722.7920497325194;81.013141837387;82.83707893953996;,383.2301321891253;385.17997807454674;81.01314183738972;58.07675860658961;
True,0.5,0,5,250,False,False,False,0.4,2722.6005807262404;163.35167509821505;,327.24048507825887;147.89916643717945;
True,0.5,0,5,250,False,False,False,0.4,657.0237030660435;1246.8942499087568;,101.69043309151893;43.98088598533076;
True,0.5,0,5,250,False,False,False,0.6,875.2501707801936;655.4032616770058;46.37441052122933;,242.03470072033343;177.2043422371686;123.40092762526231;
True,0.5,0,5,250,False,False,False,0.4,878.281917658114;227.47126723933727;,115.5432393395096;314.3063985876333;
True,0.5,0,5,250,False,False,False,0.6,1235.1786435045085;1425.7560119668924;116.35325151287074;,326.7119308624966;79.124195796052;116.3532515128774;
True,0.5,0,5,250,False,False,False,0.6,276.75160761527775;1331.3801546498694;148.56491692720098;,276.75160761527906;52.68362865046283;228.05524712973175;
True,0.5,0,5,250,False,False,False,0.6,1415.5147551548325;242.17225770833485;216.81745792845695;,170.85796370797655;112.43594516775464;220.17112756320887;
True,0.5,0,5,250,False,False,False,0.6,1099.0178137544135;2120.9263017103044;465.586762313438;,237.08706595641056;350.54942364777304;191.48924015428705;
True,0.5,0,5,250,False,False,False,0.4,105.73764575802966;783.1404546802198;,156.65759851525078;107.09300923697826;
True,0.5,0,5,250,False,False,False,0.6,367.8770724330342;1199.4134114544781;98.45258062165807;,340.3346242948485;189.3620618039826;182.54584719828384;
True,0.5,0,5,250,False,False,False,0.4,255.33618164700772;1534.409072925618;,343.6518765057455;67.59589207718993;
True,0.5,0,5,250,False,False,False,0.6,685.6590978517547;31.024599284737366;94.49746192163768;,525.7473182896707;31.024599284742507;94.49746192163994;
True,0.5,0,5,250,False,False,False,0.6,360.73960536002704;227.34960212908246;1859.0146489975696;,79.30881507906498;183.96592561617103;119.36947070040192;
True,0.5,0,5,250,False,False,False,1.0,276.97611844330595;234.15681108958557;587.2607648015066;333.6038092242192;303.49250674179774;,344.3181935099612;202.99974883621238;329.1761599550658;477.03883112626596;55.31347469634177;
True,0.5,0,5,250,False,False,False,0.8,211.03357912654536;1185.4543125002328;162.77457387691794;453.68837566966346;,208.65932464451996;47.00193609582882;163.54906856800895;413.9465640696527;
True,0.5,0,5,250,False,False,False,1.0,286.4811797339535;258.3563794944347;137.8926536220567;226.1492843874406;79.7394798511859;,286.4811797339514;250.96293969177242;147.16039300912104;244.95830705031494;65.74295609097754;
True,0.5,0,5,250,False,False,False,0.4,89.04979216805468;778.2673956442889;,245.3977059615865;377.3308279528551;
True,0.5,0,5,250,False,False,False,0.8,509.21626465139445;270.5669047782523;194.303836088051;119.77606752420012;,341.66836046292883;264.89961471244254;145.3947567031226;132.86458991343792;
True,0.5,0,5,250,False,False,False,1.0,49.34858176832656;233.71259762814458;269.20933529172015;186.31661050765766;143.88944840453325;,49.72377863061362;240.82722676824218;157.75333975189923;184.55246597139404;129.1789163005101;
True,0.5,0,5,250,False,False,False,0.4,354.13648345445347;554.129732938919;,316.6412347068149;177.76979853670542;
True,0.5,0,5,250,False,False,False,0.8,231.2063020753874;1003.3269867450983;218.34969037711184;57.78354561943891;,191.40310824555118;64.25671829531956;249.70573219135116;47.174710123558924;
True,0.5,0,5,250,False,False,False,1.0,361.85078996609576;137.31037241713736;45.41071482626263;122.12298116710596;134.24552751855913;,339.6360829194795;156.30192328800285;52.413671531688294;143.1443848363313;91.68391579228889;
True,0.5,0,5,250,False,False,False,0.6,878.0031148218565;143.0732266001681;228.04973314710864;,256.0682271826312;156.29808238102444;81.65147504330601;
True,0.5,0,5,250,False,False,False,0.8,124.31913313620423;1165.1100411633345;117.36139108779346;125.17587553469643;,124.3191331362077;139.38862862822094;24.054645107132217;125.17587553469087;
True,0.5,0,5,250,False,False,False,0.6,62.53466970494695;327.70825854860846;682.0769106578113;,243.29737192725918;375.1004006629044;289.2979486199881;
True,0.5,0,5,250,False,False,False,0.8,155.18880761731938;68.60974565720313;459.8784186336514;109.46114560028646;,156.35200413671063;66.91516830898799;90.04875960133067;109.46114560028174;
True,0.5,0,5,250,False,False,False,0.4,1020.8859419513846;956.2069411189769;,186.24282404419245;149.16492952899205;
True,0.5,0,5,250,False,False,False,0.4,1431.5322501654825;990.9818660985806;,30.3041539995964;216.574061922543;
True,0.5,0,5,250,False,False,False,0.8,1324.9648851007864;139.71089884919658;293.75239011604117;43.312797089703324;,126.3905086425401;139.71089884919212;293.75239011604;220.2649346574005;
True,0.5,0,5,250,False,False,False,0.8,383.27639997707024;84.43617958082739;606.2326734942358;86.73817849968351;,307.4534264644316;279.44736232362214;212.28975060331027;60.87947985454668;
True,0.5,0,5,250,False,False,False,0.6,306.5582444763308;123.02115282418089;191.87980958305718;,169.58074828619382;112.67035463715438;303.7009738512789;
True,0.5,0,5,250,False,False,False,0.8,102.41532150021976;1271.5408401675675;212.42918406606884;146.3472620891293;,101.9704059888278;174.1295536080034;135.51976836233328;175.94755351444235;
True,0.5,0,5,250,False,False,False,0.8,1335.5284208182456;104.80074121521946;110.05245171730857;209.42801760690034;,157.8759412762439;50.372232024890515;110.05245171731121;209.42801760689895;
True,0.5,0,5,250,False,False,False,0.8,551.7031141030075;274.9086680831826;91.18531250931845;329.36247321814244;,210.0386841172586;29.425786297898334;80.57741590100945;237.6008000736063;
True,0.5,0,5,250,False,False,False,0.4,274.8914093702432;1177.8710470978583;,183.52931543507412;113.8947317274141;
True,0.5,0,5,250,False,False,False,0.8,186.07319147311958;84.81128206948478;123.9701710238783;1199.1136304466106;,64.7124835881664;145.9149318352379;123.97017102388459;191.9103495479287;
True,0.5,0,5,250,False,False,False,0.6,342.2642845165894;106.50456152842327;910.9601965793412;,147.62330546200218;99.91997418576737;75.66544870029627;
True,0.5,0,5,250,False,False,False,0.8,1271.2910741278213;151.41488513640851;303.8074406414973;398.6042103414847;,121.86473161306793;56.16811504410338;329.4180022420991;292.2641560257717;
True,0.5,0,5,250,False,False,False,0.6,107.72730072009868;1193.754622173457;105.80825121165974;,123.26199328872079;44.82486828362605;105.80825121165613;
True,0.5,0,5,250,False,False,False,0.8,67.18651229313798;97.6494528035849;237.70977015487188;254.97546142159518;,67.18651229313868;126.11031768939105;255.49936268698062;234.01354819029842;
True,0.5,0,5,250,False,False,False,0.8,365.8279967561096;377.15340902584035;1210.3394733835082;111.22777454934412;,341.73421806954144;184.40679076995065;177.75717498403097;111.22777454933987;
True,0.5,0,5,250,False,False,False,0.8,685.3858374645375;188.7468471096097;94.28247282223364;290.46851026486644;,97.73025660958794;39.73685975244582;94.28247282222932;232.8664147384165;
True,0.5,0,5,250,False,False,False,0.6,1167.5437210774703;210.32260665393446;731.5426720957151;,244.64449382391606;300.374052793201;157.2539879862253;
True,0.5,0,5,250,False,False,False,0.8,210.07673688010496;343.3055678711951;74.56177541735308;189.3303453707088;,91.50758069328118;81.85542564529146;74.56177541735347;312.710174321192;
True,0.5,0,5,250,False,False,False,1.0,192.77917191005454;165.4450389142739;428.16936584728745;327.2958260877168;141.06380094683254;,78.0968307190545;146.39336072613492;361.9570253546968;327.2958260877094;52.42737207237765;
True,0.5,0,5,250,False,False,False,0.6,452.01629685736094;247.7702217463331;292.8887007564839;,90.26596490054293;311.34638412008775;154.6619739677546;
True,0.5,0,5,250,False,False,False,0.4,692.0876646280356;157.39582676097945;,124.2000242707027;157.39582676097717;
True,0.5,0,5,250,False,False,False,0.8,204.10837468117165;258.1532709289172;96.20502658331603;336.10463793488424;,280.53616140017425;76.86746927397283;106.28491612272434;286.2069419009162;
True,0.5,0,5,250,False,False,False,0.8,263.7660723113697;168.1247749018418;950.8680124718192;309.5661098736075;,336.1987787699061;157.2702753571594;183.5514983477366;207.02150849437237;
True,0.5,0,5,250,False,False,False,0.8,1091.0860190651274;153.24404018440666;436.1234178700323;360.28582773782307;,271.1745916549019;129.41746668067134;371.02645221929555;218.91528377436813;
True,0.5,0,5,250,False,False,False,0.4,1418.7195314248781;519.9326264499992;,128.0808022499327;185.66052103597607;
True,0.5,0,5,250,False,False,False,1.0,143.75374051203562;200.8510391754528;99.1809629223402;346.07114089747876;74.92145310351032;,213.077283308093;173.54603013227788;246.38624579452767;237.34155677454572;397.4111384471837;
True,0.5,0,5,250,False,False,False,0.6,910.507632879862;594.4836041395722;1.8836252562523974;,56.50289914284684;152.70175809109332;1.8836252562472666;
True,0.5,0,5,250,False,False,False,0.8,282.82751011558025;404.87580234163084;1034.8289886078242;103.96170328721225;,282.8275101155839;236.9184821851648;167.95562517943026;157.91585994801005;
True,0.5,0,5,250,False,False,False,0.6,154.39426026633572;499.39124522910134;217.33786252818652;,175.39928792334047;68.19411304137022;115.20252334247266;
True,0.5,0,5,250,False,False,False,1.0,233.32366569625495;131.17751599403954;181.80602207965148;76.45332772764023;330.4505736231088;,209.7495608861903;105.6618937271695;181.806022079655;57.40418994145991;384.7174955757761;
True,0.5,0,5,250,False,False,False,1.0,105.51190952574503;259.3404311439486;164.71597809315003;124.25420679093655;278.4867237503594;,140.70269403821632;315.2244070370246;146.1630237518299;105.72854340596494;236.38055443448556;
True,0.5,0,5,250,False,False,False,0.4,828.2107353119368;117.43342688326511;,70.41718965357254;84.39444943677104;
True,0.5,0,5,250,False,False,False,0.8,174.99001581715422;289.03575138412936;565.4607877141933;175.46538857573276;,174.9900158171613;229.25181584199413;119.82567388525639;176.0128429311328;
True,0.5,0,5,250,False,False,False,0.6,511.904450872742;65.24731080987608;161.82773775697015;,201.23977491434417;56.190468989719726;255.2207726064979;
True,0.5,0,5,250,False,False,False,0.4,525.7221469032925;109.00215157097576;,104.62061672050922;85.23329263865611;
True,0.5,0,5,250,False,False,False,0.4,672.1900689643351;234.47408124179393;,310.10466754344907;234.4740812417953;
True,0.5,0,5,250,False,False,False,1.0,151.62679424929303;146.37780246974967;122.05323854667009;203.25777322826994;186.683516564493;,117.96958800929602;14.306127570049002;134.22026151450495;214.63627987902035;194.28933460489242;
True,0.5,0,5,250,False,False,False,0.8,130.529768847723;161.95601925568153;233.88698294761465;461.61122949033523;,185.64593989762972;129.58128758547755;241.33210436825428;175.728534148333;
True,0.5,0,5,250,False,False,False,0.6,405.29492418328863;525.0920751001009;143.32252394301432;,211.42928468595508;42.42766508589002;149.36031300017996;
True,0.5,0,5,250,False,False,False,0.6,2058.094471444405;988.1178321631071;94.81589234434651;,293.3837928344287;218.5579636440933;125.90363012321366;
True,0.5,0,5,250,False,False,False,0.8,43.66027306292879;178.48878157133348;225.7625200320855;344.1521561851352;,130.8177311420376;237.1113822425271;225.31043379128246;337.48228300396147;
True,0.5,0,5,250,False,False,False,1.0,142.82832246068213;277.7264814441384;71.6223963993987;43.339493251207195;256.9964351581199;,133.5466479478511;201.01912874647158;122.85726535219288;104.90502882754717;391.8848946430927;
True,0.5,0,5,250,False,False,False,0.4,116.22955194467374;358.1620801989031;,225.97550295403266;245.7206649513324;
True,0.5,0,5,250,False,False,False,0.6,55.68358839196887;242.9587068477328;252.11835595887305;,73.2390085351122;162.74122196668657;79.70579323796792;
True,0.5,0,5,250,False,False,False,0.6,199.59889607740647;781.1030542084839;156.33853034448666;,110.47247294158159;33.41840489298342;197.72337165178726;
True,0.5,0,5,250,False,False,False,0.6,761.8268288678731;1162.5394929871152;393.1465388128734;,93.1687168793663;151.40761543938714;317.72781037846556;
True,0.5,0,5,250,False,False,False,0.4,379.7291295276966;178.21863405772942;,445.9555514154679;167.6063798235714;
True,0.5,0,5,250,False,False,False,0.4,145.25309986224116;656.8890183001189;,320.81236723524705;313.53996559684913;
True,0.5,0,5,250,False,False,False,0.6,666.4105006300542;209.5196242031451;228.97283188405007;,334.51223487003324;210.96193311956034;131.49799992825317;
True,0.5,0,5,250,False,False,False,0.6,432.09453399934904;454.88269559046324;259.0554145659643;,432.09453399936035;105.38398163294575;86.55340609255371;
True,0.5,0,5,250,False,False,False,0.8,280.05769910525737;1771.0772769513665;246.03920800044762;209.2386458666702;,259.7992417609729;270.2567780632743;55.161445223471986;172.43012622374792;
True,0.5,0,5,250,False,False,False,0.8,1011.7636705166096;136.14629183285848;33.76065163200353;438.33303623813435;,134.8130996829199;196.82891402228714;216.5832833725872;350.6841461974968;
True,0.5,0,5,250,False,False,False,1.0,56.430855917212085;169.58549944664753;147.22189971283535;108.53169577947095;363.1451947287209;,89.89995704051186;171.16795780843046;152.60266199203866;63.43411441687574;363.1451947287185;
True,0.5,0,5,250,False,False,False,0.6,1256.79926205309;95.90726908422772;51.21015701178412;,163.53893988338666;198.97763632577932;65.41713883131585;
True,0.5,0,5,250,False,False,False,0.6,1392.4230145826298;3196.8557067477686;249.55029497997248;,94.84922047865544;261.8361951654396;263.56154107290894;
True,0.5,0,5,250,False,False,False,0.8,81.84186702840239;717.7411818402594;449.3939662886474;134.89116979546046;,277.46043719521765;88.21281709212217;279.22955984442245;25.328384730914372;
True,0.5,0,5,250,False,False,False,0.8,774.764325984925;390.4944105342063;416.044593671369;200.992699795455;,53.01085466460259;144.3760436002047;281.38828182799193;152.69000882493634;
True,0.5,0,5,250,False,False,False,0.6,63.11672871532964;33.5031813255658;676.3298768866612;,78.10847181676489;96.27373183713654;91.29243736337884;
True,0.5,0,5,250,False,False,False,0.8,237.50167372413554;80.28517007439943;119.47424089301951;162.39876020428815;,122.52992445607556;80.28517007440622;7.382536968036762;162.39876020429472;
True,0.5,0,5,250,False,False,False,0.4,223.33848820932175;126.1211195387618;,176.71524216055914;126.12852476233584;
True,0.5,0,5,250,False,False,False,0.6,934.8661941993661;100.47601984052505;49.404872159448125;,253.79050621027488;37.14094520775246;55.631485116654595;
True,0.5,0,5,250,False,False,False,1.0,192.43609972209293;152.94510517471468;126.20545122550817;158.05642905349794;12.93713248193012;,192.43609972208836;86.74705785594034;26.4443651651295;158.0564290534965;32.809359378536875;
True,0.5,0,5,250,False,False,False,0.8,870.2251305832206;221.95392455313262;115.39453458855432;9.847995568380053;,52.32449410857545;186.05207709506786;134.04443720537637;6.370744698078049;
True,0.5,0,5,250,False,False,False,0.8,143.56260381522492;53.49674327111992;206.1164188550072;159.72535593849534;,157.10463174183568;53.496743271123506;119.84055181178451;120.55960441693693;
True,0.5,0,5,250,False,False,False,0.6,158.1246054891848;1103.138168397982;1195.7955964001253;,159.8293852700985;170.35206806875465;133.18742793311984;
True,0.5,0,5,250,False,False,False,0.6,1049.639356739443;192.58545924524583;2392.0840513034545;,106.27758126118556;197.11817868943447;102.63631446515782;
True,0.5,0,5,250,False,False,False,0.8,118.13981565463423;1177.3762681697644;214.11531381208684;303.3536340321734;,58.220394410129785;347.398533703078;248.93901753725692;303.05460915055096;
True,0.5,0,5,250,False,False,False,0.8,1051.4652965229495;309.1877626644405;69.50074853932854;137.33081688372852;,125.27810193706236;309.1877626644441;69.50074853932887;137.33081688373318;
True,0.5,0,5,250,False,False,False,0.4,754.9354445796076;1259.79799653586;,271.307215721155;340.8003497427811;
True,0.5,0,5,250,False,False,False,0.8,1257.7988556453402;244.26328573378652;198.23241794957877;213.51838092858958;,209.53014593733025;244.2632857337911;198.23241794957846;239.37223445181937;
True,0.5,0,5,250,False,False,False,0.8,157.19880588839456;154.17640175310035;155.13934703770204;48.0481367469222;,157.19880588839746;191.80394028266298;155.13934703769814;45.54011293265879;
True,0.5,0,5,250,False,False,False,0.6,285.38168113303175;983.984746505397;73.85604886130132;,287.6722410077365;212.28720608803334;89.54306511100746;
True,0.5,0,5,250,False,False,False,0.8,421.02199353353035;162.44227968967337;128.61730957032498;135.47967788528408;,209.05633993909322;120.44032242698084;94.19501705501702;135.4796778852891;
True,0.5,0,5,250,False,False,False,0.8,1159.72089456983;6.9399138143923516;247.17262438034436;242.6216559007254;,237.10006684481482;54.88886947155095;177.93403740626815;305.1445678504151;
True,0.5,0,5,250,False,False,False,0.6,2021.5800375117258;530.4364726125232;96.80451631459384;,42.42520033485765;333.4722689557805;94.03363484529937;
True,0.5,0,5,250,False,False,False,0.4,657.4300078062537;219.94774832168792;,197.23369969964205;197.19133102867409;
True,0.5,0,5,250,False,False,False,0.8,1.1357652391185717;246.74753013799636;322.98195548581845;2102.4391793097016;,58.542433975812315;255.33498721574912;329.47615741574316;210.88522629716783;
True,0.5,0,5,250,False,False,False,0.8,307.29243891782704;128.27921662867882;955.7758153323443;145.02146433241435;,307.2924389178233;115.59264560092966;15.948457657946944;135.73182729259565;
True,0.5,0,5,250,False,False,False,1.0,115.0195106694324;184.91650436830216;61.52088290498409;77.43698500003151;384.89955942204335;,84.95962240480465;56.30174728897651;188.1272259035381;96.1113241934747;392.61270003339473;
True,0.5,0,5,250,False,False,False,0.4,971.0086941912263;535.5036849575699;,202.51134432396373;26.882499931539527;
True,0.5,0,5,250,False,False,False,0.8,66.48461193013296;1138.1134176693038;119.37383619975029;198.03620400655635;,108.25997562354776;107.76653410894262;67.57083285590859;273.8387657729361;
True,0.5,0,5,250,False,False,False,0.6,1321.0482410298673;878.6534058072205;68.67326314966463;,410.9782219214473;128.8875434498475;25.611339043237503;
True,0.5,0,5,250,False,False,False,0.4,1059.9336462883937;2817.9444423970917;,207.87290244720782;498.1222729170414;
True,0.5,0,5,250,False,False,False,0.8,109.36336446376055;225.73823822491258;885.4778587802385;252.65291573964075;,109.3633644637575;202.65659495291735;180.9541196031823;159.3367629713343;
True,0.5,0,5,250,False,False,False,0.8,916.0423099663235;41.9396931658903;199.6805061603365;76.17877589275571;,47.89343026761124;58.68267532847334;204.09302344994717;76.17877589275058;
True,0.5,0,5,250,False,False,False,0.6,458.1505690454408;267.83089568681686;165.64739425268573;,133.98265547703585;266.3021456604938;92.02927458940066;
True,0.5,0,5,250,False,False,False,0.6,396.099462412286;621.2965716663841;284.08263014674264;,307.842700930185;393.56574636183825;264.10578200426414;
True,0.5,0,5,250,False,False,False,0.6,824.4994918758147;1334.9445088758237;644.1651087752796;,133.00112014551215;100.82469077796661;123.39206473564037;
True,0.5,0,5,250,False,False,False,0.8,976.9233314859194;302.6260276228221;34.67736025608323;66.7668082917057;,249.90425183993406;185.07492935381364;62.9581796478007;95.00389283192078;
True,0.5,0,5,250,False,False,False,0.8,202.9249914866068;789.69786798673;189.12306595569078;171.31033573804356;,173.3194411248517;267.79093206314815;170.8208355154331;162.93197084066904;
True,0.5,0,5,250,False,False,False,0.6,1429.3037877376137;1158.7183375399893;577.1999848810132;,128.57622598765468;147.13194531539196;239.3047146492949;
True,0.5,0,5,250,False,False,False,0.2,618.3442635967873;,86.38810190409284;
True,0.5,0,5,250,False,False,False,0.4,1324.1098904773671;476.95500519068463;,299.2834361459479;74.91093887082552;
True,0.5,0,5,250,False,False,False,0.4,1443.597369727132;692.8407335595539;,110.74031018027519;73.16582018188983;
True,0.5,0,5,250,False,False,False,0.4,864.3256619438154;1097.3650766532649;,75.25005752641437;24.094775840298926;
True,0.5,0,5,250,False,False,False,0.6,186.86521763796566;1301.0478522433725;243.20219433905885;,224.17171144193188;141.09682856714323;243.20219433906016;
True,0.5,0,5,250,False,False,False,0.6,454.9324887442144;1839.5977986612884;105.2557384963401;,408.0495496131533;194.01280145569345;119.5176085817787;
True,0.5,0,5,250,False,False,False,0.6,401.35128872431983;330.75753882667385;571.3408038151649;,241.10886712774774;284.78867233735923;86.01535777606172;
True,0.5,0,5,250,False,False,False,0.8,219.17324738109954;181.91705137394553;274.16935971638776;142.9643247903162;,219.17324738108826;271.54023331558045;94.83631164917603;142.96432479031307;
True,0.5,0,5,250,False,False,False,0.6,854.2364329439131;191.45549123228037;279.3261772488854;,132.45870492684995;130.79386503662485;252.53165495042296;
True,0.5,0,5,250,False,False,False,0.8,974.1850813393628;285.00543260646447;269.0742122376763;263.9511667657997;,334.4011915056745;308.347428500514;100.06659887494364;326.3424299433196;
True,0.5,0,5,250,False,False,False,0.8,671.5253890637283;383.1900921555735;296.7282777592155;221.11601987960915;,396.155718814718;316.1412806334002;124.76956557417334;217.58050418657342;
True,0.5,0,5,250,False,False,False,1.0,377.22461543318525;203.71606393007318;221.63330826443405;121.73945323088175;367.6327288264033;,224.9492870057414;288.88732958976317;221.63330826443465;121.73945323088039;272.7576950197625;
True,0.5,0,5,250,False,False,False,0.6,1335.9892528096757;143.16347703171277;214.4841953350332;,264.5868772335524;132.94245226321135;162.58101922451334;
True,0.5,0,5,250,False,False,False,0.4,1393.0056783791276;161.33881017587092;,62.07803561850352;204.27537303308338;
True,0.5,0,5,250,False,False,False,0.6,950.7371733925809;134.19416826878677;98.98113647250216;,712.0103388973006;107.53601257318196;97.78411954428334;
True,0.5,0,5,250,False,False,False,0.6,914.4958146764633;310.7481493867687;653.0240461520174;,114.02644649031421;136.79959439403632;180.79229244866409;
True,0.5,0,5,250,False,False,False,0.6,148.9650113142096;1087.949129638486;110.68675163917777;,304.93443214990515;157.3333700424499;174.24958004396964;
True,0.5,0,5,250,False,False,False,0.6,686.4370532828857;1048.2007112657006;247.07818319118823;,420.84022405087904;126.77088723813412;296.8514370124283;
True,0.5,0,5,250,False,False,False,0.8,357.4434706885698;486.0667428225943;131.52273989523235;326.49879110597396;,357.44347068857246;273.05691206056696;135.93497931341705;203.48639937001707;
True,0.5,0,5,250,False,False,False,0.6,384.71592189559726;135.0475557376714;304.4225223095759;,94.56081422056481;25.145997735100856;157.0765762269885;
True,0.5,0,5,250,False,False,False,0.8,246.99597691763088;780.6565582048069;280.41338883301586;417.30792166366757;,160.22798270418258;130.37353859229557;227.09328624667106;215.19616837745548;
True,0.5,0,5,250,False,False,False,0.8,44.30706630022082;161.7901264069843;30.298790863736432;220.62699445727432;,62.75183330619765;153.13846375031025;165.33901988557886;151.7566107106884;
True,0.5,0,5,250,False,False,False,1.0,206.2292443414714;77.38661564734923;212.03551227624172;104.52880922405204;26.227991525849546;,61.09189877658796;100.97289806664956;265.65486283960695;115.36925928790731;146.18045791363613;
True,0.5,0,5,250,False,False,False,1.0,25.597108373677695;54.622500990846596;97.54504021758973;250.95591283137233;57.19772259848762;,96.54802280485303;165.00853945961853;36.58216380970282;327.47120728315673;104.89577844759371;
True,0.5,0,5,250,False,False,False,0.4,1001.6387356320872;1191.8042755048284;,248.2616242169154;61.60967912410921;
True,0.5,0,5,250,False,False,False,0.8,534.779141130179;96.65952858474398;94.43310859659852;443.2797255304198;,115.70109936438146;93.67028377536157;125.40859050371844;449.5083401538891;
True,0.5,0,5,250,False,False,False,1.0,257.06725331218774;88.46624916637212;98.61432780174907;177.27514203030427;68.32975328697435;,257.06725331218576;88.46624916637563;43.452729241311594;139.09348369079885;61.10150778920174;
True,0.5,0,5,250,False,False,False,1.0,65.05876445998406;202.15948333609347;295.0050129040076;122.24693296608712;454.6274383822442;,65.05876445998078;48.763029459476854;241.4785942423375;114.55609901238645;347.2153624054715;
True,0.5,0,5,250,False,False,False,0.6,767.5957204457476;211.1066833775995;735.6697330460433;,149.91480719477073;267.29237030791563;94.75092322122167;
True,0.5,0,5,250,False,False,False,0.6,1278.4187717676216;153.31884088118892;896.0484994388529;,84.1208661015139;158.663468923928;273.50005181951013;
True,0.5,0,5,250,False,False,False,0.8,174.95738180984765;138.5114679610821;407.20691496569765;135.90933555281887;,121.51965772776617;246.4104389712703;222.38842312436418;142.5076993992771;
True,0.5,0,5,250,False,False,False,0.8,1337.3571748122697;240.3229755619096;59.22498184724616;185.55660772788295;,238.25491302510179;277.4201168421256;59.22498184724778;109.99129960746761;
True,0.5,0,5,250,False,False,False,0.4,71.02672668959809;237.5445951728251;,310.29631411926;181.22267030492895;
True,0.5,0,5,250,False,False,False,0.6,1095.159586647225;361.9124586269539;260.835070421258;,111.75772902766485;236.03477216147618;254.6774494685506;
True,0.5,0,5,250,False,False,False,0.4,323.44636382204806;436.26155631878356;,89.18681343650191;274.26669348440413;
True,0.5,0,5,250,False,False,False,0.8,244.03940604859173;797.4630226636425;224.53725713412194;105.84602686089809;,256.87827452305885;322.46426594753194;222.64990154783845;180.64712319441833;
True,0.5,0,5,250,False,False,False,0.6,177.15207033161556;409.44848744760446;2282.296154367976;,201.0809856305557;379.7015312543154;190.46975880382678;
True,0.5,0,5,250,False,False,False,0.6,221.12277215858745;90.29570209440512;246.56624179377283;,187.11886792708182;185.56370316228637;44.249894221412106;
True,0.5,0,5,250,False,False,False,1.0,55.60156491259029;169.4174389849924;154.64918244114304;148.41315357069718;207.33339329857492;,55.601564912603145;192.92379185970387;154.64918244113514;120.0157261554143;148.52035728288635;
True,0.5,0,5,250,False,False,False,1.0,159.51920197948155;321.492551473107;54.59404638070909;156.96027289107522;31.42794419826445;,148.18813418851826;127.75628426933662;37.19276903298144;156.96027289108082;116.05956256328474;
True,0.5,0,5,250,False,False,False,0.6,211.7175059517781;125.14718422988324;272.9035368996844;,72.97701777780198;266.83910476811667;194.5543764360827;
True,0.5,0,5,250,False,False,False,0.6,92.19988907072963;712.0048457453404;1463.4073769993279;,184.66510727666696;340.69428947156865;301.3451663586608;
True,0.5,0,5,250,False,False,False,0.8,235.23206818435392;66.81518823633793;47.640946730516966;125.36250205203491;,179.86307401654045;66.81518823633884;47.64094673051669;157.32571439172546;
True,0.5,0,5,250,False,False,False,0.6,111.25659315769408;260.29752815733843;919.4145218593642;,158.5583952171596;195.9440688926266;278.5101661018281;
True,0.5,0,5,250,False,False,False,0.4,579.290818060354;1832.6996691981933;,292.3324613362957;96.53950702648216;
True,0.5,0,5,250,False,False,False,0.6,697.5907602695922;620.1126063637922;202.89836096694788;,165.7276199763963;64.54783094008009;118.05670017473481;
True,0.5,0,5,250,False,False,False,0.8,194.2632587627596;232.6407005587294;831.5803975598099;319.54596708496445;,245.24662873275707;210.6713014373455;129.8021598939284;389.94792150161464;
True,0.5,0,5,250,False,False,False,0.6,1114.5503191165503;88.2314537721464;159.85722872760508;,195.1920050422615;105.01304257877992;159.85722872759945;
True,0.5,0,5,250,False,False,False,0.4,645.856173589305;293.7836976236166;,203.6625977727869;53.85796581742245;
True,0.5,0,5,250,False,False,False,0.6,381.3340969893351;949.2743436499125;1184.5186411168452;,385.0645378079233;135.33487125063317;135.23027623698826;
True,0.5,0,5,250,False,False,False,0.6,1008.2833389198158;80.54383951577624;612.1825979567021;,58.29931022779606;86.53554442299519;300.91644153236683;
True,0.5,0,5,250,False,False,False,0.6,230.05824880740016;1634.2185473561954;233.58761402900507;,250.10756301808942;392.92803491664665;188.15313910844446;
True,0.5,0,5,250,False,False,False,0.8,141.04278147008029;93.2440493913103;1412.4636687092518;281.1267359727602;,147.95348687222446;104.07181335316352;106.07874312049363;160.11925406545262;
True,0.5,0,5,250,False,False,False,0.6,271.9050606237514;87.04688035598113;2692.7062006039837;,218.08826348969734;97.64583259261377;387.62243580662494;
True,0.5,0,5,250,False,False,False,0.8,33.20717818874643;933.6332530515429;260.54799173692874;127.22221454745322;,33.207178188738276;54.742176172068845;260.547991736925;127.22221454744825;
True,0.5,0,5,250,False,False,False,0.8,208.5024272139813;799.03567364061;121.27659049036461;364.8506045091094;,211.2445587979586;162.51629778327234;126.14424297632578;265.70017332610377;
True,0.5,0,5,250,False,False,False,0.6,516.1472277885989;150.93939437209957;373.158228376936;,121.2533552225298;229.72090370873502;401.0158897891379;
True,0.5,0,5,250,False,False,False,0.6,1331.7075705497691;250.43075277875596;174.4626458961782;,257.6288751071013;257.9107475954144;153.6046213258459;
True,0.5,0,5,250,False,False,False,0.6,889.3431819103921;353.30182732114554;163.2430188931391;,333.1626620911042;178.36160883135037;164.0998153149168;
True,0.5,0,5,250,False,False,False,0.6,1549.2781211279967;198.66413787216464;190.21290301524806;,142.88800545464147;185.37399003208625;178.06884740488468;
True,0.5,0,5,250,False,False,False,0.8,1255.4566186731804;169.20296304081035;144.1527901848916;105.41286058010492;,66.70308907133112;112.33254140512696;148.54919545161718;105.41286058008818;
True,0.5,0,5,250,False,False,False,0.8,1222.5061264366016;486.06745087714955;152.35446349233166;179.22967545989067;,172.5042848113234;466.54046660217557;152.3544634923362;209.58997430642927;
True,0.5,0,5,250,False,False,False,0.6,687.8445510903102;1354.3316161567407;290.1997979372848;,59.59045374224437;114.90412768509042;201.02353993349422;
True,0.5,0,5,250,False,False,False,0.6,4223.520611397248;227.03160784140735;700.8671454350585;,169.1132166878135;294.30174270463385;69.76254300376196;
True,0.5,0,5,250,False,False,False,0.6,1236.869278802024;150.90092031561892;1347.9833477292236;,272.5209889231934;232.18392719104355;131.75087160074233;
True,0.5,0,5,250,False,False,False,0.6,858.5298812211905;65.700468624853;549.2631446370272;,465.73142000469085;80.71875916439748;154.10392838590883;
True,0.5,0,5,250,False,False,False,0.6,272.67273102615803;1485.420347684556;138.65896720773333;,216.09862696003714;117.26898393978229;178.9679156994004;
True,0.5,0,5,250,False,False,False,0.6,1297.3330701198095;191.51016993797893;1088.6384263631148;,60.1370514290299;188.91486860904763;153.10866802154348;
True,0.5,0,5,250,False,False,False,0.8,64.92478121011092;1068.7841761069649;122.89663300766897;186.49880180982112;,95.85621763257012;105.03569845663557;107.39826592007556;252.8319573786821;
True,0.5,0,5,250,False,False,False,0.6,863.0408198081071;868.5071271914354;169.35799783435994;,374.9446063780393;153.62968084985508;136.7429557894066;
True,0.5,0,5,250,False,False,False,0.6,1049.4104384307186;465.3824200103095;48.52515889250203;,157.88967314911517;268.1103697730268;77.7943939487178;
True,0.5,0,5,250,False,False,False,0.8,17.296259710915514;322.7172449997722;1282.216811929806;236.49392785739133;,84.16821997463737;272.2213155204766;64.3801183283528;227.77132808423056;
True,0.5,0,5,250,False,False,False,0.6,184.32621856659918;300.4156511473258;175.64652205855555;,175.96769952841544;191.44728211826967;106.13963531304579;
True,0.5,0,5,250,False,False,False,0.6,515.7415038386198;131.9258092235031;905.3146197402592;,143.15198082370665;116.54647992382455;241.71226469805094;
True,0.5,0,5,250,False,False,False,0.6,355.52225621461935;167.1536765293797;1229.866653954166;,81.022330902163;200.31739478031017;124.91772403121479;
True,0.5,0,5,250,False,False,False,0.6,1610.7183444745406;130.22669291253143;6467.398570052884;,400.76234998523927;132.08993247660285;324.3914362859119;
True,0.5,0,5,250,False,False,False,0.8,1381.4555074714524;204.76581351938836;117.93567357359521;145.7488012401862;,149.70934284315956;204.7658135193886;198.92544891905862;58.965613334313616;
True,0.5,0,5,250,False,False,False,0.6,99.67072798937716;667.0263365516201;381.9460423158979;,61.66964292458928;159.428757701844;346.6112260457345;
True,0.5,0,5,250,False,False,False,1.0,125.21392626138349;193.05581554977297;279.46100970769834;49.040548534367595;398.3989263994584;,120.3820418540115;193.05581554977792;265.0373590461089;49.04054853436263;472.984175610034;
True,0.5,0,5,250,False,False,False,1.0,121.8256389655997;91.7011466126082;222.31698281383456;80.21995350224783;272.4597973689021;,124.09103480130615;96.36103025940548;234.6684288801004;80.21995350225144;274.22995491810843;
True,0.5,0,5,250,False,False,False,1.0,26.136932694842717;44.199527943678525;403.9475594213851;401.4279971046946;465.01270266025426;,59.67772942392191;28.659406327801452;341.6980168337064;262.511914530495;242.27566578797163;
True,0.5,0,5,250,False,False,False,0.8,167.59640892029853;183.30976705242404;86.26868800670039;2760.4468952247694;,84.61319741180436;183.85188209750632;153.5271188786065;284.13432097321447;
True,0.5,0,5,250,False,False,False,0.6,735.2225266961369;245.88273801793827;222.3471014844133;,165.52763277928474;123.87829597951671;96.23035832574422;
True,0.5,0,5,250,False,False,False,0.6,746.3964797254715;228.6912455547726;998.7826904620374;,214.79377121879554;228.6912455547677;264.9196601143243;
True,0.5,0,5,250,False,False,False,0.8,1249.8296327103826;208.53822175475602;85.20075567646431;382.6922741754954;,135.0739346051821;162.3400417112952;130.3021399390144;282.5486362375453;
True,0.5,0,5,250,False,False,False,0.6,654.2297126777987;156.4692188851471;712.2849499341811;,152.16013919080535;142.30802038420458;75.3123216754231;
True,0.5,0,5,250,False,False,False,0.6,497.0801765470934;578.7585268806451;272.33466717363933;,272.9396255593766;259.05102384012645;267.9197762576925;
True,0.5,0,5,250,False,False,False,0.8,143.37378671585282;203.5439016936128;1298.0370116223135;91.90816146144238;,144.20263215455896;181.1984755327131;51.53079998657205;160.6332690190154;
True,0.5,0,5,250,False,False,False,0.6,487.9249059384907;1451.7551291068055;293.89108080723884;,338.63884510988447;57.60466004108696;129.91994934547756;
True,0.5,0,5,250,False,False,False,0.6,401.8528643460866;344.63097923397163;468.0505823504126;,164.85202897177004;309.3087460048497;195.26122799724976;
True,0.5,0,5,250,False,False,False,0.6,292.0098119364747;53.97969924462947;541.6159996454579;,349.6089392324169;53.898236254277464;182.53422113292712;
True,0.5,0,5,250,False,False,False,1.0,238.04640677628717;156.75660364567588;74.42913748816781;225.99316038815942;197.51412109665532;,238.0464067762847;130.87963885314105;102.43360888747158;173.36663162763818;224.80042823065105;
True,0.5,0,5,250,False,False,False,0.4,831.1873933173831;950.5508730287085;,75.28251226534579;597.4112364069423;
True,0.5,0,5,250,False,False,False,0.8,530.295953780206;358.3643826191431;434.8467113721221;33.59577469920075;,122.81560640897735;260.50119985878865;355.2804116778197;71.70047479159419;
True,0.5,0,5,250,False,False,False,0.8,109.81488577824672;681.5805186425938;359.6977622800697;375.7083236156085;,131.554041534848;157.9960386019588;296.979746584914;418.3436510608961;
True,0.5,0,5,250,False,False,False,1.0,270.91190855465715;189.99054923050977;324.54880101700775;302.0096028776667;173.55996856855006;,241.7637543337315;202.3114702556477;285.606755192915;342.64775588851234;173.55996856854617;
True,0.5,0,5,250,False,False,False,0.8,919.1698515225088;223.52396712212857;514.3601279861622;232.8559822356549;,283.3774727741777;252.73030180326293;470.02109306700817;232.51780747449868;
True,0.5,0,5,250,False,False,False,0.6,1082.331127594162;110.68170010608064;736.8546759934509;,147.44104727067744;68.52832459744424;200.35256490489667;
True,0.5,0,5,250,False,False,False,0.8,95.00476021939843;899.0136932532981;154.56138250277874;49.03790996931138;,91.84597241503667;62.19971348539342;154.44327054757508;89.3522913991052;
True,0.5,0,5,250,False,False,False,0.6,98.18489259002229;883.0272431242447;128.8538348866343;,105.13974339234198;112.77624734861452;38.91778161185609;
True,0.5,0,5,250,False,False,False,0.8,160.93824436687353;268.94835404009893;195.42222890871003;305.81126144030725;,35.842601911681975;90.44410611069017;268.7368498835249;264.4276104831859;
True,0.5,0,5,250,False,False,False,0.6,144.85876344483503;185.30664100296687;842.75699569077;,183.92944236318903;185.30664100296215;264.38237965703786;
True,0.5,0,5,250,False,False,False,0.8,434.2473808903679;340.5783592777377;454.8857906879025;215.3765154852262;,102.32348458072335;341.64755072845094;409.0641356214742;212.1101167890123;
True,0.5,0,5,250,False,False,False,0.8,1140.3269958482022;275.33057022464726;24.8122209047772;100.53047466948583;,70.71764356510396;242.88261404600885;314.57077667409175;66.82773533182873;
True,0.5,0,5,250,False,False,False,0.8,183.08270043902834;327.02919725831634;81.51231396057707;412.353681663323;,122.65758770606925;199.8042256094795;53.02880150209972;126.03532938774421;
True,0.5,0,5,250,False,False,False,0.4,267.0867722535117;1486.2682699216468;,346.9030009055818;261.81107585008186;
True,0.5,0,5,250,False,False,False,0.4,191.53909647074784;3332.887209174541;,72.66012066355309;397.5295536250565;
True,0.5,0,5,250,False,False,False,0.4,526.05734983569;1379.5104310064628;,63.993791215085814;128.36470996984954;
True,0.5,0,5,250,False,False,False,0.6,323.1617467237558;139.66229390389037;289.2421606667931;,71.9259801581639;61.1029612186175;290.013174958555;
True,0.5,0,5,250,False,False,False,0.6,866.6082718706859;18.070949030698927;1267.3624823429825;,153.63805092138756;18.070949030693484;90.59862774894323;
True,0.5,0,5,250,False,False,False,0.8,157.78242027303523;1563.1525842775186;100.64853596165992;459.58385261621765;,213.73245822140535;188.01664905107705;108.78401551904662;450.9194832931803;
True,0.5,0,5,250,False,False,False,0.6,799.5561208017765;1128.37388463179;360.7884846727043;,294.96851430117175;131.91639715828128;375.6589779216724;
True,0.5,0,5,250,False,False,False,0.6,821.9221726023426;171.7183152360502;778.5055411742878;,197.97496176964944;79.84888945867651;194.4149782813254;
True,0.5,0,5,250,False,False,False,0.6,1660.4803337302837;877.2169779983254;306.1867281674587;,38.97666834635712;58.20518429997599;306.92274308605266;
True,0.5,0,5,250,False,False,False,1.0,536.3859092351606;231.56023944100016;189.29919941237964;156.6996462471821;147.00734348901594;,486.59326425054866;110.86525729998299;303.0300991044327;479.70209962189494;131.46168786470608;
True,0.5,0,5,250,False,False,False,0.4,737.5132305303321;137.82886396997725;,174.27900165309194;143.3754394865601;
True,0.5,0,5,250,False,False,False,1.0,58.85361564890249;206.01971478718852;351.9913334293607;215.00336129460763;503.48175535876317;,92.55865520307268;113.90209209567114;326.43074509248584;212.8806055777348;443.35138606016227;
True,0.5,0,5,250,False,False,False,1.0,109.46858309811118;24.619342894097915;174.69611928444053;133.52184378659803;23.84506524279951;,81.91241603818409;24.619342894093837;174.69611928444274;128.13915927586987;23.84506524280583;
True,0.5,0,5,250,False,False,False,0.6,264.68639259317143;312.00870942015894;268.65905835146884;,145.74252466775508;270.74638905299537;155.69311225504399;
True,0.5,0,5,250,False,False,False,0.6,351.6493702939957;90.37675238809302;107.94858194981477;,224.107422416411;90.37675238808524;107.94858194980863;
True,0.5,0,5,250,False,False,False,0.8,984.9757289858694;119.04055537985062;179.85183585455223;791.9958064583798;,160.78908985589632;149.171154985164;179.85183585454652;476.5187181959571;
True,0.5,0,5,250,False,False,False,0.8,185.5713229559909;751.1588038134739;189.98703538227156;153.25964230314216;,186.62961199423071;369.79909487627907;298.5352302724762;119.19489875106335;
True,0.5,0,5,250,False,False,False,0.8,406.3864430351884;70.06271829813743;281.32518129845437;112.02188789227148;,33.420172655325516;70.06271829813677;121.87423167456305;212.99503729904666;
True,0.5,0,5,250,False,False,False,0.6,1122.928714392893;186.94753340193887;811.3158295436788;,42.54805505456121;186.947533401938;212.5736065475767;
True,0.5,0,5,250,False,False,False,0.6,174.65049769166643;1052.872647950085;375.3722537370212;,129.9035312144708;95.73347133974089;163.30203815361037;
True,0.5,0,5,250,False,False,False,0.8,190.09249274514474;557.1019975376204;111.54479082558161;272.1043029153522;,190.09249274514406;193.94049078584735;111.5447908255865;135.70000721021316;
True,0.5,0,5,250,False,False,False,1.0,242.78248271368116;190.48319075885493;197.64003143392844;164.45389325829356;177.96151860380775;,237.2577104055772;187.49815929775997;20.216095552749305;254.75045820665454;206.9074067714853;
True,0.5,0,5,250,False,False,False,0.8,184.1259543366331;388.08514092234753;214.31115039489617;975.7075390514211;,149.31775868615702;248.2342133269412;290.3906956774583;164.95057494106598;
True,0.5,0,5,250,False,False,False,0.4,892.5959256443682;143.18585592474307;,55.006623217711166;13.66370317467139;
True,0.5,0,5,250,False,False,False,0.6,747.0510855784607;182.07372778474647;176.36489022180328;,299.56138740914105;182.07372778474183;189.46688603647945;
True,0.5,0,5,250,False,False,False,0.4,2121.4422858125918;262.6767560839753;,266.5576804499106;235.3982455828769;
True,0.5,0,5,250,False,False,False,0.8,249.69341869014357;380.7333196105781;258.8420149144445;222.0185479375995;,241.31467545128757;532.1579565174651;244.36413238909205;231.55356831964238;
True,0.5,0,5,250,False,False,False,0.6,96.31861286140268;815.4159999021342;1321.4765219144676;,97.84706309404419;253.800953478226;49.1646521584285;
True,0.5,0,5,250,False,False,False,0.8,546.3578510705453;220.53114351027784;154.50883547301572;238.36618653019255;,108.09824902614294;217.4287190470748;124.86704574495904;90.0981980396364;
True,0.5,0,5,250,False,False,False,1.0,280.5991525423183;144.77037007249538;223.9686911357168;12.305680169791568;181.93523647236518;,279.9239992212892;186.18711553941907;223.96869113570722;45.15653215840578;94.57278308662256;
True,0.5,0,5,250,False,False,False,0.8,455.73069117525426;194.2917272878849;301.72001687644473;453.034315430727;,166.5994946674519;190.23158872233125;137.54013476195675;409.3006015097064;
True,0.5,0,5,250,False,False,False,1.0,307.09249476569283;108.66820317691183;108.85703135567601;249.6769467581264;27.97997879554876;,295.4912259373018;156.17672722997978;162.75929241790672;226.8240368715469;27.979978795544074;
True,0.5,0,5,250,False,False,False,0.8,949.5221362858293;157.31063993489448;147.2916962515287;444.9618382610512;,166.42640461010092;74.03540835784851;79.98560417092855;444.9618382610529;
True,0.5,0,5,250,False,False,False,1.0,149.31532991058336;128.79912825699054;306.08612888268857;172.58724524095516;256.63121258619975;,148.89612003562522;124.77811647464387;256.385105095956;196.75064682261743;185.36264190956487;
True,0.5,0,1,500,False,False,False,1.0,359.21045124931607;,359.21045124931607;
True,0.5,0,1,500,False,False,False,1.0,221.9785057477267;,221.9785057477267;
True,0.5,0,1,500,False,False,False,1.0,602.792789727422;,602.792789727422;
True,0.5,0,1,500,False,False,False,1.0,714.800284756248;,714.800284756248;
True,0.5,0,1,500,False,False,False,1.0,88.56084399455503;,88.56084399455503;
True,0.5,0,1,500,False,False,False,1.0,633.34573246896;,633.34573246896;
True,0.5,0,1,500,False,False,False,1.0,377.1976809811578;,377.1976809811578;
True,0.5,0,1,500,False,False,False,1.0,310.83544886241884;,310.83544886241884;
True,0.5,0,1,500,False,False,False,1.0,300.43153633947355;,300.43153633947355;
True,0.5,0,1,500,False,False,False,1.0,401.9442361172828;,401.9442361172828;
True,0.5,0,1,500,False,False,False,1.0,249.5951722252522;,249.5951722252522;
True,0.5,0,1,500,False,False,False,1.0,332.857381005687;,332.857381005687;
True,0.5,0,1,500,False,False,False,1.0,484.30993759807933;,484.30993759807933;
True,0.5,0,1,500,False,False,False,1.0,1057.1800943434118;,1057.1800943434118;
True,0.5,0,1,500,False,False,False,1.0,1029.1164501994508;,538.6803656096232;
True,0.5,0,1,500,False,False,False,1.0,207.8578704811836;,207.8578704811836;
True,0.5,0,1,500,False,False,False,1.0,268.73905277383085;,268.73905277383085;
True,0.5,0,1,500,False,False,False,1.0,371.107413774859;,371.107413774859;
True,0.5,0,1,500,False,False,False,1.0,383.5742061057784;,383.5742061057784;
True,0.5,0,1,500,False,False,False,1.0,291.9754171755037;,291.9754171755037;
True,0.5,0,1,500,False,False,False,1.0,72.97290706485826;,72.97290706485826;
True,0.5,0,1,500,False,False,False,1.0,333.0003794311066;,333.0003794311066;
True,0.5,0,1,500,False,False,False,1.0,25.48060808650961;,25.48060808650961;
True,0.5,0,1,500,False,False,False,1.0,729.7853865183727;,488.1419285796845;
True,0.5,0,1,500,False,False,False,1.0,526.8653446016473;,526.8653446016473;
True,0.5,0,1,500,False,False,False,1.0,380.9176844277614;,380.9176844277614;
True,0.5,0,1,500,False,False,False,1.0,83.97379632518137;,83.97379632518137;
True,0.5,0,1,500,False,False,False,1.0,294.6889893121037;,294.6889893121037;
True,0.5,0,1,500,False,False,False,1.0,381.1999132702292;,381.1999132702292;
True,0.5,0,1,500,False,False,False,1.0,221.30847139580183;,221.30847139580183;
True,0.5,0,1,500,False,False,False,1.0,236.5982141143527;,236.5982141143527;
True,0.5,0,1,500,False,False,False,1.0,700.175251052392;,700.175251052392;
True,0.5,0,1,500,False,False,False,1.0,308.4626869558391;,308.4626869558391;
True,0.5,0,1,500,False,False,False,1.0,406.90920450917906;,406.90920450917906;
True,0.5,0,1,500,False,False,False,1.0,530.9933624319908;,530.9933624319908;
True,0.5,0,1,500,False,False,False,1.0,227.94782380032083;,227.94782380032083;
True,0.5,0,1,500,False,False,False,1.0,460.6172994297897;,156.5507607728554;
True,0.5,0,1,500,False,False,False,1.0,370.4284880944454;,370.4284880944454;
True,0.5,0,1,500,False,False,False,1.0,99.08933774081726;,99.08933774081726;
True,0.5,0,1,500,False,False,False,1.0,255.93722587056203;,255.93722587056203;
True,0.5,0,1,500,False,False,False,1.0,206.4697379949592;,206.4697379949592;
True,0.5,0,1,500,False,False,False,1.0,260.12755997351985;,260.12755997351985;
True,0.5,0,1,500,False,False,False,1.0,319.4024510617752;,319.4024510617752;
True,0.5,0,1,500,False,False,False,1.0,465.36030575829415;,465.36030575829415;
True,0.5,0,1,500,False,False,False,1.0,617.2510377407569;,617.2510377407569;
True,0.5,0,1,500,False,False,False,1.0,423.4859224077434;,423.4859224077434;
True,0.5,0,1,500,False,False,False,1.0,496.11837287127355;,496.11837287127355;
True,0.5,0,1,500,False,False,False,1.0,175.6137511019768;,175.6137511019768;
True,0.5,0,1,500,False,False,False,1.0,184.8823587650438;,184.8823587650438;
True,0.5,0,1,500,False,False,False,1.0,34.9562246349894;,34.9562246349894;
True,0.5,0,1,500,False,False,False,1.0,145.6002091950508;,145.6002091950508;
True,0.5,0,1,500,False,False,False,1.0,558.9180569602142;,558.9180569602142;
True,0.5,0,1,500,False,False,False,1.0,261.73044006231936;,261.73044006231936;
True,0.5,0,1,500,False,False,False,1.0,308.97916438687514;,308.97916438687514;
True,0.5,0,1,500,False,False,False,1.0,360.63199723681004;,360.63199723681004;
True,0.5,0,1,500,False,False,False,1.0,142.4211993498601;,142.4211993498601;
True,0.5,0,1,500,False,False,False,1.0,463.5883443541987;,463.5883443541987;
True,0.5,0,1,500,False,False,False,1.0,288.6890797944407;,288.6890797944407;
True,0.5,0,1,500,False,False,False,1.0,545.0050989135461;,545.0050989135461;
True,0.5,0,1,500,False,False,False,1.0,31.405219229048388;,527.1567658267447;
True,0.5,0,1,500,False,False,False,1.0,716.6387044985294;,716.6387044985294;
True,0.5,0,1,500,False,False,False,1.0,223.55201473595244;,223.55201473595244;
True,0.5,0,1,500,False,False,False,1.0,293.0523148047931;,293.0523148047931;
True,0.5,0,1,500,False,False,False,1.0,137.96981629048224;,137.96981629048224;
True,0.5,0,1,500,False,False,False,1.0,209.6270255706412;,209.6270255706412;
True,0.5,0,1,500,False,False,False,1.0,252.1011660639056;,252.1011660639056;
True,0.5,0,1,500,False,False,False,1.0,274.7953167284154;,274.7953167284154;
True,0.5,0,1,500,False,False,False,1.0,23.896694444757674;,23.896694444757674;
True,0.5,0,1,500,False,False,False,1.0,360.25787382926666;,360.25787382926666;
True,0.5,0,1,500,False,False,False,1.0,334.58127927618364;,334.58127927618364;
True,0.5,0,1,500,False,False,False,1.0,256.76600043040975;,256.76600043040975;
True,0.5,0,1,500,False,False,False,1.0,71.28144156185556;,71.28144156185556;
True,0.5,0,1,500,False,False,False,1.0,183.85478801011539;,525.8452558039702;
True,0.5,0,1,500,False,False,False,1.0,240.39527690033145;,240.39527690033145;
True,0.5,0,1,500,False,False,False,1.0,755.972460616974;,755.972460616974;
True,0.5,0,1,500,False,False,False,1.0,226.55020500044043;,226.55020500044043;
True,0.5,0,1,500,False,False,False,1.0,497.1025913938208;,497.1025913938208;
True,0.5,0,1,500,False,False,False,1.0,50.92879988404828;,50.92879988404828;
True,0.5,0,1,500,False,False,False,1.0,338.0807443665045;,338.0807443665045;
True,0.5,0,1,500,False,False,False,1.0,56.56811111502423;,56.56811111502423;
True,0.5,0,1,500,False,False,False,1.0,153.4346213234182;,153.4346213234182;
True,0.5,0,1,500,False,False,False,1.0,283.95665469157143;,283.95665469157143;
True,0.5,0,1,500,False,False,False,1.0,449.2600378907209;,449.2600378907209;
True,0.5,0,1,500,False,False,False,1.0,344.4234628247693;,344.4234628247693;
True,0.5,0,1,500,False,False,False,1.0,371.3747679281955;,371.3747679281955;
True,0.5,0,1,500,False,False,False,1.0,432.1033642506835;,432.1033642506835;
True,0.5,0,1,500,False,False,False,1.0,246.71717361647177;,246.71717361647177;
True,0.5,0,1,500,False,False,False,1.0,223.73745736282737;,223.73745736282737;
True,0.5,0,1,500,False,False,False,1.0,157.57163836500794;,157.57163836500794;
True,0.5,0,1,500,False,False,False,1.0,282.12053317173144;,282.12053317173144;
True,0.5,0,1,500,False,False,False,1.0,519.8932568379315;,519.8932568379315;
True,0.5,0,1,500,False,False,False,1.0,682.8661258045769;,682.8661258045769;
True,0.5,0,1,500,False,False,False,1.0,217.37244532554234;,217.37244532554234;
True,0.5,0,1,500,False,False,False,1.0,136.49520095111248;,136.49520095111248;
True,0.5,0,1,500,False,False,False,1.0,212.60611831170564;,212.60611831170564;
True,0.5,0,1,500,False,False,False,1.0,172.22904289796028;,172.22904289796028;
True,0.5,0,1,500,False,False,False,1.0,211.55959772861746;,211.55959772861746;
True,0.5,0,1,500,False,False,False,1.0,540.3440271554941;,540.3440271554941;
True,0.5,0,1,500,False,False,False,1.0,330.59092032159043;,330.59092032159043;
True,0.5,0,1,500,False,False,False,1.0,74.18013713372942;,74.18013713372942;
True,0.5,0,1,500,False,False,False,1.0,212.5927515804985;,212.5927515804985;
True,0.5,0,1,500,False,False,False,1.0,366.87046848151954;,366.87046848151954;
True,0.5,0,1,500,False,False,False,1.0,595.9262394755298;,595.9262394755298;
True,0.5,0,1,500,False,False,False,1.0,230.3560220541457;,230.3560220541457;
True,0.5,0,1,500,False,False,False,1.0,490.7269220088369;,490.7269220088369;
True,0.5,0,1,500,False,False,False,1.0,810.5337994858586;,810.5337994858586;
True,0.5,0,1,500,False,False,False,1.0,160.19437149870802;,160.19437149870802;
True,0.5,0,1,500,False,False,False,1.0,101.17232894280097;,101.17232894280097;
True,0.5,0,1,500,False,False,False,1.0,416.80094723176694;,416.80094723176694;
True,0.5,0,1,500,False,False,False,1.0,228.9743364012208;,228.9743364012208;
True,0.5,0,1,500,False,False,False,1.0,305.42437385699606;,305.42437385699606;
True,0.5,0,1,500,False,False,False,1.0,333.38596637419454;,333.38596637419454;
True,0.5,0,1,500,False,False,False,1.0,298.0868019045933;,298.0868019045933;
True,0.5,0,1,500,False,False,False,1.0,105.21390036810499;,105.21390036810499;
True,0.5,0,1,500,False,False,False,1.0,174.1022154366157;,174.1022154366157;
True,0.5,0,1,500,False,False,False,1.0,497.70624892783883;,497.70624892783883;
True,0.5,0,1,500,False,False,False,1.0,802.8321756943584;,802.8321756943584;
True,0.5,0,1,500,False,False,False,1.0,634.0595492847459;,634.0595492847459;
True,0.5,0,1,500,False,False,False,1.0,364.51020267060863;,364.51020267060863;
True,0.5,0,1,500,False,False,False,1.0,264.6989824885635;,264.6989824885635;
True,0.5,0,1,500,False,False,False,1.0,417.8480950532636;,417.8480950532636;
True,0.5,0,1,500,False,False,False,1.0,160.57094526398592;,160.57094526398592;
True,0.5,0,1,500,False,False,False,1.0,276.4315319264085;,276.4315319264085;
True,0.5,0,1,500,False,False,False,1.0,240.76621751415254;,240.76621751415254;
True,0.5,0,1,500,False,False,False,1.0,85.73965743745374;,85.73965743745374;
True,0.5,0,1,500,False,False,False,1.0,113.28344580228014;,113.28344580228014;
True,0.5,0,1,500,False,False,False,1.0,500.40976106996595;,500.40976106996595;
True,0.5,0,1,500,False,False,False,1.0,566.2925080829147;,566.2925080829147;
True,0.5,0,1,500,False,False,False,1.0,279.98447844825904;,279.98447844825904;
True,0.5,0,1,500,False,False,False,1.0,33.15641351510249;,33.15641351510249;
True,0.5,0,1,500,False,False,False,1.0,136.20048218603932;,136.20048218603932;
True,0.5,0,1,500,False,False,False,1.0,236.6329630733832;,236.6329630733832;
True,0.5,0,1,500,False,False,False,1.0,373.4681586928214;,373.4681586928214;
True,0.5,0,1,500,False,False,False,1.0,816.6890782898015;,816.6890782898015;
True,0.5,0,1,500,False,False,False,1.0,364.006569513739;,364.006569513739;
True,0.5,0,1,500,False,False,False,1.0,115.0624068798604;,115.0624068798604;
True,0.5,0,1,500,False,False,False,1.0,321.8662648131083;,321.8662648131083;
True,0.5,0,1,500,False,False,False,1.0,693.1239989032958;,693.1239989032958;
True,0.5,0,1,500,False,False,False,1.0,812.3410181135107;,812.3410181135107;
True,0.5,0,1,500,False,False,False,1.0,228.90073136691748;,228.90073136691748;
True,0.5,0,1,500,False,False,False,1.0,513.9461926154827;,513.9461926154827;
True,0.5,0,1,500,False,False,False,1.0,683.3364027755822;,683.3364027755822;
True,0.5,0,1,500,False,False,False,1.0,434.7684722271612;,434.7684722271612;
True,0.5,0,1,500,False,False,False,1.0,360.59562032763245;,360.59562032763245;
True,0.5,0,1,500,False,False,False,1.0,775.3296431600876;,775.3296431600876;
True,0.5,0,1,500,False,False,False,1.0,257.53981311077524;,257.53981311077524;
True,0.5,0,1,500,False,False,False,1.0,373.35941494577577;,373.35941494577577;
True,0.5,0,1,500,False,False,False,1.0,717.248847176445;,717.248847176445;
True,0.5,0,1,500,False,False,False,1.0,332.0268794141813;,332.0268794141813;
True,0.5,0,1,500,False,False,False,1.0,20.90557626650512;,20.90557626650512;
True,0.5,0,1,500,False,False,False,1.0,609.6101272998192;,609.6101272998192;
True,0.5,0,1,500,False,False,False,1.0,294.17043030083806;,294.17043030083806;
True,0.5,0,1,500,False,False,False,1.0,509.3965213152262;,509.3965213152262;
True,0.5,0,1,500,False,False,False,1.0,579.3029347945811;,579.3029347945811;
True,0.5,0,1,500,False,False,False,1.0,1032.2213578410422;,1032.2213578410422;
True,0.5,0,1,500,False,False,False,1.0,588.5849113787682;,588.5849113787682;
True,0.5,0,1,500,False,False,False,1.0,498.4983927976727;,498.4983927976727;
True,0.5,0,1,500,False,False,False,1.0,225.87511890885816;,225.87511890885816;
True,0.5,0,1,500,False,False,False,1.0,589.211918515462;,589.211918515462;
True,0.5,0,1,500,False,False,False,1.0,147.0409136882959;,147.0409136882959;
True,0.5,0,1,500,False,False,False,1.0,264.42483825529524;,74.49290053005598;
True,0.5,0,1,500,False,False,False,1.0,391.4817121551387;,391.4817121551387;
True,0.5,0,1,500,False,False,False,1.0,941.3497576725939;,941.3497576725939;
True,0.5,0,1,500,False,False,False,1.0,682.2782336121918;,682.2782336121918;
True,0.5,0,1,500,False,False,False,1.0,381.93942158610963;,381.93942158610963;
True,0.5,0,1,500,False,False,False,1.0,535.2647802427397;,535.2647802427397;
True,0.5,0,1,500,False,False,False,1.0,295.53121721851704;,295.53121721851704;
True,0.5,0,1,500,False,False,False,1.0,537.2256865982769;,537.2256865982769;
True,0.5,0,1,500,False,False,False,1.0,224.10689493735572;,224.10689493735572;
True,0.5,0,1,500,False,False,False,1.0,399.23723231200694;,399.23723231200694;
True,0.5,0,1,500,False,False,False,1.0,192.3752020616284;,192.3752020616284;
True,0.5,0,1,500,False,False,False,1.0,544.7421229566479;,544.7421229566479;
True,0.5,0,1,500,False,False,False,1.0,666.9230003658171;,494.7469365737692;
True,0.5,0,1,500,False,False,False,1.0,26.51158871783713;,26.51158871783713;
True,0.5,0,1,500,False,False,False,1.0,362.6174387518337;,362.6174387518337;
True,0.5,0,1,500,False,False,False,1.0,191.2608999047514;,191.2608999047514;
True,0.5,0,1,500,False,False,False,1.0,873.6395750236696;,873.6395750236696;
True,0.5,0,1,500,False,False,False,1.0,391.20201713724776;,391.20201713724776;
True,0.5,0,1,500,False,False,False,1.0,450.4613568975018;,450.4613568975018;
True,0.5,0,1,500,False,False,False,1.0,841.8238704479911;,841.8238704479911;
True,0.5,0,1,500,False,False,False,1.0,521.3156716992655;,521.3156716992655;
True,0.5,0,1,500,False,False,False,1.0,528.1531328023066;,528.1531328023066;
True,0.5,0,1,500,False,False,False,1.0,114.26988218423686;,114.26988218423686;
True,0.5,0,1,500,False,False,False,1.0,297.95236556202065;,297.95236556202065;
True,0.5,0,1,500,False,False,False,1.0,283.005390732287;,283.005390732287;
True,0.5,0,1,500,False,False,False,1.0,374.5405245123477;,374.5405245123477;
True,0.5,0,1,500,False,False,False,1.0,248.95906722132804;,248.95906722132804;
True,0.5,0,1,500,False,False,False,1.0,136.49635268328964;,136.49635268328964;
True,0.5,0,1,500,False,False,False,1.0,178.6647218702734;,178.6647218702734;
True,0.5,0,1,500,False,False,False,1.0,442.7028731750229;,442.7028731750229;
True,0.5,0,1,500,False,False,False,1.0,523.6438167702115;,523.6438167702115;
True,0.5,0,1,500,False,False,False,1.0,556.4816197236171;,556.4816197236171;
True,0.5,0,1,500,False,False,False,1.0,370.36661703413597;,370.36661703413597;
True,0.5,0,1,500,False,False,False,1.0,277.3480588019961;,277.3480588019961;
True,0.5,0,1,500,False,False,False,1.0,225.98552730872683;,225.98552730872683;
True,0.5,0,1,500,False,False,False,1.0,91.84530861247036;,91.84530861247036;
True,0.5,0,1,500,False,False,False,1.0,375.6322585506986;,375.6322585506986;
True,0.5,0,1,500,False,False,False,1.0,375.9604513428711;,375.9604513428711;
True,0.5,0,1,500,False,False,False,1.0,163.62552970186323;,163.62552970186323;
True,0.5,0,1,500,False,False,False,1.0,287.39605765105506;,287.39605765105506;
True,0.5,0,1,500,False,False,False,1.0,185.44388793811737;,185.44388793811737;
True,0.5,0,1,500,False,False,False,1.0,597.2083323154759;,597.2083323154759;
True,0.5,0,1,500,False,False,False,1.0,312.3258276594931;,312.3258276594931;
True,0.5,0,1,500,False,False,False,1.0,494.57315968451286;,494.57315968451286;
True,0.5,0,1,500,False,False,False,1.0,368.13504124532744;,368.13504124532744;
True,0.5,0,1,500,False,False,False,1.0,318.93501439583224;,288.94951765191433;
True,0.5,0,1,500,False,False,False,1.0,658.9145065997872;,658.9145065997872;
True,0.5,0,1,500,False,False,False,1.0,139.75234671930136;,139.75234671930136;
True,0.5,0,1,500,False,False,False,1.0,724.231486033008;,724.231486033008;
True,0.5,0,1,500,False,False,False,1.0,435.70959404243007;,435.70959404243007;
True,0.5,0,1,500,False,False,False,1.0,250.0005114582416;,250.0005114582416;
True,0.5,0,1,500,False,False,False,1.0,515.2822644631178;,515.2822644631178;
True,0.5,0,1,500,False,False,False,1.0,138.39124480071433;,138.39124480071433;
True,0.5,0,1,500,False,False,False,1.0,714.1517982316584;,714.1517982316584;
True,0.5,0,1,500,False,False,False,1.0,250.71548492892668;,250.71548492892668;
True,0.5,0,1,500,False,False,False,1.0,717.9585172389719;,717.9585172389719;
True,0.5,0,1,500,False,False,False,1.0,431.65339262447424;,431.65339262447424;
True,0.5,0,1,500,False,False,False,1.0,233.80326772373678;,233.80326772373678;
True,0.5,0,1,500,False,False,False,1.0,497.2078153437721;,497.2078153437721;
True,0.5,0,1,500,False,False,False,1.0,164.48677607709612;,164.48677607709612;
True,0.5,0,1,500,False,False,False,1.0,456.4346257887192;,456.4346257887192;
True,0.5,0,1,500,False,False,False,1.0,677.7752785495002;,677.7752785495002;
True,0.5,0,1,500,False,False,False,1.0,449.0467754594646;,449.0467754594646;
True,0.5,0,1,500,False,False,False,1.0,54.05197756819889;,54.05197756819889;
True,0.5,0,1,500,False,False,False,1.0,448.5517852130849;,478.9145967781125;
True,0.5,0,1,500,False,False,False,1.0,318.61064353062136;,318.61064353062136;
True,0.5,0,1,500,False,False,False,1.0,487.84477030117466;,487.84477030117466;
True,0.5,0,1,500,False,False,False,1.0,325.14302477789255;,325.14302477789255;
True,0.5,0,1,500,False,False,False,1.0,339.9972758235468;,339.9972758235468;
True,0.5,0,1,500,False,False,False,1.0,337.6806186256708;,337.6806186256708;
True,0.5,0,1,500,False,False,False,1.0,252.7592230975151;,252.7592230975151;
True,0.5,0,1,500,False,False,False,1.0,90.31501527429319;,90.31501527429319;
True,0.5,0,1,500,False,False,False,1.0,472.6586902613166;,472.6586902613166;
True,0.5,0,1,500,False,False,False,1.0,765.6819848580332;,765.6819848580332;
True,0.5,0,1,500,False,False,False,1.0,312.4078019831894;,312.4078019831894;
True,0.5,0,1,500,False,False,False,1.0,158.4015007663741;,158.4015007663741;
True,0.5,0,1,500,True,False,False,,,
True,0.5,0,1,500,False,False,False,1.0,412.488704839483;,412.488704839483;
True,0.5,0,1,500,False,False,False,1.0,385.7119415250316;,385.7119415250316;
True,0.5,0,1,500,False,False,False,1.0,218.97406141301525;,218.97406141301525;
True,0.5,0,1,500,False,False,False,1.0,248.1852532158029;,248.1852532158029;
True,0.5,0,1,500,False,False,False,1.0,202.04638562466948;,202.04638562466948;
True,0.5,0,1,500,False,False,False,1.0,351.1533363101692;,351.1533363101692;
True,0.5,0,1,500,False,False,False,1.0,152.4789716059428;,152.4789716059428;
True,0.5,0,1,500,False,False,False,1.0,46.19730158212807;,46.19730158212807;
True,0.5,0,1,500,False,False,False,1.0,507.8110790877607;,507.8110790877607;
True,0.5,0,1,500,False,False,False,1.0,344.86572175866587;,344.86572175866587;
True,0.5,0,1,500,False,False,False,1.0,137.71326835101516;,137.71326835101516;
True,0.5,0,1,500,False,False,False,1.0,641.3739207653917;,641.3739207653917;
True,0.5,0,1,500,False,False,False,1.0,352.1291464560828;,352.1291464560828;
True,0.5,0,1,500,False,False,False,1.0,539.6857960371495;,539.6857960371495;
True,0.5,0,1,500,False,False,False,1.0,250.31835993254793;,250.31835993254793;
True,0.5,0,1,500,False,False,False,1.0,199.31132745130574;,199.31132745130574;
True,0.5,0,1,500,False,False,False,1.0,443.3798821255091;,443.3798821255091;
True,0.5,0,1,500,False,False,False,1.0,505.8419480345373;,505.8419480345373;
True,0.5,0,1,500,False,False,False,1.0,607.036494344662;,607.036494344662;
True,0.5,0,1,500,False,False,False,1.0,387.19338194431185;,387.19338194431185;
True,0.5,0,1,500,False,False,False,1.0,537.1541174767161;,537.1541174767161;
True,0.5,0,1,500,False,False,False,1.0,38.36056829307116;,38.36056829307116;
True,0.5,0,1,500,False,False,False,1.0,308.13372016797433;,308.13372016797433;
True,0.5,0,1,500,False,False,False,1.0,753.3542635359686;,753.3542635359686;
True,0.5,0,1,500,False,False,False,1.0,379.23916045717925;,379.23916045717925;
True,0.5,0,1,500,False,False,False,1.0,591.8202262039292;,591.8202262039292;
True,0.5,0,1,500,False,False,False,1.0,397.9041672207078;,397.9041672207078;
True,0.5,0,1,500,False,False,False,1.0,510.8766805771788;,510.8766805771788;
True,0.5,0,1,500,False,False,False,1.0,253.43750474499387;,253.43750474499387;
True,0.5,0,1,500,False,False,False,1.0,135.71322349536825;,135.71322349536825;
True,0.5,0,1,500,False,False,False,1.0,155.74956907231925;,155.74956907231925;
True,0.5,0,1,500,False,False,False,1.0,619.6048607244353;,619.6048607244353;
True,0.5,0,1,500,False,False,False,1.0,390.83266292715984;,390.83266292715984;
True,0.5,0,1,500,False,False,False,1.0,165.9293804929767;,165.9293804929767;
True,0.5,0,1,500,False,False,False,1.0,308.12341387975675;,387.85596774210325;
True,0.5,0,1,500,False,False,False,1.0,225.3470406282591;,225.3470406282591;
True,0.5,0,1,500,False,False,False,1.0,241.084347923162;,241.084347923162;
True,0.5,0,1,500,False,False,False,1.0,467.5764252562492;,467.5764252562492;
True,0.5,0,1,500,False,False,False,1.0,158.02540115161293;,158.02540115161293;
True,0.5,0,1,500,False,False,False,1.0,233.5425864319724;,233.5425864319724;
True,0.5,0,1,500,False,False,False,1.0,614.7368523819285;,614.7368523819285;
True,0.5,0,1,500,False,False,False,1.0,281.17853348395863;,281.17853348395863;
True,0.5,0,1,500,False,False,False,1.0,389.1910070624965;,389.1910070624965;
True,0.5,0,1,500,False,False,False,1.0,627.3822374218527;,461.98064026319287;
True,0.5,0,1,500,False,False,False,1.0,106.63482203527205;,106.63482203527205;
True,0.5,0,1,500,False,False,False,1.0,205.74342693719612;,205.74342693719612;
True,0.5,0,1,500,False,False,False,1.0,118.9448727825125;,118.9448727825125;
True,0.5,0,1,500,False,False,False,1.0,460.05465452680306;,460.05465452680306;
True,0.5,0,1,500,False,False,False,1.0,433.5038848965166;,433.5038848965166;
True,0.5,0,1,500,False,False,False,1.0,204.34517552589156;,204.34517552589156;
True,0.5,0,1,500,False,False,False,1.0,319.8417097049171;,319.8417097049171;
True,0.5,0,1,500,False,False,False,1.0,330.3188445866054;,330.3188445866054;
True,0.5,0,1,500,False,False,False,1.0,424.6144224308061;,424.6144224308061;
True,0.5,0,1,500,False,False,False,1.0,543.926590275435;,543.926590275435;
True,0.5,0,1,500,False,False,False,1.0,660.7425995651969;,660.7425995651969;
True,0.5,0,1,500,False,False,False,1.0,623.7005765827963;,623.7005765827963;
True,0.5,0,1,500,False,False,False,1.0,273.476223900729;,273.476223900729;
True,0.5,0,1,500,False,False,False,1.0,199.97186291928605;,199.97186291928605;
True,0.5,0,1,500,False,False,False,1.0,525.4702597375118;,525.4702597375118;
True,0.5,0,1,500,False,False,False,1.0,118.63988429396592;,884.648875945002;
True,0.5,0,1,500,False,False,False,1.0,329.52142035752905;,329.52142035752905;
True,0.5,0,1,500,False,False,False,1.0,306.27296457120275;,306.27296457120275;
True,0.5,0,1,500,False,False,False,1.0,380.35019032507194;,380.35019032507194;
True,0.5,0,2,500,False,False,False,1.0,369.1938301473818;191.00933769883497;,369.1938301473818;191.00933769883497;
True,0.5,0,2,500,False,False,False,1.0,459.38345622587445;345.2978670935056;,464.9615985742005;109.437671093552;
True,0.5,0,2,500,False,False,False,1.0,341.8210619024961;997.5721191999644;,290.44059129275377;876.6030887125562;
True,0.5,0,2,500,False,False,False,1.0,305.62348816258054;299.30240938723813;,305.62348816258054;299.30240938723813;
True,0.5,0,2,500,False,False,False,1.0,184.39792656023178;602.3063060577374;,184.39792656023178;602.3063060577374;
True,0.5,0,2,500,False,False,False,1.0,678.1236868576378;758.3640770849021;,422.6028961343423;778.3347755978655;
True,0.5,0,2,500,False,False,False,1.0,362.3529457696994;340.04422321658717;,498.7850262934657;543.5840497008725;
True,0.5,0,2,500,False,False,False,1.0,248.2623537503823;495.53905204083844;,248.2623537503823;466.2841090165629;
True,0.5,0,2,500,False,False,False,1.0,306.64493172429553;453.2556326352418;,262.8320154396837;525.9602288449612;
True,0.5,0,2,500,False,False,False,1.0,728.2151325155243;166.19922607444687;,564.5461836025665;138.12027095462324;
True,0.5,0,2,500,False,False,False,1.0,224.0368881987252;185.80366200714428;,227.19210009005448;181.2114789104113;
True,0.5,0,2,500,False,False,False,0.5,608.1057054251703;,100.86278920052544;
True,0.5,0,2,500,False,False,False,1.0,269.6358586815395;228.9402388022945;,269.6358586815395;228.9402388022945;
True,0.5,0,2,500,False,False,False,1.0,477.9007609014874;472.5047926712354;,477.9007609014874;472.5047926712354;
True,0.5,0,2,500,False,False,False,1.0,174.2205246203494;539.9018692120812;,228.6806318950457;547.0723955509424;
True,0.5,0,2,500,False,False,False,1.0,215.0386938491798;85.82683154113684;,215.0386938491798;85.82683154113684;
True,0.5,0,2,500,False,False,False,1.0,276.58944713819824;659.1527917625614;,276.58944713819824;748.6940531498162;
True,0.5,0,2,500,False,False,False,1.0,378.61822457267607;428.5208200267079;,363.75732300634866;156.07897527174913;
True,0.5,0,2,500,False,False,False,1.0,112.68443014250477;317.4150070769583;,112.68443014250477;317.4150070769583;
True,0.5,0,2,500,False,False,False,1.0,184.44299413478296;72.88819163465953;,187.04109993475754;74.90509196395372;
True,0.5,0,2,500,False,False,False,1.0,391.5712623421198;588.3421094274546;,391.5712623421198;588.3421094274546;
True,0.5,0,2,500,False,False,False,1.0,319.99458522551504;330.7867173980198;,250.42873524541523;380.84130416315344;
True,0.5,0,2,500,False,False,False,1.0,124.5143729471768;122.6125246983981;,124.5143729471768;122.6125246983981;
True,0.5,0,2,500,False,False,False,1.0,299.5846633817611;207.60285722878393;,299.5846633817611;207.60285722878393;
True,0.5,0,2,500,False,False,False,1.0,270.9529331127801;127.79455122316563;,287.98777460790916;127.72490476822077;
True,0.5,0,2,500,False,False,False,1.0,665.6607274562849;899.9374100147473;,669.3088135574664;270.2393866305984;
True,0.5,0,2,500,False,False,False,1.0,851.7968531428678;245.4048092782942;,539.8694293776383;131.37438568867893;
True,0.5,0,2,500,False,False,False,0.5,995.6786861549007;,130.7459961820218;
True,0.5,0,2,500,False,False,False,1.0,284.498075447864;369.934520328486;,293.3939652685984;362.9050833189791;
True,0.5,0,2,500,False,False,False,0.5,169.3811675370204;,176.47152768365515;
True,0.5,0,2,500,False,False,False,0.5,1364.8517784974156;,240.0346581413642;
True,0.5,0,2,500,False,False,False,1.0,93.67738853602668;268.3973890903552;,138.62633800946654;217.15044706203278;
True,0.5,0,2,500,False,False,False,1.0,260.3047892679718;96.91626412181033;,260.3047892679718;96.91626412181033;
True,0.5,0,2,500,False,False,False,1.0,130.25528491575568;243.5586957176284;,254.04774425391568;243.5586957176284;
True,0.5,0,2,500,False,False,False,0.5,1316.5016668931182;,177.0853679474361;
True,0.5,0,2,500,False,False,False,1.0,255.56230536216614;225.51683244851495;,255.56230536216614;225.51683244851495;
True,0.5,0,2,500,False,False,False,1.0,509.7933047639428;182.986986345652;,501.90451333156295;199.02531637652558;
True,0.5,0,2,500,False,False,False,1.0,463.4219446256804;420.77728330265575;,386.2404011405742;367.7060336504615;
True,0.5,0,2,500,False,False,False,1.0,130.62511248609266;997.9206389316388;,130.62511248609266;997.9206389316388;
True,0.5,0,2,500,False,False,False,1.0,629.7777101932459;44.60507630172353;,629.7777101932459;44.60507630172353;
True,0.5,0,2,500,False,False,False,1.0,659.275593245471;303.6727982753174;,659.275593245471;303.6727982753174;
True,0.5,0,2,500,False,False,False,1.0,420.5390551720333;305.5151854558859;,568.3302994450993;98.8697667133148;
True,0.5,0,2,500,False,False,False,1.0,331.14995753586015;815.7869370586842;,331.14995753586015;472.59868774641467;
True,0.5,0,2,500,False,False,False,1.0,417.44671600556165;380.45527271378194;,461.5971176396609;432.49014933794524;
True,0.5,0,2,500,False,False,False,1.0,285.2629233418782;603.608078490994;,310.24489215602864;580.5730136192329;
True,0.5,0,2,500,False,False,False,1.0,573.9030658633955;213.8683045105238;,573.9030658633955;213.8683045105238;
True,0.5,0,2,500,False,False,False,0.5,1131.5415796690074;,281.7447107344185;
True,0.5,0,2,500,False,False,False,1.0,245.25619475479945;195.36187241901206;,225.4621798074292;196.15987699071755;
True,0.5,0,2,500,False,False,False,1.0,663.4470008952547;440.4947560348281;,663.4470008952547;440.4947560348281;
True,0.5,0,2,500,False,False,False,1.0,555.0602704149303;456.9677908696376;,470.83773911053487;453.58708630809895;
True,0.5,0,2,500,False,False,False,1.0,243.25901143236518;233.99461135086207;,243.25901143236518;233.99461135086207;
True,0.5,0,2,500,False,False,False,1.0,137.61163139162312;389.78492519576093;,277.32180380251833;335.79789719128513;
True,0.5,0,2,500,False,False,False,1.0,459.2765756404573;211.98982983890974;,459.2765756404573;211.98982983890974;
True,0.5,0,2,500,False,False,False,0.5,784.0865539730781;,194.6747739569832;
True,0.5,0,2,500,False,False,False,1.0,432.03445099976045;334.5240243948447;,428.1098041971655;336.5622003056997;
True,0.5,0,2,500,False,False,False,1.0,41.268721826945665;557.2387240796703;,42.19297195363843;561.563024461026;
True,0.5,0,2,500,False,False,False,1.0,473.6917482729851;174.37628152244318;,468.7073511813105;242.72927027711694;
True,0.5,0,2,500,False,False,False,1.0,33.840465531744734;275.43696544904606;,58.68824575058639;251.89041465358437;
True,0.5,0,2,500,False,False,False,1.0,317.0581862930112;566.223684136707;,246.95646722906932;309.94825061837446;
True,0.5,0,2,500,False,False,False,0.5,1101.062002752594;,219.46019175373576;
True,0.5,0,2,500,False,False,False,1.0,220.3925034606478;381.3745310254533;,220.3925034606478;381.3745310254533;
True,0.5,0,2,500,False,False,False,1.0,271.1436858440291;271.07975063959054;,197.51162856596292;221.26190807535178;
True,0.5,0,2,500,False,False,False,1.0,449.15697878478176;315.3555677689003;,449.15697878478176;315.3555677689003;
True,0.5,0,2,500,False,False,False,1.0,421.8109500770339;61.297114386015274;,449.9395290235099;116.95565259412645;
True,0.5,0,2,500,False,False,False,1.0,151.06176344963222;211.80296373812388;,150.68044980154258;194.73624204438548;
True,0.5,0,2,500,False,False,False,1.0,543.8436233948454;84.67055966202872;,543.8436233948454;84.67055966202872;
True,0.5,0,2,500,False,False,False,1.0,402.26587157178386;572.589027405204;,402.26587157178386;572.589027405204;
True,0.5,0,2,500,False,False,False,1.0,426.3837739270798;556.7216486734352;,315.1174236894962;579.675003522813;
True,0.5,0,2,500,False,False,False,1.0,183.2510624654451;314.19683552110143;,183.2510624654451;314.19683552110143;
True,0.5,0,2,500,False,False,False,0.5,128.39093168522393;,614.5031315045377;
True,0.5,0,2,500,False,False,False,1.0,320.68452567928534;347.16876186585625;,295.3507054677275;354.84934164989517;
True,0.5,0,2,500,False,False,False,1.0,383.62258889797454;217.828133151858;,293.8989321652657;184.87118434733887;
True,0.5,0,2,500,False,False,False,1.0,627.3745454155853;487.94742842053785;,395.01592868689136;487.94742842053785;
True,0.5,0,2,500,False,False,False,1.0,386.63708384631406;250.07694872001466;,386.63708384631406;250.07694872001466;
True,0.5,0,2,500,False,False,False,1.0,177.9503288151679;448.67835512151856;,177.9503288151679;448.67835512151856;
True,0.5,0,2,500,False,False,False,1.0,85.38139425449675;493.23964650816777;,85.38139425449675;493.23964650816777;
True,0.5,0,2,500,False,False,False,1.0,740.2067431562789;390.66996575382757;,504.0811708306525;335.7090177180723;
True,0.5,0,2,500,False,False,False,1.0,276.0284498396649;321.32291980157197;,276.0284498396649;321.32291980157197;
True,0.5,0,2,500,False,False,False,1.0,378.6204078833286;433.97701650899126;,266.90476688271985;320.4297625826865;
True,0.5,0,2,500,False,False,False,1.0,226.5889622496624;602.5341261044612;,226.5889622496624;602.5341261044612;
True,0.5,0,2,500,False,False,False,1.0,696.4259888126995;884.0049935316611;,696.4259888126995;891.1584201345596;
True,0.5,0,2,500,False,False,False,0.5,1072.5133898071908;,358.1184809699254;
True,0.5,0,2,500,False,False,False,1.0,297.72460112083564;324.8400890539182;,297.72460112083564;324.8400890539182;
True,0.5,0,2,500,False,False,False,1.0,410.8205981074784;637.233964399167;,410.8205981074784;637.233964399167;
True,0.5,0,2,500,False,False,False,1.0,557.960156547303;349.02205988894764;,186.8172953903609;322.71262457654655;
True,0.5,0,2,500,False,False,False,1.0,171.92087077454744;196.8793356691872;,287.74755114112446;220.61682340475392;
True,0.5,0,2,500,False,False,False,1.0,259.0625305045179;285.9433872911012;,180.4358037026967;209.02986382544583;
True,0.5,0,2,500,False,False,False,1.0,256.9095775168016;352.68002471252095;,256.9095775168016;352.68002471252095;
True,0.5,0,2,500,False,False,False,1.0,519.1833061098272;978.5975697989568;,519.1833061098272;978.5975697989568;
True,0.5,0,2,500,False,False,False,1.0,428.5855322502348;558.5037285439216;,428.5855322502348;558.5037285439216;
True,0.5,0,2,500,False,False,False,1.0,250.03690051780725;391.9812585202696;,250.03690051780725;391.9812585202696;
True,0.5,0,2,500,False,False,False,1.0,88.11322524455993;354.5069470643454;,88.11322524455993;354.5069470643454;
True,0.5,0,2,500,False,False,False,1.0,596.488726775596;331.6817170322732;,596.488726775596;331.6817170322732;
True,0.5,0,2,500,False,False,False,0.5,1261.1789629122559;,466.68505588113;
True,0.5,0,2,500,False,False,False,1.0,300.44138014266844;475.55130379967636;,266.38758028216586;278.7514072999141;
True,0.5,0,2,500,False,False,False,1.0,619.2918307056298;321.18710975883005;,626.2135379155507;325.3964362605472;
True,0.5,0,2,500,False,False,False,1.0,224.65819967059775;801.3279957100806;,310.14905312872247;730.3298880686959;
True,0.5,0,2,500,False,False,False,1.0,193.1749473607094;213.1349008794167;,182.69529822781416;213.1349008794167;
True,0.5,0,2,500,False,False,False,1.0,135.88573544264133;250.26262777486974;,68.92351274940656;243.54561511438325;
True,0.5,0,2,500,False,False,False,1.0,133.5614388190109;393.451461239018;,141.132792706593;155.88585646592736;
True,0.5,0,2,500,False,False,False,1.0,385.40903202039124;245.7027165034657;,385.40903202039124;245.7027165034657;
True,0.5,0,2,500,False,False,False,1.0,458.56066767246426;170.2252552255712;,472.3950867706181;180.2720878176004;
True,0.5,0,2,500,False,False,False,1.0,228.79774407500562;436.03175468521874;,144.28816905618896;271.6721401971617;
True,0.5,0,2,500,False,False,False,1.0,461.68301369734377;711.9827938292594;,522.5132957368573;707.1892490642763;
True,0.5,0,2,500,False,False,False,1.0,695.6895178714319;182.17017719088014;,692.4545201968322;216.94731214050896;
True,0.5,0,2,500,False,False,False,1.0,122.10879653820665;248.4987399772143;,119.08376394844936;258.0807758673776;
True,0.5,0,2,500,False,False,False,1.0,242.26987562555826;74.50186990509687;,242.26987562555826;74.50186990509687;
True,0.5,0,2,500,False,False,False,1.0,277.75395128458007;156.77506770646207;,277.75395128458007;156.77506770646207;
True,0.5,0,2,500,False,False,False,1.0,656.2306375221474;555.47802249929;,633.0896663949378;529.0509726335196;
True,0.5,0,2,500,False,False,False,1.0,168.10841840344062;150.70271859812453;,280.9992423064751;119.98126728169163;
True,0.5,0,2,500,False,False,False,1.0,404.7367137255622;106.3414643722435;,374.5164834001464;130.97160001580434;
True,0.5,0,2,500,False,False,False,0.5,1128.8975277202517;,273.41354356827844;
True,0.5,0,2,500,False,False,False,1.0,638.5262266528514;350.76602532962806;,638.5262266528514;350.76602532962806;
True,0.5,0,2,500,False,False,False,1.0,778.0756973420191;134.83179651149104;,778.0756973420191;160.2973261826729;
True,0.5,0,2,500,False,False,False,0.5,361.2910126611091;,185.6631195484644;
True,0.5,0,2,500,False,False,False,1.0,579.698787003392;472.7416906313431;,579.698787003392;472.7416906313431;
True,0.5,0,2,500,False,False,False,1.0,277.3276200961327;339.9151740000009;,348.38149727886844;335.3563733281624;
True,0.5,0,2,500,False,False,False,1.0,271.5056507759825;164.80846088017927;,318.4104330978251;189.017240583797;
True,0.5,0,2,500,False,False,False,1.0,15.427207315848309;596.6548614742227;,15.427207315848309;596.6548614742227;
True,0.5,0,2,500,False,False,False,1.0,304.0295423019283;361.78016149070623;,304.0295423019283;361.78016149070623;
True,0.5,0,2,500,False,False,False,1.0,156.05761995231197;295.7253127605795;,156.05761995231197;518.1836277546618;
True,0.5,0,2,500,False,False,False,1.0,580.5986706370811;148.79790556841152;,580.5986706370811;148.79790556841152;
True,0.5,0,2,500,False,False,False,1.0,481.18113443349745;595.6012760851376;,191.66508941668621;595.6012760851376;
True,0.5,0,2,500,False,False,False,1.0,43.81920877071353;308.072816915785;,43.81920877071353;526.2506561215207;
True,0.5,0,2,500,False,False,False,1.0,94.75329669025905;674.5829520841015;,290.9849955137134;862.9587592106087;
True,0.5,0,2,500,False,False,False,1.0,313.64178002059117;118.47123602979303;,233.07213183842762;115.18164660627049;
True,0.5,0,2,500,False,False,False,1.0,201.65231840741907;202.52731055665143;,201.65231840741907;202.52731055665143;
True,0.5,0,2,500,False,False,False,1.0,332.1484184314461;181.15440069345607;,332.1484184314461;155.16856616359286;
True,0.5,0,2,500,False,False,False,1.0,362.0729326362243;407.09110997537084;,362.0729326362243;407.09110997537084;
True,0.5,0,2,500,False,False,False,1.0,163.60343119269305;811.2588223424011;,524.5469754620831;255.05122673455605;
True,0.5,0,2,500,False,False,False,1.0,434.7102446206038;726.2955324724401;,434.7102446206038;726.2955324724401;
True,0.5,0,2,500,False,False,False,1.0,247.85739263441707;182.46325766695443;,247.85739263441707;182.46325766695443;
True,0.5,0,2,500,False,False,False,0.5,623.0033050522646;,404.6402982360794;
True,0.5,0,2,500,False,False,False,1.0,658.304544858777;699.8600332373433;,523.0941700613972;529.6264700869186;
True,0.5,0,2,500,False,False,False,1.0,513.2804718592796;384.0044237085034;,513.2804718592796;384.0044237085034;
True,0.5,0,2,500,False,False,False,1.0,440.1068817738696;151.58597794429156;,511.5446977912687;57.85410420908048;
True,0.5,0,2,500,False,False,False,1.0,749.8990596031654;572.1810047630331;,569.1059841038442;681.5382108667069;
True,0.5,0,2,500,False,False,False,1.0,351.1921930809509;243.06684267141526;,396.5343372705329;290.4969036701174;
True,0.5,0,2,500,False,False,False,1.0,190.33165342772153;117.5134369762609;,190.33165342772153;117.5134369762609;
True,0.5,0,2,500,False,False,False,1.0,468.3046939363912;286.1699949353773;,420.50279173152023;279.6315418663456;
True,0.5,0,2,500,False,False,False,1.0,449.25700665857596;355.34206842199865;,304.5733547631715;381.4216876871308;
True,0.5,0,2,500,False,False,False,0.5,879.5546972175705;,450.33305292692336;
True,0.5,0,2,500,False,False,False,1.0,331.1239793915173;204.75752871836397;,331.1239793915173;204.75752871836397;
True,0.5,0,2,500,False,False,False,1.0,338.08257721237743;189.42870049987428;,315.2693709346004;189.42870049987428;
True,0.5,0,2,500,False,False,False,0.5,910.8283074724272;,169.19858465738;
True,0.5,0,2,500,False,False,False,1.0,225.63578818855677;186.53184388916094;,225.63578818855677;186.53184388916094;
True,0.5,0,2,500,False,False,False,1.0,296.91782345905057;821.9309544354123;,184.31831834491652;824.483636520653;
True,0.5,0,2,500,False,False,False,1.0,44.09013758658049;601.9731935585338;,213.0823453358789;469.6345965108147;
True,0.5,0,2,500,False,False,False,1.0,406.60316093718586;135.5085156835062;,388.5893141399176;136.41903934171887;
True,0.5,0,2,500,False,False,False,0.5,692.6037590882208;,366.30076497831226;
True,0.5,0,2,500,False,False,False,1.0,214.1188379732044;77.95921884969597;,255.19681281089393;13.909000839047728;
True,0.5,0,2,500,False,False,False,0.5,435.5670973653711;,114.64261146296707;
True,0.5,0,2,500,False,False,False,1.0,308.90115153150595;291.4877516848546;,250.95137397339877;301.63767661317974;
True,0.5,0,2,500,False,False,False,0.5,368.0876561673083;,191.46951895291247;
True,0.5,0,2,500,False,False,False,1.0,706.3679873213202;947.7299699147383;,347.6707038375609;602.7270678366149;
True,0.5,0,2,500,False,False,False,1.0,411.8016461264087;260.7974125264475;,229.9464380416718;364.13613692232406;
True,0.5,0,2,500,False,False,False,1.0,565.2989749884877;247.32023727402742;,565.2989749884877;247.32023727402742;
True,0.5,0,2,500,False,False,False,1.0,87.0641503806097;201.7753962171133;,95.24295352524838;185.35405584740926;
True,0.5,0,2,500,False,False,False,1.0,262.3353797819466;325.67967447952987;,262.3353797819466;325.67967447952987;
True,0.5,0,2,500,False,False,False,1.0,200.5069305474894;595.4746812658803;,200.5069305474894;595.4746812658803;
True,0.5,0,2,500,False,False,False,1.0,271.06038301863157;91.24740695941259;,47.36854262606481;91.24740695941259;
True,0.5,0,2,500,False,False,False,1.0,327.340145860705;468.168295003505;,327.340145860705;468.168295003505;
True,0.5,0,2,500,False,False,False,1.0,327.0019164048545;610.2036569998919;,327.0019164048545;610.2036569998919;
True,0.5,0,2,500,False,False,False,1.0,417.46541238044745;478.6721690125555;,417.46541238044745;478.6721690125555;
True,0.5,0,2,500,False,False,False,1.0,71.96624707777026;628.7520126210736;,71.96624707777026;628.7520126210736;
True,0.5,0,2,500,False,False,False,1.0,548.154960616457;73.27422684255737;,548.154960616457;73.27422684255737;
True,0.5,0,2,500,False,False,False,1.0,326.74571919701407;584.016793963488;,326.74571919701407;584.016793963488;
True,0.5,0,2,500,False,False,False,1.0,488.4649964502633;572.8567039953924;,488.4649964502633;572.8567039953924;
True,0.5,0,2,500,False,False,False,1.0,600.135876620012;704.686072274375;,600.135876620012;704.686072274375;
True,0.5,0,2,500,False,False,False,1.0,115.77424219879636;440.906514350074;,135.6343505819654;442.2242411416275;
True,0.5,0,2,500,False,False,False,1.0,183.0583233948056;364.96653007201445;,183.0583233948056;364.96653007201445;
True,0.5,0,2,500,False,False,False,1.0,307.0185329648004;522.1806959912526;,307.0185329648004;522.1806959912526;
True,0.5,0,2,500,False,False,False,1.0,226.47013386382392;326.38413286974287;,67.40125173634777;378.1866005462521;
True,0.5,0,2,500,False,False,False,1.0,142.27470212934443;216.23040770111444;,142.27470212934443;216.23040770111444;
True,0.5,0,2,500,False,False,False,1.0,582.7941461064172;352.885560305834;,578.7745841741564;336.6844889191267;
True,0.5,0,2,500,False,False,False,1.0,334.4848482101172;442.61195691947626;,334.4848482101172;424.12660055754645;
True,0.5,0,2,500,False,False,False,0.5,501.1486518899324;,82.76060733524199;
True,0.5,0,2,500,False,False,False,0.5,1195.7625169891903;,199.8064791358573;
True,0.5,0,2,500,False,False,False,1.0,370.5588979006951;313.72086585644143;,370.5588979006951;313.72086585644143;
True,0.5,0,2,500,False,False,False,1.0,564.9616611883087;453.3098831521827;,659.8985965951913;625.3198835510203;
True,0.5,0,2,500,False,False,False,1.0,197.42309388323508;354.54213945916405;,197.42309388323508;354.54213945916405;
True,0.5,0,2,500,False,False,False,1.0,546.4941142630441;348.52481484305434;,546.4941142630441;348.52481484305434;
True,0.5,0,2,500,False,False,False,1.0,340.884009814987;152.73134976570506;,83.93476166872793;152.73134976570506;
True,0.5,0,2,500,False,False,False,1.0,883.7893268013157;211.8981982004728;,883.7893268013157;211.8981982004728;
True,0.5,0,2,500,False,False,False,1.0,504.31807918778827;82.26994890558893;,490.12897748764243;92.52495420670421;
True,0.5,0,2,500,False,False,False,1.0,188.9629493406199;366.87668892753743;,265.8741313214257;306.6202541059669;
True,0.5,0,2,500,False,False,False,1.0,687.7953358132988;304.3526399584455;,689.7207536076536;302.6022035182654;
True,0.5,0,2,500,False,False,False,1.0,622.2474920214763;127.3886417691676;,385.41767501301047;211.68690787752834;
True,0.5,0,2,500,False,False,False,1.0,604.8083885900634;153.72189255401594;,604.8083885900634;153.72189255401594;
True,0.5,0,2,500,False,False,False,0.5,1115.6913820525372;,110.31083379665547;
True,0.5,0,2,500,False,False,False,1.0,383.9574955580686;628.883396030295;,383.9574955580686;628.883396030295;
True,0.5,0,2,500,False,False,False,1.0,479.8299532393237;384.3265268349576;,419.3954727626668;494.2407726483514;
True,0.5,0,2,500,False,False,False,0.5,22.881967645533063;,320.12013799491206;
True,0.5,0,2,500,False,False,False,1.0,318.554840263581;231.3785434452059;,318.554840263581;231.3785434452059;
True,0.5,0,2,500,False,False,False,1.0,165.74264421241097;432.2351519895581;,165.74264421241097;432.2351519895581;
True,0.5,0,2,500,False,False,False,1.0,108.30851909520042;72.05276649835581;,108.30851909520042;72.05276649835581;
True,0.5,0,2,500,False,False,False,1.0,666.0763490840415;74.89687380217026;,647.9156756320522;94.09827218051448;
True,0.5,0,2,500,False,False,False,1.0,225.5638448386592;505.75871737005;,225.5638448386592;505.75871737005;
True,0.5,0,2,500,False,False,False,1.0,269.29927610473555;364.85215902370555;,263.89497654225215;369.64993942020453;
True,0.5,0,2,500,False,False,False,1.0,519.4421323974184;248.45794490847396;,682.418656077471;184.0663747950511;
True,0.5,0,2,500,False,False,False,1.0,318.42358064415805;549.608967489663;,171.4417807932172;408.8688979028107;
True,0.5,0,2,500,False,False,False,1.0,581.6122762878585;472.8986559972795;,598.9446530429053;269.1021498193236;
True,0.5,0,2,500,False,False,False,1.0,777.2370664722848;427.33556168876856;,777.2370664722848;427.33556168876856;
True,0.5,0,2,500,False,False,False,1.0,308.2068102440605;468.4873823194363;,155.3790432700788;636.2935858014322;
True,0.5,0,2,500,False,False,False,1.0,327.6877567858219;501.36071824866985;,327.6877567858219;501.36071824866985;
True,0.5,0,2,500,False,False,False,1.0,519.8682561777061;230.9735531900962;,519.8682561777061;230.9735531900962;
True,0.5,0,2,500,False,False,False,1.0,405.42309977356;548.4007245016494;,405.42309977356;554.0373238269724;
True,0.5,0,2,500,False,False,False,1.0,95.62485301831586;774.7432545957798;,141.70131511242332;799.3720998560533;
True,0.5,0,2,500,False,False,False,1.0,172.95924075882564;737.7050066325787;,125.21462955931158;720.4731071417344;
True,0.5,0,2,500,False,False,False,1.0,196.92734155275124;213.83488666763708;,196.92734155275124;213.83488666763708;
True,0.5,0,2,500,False,False,False,1.0,437.8366562558498;579.9352900774392;,442.1526739274273;396.38204288510025;
True,0.5,0,2,500,False,False,False,1.0,406.4350721040754;187.708839428071;,406.4350721040754;187.708839428071;
True,0.5,0,2,500,False,False,False,1.0,486.76047019824944;434.57036041716174;,508.8298096584319;198.2647284427039;
True,0.5,0,2,500,False,False,False,1.0,131.7685192144602;276.8353013312053;,131.7685192144602;276.8353013312053;
True,0.5,0,2,500,False,False,False,0.5,444.89317494049146;,296.5686739140929;
True,0.5,0,2,500,False,False,False,1.0,159.130443626679;108.88983577188311;,76.00653252408715;204.36820102598733;
True,0.5,0,2,500,False,False,False,1.0,478.6681339520222;667.2053438460882;,353.20859861109767;781.2941060719816;
True,0.5,0,2,500,False,False,False,1.0,410.5017864977742;120.92145777052352;,410.5017864977742;120.92145777052352;
True,0.5,0,2,500,False,False,False,1.0,643.5674559289753;613.3946812012596;,643.5674559289753;613.3946812012596;
True,0.5,0,2,500,False,False,False,1.0,208.74294953365853;460.27442927807954;,239.6766042520328;454.80866565794184;
True,0.5,0,2,500,False,False,False,1.0,333.7769314408925;243.91687459862828;,189.38523081821273;38.163309797406896;
True,0.5,0,2,500,False,False,False,1.0,899.9442586858731;644.5838359395916;,542.1939278334581;644.5838359395916;
True,0.5,0,2,500,False,False,False,1.0,278.63584909195396;296.99498576340716;,278.63584909195396;296.99498576340716;
True,0.5,0,2,500,False,False,False,1.0,293.18911602508734;258.47971221391015;,293.18911602508734;258.47971221391015;
True,0.5,0,2,500,False,False,False,1.0,243.37911544852935;399.5745586922622;,269.47266183895863;410.10613195886714;
True,0.5,0,2,500,False,False,False,0.5,562.959853843288;,163.44218996072556;
True,0.5,0,2,500,False,False,False,1.0,196.49322801386043;93.2593738595595;,145.2633392899435;283.67664653538776;
True,0.5,0,2,500,False,False,False,1.0,515.7619177368133;624.8048860394401;,515.7619177368133;624.8048860394401;
True,0.5,0,2,500,False,False,False,1.0,681.2893475510173;467.08711163073644;,681.2893475510173;467.08711163073644;
True,0.5,0,2,500,False,False,False,1.0,300.7362250673938;235.54469866852006;,298.5737295187504;232.09414988382042;
True,0.5,0,2,500,False,False,False,0.5,761.1282470022563;,396.60910205937137;
True,0.5,0,2,500,False,False,False,1.0,576.6959440403336;255.15844427104668;,576.6959440403336;237.6067470632093;
True,0.5,0,2,500,False,False,False,1.0,843.1300021414725;394.7733192468944;,552.907636232649;396.5200265250988;
True,0.5,0,2,500,False,False,False,1.0,612.297403718079;619.7519478274481;,612.297403718079;619.7519478274481;
True,0.5,0,2,500,False,False,False,1.0,729.5971634302991;207.85992508757934;,604.0432000415128;457.0326477856304;
True,0.5,0,2,500,False,False,False,0.5,248.94550762619795;,297.8650102944349;
True,0.5,0,2,500,False,False,False,1.0,524.2124004206714;89.20983804340095;,524.2124004206714;89.20983804340095;
True,0.5,0,2,500,False,False,False,1.0,216.04830598395725;374.4082328455769;,141.00803155461844;323.4620668602049;
True,0.5,0,2,500,False,False,False,0.5,1074.477277778236;,130.32007880663096;
True,0.5,0,2,500,False,False,False,1.0,149.9174106497692;159.47679649289591;,149.9174106497692;159.47679649289591;
True,0.5,0,2,500,False,False,False,1.0,90.85899670225557;388.60869693482215;,90.85899670225557;388.60869693482215;
True,0.5,0,2,500,False,False,False,1.0,466.93371244138945;150.18524916115442;,466.93371244138945;150.18524916115442;
True,0.5,0,2,500,False,False,False,0.5,814.4284852095698;,431.23842924522864;
True,0.5,0,2,500,False,False,False,1.0,25.07702638357002;607.658035640589;,25.07702638357002;607.658035640589;
True,0.5,0,2,500,False,False,False,1.0,185.5226794493225;393.05742983587703;,185.5226794493225;234.81593301545357;
True,0.5,0,2,500,False,False,False,1.0,368.81785261021156;70.0946290738725;,260.5156577018189;50.2877909047202;
True,0.5,0,2,500,False,False,False,1.0,506.93638432380175;437.70451353995145;,386.71255866784685;398.29394123509246;
True,0.5,0,2,500,False,False,False,1.0,523.8597956051705;200.38528590628954;,447.6222607060554;115.72634515932063;
True,0.5,0,2,500,False,False,False,1.0,479.6247054536465;471.0379176026496;,310.89723536488754;471.0379176026496;
True,0.5,0,2,500,False,False,False,1.0,777.0002581025923;298.8647312273702;,777.0002581025923;298.8647312273702;
True,0.5,0,2,500,False,False,False,1.0,504.8520648878405;210.07337691702557;,297.1402379344274;200.35591905416211;
True,0.5,0,2,500,False,False,False,1.0,375.99280774779845;305.6783234051412;,375.99280774779845;305.6783234051412;
True,0.5,0,2,500,False,False,False,1.0,282.16990225613426;212.79537366105643;,282.16990225613426;212.79537366105643;
True,0.5,0,2,500,False,False,False,0.5,707.1986711391742;,399.5730222786965;
True,0.5,0,2,500,False,False,False,1.0,216.19923385134342;417.0009965907527;,216.19923385134342;417.0009965907527;
True,0.5,0,2,500,False,False,False,1.0,569.2175938353613;148.39868120120846;,463.22747248090934;32.97616705096951;
True,0.5,0,2,500,False,False,False,1.0,331.7958430442832;420.2457928311236;,320.19517328520044;410.4495849894216;
True,0.5,0,2,500,False,False,False,1.0,190.44078365168835;604.2825271931082;,190.44078365168835;604.2825271931082;
True,0.5,0,2,500,False,False,False,0.5,323.07137655755645;,860.6785491428593;
True,0.5,0,2,500,False,False,False,1.0,302.5097193428191;272.40529981674933;,302.5097193428191;272.40529981674933;
True,0.5,0,2,500,False,False,False,1.0,237.66234425341466;248.85152022551708;,237.66234425341466;248.85152022551708;
True,0.5,0,2,500,False,False,False,1.0,235.5575425723879;314.05345755958786;,235.5575425723879;314.05345755958786;
True,0.5,0,2,500,False,False,False,0.5,312.1584317114738;,135.94244862331905;
True,0.5,0,2,500,False,False,False,1.0,252.82110510978396;449.5263310179151;,252.82110510978396;449.5263310179151;
True,0.5,0,2,500,False,False,False,1.0,124.9210256520917;392.1650855157142;,176.5181925306202;549.6607824526612;
True,0.5,0,2,500,False,False,False,1.0,368.3510751815727;229.9265862933285;,375.4266250510774;229.9265862933285;
True,0.5,0,2,500,False,False,False,0.5,187.11130166581793;,636.5378535152265;
True,0.5,0,2,500,False,False,False,1.0,511.0671504434266;115.47877749122742;,511.0671504434266;115.47877749122742;
True,0.5,0,2,500,False,False,False,1.0,224.8369432727399;312.8148501286249;,273.4906169412483;294.79134083632863;
True,0.5,0,2,500,False,False,False,0.5,1042.9374304100595;,503.57088185644466;
True,0.5,0,2,500,False,False,False,0.5,343.1335043779396;,236.34394656796812;
True,0.5,0,2,500,False,False,False,1.0,154.47830507965492;558.6160564745929;,124.02725448864997;589.3782890524724;
True,0.5,0,2,500,False,False,False,1.0,650.8705390050353;429.1202867282552;,584.6220043306213;344.83863098103063;
True,0.5,0,2,500,False,False,False,1.0,418.1120544901237;339.87831503148925;,418.1120544901237;339.87831503148925;
True,0.5,0,2,500,False,False,False,1.0,116.5954362294504;209.07987156660477;,116.5954362294504;209.07987156660477;
True,0.5,0,2,500,False,False,False,1.0,483.71245274139585;532.6578686004417;,483.71245274139585;532.6578686004417;
True,0.5,0,2,500,False,False,False,1.0,559.8019000713689;842.9296274197774;,559.8019000713689;842.9296274197774;
True,0.5,0,2,500,False,False,False,0.5,1469.6036313992465;,354.059833436983;
True,0.5,0,2,500,False,False,False,1.0,330.77524760680876;126.25732540832351;,312.950731222212;112.60245147519146;
True,0.5,0,2,500,False,False,False,1.0,488.8956982126129;621.7869228867994;,396.65016285572466;713.3665590124511;
True,0.5,0,2,500,False,False,False,1.0,351.85977506490326;579.9394714480288;,355.80085799562204;210.36790790631008;
True,0.5,0,2,500,False,False,False,1.0,67.01043996484357;225.5833308227324;,67.01043996484357;225.5833308227324;
True,0.5,0,2,500,False,False,False,1.0,333.3281860205864;503.35514425251046;,333.3281860205864;503.35514425251046;
True,0.5,0,2,500,False,False,False,1.0,231.6431767345188;127.38024955368594;,231.6431767345188;127.38024955368594;
True,0.5,0,2,500,False,False,False,1.0,253.51631998881246;306.27024898735607;,253.51631998881246;306.27024898735607;
True,0.5,0,2,500,False,False,False,0.5,793.2102238547517;,491.0903576934634;
True,0.5,0,2,500,False,False,False,1.0,571.0765151706943;325.6002601034544;,617.1984123890347;124.02517361850208;
True,0.5,0,2,500,False,False,False,1.0,28.869186805641963;272.1223620808492;,28.869186805641963;272.1223620808492;
True,0.5,0,2,500,False,False,False,1.0,70.47626985095043;281.20958699460704;,70.47626985095043;281.20958699460704;
True,0.5,0,2,500,False,False,False,1.0,270.06014153796417;446.39667873512525;,270.06014153796417;446.39667873512525;
True,0.5,0,2,500,False,False,False,1.0,397.6739454418158;622.992631942663;,395.5549520560797;612.0381981388953;
True,0.5,0,2,500,False,False,False,1.0,79.74118277293505;683.0187142328589;,224.43851350530744;605.9458837885328;
True,0.5,0,2,500,False,False,False,1.0,804.8048972068739;138.26333526960474;,888.6275185391237;440.61704359939955;
True,0.5,0,2,500,False,False,False,1.0,150.37886288019234;322.8647854282227;,209.5154842035204;267.15192734980076;
True,0.5,0,2,500,False,False,False,1.0,148.44753836709685;478.07884148936824;,148.44753836709685;478.07884148936824;
True,0.5,0,2,500,False,False,False,1.0,308.32502801637105;272.10117644964873;,308.32502801637105;272.10117644964873;
True,0.5,0,2,500,False,False,False,1.0,393.5457759633951;490.607796273326;,393.5457759633951;173.91335043975423;
True,0.5,0,2,500,False,False,False,1.0,57.62412384004181;159.27080070492295;,57.62412384004181;159.27080070492295;
True,0.5,0,2,500,False,False,False,0.5,886.2629535810217;,28.73724614696543;
True,0.5,0,2,500,False,False,False,0.5,271.15814744803515;,473.56894691378994;
True,0.5,0,3,500,False,False,False,0.6666666666666666,977.8791637754263;412.2941376651099;,57.08084402089698;412.2941376651064;
True,0.5,0,3,500,False,False,False,0.6666666666666666,1343.9690487746907;94.7887923955756;,329.2552326433773;94.78879239557091;
True,0.5,0,3,500,False,False,False,0.6666666666666666,875.9602145320612;172.33431410543102;,451.8609983313464;163.75116306406508;
True,0.5,0,3,500,False,False,False,1.0,135.6093750503766;117.69040822354594;336.89364148689594;,177.59413310849956;117.6904082235328;295.25166662686297;
True,0.5,0,3,500,False,False,False,0.6666666666666666,1076.5844388221742;310.25961002237545;,645.5878123326751;310.2596100223868;
True,0.5,0,3,500,False,False,False,0.3333333333333333,1066.83302807142;,382.7504864266103;
True,0.5,0,3,500,False,False,False,0.6666666666666666,470.2332086632511;345.3459789214961;,591.9335888998645;328.9252653952449;
True,0.5,0,3,500,False,False,False,1.0,79.68638200866755;448.72358722130684;244.6409488054727;,93.43145376697034;444.83949400377713;293.9135599118526;
True,0.5,0,3,500,False,False,False,0.6666666666666666,494.12782516178095;175.6477252662431;,522.2329765028896;192.6600760819627;
True,0.5,0,3,500,False,False,False,1.0,485.19753864853476;368.1457854096183;590.1094105130387;,694.7401673514446;511.9132365464229;576.5390630123196;
True,0.5,0,3,500,False,False,False,1.0,368.4397819730827;410.69034592665747;306.43378167664724;,388.6496798381015;489.9068920167089;342.3936631154456;
True,0.5,0,3,500,False,False,False,1.0,699.0864824126693;108.6043393021463;309.63647612561414;,695.3621983972369;111.59384158119025;420.0419633321632;
True,0.5,0,3,500,False,False,False,0.6666666666666666,119.40071123491948;270.83051984577037;,129.53500509816834;187.04655384430086;
True,0.5,0,3,500,False,False,False,1.0,331.32392620927175;396.0327062812572;290.28234517071724;,331.3239262092629;371.33832495641263;309.85304979521266;
True,0.5,0,3,500,False,False,False,1.0,153.69782544304772;57.38192162832373;128.97812514150885;,163.24420503289707;59.49539741602064;128.97812514151917;
True,0.5,0,3,500,False,False,False,1.0,465.90724123660164;260.69289404288645;314.7781113312107;,412.427411726455;158.84690540252356;314.7781113311992;
True,0.5,0,3,500,False,False,False,1.0,614.5916237559436;555.3132296075893;307.0312353458646;,614.5916237559377;392.49645804135724;225.19442403247498;
True,0.5,0,3,500,False,False,False,0.6666666666666666,1153.6927930614745;545.2622283238557;,118.76826088142865;545.2622283238516;
True,0.5,0,3,500,False,False,False,0.6666666666666666,763.7116002688883;1314.6462570128535;,373.54038079652065;197.9124016288306;
True,0.5,0,3,500,False,False,False,1.0,494.6278369657629;676.5333711348463;32.66951861619706;,494.6278369657693;538.332977966426;380.876112229763;
True,0.5,0,3,500,False,False,False,0.6666666666666666,368.5221135689766;473.27167042152786;,485.4896975334754;654.0792603876216;
True,0.5,0,3,500,False,False,False,1.0,488.2467954478538;345.91455224938585;435.71436415280226;,431.72475382112043;257.32561828621493;390.6246663758657;
True,0.5,0,3,500,False,False,False,0.6666666666666666,1042.8556091308672;334.6504427580719;,89.7104858900788;330.68044376795046;
True,0.5,0,3,500,False,False,False,1.0,563.7367777822103;319.0461851576537;335.39837227229526;,563.7367777822027;319.0461851576696;335.39837227229197;
True,0.5,0,3,500,False,False,False,1.0,72.1855652813701;435.52526379219245;194.1473583974729;,96.7836948672776;453.72789169452085;548.7182496340519;
True,0.5,0,3,500,False,False,False,1.0,104.56992074660695;18.967974249892475;856.6551077176217;,191.1579803475273;579.8590910548551;944.294284212124;
True,0.5,0,3,500,False,False,False,1.0,59.30519499649861;304.6374097377775;304.11238015213314;,163.6129244436195;330.0885665275323;309.9880420199533;
True,0.5,0,3,500,False,False,False,0.3333333333333333,1273.8695387094544;,524.0875296793171;
True,0.5,0,3,500,False,False,False,1.0,594.4804679292901;390.0186741723378;651.0471643286866;,658.1261727453219;298.0166476234359;672.9249753584983;
True,0.5,0,3,500,False,False,False,1.0,339.8326198362314;255.32933052617142;587.2487691032175;,207.8013649794747;397.21943217143723;522.561765616886;
True,0.5,0,3,500,False,False,False,1.0,682.9797543417396;117.51809140477263;532.0345725243444;,711.2675676721825;158.73149210273456;561.7059867580457;
True,0.5,0,3,500,False,False,False,0.6666666666666666,630.43625843911;718.8600543442986;,509.44411138894344;718.8600543442856;
True,0.5,0,3,500,False,False,False,1.0,274.3848852057596;35.00749632034108;349.560365384515;,274.384885205766;231.47199183981874;388.7716567605982;
True,0.5,0,3,500,False,False,False,1.0,277.8199860620069;493.2978980000784;267.5580655976582;,182.24119441838084;184.79303724511666;420.22219244130537;
True,0.5,0,3,500,False,False,False,1.0,318.17072601166086;305.4320660825237;175.2023790106014;,514.2897978509571;225.0084459641861;215.61215033393609;
True,0.5,0,3,500,False,False,False,0.6666666666666666,998.349252492036;118.29492477313087;,423.5044143756792;89.27811537225253;
True,0.5,0,3,500,False,False,False,1.0,146.88382119219023;273.855319577493;88.53089148869601;,212.58488967607752;278.93087007055846;187.82468455295475;
True,0.5,0,3,500,False,False,False,1.0,491.62086228203157;445.8979214272843;651.7484875028487;,491.6208622820159;445.8979214272825;651.7484875028623;
True,0.5,0,3,500,False,False,False,1.0,202.9192096111913;21.473362438851776;355.5092441102474;,235.6882007790731;64.34914746337664;355.50924411025125;
True,0.5,0,3,500,False,False,False,1.0,380.7535555705439;555.8389098463714;309.11031611330816;,395.1257764636487;530.7151118912604;107.88812058109615;
True,0.5,0,3,500,False,False,False,1.0,520.4360422938139;64.85814792363553;225.2041806685366;,451.81401722047525;88.08145993625072;286.2263844127054;
True,0.5,0,3,500,False,False,False,0.6666666666666666,221.45564699618018;571.6310675620682;,321.2673139237586;571.6310675620892;
True,0.5,0,3,500,False,False,False,1.0,784.5479087555212;788.185757389073;229.5531058229561;,784.5479087555257;71.74676834339188;229.55310582294794;
True,0.5,0,3,500,False,False,False,1.0,175.86675885031195;382.40293384627324;338.66261933131295;,175.21364963627335;382.4029338462822;338.6626193313089;
True,0.5,0,3,500,False,False,False,1.0,719.0456858685997;474.5581762373013;369.8109612320959;,745.2893452480656;474.55817623730746;328.07220567765677;
True,0.5,0,3,500,False,False,False,0.6666666666666666,626.9809281388752;275.99098665977283;,630.2165722972311;275.9909866597639;
True,0.5,0,3,500,False,False,False,1.0,130.4763127058739;220.76647613346572;410.7938368698595;,233.97875879892547;329.74308981188005;480.76671526180434;
True,0.5,0,3,500,False,False,False,1.0,170.44388363411383;139.19031767257337;684.7779666329126;,170.44388363410746;139.19031767257943;691.9745045448846;
True,0.5,0,3,500,False,False,False,0.6666666666666666,494.8827872759368;406.1084417447661;,488.8434665079371;347.95691078872846;
True,0.5,0,3,500,False,False,False,1.0,487.7892713098597;1034.5938732862242;250.7591195590154;,487.78927130985204;1041.5293480620212;241.21299858187416;
True,0.5,0,3,500,False,False,False,0.6666666666666666,969.6815654957944;401.1504948692982;,431.1332097839808;454.3683007407606;
True,0.5,0,3,500,False,False,False,1.0,377.2591051668168;49.09539208434856;1059.5752354084311;,123.69147981636249;245.2891252322931;979.4235776671457;
True,0.5,0,3,500,False,False,False,1.0,321.90592048878807;637.2236621415237;1100.1804951970764;,266.0198261339426;642.8096730671932;656.4066809741021;
True,0.5,0,3,500,False,False,False,1.0,387.76631698545464;234.38126772135956;328.90726405612736;,387.76631698544924;234.38126772137048;328.90726405611844;
True,0.5,0,3,500,False,False,False,1.0,146.59001240408136;513.552776184161;155.96198085753105;,528.7860151676307;181.23840526432343;272.5712935025877;
True,0.5,0,3,500,False,False,False,1.0,853.0325696601642;139.46794485313947;599.2789625026002;,720.4906816136812;522.4683717816935;445.82470728620626;
True,0.5,0,3,500,False,False,False,1.0,446.7151865930459;486.15378203760156;994.3192289227719;,202.5312177941956;275.55352434513077;697.7788221273918;
True,0.5,0,3,500,False,False,False,1.0,410.27537849273904;335.2875864836109;332.47344050366604;,410.27537849273847;187.60811048757222;332.47344050366763;
True,0.5,0,3,500,False,False,False,1.0,967.8777389848335;478.94238522977975;358.24806342768994;,967.8777389848499;478.9423852297779;358.2480634276807;
True,0.5,0,3,500,False,False,False,1.0,411.0419260006333;418.76769496710943;189.70984201448746;,91.79679585038198;351.3155234145597;96.3152447428781;
True,0.5,0,3,500,False,False,False,0.6666666666666666,610.0455779843132;531.6820226601783;,501.1736921546472;241.52090995871998;
True,0.5,0,3,500,False,False,False,1.0,346.3671724871551;454.970663497627;709.5931290231349;,346.3671724871592;438.0692126577852;574.1554323343224;
True,0.5,0,3,500,False,False,False,0.6666666666666666,356.6179021526511;400.9540579552678;,250.0778746575315;361.6768655777779;
True,0.5,0,3,500,False,False,False,1.0,387.67201680046367;796.8841711870572;446.1691138032492;,386.6812685863838;747.0143319981992;519.116871360947;
True,0.5,0,3,500,False,False,False,1.0,272.2402638209449;282.7169926647665;529.3066572719772;,170.9954867425444;237.1739676142415;243.9208031496501;
True,0.5,0,3,500,False,False,False,1.0,600.5980224109289;489.78318957228754;245.12576349259973;,638.7048396561121;186.9454900294665;279.46983820241144;
True,0.5,0,3,500,False,False,False,0.6666666666666666,128.0910862877165;1202.534970601401;,416.8579949496097;399.5030544444109;
True,0.5,0,3,500,False,False,False,1.0,289.6968128262485;572.247127636948;123.83693191379093;,298.2929326683138;322.71653063586183;228.45086794466602;
True,0.5,0,3,500,False,False,False,1.0,206.33467869156505;499.9187044976298;165.86035590725376;,206.33467869155606;502.4831321458214;259.11805283845916;
True,0.5,0,3,500,False,False,False,0.6666666666666666,274.3847304553869;241.35818347354666;,484.26113252326695;150.5378602719795;
True,0.5,0,3,500,False,False,False,1.0,303.0510518930084;408.0943364103542;689.8434734316373;,303.05105189301617;414.1639100001736;689.8434734316252;
True,0.5,0,3,500,False,False,False,1.0,319.8956658966662;533.5713615253068;184.11562387170954;,473.1814215112901;563.1240854463937;352.7557102603026;
True,0.5,0,3,500,False,False,False,0.6666666666666666,933.6339319148371;268.60375112449117;,865.2250761210381;471.6519373542486;
True,0.5,0,3,500,False,False,False,0.6666666666666666,858.6706809882045;255.9108586043793;,378.1133766010371;117.98389878356363;
True,0.5,0,3,500,False,False,False,0.6666666666666666,1072.2389584537473;353.2216991480977;,183.75649187394131;352.4451648139404;
True,0.5,0,3,500,False,False,False,1.0,284.5174869714179;716.6439099925171;275.1071764692105;,176.20992735219292;560.8734960923755;275.10717646919494;
True,0.5,0,3,500,False,False,False,1.0,85.86100983705077;156.70148598436316;182.12921021969004;,81.02271061975262;325.8358961395356;151.36476009066075;
True,0.5,0,3,500,False,False,False,1.0,57.98838394302272;507.19697858274395;151.723321785985;,75.76249188038794;251.0871979718852;151.72332178598012;
True,0.5,0,3,500,False,False,False,0.6666666666666666,152.3456182138975;605.2951766393262;,155.46652945727436;390.9740269969049;
True,0.5,0,3,500,False,False,False,1.0,214.7104310589825;836.3962071626178;234.92294184601772;,150.28551173730958;713.1098108874171;57.39602809337018;
True,0.5,0,3,500,False,False,False,1.0,296.32232012420627;430.9150077033448;288.54980489221805;,207.4321539548039;432.7093323799757;314.60922740233855;
True,0.5,0,3,500,False,False,False,1.0,360.02597953755287;97.99344651327631;553.5934935801741;,399.02733258538325;147.96494084841592;552.9902963255214;
True,0.5,0,3,500,False,False,False,1.0,627.4368635115602;615.1426065932309;551.5361074192938;,627.4368635115522;441.8599477078376;482.08187719145405;
True,0.5,0,3,500,False,False,False,1.0,619.0333852292781;199.76981097947774;557.893633824362;,627.0363731765946;92.41553865164384;569.0608102463498;
True,0.5,0,3,500,False,False,False,1.0,678.6673490297009;802.5611228731314;139.01820310008893;,691.8995853020773;753.8036323124545;209.39001780829597;
True,0.5,0,3,500,False,False,False,1.0,318.5160340545931;200.21707559949158;528.5536561032382;,318.5160340545952;200.2170755994863;491.34438428221773;
True,0.5,0,3,500,False,False,False,1.0,287.9383491380282;487.2489646758024;926.990775692753;,287.93834913802635;359.0597074623342;959.5279482946921;
True,0.5,0,3,500,False,False,False,0.6666666666666666,1131.7464185744566;231.3094733015133;,274.08087342994355;508.28550879173343;
True,0.5,0,3,500,False,False,False,1.0,433.3153615585867;773.3314430850107;592.846926415906;,280.75145858507665;927.7160860474386;592.8469264159004;
True,0.5,0,3,500,False,False,False,1.0,338.59441272765537;329.68164321960506;340.24275632082515;,301.5331885300394;308.1742319624022;352.38188739360453;
True,0.5,0,3,500,False,False,False,1.0,411.0523642660558;518.9187980485037;405.4929294636687;,411.0523642660515;516.4315816807666;405.4929294636798;
True,0.5,0,3,500,False,False,False,0.6666666666666666,256.57458368952354;50.5158258855072;,60.65325889147945;42.20113295902346;
True,0.5,0,3,500,False,False,False,1.0,460.6495606819462;302.13916233593386;318.0462086856152;,287.64870909279864;302.13916233592767;318.04620868562984;
True,0.5,0,3,500,False,False,False,1.0,343.85809017880183;470.3731698420234;541.7593041070987;,561.2750829407505;376.1704352032077;541.7593041070888;
True,0.5,0,3,500,False,False,False,0.6666666666666666,399.51643912831145;845.0305175314953;,374.8220551834986;405.84609219831015;
True,0.5,0,3,500,False,False,False,0.6666666666666666,359.2625506739949;1595.4136414558932;,238.32063441049735;145.97793867092432;
True,0.5,0,3,500,False,False,False,0.6666666666666666,997.9892058980863;380.53699803562245;,317.289891576469;380.53699803561943;
True,0.5,0,3,500,False,False,False,1.0,147.9414353825265;66.25564325497055;762.0170663393773;,98.94392410082536;103.53247053308114;612.1015909676423;
True,0.5,0,3,500,False,False,False,0.6666666666666666,637.892353617819;205.4849865220686;,539.2433701375098;191.81497304341949;
True,0.5,0,3,500,False,False,False,1.0,436.64237993415486;204.87100283239374;273.7379037396227;,436.64237993416094;300.42302317244884;283.12356722099815;
True,0.5,0,3,500,False,False,False,1.0,434.89985492116523;436.66396229955524;883.5298231724075;,761.4797496264534;350.135359930835;618.0004587605548;
True,0.5,0,3,500,False,False,False,0.6666666666666666,972.7545188354934;435.25632216480443;,250.0444965028784;325.58820616188837;
True,0.5,0,3,500,False,False,False,1.0,428.53846971898554;210.83064075320132;241.31397169343316;,308.13450942991835;354.1792092418389;241.31397169344268;
True,0.5,0,3,500,False,False,False,1.0,256.19135762830075;350.80051411933835;914.0118865830152;,122.20736797946789;261.04892144392545;803.3526274583955;
True,0.5,0,3,500,False,False,False,0.6666666666666666,34.54727506265226;789.4601375802292;,118.1971455102141;286.56923924773236;
True,0.5,0,3,500,False,False,False,1.0,174.09521484829176;706.3595066952995;383.49908514290837;,72.64912703287848;535.2251060645016;531.2977060563638;
True,0.5,0,3,500,False,False,False,1.0,527.2087402103105;612.5381385680324;486.72369601966386;,463.7913863647891;378.2488096351778;770.0323216515721;
True,0.5,0,3,500,False,False,False,1.0,425.47855246863173;143.50157374443313;733.4571713607664;,425.4785524686376;143.5015737444353;583.7653523829317;
True,0.5,0,3,500,False,False,False,0.6666666666666666,228.65746579510977;522.0603333857488;,147.7134642758366;374.89522798858206;
True,0.5,0,3,500,False,False,False,0.6666666666666666,631.2462497544727;415.9470905695465;,522.2144725673828;502.3402038893595;
True,0.5,0,3,500,False,False,False,0.6666666666666666,759.1486263520391;520.123587189943;,530.0249126757121;647.1314683198956;
True,0.5,0,3,500,False,False,False,1.0,909.0500472092062;355.76784755965576;654.7066198204601;,837.7374889305571;131.28969610544522;688.5762099766753;
True,0.5,0,3,500,False,False,False,1.0,696.5449956759064;82.7400128921015;491.8253358393234;,519.6146791474096;79.26815473130844;211.33826672161575;
True,0.5,0,3,500,False,False,False,1.0,417.5837935103016;434.8584442860602;135.51147983012353;,453.1040348370559;274.16991400788953;211.04238101999638;
True,0.5,0,3,500,False,False,False,0.6666666666666666,1176.2168519046115;386.33531415058167;,680.1939854131051;414.3315728864513;
True,0.5,0,3,500,False,False,False,1.0,364.0266859886651;158.76409009654233;604.7358711211365;,364.02668598866245;125.9893189181191;612.505711450156;
True,0.5,0,3,500,False,False,False,1.0,171.92490201263024;415.6485012809884;316.67971828480773;,300.98085991036555;556.0949293510344;592.9846247619734;
True,0.5,0,3,500,False,False,False,0.6666666666666666,617.6009386441997;1491.0799918639893;,242.45489613524097;238.79372385198428;
True,0.5,0,3,500,False,False,False,0.6666666666666666,656.2045105673845;393.4624096253257;,222.1972794678655;313.3851222279961;
True,0.5,0,3,500,False,False,False,1.0,438.9186255642997;699.7294683685084;479.83682655357626;,405.08714792300543;521.2867494577291;479.83682655356796;
True,0.5,0,3,500,False,False,False,0.6666666666666666,735.331977563206;641.0365859051483;,323.4436421423099;627.0382384130737;
True,0.5,0,3,500,False,False,False,1.0,370.499604166437;265.122670347315;346.948954118348;,370.49960416644774;265.1226703473113;346.94895411836177;
True,0.5,0,3,500,False,False,False,1.0,732.858691780867;494.79153254721194;176.45065168184215;,682.5796074051317;44.077746256703826;344.06334522060763;
True,0.5,0,3,500,False,False,False,1.0,628.4444882399005;285.4424534153599;487.6206630573748;,274.43392352003013;169.97166904369382;487.620663057365;
True,0.5,0,3,500,False,False,False,0.6666666666666666,537.6679950526877;349.439346649163;,116.1206950726252;554.7824219467597;
True,0.5,0,3,500,False,False,False,1.0,236.26581095922012;167.32231645337066;381.3281869903327;,236.82804311101754;173.4140459178906;420.68419212373095;
True,0.5,0,3,500,False,False,False,0.6666666666666666,631.983529284135;509.5133278214246;,628.2995619050696;311.00428494787036;
True,0.5,0,3,500,False,False,False,0.6666666666666666,854.4156610850608;356.62400962986317;,422.0827844544511;356.6240096298697;
True,0.5,0,3,500,False,False,False,0.6666666666666666,945.344888099591;674.4185949015017;,223.82547824883864;550.1300436593615;
True,0.5,0,3,500,False,False,False,1.0,229.32707335670537;541.2953235498941;362.5574327043768;,272.8696848360344;397.42309193433897;213.65534046993645;
True,0.5,0,3,500,False,False,False,1.0,668.6454660110186;111.1704949811668;359.9497223286609;,694.8791369328226;67.27295736880123;369.55184212496994;
True,0.5,0,3,500,False,False,False,1.0,251.5594250410842;587.8177895240775;681.5128468702661;,366.2590453076918;746.6179239275291;389.5170573205969;
True,0.5,0,3,500,False,False,False,1.0,547.9427889721104;190.51324385511418;308.8668017943842;,540.1045241462717;217.32887033839248;308.86680179436564;
True,0.5,0,3,500,False,False,False,1.0,392.7688383172465;172.65636212076785;279.41956908488737;,233.81600695611772;208.93511281073313;125.43179099820019;
True,0.5,0,3,500,False,False,False,1.0,227.39668128673324;118.49142241883693;477.6127574464461;,370.18805225247223;112.02712508474286;477.6127574464603;
True,0.5,0,3,500,False,False,False,0.3333333333333333,1144.06502073743;,261.0551991371198;
True,0.5,0,3,500,False,False,False,1.0,266.93055628885736;247.64727906383354;591.6784500645491;,258.21964488018153;245.85770613496607;605.9063910904235;
True,0.5,0,3,500,False,False,False,0.6666666666666666,970.1612435419693;253.5460035003625;,132.64427768092494;71.04250026360975;
True,0.5,0,3,500,False,False,False,0.6666666666666666,197.86732867766167;498.1760037821866;,189.7748502788323;405.6639933646967;
True,0.5,0,3,500,False,False,False,1.0,155.87574210957695;600.1586089480926;339.4258400534224;,265.40411580387615;534.668763250266;548.5219951716059;
True,0.5,0,3,500,False,False,False,0.6666666666666666,387.2880267938984;332.7578845496864;,365.4778409413837;296.1238109854231;
True,0.5,0,3,500,False,False,False,0.6666666666666666,228.4362448029771;297.2342020049568;,270.21133772789716;153.9269895901321;
True,0.5,0,3,500,False,False,False,1.0,662.9123094805175;457.43536584672654;235.96921393088152;,510.71951991566544;461.1323761556074;109.05471923766848;
True,0.5,0,3,500,False,False,False,1.0,802.998407553337;321.2392477685299;153.55832979604557;,415.21273420217256;318.77065569839493;137.84288648270672;
True,0.5,0,3,500,False,False,False,1.0,250.11510565170602;255.46597891476767;422.02034560243857;,166.29381945083125;76.30520400841235;472.05126033633366;
True,0.5,0,3,500,False,False,False,1.0,85.50128909158408;915.4176881771764;95.46981668861821;,513.1531266727535;460.84042199709216;76.49115049756166;
True,0.5,0,3,500,False,False,False,1.0,327.64022952153493;685.7603969726475;325.79950130575884;,323.2873489631035;459.7149075131483;134.4352687583237;
True,0.5,0,3,500,False,False,False,1.0,271.77892209832237;197.90078929690327;422.8848299622965;,249.86031660195275;197.90078929689528;447.12376223620925;
True,0.5,0,3,500,False,False,False,1.0,433.87539784253954;199.475415966223;315.61705448090174;,433.8753978425448;199.47541596621508;315.6170544808862;
True,0.5,0,3,500,False,False,False,0.6666666666666666,1099.5071489483398;218.50152405968007;,279.5684288744332;300.5102889722578;
True,0.5,0,3,500,False,False,False,0.6666666666666666,686.1906538154578;1009.0677976298701;,570.606725522009;304.205112398983;
True,0.5,0,3,500,False,False,False,1.0,305.83076597318154;532.2035670413155;327.65024072431515;,372.52574726560255;491.68872949565656;451.3097588534301;
True,0.5,0,3,500,False,False,False,0.3333333333333333,733.1134908830629;,785.8345243784769;
True,0.5,0,3,500,False,False,False,0.6666666666666666,85.91648517998087;817.2632201636935;,255.3909763819252;383.3176340277168;
True,0.5,0,3,500,False,False,False,0.6666666666666666,517.5613155919061;482.6998190087421;,475.2238320161174;350.65072423515977;
True,0.5,0,3,500,False,False,False,1.0,664.8841207513258;281.510736365977;562.5985390099053;,344.7479033967965;234.30894265758502;439.22667150926947;
True,0.5,0,3,500,False,False,False,1.0,996.0811651566693;338.98567581873834;892.1416845407775;,985.9384010757666;388.2728712904959;626.8057264450556;
True,0.5,0,3,500,False,False,False,0.6666666666666666,1321.4630461784764;258.3069648756104;,318.4088124722608;285.83834817253717;
True,0.5,0,3,500,False,False,False,1.0,432.5757832736032;561.2564659085249;728.9234743206375;,640.6119834109898;266.3263527901406;161.2541741150951;
True,0.5,0,3,500,False,False,False,1.0,1194.225628207528;292.9594324190674;245.16499503828814;,217.89850165891804;469.39491563317006;203.04600708420358;
True,0.5,0,3,500,False,False,False,1.0,377.12975939686896;678.5752807152522;549.6556971280176;,396.1454140612194;683.1459481457349;549.6556971280262;
True,0.5,0,3,500,False,False,False,1.0,346.9987250888626;264.7372016358369;944.836815570634;,739.1996140329122;258.1628568062966;604.5426447591515;
True,0.5,0,3,500,False,False,False,1.0,335.9919123098356;623.7216146126127;735.6236065662525;,335.3050070038076;454.4897565717412;568.7016647811859;
True,0.5,0,3,500,False,False,False,1.0,143.39170506258256;333.3487489924328;393.5166179934713;,142.38733303468845;333.348748992434;373.12441928702793;
True,0.5,0,3,500,False,False,False,0.6666666666666666,1391.6059448239425;212.0995371928479;,14.85933923523495;406.1973405549391;
True,0.5,0,3,500,False,False,False,0.6666666666666666,913.0156122711487;315.60468042764205;,108.45590880540091;572.8193777973901;
True,0.5,0,3,500,False,False,False,0.6666666666666666,182.48323980120492;484.58188135352805;,145.5492791947924;380.05641236684784;
True,0.5,0,3,500,False,False,False,0.6666666666666666,539.8757045182304;453.4279945294531;,443.88045415880424;294.23733267754835;
True,0.5,0,3,500,False,False,False,1.0,656.8565324387371;476.0232384519012;605.7469334095406;,422.1279610191242;186.6909737090133;314.26937299441397;
True,0.5,0,3,500,False,False,False,1.0,464.735419853379;420.27245329206767;565.9398983360473;,481.021041456712;451.27179255993406;469.6598815862995;
True,0.5,0,3,500,False,False,False,0.6666666666666666,1048.9485329704937;285.7403883711101;,427.6660857813277;310.91428171738255;
True,0.5,0,3,500,False,False,False,0.6666666666666666,756.3065765391426;327.4955095507221;,604.9413179176631;390.33414690543816;
True,0.5,0,3,500,False,False,False,0.6666666666666666,231.61867471799272;986.7246975435086;,187.27483253627463;57.37052405974152;
True,0.5,0,3,500,False,False,False,0.3333333333333333,304.5470483288695;,324.2547938205859;
True,0.5,0,3,500,False,False,False,1.0,637.0690167505428;186.0527224158852;705.6407466387143;,625.0993954403551;186.05272241588264;156.4196060576128;
True,0.5,0,3,500,False,False,False,0.6666666666666666,506.5310660986072;453.06531181978625;,525.5996260648456;412.53535289771565;
True,0.5,0,3,500,False,False,False,1.0,455.5182491047397;489.7770883011333;415.6023054276216;,305.1333500318891;259.0791948191851;436.3563811923381;
True,0.5,0,3,500,False,False,False,1.0,412.1701946876027;687.3365002720242;470.2588470343388;,272.2180876072034;88.97684522191338;437.92854711599875;
True,0.5,0,3,500,False,False,False,0.6666666666666666,719.3209553530804;722.8723171224423;,197.0989055649301;506.42379657599577;
True,0.5,0,3,500,False,False,False,1.0,95.24147763970252;1440.4193682079913;152.99022353936536;,121.45894560437776;841.3216508179217;152.99022353935936;
True,0.5,0,3,500,False,False,False,0.6666666666666666,605.4570061684235;153.09374344259388;,162.02987409124233;237.06252743330248;
True,0.5,0,3,500,False,False,False,1.0,66.65952866305206;303.07701958210583;215.30891116796695;,169.78795440115027;353.85280724883444;117.03287905641693;
True,0.5,0,3,500,False,False,False,1.0,585.1663857737177;865.1685870831805;68.21339867938464;,585.1663857737138;110.87506612335571;169.03256703895147;
True,0.5,0,3,500,False,False,False,0.6666666666666666,642.4073763234112;70.93932018278217;,642.4073763234145;332.71419485078076;
True,0.5,0,3,500,False,False,False,0.6666666666666666,1677.138479673899;186.2627303585698;,274.4859372493761;186.262730358555;
True,0.5,0,3,500,False,False,False,0.6666666666666666,1475.6995794470251;108.93108055684385;,235.44489267404825;108.93108055685313;
True,0.5,0,3,500,False,False,False,1.0,275.2154281429086;312.0504424336822;351.5746114247303;,275.21542814291774;312.050442433695;206.240789387253;
True,0.5,0,3,500,False,False,False,1.0,447.737075634157;473.918451467314;511.97667314178955;,200.08536332903518;259.4715618682645;571.8653643487077;
True,0.5,0,3,500,False,False,False,0.6666666666666666,512.6411416991381;873.2701427107195;,512.641141699137;537.6220423490029;
True,0.5,0,3,500,False,False,False,0.6666666666666666,467.4831480139712;720.2959795941618;,509.0551849703919;788.0043336473109;
True,0.5,0,3,500,False,False,False,1.0,386.0588941023182;291.7404191485181;252.48481354872953;,243.001962107748;291.7404191485181;212.09369827900278;
True,0.5,0,3,500,False,False,False,1.0,392.9636303027165;500.3289900600964;226.805015669054;,409.0306609962244;499.07286591061853;216.29645517425683;
True,0.5,0,3,500,False,False,False,1.0,123.5867564246849;532.5730309503421;404.8869742440141;,272.1948709292977;286.6803236660823;404.88697424399885;
True,0.5,0,3,500,False,False,False,1.0,276.2206386785278;413.4115798161099;178.5006153285344;,451.00490769657205;444.94198813708516;259.2524037522808;
True,0.5,0,3,500,False,False,False,1.0,250.29955153226194;177.43830698001844;353.21926713692943;,124.9580930562497;345.43151674482476;202.63560252322492;
True,0.5,0,3,500,False,False,False,1.0,136.7269371519731;679.2821680533312;435.70499826403085;,197.76179810530374;321.9696851524132;391.8500717828408;
True,0.5,0,3,500,False,False,False,0.6666666666666666,492.86052159900163;320.6581347923985;,610.1526646975286;296.21053845471226;
True,0.5,0,3,500,False,False,False,1.0,204.28754527408225;97.42133870531471;107.81630915256484;,314.0385365504565;97.42133870531728;164.31108637283523;
True,0.5,0,3,500,False,False,False,1.0,1195.5909240643348;276.06044356742206;132.30267557749988;,733.5370615205472;263.13524005487756;132.30267557751972;
True,0.5,0,3,500,False,False,False,0.6666666666666666,89.39902685944415;269.81721475565865;,354.0729471004199;202.24637007418062;
True,0.5,0,3,500,False,False,False,1.0,246.0565346153493;421.06879183778756;735.9725060139335;,242.53943767818336;375.60383534573145;906.841671748057;
True,0.5,0,3,500,False,False,False,1.0,494.61399977274493;1059.851454821652;380.1849542142249;,383.5521958611261;958.0681110402244;148.1810256709048;
True,0.5,0,3,500,False,False,False,0.6666666666666666,238.00841930634715;345.6734725227295;,627.7901189754322;350.88649066848063;
True,0.5,0,3,500,False,False,False,0.6666666666666666,1759.4127120325395;473.1938624538966;,419.4760704485396;473.1938624539099;
True,0.5,0,3,500,False,False,False,1.0,75.11685780768448;427.65891044651283;77.02832329366147;,9.710772691334213;154.83595010903812;447.4618723916988;
True,0.5,0,3,500,False,False,False,1.0,458.19702723248565;423.0801408788018;218.57142145692774;,358.3434391897592;427.96740104913437;167.8810944098067;
True,0.5,0,3,500,False,False,False,1.0,863.2769225981419;333.4583111400672;109.86192489638923;,524.6227090899404;310.8992353387658;106.04909344144026;
True,0.5,0,3,500,False,False,False,1.0,369.19233733298427;584.4142680340343;130.9688413102622;,155.84442017899877;198.2323581270197;130.96884131027505;
True,0.5,0,3,500,False,False,False,1.0,279.944158919284;325.56340519119146;732.8411463401218;,57.38015818403846;447.91667678577215;683.6620651132362;
True,0.5,0,3,500,False,False,False,1.0,486.65461636806526;481.07582990194754;213.34568606936028;,362.22932875550765;486.7777905433968;248.88495972339973;
True,0.5,0,3,500,False,False,False,1.0,346.3326560937052;712.7884662650034;662.462189020019;,343.8732410279002;618.4570824200033;689.713551262265;
True,0.5,0,3,500,False,False,False,1.0,302.5524904832324;669.003490037142;390.51589473618054;,331.2580227649787;669.0034900371293;385.81549204417246;
True,0.5,0,3,500,False,False,False,1.0,440.2732657011161;233.9106148277751;23.53869473692401;,269.63650866119326;208.81159888572958;574.7381073371964;
True,0.5,0,3,500,False,False,False,0.6666666666666666,566.180834269256;665.1564512298698;,564.2317184223803;467.0900630463032;
True,0.5,0,3,500,False,False,False,1.0,314.08537872587755;197.20400445122522;359.1455939811171;,141.46438982369753;167.30048162717443;480.9860531682172;
True,0.5,0,3,500,False,False,False,0.6666666666666666,903.6646691791151;592.7222392488678;,409.06480768633554;591.147862312562;
True,0.5,0,3,500,False,False,False,1.0,396.0085788690853;188.29233998805032;426.3556687238614;,260.4544269320757;106.14455803159944;153.98680143983293;
True,0.5,0,3,500,False,False,False,1.0,929.337631420629;111.2643514146778;116.78698582580834;,591.115961096983;28.577739728966282;238.09333289109753;
True,0.5,0,3,500,False,False,False,1.0,232.94670828079342;233.29056455222158;176.26986055875543;,232.94670828079083;233.29056455221215;333.46610429981445;
True,0.5,0,3,500,False,False,False,0.6666666666666666,833.4936430817412;474.6651761519654;,654.1532801956024;176.40512230907535;
True,0.5,0,3,500,False,False,False,1.0,165.60937743612305;255.13828282457996;376.56246401558303;,126.95001638061035;255.1382828245687;426.73954479939937;
True,0.5,0,3,500,False,False,False,0.6666666666666666,870.3813300763608;358.4256164850572;,261.1980860524896;40.697520102671845;
True,0.5,0,3,500,False,False,False,1.0,300.9536955119955;365.4900727000522;478.9540578546395;,362.7558057634945;165.0492272488332;478.9540578546298;
True,0.5,0,3,500,False,False,False,1.0,149.9748533415857;267.19395969634286;228.43501649739196;,149.97485334158776;294.5749268617277;199.95947222799202;
True,0.5,0,3,500,False,False,False,0.6666666666666666,148.91144922340382;337.4870473576933;,261.0117915147218;418.09741192152705;
True,0.5,0,3,500,False,False,False,0.6666666666666666,258.1483080150675;745.1153443216083;,253.15682217520512;745.1153443215993;
True,0.5,0,3,500,False,False,False,0.6666666666666666,1149.030248264026;355.66585820056184;,498.0716082994561;335.77024266507055;
True,0.5,0,3,500,False,False,False,1.0,204.94254452460967;205.7644484811539;603.8885478934144;,275.50557076385167;234.73710330537543;389.36094393223425;
True,0.5,0,3,500,False,False,False,0.6666666666666666,1174.1191143671595;640.5833703855435;,56.89089443353431;676.0272036368632;
True,0.5,0,3,500,False,False,False,0.6666666666666666,507.62825894162245;163.40448698217205;,262.0129263200453;139.65947480489257;
True,0.5,0,3,500,False,False,False,1.0,502.107347786489;319.0066783060156;150.76731421210712;,397.9887681976542;370.7142231184947;150.76731421210565;
True,0.5,0,3,500,False,False,False,0.6666666666666666,567.9824887290088;106.20369511796956;,339.10120222378725;196.7274222951887;
True,0.5,0,3,500,False,False,False,1.0,251.0678365437643;430.95086750832854;498.59633175062305;,172.65838519310284;543.4367748547764;373.749585680309;
True,0.5,0,3,500,False,False,False,1.0,286.61596212981067;215.60985256744928;401.7731978841599;,459.65132335241196;241.3104409312026;501.8372219499021;
True,0.5,0,3,500,False,False,False,1.0,640.6965294663005;950.8632255876489;108.59039861466525;,451.2046708292757;586.5814107222292;139.8542572108197;
True,0.5,0,3,500,False,False,False,0.6666666666666666,505.6020575157134;194.1887736460718;,777.7777339709949;660.3423821761121;
True,0.5,0,3,500,False,False,False,1.0,329.6926960232443;165.0522908127067;520.7974772268557;,329.69269602324744;519.5693871908146;532.9558209301039;
True,0.5,0,3,500,False,False,False,1.0,196.07537867442403;306.5559673581426;721.6303383464907;,194.77753933414738;296.9606462191528;658.6407542594878;
True,0.5,0,3,500,False,False,False,0.6666666666666666,415.6340157482946;1407.6181005782353;,457.63155101312225;356.2139314845733;
True,0.5,0,3,500,False,False,False,0.6666666666666666,971.7673210329192;569.143172849667;,346.1764388360039;616.5228026516497;
True,0.5,0,3,500,False,False,False,0.3333333333333333,1788.310170633451;,418.21751661357877;
True,0.5,0,3,500,False,False,False,1.0,246.1733487328864;401.6210406225728;351.46798544261276;,246.173348732882;415.1755555861429;338.71859494922495;
True,0.5,0,3,500,False,False,False,0.6666666666666666,262.53380525083736;1156.2851030127867;,167.2553338802754;192.6766108921359;
True,0.5,0,3,500,False,False,False,0.6666666666666666,295.766508699578;1306.5906492055792;,295.7665086995678;423.2671961023709;
True,0.5,0,3,500,False,False,False,1.0,577.2883045326975;471.5885590568394;673.0163196917157;,586.2889793464234;480.3516424495958;667.7159805575762;
True,0.5,0,3,500,False,False,False,1.0,108.16782085931521;492.9520454529329;224.64076504807383;,136.82953575826076;284.0375582049829;517.4534002814215;
True,0.5,0,3,500,False,False,False,1.0,325.8212105805115;140.24077792076665;398.9731085994195;,325.8212105805083;84.6059465281226;231.59809599758432;
True,0.5,0,3,500,False,False,False,0.6666666666666666,1258.934686644242;110.27504557277139;,294.1197241259667;262.4340690835082;
True,0.5,0,3,500,False,False,False,0.6666666666666666,506.65846293384357;328.0523818744826;,413.38064294860965;328.0523818744896;
True,0.5,0,3,500,False,False,False,0.6666666666666666,321.4481694232721;243.2581071225714;,321.4481694232857;477.8317467650031;
True,0.5,0,3,500,False,False,False,1.0,80.39486857252503;510.99388689153585;561.7062331016173;,230.064748675196;468.7973930524728;326.126215161729;
True,0.5,0,3,500,False,False,False,1.0,361.9828768198031;716.0868546157934;539.7152248404933;,230.0964206227485;691.0121232020794;41.989287237077576;
True,0.5,0,3,500,False,False,False,1.0,706.3688602641785;224.63069734669736;421.08586360881634;,706.3688602641743;293.7719204276961;372.7212311598845;
True,0.5,0,3,500,False,False,False,0.6666666666666666,1752.3272761110982;393.2641239355175;,499.3109575449398;123.73553746019839;
True,0.5,0,3,500,False,False,False,0.6666666666666666,1120.3593864425434;566.8708649125527;,417.1009913344505;566.8708649125495;
True,0.5,0,3,500,False,False,False,0.6666666666666666,68.05995874551239;1065.3286641354564;,48.90744254251931;65.00663178169538;
True,0.5,0,3,500,False,False,False,1.0,263.62218226691004;249.7766696935408;618.9241045646633;,278.08061337823494;199.28449105441152;631.5072401116477;
True,0.5,0,3,500,False,False,False,1.0,275.2212729284563;517.2350378381532;223.6084244768428;,278.94294023080914;429.6524275104725;192.04252678759818;
True,0.5,0,3,500,False,False,False,1.0,511.7878339512243;498.2334397033999;186.71569762918145;,733.92435940232;498.2334397033868;218.1412784031089;
True,0.5,0,3,500,False,False,False,0.6666666666666666,323.39407503165046;1257.3461879367987;,323.39407503165575;500.1825617417453;
True,0.5,0,3,500,False,False,False,1.0,402.74393301388466;141.82414744873128;678.7315691662429;,402.74393301387505;20.584898659274906;630.7195315629807;
True,0.5,0,3,500,False,False,False,1.0,305.1034616769111;342.9138138993339;829.3104850957883;,305.10346167690886;349.67900597496487;847.525917425818;
True,0.5,0,3,500,False,False,False,1.0,323.85492415145876;167.52758114362254;540.5380172850756;,363.66301871046846;158.90009289315665;389.20530368394236;
True,0.5,0,3,500,False,False,False,0.6666666666666666,175.2558202204491;147.40088446235902;,202.3343152492335;230.67750356747348;
True,0.5,0,3,500,False,False,False,0.6666666666666666,740.9414011818048;281.34794206935794;,431.85635183202487;101.09388451395701;
True,0.5,0,3,500,False,False,False,0.6666666666666666,926.6562367063739;390.4507454251657;,640.639010563398;352.3684809032797;
True,0.5,0,3,500,False,False,False,1.0,870.6650402415945;374.3986537765136;172.17777416257405;,821.8600728604106;396.32294635771876;288.5277125111215;
True,0.5,0,3,500,False,False,False,0.6666666666666666,1176.0601576127153;64.74925972612748;,476.55648238283584;184.3826395110465;
True,0.5,0,3,500,False,False,False,1.0,531.3044182395697;298.31603442505815;460.50882001190314;,584.8292522218318;259.0735022571849;202.21770061925452;
True,0.5,0,3,500,False,False,False,0.6666666666666666,240.34043866329563;88.22993676245486;,240.340438663297;47.77709965829137;
True,0.5,0,3,500,False,False,False,0.6666666666666666,1268.8652675655571;90.951947004618;,128.716637964965;90.95194700461242;
True,0.5,0,3,500,False,False,False,1.0,241.7996992115644;480.35204723864;459.4157759314435;,246.71163271466273;478.5312629554545;454.35240534111267;
True,0.5,0,3,500,False,False,False,1.0,609.1663207209486;254.0301041247233;956.5709893210482;,778.7558438848416;225.5478621064376;866.1805912407013;
True,0.5,0,3,500,False,False,False,0.6666666666666666,134.29155594053384;1019.9009858770564;,258.3990056544532;310.3736027945224;
True,0.5,0,3,500,False,False,False,1.0,237.1728736921645;153.83606374213988;99.11696285363112;,237.1728736921768;179.20166862887672;96.1242766373412;
True,0.5,0,3,500,False,False,False,1.0,190.57816304270008;581.7220028986351;1555.627504575024;,146.84969252649387;533.3539778953697;1555.62750457502;
True,0.5,0,3,500,False,False,False,0.6666666666666666,1015.1420615670853;292.5036304578552;,343.3250540852463;163.658514793013;
True,0.5,0,3,500,False,False,False,1.0,414.0507072493684;227.24619307748955;274.04860483151117;,371.0118000543596;194.22721556852974;245.37940190512404;
True,0.5,0,3,500,False,False,False,0.6666666666666666,1132.1602936401878;294.27086552049843;,166.05658347701802;240.49683291930924;
True,0.5,0,3,500,False,False,False,0.6666666666666666,767.9495258917466;344.68919570168595;,236.64092077974374;84.56740419360115;
True,0.5,0,3,500,False,False,False,0.6666666666666666,287.24293929059644;662.5805316676685;,26.556341849817077;662.5805316676713;
True,0.5,0,3,500,False,False,False,0.6666666666666666,410.07957166310314;340.74899846741863;,424.3513338965704;321.0211626409346;
True,0.5,0,3,500,False,False,False,1.0,593.8931687515249;118.7506491235038;390.82261073625887;,378.75487645704436;99.08772111523363;180.93574849620413;
True,0.5,0,3,500,False,False,False,1.0,701.735790765193;51.1360900609007;271.48467369199994;,580.1500886665235;231.49243824009088;355.96697331536393;
True,0.5,0,3,500,False,False,False,1.0,188.59355450412272;247.65499207839926;566.5383452729119;,196.8627891427896;451.93757966820914;595.1279825090038;
True,0.5,0,3,500,False,False,False,0.6666666666666666,1625.7989220591187;749.5657297371755;,183.70359778742713;699.3990213819592;
True,0.5,0,3,500,False,False,False,0.6666666666666666,321.19020232737677;298.6019856453708;,553.292957893448;477.9245037827804;
True,0.5,0,3,500,False,False,False,1.0,632.1117450435421;476.4445868062726;382.9024249995083;,477.7021925110569;400.95695760681735;399.10176261312756;
True,0.5,0,3,500,False,False,False,0.6666666666666666,237.709285173649;340.56010526779914;,208.5016481764127;340.5601052678069;
True,0.5,0,3,500,False,False,False,1.0,619.5434381462217;105.21378882434024;102.67272236102858;,583.321523278914;93.4132108434052;251.86827014040253;
True,0.5,0,3,500,False,False,False,1.0,763.9784981832868;1019.842031536318;216.7630981401581;,639.9009774828008;651.8441283252603;216.76309814015602;
True,0.5,0,3,500,False,False,False,1.0,461.39995943440795;928.8931883292616;442.22061888295855;,138.0862166593506;859.7424529161697;404.2017517040755;
True,0.5,0,3,500,False,False,False,0.6666666666666666,1471.0650101511799;81.23483877790038;,151.45648791808236;125.03064139739712;
True,0.5,0,3,500,False,False,False,1.0,72.6277166835008;670.0235495196663;463.7103438189003;,394.45232618968834;811.9040435428269;468.02210530188245;
True,0.5,0,3,500,False,False,False,0.6666666666666666,648.4522456231141;250.740761059572;,286.25974510697085;250.74076105955336;
True,0.5,0,3,500,False,False,False,0.6666666666666666,1266.4946177162692;282.5133712244961;,331.06354614394996;161.0954151644191;
True,0.5,0,3,500,False,False,False,1.0,283.9857367367242;156.08452150838232;255.69403607894975;,230.45858816848954;156.08452150837758;343.6787046427302;
True,0.5,0,3,500,False,False,False,1.0,466.9921714163588;376.4546273375105;428.68517117092824;,466.99217141635864;376.45462733750384;428.6851711709237;
True,0.5,0,3,500,False,False,False,0.6666666666666666,639.3085294352107;469.3696070676126;,285.9585798553611;469.3696070676167;
True,0.5,0,3,500,False,False,False,0.6666666666666666,320.50759024708384;321.29089692985775;,369.614697167372;171.70667258618462;
True,0.5,0,4,500,False,False,False,0.5,156.71825135064094;2348.880033639202;,55.50450594208006;543.6449409769781;
True,0.5,0,4,500,False,False,False,0.75,595.4247596579496;425.58942386605645;241.64195170109204;,265.5921095776215;391.76756083004574;361.84708879884903;
True,0.5,0,4,500,False,False,False,0.75,275.69157925779854;350.1298524213007;958.1956429956249;,210.4658313871811;350.1298524213018;329.92418250632926;
True,0.5,0,4,500,False,False,False,1.0,1254.517434715686;320.3589003803102;325.72748702935445;501.5739959199031;,335.91675834064483;335.6218074076923;343.53111387425645;396.1150090009758;
True,0.5,0,4,500,False,False,False,0.5,2707.5689823883245;231.81659571319088;,504.61678260699216;98.00843399779245;
True,0.5,0,4,500,False,False,False,0.75,1138.2048392499928;197.96164799904153;233.7463450125179;,90.95179328482071;159.941286705735;349.1601319925026;
True,0.5,0,4,500,False,False,False,0.5,523.0133261504342;1117.485277537055;,261.83589002397207;372.11484759086136;
True,0.5,0,4,500,False,False,False,0.75,577.0159749751931;596.8831489256697;122.71213639369668;,577.0159749751921;344.0114778608821;233.10167889703422;
True,0.5,0,4,500,False,False,False,1.0,504.0668675810379;364.2267610981726;140.45207568928635;565.4588415808871;,359.217998937865;306.7456401789671;107.47170703637548;578.4687070256117;
True,0.5,0,4,500,False,False,False,0.5,920.6606092085348;212.77019935732562;,144.43410340171872;226.02598682280282;
True,0.5,0,4,500,False,False,False,1.0,182.0489360946956;401.57650888135174;642.4988661782504;358.1575331157202;,156.53853917171813;629.3913741331681;362.3684856363746;358.15753311572075;
True,0.5,0,4,500,False,False,False,1.0,665.9768820661548;273.4770328264896;287.9750954107508;150.5416408754577;,354.4070846865157;496.9988723666668;338.34568889528146;120.05609538401812;
True,0.5,0,4,500,False,False,False,0.5,286.20762923913753;414.6109973132159;,664.887586603346;696.4869765639918;
True,0.5,0,4,500,False,False,False,1.0,327.00494787268667;224.3834349571218;243.88303409584552;435.11196091572936;,327.0049478726873;258.0409770297936;425.26935655933573;414.50565302582885;
True,0.5,0,4,500,False,False,False,1.0,562.2531594558798;450.56481432206886;419.0702816015637;443.037385564736;,512.5021645260932;393.67164094345344;207.0605863381699;516.84134892009;
True,0.5,0,4,500,False,False,False,0.25,1071.4952053291147;,85.66248697292568;
True,0.5,0,4,500,False,False,False,1.0,910.3111332074474;578.7372811769252;158.88740077053063;606.4862118483751;,519.1861965749973;653.6583309867588;121.45010747908076;348.5608263735996;
True,0.5,0,4,500,False,False,False,1.0,128.67453420774478;358.92201753167876;502.52205882612617;376.8228482804789;,108.28563064601437;363.98059227197473;337.46697396980824;140.67743785765683;
True,0.5,0,4,500,False,False,False,0.75,477.29159816584877;996.8036749067685;411.88905808094984;,645.5538870456693;330.2519463664272;358.51107299334484;
True,0.5,0,4,500,False,False,False,0.5,696.5642710048771;356.7413088974528;,327.5121787881615;127.61190546466743;
True,0.5,0,4,500,False,False,False,0.75,111.08502078528292;197.5206681437588;654.514344849369;,462.32243134945026;469.53185645950066;688.9609804332227;
True,0.5,0,4,500,False,False,False,0.75,279.62188921758803;633.3691312764028;300.98643397414264;,279.6465274024051;229.09090276599338;301.2271728371161;
True,0.5,0,4,500,False,False,False,1.0,269.6267016965012;543.5421735720536;535.4963045451875;821.0488622473117;,235.9852670158927;533.452403791026;890.3573538021407;460.88127041120924;
True,0.5,0,4,500,False,False,False,0.5,914.5594667272841;383.56858016464037;,97.86912512118111;612.9213868109256;
True,0.5,0,4,500,False,False,False,1.0,322.1963099218277;1122.5058436358677;404.9502553079368;333.95286281028655;,485.7634432836541;366.2718058745243;315.8686966251485;273.2694299668001;
True,0.5,0,4,500,False,False,False,0.75,189.76616953110985;227.88734013500007;2097.368234886373;,165.93284297549883;114.65560309075494;515.0994284376251;
True,0.5,0,4,500,False,False,False,0.5,212.7846909953219;344.6253847765483;,89.95542367201917;349.6138953228863;
True,0.5,0,4,500,False,False,False,1.0,576.9405313023967;403.7727177285734;166.01448422857374;162.92989742998606;,357.6030899061712;361.0294169759002;271.64072552818595;57.50000554268787;
True,0.5,0,4,500,False,False,False,0.5,1796.9566552654198;858.5285525158496;,352.88556864879916;263.2238559691266;
True,0.5,0,4,500,False,False,False,0.5,912.6852445957994;609.9581038891788;,296.3049287180917;317.46306892616684;
True,0.5,0,4,500,False,False,False,1.0,662.5929368587385;840.7366244982286;414.7872070193922;871.1533663721782;,113.65090961938702;335.4141957869124;414.78720701938596;901.0793200424624;
True,0.5,0,4,500,False,False,False,0.75,1649.1746238199937;1583.9126093384007;373.25880149221456;,263.5915456720764;1129.1240794985506;414.9210187297422;
True,0.5,0,4,500,False,False,False,0.5,1268.9986012446527;473.92341015898825;,323.20748168832233;573.4433408897257;
True,0.5,0,4,500,False,False,False,1.0,342.6029272611711;685.276403595583;253.1135185334396;363.20826887476267;,516.2528625861892;586.31824992776;261.0188961289023;401.6204316151183;
True,0.5,0,4,500,False,False,False,0.5,893.2593904535496;690.5676398315542;,278.31529824483874;951.590386099467;
True,0.5,0,4,500,False,False,False,0.75,592.5113079443238;331.8813032001365;250.55456186256606;,387.96225837162194;295.3488821254587;284.0931319848969;
True,0.5,0,4,500,False,False,False,1.0,404.2347442956593;383.37865024722913;192.63462534953953;202.2846715948916;,171.32717589198884;339.231950558072;139.5121923513207;202.2846715948916;
True,0.5,0,4,500,False,False,False,0.5,354.6736726475246;2385.603688968917;,472.1428631684073;87.03473842853623;
True,0.5,0,4,500,False,False,False,1.0,240.41439115539382;228.56174337107922;226.28574421708822;678.978210161893;,214.26717540460731;294.62143558729656;344.0706050653468;175.749986308117;
True,0.5,0,4,500,False,False,False,0.75,762.5855686970718;1001.549641450455;468.2668971012155;,872.8723030895035;160.8197269797482;466.61753452522237;
True,0.5,0,4,500,False,False,False,0.5,632.2580864390276;820.6329524553174;,744.0450795689549;655.4886988804095;
True,0.5,0,4,500,False,False,False,1.0,303.0597638851076;375.94284641268763;339.035149323529;477.3681616429942;,302.112598784323;296.68769120189336;432.01343765134425;432.0728104000648;
True,0.5,0,4,500,False,False,False,0.5,624.1733699037311;176.16301076468164;,360.70818188469616;372.6453131466896;
True,0.5,0,4,500,False,False,False,0.75,299.97343024557125;1942.7331980825918;182.49627497744424;,274.9232171599807;659.6070287503061;160.56404761242354;
True,0.5,0,4,500,False,False,False,1.0,78.011498303225;307.4243878605695;278.09835030809626;61.96790640160516;,70.76217040349503;347.0783683145796;282.1960614524205;314.40737089098786;
True,0.5,0,4,500,False,False,False,0.5,417.6759547527428;255.46743565287326;,329.31348127365015;257.97686103372723;
True,0.5,0,4,500,False,False,False,0.5,371.9113666728762;499.5445357488998;,336.5083694543761;332.71692202859083;
True,0.5,0,4,500,False,False,False,1.0,456.37253469557186;302.1804776932706;809.5466720104599;487.11434674418285;,505.3285665105792;311.59373947598624;1088.361974297315;482.66984361491234;
True,0.5,0,4,500,False,False,False,0.75,117.2040394148351;1098.3592649280415;3456.2780488165945;,124.35364615567022;1062.1388144678263;504.627089855565;
True,0.5,0,4,500,False,False,False,0.5,995.688131865322;303.6351683420121;,154.62242080835924;320.4148265997622;
True,0.5,0,4,500,False,False,False,0.75,183.1716820068244;1786.952069372174;384.2826226345636;,193.01585837036643;513.4423507275105;384.1733507150968;
True,0.5,0,4,500,False,False,False,0.5,865.299778188987;1043.1907147058337;,278.35282437191523;318.9585847349066;
True,0.5,0,4,500,False,False,False,1.0,487.7253771987293;591.0249226757243;550.6058257509382;703.8062637577995;,419.97408413018115;278.2928729471036;645.437840584745;355.80280614035945;
True,0.5,0,4,500,False,False,False,0.75,563.7003803290395;612.9216944327769;324.26755375545247;,80.83671794911021;745.037038107074;518.2870081651885;
True,0.5,0,4,500,False,False,False,0.75,436.3455831111375;353.1110724562924;160.09498063774302;,589.1446708648759;242.3225653166662;108.56768224436055;
True,0.5,0,4,500,False,False,False,0.5,833.7312865672762;1379.7049878836133;,423.29152462420495;276.6656775467145;
True,0.5,0,4,500,False,False,False,0.75,627.9039736992302;1110.114206120311;428.8905286209897;,581.145172921972;547.1616883002556;311.9688168519373;
True,0.5,0,4,500,False,False,False,1.0,522.2942597512225;196.04564816674556;229.79701373176903;965.3254397455036;,464.572267362605;257.9108641794681;296.74023758255777;156.061663189003;
True,0.5,0,4,500,False,False,False,0.75,467.16735434281634;86.03486519810292;294.2517982370716;,564.0460373762188;266.4800452591714;39.47232743029201;
True,0.5,0,4,500,False,False,False,0.75,1018.8318866392112;426.0065557706907;275.27079276401054;,322.35460529437466;426.0065557706979;163.4391059660944;
True,0.5,0,4,500,False,False,False,0.75,719.9737911119736;234.13776649221074;848.1117472895054;,636.1399359559518;380.430915242338;315.8132545380094;
True,0.5,0,4,500,False,False,False,1.0,370.4255923217477;375.0354358000573;511.0155913772021;118.25021300834561;,267.03628108434293;468.69806747408666;351.98579754216934;421.65389579080045;
True,0.5,0,4,500,False,False,False,0.75,558.6872854505634;1020.9269005521678;1101.4572254206128;,482.57737110187446;310.82867590051126;431.42223257624784;
True,0.5,0,4,500,False,False,False,1.0,461.7855556268266;41.74777528847803;420.87517771037705;968.659373166564;,576.0999256472072;108.70281979622884;30.551077903289112;1056.6241322372089;
True,0.5,0,4,500,False,False,False,0.5,584.1502601722168;223.34840549379814;,759.4524522846666;389.86115363496117;
True,0.5,0,4,500,False,False,False,0.5,741.9252198285354;633.3988877816635;,452.5870351467647;151.73530533284028;
True,0.5,0,4,500,False,False,False,1.0,414.9623081514534;448.27591690474793;311.67053188471493;292.197778651943;,369.7174254361366;376.22857923406474;311.6705318847107;292.1977786519413;
True,0.5,0,4,500,False,False,False,0.5,526.0686921241163;1814.7981606156302;,430.6586425334656;141.80887791401994;
True,0.5,0,4,500,False,False,False,1.0,561.5269043838128;44.510610377237086;150.23618612351706;400.47277999852463;,256.7998215027301;267.5409935623441;81.81505659295912;240.17848995174901;
True,0.5,0,4,500,False,False,False,0.5,1078.8944596335025;75.004174800754;,191.36014019814223;182.4090251026014;
True,0.5,0,4,500,False,False,False,0.75,849.0573715767755;242.06337434099723;154.60778451582263;,448.04253496828636;242.06337434100155;146.4569852064705;
True,0.5,0,4,500,False,False,False,1.0,632.4335678416367;122.51283175124838;711.9141427698466;575.1295115254061;,541.874605786107;122.51283175124975;466.6157662778604;469.86436953713445;
True,0.5,0,4,500,False,False,False,0.5,808.8532930881352;549.273972531507;,256.59384872243913;349.6325155181412;
True,0.5,0,4,500,False,False,False,0.75,557.2049171876309;342.13098035749067;106.04902181139514;,511.04491294188784;426.8677893945937;100.7703999914157;
True,0.5,0,4,500,False,False,False,0.75,185.15535888579623;1599.6400953143327;370.5283114849071;,69.82548301942121;223.27367038270302;342.89725312244;
True,0.5,0,4,500,False,False,False,0.75,177.54828520751676;629.46317998437;616.3197907074177;,382.40382689295683;286.84289168347857;312.23137040184014;
True,0.5,0,4,500,False,False,False,0.75,235.48257027340395;353.05217761784075;303.0139113475988;,341.4038973705079;320.43160542104187;302.1242887716549;
True,0.5,0,4,500,False,False,False,0.75,285.586830668426;757.0292405912473;258.54838614614397;,271.63062350764676;202.29470272924866;119.95972506376195;
True,0.5,0,4,500,False,False,False,1.0,227.59800930192137;196.6831403150913;185.64498140660032;300.15463694308494;,225.43308407471608;210.64695720793387;185.64498140660075;445.90481927098205;
True,0.5,0,4,500,False,False,False,1.0,423.4411897320417;874.1332331937806;970.800492428698;360.17925889891757;,423.4411897320412;908.6745859634312;970.8004924286997;352.8338456401246;
True,0.5,0,4,500,False,False,False,1.0,333.24974415835175;284.0726461177125;321.26607730609993;148.60502391877492;,313.8577269239393;316.1265155716688;328.4329712932995;146.0787526034352;
True,0.5,0,4,500,False,False,False,0.75,139.07282047017856;222.77196487206425;260.8122798908381;,882.8248298287426;82.17086536119253;234.3232528489732;
True,0.5,0,4,500,False,False,False,0.75,399.49870945791275;567.5777974104889;61.14440841761881;,444.4574747519663;154.46588545553516;233.0287213059301;
True,0.5,0,4,500,False,False,False,0.5,758.0703057682213;435.6745523444538;,208.9950805034351;126.10764961756439;
True,0.5,0,4,500,False,False,False,0.75,1374.1067100631808;436.5319681237037;945.0641719373085;,355.7729837866126;387.04661115566887;1028.858995817867;
True,0.5,0,4,500,False,False,False,1.0,499.9040863898262;446.30627971795724;424.3639459144394;557.5318417425151;,397.0199223706047;151.24028446507216;519.5578865759193;443.7301407024499;
True,0.5,0,4,500,False,False,False,0.75,200.37014078806735;1116.2864625695709;344.6965231178008;,445.16427854216596;1157.2053478968674;381.90809163773184;
True,0.5,0,4,500,False,False,False,0.75,630.8351924045562;216.84513363194148;129.45461124591083;,788.679003655181;111.54632806225737;92.82618858153147;
True,0.5,0,4,500,False,False,False,0.5,939.6504451372216;537.0241400810904;,288.1876448775407;415.67723031085154;
True,0.5,0,4,500,False,False,False,0.75,868.6816686901093;97.24540815877633;311.454065200171;,219.19699560530253;32.19619126628371;178.29829998818704;
True,0.5,0,4,500,False,False,False,1.0,485.57934782463633;990.8106138694499;1133.989932019729;495.1990740566938;,164.6422385365819;774.6328956249622;256.60740399725626;296.11443152751053;
True,0.5,0,4,500,False,False,False,1.0,541.6759254649573;518.704553172231;228.48931951515547;250.00554318195256;,424.07951391485057;616.1394423294635;123.90251235895485;250.00554318195316;
True,0.5,0,4,500,False,False,False,0.75,1235.2588124617253;543.1046760629292;218.77786497692367;,123.65593943270666;168.92889138966692;180.25543241914912;
True,0.5,0,4,500,False,False,False,0.75,344.5294799804176;438.1277447744416;941.1034566595084;,384.76535661581715;378.42581200815215;312.49270835449107;
True,0.5,0,4,500,False,False,False,0.75,140.93481927813917;156.72116753527587;210.9171708081126;,310.62250460021943;268.9983822550668;99.66379658590242;
True,0.5,0,4,500,False,False,False,0.5,1456.3359720107053;760.0001251820142;,306.0031841937729;498.1489157439431;
True,0.5,0,4,500,False,False,False,0.5,1572.5849432344864;921.8859109657751;,373.1581934641305;496.5208917310475;
True,0.5,0,4,500,False,False,False,0.75,342.50562960202126;414.85177862428736;402.7122532765252;,566.2703431070411;389.66369934306056;184.79132037004925;
True,0.5,0,4,500,False,False,False,0.75,1336.883633387338;358.7431699864688;489.41031537083734;,1257.420712709202;364.35555855059044;366.7529343597133;
True,0.5,0,4,500,False,False,False,0.75,652.0701231676045;880.9548453492164;1250.4456871829327;,751.9739155897415;787.3263842138249;416.22833087536577;
True,0.5,0,4,500,False,False,False,0.5,520.0167018031361;1312.280651245984;,115.18472872313386;332.86810115835095;
True,0.5,0,4,500,False,False,False,1.0,821.6780472758115;174.5392321622079;177.77609017989462;522.5596677462577;,650.3944500532028;275.1137410177086;189.21242012152794;284.5253020261093;
True,0.5,0,4,500,False,False,False,1.0,123.88835111271315;329.2341878008217;662.5693433628852;119.52485574919592;,133.16249200784804;216.75832669344558;223.98659409025876;138.38027808321033;
True,0.5,0,4,500,False,False,False,0.5,1853.0961433245634;199.51103921659615;,54.371070172780605;282.13152376991604;
True,0.5,0,4,500,False,False,False,0.75,363.54962851917253;409.26863700487854;272.8822551009617;,166.46376238217292;409.26863700487525;242.1428851779895;
True,0.5,0,4,500,False,False,False,0.75,563.0446806691232;307.35128516212677;169.69661656577267;,563.0446806691217;830.4701286120852;152.2629758121241;
True,0.5,0,4,500,False,False,False,0.5,559.5079345487735;171.9931770856166;,502.9572743051541;146.10955426691936;
True,0.5,0,4,500,False,False,False,0.75,1112.4562611986485;392.24714954533533;935.6328960493839;,256.3075592250794;286.6982459324481;257.09391183424253;
True,0.5,0,4,500,False,False,False,1.0,405.1367693538767;285.80571239966827;400.4000543875857;1126.1643520361592;,376.5596249192093;285.20020319482694;136.13914962818504;404.07801001108555;
True,0.5,0,4,500,False,False,False,0.75,1457.3622386278919;488.0002640489332;242.82858545583278;,288.84905701646255;491.9558681782198;207.80529974807988;
True,0.5,0,4,500,False,False,False,0.5,912.8891517604415;2037.3675405020317;,483.8311915069502;174.8949153739619;
True,0.5,0,4,500,False,False,False,1.0,134.57715085702367;268.2212646176787;458.04105881445827;403.2429843592223;,159.26802797131512;126.6951831492277;339.6481608130405;518.4078581158799;
True,0.5,0,4,500,False,False,False,0.75,268.39703047981163;339.1206019277036;245.81128097230265;,286.53083878359297;339.1206019277041;186.1011766422506;
True,0.5,0,4,500,False,False,False,1.0,164.23512732723214;333.4636800622679;346.53877382686164;648.9186426310256;,156.4828581472125;251.67866091262763;488.1285650165425;729.6477942109459;
True,0.5,0,4,500,False,False,False,0.75,1213.4342443704322;164.10836030876982;515.8957110448271;,523.4308076324793;164.10836030877334;515.8957110448227;
True,0.5,0,4,500,False,False,False,0.5,1221.5390892268197;663.9732737285046;,96.7540645648571;234.26810725179928;
True,0.5,0,4,500,False,False,False,1.0,98.89554624793618;184.49310791196496;35.63122924617452;1578.590081750786;,184.21488787932518;262.1235194176155;91.81910948195281;372.8721442590911;
True,0.5,0,4,500,False,False,False,1.0,275.4870214341567;689.7936967645525;167.7603450989832;945.0669032778387;,290.2937264142345;427.0473503298895;431.6079337042919;425.8328363786622;
True,0.5,0,4,500,False,False,False,0.5,139.12627265221585;839.9190290944874;,417.73310580314995;738.7665425502161;
True,0.5,0,4,500,False,False,False,0.75,586.0537105891734;382.9139461512891;103.42578042184897;,353.3863470507821;691.1674876956531;275.75497825232327;
True,0.5,0,4,500,False,False,False,0.5,203.49529489286843;999.2338737360266;,324.23690789987955;338.6905728520086;
True,0.5,0,4,500,False,False,False,0.5,397.5439084534202;523.7736060661337;,156.53655712014987;408.97606368710706;
True,0.5,0,4,500,False,False,False,0.5,720.749928460204;385.98132706161783;,310.2302947334975;56.4610352773171;
True,0.5,0,4,500,False,False,False,0.75,286.5429490098316;52.056935750930116;38.89789805995254;,133.03458914826422;328.2089252697391;126.67987842524614;
True,0.5,0,4,500,False,False,False,1.0,508.7682032181106;895.552882260214;812.6047483399163;738.861433083647;,250.3411952139317;819.6090282522932;878.4131509062908;801.7139402855225;
True,0.5,0,4,500,False,False,False,0.5,504.40350040477205;2565.535600146732;,427.84778330997693;414.9139299064978;
True,0.5,0,4,500,False,False,False,0.75,676.6737786382258;778.5662340443267;826.8918759125314;,355.92290669928303;673.8610525037161;646.0774394721591;
True,0.5,0,4,500,False,False,False,0.5,1158.0297683206334;1066.9059760506454;,312.22478886626794;33.45493569996418;
True,0.5,0,4,500,False,False,False,0.75,327.15808126447547;975.6627692398172;587.5819543681682;,368.6286607507856;128.32094447523136;482.08162919966156;
True,0.5,0,4,500,False,False,False,0.5,466.3380057026394;273.5240412779879;,452.8130932144815;285.8794439485251;
True,0.5,0,4,500,False,False,False,0.75,307.84876314437923;1340.5450053094778;547.889795743264;,307.8487631443792;458.9077716178391;498.96402227438176;
True,0.5,0,4,500,False,False,False,0.5,862.751651350431;376.80264839929225;,274.752132038878;495.86409720536034;
True,0.5,0,4,500,False,False,False,0.5,64.8232638086965;1199.3301924718596;,126.26124397118421;336.96885189998153;
True,0.5,0,4,500,False,False,False,0.75,856.2939576340723;116.43383964365843;198.2489617551876;,527.2740656282184;116.43383964365863;198.24896175518487;
True,0.5,0,4,500,False,False,False,1.0,261.1327648517901;463.8756874436798;399.91751783708423;194.59749381496928;,121.61743796513825;213.5071650006041;169.7671065708935;194.5974938149692;
True,0.5,0,4,500,False,False,False,1.0,23.66154292830351;240.1698391726477;644.9627444947174;129.74843288749796;,22.364541150211434;237.05694658891957;648.3770858670118;134.7918189106231;
True,0.5,0,4,500,False,False,False,0.5,390.01704640767235;215.5255170448905;,363.7125375572165;367.36609049079095;
True,0.5,0,4,500,False,False,False,0.5,731.442220727784;868.9053155165874;,320.67640462458223;92.20204552124697;
True,0.5,0,4,500,False,False,False,0.75,1382.5955395925348;447.4488973514552;48.8011102939457;,507.3413059332447;468.6393100910269;98.3333650362927;
True,0.5,0,4,500,False,False,False,1.0,510.6076504605265;28.088407426739764;253.6440015033033;312.64410006707783;,525.9745474560643;51.797802578785365;41.35678739447952;228.3920504941163;
True,0.5,0,4,500,False,False,False,0.75,277.97635080159216;307.21483421487534;479.77617933278196;,137.48005016055865;364.798680774624;346.47354156897586;
True,0.5,0,4,500,False,False,False,0.75,551.8145751374387;461.4098696130108;525.3932049373367;,38.317503450102265;136.6372348228186;230.3269896996147;
True,0.5,0,4,500,False,False,False,1.0,131.90527137117408;300.0158809385631;846.0545008923409;150.9385517520137;,92.13043374502301;300.0158809385638;656.4795444365561;347.35458731124095;
True,0.5,0,4,500,False,False,False,1.0,566.872965244258;930.4878993948083;62.645553025034346;607.3801180321184;,586.4937223605979;764.9097803435238;56.225538761665455;577.6788337930461;
True,0.5,0,4,500,False,False,False,1.0,46.587095275969936;627.4007718687496;296.8578417039038;173.2038502245447;,144.33298061076755;674.3016443078792;322.5658518857384;143.6880612212225;
True,0.5,0,4,500,False,False,False,1.0,725.1255953714004;857.5871361255398;271.0251148391458;356.087526131403;,686.5022257474055;858.2234517036535;143.26014490795978;469.1028281123286;
True,0.5,0,4,500,False,False,False,0.75,598.684586884893;1269.9810358481627;405.52223179797613;,556.4440431595532;296.4628962151337;362.7170380617934;
True,0.5,0,4,500,False,False,False,0.75,359.42442702923177;1220.5218141777434;263.8855107576898;,448.4275539633266;366.3682751226411;532.6684490127977;
True,0.5,0,4,500,False,False,False,0.75,434.34989025905725;236.59503549577826;74.57278691339265;,479.7832081139154;148.86195060041427;171.0895295370288;
True,0.5,0,4,500,False,False,False,0.75,1209.997724600872;236.73152744632125;901.802924550266;,231.79080921046756;242.48885241743002;780.3012205244991;
True,0.5,0,4,500,False,False,False,1.0,765.71711607207;64.8647755827859;326.7069109187217;59.684557382958936;,516.3285219888904;193.32365165310648;326.7069109187214;36.845202425578584;
True,0.5,0,4,500,False,False,False,0.75,333.9613634441532;354.063292540604;418.05595209382795;,235.49675917492073;251.38572944509073;418.05595209382693;
True,0.5,0,4,500,False,False,False,0.75,1729.7554887163888;680.73798362307;596.9152407006263;,356.1617917346585;708.1722483646269;455.3687398858935;
True,0.5,0,4,500,False,False,False,0.75,108.87023906020195;431.10244257355504;585.5836335947397;,122.58994425672257;414.22275148639585;331.3287948197406;
True,0.5,0,4,500,False,False,False,1.0,233.55055354892525;250.82726772697285;671.7115059753868;481.8120480129994;,233.55055354892409;369.761955974001;671.7115059753884;481.8120480129976;
True,0.5,0,4,500,False,False,False,0.5,368.24869947059494;3771.3709953069615;,422.24195386921286;221.10251200953934;
True,0.5,0,4,500,False,False,False,0.5,675.1879319348893;1668.476736728125;,287.44874581424284;513.1300928328634;
True,0.5,0,4,500,False,False,False,0.5,623.1761752991388;1335.723768710019;,281.7826917226764;762.2094871936312;
True,0.5,0,4,500,False,False,False,0.75,809.1936688204978;561.8128058074527;426.0215306594407;,209.503515265259;516.3322410296034;445.9172266270189;
True,0.5,0,4,500,False,False,False,0.5,104.47250889409322;259.4780251770907;,326.6308828206003;509.48166140912525;
True,0.5,0,4,500,False,False,False,0.75,3881.566101191604;109.35819170394936;143.58811667302285;,285.2641762174121;94.99473558941975;366.2123007181199;
True,0.5,0,4,500,False,False,False,1.0,859.8776871718267;93.20833436602096;925.59908210794;104.27029236355146;,534.4338376636836;72.47959836217586;697.9874151962696;61.3180591353063;
True,0.5,0,4,500,False,False,False,0.75,281.2882911163797;308.01284442771697;663.0172263470004;,321.0286543497957;645.6670137079644;553.2005798410103;
True,0.5,0,4,500,False,False,False,1.0,371.4312898207968;384.3787327883058;257.15306352340394;487.3728368404472;,162.17119295629587;422.4255775847241;393.2121902860189;227.03917414013114;
True,0.5,0,4,500,False,False,False,0.5,152.4119846819914;1192.4234313278216;,238.71182718358642;106.17687932258043;
True,0.5,0,4,500,False,False,False,0.75,323.4176554490607;1419.257335292152;424.93453844748655;,355.7660549050138;289.95002505600706;597.9607328748103;
True,0.5,0,4,500,False,False,False,0.75,569.4750570174516;633.4963698392179;237.16813385816633;,155.82172659103904;628.9415574448359;167.12746406220222;
True,0.5,0,4,500,False,False,False,1.0,819.9210390153371;439.4802609871259;225.36506878807367;520.3905480249783;,742.2289859926043;262.2815406528494;414.06909097589147;520.3905480249814;
True,0.5,0,4,500,False,False,False,0.75,719.4469752000847;103.07755321942793;683.6916449615841;,204.01367668148188;163.56188266636784;706.1550896175963;
True,0.5,0,4,500,False,False,False,0.75,1018.440168353799;428.8926452413311;582.3297394463266;,459.08817120517807;558.5165035870075;574.0640922350984;
True,0.5,0,4,500,False,False,False,0.75,1020.8000056393616;473.05986174082324;147.28235052651283;,136.3521425619829;477.9954271074021;179.68248586193482;
True,0.5,0,4,500,False,False,False,0.75,557.4812269196591;1166.647807312907;433.45980264146476;,612.058865782198;258.59942202363317;104.33412069636209;
True,0.5,0,4,500,False,False,False,1.0,314.4013445058053;520.3080800484253;195.53516162290387;299.0722797928137;,314.4013445058275;475.69376895033434;173.7997662515125;266.18589517013237;
True,0.5,0,4,500,False,False,False,0.75,1206.9953700076508;866.6971112699277;677.4826605430662;,318.49677897165475;866.6971112699341;625.8764921295804;
True,0.5,0,4,500,False,False,False,1.0,135.58375077063323;294.0919035834522;1069.3581624596702;520.3193806223198;,126.43949546926991;383.81040981547585;1010.6646154775642;332.6747538490391;
True,0.5,0,4,500,False,False,False,0.75,256.87968072790125;110.47880757037768;396.20172834871147;,256.8796807278959;231.46469404483403;382.16158010645347;
True,0.5,0,4,500,False,False,False,0.75,295.6607288418381;575.3561801128307;540.2248049380132;,330.59003353202195;347.6255696202366;396.68447945176507;
True,0.5,0,4,500,False,False,False,0.75,105.27045832667777;1047.0682956049213;382.89336310698076;,245.51997709609427;227.28094948733585;271.3290394360245;
True,0.5,0,4,500,False,False,False,0.5,835.9509105154856;312.5968092138684;,905.5120227649284;223.75568853545525;
True,0.5,0,4,500,False,False,False,0.5,412.70973679572364;274.0177468087673;,415.54331761627856;274.0177468087657;
True,0.5,0,4,500,False,False,False,0.75,462.2484192716601;393.2586386988184;590.9963959584787;,305.90139501335403;492.47661251499125;590.9963959584802;
True,0.5,0,4,500,False,False,False,0.75,2044.2473195661644;107.80139550127649;602.9686385313184;,438.87339950948916;181.72362220707097;195.00270126884786;
True,0.5,0,4,500,False,False,False,0.75,813.896788728248;322.40180680783914;675.7877280834867;,544.7620948485243;355.20338111885263;743.5188774319215;
True,0.5,0,4,500,False,False,False,0.75,615.1991921434038;1215.5601731924744;623.9445606446498;,611.7981025999675;1071.3466402964086;619.7868546518384;
True,0.5,0,4,500,False,False,False,0.75,190.99571057244344;422.5177211274146;208.6811182390478;,180.77164741378468;521.3505134386851;74.32511974632156;
True,0.5,0,4,500,False,False,False,0.5,1209.7159729551993;280.3346720358637;,519.5910136380754;220.02908081245815;
True,0.5,0,4,500,False,False,False,1.0,415.93298001527853;223.15682319810847;318.3684054392453;727.8329347978614;,450.9987883374382;234.16028328813366;152.93491763316848;710.8081319646429;
True,0.5,0,4,500,False,False,False,0.75,166.33576271144682;158.3771460030303;92.16518361103277;,351.78597498415286;158.37714600303053;92.16518361103171;
True,0.5,0,4,500,False,False,False,0.5,881.8785467577352;2029.889895159459;,371.0001684754865;244.65819494019826;
True,0.5,0,4,500,False,False,False,0.75,289.17718833486475;282.1989312324431;1286.0200173968447;,113.64577637794586;279.64181503731896;490.94943338804524;
True,0.5,0,4,500,False,False,False,0.5,1009.0699076982636;537.9765480530978;,763.335824555876;537.9765480531092;
True,0.5,0,4,500,False,False,False,1.0,231.3998544297299;600.6062764240562;418.03619206252097;330.3279955322501;,255.45793416300933;468.3133990305402;614.9572750897071;330.32799553224936;
True,0.5,0,4,500,False,False,False,0.5,316.0578234102228;1729.3739450746543;,539.1924420693375;660.4452342665555;
True,0.5,0,4,500,False,False,False,1.0,321.8576653339149;716.4822735604804;163.0821757055735;563.8841499244622;,315.575454164173;709.3651776739205;164.77154585782495;555.1162951694299;
True,0.5,0,4,500,False,False,False,1.0,90.4751345431322;591.0437506530822;84.4013460071033;976.3893910805757;,309.779254673524;151.17431990789248;193.12779997226167;880.4293680899088;
True,0.5,0,4,500,False,False,False,0.5,255.91807978736955;752.8568630963177;,481.6957858795533;404.8770349834373;
True,0.5,0,4,500,False,False,False,0.5,933.333357689406;598.2396656218311;,82.45237107642679;620.7873288065049;
True,0.5,0,4,500,False,False,False,0.75,181.61200446622436;284.28038808343445;31.918535832157996;,300.5482189530114;247.53864275537626;136.23522280262443;
True,0.5,0,4,500,False,False,False,0.75,168.84412191692593;338.12783066774864;1495.7654868640275;,343.60961904412375;160.79356724381503;489.85394129136813;
True,0.5,0,4,500,False,False,False,0.75,810.5268594882382;311.990445052858;483.7369093289352;,536.0784867620087;107.38415831015443;416.4608366374708;
True,0.5,0,4,500,False,False,False,0.5,2261.195157776906;1056.0899467440693;,93.26050554728158;221.32416529321986;
True,0.5,0,4,500,False,False,False,0.75,546.6330273632594;1253.6497331143346;163.46999201660734;,503.3695933121109;122.98209063109968;328.54672376797066;
True,0.5,0,4,500,False,False,False,0.5,1472.8340705982243;348.84147199346063;,124.13726888202409;98.9145654802449;
True,0.5,0,4,500,False,False,False,0.5,531.9484082440908;1497.6801627173152;,351.60977096945027;350.7747321186697;
True,0.5,0,4,500,False,False,False,0.5,1057.703321281702;387.33209482333916;,514.6443766498184;627.4840604907631;
True,0.5,0,4,500,False,False,False,0.25,642.8061200416319;,179.57542797006704;
True,0.5,0,4,500,False,False,False,0.75,354.8595035269638;835.1133097767085;495.17077987732364;,318.67775520615083;158.59285419638803;516.4230928542665;
True,0.5,0,4,500,False,False,False,0.75,651.2898602142394;601.4888161412283;108.10463238451517;,526.6913789731565;391.5403813406248;128.09615702332582;
True,0.5,0,4,500,False,False,False,0.75,812.5938826111234;633.9790800991555;2333.701796799141;,499.27360196298906;291.1884520673226;309.3943324907106;
True,0.5,0,4,500,False,False,False,1.0,473.5494667094338;536.5735219724453;156.04828917210233;208.09414362514562;,141.1395768852868;681.8684660201136;377.7681636758834;405.6354765072757;
True,0.5,0,4,500,False,False,False,0.5,631.3211131470025;749.3224341041519;,390.3525829742522;305.3432114353632;
True,0.5,0,4,500,False,False,False,0.5,466.80589965397274;420.88113490192995;,147.86742942031523;183.00337875956964;
True,0.5,0,4,500,False,False,False,1.0,268.4719406502618;269.1426994304471;211.40913409744823;242.59428123742626;,637.8670497293374;226.6051272866212;211.40913409744482;250.1795201157758;
True,0.5,0,4,500,False,False,False,0.5,549.4287201827284;464.2062548903087;,182.0334327604012;135.26436242031636;
True,0.5,0,4,500,False,False,False,0.5,803.8001867232089;662.7386973644691;,349.31315597143674;749.4667447893102;
True,0.5,0,4,500,False,False,False,0.5,774.1017458349992;1208.7210463111498;,222.4439362805023;406.6225675588915;
True,0.5,0,4,500,False,False,False,0.75,161.99020006541437;4789.903818055058;536.1207280963931;,46.826428657719205;494.03722538395465;524.2444679262995;
True,0.5,0,4,500,False,False,False,0.5,940.8776576193656;388.31047907954894;,175.28383366377153;240.41341162203906;
True,0.5,0,4,500,False,False,False,0.75,329.16017078459396;744.1428458092267;1290.06904193515;,285.9467725914423;546.1750931108545;550.6713543001615;
True,0.5,0,4,500,False,False,False,0.75,278.93429553620257;387.0508999571125;230.73368411079042;,278.8360477440932;596.6289463065541;472.7548363829891;
True,0.5,0,4,500,False,False,False,0.5,375.76195557365133;549.1358678381598;,218.6630526609069;584.6439317260855;
True,0.5,0,4,500,False,False,False,0.75,263.4585097205181;230.00855235000603;429.7029277113511;,611.0036930681161;346.23432669717613;351.1077234905265;
True,0.5,0,4,500,False,False,False,0.5,694.9378539190277;351.2748143988804;,411.86042911652123;656.37451529427;
True,0.5,0,4,500,False,False,False,1.0,1063.017357845569;383.8951857602646;730.9299087962135;452.3323071714038;,995.5598257479185;417.6142013059356;345.09972472333635;452.3323071713968;
True,0.5,0,4,500,False,False,False,1.0,396.711924030698;317.68042764167274;324.90174528493003;417.71453401572876;,396.71192403069864;230.3307856606154;309.9428672305723;337.102782062012;
True,0.5,0,4,500,False,False,False,1.0,274.44728177033954;206.56067155986057;642.5840931053299;1263.3368243633222;,596.4421014394934;180.78289344253858;555.4206061377461;176.32195999952148;
True,0.5,0,4,500,False,False,False,0.75,291.632146038248;288.64144349411833;248.2083666915568;,252.40889013001262;206.20419704808336;140.14204294887898;
True,0.5,0,4,500,False,False,False,0.75,1094.8172409240267;444.5842981769604;424.6712825556267;,95.77672634955267;390.27152050658293;548.682969629794;
True,0.5,0,4,500,False,False,False,1.0,81.11359143654587;80.45076708263915;151.6835010400653;427.8561988264534;,189.06006737558386;119.58595940307751;296.96137539761617;474.88840140311186;
True,0.5,0,4,500,False,False,False,1.0,238.74439058808093;240.71253155549113;408.1205430728604;1125.4984821345042;,315.65322406275976;162.54204655235148;376.23662508576615;423.28898389498653;
True,0.5,0,4,500,False,False,False,1.0,409.1922702157168;210.03816732104954;505.7277445331753;624.307288554783;,319.2729267674441;234.75758104543561;680.3525138626399;356.7389240782011;
True,0.5,0,4,500,False,False,False,1.0,773.5530193923283;229.41092876321758;613.0962016320204;548.3970072602717;,391.1785830391649;277.7127239675687;721.6461225780166;367.4763757417756;
True,0.5,0,4,500,False,False,False,0.5,858.7852807613073;432.720829453031;,578.1589604614855;403.68929644426544;
True,0.5,0,4,500,False,False,False,0.5,1137.3358108928737;395.8010552446117;,302.386192317038;375.71637774787285;
True,0.5,0,4,500,False,False,False,0.25,489.04675137459583;,598.9563559537946;
True,0.5,0,4,500,False,False,False,1.0,664.3359263067996;458.54865755771567;69.20013059125158;450.6394693990704;,618.9120319526955;546.0415019534968;33.43833132871112;442.0048187443159;
True,0.5,0,4,500,False,False,False,1.0,533.3195237159684;382.9783441222213;157.47099928982567;830.0518942049224;,587.5208684766498;512.3242450077581;338.3508509386975;469.729657266665;
True,0.5,0,4,500,False,False,False,0.75,988.9327485730267;269.1500953349114;575.8206032963484;,756.1643477695211;229.77030434396912;455.1632638025082;
True,0.5,0,4,500,False,False,False,0.75,574.495062896221;452.06806269507314;482.90815694447065;,514.692754734118;447.0196207007598;611.4766645015651;
True,0.5,0,4,500,False,False,False,0.75,81.29616612337738;234.83180179435985;528.6476121187462;,217.313939794441;281.7876001244536;269.69975268649256;
True,0.5,0,4,500,False,False,False,0.75,600.4722859208741;206.62478532790345;807.2470468528174;,119.70314077437185;261.41395984763585;658.2844045654263;
True,0.5,0,4,500,False,False,False,0.75,1373.1127349570731;316.43610274568294;700.1632193879464;,160.3045979516983;336.6594499195546;279.57905152736987;
True,0.5,0,4,500,False,False,False,0.75,771.259610235807;1229.3221862941682;227.49508693312714;,684.8865590245999;758.5345610540362;166.37021757136588;
True,0.5,0,4,500,False,False,False,1.0,604.6861222134551;415.77466400168;324.02178116966206;181.0812037064561;,210.85662679167817;446.2537694450911;237.78823296708427;437.164514206078;
True,0.5,0,4,500,False,False,False,0.5,1449.3261844165152;627.0129951379093;,125.03496797380829;356.7557241187088;
True,0.5,0,4,500,False,False,False,0.5,525.3556583000168;361.08475495235393;,338.55560890675423;656.1502594750685;
True,0.5,0,4,500,False,False,False,1.0,189.28147345490143;317.7909878804077;244.20222349435542;486.6028523912511;,253.8251349881778;332.06973395747235;248.49970397018882;373.47530806930547;
True,0.5,0,4,500,False,False,False,0.75,492.7443654246159;1636.7196348070152;207.69022510904605;,228.5077682075702;231.02583268240375;680.3407610391251;
True,0.5,0,4,500,False,False,False,0.75,450.6085153939483;1702.2409985655431;591.4446669121281;,177.67998576817422;367.5542749321377;548.9637280759857;
True,0.5,0,4,500,False,False,False,0.75,1394.2777445556105;591.4972760874215;766.5258610702564;,204.34691105671354;632.2049595194375;522.0155645005927;
True,0.5,0,4,500,False,False,False,0.75,209.58993733547348;942.7768199601167;165.6151258302475;,180.63638735044796;478.7735694124658;139.55626544627228;
True,0.5,0,4,500,False,False,False,0.5,1010.6817768814986;1098.8763204234385;,381.2841815522282;417.68170145652135;
True,0.5,0,4,500,False,False,False,0.75,144.65137417452038;931.5415195015115;103.45056406152496;,214.8849995122601;505.73888306550316;498.7323578190664;
True,0.5,0,4,500,False,False,False,0.75,317.0251717531205;360.72470787446156;838.3605875373959;,281.952166862458;481.9199778381186;518.219710300688;
True,0.5,0,4,500,False,False,False,0.75,637.4976345433801;352.3297044022506;468.74169993571746;,683.4624675697781;231.82775882562774;491.6388894803195;
True,0.5,0,4,500,False,False,False,0.5,1148.7841413337737;504.43823891090466;,286.6123020489674;326.6154969394786;
True,0.5,0,4,500,False,False,False,0.5,630.6258378713542;302.74979735222445;,201.27375077059386;365.57700134550043;
True,0.5,0,4,500,False,False,False,1.0,535.9853282931232;664.7627988388556;453.17722650876004;262.912331866763;,840.8868966972611;332.6526861584526;152.81596602788565;176.23750524898534;
True,0.5,0,4,500,False,False,False,0.5,550.196203450988;948.1585735022844;,895.6837744446797;625.6184216019795;
True,0.5,0,4,500,False,False,False,1.0,125.66369132064999;138.29392657847168;616.969103886095;166.4253540948497;,94.8791880325887;526.5014179813037;754.32585133547;96.7617438515761;
True,0.5,0,4,500,False,False,False,1.0,50.972957771828;447.2604223072246;192.1064656818794;491.8764819299855;,208.45502748901646;447.2604223072246;401.69601584326256;274.2866982033282;
True,0.5,0,4,500,False,False,False,0.75,814.9601897197437;1390.624386680697;516.1620676389458;,709.5180031519171;740.0173286615263;250.08049354094064;
True,0.5,0,4,500,False,False,False,1.0,329.9784059885541;352.60857337986505;372.2402398868965;333.6292754081605;,154.9575538219482;382.6410667391964;415.26718894792594;169.75803347159874;
True,0.5,0,4,500,False,False,False,0.75,330.3883579937968;946.6301370335971;426.2100312841664;,563.4709956771985;326.8723114178562;381.57483453726616;
True,0.5,0,4,500,False,False,False,0.5,452.1215840305953;482.57243737961073;,210.0177527421937;611.8014290049039;
True,0.5,0,4,500,False,False,False,1.0,49.93639562040626;426.90666991688676;576.979824550893;168.75416702124764;,49.15873709456573;426.9066699168941;232.42860233458404;142.55883673571023;
True,0.5,0,4,500,False,False,False,0.75,298.016315227975;213.89269138296987;435.25710981726183;,235.7022299786452;212.83041889233;445.5658637379148;
True,0.5,0,4,500,False,False,False,0.75,833.6642484048556;262.29793893519167;503.89693481413764;,536.7905537489889;262.297938935193;879.4866230601898;
True,0.5,0,4,500,False,False,False,0.75,1215.35612701988;215.7856481549494;270.8012697741298;,259.1655610253854;201.17508960435092;265.5450782208538;
True,0.5,0,4,500,False,False,False,0.75,188.41716020488775;740.1791347037865;225.99782903170956;,226.68371417761793;623.5531487475992;110.10582469185405;
True,0.5,0,4,500,False,False,False,1.0,273.19232649948486;531.0899928376081;448.85507226982764;410.7671746924262;,147.41878242029398;537.1306852061327;457.5270928284517;308.7089323667406;
True,0.5,0,4,500,False,False,False,1.0,266.8976101176698;660.8607173036202;120.75052896224848;123.71422283590083;,229.418331907896;620.3827848031416;77.92631142632764;130.56192933081655;
True,0.5,0,4,500,False,False,False,1.0,74.62066514883941;332.5901651403779;221.9005963558978;137.91138219434762;,247.95302504353853;142.61852298594016;203.7432841229236;405.7153273414034;
True,0.5,0,4,500,False,False,False,0.75,681.7580265008174;379.50962675990627;788.0846150921153;,644.2268357210031;490.35157058059673;338.7107610838087;
True,0.5,0,4,500,False,False,False,0.5,698.331583805146;1167.3608479523014;,410.24619634077413;542.4537908985773;
True,0.5,0,4,500,False,False,False,1.0,781.9372433138409;393.6386166790392;534.5205397748313;219.48743284069968;,502.94873953310145;250.80050354595605;454.0227806786181;127.51387558473819;
True,0.5,0,4,500,False,False,False,0.5,807.1816831746373;429.95064844029224;,872.0453664864934;500.5485469378763;
True,0.5,0,4,500,False,False,False,1.0,248.15372957101985;382.0997670773457;690.9647618082527;283.4700852274742;,261.6425784720943;383.6390380190685;860.1531982841594;281.16702134762915;
True,0.5,0,4,500,False,False,False,0.75,169.9612486551536;46.51312089845552;637.3613504605354;,287.1979131181491;92.65033275950964;450.32038091078516;
True,0.5,0,4,500,False,False,False,0.75,602.2652634577747;292.2298472476156;582.9281883375215;,322.91962800325473;246.04594812386526;179.7093212871631;
True,0.5,0,4,500,False,False,False,1.0,260.46372222717815;335.5887151742798;191.26280754554486;337.13486319653265;,204.05167169987396;428.5444344421994;190.11353877537252;326.39562501819876;
True,0.5,0,4,500,False,False,False,0.75,475.90977384725215;317.84267927909445;518.5934872356058;,479.794068834561;172.74528200048968;383.3244714817928;
True,0.5,0,4,500,False,False,False,0.75,1182.0207003419637;502.1476530809953;369.9120056053299;,203.18028397801504;497.58903779774164;514.4552393291334;
True,0.5,0,4,500,False,False,False,0.75,93.29580746903439;439.7720648871556;308.4163826739636;,90.86794890363906;343.40721966365555;289.1237626957462;
True,0.5,0,4,500,False,False,False,1.0,494.449266464773;330.59444449490445;294.781979514142;193.81436806554683;,378.0238980531123;330.59444449491133;391.27245731389064;193.81436806554171;
True,0.5,0,4,500,False,False,False,0.75,1034.9382920776357;343.00994581000805;906.5018830773687;,291.3066432966332;343.0099458100073;418.3267860940251;
True,0.5,0,4,500,False,False,False,0.5,1144.112660468357;174.72983689244188;,388.1291904117393;620.8430054974227;
True,0.5,0,4,500,False,False,False,0.5,1521.9555321540129;863.0160817608601;,250.27464749713602;980.2412501172416;
True,0.5,0,4,500,False,False,False,0.75,1387.8477904825547;1121.4458006476564;307.76216742270645;,147.68508148986663;796.5319340815738;242.40495844932295;
True,0.5,0,4,500,False,False,False,1.0,183.95893293647788;1858.540636486998;415.22102756061884;221.61573533468535;,183.9589329364744;298.26701019146753;388.7566224880547;233.33627033968347;
True,0.5,0,4,500,False,False,False,0.75,237.94028198611105;181.28432044799357;1422.542349736412;,130.5177845085576;242.83142391205155;774.5572918121727;
True,0.5,0,4,500,False,False,False,0.75,2402.5675561364255;259.6580699844992;560.6778231154501;,503.0342406789661;263.76094001191217;648.0692571172212;
True,0.5,0,4,500,False,False,False,0.75,511.432134260925;399.9180461269543;373.1248404084151;,226.91372128245266;168.62524995435942;318.9061578481199;
True,0.5,0,4,500,False,False,False,1.0,402.46882779071245;282.26865117159025;147.78847101384375;458.5579179723212;,400.5117232825554;282.26865117159025;147.78847101384528;243.97458348599935;
True,0.5,0,4,500,False,False,False,0.5,1164.728651633069;982.4712688293276;,262.8400641911399;312.979282052364;
True,0.5,0,4,500,False,False,False,0.5,1002.1341303653315;1630.6086797384874;,269.75001340884586;226.9083697443156;
True,0.5,0,4,500,False,False,False,1.0,480.2823844758234;384.62937365995106;256.459911888858;380.8766858316224;,344.05250368680146;285.89469679430346;267.7673648952932;481.9515731042587;
True,0.5,0,4,500,False,False,False,0.75,170.8787843830885;435.2629519151983;458.862514985595;,163.5695970314472;214.19302097803194;487.3843129843126;
True,0.5,0,4,500,False,False,False,0.5,434.0036073102192;523.4695199814313;,366.79724512514764;401.64161459452447;
True,0.5,0,4,500,False,False,False,0.75,951.9808407066345;657.0404776468973;538.3023799042502;,637.8398641505211;427.51936004808624;538.3023799042498;
True,0.5,0,5,500,False,False,False,0.4,284.3914540074812;854.5859559781902;,234.76821974867937;775.0073038846348;
True,0.5,0,5,500,False,False,False,0.6,1290.313071132724;1609.0367693549458;212.60278950355777;,370.6455920428036;142.42265147421722;152.84461991393223;
True,0.5,0,5,500,False,False,False,0.8,152.62561973305526;247.394971066551;162.60676614081322;563.9994487134193;,125.46977922457367;300.5697123964478;72.97829398071643;329.635917860261;
True,0.5,0,5,500,False,False,False,0.6,1660.8048704115306;381.56087273102617;373.6318288484793;,556.3117454409912;684.7409671677087;157.05627088451962;
True,0.5,0,5,500,False,False,False,0.6,670.1984258952458;349.82560087710084;1074.674030646388;,373.30406383392693;303.0408240856974;346.111930889507;
True,0.5,0,5,500,False,False,False,0.6,690.5228216344452;706.1971953415207;394.9317150209563;,986.487005652351;362.99651953128813;170.9701365152695;
True,0.5,0,5,500,False,False,False,0.6,717.6616409957943;517.2713359955121;849.3689637340348;,332.2928066872709;173.67735519868526;483.9247890267156;
True,0.5,0,5,500,False,False,False,0.4,384.19618319540405;476.40077975508285;,341.83499092597674;469.94487404264106;
True,0.5,0,5,500,False,False,False,0.4,786.4564964018175;322.1619603954293;,258.2180308972398;268.7448856425147;
True,0.5,0,5,500,False,False,False,0.6,332.0608257963315;1046.172926464658;1193.9183862602817;,337.07721203758655;301.99422824238127;840.0985445989195;
True,0.5,0,5,500,False,False,False,0.4,812.5011866231735;1268.3662187520333;,409.8749286267617;543.2189327010602;
True,0.5,0,5,500,False,False,False,0.6,1637.5830180775035;78.51752512103475;201.36743889287115;,289.6929753590629;169.0154465409878;186.66015912034408;
True,0.5,0,5,500,False,False,False,0.6,1277.010753468798;1445.8197971875034;398.0474972343924;,225.42119058358816;389.21951226019456;382.7871913337253;
True,0.5,0,5,500,False,False,False,0.4,166.14000011493698;921.5288370524078;,53.542531260447525;352.3917934016597;
True,0.5,0,5,500,False,False,False,0.8,696.1628701767354;625.3497169190371;309.0609653566899;198.0648007548177;,250.91902491833787;249.72574641447096;317.3133013248347;137.82444772068527;
True,0.5,0,5,500,False,False,False,0.6,606.5244530163;297.2256898631612;412.4697318322432;,378.30315770951347;239.3316984829648;423.2683564833768;
True,0.5,0,5,500,False,False,False,0.6,858.6201480323691;1177.803722125612;433.4648735401157;,303.2084318653564;82.81928754029806;222.0814014930682;
True,0.5,0,5,500,False,False,False,0.6,872.6103951867084;419.27351125180513;403.26750165126185;,538.8521602475549;237.21263363809138;259.84847144664616;
True,0.5,0,5,500,False,False,False,0.4,496.3213017199538;145.18241276988775;,381.4113492575695;81.95914179930708;
True,0.5,0,5,500,False,False,False,0.4,925.1013177009345;2458.8348823987326;,446.0610112717292;639.6457355958419;
True,0.5,0,5,500,False,False,False,0.8,540.4027632735928;114.98578230269119;1016.2316266448596;6890.501633540703;,568.4359546849098;269.51324272265816;119.36029801027686;565.2025270534222;
True,0.5,0,5,500,False,False,False,0.6,691.116329684904;120.21847518461495;186.44505601300276;,287.95630225842143;108.86512075388308;405.6235575328856;
True,0.5,0,5,500,False,False,False,0.6,1292.912367965005;567.8911675475642;478.3343327695039;,481.1216632763913;187.55902631473768;557.3199801188042;
True,0.5,0,5,500,False,False,False,0.4,858.7781319833308;1574.2860133532374;,198.2032587811456;740.2771193393547;
True,0.5,0,5,500,False,False,False,0.6,688.2287132975673;1349.5877738806894;388.1154172347292;,170.74281938454112;580.3398370538649;384.8025486402507;
True,0.5,0,5,500,False,False,False,0.4,777.2275402026793;652.6093098967863;,60.04621824482308;527.298156611003;
True,0.5,0,5,500,False,False,False,0.6,652.5565568650673;2483.1906773815926;682.5036311637779;,265.8106337134216;121.16354333089645;401.35099234169184;
True,0.5,0,5,500,False,False,False,0.6,1936.2387153052307;886.8383792745407;390.0964595637939;,1186.1466678660097;274.04126808085755;396.77918193621025;
True,0.5,0,5,500,False,False,False,0.4,1975.3994549755198;184.40509588625542;,1172.9287059958067;180.50179595649158;
True,0.5,0,5,500,False,False,False,0.6,296.6673849660589;1837.5265268760054;85.40300140388533;,156.6635768311152;371.7244375663698;375.04207148503394;
True,0.5,0,5,500,False,False,False,0.6,380.18928879816497;289.64375353388414;524.992937242416;,266.53563165527856;384.33903976973;240.86579477080176;
True,0.5,0,5,500,False,False,False,0.6,701.6556727543265;583.1542808824821;744.1310226775595;,771.7035041636756;543.6242531958642;745.7555851762667;
True,0.5,0,5,500,False,False,False,0.6,172.63218311075144;111.67738689849985;221.57922254726827;,149.77163646119345;279.48989317857206;176.65599911146225;
True,0.5,0,5,500,False,False,False,0.6,207.43582371350263;551.8397956081111;763.2435885089578;,412.69980278157107;197.64719462272302;381.8073601322982;
True,0.5,0,5,500,False,False,False,0.6,638.6289690192531;716.0780582491593;1225.0997028892557;,626.0824654534488;272.13958705135485;403.10502715581174;
True,0.5,0,5,500,False,False,False,0.6,771.8175258080595;1634.0327582648338;1359.163315503167;,127.68602733419165;430.74342105376235;596.2174517394345;
True,0.5,0,5,500,False,False,False,0.6,430.5913507188619;73.13379290181862;628.2633828605155;,169.04634968634605;194.9660178613965;563.6706135811087;
True,0.5,0,5,500,False,False,False,0.6,568.4754768732341;335.48412174001834;189.89135416601533;,572.3023237710865;252.8637430509089;328.9913694798905;
True,0.5,0,5,500,False,False,False,1.0,96.7867509934909;98.37133057131587;264.6313376416861;712.727787300024;393.60934512919255;,85.46265595964016;73.40758676194436;223.9121695313137;450.90479346310156;306.923215581911;
True,0.5,0,5,500,False,False,False,0.6,310.1948908760233;3871.6484650742086;563.1700077933779;,552.2317066476766;44.70573478960992;685.3716715973162;
True,0.5,0,5,500,False,False,False,0.4,1178.6888980714036;1736.0434256073195;,200.54739561202388;617.0963495172056;
True,0.5,0,5,500,False,False,False,0.6,170.821559893229;467.43382119691694;2447.1808166837704;,344.1083214211972;427.14888225848284;584.9228202862622;
True,0.5,0,5,500,False,False,False,0.4,104.4230351953542;1278.923243610448;,169.8130530771716;239.64724978873934;
True,0.5,0,5,500,False,False,False,0.6,424.37542090167705;1452.6341274483023;161.63360091969594;,613.7530359142655;290.08436165944704;272.3609899280284;
True,0.5,0,5,500,False,False,False,0.6,400.7602924910474;1746.091971401698;693.9959035616423;,543.5479189074513;714.7940793563477;156.88969851621195;
True,0.5,0,5,500,False,False,False,0.6,780.3691957278398;257.6750941037612;963.6889209674695;,486.1135856591308;138.1050548885969;358.79668540170326;
True,0.5,0,5,500,False,False,False,0.6,753.1026219566442;3406.0096460708764;336.9217742395219;,144.96192377546453;285.22181189308213;261.1611573644819;
True,0.5,0,5,500,False,False,False,0.4,1176.241342547479;990.4573115584742;,541.295818137797;212.6405716174471;
True,0.5,0,5,500,False,False,False,0.6,403.4883344872632;291.28630132564666;943.6214677973327;,131.87516518441302;382.70767280854363;496.1083688196289;
True,0.5,0,5,500,False,False,False,0.6,452.47637083118826;332.33596273857404;1215.6788625228087;,79.21006681599722;166.09008317673792;273.587155034579;
True,0.5,0,5,500,False,False,False,0.6,625.9094582535071;703.9920105707656;2466.1533064032483;,164.3394364911611;453.75487464919047;289.9394430384066;
True,0.5,0,5,500,False,False,False,0.4,817.6322987411716;427.0041052593435;,326.0937262006152;515.3679331711292;
True,0.5,0,5,500,False,False,False,0.6,509.87603889835316;229.9435475793247;1218.5827194502037;,339.4569584171234;154.1988487927082;334.2004166211554;
True,0.5,0,5,500,False,False,False,0.6,581.0910870411121;592.8291691062889;432.14512794299145;,259.59698033591;264.44773518825843;257.86313239162234;
True,0.5,0,5,500,False,False,False,0.6,582.2149449870545;13.831674263239789;522.2219274722153;,344.85446690787086;35.95764187965427;473.91659256003874;
True,0.5,0,5,500,False,False,False,0.8,1021.1913338918665;624.3402815476633;282.8333655182534;349.78788096839486;,509.66031135454205;528.6502224326815;143.65773372054613;235.1635927926776;
True,0.5,0,5,500,False,False,False,0.6,1029.455921004107;911.9384297453649;191.15508630121383;,570.1023495037637;619.223000816242;240.89698857688515;
True,0.5,0,5,500,False,False,False,0.6,264.33283037820826;189.22162750618787;3286.2227623540834;,268.1027748094469;109.8934999315652;500.2144614974272;
True,0.5,0,5,500,False,False,False,0.6,2881.0793822700934;1279.137721071153;330.4036770357723;,224.67753492633904;307.1796411832735;245.24652690152772;
True,0.5,0,5,500,False,False,False,0.8,1207.287929540625;482.2689079750662;1369.98509992708;720.3720052060117;,511.17448741527477;207.1023785005806;937.5402463701388;591.375453123675;
True,0.5,0,5,500,False,False,False,0.6,77.07437700826158;1867.3337974415683;642.3223363595098;,159.41802844672023;587.1855616959584;406.1410747156014;
True,0.5,0,5,500,False,False,False,0.6,252.304179441967;114.51822098043174;882.3537425319922;,219.73240041854118;101.36554153057146;526.800842774;
True,0.5,0,5,500,False,False,False,0.6,448.0513613427635;1235.8420482045183;756.5214534750448;,499.17911391287316;109.42942689933263;351.0603069519784;
True,0.5,0,5,500,False,False,False,0.6,72.35417391843137;438.84221294643095;138.84254880447733;,378.69809351165736;384.59777736243416;318.5693215968526;
True,0.5,0,5,500,False,False,False,0.6,315.03077973534175;445.35514475455386;3179.8927674020647;,411.5669588175138;441.5832423162803;228.99837912300316;
True,0.5,0,5,500,False,False,False,0.4,388.130272865336;922.3257800723394;,181.36287555813186;378.30854436655187;
True,0.5,0,5,500,False,False,False,0.6,681.0403082685328;650.3852906855941;2229.7274349640634;,631.6040127748598;574.6197528088641;218.59351794686563;
True,0.5,0,5,500,False,False,False,0.4,819.8763179075238;1042.2323199205866;,380.29906449580295;421.39266561681137;
True,0.5,0,5,500,False,False,False,0.8,969.9567297204115;308.2762147490159;329.2463986818045;876.7245545298395;,106.39865491459504;296.94540937789304;224.52592051416855;1026.7257594004;
True,0.5,0,5,500,False,False,False,0.6,219.67924390697416;949.3753372359909;424.19342334341195;,327.0477142181278;583.3163925785443;445.2958996459471;
True,0.5,0,5,500,False,False,False,0.8,399.3941647333774;533.9146524716355;363.39310141973436;611.0257995119207;,591.3373646255466;210.21796957318185;340.6876699310657;692.6347927039345;
True,0.5,0,5,500,False,False,False,0.8,1079.0161180381583;554.5084323421223;606.183924009732;463.6442526588471;,413.8803805213698;285.7704002921002;622.3588280408337;462.2249223632988;
True,0.5,0,5,500,False,False,False,0.6,188.20717647384112;45.06439297483145;530.2103797059312;,116.90714807103161;338.02985881410257;149.21824745866192;
True,0.5,0,5,500,False,False,False,0.6,517.7679146464787;1402.0972244043276;190.58518986280498;,327.703680415046;324.26716074669275;249.573590045112;
True,0.5,0,5,500,False,False,False,0.6,415.279982222067;572.9147684944307;997.74880952053;,302.21912295458577;219.08615594671184;578.5357982828159;
True,0.5,0,5,500,False,False,False,0.8,722.9744776506828;2024.0836779441408;419.28367494478596;676.3020718655017;,135.81370513515856;235.15138496783678;404.9609109754674;588.1931461857896;
True,0.5,0,5,500,False,False,False,0.6,454.3216187809096;418.8077518481207;85.81930453460437;,500.18020172001377;382.39215155971596;163.39559599533257;
True,0.5,0,5,500,False,False,False,0.4,665.262402001272;273.7900815830645;,467.69312069310297;414.2830181690153;
True,0.5,0,5,500,False,False,False,0.4,120.18273164707142;874.1051273069162;,357.9393899059474;579.6306750540019;
True,0.5,0,5,500,False,False,False,0.6,468.2087132107045;1391.2339027301657;619.5121187065523;,279.37546337021564;738.9592980970635;738.7267087636754;
True,0.5,0,5,500,False,False,False,0.8,321.6705305551446;190.1797736606929;92.89040071051429;715.8812070009085;,311.6451837322305;159.97639020511804;698.5389866358937;95.40000456824734;
True,0.5,0,5,500,False,False,False,0.4,257.0367089960236;732.4080230295472;,546.2510555546957;194.4170397051003;
True,0.5,0,5,500,False,False,False,0.6,344.14751448732204;943.3332121491098;427.84951898016317;,236.18331597523465;478.8455712492202;176.03428324592213;
True,0.5,0,5,500,False,False,False,0.6,972.8138455050728;309.62213945122056;1784.7085257682097;,719.9573337472211;250.0744045366389;394.2631708306348;
True,0.5,0,5,500,False,False,False,0.4,686.3589140561337;1695.72781572028;,191.4738333072078;152.25186760570168;
True,0.5,0,5,500,False,False,False,0.4,357.02306701091464;946.2906096405013;,131.6413290370453;535.3363942463586;
True,0.5,0,5,500,False,False,False,0.4,310.89207274163465;622.9247470481359;,162.66436370300585;306.40627563972214;
True,0.5,0,5,500,False,False,False,0.6,91.8081457859441;452.3965056997738;331.7673700167577;,91.80814578593163;407.94330770454764;528.196774323189;
True,0.5,0,5,500,False,False,False,0.6,1061.987798446563;156.1995276186582;610.9790047770289;,304.82207847364134;135.64458795093876;496.0315492763952;
True,0.5,0,5,500,False,False,False,0.6,166.08125445500832;1252.008334156439;19.663445265037332;,334.45972346087973;59.47087392843911;55.02521741983869;
True,0.5,0,5,500,False,False,False,0.6,504.52681753695356;508.8616725971413;674.5132877430864;,127.23475965356161;100.22333070804189;311.7334226501395;
True,0.5,0,5,500,False,False,False,0.6,1785.194729543854;288.39197917980806;437.9876166418949;,415.6303374815829;264.48099181834795;706.0155161021028;
True,0.5,0,5,500,False,False,False,0.4,1085.0944078374898;375.155294850994;,445.1256676744055;345.7318261081133;
True,0.5,0,5,500,False,False,False,0.6,1360.5985809888023;1645.886169356572;200.99468585212728;,325.1660112306918;135.33402365646933;43.75283417134427;
True,0.5,0,5,500,False,False,False,0.6,431.5568322281712;1332.3606602004832;738.696792241873;,376.19865592478436;433.19658485250443;168.16121546817564;
True,0.5,0,5,500,False,False,False,0.6,1004.071761197557;182.1416374820269;1304.0716089048915;,171.5556968993044;67.83674609702472;310.39524167892756;
True,0.5,0,5,500,False,False,False,0.8,188.9615342715039;324.18064182354647;210.3609292542759;459.98681384352693;,372.8575322641286;190.7164763707895;280.36252099664483;159.89513668503875;
True,0.5,0,5,500,False,False,False,0.6,665.356154799815;897.2433890212492;623.6080690976934;,313.6537520302922;478.0565345611286;345.1501371220651;
True,0.5,0,5,500,False,False,False,0.6,742.8839822059861;89.3113138660856;647.5951419643666;,165.37011966547092;284.8357170588583;523.3998196144853;
True,0.5,0,5,500,False,False,False,0.4,363.6158880008855;1727.1780646947877;,412.64329964356705;292.07274323815096;
True,0.5,0,5,500,False,False,False,0.6,68.5444874304547;421.6475941533147;805.5504711253363;,172.54923198968186;352.71161145674495;184.32964392303563;
True,0.5,0,5,500,False,False,False,0.6,378.0698762679922;177.1621376916982;404.0289784583724;,632.2532692639842;249.26186555349054;452.71891766024277;
True,0.5,0,5,500,False,False,False,0.6,401.4800766535021;1090.6827607587688;779.4967389528549;,168.17293242413797;89.90619448061824;536.7606059087442;
True,0.5,0,5,500,False,False,False,0.4,87.03449046535547;277.25060335281535;,362.2374596575111;467.93523979805155;
True,0.5,0,5,500,False,False,False,0.6,141.29998354977567;548.8621823667112;1743.6747618079478;,351.0871473801016;643.3862543927838;372.7108300271135;
True,0.5,0,5,500,False,False,False,0.4,1404.2697361929838;566.4385909464515;,182.7196446274824;306.5677326252189;
True,0.5,0,5,500,False,False,False,0.4,1196.197049751713;611.67228322787;,60.99064021594937;379.06319490243595;
True,0.5,0,5,500,False,False,False,0.4,278.76342436217277;1877.3654550075275;,526.187042355101;523.1198397407397;
True,0.5,0,5,500,False,False,False,0.8,706.686745413439;578.9507940638476;448.12345956728376;1150.4583723768944;,273.9597742517942;137.2415722630569;426.08160458896947;625.015503636736;
True,0.5,0,5,500,False,False,False,0.6,356.45135262311584;1884.3736483201649;1735.9758535324008;,349.78003383168084;282.32216673340116;469.07900944045576;
True,0.5,0,5,500,False,False,False,0.6,590.4652982565368;631.2825604768926;563.0421344027746;,751.96250882166;101.91071969677007;132.4362353469576;
True,0.5,0,5,500,False,False,False,0.8,765.427307061333;472.83068777230653;153.241370224799;556.4259371153456;,132.6063219683894;159.8167440349364;224.61140471692468;596.7577919818496;
True,0.5,0,5,500,False,False,False,0.6,384.29801995107704;433.2918096462163;601.3205343706732;,331.36941050248896;220.10029452400724;633.0979186411801;
True,0.5,0,5,500,False,False,False,0.4,676.689891718962;2551.7466391421685;,244.88249970872235;29.097288207559448;
True,0.5,0,5,500,False,False,False,0.6,167.55998191935151;2348.4940812167797;610.9295680547448;,478.50671895434994;206.10162250725995;676.44695895807;
True,0.5,0,5,500,False,False,False,0.6,1223.2994863001718;730.6719923168159;154.5645485042856;,299.5826415890684;715.1200216202326;296.6316889639797;
True,0.5,0,5,500,False,False,False,0.6,479.790538128385;2259.0538539695876;504.5735085705754;,283.32804477015736;873.9272701112254;365.29017373554836;
True,0.5,0,5,500,False,False,False,0.4,451.9966537032991;4268.195823448651;,196.17374602125878;561.7631935818426;
True,0.5,0,5,500,False,False,False,1.0,814.0017977669274;497.83595520811855;497.8502836990695;173.22304671185302;333.8795711646179;,792.8025575846549;427.66201745003553;132.1140430762726;203.30726012890096;333.8795711646159;
True,0.5,0,5,500,False,False,False,0.6,507.9464132421686;642.6358933247682;87.93447900922182;,276.6259297938837;451.47064025699785;379.07755910625104;
True,0.5,0,5,500,False,False,False,0.6,3017.27313614487;318.6229696569253;946.6409990655338;,342.72903737508597;387.0077273284823;265.8287050853128;
True,0.5,0,5,500,False,False,False,0.6,165.00183028234215;386.7794934589226;205.38920848632443;,341.522807283049;131.85966001253246;211.05645442428323;
True,0.5,0,5,500,False,False,False,0.4,580.794449974314;1170.4969350802278;,823.4504177483782;700.4348908617189;
True,0.5,0,5,500,False,False,False,0.6,824.5416115683109;992.9066285070658;153.23197676461402;,400.94878668704746;134.01374033006005;151.84927178369355;
True,0.5,0,5,500,False,False,False,0.8,346.71781075292364;101.11836850959605;897.8974670520668;185.03112067507323;,254.08377573530694;94.33235075970805;595.0063730444682;161.92808403102083;
True,0.5,0,5,500,False,False,False,0.6,1204.4547011544366;2315.2716701616214;209.7117581826011;,482.48185374126564;793.497144077368;246.82882005392963;
True,0.5,0,5,500,False,False,False,0.6,500.2906105861446;709.5703865788038;498.7793833243112;,497.1891834266719;164.90469729639287;91.26450518450208;
True,0.5,0,5,500,False,False,False,0.6,789.3215865832505;163.53584472917672;985.8434210499573;,251.13047523825645;381.51485588298783;168.11356987494463;
True,0.5,0,5,500,False,False,False,0.6,541.0622656159035;807.478661291108;199.6683173935605;,418.38382240525294;146.16985916069413;184.7613414727599;
True,0.5,0,5,500,False,False,False,0.4,161.47801321656965;2235.2060041554682;,207.28498066504596;618.058392484319;
True,0.5,0,5,500,False,False,False,0.4,317.725880732347;1003.270904469726;,316.4781183624932;167.94876939834484;
True,0.5,0,5,500,False,False,False,0.4,77.34133476956356;1742.1012292063215;,249.38477695644002;119.82704331584058;
True,0.5,0,5,500,False,False,False,0.8,456.65936979618414;481.10563005443913;1470.532788746083;377.39939301956116;,371.8245610651652;273.8165204724708;565.0214700272359;399.39092844647394;
True,0.5,0,5,500,False,False,False,0.4,627.0576091583911;1545.4001168866628;,483.5472975412411;284.9701875726441;
True,0.5,0,5,500,False,False,False,0.6,847.7773980982441;517.408786264219;1320.9188512217988;,354.93126301925486;718.1204776614059;213.64018264981436;
True,0.5,0,5,500,False,False,False,0.6,579.9373690517143;1896.6843792190036;362.1872254600428;,159.95747576068888;449.38083560983085;350.95499768052167;
True,0.5,0,5,500,False,False,False,0.6,61.702488914025835;982.4799299993005;189.05679190357762;,401.540675531359;607.2549130085175;304.6708637662139;
True,0.5,0,5,500,False,False,False,0.6,1270.193978668504;264.6775392879294;55.297996275277875;,127.90541165022721;379.82492488914806;122.72680592680358;
True,0.5,0,5,500,False,False,False,0.6,433.6563935918143;1150.9155273305748;785.2364039503235;,343.08566961790547;252.99306095514277;508.80906105079134;
True,0.5,0,5,500,False,False,False,0.6,766.5944480021976;62.06586519161616;319.8300637046491;,493.9732083595283;171.9742959007129;346.7641161459677;
True,0.5,0,5,500,False,False,False,0.6,415.24368883657536;471.52280373325954;472.9301335747666;,464.92712315106905;499.9181883387887;506.0433392859456;
True,0.5,0,5,500,False,False,False,0.6,1081.328470323385;1177.9743940625283;548.7699373076447;,184.905161058055;707.1803363056698;501.46412146673737;
True,0.5,0,5,500,False,False,False,0.6,1599.138943375142;851.27872865215;991.3405231562496;,216.99986486483326;632.3646043779452;649.9756838466282;
True,0.5,0,5,500,False,False,False,0.8,200.0244085458154;276.1411097518516;440.77033131171515;714.8186330994907;,50.644187513960574;341.5249755508976;515.020317178048;334.5154665323786;
True,0.5,0,5,500,False,False,False,0.6,444.65227455828733;547.621020336366;1522.1476880134517;,123.52854508590441;248.4899026728632;351.52497715625174;
True,0.5,0,5,500,False,False,False,0.8,371.5092838994436;208.35102529850175;1812.460881501868;700.2792292542763;,505.2664244608915;98.61547950040257;73.94692195553719;613.830402399165;
True,0.5,0,5,500,False,False,False,0.8,686.9605300670964;722.396050234704;713.8031305750711;162.55563503883164;,594.9688936344236;89.82705164868271;277.45810071964746;79.50300741296392;
True,0.5,0,5,500,False,False,False,0.8,226.6162743621716;777.1738368542713;610.7176475013961;675.8326524074092;,97.42097911773891;623.7691860601146;179.40461168458114;95.52097210307826;
True,0.5,0,5,500,False,False,False,0.6,641.0512344069554;1869.0564292110498;646.3053491330485;,708.7136720569697;195.916062291543;152.49264945722214;
True,0.5,0,5,500,False,False,False,0.4,2214.432896877823;1130.719760675594;,332.99062702201053;176.15076704578442;
True,0.5,0,5,500,False,False,False,0.6,572.9994557116753;179.14507601438154;1175.2866004078894;,436.8169631814409;316.1707987699938;865.242384229294;
True,0.5,0,5,500,False,False,False,0.6,210.0660592701758;2180.437151172146;2694.607335217103;,212.61566500207184;396.0723684878094;552.733861412454;
True,0.5,0,5,500,False,False,False,0.4,837.2036475794305;2038.1525540903212;,346.13362490095426;133.3301097082689;
True,0.5,0,5,500,False,False,False,0.6,580.6624075450611;796.2041170662648;879.1935415144651;,437.45764314907444;279.82681323677735;1137.1752936069727;
True,0.5,0,5,500,False,False,False,0.4,1560.872662657225;869.5038582012846;,665.6224546186883;383.65097881810135;
True,0.5,0,5,500,False,False,False,0.8,676.3611235940555;145.0150949584395;336.29811472321023;223.03857583644768;,470.00925976132527;444.512187367409;88.248030524835;179.68246257301956;
True,0.5,0,5,500,False,False,False,0.6,509.01985838247674;378.66787142256754;2970.1790587318983;,217.14969737286035;187.43793350293436;529.0835439530888;
True,0.5,0,5,500,False,False,False,0.4,605.1519399021715;284.11904893203075;,49.54976388254684;314.1111647952327;
True,0.5,0,5,500,False,False,False,0.6,856.0224619843574;708.3063674034905;508.4599312550915;,267.7687442078821;564.4588844977187;299.8450260650059;
True,0.5,0,5,500,False,False,False,0.6,1058.64509541945;346.151091008839;404.26822228492625;,827.0412050554339;59.318179177194956;147.79338552991524;
True,0.5,0,5,500,False,False,False,0.6,2774.2839149381275;424.9240427152459;829.0799094604171;,55.66609643379609;257.66467002966397;358.9006526768722;
True,0.5,0,5,500,False,False,False,0.4,1519.4749777336983;771.1263950056574;,396.81593555877714;217.51319642850916;
True,0.5,0,5,500,False,False,False,0.6,384.2549192033942;278.09493795221476;573.0861342680716;,319.5620410670804;179.18027984020824;813.0092967880581;
True,0.5,0,5,500,False,False,False,0.6,995.875503521349;528.7133470906173;682.2980850571143;,778.1232341100566;213.61234080093695;100.32284470251469;
True,0.5,0,5,500,False,False,False,0.6,1469.5127880975008;950.0072259893775;670.2786512972474;,315.6047917031279;781.0281435349381;390.2239229068503;
True,0.5,0,5,500,False,False,False,0.4,280.4383997776284;1254.473029322561;,321.45776002477095;414.67673926050514;
True,0.5,0,5,500,False,False,False,0.4,445.42309184120904;272.5345187834475;,113.06434581588448;304.506076391259;
True,0.5,0,5,500,False,False,False,0.4,560.4047747202111;994.5997864126816;,469.8753222303348;96.71603030725987;
True,0.5,0,5,500,False,False,False,0.4,147.81323325129154;1107.1311782393875;,183.06848723833255;312.110453077684;
True,0.5,0,5,500,False,False,False,0.6,287.07514681500953;813.4460222657967;278.8764783475837;,500.96778825035744;403.07393739832315;381.6178717537686;
True,0.5,0,5,500,False,False,False,0.6,508.24438970658235;813.7006689475504;521.642247110059;,409.4564172651844;690.0168641341995;377.45172464393494;
True,0.5,0,5,500,False,False,False,0.6,346.8310762206561;515.0672583966339;665.0356406980599;,178.66160107928167;191.17453193613204;665.0356406980684;
True,0.5,0,5,500,False,False,False,0.8,388.3235710331579;517.2375953983433;258.93854746914144;625.9798861441524;,465.90290034482916;582.6548434979342;147.74542572189412;148.15869299274178;
True,0.5,0,5,500,False,False,False,0.6,468.73652163569113;463.1939678734019;1206.7181688578012;,248.2441725763027;486.8956255370662;569.1269556380164;
True,0.5,0,5,500,False,False,False,0.6,341.0047662873659;461.90067732807853;1778.6757070280737;,588.9303184189918;324.01984937142;572.3200912052039;
True,0.5,0,5,500,False,False,False,0.4,1011.4790098936685;375.22690320668477;,157.81166500292846;462.0423723234864;
True,0.5,0,5,500,False,False,False,0.6,225.52095228963006;449.58077016848125;443.9528641064218;,731.7753918818873;104.15154363011054;390.3261095953012;
True,0.5,0,5,500,False,False,False,0.4,976.2154893510138;731.6387856506229;,344.71880330774246;330.5449572791718;
True,0.5,0,5,500,False,False,False,0.8,653.9819811394747;182.63651520480988;475.2513716403159;301.3425004953334;,688.5251049378649;286.77861188240297;274.97868786158233;237.7979564988947;
True,0.5,0,5,500,False,False,False,0.6,470.1441101365621;542.1723581925401;417.8022656261207;,64.61844050983345;432.5796186468208;305.84627646272423;
True,0.5,0,5,500,False,False,False,0.6,1076.2451666279742;293.5941203719869;17.866616542000838;,390.1654572764092;119.10610871491659;351.3387752314807;
True,0.5,0,5,500,False,False,False,0.6,1923.9795379004827;106.07752009178527;318.20321696645857;,183.35852417305776;128.35114302295244;555.5728385978825;
True,0.5,0,5,500,False,False,False,0.6,880.1084087030171;1126.048747781031;437.906609296392;,101.248437174128;220.72320696738768;437.9066092963878;
True,0.5,0,5,500,False,False,False,0.4,904.6602792595119;232.21431429378958;,70.98481615376973;175.59515457109256;
True,0.5,0,5,500,False,False,False,0.6,1335.3923849083246;110.27513684589343;1139.385162440905;,435.25216887114846;477.0843675919985;537.7131888072137;
True,0.5,0,5,500,False,False,False,0.6,329.07803613819516;1331.207559652727;1137.5718245739713;,327.4428960865724;299.8287309978222;499.6324955702083;
True,0.5,0,5,500,False,False,False,0.6,453.45061423734484;944.1815102527769;606.7156637456682;,284.23504403456474;511.7056893854813;777.6574649170902;
True,0.5,0,5,500,False,False,False,0.4,477.53197905743724;1377.8192086209035;,481.96709330932794;651.6838716983228;
True,0.5,0,5,500,False,False,False,0.6,996.080447860348;100.00532261420975;1699.8145157597257;,112.85625509544393;300.0915717984355;698.7546212380097;
True,0.5,0,5,500,False,False,False,0.6,603.3381678111984;581.2556267800677;746.1625290791634;,256.4872169167139;491.69163473624155;523.6510471025086;
True,0.5,0,5,500,False,False,False,0.6,352.7856016701589;1599.7475491660218;632.6450833575474;,506.90095201581244;343.6713911969152;96.24069032495497;
True,0.5,0,5,500,False,False,False,0.6,590.6649055670224;220.55660217158487;7495.896566955842;,136.8032256995675;935.6401326089934;283.94561915290643;
True,0.5,0,5,500,False,False,False,0.8,515.717578160093;195.2398502848964;242.53157645935798;991.9581614513675;,557.5922403204654;234.56807752166245;231.25597101076661;807.409640438031;
True,0.5,0,5,500,False,False,False,0.4,900.4188861523959;1016.178753608631;,483.3979867710548;319.39997014283216;
True,0.5,0,5,500,False,False,False,0.6,998.6200617038774;879.2394999232928;227.65481145517225;,318.98581058828415;504.96396157245476;74.6465115828903;
True,0.5,0,5,500,False,False,False,0.6,470.01572966216554;410.5776087580274;478.92491923187777;,340.1107665269217;518.0270294035292;418.33940715769745;
True,0.5,0,5,500,False,False,False,0.6,308.90489158097375;768.1707988992737;245.8673736804007;,389.41233513768907;130.74623832969672;332.94222654857003;
True,0.5,0,5,500,False,False,False,0.6,936.5116132756151;635.1917751821104;391.0386716538872;,405.93294874503414;489.9014139052529;438.21408242180746;
True,0.5,0,5,500,False,False,False,0.4,1217.6285897235407;1786.4638652683034;,108.98531744497983;237.45888975920252;
True,0.5,0,5,500,False,False,False,0.6,182.94259618375;769.7593052037605;952.0345389200814;,207.87652599426724;342.1735157147746;556.9586120964887;
True,0.5,0,5,500,False,False,False,0.6,1084.2246172869388;544.2462404195571;529.0802233942943;,93.9444722991493;169.34666920173444;226.8674675526593;
True,0.5,0,5,500,False,False,False,0.6,708.2452944298224;1120.4059281591415;343.65377665323626;,580.5271525973432;169.74408277962226;519.2080186821399;
True,0.5,0,5,500,False,False,False,0.6,749.3475537676698;660.2685973854886;2563.9362208214457;,395.1473505763268;277.090184659445;196.22379235795526;
True,0.5,0,5,500,False,False,False,0.6,1077.4185839932031;790.9117788633637;737.8470193441577;,481.4506187292386;133.73408258777047;697.6557831294405;
True,0.5,0,5,500,False,False,False,0.4,1889.357313838783;123.05600229851058;,88.19859686423776;199.62136535508637;
True,0.5,0,5,500,False,False,False,0.4,1063.740526681956;702.1494785978543;,216.62866726659377;214.9744789561835;
True,0.5,0,5,500,False,False,False,0.4,339.53097820272114;212.34508783029585;,537.4737415260216;59.14370023079746;
True,0.5,0,5,500,False,False,False,0.6,286.15174309802427;1103.7169690392798;723.8309811389931;,173.17562666506345;544.8014025346113;101.45624527631054;
True,0.5,0,5,500,False,False,False,0.6,418.9036523076673;792.1780833616774;726.2433676793897;,466.03560179965143;676.2951024175903;132.26162080008174;
True,0.5,0,5,500,False,False,False,0.6,591.8524678985956;136.329434214129;552.4363404880341;,521.3893583592651;112.48633298897921;172.29557858781848;
True,0.5,0,5,500,False,False,False,0.6,788.7547912286577;589.9256969128706;449.73455595072477;,116.77167971430703;388.0107935775198;288.528492760609;
True,0.5,0,5,500,False,False,False,0.8,298.07036575589825;347.5406518434648;172.2687302511113;319.0847855545692;,121.40050088417237;358.0636527436102;324.5035133080553;224.0242735732902;
True,0.5,0,5,500,False,False,False,0.4,401.741009153013;1663.8538541364667;,246.88316181637396;428.2920722359423;
True,0.5,0,5,500,False,False,False,0.6,525.4307767894293;124.36232044177765;728.3276283611096;,525.430776789424;101.82008580290534;459.6060820170904;
True,0.5,0,5,500,False,False,False,0.4,1415.9877984077723;1281.9242209164775;,207.0165066203746;647.7664853253274;
True,0.5,0,5,500,False,False,False,0.2,1078.0858582347053;,529.4483400535026;
True,0.5,0,5,500,False,False,False,0.4,961.7910875533613;761.9852823302962;,472.05097178831016;146.33891857631212;
True,0.5,0,5,500,False,False,False,0.6,1601.5998418212746;787.1160303395676;371.426544619316;,284.4663446777302;871.0695707055131;339.9388554512667;
True,0.5,0,5,500,False,False,False,0.8,550.3091829949128;537.8623122735331;489.2821337559673;47.695687778088825;,304.05787670283917;219.71567290820698;741.6119844044299;116.15069268938404;
True,0.5,0,5,500,False,False,False,0.4,487.353599510294;2711.205256117222;,427.2210139116466;710.5707454885573;
True,0.5,0,5,500,False,False,False,0.6,779.068627701495;3314.5425580024075;268.9072195983202;,206.70277185754074;465.03556188959413;248.11210506049744;
True,0.5,0,5,500,False,False,False,0.6,381.01528423786516;356.59833043809084;573.5342597040387;,381.6873443114547;466.8851351389496;418.0251277653537;
True,0.5,0,5,500,False,False,False,0.4,884.5284454408318;2855.8487316300966;,105.18746819323931;208.9823656102508;
True,0.5,0,5,500,False,False,False,0.6,666.8118838174972;201.9260513824087;3378.7086397696285;,402.83902778528636;451.4283570843231;168.35335491767773;
True,0.5,0,5,500,False,False,False,0.6,578.0527940250103;1098.8902689496942;385.53772422763313;,241.24692998629797;216.87516934217004;296.8338506994357;
True,0.5,0,5,500,False,False,False,0.6,535.3928590603623;1224.5328865289353;1689.204011545324;,205.1701174281016;208.48448787939165;546.5651803010736;
True,0.5,0,5,500,False,False,False,0.6,267.83855857554784;1911.6581121388747;107.62421651546255;,209.27879396259445;263.4589760375015;301.92116388332903;
True,0.5,0,5,500,False,False,False,0.6,548.6183377137289;804.2023415488903;359.6664830227098;,241.3859636525934;608.1876627190114;305.3265658721178;
True,0.5,0,5,500,False,False,False,0.4,850.9809991958945;1029.3879403748124;,736.0516970543898;293.0694594195579;
True,0.5,0,5,500,False,False,False,0.4,317.2693480466858;1177.6449889954895;,142.45339614159232;826.7130371598065;
True,0.5,0,5,500,False,False,False,0.6,46.46113884289097;1978.5689919902497;106.45342858661887;,57.65379243095138;71.0848139502798;50.852379186938414;
True,0.5,0,5,500,False,False,False,0.8,180.49086632250808;1112.111465587368;369.82354174985034;204.99412944727206;,193.42894335465584;277.4212995743939;368.70645687672305;156.66282035395264;
True,0.5,0,5,500,False,False,False,0.6,648.0008985497828;240.265416910822;1088.1679545294885;,453.82079149746;240.26541691081627;408.71046297828;
True,0.5,0,5,500,False,False,False,0.6,1279.5117212340647;790.9848537613091;1264.231465988664;,434.87320235600413;934.7883291862524;56.84814839020527;
True,0.5,0,5,500,False,False,False,0.4,770.8426594621302;414.20394041242656;,129.67938814833326;247.51888614861855;
True,0.5,0,5,500,False,False,False,0.4,108.49660434117622;560.599331725354;,332.4150513779281;384.4505462450813;
True,0.5,0,5,500,False,False,False,0.6,293.7599054073347;1232.6136201705224;149.2271421650512;,269.6641405723999;319.5331738420754;250.14569884138115;
True,0.5,0,5,500,False,False,False,0.6,2635.792061464864;448.23731233774475;337.20290061674893;,342.01593846509274;374.3295107201292;311.40816617235265;
True,0.5,0,5,500,False,False,False,0.4,844.08135938196;1206.0912543399577;,261.88089155394323;292.6806244352513;
True,0.5,0,5,500,False,False,False,0.4,864.6845922516356;687.5932529348271;,533.3387617863559;527.823364250295;
True,0.5,0,5,500,False,False,False,0.6,214.1320754461655;1066.8101786846773;2810.006198683535;,343.5994000388784;334.73608249523903;212.01144616945854;
True,0.5,0,5,500,False,False,False,0.6,218.30597654849691;353.96891747958193;849.3839262998681;,260.9621286211287;382.9944632666342;203.6956317072919;
True,0.5,0,5,500,False,False,False,0.6,704.164111864938;1760.0744061775672;277.8327687611037;,235.79260901753793;242.82053878969242;169.67016028462376;
True,0.5,0,5,500,False,False,False,0.6,684.4975533532353;362.6419406005001;64.26050208339619;,448.85589572722415;656.1869493976125;347.3307195993386;
True,0.5,0,5,500,False,False,False,0.6,598.6066712578447;2339.6723700308407;307.3369434826225;,249.30030155352648;930.0671032910709;299.45169425805227;
True,0.5,0,5,500,False,False,False,0.6,232.131294174551;648.4651512211603;121.37859017490135;,200.689314159916;358.7323018509425;156.67229154634887;
True,0.5,0,5,500,False,False,False,0.6,2894.5326452834806;249.2258685425209;369.5042108863749;,406.83911087839425;77.70646215676344;361.07823977756476;
True,0.5,0,5,500,False,False,False,0.6,427.62233757430414;472.7033143208625;1016.6815865626018;,548.851597357093;379.9666667096589;323.0545615132869;
True,0.5,0,5,500,False,False,False,0.6,160.38144912413378;1758.5229545791583;279.1706848107452;,245.27074342424655;262.3409238578392;481.1095510735535;
True,0.5,0,5,500,False,False,False,0.6,455.6451292716913;247.8710730234644;414.7410759929589;,943.3428115239108;259.05599181363056;681.7551401714857;
True,0.5,0,5,500,False,False,False,0.6,972.5104401515177;715.1941060049381;360.9860381443081;,272.3060820152567;279.26894719764175;453.349979425562;
True,0.5,0,5,500,False,False,False,0.6,678.5354451371796;45.90847414955191;2004.8134957974517;,368.22197612944655;210.8501570469297;511.6986324150365;
True,0.5,0,5,500,False,False,False,0.8,1602.6193895724061;227.09975769256553;146.19063301662902;399.041891794536;,106.91425574594547;556.9367239427007;293.926055580478;399.04189179454704;
True,0.5,0,5,500,False,False,False,0.6,1432.4881554418334;284.5794817011559;2203.257683505565;,497.109848986036;262.39637544142346;132.96056842034665;
True,0.5,0,5,500,False,False,False,0.4,229.54390236855795;239.62980875022967;,278.8708184316386;124.30478918390857;
True,0.5,0,5,500,False,False,False,0.6,469.6983561276893;956.5799209146315;1785.6406087998057;,369.57933127185004;725.892477611099;586.9493079719826;
True,0.5,0,5,500,False,False,False,0.8,593.077422713878;220.55389919175573;821.4577370186505;1900.5144854317298;,508.2511464137906;398.60586328771586;735.9004394879955;80.37287870967056;
True,0.5,0,5,500,False,False,False,0.8,104.34092206572392;584.1072453630773;688.0562100399964;351.3542113880926;,185.71920503913395;525.7516796395998;376.1966522093949;309.40801944271976;
True,0.5,0,5,500,False,False,False,0.6,1988.008787041867;58.657950190439166;969.278047715142;,492.9406000674331;699.970638827697;34.05052577111255;
True,0.5,0,5,500,False,False,False,0.6,326.03813283907607;409.5041963460506;833.8860565694513;,596.1148865508526;743.1157581080147;288.8865809730241;
True,0.5,0,5,500,False,False,False,0.4,236.02218013697816;821.6073088882611;,90.90716964093386;245.55357931327893;
True,0.5,0,5,500,False,False,False,0.6,666.0393519388311;140.26523171077952;403.2566574132609;,276.18785814221116;193.65475068323548;193.7826175611409;
True,0.5,0,5,500,False,False,False,0.8,689.8771535455523;618.9501110486951;1042.1694033971607;476.2431777454908;,158.79011717698634;619.2155367836991;667.8490140308288;497.06104084049093;
True,0.5,0,5,500,False,False,False,0.6,828.0574000241089;881.6339088073412;514.1308957325015;,149.5193216772482;831.7916587943611;152.86918998787485;
True,0.5,0,5,500,False,False,False,0.4,936.4973876252905;487.641670881355;,196.0204129724613;627.5381766336808;
True,0.5,0,5,500,False,False,False,0.6,702.8616892703047;825.99662693253;823.3718432034741;,685.5076672906391;822.5937466762131;865.2987573864367;
True,0.5,0,5,500,False,False,False,0.8,1166.854564786318;423.5052171318923;599.4282827207461;940.375533200853;,160.05083877389242;500.199235338914;503.0851031623299;1102.8524485163102;
True,0.5,0,5,500,False,False,False,0.4,1185.8159596647288;1775.1719493758148;,759.9194005213625;371.6269427215793;
True,0.5,0,5,500,False,False,False,0.6,329.5547746647908;1425.0297827792103;1237.0828752797152;,354.1644726369267;165.02210804491745;1059.405489676787;
True,0.5,0,5,500,False,False,False,0.6,1989.3190018844127;349.44977136339116;1489.2205577504023;,187.36365429378233;272.8355444229885;512.2415240728001;
True,0.5,0,5,500,False,False,False,0.6,706.141542147323;394.17120116147424;1319.1124051558481;,322.5470180553971;695.2812066992515;769.2747948234875;
True,0.5,0,5,500,False,False,False,0.6,1642.3340958063359;389.06366232104523;666.6267471850306;,90.6300186035619;170.63461861541398;715.8592220369;
True,0.5,0,5,500,False,False,False,0.6,518.5866001328708;447.63371192927303;3588.5297680566405;,542.3607213622377;447.8418875469374;261.3880961094337;
True,0.5,0,5,500,False,False,False,0.8,387.0598129571546;678.3102093908275;459.5713702393755;872.3520612521809;,641.0143193384273;236.49807014939347;179.0348015725586;701.3045765029428;
True,0.5,0,5,500,False,False,False,0.6,443.55743591451846;283.6386825257132;1419.740197159872;,167.97835215518506;249.37829963641875;175.88140906689316;
True,0.5,0,5,500,False,False,False,0.6,667.7361159068951;356.8297129807901;505.33561952317206;,475.61801243601155;341.7506454193437;666.3181692563686;
True,0.5,0,5,500,False,False,False,0.8,3147.567126138991;346.3694945489512;324.69090920667094;309.785194803473;,460.0215272240625;265.73705522174527;103.72102673641052;394.24390850952915;
True,0.5,0,5,500,False,False,False,0.4,925.4684066112326;685.6791427270224;,484.4666213050475;601.7940680087704;
True,0.5,0,5,500,False,False,False,0.4,1077.388617806831;857.1186703349347;,733.6461648287041;444.53546235682927;
True,0.5,0,5,500,False,False,False,0.4,254.66540349100907;1263.7130902620297;,104.54313115306091;101.935351875805;
True,0.5,0,5,500,False,False,False,0.6,370.49843887451857;279.0585256095143;858.575623194768;,191.6252122684923;332.8558117570147;326.2659238459396;
True,0.5,0,5,500,False,False,False,0.6,1194.8293090065893;597.109965472361;149.2346381637112;,818.1012256575307;479.891795850494;143.35892711708098;
True,0.5,0,5,500,False,False,False,0.6,502.4684877812049;2428.353764338865;492.7508569897474;,374.41350923982;315.59300660508956;202.3657854987156;
True,0.5,0,5,500,False,False,False,0.4,636.6853548805224;2112.071959713617;,567.0351476007261;62.44006663135303;
True,0.5,0,5,500,False,False,False,0.6,1153.64239409998;286.23458360075466;1485.8199114892877;,425.3408129522606;604.2435794796609;245.76420731577494;
True,0.5,0,5,500,False,False,False,0.4,869.4804198576601;566.1244865042762;,177.2695194145957;188.74216851388022;
True,0.5,0,5,500,False,False,False,0.4,1062.809948494867;2004.1914282231785;,404.9418468358163;685.4478193119353;
True,0.5,0,5,500,False,False,False,0.4,800.536348090711;2644.577515841526;,53.69026460567407;306.99012623241197;
True,0.5,0,5,500,False,False,False,0.6,294.9163619313582;1587.3684235906144;4025.6989589247564;,154.80676167664353;718.1130048395651;666.5271653867985;
True,0.5,0,5,500,False,False,False,0.4,698.3676903051622;485.14110310410376;,373.4095513491844;645.4297510198405;
True,0.5,0,5,500,False,False,False,0.8,308.5052984551272;367.01779520154696;108.78211254259122;191.3781868919942;,546.9278437265531;375.9315529901543;108.78211254258694;146.18259963721601;
True,0.5,0,5,500,False,False,False,1.0,569.143261032132;309.6198795925886;101.63396154648456;271.5296195058012;681.0535821998407;,92.59031497503436;155.36236438729247;119.09685338639811;143.48088609693178;322.9065413541439;
True,0.5,0,5,500,False,False,False,0.4,1313.9728222200886;539.6653223713087;,608.9361190734996;99.68417064018715;
True,0.5,0,5,500,False,False,False,0.8,380.8288332247391;490.56533707110225;1349.2561484048288;700.1740167066761;,371.85394043833884;359.2331070356594;296.7833956735648;700.1740167066732;
True,0.5,0,5,500,False,False,False,0.6,2678.857863642152;428.1606336282584;239.10727650476343;,196.24842244428308;56.30971823538111;385.9333764455136;
True,0.5,0,5,500,False,False,False,1.0,364.3525016906055;738.8116941153202;69.09167929555964;313.83788907327784;972.0532273280578;,353.31730297769593;525.6030405890662;280.476038253396;637.2716672721991;238.67004938806454;
True,0.5,0,5,500,False,False,False,0.6,271.4895203732298;510.91979730437447;1444.6379920827003;,289.22547246446084;497.70430729202343;74.81129700182885;
True,0.5,0,5,500,False,False,False,0.8,354.7378986142247;264.06356982919675;985.6895105938314;351.28337031744155;,324.4218688101903;376.28947535333964;166.74571666356556;272.98558731101497;
True,0.5,0,5,500,False,False,False,0.6,364.1747955396409;753.291390646243;386.47066203382616;,158.8546299001777;581.1184333732144;436.73054417144425;
True,0.5,0,5,500,False,False,False,0.6,921.0289370691141;643.5594832665162;81.18609564150309;,149.08771398422422;299.10330866670205;170.00176086408024;
True,0.5,0,1,750,False,False,False,1.0,414.0426647145401;,414.0426647145401;
True,0.5,0,1,750,False,False,False,1.0,540.0948752162519;,862.2323566642161;
True,0.5,0,1,750,False,False,False,1.0,1251.0899548792265;,1251.0899548792265;
True,0.5,0,1,750,False,False,False,1.0,348.679544210235;,348.679544210235;
True,0.5,0,1,750,True,False,False,,,
True,0.5,0,1,750,True,False,False,,,
True,0.5,0,1,750,False,False,False,1.0,137.53869511394768;,137.53869511394768;
True,0.5,0,1,750,False,False,False,1.0,558.950658753408;,558.950658753408;
True,0.5,0,1,750,False,False,False,1.0,571.9144226663625;,571.9144226663625;
True,0.5,0,1,750,False,False,False,1.0,136.63289226327575;,136.63289226327575;
True,0.5,0,1,750,False,False,False,1.0,674.5831995238158;,674.5831995238158;
True,0.5,0,1,750,False,False,False,1.0,195.44056194147026;,156.78452966054638;
True,0.5,0,1,750,False,False,False,1.0,701.913201262302;,582.5749859379584;
True,0.5,0,1,750,False,False,False,1.0,91.54501414856202;,91.54501414856202;
True,0.5,0,1,750,False,False,False,1.0,908.2572844078973;,908.2572844078973;
True,0.5,0,1,750,False,False,False,1.0,752.1124968830644;,752.1124968830644;
True,0.5,0,1,750,False,False,False,1.0,585.3568087664612;,585.3568087664612;
True,0.5,0,1,750,False,False,False,1.0,200.43161600010558;,200.43161600010558;
True,0.5,0,1,750,False,False,False,1.0,406.6486299564978;,406.6486299564978;
True,0.5,0,1,750,False,False,False,1.0,137.66245900250016;,137.66245900250016;
True,0.5,0,1,750,False,False,False,1.0,1037.1510679635287;,1037.1510679635287;
True,0.5,0,1,750,False,False,False,1.0,1258.3306590663115;,1258.3306590663115;
True,0.5,0,1,750,False,False,False,1.0,559.4250038342253;,559.4250038342253;
True,0.5,0,1,750,False,False,False,1.0,1197.6052998976595;,1197.6052998976595;
True,0.5,0,1,750,False,False,False,1.0,290.37708791166375;,290.37708791166375;
True,0.5,0,1,750,False,False,False,1.0,371.66500712326354;,371.66500712326354;
True,0.5,0,1,750,False,False,False,1.0,553.0699582652685;,553.0699582652685;
True,0.5,0,1,750,False,False,False,1.0,339.51946007559155;,339.51946007559155;
True,0.5,0,1,750,False,False,False,1.0,1117.8238464615285;,1117.8238464615285;
True,0.5,0,1,750,False,False,False,1.0,1005.8327870699399;,1005.8327870699399;
True,0.5,0,1,750,False,False,False,1.0,439.79350241675564;,439.79350241675564;
True,0.5,0,1,750,False,False,False,1.0,215.86338713035042;,215.86338713035042;
True,0.5,0,1,750,False,False,False,1.0,314.969875773721;,314.969875773721;
True,0.5,0,1,750,False,False,False,1.0,521.5916109034193;,521.5916109034193;
True,0.5,0,1,750,False,False,False,1.0,733.2567527696617;,733.2567527696617;
True,0.5,0,1,750,False,False,False,1.0,522.0021905136158;,1396.4745558954594;
True,0.5,0,1,750,False,False,False,1.0,333.9340557103223;,333.9340557103223;
True,0.5,0,1,750,False,False,False,1.0,287.5598005860808;,287.5598005860808;
True,0.5,0,1,750,False,False,False,1.0,295.11666734919504;,295.11666734919504;
True,0.5,0,1,750,False,False,False,1.0,903.5899951661279;,903.5899951661279;
True,0.5,0,1,750,False,False,False,1.0,529.480534167277;,529.480534167277;
True,0.5,0,1,750,False,False,False,1.0,1009.4656203970819;,1009.4656203970819;
True,0.5,0,1,750,False,False,False,1.0,101.00420164672549;,101.00420164672549;
True,0.5,0,1,750,False,False,False,1.0,946.3170346825711;,318.1059116194438;
True,0.5,0,1,750,False,False,False,1.0,731.1761613557511;,731.1761613557511;
True,0.5,0,1,750,False,False,False,1.0,539.1745846727565;,539.1745846727565;
True,0.5,0,1,750,False,False,False,1.0,387.6887473995036;,387.6887473995036;
True,0.5,0,1,750,False,False,False,1.0,537.0296261662522;,537.0296261662522;
True,0.5,0,1,750,False,False,False,1.0,34.79427093634477;,34.79427093634477;
True,0.5,0,1,750,False,False,False,1.0,456.11821821831217;,456.11821821831217;
True,0.5,0,1,750,False,False,False,1.0,1150.8757146309906;,1150.8757146309906;
True,0.5,0,1,750,False,False,False,1.0,189.79513281206695;,189.79513281206695;
True,0.5,0,1,750,False,False,False,1.0,381.49059114089283;,381.49059114089283;
True,0.5,0,1,750,False,False,False,1.0,1074.0393022253484;,1074.0393022253484;
True,0.5,0,1,750,False,False,False,1.0,743.4086289150255;,743.4086289150255;
True,0.5,0,1,750,False,False,False,1.0,555.7553410006649;,555.7553410006649;
True,0.5,0,1,750,False,False,False,1.0,233.5020097020185;,233.5020097020185;
True,0.5,0,1,750,True,False,False,,,
True,0.5,0,1,750,False,False,False,1.0,326.5901834635108;,326.5901834635108;
True,0.5,0,1,750,False,False,False,1.0,656.9418449718363;,656.9418449718363;
True,0.5,0,1,750,True,False,False,,,
True,0.5,0,1,750,False,False,False,1.0,220.7206858893386;,220.7206858893386;
True,0.5,0,1,750,True,False,False,,,
True,0.5,0,1,750,False,False,False,1.0,333.7881339146947;,333.7881339146947;
True,0.5,0,1,750,False,False,False,1.0,474.8921971627947;,474.8921971627947;
True,0.5,0,1,750,False,False,False,1.0,1131.7500402853534;,1131.7500402853534;
True,0.5,0,1,750,False,False,False,1.0,641.6571462095944;,1006.7332644065623;
True,0.5,0,1,750,False,False,False,1.0,382.3634433640209;,382.3634433640209;
True,0.5,0,1,750,False,False,False,1.0,742.6578697071665;,742.6578697071665;
True,0.5,0,1,750,False,False,False,1.0,715.6823862402357;,715.6823862402357;
True,0.5,0,1,750,False,False,False,1.0,437.7582722194111;,437.7582722194111;
True,0.5,0,1,750,False,False,False,1.0,390.8274564592883;,390.8274564592883;
True,0.5,0,1,750,False,False,False,1.0,287.39368156011216;,287.39368156011216;
True,0.5,0,1,750,False,False,False,1.0,421.85408817054315;,421.85408817054315;
True,0.5,0,1,750,False,False,False,1.0,279.94516765433735;,279.94516765433735;
True,0.5,0,1,750,False,False,False,1.0,818.6764012624136;,818.6764012624136;
True,0.5,0,1,750,False,False,False,1.0,295.2523629279376;,295.2523629279376;
True,0.5,0,1,750,False,False,False,1.0,672.7127606889707;,672.7127606889707;
True,0.5,0,1,750,False,False,False,1.0,1144.547024638075;,1144.547024638075;
True,0.5,0,1,750,False,False,False,1.0,350.0657209545061;,350.0657209545061;
True,0.5,0,1,750,False,False,False,1.0,928.1125212085716;,928.1125212085716;
True,0.5,0,1,750,False,False,False,1.0,1136.2494878827033;,1136.2494878827033;
True,0.5,0,1,750,False,False,False,1.0,378.98793917233945;,378.98793917233945;
True,0.5,0,1,750,False,False,False,1.0,694.6260539514509;,694.6260539514509;
True,0.5,0,1,750,False,False,False,1.0,727.4231652531262;,727.4231652531262;
True,0.5,0,1,750,True,False,False,,,
True,0.5,0,1,750,False,False,False,1.0,358.57483356256006;,358.57483356256006;
True,0.5,0,1,750,False,False,False,1.0,1126.1063168728394;,1126.1063168728394;
True,0.5,0,1,750,False,False,False,1.0,538.91344087265;,538.91344087265;
True,0.5,0,1,750,True,False,False,,,
True,0.5,0,1,750,False,False,False,1.0,521.6498315276359;,655.3693555413759;
True,0.5,0,1,750,False,False,False,1.0,593.1709375397197;,593.1709375397197;
True,0.5,0,1,750,False,False,False,1.0,377.70571816276885;,377.70571816276885;
True,0.5,0,1,750,False,False,False,1.0,1221.5263940389489;,1221.5263940389489;
True,0.5,0,1,750,False,False,False,1.0,823.3358026340491;,823.3358026340491;
True,0.5,0,1,750,False,False,False,1.0,515.6466912875126;,156.58884299273956;
True,0.5,0,1,750,False,False,False,1.0,312.21796729698656;,312.21796729698656;
True,0.5,0,1,750,False,False,False,1.0,274.11528828987207;,274.11528828987207;
True,0.5,0,1,750,False,False,False,1.0,558.5537789011494;,558.5537789011494;
True,0.5,0,1,750,False,False,False,1.0,765.4013694088594;,765.4013694088594;
True,0.5,0,1,750,False,False,False,1.0,70.58485359485238;,70.58485359485238;
True,0.5,0,1,750,True,False,False,,,
True,0.5,0,1,750,False,False,False,1.0,862.4397204301813;,862.4397204301813;
True,0.5,0,1,750,False,False,False,1.0,713.2134578062215;,713.2134578062215;
True,0.5,0,1,750,False,False,False,1.0,272.292066801729;,272.292066801729;
True,0.5,0,1,750,False,False,False,1.0,403.47037407035356;,403.47037407035356;
True,0.5,0,1,750,False,False,False,1.0,378.62806099490825;,378.62806099490825;
True,0.5,0,1,750,False,False,False,1.0,708.0851935903547;,708.0851935903547;
True,0.5,0,1,750,False,False,False,1.0,340.6862559553208;,340.6862559553208;
True,0.5,0,1,750,False,False,False,1.0,177.27188001134576;,177.27188001134576;
True,0.5,0,1,750,False,False,False,1.0,411.9496213182276;,411.9496213182276;
True,0.5,0,1,750,False,False,False,1.0,391.2551671652925;,391.2551671652925;
True,0.5,0,1,750,False,False,False,1.0,268.54355751038446;,268.54355751038446;
True,0.5,0,1,750,False,False,False,1.0,958.502744069601;,958.502744069601;
True,0.5,0,1,750,False,False,False,1.0,1038.3083266933402;,1038.3083266933402;
True,0.5,0,1,750,False,False,False,1.0,834.4627425001285;,834.4627425001285;
True,0.5,0,1,750,False,False,False,1.0,420.68581331557846;,420.68581331557846;
True,0.5,0,1,750,False,False,False,1.0,1030.7966705763104;,1030.7966705763104;
True,0.5,0,1,750,False,False,False,1.0,908.9728859510526;,908.9728859510526;
True,0.5,0,1,750,False,False,False,1.0,585.2443314171925;,585.2443314171925;
True,0.5,0,1,750,False,False,False,1.0,538.2105052856773;,538.2105052856773;
True,0.5,0,1,750,False,False,False,1.0,370.744171359658;,370.744171359658;
True,0.5,0,1,750,False,False,False,1.0,525.6604907654693;,525.6604907654693;
True,0.5,0,1,750,False,False,False,1.0,556.672139773436;,556.672139773436;
True,0.5,0,1,750,True,False,False,,,
True,0.5,0,1,750,False,False,False,1.0,251.98527244638385;,251.98527244638385;
True,0.5,0,1,750,False,False,False,1.0,717.8065813948881;,717.8065813948881;
True,0.5,0,1,750,False,False,False,1.0,187.16363737992066;,187.16363737992066;
True,0.5,0,1,750,False,False,False,1.0,886.9155576861131;,886.9155576861131;
True,0.5,0,1,750,False,False,False,1.0,329.9599203289559;,329.9599203289559;
True,0.5,0,1,750,False,False,False,1.0,699.6603385842122;,699.6603385842122;
True,0.5,0,1,750,False,False,False,1.0,234.40379201843015;,234.40379201843015;
True,0.5,0,1,750,False,False,False,1.0,1270.2946037795946;,812.6944049199465;
True,0.5,0,1,750,False,False,False,1.0,292.94005989898596;,292.94005989898596;
True,0.5,0,1,750,False,False,False,1.0,432.93948645866675;,432.93948645866675;
True,0.5,0,1,750,False,False,False,1.0,188.9650815941667;,188.9650815941667;
True,0.5,0,1,750,False,False,False,1.0,227.12755248684323;,227.12755248684323;
True,0.5,0,1,750,False,False,False,1.0,225.25451560682538;,225.25451560682538;
True,0.5,0,1,750,False,False,False,1.0,133.56171492654434;,133.56171492654434;
True,0.5,0,1,750,False,False,False,1.0,442.6645419776343;,442.6645419776343;
True,0.5,0,1,750,False,False,False,1.0,106.82759709677714;,106.82759709677714;
True,0.5,0,1,750,False,False,False,1.0,180.9086792221649;,180.9086792221649;
True,0.5,0,1,750,False,False,False,1.0,592.4639714198089;,740.1816395762224;
True,0.5,0,1,750,False,False,False,1.0,376.12450218382725;,376.12450218382725;
True,0.5,0,1,750,False,False,False,1.0,520.3516868436132;,520.3516868436132;
True,0.5,0,1,750,False,False,False,1.0,748.8026336371041;,465.5203723337775;
True,0.5,0,1,750,False,False,False,1.0,319.6417716796757;,319.6417716796757;
True,0.5,0,1,750,False,False,False,1.0,362.14198330248803;,362.14198330248803;
True,0.5,0,1,750,False,False,False,1.0,368.2759406190124;,368.2759406190124;
True,0.5,0,1,750,False,False,False,1.0,917.9246710049465;,516.6257402272498;
True,0.5,0,1,750,False,False,False,1.0,580.2274251213687;,580.2274251213687;
True,0.5,0,1,750,False,False,False,1.0,373.46504127278274;,373.46504127278274;
True,0.5,0,1,750,False,False,False,1.0,27.97806676416886;,27.97806676416886;
True,0.5,0,1,750,False,False,False,1.0,247.50094214408003;,247.50094214408003;
True,0.5,0,1,750,False,False,False,1.0,847.4558024433913;,847.4558024433913;
True,0.5,0,1,750,False,False,False,1.0,428.2416932240273;,428.2416932240273;
True,0.5,0,1,750,False,False,False,1.0,661.5781299994612;,661.5781299994612;
True,0.5,0,1,750,False,False,False,1.0,490.08794397833105;,490.08794397833105;
True,0.5,0,1,750,False,False,False,1.0,930.1553650689118;,1217.8785997139842;
True,0.5,0,1,750,False,False,False,1.0,464.58634758228726;,464.58634758228726;
True,0.5,0,1,750,False,False,False,1.0,1332.1493289481514;,1332.1493289481514;
True,0.5,0,1,750,False,False,False,1.0,314.5473016427897;,314.5473016427897;
True,0.5,0,1,750,False,False,False,1.0,464.4970591828985;,464.4970591828985;
True,0.5,0,1,750,False,False,False,1.0,743.23018052411;,809.0724276619883;
True,0.5,0,1,750,False,False,False,1.0,10.758835930169452;,636.4299025511259;
True,0.5,0,1,750,False,False,False,1.0,382.90163352793803;,382.90163352793803;
True,0.5,0,1,750,False,False,False,1.0,845.5175447029264;,845.5175447029264;
True,0.5,0,1,750,False,False,False,1.0,321.5726880648578;,321.5726880648578;
True,0.5,0,1,750,False,False,False,1.0,695.2846338497287;,695.2846338497287;
True,0.5,0,1,750,False,False,False,1.0,730.3867790436648;,730.3867790436648;
True,0.5,0,1,750,False,False,False,1.0,622.3521459230224;,622.3521459230224;
True,0.5,0,1,750,False,False,False,1.0,785.4145485953765;,785.4145485953765;
True,0.5,0,1,750,False,False,False,1.0,329.29931926521937;,329.29931926521937;
True,0.5,0,1,750,False,False,False,1.0,371.5916243270521;,371.5916243270521;
True,0.5,0,1,750,False,False,False,1.0,345.06092833202257;,345.06092833202257;
True,0.5,0,1,750,False,False,False,1.0,279.4163309308598;,279.4163309308598;
True,0.5,0,1,750,False,False,False,1.0,396.75357731265984;,396.75357731265984;
True,0.5,0,1,750,True,False,False,,,
True,0.5,0,1,750,True,False,False,,,
True,0.5,0,1,750,True,False,False,,,
True,0.5,0,1,750,False,False,False,1.0,931.5137442117142;,931.5137442117142;
True,0.5,0,1,750,False,False,False,1.0,433.8632605139598;,433.8632605139598;
True,0.5,0,1,750,False,False,False,1.0,922.7016757435407;,922.7016757435407;
True,0.5,0,1,750,True,False,False,,,
True,0.5,0,1,750,False,False,False,1.0,773.1371692829622;,773.1371692829622;
True,0.5,0,1,750,False,False,False,1.0,851.2257656244915;,851.2257656244915;
True,0.5,0,1,750,False,False,False,1.0,98.3341596692071;,98.3341596692071;
True,0.5,0,1,750,False,False,False,1.0,235.41495300591262;,235.41495300591262;
True,0.5,0,1,750,False,False,False,1.0,1003.1301661997611;,959.4754439405841;
True,0.5,0,1,750,False,False,False,1.0,785.8694837625269;,785.8694837625269;
True,0.5,0,1,750,False,False,False,1.0,229.6674288376831;,229.6674288376831;
True,0.5,0,1,750,False,False,False,1.0,246.09322872171674;,384.3778666280269;
True,0.5,0,1,750,False,False,False,1.0,392.3007494261446;,392.3007494261446;
True,0.5,0,1,750,False,False,False,1.0,545.5374900083871;,1308.182427277039;
True,0.5,0,1,750,False,False,False,1.0,212.3310171521696;,212.3310171521696;
True,0.5,0,1,750,False,False,False,1.0,652.20452565731;,224.05763515659106;
True,0.5,0,1,750,False,False,False,1.0,228.63239432208476;,228.63239432208476;
True,0.5,0,1,750,False,False,False,1.0,732.8005013444788;,732.8005013444788;
True,0.5,0,1,750,True,False,False,,,
True,0.5,0,1,750,True,False,False,,,
True,0.5,0,1,750,False,False,False,1.0,876.1042360826706;,876.1042360826706;
True,0.5,0,1,750,False,False,False,1.0,833.8663434139646;,833.8663434139646;
True,0.5,0,1,750,False,False,False,1.0,259.2786649521073;,259.2786649521073;
True,0.5,0,1,750,False,False,False,1.0,394.6433526610583;,394.6433526610583;
True,0.5,0,1,750,False,False,False,1.0,531.9366928562109;,531.9366928562109;
True,0.5,0,1,750,False,False,False,1.0,1004.5467778054257;,1004.5467778054257;
True,0.5,0,1,750,False,False,False,1.0,718.8710564900252;,718.8710564900252;
True,0.5,0,1,750,False,False,False,1.0,377.19816657659254;,377.19816657659254;
True,0.5,0,1,750,False,False,False,1.0,186.9861207483151;,186.9861207483151;
True,0.5,0,1,750,False,False,False,1.0,689.2160773490151;,689.2160773490151;
True,0.5,0,1,750,False,False,False,1.0,1025.022914666869;,1025.022914666869;
True,0.5,0,1,750,False,False,False,1.0,745.1231752482109;,745.1231752482109;
True,0.5,0,1,750,False,False,False,1.0,824.0784698489568;,824.0784698489568;
True,0.5,0,1,750,False,False,False,1.0,618.5468911229591;,618.5468911229591;
True,0.5,0,1,750,False,False,False,1.0,516.7041395378119;,516.7041395378119;
True,0.5,0,1,750,False,False,False,1.0,736.6399328624636;,736.6399328624636;
True,0.5,0,1,750,False,False,False,1.0,325.9750258929679;,325.9750258929679;
True,0.5,0,1,750,False,False,False,1.0,1520.4124805607225;,1520.4124805607225;
True,0.5,0,1,750,False,False,False,1.0,575.6576596351185;,575.6576596351185;
True,0.5,0,1,750,False,False,False,1.0,361.59997427280115;,361.59997427280115;
True,0.5,0,1,750,False,False,False,1.0,688.7172605501913;,688.7172605501913;
True,0.5,0,1,750,False,False,False,1.0,367.9954532334984;,367.9954532334984;
True,0.5,0,1,750,True,False,False,,,
True,0.5,0,1,750,False,False,False,1.0,781.9827337625885;,781.9827337625885;
True,0.5,0,1,750,False,False,False,1.0,697.9903596136412;,697.9903596136412;
True,0.5,0,1,750,False,False,False,1.0,338.2075714719995;,338.2075714719995;
True,0.5,0,1,750,False,False,False,1.0,241.33435628313552;,241.33435628313552;
True,0.5,0,1,750,False,False,False,1.0,826.513349433442;,826.513349433442;
True,0.5,0,1,750,False,False,False,1.0,663.5795832385386;,663.5795832385386;
True,0.5,0,1,750,False,False,False,1.0,972.8445931356579;,972.8445931356579;
True,0.5,0,1,750,False,False,False,1.0,520.3423173073143;,520.3423173073143;
True,0.5,0,1,750,False,False,False,1.0,477.0269436927174;,477.0269436927174;
True,0.5,0,1,750,False,False,False,1.0,632.0242497788716;,632.0242497788716;
True,0.5,0,1,750,False,False,False,1.0,365.2144756482176;,365.2144756482176;
True,0.5,0,1,750,False,False,False,1.0,750.8935019707773;,750.8935019707773;
True,0.5,0,1,750,False,False,False,1.0,440.431305880547;,440.431305880547;
True,0.5,0,1,750,False,False,False,1.0,645.8471272691634;,645.8471272691634;
True,0.5,0,1,750,False,False,False,1.0,583.2126384239009;,583.2126384239009;
True,0.5,0,1,750,False,False,False,1.0,460.8437203543283;,460.8437203543283;
True,0.5,0,1,750,False,False,False,1.0,542.2890724918274;,542.2890724918274;
True,0.5,0,1,750,False,False,False,1.0,444.84339643829674;,444.84339643829674;
True,0.5,0,1,750,False,False,False,1.0,145.5540955657856;,145.5540955657856;
True,0.5,0,1,750,False,False,False,1.0,921.1462407659425;,921.1462407659425;
True,0.5,0,1,750,False,False,False,1.0,404.7166483827252;,404.7166483827252;
True,0.5,0,1,750,False,False,False,1.0,639.0304641397826;,639.0304641397826;
True,0.5,0,1,750,False,False,False,1.0,562.6258552808833;,562.6258552808833;
True,0.5,0,1,750,False,False,False,1.0,182.27804117478493;,182.27804117478493;
True,0.5,0,1,750,False,False,False,1.0,556.4290052450417;,556.4290052450417;
True,0.5,0,1,750,False,False,False,1.0,384.16412791033696;,384.16412791033696;
True,0.5,0,1,750,False,False,False,1.0,675.687904792121;,675.687904792121;
True,0.5,0,1,750,False,False,False,1.0,480.2745691667561;,480.2745691667561;
True,0.5,0,1,750,False,False,False,1.0,1078.191518814157;,1078.191518814157;
True,0.5,0,1,750,False,False,False,1.0,456.39951050461224;,456.39951050461224;
True,0.5,0,1,750,False,False,False,1.0,399.6934299445436;,399.6934299445436;
True,0.5,0,1,750,False,False,False,1.0,696.6955525429844;,696.6955525429844;
True,0.5,0,1,750,False,False,False,1.0,578.5980150990423;,578.5980150990423;
True,0.5,0,1,750,False,False,False,1.0,432.87618114017687;,432.87618114017687;
True,0.5,0,1,750,False,False,False,1.0,915.7992928943847;,915.7992928943847;
True,0.5,0,1,750,False,False,False,1.0,335.2568108339709;,335.2568108339709;
True,0.5,0,1,750,False,False,False,1.0,154.91916321228226;,154.91916321228226;
True,0.5,0,1,750,True,False,False,,,
True,0.5,0,1,750,False,False,False,1.0,413.71294419607216;,413.71294419607216;
True,0.5,0,1,750,False,False,False,1.0,523.2371958638822;,523.2371958638822;
True,0.5,0,1,750,True,False,False,,,
True,0.5,0,1,750,False,False,False,1.0,542.5351667866997;,542.5351667866997;
True,0.5,0,1,750,False,False,False,1.0,437.9364433188398;,437.9364433188398;
True,0.5,0,1,750,False,False,False,1.0,728.7866022729457;,728.7866022729457;
True,0.5,0,1,750,False,False,False,1.0,1032.4397761941586;,1032.4397761941586;
True,0.5,0,1,750,False,False,False,1.0,431.52689580052464;,431.52689580052464;
True,0.5,0,1,750,False,False,False,1.0,370.93979644487314;,370.93979644487314;
True,0.5,0,1,750,False,False,False,1.0,929.511237660544;,929.511237660544;
True,0.5,0,1,750,False,False,False,1.0,823.9232267566218;,823.9232267566218;
True,0.5,0,1,750,False,False,False,1.0,264.55313583536866;,264.55313583536866;
True,0.5,0,1,750,False,False,False,1.0,151.8764286151449;,151.8764286151449;
True,0.5,0,1,750,False,False,False,1.0,935.1597199850559;,935.1597199850559;
True,0.5,0,1,750,False,False,False,1.0,509.0368570891705;,509.0368570891705;
True,0.5,0,1,750,False,False,False,1.0,1425.8416627684933;,1425.8416627684933;
True,0.5,0,1,750,False,False,False,1.0,494.7618990872364;,494.7618990872364;
True,0.5,0,1,750,False,False,False,1.0,316.13757847575863;,316.13757847575863;
True,0.5,0,1,750,False,False,False,1.0,504.74676183863755;,504.74676183863755;
True,0.5,0,1,750,False,False,False,1.0,396.4681107208641;,396.4681107208641;
True,0.5,0,1,750,False,False,False,1.0,679.6546601736619;,679.6546601736619;
True,0.5,0,1,750,False,False,False,1.0,718.0287651994126;,718.0287651994126;
True,0.5,0,1,750,False,False,False,1.0,136.50578331380606;,136.50578331380606;
True,0.5,0,1,750,False,False,False,1.0,417.798206824536;,417.798206824536;
True,0.5,0,1,750,False,False,False,1.0,149.5321746680663;,149.5321746680663;
True,0.5,0,1,750,False,False,False,1.0,249.16910760529345;,249.16910760529345;
True,0.5,0,1,750,False,False,False,1.0,832.9645289681927;,832.9645289681927;
True,0.5,0,1,750,False,False,False,1.0,423.75924441580304;,423.75924441580304;
True,0.5,0,1,750,False,False,False,1.0,240.26187247804285;,240.26187247804285;
True,0.5,0,1,750,False,False,False,1.0,455.6735196729342;,455.6735196729342;
True,0.5,0,1,750,False,False,False,1.0,682.8133959992493;,682.8133959992493;
True,0.5,0,1,750,False,False,False,1.0,719.7039174373809;,719.7039174373809;
True,0.5,0,1,750,False,False,False,1.0,687.6824963610816;,687.6824963610816;
True,0.5,0,1,750,False,False,False,1.0,303.3612744760501;,303.3612744760501;
True,0.5,0,1,750,False,False,False,1.0,842.1367028298629;,842.1367028298629;
True,0.5,0,1,750,False,False,False,1.0,673.7173739355097;,673.7173739355097;
True,0.5,0,1,750,False,False,False,1.0,261.12423399012476;,261.12423399012476;
True,0.5,0,1,750,False,False,False,1.0,770.005093893225;,770.005093893225;
True,0.5,0,1,750,False,False,False,1.0,279.3830518188918;,279.3830518188918;
True,0.5,0,2,750,False,False,False,1.0,378.6734088166624;1722.3954836723044;,123.77364079655871;1088.3076081684274;
True,0.5,0,2,750,False,False,False,1.0,823.4625015804298;520.075099735438;,823.4625015804298;104.31349504889718;
True,0.5,0,2,750,False,False,False,1.0,658.1421730208795;406.0332283106078;,292.39143110574213;343.485684328738;
True,0.5,0,2,750,False,False,False,1.0,774.728024680546;492.25952609527627;,774.728024680546;514.8154770544905;
True,0.5,0,2,750,False,False,False,1.0,1299.302195601381;1390.2864574443574;,1551.0415324382302;211.5006687473543;
True,0.5,0,2,750,False,False,False,1.0,509.1178629638717;425.7828758237149;,509.1178629638717;425.7828758237149;
True,0.5,0,2,750,False,False,False,0.5,1381.4815783919248;,578.0436058290851;
True,0.5,0,2,750,False,False,False,1.0,806.2760809648198;601.7755752814464;,806.2760809648198;601.7755752814464;
True,0.5,0,2,750,False,False,False,1.0,752.8657491855425;428.47272343191065;,750.9482167524397;430.66611081369865;
True,0.5,0,2,750,False,False,False,1.0,334.2711396661928;287.725182342851;,334.2711396661928;287.725182342851;
True,0.5,0,2,750,False,False,False,1.0,448.5208768851473;276.4960132559837;,459.41029114754247;741.9961747298553;
True,0.5,0,2,750,False,False,False,1.0,1574.816717492314;1101.0870299903982;,1242.8727416305976;868.9851278454394;
True,0.5,0,2,750,False,False,False,1.0,590.4027660853646;501.964295101202;,590.4027660853646;501.964295101202;
True,0.5,0,2,750,False,False,False,1.0,617.7945548580226;385.7577208616903;,641.9076804337143;385.7577208616903;
True,0.5,0,2,750,False,False,False,1.0,220.82220987747945;411.2817654913369;,220.82220987747945;411.2817654913369;
True,0.5,0,2,750,False,False,False,1.0,682.8992837317445;579.6370067124504;,682.8992837317445;579.6370067124504;
True,0.5,0,2,750,False,False,False,1.0,617.6081255076296;97.68686234289333;,642.4633874949423;97.68686234289333;
True,0.5,0,2,750,False,False,False,1.0,1095.4119917119117;288.47475511291054;,1095.4119917119117;217.34676309978354;
True,0.5,0,2,750,False,False,False,1.0,568.7819412564094;515.3157993348616;,568.7819412564094;515.3157993348616;
True,0.5,0,2,750,False,False,False,1.0,1193.7844576387668;56.80304576579049;,455.1453096944368;454.4739090143545;
True,0.5,0,2,750,False,False,False,1.0,458.9877138870271;466.8781952407441;,458.9877138870271;234.8921738349801;
True,0.5,0,2,750,False,False,False,1.0,856.9157038205844;746.7054649595121;,479.5379137700486;389.6177385758541;
True,0.5,0,2,750,False,False,False,1.0,204.65993292165604;1431.4872622762782;,304.8438964641207;724.8778216097359;
True,0.5,0,2,750,False,False,False,1.0,937.9970239117735;761.1040659366658;,937.9970239117735;761.1040659366658;
True,0.5,0,2,750,False,False,False,1.0,202.04506880670445;1135.4790285805595;,202.04506880670445;361.24029762748125;
True,0.5,0,2,750,False,False,False,1.0,631.9923614700574;493.7322543759723;,631.9923614700574;493.7322543759723;
True,0.5,0,2,750,False,False,False,1.0,517.6743208159812;876.4770799770628;,503.02252180379406;947.3587895119249;
True,0.5,0,2,750,False,False,False,1.0,1065.9089630021763;1237.9540035323719;,1065.9089630021763;1237.9540035323719;
True,0.5,0,2,750,False,False,False,1.0,672.1820332782337;694.9684722221037;,647.339237782726;732.2338389261246;
True,0.5,0,2,750,False,False,False,0.5,771.090876256104;,494.23309317770355;
True,0.5,0,2,750,False,False,False,1.0,583.6872784016123;526.4612711983725;,549.6334222118682;442.6955096788271;
True,0.5,0,2,750,False,False,False,1.0,493.26871904887025;959.247308861214;,493.26871904887025;959.247308861214;
True,0.5,0,2,750,False,False,False,1.0,1029.9509892989902;829.7915189230235;,1029.9509892989902;829.7915189230235;
True,0.5,0,2,750,False,False,False,0.5,1593.8344933833152;,342.98618496922165;
True,0.5,0,2,750,False,False,False,1.0,216.12472559634293;623.9112464495432;,216.12472559634293;623.9112464495432;
True,0.5,0,2,750,False,False,False,1.0,894.0525663411431;438.18266779167584;,1689.9046818056518;308.2734971155108;
True,0.5,0,2,750,False,False,False,1.0,347.75447174197353;483.09420317406466;,347.75447174197353;483.09420317406466;
True,0.5,0,2,750,False,False,False,1.0,441.9973230462958;224.87785775919647;,163.1918087273112;246.514406881656;
True,0.5,0,2,750,False,False,False,1.0,732.2242539995196;476.53944373116235;,732.2242539995196;476.53944373116235;
True,0.5,0,2,750,False,False,False,1.0,1389.9391805416183;264.7147833921132;,1389.9391805416183;264.7147833921132;
True,0.5,0,2,750,False,False,False,1.0,1414.0913831826717;973.5036442909739;,939.58438851721;1784.2129808166544;
True,0.5,0,2,750,False,False,False,1.0,714.9375644186987;947.0982157668542;,814.7236637339354;797.781574949594;
True,0.5,0,2,750,False,False,False,1.0,307.78411198909026;1278.273648278396;,307.78411198909026;1278.273648278396;
True,0.5,0,2,750,False,False,False,1.0,502.77245931389234;57.6685455732948;,502.77245931389234;57.6685455732948;
True,0.5,0,2,750,False,False,False,0.5,464.43104363847493;,1037.77377047659;
True,0.5,0,2,750,False,False,False,1.0,1069.2212334708836;624.4943144167155;,1050.4976277081805;478.87232564004177;
True,0.5,0,2,750,False,False,False,1.0,386.5696490351246;790.6145606489426;,68.4966707137374;484.1462169742718;
True,0.5,0,2,750,False,False,False,1.0,711.2693025230805;751.5622008280833;,686.5110537144823;853.4749467331404;
True,0.5,0,2,750,False,False,False,1.0,647.3783878935423;475.96625918730973;,662.4783890892412;342.21245252118933;
True,0.5,0,2,750,False,False,False,1.0,483.92532883476935;1316.986848143385;,644.5399911600168;123.43505562594379;
True,0.5,0,2,750,False,False,False,1.0,1401.970530686532;474.8360241148282;,1401.970530686532;474.8360241148282;
True,0.5,0,2,750,False,False,False,1.0,588.7110298260426;809.4811719181585;,588.7110298260426;809.4811719181585;
True,0.5,0,2,750,False,False,False,1.0,1179.09564254203;1021.363712809665;,441.12680132192503;1338.278378290103;
True,0.5,0,2,750,False,False,False,1.0,619.1160018609663;819.2022934311043;,619.1160018609663;819.2022934311043;
True,0.5,0,2,750,False,False,False,1.0,408.2606763570692;575.9357662405984;,408.2606763570692;552.5400222004404;
True,0.5,0,2,750,False,False,False,1.0,280.312850834467;376.2307350412335;,281.3870230156908;374.90487487898713;
True,0.5,0,2,750,False,False,False,1.0,183.5022685149452;1133.286947204545;,158.35213532992762;237.77803367407373;
True,0.5,0,2,750,False,False,False,1.0,470.4337569636789;458.6655596067816;,109.16509619886017;463.46044196635575;
True,0.5,0,2,750,False,False,False,1.0,267.8092510793035;457.79159884471716;,267.8092510793035;457.79159884471716;
True,0.5,0,2,750,False,False,False,1.0,984.6903771087366;476.9526801198619;,791.3052529502128;346.77884561167065;
True,0.5,0,2,750,False,False,False,1.0,1459.0955166134659;985.5560155791309;,1508.3063715161854;977.8197079226591;
True,0.5,0,2,750,False,False,False,1.0,983.8144229394785;535.7767780288182;,805.4884011129324;400.3560634329032;
True,0.5,0,2,750,False,False,False,1.0,884.9960524147747;218.60263609019984;,809.1020775601609;183.72702223599862;
True,0.5,0,2,750,False,False,False,0.5,1193.5921874652556;,639.520407775877;
True,0.5,0,2,750,False,False,False,1.0,313.7736529529955;637.5021954909265;,248.19588137920803;637.5021954909265;
True,0.5,0,2,750,False,False,False,1.0,888.6500114776113;643.3117715416857;,888.6500114776113;643.3117715416857;
True,0.5,0,2,750,False,False,False,0.5,547.2772790671777;,756.31215952957;
True,0.5,0,2,750,False,False,False,1.0,349.5957030914726;215.9958990074689;,315.64698671356774;154.52961138610553;
True,0.5,0,2,750,False,False,False,0.5,699.2399739816228;,674.7163349219812;
True,0.5,0,2,750,False,False,False,1.0,618.159179492546;1028.8561314082813;,618.159179492546;1028.8561314082813;
True,0.5,0,2,750,False,False,False,1.0,408.2443149258163;203.33910208213086;,408.2443149258163;203.33910208213086;
True,0.5,0,2,750,False,False,False,1.0,1348.8078336689896;160.2950908768251;,1234.645071235725;258.2131556253899;
True,0.5,0,2,750,False,False,False,1.0,569.7980958367154;1042.8903999182896;,741.8105408819523;846.394306532545;
True,0.5,0,2,750,False,False,False,1.0,200.20376460518557;437.7482938449473;,63.68865457816501;485.4787870193624;
True,0.5,0,2,750,False,False,False,1.0,1036.6229216350453;441.9643624919056;,1077.4927409104312;362.69266972962026;
True,0.5,0,2,750,False,False,False,1.0,1219.8524080174334;960.7409769824706;,1219.8524080174334;960.7409769824706;
True,0.5,0,2,750,False,False,False,1.0,424.17362843498614;1096.2369044644056;,424.17362843498614;1096.2369044644056;
True,0.5,0,2,750,False,False,False,1.0,967.5211988102627;277.90218925451825;,984.4598499337475;207.58339375611365;
True,0.5,0,2,750,False,False,False,1.0,330.0837368171601;1112.2907493568548;,292.7041677243098;809.5043042165419;
True,0.5,0,2,750,False,False,False,1.0,325.8540998680394;1141.4654826568049;,325.8540998680394;1029.0252022752043;
True,0.5,0,2,750,False,False,False,1.0,282.37294226644434;384.47146735355295;,230.14008846439194;412.2410115203662;
True,0.5,0,2,750,False,False,False,1.0,711.9387759107592;741.8748138902001;,719.0948717410424;749.5853446692411;
True,0.5,0,2,750,False,False,False,1.0,1131.089209987013;445.3008030684368;,616.8255188512334;801.5130286285388;
True,0.5,0,2,750,False,False,False,1.0,273.08009849895575;968.0500406056096;,273.08009849895575;968.0500406056096;
True,0.5,0,2,750,False,False,False,1.0,612.290418959751;700.9869979222468;,624.6841475785178;679.439635347478;
True,0.5,0,2,750,False,False,False,1.0,199.6312386810391;348.8273408030334;,207.75475877658468;384.27382920824266;
True,0.5,0,2,750,False,False,False,1.0,385.3082922086238;543.3171625494016;,711.9475195311387;543.3171625494016;
True,0.5,0,2,750,False,False,False,1.0,566.3377041724848;557.7635525039423;,566.3377041724848;144.10664389209518;
True,0.5,0,2,750,False,False,False,1.0,780.9518120332692;309.9041852282183;,562.5236595034335;85.91044321071163;
True,0.5,0,2,750,False,False,False,0.5,1416.1476288235456;,517.669704240196;
True,0.5,0,2,750,False,False,False,1.0,1366.1576718718177;500.9071718417401;,1366.1576718718177;504.41600173503105;
True,0.5,0,2,750,False,False,False,1.0,942.3744905448901;979.4678847697769;,989.5577157129208;1076.5263075436549;
True,0.5,0,2,750,False,False,False,1.0,522.508839656536;351.9890464364538;,243.12351961910736;748.0162503198247;
True,0.5,0,2,750,False,False,False,1.0,770.00644752787;226.23584907395679;,770.00644752787;226.23584907395679;
True,0.5,0,2,750,False,False,False,1.0,438.2242364491022;1516.7210069289013;,376.059233532361;988.729932354224;
True,0.5,0,2,750,False,False,False,1.0,618.8859759124922;373.3813616081594;,543.82015307817;336.0221836404065;
True,0.5,0,2,750,False,False,False,1.0,432.9944334387585;1071.965329779342;,432.9944334387585;1071.965329779342;
True,0.5,0,2,750,False,False,False,1.0,603.0994072114165;514.6954990590143;,651.1740591535385;624.7015121551989;
True,0.5,0,2,750,False,False,False,1.0,1089.3259001671956;341.2350609603213;,1089.3259001671956;341.2350609603213;
True,0.5,0,2,750,False,False,False,1.0,1108.1828328883178;852.2558992517002;,944.3299896256411;995.4012366808378;
True,0.5,0,2,750,False,False,False,1.0,80.55567141763119;449.8072546580304;,543.721949731901;497.64608822872236;
True,0.5,0,2,750,False,False,False,1.0,277.93610064871393;940.188794048766;,249.43694738693023;1308.6942074698313;
True,0.5,0,2,750,False,False,False,1.0,256.54759367471587;355.46486870035966;,307.9688833693064;234.0922534684129;
True,0.5,0,2,750,False,False,False,1.0,928.9414955896697;228.18233349766172;,950.5136030098492;401.4577694248648;
True,0.5,0,2,750,False,False,False,1.0,314.430473051726;401.70052840275434;,314.430473051726;401.70052840275434;
True,0.5,0,2,750,False,False,False,1.0,199.7730274506473;404.0703913663161;,268.5379105662079;367.39441208937654;
True,0.5,0,2,750,False,False,False,1.0,838.4685274459815;210.74121555926394;,426.3688527023565;569.0038997719062;
True,0.5,0,2,750,False,False,False,1.0,343.55789219231866;987.7678327104111;,588.6359000777503;560.2920345831628;
True,0.5,0,2,750,False,False,False,1.0,242.5919263707679;222.44394823681884;,213.20097268476633;242.02535509900784;
True,0.5,0,2,750,False,False,False,1.0,421.02967737142757;556.9963092790439;,421.02967737142757;556.9963092790439;
True,0.5,0,2,750,False,False,False,1.0,360.55092518820373;927.35347226841;,360.55092518820373;927.35347226841;
True,0.5,0,2,750,False,False,False,1.0,602.5920885924983;446.4980050692923;,602.5920885924983;446.4980050692923;
True,0.5,0,2,750,False,False,False,1.0,826.4845925472642;444.34253294684163;,826.4845925472642;444.34253294684163;
True,0.5,0,2,750,False,False,False,1.0,589.4370693040275;490.4744808476606;,638.8031818813677;541.9412234465179;
True,0.5,0,2,750,False,False,False,1.0,141.9459689222936;592.4933734334825;,135.3274387749163;388.61179140690996;
True,0.5,0,2,750,False,False,False,1.0,938.9255869254598;905.5373659040463;,1008.4233197961272;949.2368370198915;
True,0.5,0,2,750,False,False,False,1.0,346.6352791581839;527.8184977630302;,340.1527217837763;578.3729073305869;
True,0.5,0,2,750,False,False,False,1.0,552.1130839588596;316.9900034994293;,552.1130839588596;316.9900034994293;
True,0.5,0,2,750,False,False,False,1.0,334.8377454595759;1162.975390976666;,334.8377454595759;1105.3515815423907;
True,0.5,0,2,750,False,False,False,1.0,679.9102509291862;851.4618751442453;,679.9102509291862;851.4618751442453;
True,0.5,0,2,750,False,False,False,0.5,582.0471492857629;,514.5352790402825;
True,0.5,0,2,750,False,False,False,1.0,893.773315449034;442.13314783249564;,741.3482690935335;418.10512052927925;
True,0.5,0,2,750,False,False,False,1.0,203.41185603353193;358.0441895620119;,285.71479370685574;380.72080134805026;
True,0.5,0,2,750,False,False,False,1.0,479.15422441840553;607.8427767038372;,469.31984686300245;410.30295349046327;
True,0.5,0,2,750,False,False,False,1.0,76.67263229435177;376.45909690118117;,76.67263229435177;376.45909690118117;
True,0.5,0,2,750,False,False,False,1.0,141.25490505112285;192.1601665145703;,234.32235034416448;86.80241041828015;
True,0.5,0,2,750,False,False,False,1.0,534.3911887849446;875.771230609753;,320.0922949897143;875.771230609753;
True,0.5,0,2,750,False,False,False,1.0,208.4157513618543;215.64371646285076;,208.99225681827662;217.16533162095118;
True,0.5,0,2,750,False,False,False,1.0,241.92781646690216;650.9139543377865;,356.6705666887317;455.76501501531413;
True,0.5,0,2,750,False,False,False,1.0,147.07592604002784;250.98074207959993;,147.07592604002784;250.98074207959993;
True,0.5,0,2,750,False,False,False,1.0,401.19779849456904;1057.884535385392;,282.0303614053237;707.8422167739056;
True,0.5,0,2,750,False,False,False,1.0,255.82223578570938;558.7524387681921;,223.67417332412433;495.19944801749625;
True,0.5,0,2,750,False,False,False,0.5,593.5568076985683;,172.79970430927912;
True,0.5,0,2,750,False,False,False,1.0,337.99141157330536;346.4433786924231;,337.99141157330536;346.4433786924231;
True,0.5,0,2,750,False,False,False,1.0,888.2139944208493;566.3800168126284;,340.67845669899;641.7692476719111;
True,0.5,0,2,750,False,False,False,0.5,1004.6680273728962;,151.14056801052368;
True,0.5,0,2,750,False,False,False,1.0,433.23084549255907;1038.0795324022938;,245.1213080787631;1048.2933098437559;
True,0.5,0,2,750,False,False,False,0.5,1750.0711477499706;,274.77133114490186;
True,0.5,0,2,750,False,False,False,1.0,627.327799521345;352.77341370229817;,641.4245756659526;343.55053914773566;
True,0.5,0,2,750,False,False,False,1.0,102.66042330278668;706.9374172029735;,89.13404020996032;663.0820127300639;
True,0.5,0,2,750,False,False,False,0.5,740.2870190610844;,174.08287500668607;
True,0.5,0,2,750,False,False,False,1.0,412.9007495214806;570.6021444137555;,526.3668466213562;517.6640736101074;
True,0.5,0,2,750,False,False,False,1.0,733.809052690682;328.0299145419393;,733.809052690682;328.0299145419393;
True,0.5,0,2,750,False,False,False,1.0,759.4174039632629;342.45643416267694;,504.90643223479384;342.45643416267694;
True,0.5,0,2,750,False,False,False,1.0,470.05329193188004;1078.1295864996061;,472.0784239763795;1082.1612772316282;
True,0.5,0,2,750,False,False,False,1.0,721.6779843712943;680.9687455579907;,721.6779843712943;680.9687455579907;
True,0.5,0,2,750,False,False,False,1.0,955.5277552842559;175.3284173837432;,955.5277552842559;175.3284173837432;
True,0.5,0,2,750,False,False,False,1.0,720.7896324744345;831.847787770989;,334.48965160351275;378.2223870841426;
True,0.5,0,2,750,False,False,False,1.0,497.5884343022271;1034.4185533175457;,497.5884343022271;1034.4185533175457;
True,0.5,0,2,750,False,False,False,1.0,194.22146348074227;677.7554764290105;,194.22146348074227;850.9956824098385;
True,0.5,0,2,750,False,False,False,1.0,607.5674353828801;465.75219967250047;,607.5674353828801;465.75219967250047;
True,0.5,0,2,750,False,False,False,1.0,231.19628745306667;142.91452099049826;,891.2731616980694;609.0437327302635;
True,0.5,0,2,750,False,False,False,1.0,198.39450022624388;299.1318249333405;,834.5008168582436;283.44686526715753;
True,0.5,0,2,750,False,False,False,1.0,934.666848153014;389.3018343393838;,925.451752418487;380.0859531356373;
True,0.5,0,2,750,False,False,False,1.0,403.73950196069563;670.486630471105;,403.73950196069563;196.10829408320362;
True,0.5,0,2,750,False,False,False,1.0,580.013092469876;474.16865957815514;,598.0969170119631;476.39236067381523;
True,0.5,0,2,750,False,False,False,1.0,711.9846811215459;362.8424516220294;,674.6593645506329;522.8365677475452;
True,0.5,0,2,750,False,False,False,0.5,808.5746352589987;,204.88076600309608;
True,0.5,0,2,750,False,False,False,1.0,279.78133316671307;605.6314843639785;,279.78133316671307;605.6314843639785;
True,0.5,0,2,750,False,False,False,1.0,376.11164656873916;673.3440352284119;,291.43735567685866;872.3459235641461;
True,0.5,0,2,750,False,False,False,1.0,714.5183159126523;323.56789244767293;,771.4622455191342;433.6162305844447;
True,0.5,0,2,750,False,False,False,1.0,1623.9441422118555;1434.6641363471579;,1469.0891415629435;760.7506779133516;
True,0.5,0,2,750,False,False,False,1.0,1023.9154835526882;609.999633625002;,1020.5600762077088;658.3101261640572;
True,0.5,0,2,750,False,False,False,1.0,1041.8698008689064;129.16029657452432;,918.416455685245;118.18955314188484;
True,0.5,0,2,750,False,False,False,1.0,509.8159905935598;428.4047254733548;,603.0052236462437;330.348556037232;
True,0.5,0,2,750,False,False,False,1.0,342.1535486155413;735.8203555395905;,278.2997979688842;670.0425026154047;
True,0.5,0,2,750,False,False,False,1.0,710.1330416309113;506.0861069807554;,556.2625259374271;472.8130297744584;
True,0.5,0,2,750,False,False,False,0.5,952.3610416587344;,200.34502760764877;
True,0.5,0,2,750,False,False,False,1.0,172.210517787597;754.1043698646938;,330.63087049166;618.0220078240873;
True,0.5,0,2,750,False,False,False,0.5,561.1123675596065;,479.52767626045585;
True,0.5,0,2,750,False,False,False,1.0,616.8649151313145;755.5665549790583;,733.1922093389429;755.5665549790583;
True,0.5,0,2,750,False,False,False,0.5,516.9767136170248;,689.7974952937119;
True,0.5,0,2,750,False,False,False,1.0,697.7518802286659;686.4034760574599;,570.6903668506816;790.4449685118368;
True,0.5,0,2,750,False,False,False,1.0,902.604781529895;625.1078374327217;,902.604781529895;625.1078374327217;
True,0.5,0,2,750,False,False,False,1.0,427.41097188085814;220.02795477166936;,427.41097188085814;220.02795477166936;
True,0.5,0,2,750,False,False,False,1.0,482.55968829605763;788.4934195541952;,482.55968829605763;788.4934195541952;
True,0.5,0,2,750,False,False,False,0.5,844.4440858827217;,215.6484012643729;
True,0.5,0,2,750,False,False,False,1.0,497.49651661024706;1010.7062549589795;,509.843880436295;492.3003621022477;
True,0.5,0,2,750,False,False,False,1.0,563.140608297672;757.505986669028;,563.140608297672;757.505986669028;
True,0.5,0,2,750,False,False,False,1.0,628.945009115418;870.7443910285008;,648.9412020599162;847.8010901235871;
True,0.5,0,2,750,False,False,False,1.0,740.8304028073599;394.30203615357505;,741.0575780879299;393.94985980169815;
True,0.5,0,2,750,False,False,False,1.0,796.0768283059855;262.60876298869744;,607.5861421899847;435.4652621355625;
True,0.5,0,2,750,False,False,False,1.0,395.89258717809963;142.67975856029088;,189.3351454728899;89.80961957089879;
True,0.5,0,2,750,False,False,False,0.5,426.6752650295406;,770.8328632500815;
True,0.5,0,2,750,False,False,False,1.0,459.079445807795;128.71171173192988;,447.6738954215955;91.67018010976707;
True,0.5,0,2,750,False,False,False,0.5,1006.8412219507026;,353.93266792870406;
True,0.5,0,2,750,False,False,False,1.0,587.2919521622808;225.014545127475;,584.3546120036997;262.2088020705481;
True,0.5,0,2,750,False,False,False,1.0,728.324092897417;359.5482502804673;,728.324092897417;359.5482502804673;
True,0.5,0,2,750,False,False,False,1.0,704.0579592978527;358.7440760910613;,552.5452188736775;259.52659510968823;
True,0.5,0,2,750,False,False,False,1.0,877.1934842042024;929.5110175834282;,877.1934842042024;929.5110175834282;
True,0.5,0,2,750,False,False,False,0.5,240.80388885223823;,386.5819622247492;
True,0.5,0,2,750,False,False,False,1.0,1007.9186736195593;319.1187929655977;,1241.2845052791793;333.6243254986923;
True,0.5,0,2,750,False,False,False,1.0,304.8073800787765;403.13566975670045;,304.8073800787765;403.13566975670045;
True,0.5,0,2,750,False,False,False,1.0,414.24737660003467;160.54762655004478;,597.4856955151696;340.1475836122553;
True,0.5,0,2,750,False,False,False,1.0,146.62272242878848;23.01695183942871;,208.22627977083013;38.73826695904689;
True,0.5,0,2,750,False,False,False,1.0,738.0667539701534;788.4675207074639;,685.7562091436135;1004.2462226684214;
True,0.5,0,2,750,False,False,False,1.0,250.51258328742898;52.01192648521467;,250.51258328742898;52.01192648521467;
True,0.5,0,2,750,False,False,False,1.0,306.5730262337605;875.7695850461133;,183.15238212538324;1162.8983851621117;
True,0.5,0,2,750,False,False,False,1.0,1102.1392342789566;1379.2214010735463;,812.2507939367969;262.1495935332107;
True,0.5,0,2,750,False,False,False,1.0,361.0046386105216;244.6061472129206;,361.0046386105216;244.6061472129206;
True,0.5,0,2,750,False,False,False,1.0,568.2160656871516;1145.6529389495588;,376.5068775685839;1066.6145233102425;
True,0.5,0,2,750,False,False,False,0.5,601.0860850902626;,282.40301961672174;
True,0.5,0,2,750,False,False,False,0.5,1452.298889296825;,292.65950138181097;
True,0.5,0,2,750,False,False,False,0.5,1134.435785810862;,572.7112529008967;
True,0.5,0,2,750,False,False,False,1.0,1313.8081805786064;686.1459228334777;,522.0688073183285;361.69323024813724;
True,0.5,0,2,750,False,False,False,0.5,430.71992159344563;,457.49157946103213;
True,0.5,0,2,750,False,False,False,1.0,895.3424083500325;583.4028374880518;,895.3424083500325;583.4028374880518;
True,0.5,0,2,750,False,False,False,1.0,172.60293042899616;1067.8172779945353;,73.01496859264735;1134.8197577125377;
True,0.5,0,2,750,False,False,False,1.0,445.6320222265323;386.15561990867536;,469.5511016256146;321.4726801111921;
True,0.5,0,2,750,False,False,False,1.0,226.4318622755248;709.4392804459682;,263.3946675221977;529.0028918439532;
True,0.5,0,2,750,False,False,False,1.0,234.8104027448144;438.0097609675489;,211.60900637957448;749.581976155193;
True,0.5,0,2,750,False,False,False,1.0,456.11408766404134;1060.2541927323948;,469.4750616875284;925.5435464028635;
True,0.5,0,2,750,False,False,False,1.0,422.91815824678804;1444.9182873732257;,433.01727761544305;1096.0066546116823;
True,0.5,0,2,750,False,False,False,1.0,1338.71739969937;835.8795290341037;,1007.6131585182028;554.288672596227;
True,0.5,0,2,750,False,False,False,1.0,937.4493849615756;383.5481290175696;,935.0276277737423;380.84031311728137;
True,0.5,0,2,750,False,False,False,1.0,1032.1497767197507;370.39689786975777;,1032.1497767197507;370.39689786975777;
True,0.5,0,2,750,False,False,False,1.0,263.46755200483955;464.79311282886414;,537.4029434555956;749.3278928750066;
True,0.5,0,2,750,False,False,False,1.0,410.2652073698832;932.9204499319019;,257.4458073630114;753.6397671422571;
True,0.5,0,2,750,False,False,False,1.0,334.34980363761815;288.1941678297289;,346.1887179934035;290.7437804825918;
True,0.5,0,2,750,False,False,False,1.0,677.7687113321763;144.39852521293778;,703.3713356046138;252.67393634905306;
True,0.5,0,2,750,False,False,False,1.0,514.1210990307793;484.3218887648255;,514.1210990307793;386.2408657662887;
True,0.5,0,2,750,False,False,False,1.0,333.05991597010967;1254.7476163585998;,333.05991597010967;1254.7476163585998;
True,0.5,0,2,750,False,False,False,1.0,1124.950694560811;1248.382252823249;,656.8908350135347;1220.7059941780465;
True,0.5,0,2,750,False,False,False,0.5,306.30165936177383;,281.5160794716538;
True,0.5,0,2,750,False,False,False,1.0,289.2969859870156;937.1763121176567;,289.2969859870156;937.1763121176567;
True,0.5,0,2,750,False,False,False,1.0,163.7566818704688;1151.7607017538662;,214.12970946671007;783.6737266365358;
True,0.5,0,2,750,False,False,False,1.0,1266.102096463939;611.6923964225176;,1266.102096463939;611.6923964225176;
True,0.5,0,2,750,False,False,False,1.0,1379.9227838374838;600.8756472774487;,1019.5886461156842;721.8113792166731;
True,0.5,0,2,750,False,False,False,1.0,477.51564022215393;204.6093443944051;,860.0850178180572;584.7604763334912;
True,0.5,0,2,750,False,False,False,1.0,886.2885511156821;805.608117815301;,657.0849866580667;587.1988024847184;
True,0.5,0,2,750,False,False,False,1.0,152.8939324804067;787.9488472720776;,86.69325399679498;839.6436243240184;
True,0.5,0,2,750,False,False,False,1.0,235.8989245948251;924.3538107350524;,235.8989245948251;1268.4799427180635;
True,0.5,0,2,750,False,False,False,0.5,1784.1486594327625;,1067.0570388152535;
True,0.5,0,2,750,False,False,False,1.0,796.7523481002813;166.741741950126;,796.7523481002813;166.741741950126;
True,0.5,0,2,750,False,False,False,1.0,318.38004336919613;506.36863561001144;,280.3350959232433;434.2906902022515;
True,0.5,0,2,750,False,False,False,1.0,651.6696031059707;857.4852742898428;,810.467465634114;505.1782673579333;
True,0.5,0,2,750,False,False,False,1.0,1115.909015254586;368.29244391703264;,1347.4939417983655;582.7735231076505;
True,0.5,0,2,750,False,False,False,1.0,629.0968064787986;694.8040196872352;,211.00193205875695;256.19569988235827;
True,0.5,0,2,750,False,False,False,1.0,490.10072347236803;800.2455097424776;,432.83092896541893;899.7320055674271;
True,0.5,0,2,750,False,False,False,1.0,224.98625630025109;1015.7741463163801;,840.1855976971929;653.6280977258253;
True,0.5,0,2,750,False,False,False,1.0,269.85579163065796;632.9598936821163;,269.85579163065796;632.9598936821163;
True,0.5,0,2,750,False,False,False,1.0,1256.8670893051953;1330.5223669038667;,1249.7663976051747;219.24301377730893;
True,0.5,0,2,750,False,False,False,1.0,708.5130775889821;798.3890408522847;,750.77589512101;673.302491231688;
True,0.5,0,2,750,False,False,False,1.0,153.85729373713463;330.2985154643904;,366.15465493967054;361.9260820822275;
True,0.5,0,2,750,False,False,False,1.0,238.02378094149825;113.16878597985973;,249.15129771564057;106.93748554935051;
True,0.5,0,2,750,False,False,False,0.5,1315.656817008804;,383.2912107265319;
True,0.5,0,2,750,False,False,False,1.0,648.5505334257241;311.7004599129875;,651.7256479431925;343.117297205762;
True,0.5,0,2,750,False,False,False,0.5,1072.8937125397322;,451.5870393377455;
True,0.5,0,2,750,False,False,False,1.0,41.41612406083735;21.3784900919045;,276.16352649482377;364.50154859582716;
True,0.5,0,2,750,False,False,False,1.0,713.1202758581727;386.94242845280337;,734.0748398628348;348.9036070327719;
True,0.5,0,2,750,False,False,False,1.0,961.9144060807603;840.0497643504509;,546.868122536915;963.9736203643838;
True,0.5,0,2,750,False,False,False,1.0,371.3341761084374;485.1030017773045;,476.97780255828906;551.9366199013308;
True,0.5,0,2,750,False,False,False,0.5,162.4589439716631;,700.816398016767;
True,0.5,0,2,750,False,False,False,1.0,581.6553792852192;922.0811226694467;,581.6553792852192;922.0811226694467;
True,0.5,0,2,750,False,False,False,0.5,357.0475520592105;,1593.2800507848133;
True,0.5,0,2,750,False,False,False,1.0,530.0066278723799;445.14349843966005;,523.3079569890554;457.2688948016594;
True,0.5,0,2,750,False,False,False,1.0,105.6127938176316;849.0059996808857;,105.6127938176316;849.0059996808857;
True,0.5,0,2,750,False,False,False,1.0,347.5602058128511;109.80287699364155;,347.5602058128511;109.80287699364155;
True,0.5,0,2,750,False,False,False,1.0,406.788320788801;735.3705158576299;,406.788320788801;735.3705158576299;
True,0.5,0,2,750,False,False,False,1.0,619.5300059906232;268.415162026811;,619.5300059906232;268.415162026811;
True,0.5,0,2,750,False,False,False,1.0,292.78698896886374;568.8443183791117;,475.37510465852915;569.0110040394133;
True,0.5,0,2,750,False,False,False,1.0,983.928380393999;764.0805705121356;,983.928380393999;764.0805705121356;
True,0.5,0,2,750,False,False,False,1.0,806.94998958279;483.91804909001684;,559.1507026644144;295.38551614360955;
True,0.5,0,2,750,False,False,False,1.0,498.35055021324786;466.8464344846181;,498.35055021324786;466.8464344846181;
True,0.5,0,2,750,False,False,False,1.0,359.29197809923886;594.7187563315807;,373.84376777171946;594.7187563315807;
True,0.5,0,2,750,False,False,False,1.0,477.3376341166096;423.5411158997144;,630.3126669724168;230.35319839952115;
True,0.5,0,2,750,False,False,False,1.0,657.615011229991;619.8752572202052;,604.4745734362283;831.5678156948671;
True,0.5,0,2,750,False,False,False,1.0,378.3040384788133;560.4318165813247;,378.3040384788133;560.4318165813247;
True,0.5,0,2,750,False,False,False,1.0,777.4997643230141;586.4522075282802;,615.376181023216;456.61584434842933;
True,0.5,0,2,750,False,False,False,1.0,1052.9555024888596;372.3125836673209;,927.2627345262712;341.9090466495931;
True,0.5,0,2,750,False,False,False,1.0,69.78277727640827;565.2432946504579;,69.78277727640827;565.2432946504579;
True,0.5,0,2,750,False,False,False,1.0,383.431229814889;385.9396637600598;,210.81655836675668;110.64221758391038;
True,0.5,0,2,750,False,False,False,1.0,755.4272137100654;332.2016987796606;,745.3465098054739;336.794456499854;
True,0.5,0,2,750,False,False,False,1.0,920.194872205651;1018.0482757900561;,261.65543388831946;651.7702829091872;
True,0.5,0,2,750,False,False,False,1.0,704.0155757030018;444.0722177394096;,483.382842426094;728.0257760079347;
True,0.5,0,2,750,False,False,False,1.0,1016.0095453793151;473.1668634504998;,843.3822130757105;381.57619117629014;
True,0.5,0,2,750,False,False,False,1.0,371.721508793667;536.5495505762667;,371.721508793667;536.5495505762667;
True,0.5,0,2,750,False,False,False,1.0,387.4092818160578;523.5020673884685;,334.82135003532176;705.8828814760138;
True,0.5,0,2,750,False,False,False,1.0,365.72549360411983;422.9342482938816;,212.14018122382075;303.5040501997943;
True,0.5,0,2,750,False,False,False,1.0,1249.085382615889;924.1407490898985;,425.5653033284578;593.3297456491031;
True,0.5,0,2,750,False,False,False,1.0,677.0965563944845;680.8207772118759;,475.180107735341;846.7006045002504;
True,0.5,0,2,750,False,False,False,1.0,404.7027877721495;264.74380403681755;,450.3648900445441;264.74380403681755;
True,0.5,0,2,750,False,False,False,1.0,177.22748656068632;1011.3587172834217;,156.59781046576052;871.3430854014084;
True,0.5,0,2,750,False,False,False,1.0,286.97186241922884;889.9886136418978;,286.97186241922884;759.2368925291076;
True,0.5,0,2,750,False,False,False,1.0,688.6604989399065;908.9749335196378;,935.1103007777748;479.54149422212924;
True,0.5,0,2,750,False,False,False,1.0,1142.6246032849492;1130.5031454538723;,1142.6246032849492;1130.5031454538723;
True,0.5,0,2,750,False,False,False,1.0,88.12774642056286;249.71440181441974;,150.3710757473378;271.18981371521204;
True,0.5,0,2,750,False,False,False,1.0,627.3553994358847;1368.7015603496998;,627.3553994358847;1061.0110720940363;
True,0.5,0,2,750,False,False,False,1.0,58.555416758665864;1293.0210911737565;,58.555416758665864;1049.4098155257404;
True,0.5,0,2,750,False,False,False,1.0,193.7982802732993;565.4498852280178;,193.7982802732993;565.4498852280178;
True,0.5,0,2,750,False,False,False,1.0,636.3360996705037;321.411287574358;,636.3360996705037;395.07487653181306;
True,0.5,0,2,750,False,False,False,1.0,142.60404087905485;640.3940457527483;,209.50870806189977;632.1939994232196;
True,0.5,0,2,750,False,False,False,1.0,578.7663683678126;613.6185335786213;,578.7663683678126;613.6185335786213;
True,0.5,0,2,750,False,False,False,1.0,424.3445667024922;284.19033635473727;,367.60751185542273;332.38327352152294;
True,0.5,0,2,750,False,False,False,1.0,333.9378206558018;155.167376637373;,126.67885969843213;140.87488974872863;
True,0.5,0,2,750,False,False,False,1.0,1297.8243962094034;347.5968279791842;,1372.6365004579761;418.31055913965025;
True,0.5,0,2,750,False,False,False,1.0,248.22764939901322;714.6759291365926;,248.22764939901322;714.6759291365926;
True,0.5,0,2,750,False,False,False,1.0,1094.254119329243;462.23326275185013;,1094.254119329243;462.23326275185013;
True,0.5,0,2,750,False,False,False,1.0,593.2372888161761;186.4805156436905;,847.7580921059351;186.4805156436905;
True,0.5,0,2,750,False,False,False,1.0,155.68392382335975;249.67121353915238;,170.8469107305926;220.0390353103665;
True,0.5,0,3,750,False,False,False,1.0,1013.9887430400508;761.0375284173326;247.9009237401037;,1108.4862573539065;701.830170515184;384.8994511006221;
True,0.5,0,3,750,False,False,False,0.6666666666666666,1179.7070474948148;598.8286217897108;,684.566686251958;509.6739767472333;
True,0.5,0,3,750,False,False,False,0.6666666666666666,985.8381928371618;651.8375420869814;,1107.0473898670411;188.73668800116255;
True,0.5,0,3,750,False,False,False,1.0,638.7289394792101;595.0151790148128;242.74730457209841;,638.7289394792188;595.0151790148155;242.74730457210381;
True,0.5,0,3,750,False,False,False,1.0,364.6508009739761;300.0147271900757;399.12280417896915;,51.790326093390114;464.5564504696498;267.9399692674781;
True,0.5,0,3,750,False,False,False,0.6666666666666666,554.4215343823079;562.0677570701649;,684.9002121232036;485.4298321878488;
True,0.5,0,3,750,False,False,False,0.6666666666666666,234.68584239530927;493.64999157609753;,490.17599622261963;395.3919673040272;
True,0.5,0,3,750,False,False,False,0.6666666666666666,488.4217388390448;898.3397577221673;,535.7658896718796;1003.000413952464;
True,0.5,0,3,750,False,False,False,0.6666666666666666,328.2656178743831;196.22836423991285;,586.5944019029729;219.9199391594657;
True,0.5,0,3,750,False,False,False,1.0,363.95828401762407;772.993497259861;537.2876668486952;,687.7739535718677;764.3931437879469;299.14279558359925;
True,0.5,0,3,750,False,False,False,1.0,338.6787159535185;271.5895903455961;589.8068094891477;,74.9236452432357;563.3564711990413;471.1921335758721;
True,0.5,0,3,750,False,False,False,0.6666666666666666,844.2697313241554;581.1113619122685;,618.2325653928584;581.1113619122697;
True,0.5,0,3,750,False,False,False,1.0,838.249437364584;425.4524828379712;1604.3642873996305;,740.6206297489748;280.18318445587755;920.3947656794595;
True,0.5,0,3,750,False,False,False,1.0,253.90518847892403;629.3896547728125;720.7142793987966;,246.88513967540356;731.8706673776308;765.6559122394699;
True,0.5,0,3,750,False,False,False,1.0,368.6115439406042;237.80265691766434;633.6829653244494;,351.2904927851486;148.92865044116678;432.0456083797332;
True,0.5,0,3,750,False,False,False,1.0,402.6931624967037;461.0635268833526;255.79769182406395;,471.25376723447727;415.36934912630426;154.62975388163485;
True,0.5,0,3,750,False,False,False,1.0,813.8006547656462;845.1621887881229;512.5095388023387;,621.1886567416145;820.2090878727785;362.2873441348878;
True,0.5,0,3,750,False,False,False,1.0,104.20248749366279;1208.620840667824;527.3277951683602;,231.9287506308153;74.06421224404578;540.2604711692053;
True,0.5,0,3,750,False,False,False,0.6666666666666666,425.1925009877853;1078.5652405057565;,520.3071691008681;1009.4240594379486;
True,0.5,0,3,750,False,False,False,0.6666666666666666,357.1074665557682;1186.6319517570748;,359.5122927920461;723.742722747136;
True,0.5,0,3,750,False,False,False,1.0,727.2438064547547;206.89428017624965;743.6335007468093;,685.6991354254931;41.443390544604476;616.6668704261452;
True,0.5,0,3,750,False,False,False,1.0,1202.1654289512487;1525.5968705224348;613.088932683684;,169.57610902602406;679.8168863875761;382.7950059107216;
True,0.5,0,3,750,False,False,False,1.0,515.436786031498;1055.2414151255737;768.0406312670766;,128.48032439945766;796.9260937012806;855.0792626049421;
True,0.5,0,3,750,False,False,False,1.0,1710.9438461651944;543.6162750127156;214.17299958535466;,1628.0335822983836;443.49267361486807;108.06128487039531;
True,0.5,0,3,750,False,False,False,0.6666666666666666,726.2735459699796;703.107494222319;,806.1742491293863;195.7931727497897;
True,0.5,0,3,750,False,False,False,1.0,675.1119757615804;1346.055736783325;541.658617014975;,482.275215290965;596.1394952825674;602.7169704368214;
True,0.5,0,3,750,False,False,False,1.0,435.34542278865314;378.69557168714397;954.7125849543735;,407.7250358098299;656.4979820521891;954.7125849543711;
True,0.5,0,3,750,False,False,False,1.0,775.2143576625932;1167.3457452307855;1161.020143518082;,752.216305127791;955.7179176858314;1184.4677963654024;
True,0.5,0,3,750,False,False,False,1.0,668.3131303298778;522.0397425144592;801.3286795819909;,668.3131303298853;733.4976806743891;801.3286795820036;
True,0.5,0,3,750,False,False,False,1.0,1159.1113606990484;581.1939846397865;707.5919157593961;,1156.011713743667;623.0342995392017;707.5919157593997;
True,0.5,0,3,750,False,False,False,1.0,225.98372394918613;306.43382792596776;344.3643869490004;,851.3356777703885;391.24970857452223;344.36438694898936;
True,0.5,0,3,750,False,False,False,1.0,378.0811306539436;939.5987147447418;768.1574896736853;,526.973954441677;533.7921105397237;1421.366419452717;
True,0.5,0,3,750,False,False,False,1.0,349.8552010454547;269.79956457778485;899.1310347552932;,354.77337065366015;405.2234105515819;774.1527830861997;
True,0.5,0,3,750,False,False,False,1.0,541.8892715619762;632.5932291494057;358.44590531130837;,613.7993024892511;733.8948646935718;496.67580672135506;
True,0.5,0,3,750,False,False,False,0.6666666666666666,1154.2358826296709;250.2938501261237;,1138.3181883032455;248.5270889663798;
True,0.5,0,3,750,False,False,False,0.6666666666666666,476.95916929784175;1432.0145271083268;,103.13882946030141;576.4468368065819;
True,0.5,0,3,750,False,False,False,0.6666666666666666,943.9476301517499;375.9960389222658;,424.67925855183125;375.9960389222691;
True,0.5,0,3,750,False,False,False,0.6666666666666666,543.0516313368454;422.13230533393545;,796.1153770173329;367.1624783100037;
True,0.5,0,3,750,False,False,False,1.0,392.276471363744;848.411170759994;1152.5631783787203;,401.0964618973876;384.6253632233994;1152.5631783787114;
True,0.5,0,3,750,False,False,False,1.0,149.7259009486309;802.7435078260348;664.5049009439321;,820.269525039749;847.4382857344376;664.5049009439253;
True,0.5,0,3,750,False,False,False,1.0,590.0935598219704;371.7852761077357;654.3219309777859;,997.8400755978439;371.7852761077515;714.9709179064441;
True,0.5,0,3,750,False,False,False,0.6666666666666666,784.8013678348777;558.1403030097582;,146.80696429766098;449.22286556351526;
True,0.5,0,3,750,False,False,False,1.0,318.92426887855225;599.6357285392183;751.9863801075812;,277.6889251000925;622.1429792524724;751.9863801075868;
True,0.5,0,3,750,False,False,False,1.0,295.8911008074399;803.7377270033476;427.089978109707;,278.4505363961041;1153.506773201097;338.41711554923586;
True,0.5,0,3,750,False,False,False,1.0,200.77628069811846;616.0093128445725;472.32650246846293;,411.354670910803;591.3076415984658;540.3058776355628;
True,0.5,0,3,750,False,False,False,1.0,774.938513827451;229.04619045125446;1362.776197047646;,617.3278822385761;229.04619045124505;659.347775723296;
True,0.5,0,3,750,False,False,False,1.0,734.8009292453459;400.126054182411;226.56487782521322;,460.1466540890373;371.2406305732545;236.16433950565477;
True,0.5,0,3,750,False,False,False,1.0,413.7826189043153;233.9310329699205;288.86680940300107;,662.7797542222121;233.93103296991234;710.3641401910078;
True,0.5,0,3,750,False,False,False,1.0,674.7279569002851;125.05475317458433;618.1711878112341;,539.2901690881389;502.6302878304849;647.5209812569407;
True,0.5,0,3,750,False,False,False,1.0,1215.7498011607327;298.28077387294525;447.4067230587518;,1141.564818075938;98.82316023798688;36.442730791342065;
True,0.5,0,3,750,False,False,False,0.6666666666666666,949.1093555629957;1667.0786364348537;,491.61539096631157;1269.8795879906731;
True,0.5,0,3,750,False,False,False,0.6666666666666666,1233.0796898865992;546.5914513332614;,318.72839460548346;732.9847353301788;
True,0.5,0,3,750,False,False,False,0.6666666666666666,2037.8616709446333;614.9768407575095;,698.0804772154581;654.2867734378857;
True,0.5,0,3,750,False,False,False,1.0,580.4269791811921;943.8466471446658;700.5381711578209;,171.77746338902108;1034.0672155383631;289.8855549830728;
True,0.5,0,3,750,False,False,False,0.6666666666666666,252.33877127347446;300.7578121474019;,75.93411017487979;487.0911347727586;
True,0.5,0,3,750,False,False,False,1.0,141.41395471316366;384.71586506732876;280.8658824230713;,460.3020983398777;509.78561557801413;611.3941774812506;
True,0.5,0,3,750,False,False,False,0.6666666666666666,309.8738510626329;350.07033335040325;,756.0798494611798;376.1607853319292;
True,0.5,0,3,750,False,False,False,1.0,567.1083789040985;546.5032921176448;289.452388148454;,316.0653684215096;558.1835216491081;767.9974694465942;
True,0.5,0,3,750,False,False,False,1.0,702.3912172299156;954.4600958198811;572.2039249503185;,725.9077652721684;940.0649969024071;704.6977874137165;
True,0.5,0,3,750,False,False,False,1.0,394.6925695526576;546.4916006764003;376.7981066547394;,530.5054043970114;331.1002242181495;695.5000310436717;
True,0.5,0,3,750,False,False,False,1.0,820.4325987233178;1894.8595207532144;860.1924873837651;,821.0436638961063;1016.2216449859709;860.1924873837754;
True,0.5,0,3,750,False,False,False,1.0,789.4397274367976;644.4834526207484;1058.1814938949024;,347.57258683645193;610.6653368947606;685.8694560193381;
True,0.5,0,3,750,False,False,False,0.6666666666666666,338.09452744597655;641.2469318622274;,280.50765800563545;194.55342828457373;
True,0.5,0,3,750,False,False,False,0.6666666666666666,795.6103546429315;932.9921817366253;,433.62677742649146;1039.4655065566963;
True,0.5,0,3,750,False,False,False,0.6666666666666666,1736.9311748624748;362.5176986588152;,599.6850583433052;430.50674613191444;
True,0.5,0,3,750,False,False,False,0.6666666666666666,300.8698370661571;741.8709328323437;,342.25235645977676;675.8524614629652;
True,0.5,0,3,750,False,False,False,1.0,665.0873745364315;875.9000508056434;491.13568221533495;,579.5579477954216;982.4678490278388;899.960509933782;
True,0.5,0,3,750,False,False,False,0.6666666666666666,148.2782796359789;899.14430303157;,302.52417092130014;813.1722690476953;
True,0.5,0,3,750,False,False,False,1.0,185.5862344923798;411.00277202288606;393.237764693586;,268.86166473647364;678.392545964726;528.6662285707021;
True,0.5,0,3,750,False,False,False,1.0,772.1592879746156;577.418010280073;454.74260052784325;,632.7966405415266;202.7978792409952;463.15471120912565;
True,0.5,0,3,750,False,False,False,0.6666666666666666,635.969656339473;574.9538929061141;,504.2737621913792;574.9538929061074;
True,0.5,0,3,750,False,False,False,1.0,283.13054344114846;211.92741141881157;639.3419824028389;,286.1309637804005;211.92741141880344;636.071024454994;
True,0.5,0,3,750,False,False,False,0.6666666666666666,519.9074785326897;1264.4425521467845;,449.7285201706026;695.1895919860995;
True,0.5,0,3,750,False,False,False,0.6666666666666666,546.434077690821;821.868215849473;,627.300574122825;719.7760685662968;
True,0.5,0,3,750,False,False,False,1.0,480.3870405260637;452.1251894086736;826.2751558273823;,480.3870405260618;452.12518940867767;826.2751558273765;
True,0.5,0,3,750,False,False,False,0.6666666666666666,1108.4253552906762;1030.7747346636238;,1092.7954157490697;595.390870226949;
True,0.5,0,3,750,False,False,False,0.6666666666666666,929.3365254418816;602.1038047123114;,929.3365254418738;510.6456975392994;
True,0.5,0,3,750,False,False,False,1.0,501.0907731545867;903.432352492727;1439.644001704646;,501.09077315459393;497.8196861792643;664.0988410473323;
True,0.5,0,3,750,False,False,False,0.6666666666666666,1089.5643241989737;554.0644358859265;,342.3064154408332;543.7405099417282;
True,0.5,0,3,750,False,False,False,1.0,484.4068198624023;108.86227838720636;1335.4713771033598;,723.1959330873866;625.9044483838123;1328.2615076364377;
True,0.5,0,3,750,False,False,False,0.3333333333333333,1279.3523225794656;,766.035987567066;
True,0.5,0,3,750,False,False,False,0.6666666666666666,901.0525221533441;362.3503713436048;,117.63001262355006;629.0942055694915;
True,0.5,0,3,750,False,False,False,1.0,703.5619418644433;282.9090041643005;384.41441262889674;,703.5619418644523;78.19845166872075;270.8450268469467;
True,0.5,0,3,750,False,False,False,1.0,887.488088339693;715.2876365204062;391.3197922777397;,918.0368497847735;495.81058839093185;399.13331469938544;
True,0.5,0,3,750,False,False,False,0.6666666666666666,497.5561963300444;1013.7715619976888;,259.740735836198;699.3335087001601;
True,0.5,0,3,750,False,False,False,1.0,176.42593505744625;936.040614851384;1495.4742159017353;,767.8029009702734;290.6182449282287;1011.4104723541057;
True,0.5,0,3,750,False,False,False,0.6666666666666666,134.80725422254295;1379.0670697050198;,220.7113188523924;1245.0352927708807;
True,0.5,0,3,750,False,False,False,1.0,429.4863791726914;826.4819895658061;477.59612062080924;,153.81376724349892;706.320435058302;473.14395106515053;
True,0.5,0,3,750,False,False,False,1.0,342.74484482191093;111.93647565772658;906.6334604886963;,342.74484482191525;111.93647565773425;690.6750079978813;
True,0.5,0,3,750,False,False,False,0.6666666666666666,196.88075882654798;358.8307097357347;,303.32936721622696;429.1539251646565;
True,0.5,0,3,750,False,False,False,0.6666666666666666,1228.9192200085195;922.9177373759655;,1230.3806064903797;528.5313023732145;
True,0.5,0,3,750,False,False,False,1.0,555.753336745279;795.9957409955509;268.29602076498946;,277.5074779205813;594.122410537045;268.2960207649758;
True,0.5,0,3,750,False,False,False,0.6666666666666666,360.7092596532172;707.2710157667193;,313.5878816492726;381.47038975863984;
True,0.5,0,3,750,False,False,False,0.6666666666666666,1353.4995212996764;578.3413462000492;,313.3171348323723;432.82519766509773;
True,0.5,0,3,750,False,False,False,1.0,962.5929565858776;1071.6898402451206;355.9723671733631;,948.8386008106247;1105.3978726921428;355.69224499098186;
True,0.5,0,3,750,False,False,False,1.0,310.1366821383111;336.23235320426147;1006.4206162265774;,502.9715827960303;454.8352604838237;167.51855504859265;
True,0.5,0,3,750,False,False,False,0.6666666666666666,1048.1623157283354;337.88346439753906;,914.180396878992;90.86140375946043;
True,0.5,0,3,750,False,False,False,0.6666666666666666,139.9100985314698;186.2692023357063;,494.2709267484723;485.6968205330726;
True,0.5,0,3,750,False,False,False,0.6666666666666666,262.6462221068995;725.4322081776628;,249.06350332219895;55.36775567917911;
True,0.5,0,3,750,False,False,False,1.0,540.2634276129216;590.8870565148512;428.2506816917802;,593.0663313590935;513.263420962557;337.0570313798681;
True,0.5,0,3,750,False,False,False,0.6666666666666666,583.3740327953344;341.76927165686874;,642.0472422855886;451.3499390320753;
True,0.5,0,3,750,False,False,False,1.0,523.6588420426208;1138.623190626146;328.08809467659296;,242.04494314693662;1027.4072150349093;487.29381519828166;
True,0.5,0,3,750,False,False,False,1.0,556.4876407513844;734.8797592082402;767.4710574496489;,535.1641058071067;734.8797592082411;767.471057449663;
True,0.5,0,3,750,False,False,False,1.0,766.7312938906368;928.3125433950486;1477.100665100714;,607.6688002843633;502.90355124226596;1477.1006651007015;
True,0.5,0,3,750,False,False,False,1.0,865.3581303930488;1129.050598292269;294.08993767991933;,431.5485537788933;807.0818009970432;533.3019103364381;
True,0.5,0,3,750,False,False,False,0.6666666666666666,768.5287513436336;734.9896834971424;,637.4409563586515;577.6425438844881;
True,0.5,0,3,750,False,False,False,1.0,1425.3547389296648;697.849546304085;261.63599051542064;,1144.9899435301204;716.2626585960713;542.3981895318649;
True,0.5,0,3,750,False,False,False,1.0,1456.53850599078;957.7693829805945;1155.6278749307457;,677.6922298097219;1694.2186461646934;746.0135460069001;
True,0.5,0,3,750,False,False,False,0.6666666666666666,1322.9913565746263;1078.6740961061298;,1329.6167354986874;181.51979866199625;
True,0.5,0,3,750,False,False,False,1.0,439.2731197404368;143.66636695207694;722.1386091486121;,423.1384408103969;79.81023309047808;655.2205944936662;
True,0.5,0,3,750,False,False,False,1.0,122.22871580246277;514.2124047627149;838.01429892492;,287.1876540088118;627.6658946405329;1034.8380242644448;
True,0.5,0,3,750,False,False,False,0.6666666666666666,629.6821853366547;406.7868293335827;,437.2621755407007;509.42715557539367;
True,0.5,0,3,750,False,False,False,0.6666666666666666,1145.2435437561257;639.198447631389;,208.6569233244333;817.5173953408238;
True,0.5,0,3,750,False,False,False,0.6666666666666666,693.1838574798038;526.8359317788584;,602.0184668594379;591.0683369866615;
True,0.5,0,3,750,False,False,False,0.6666666666666666,363.2802719013418;409.90079559933014;,363.2802719013475;540.322371314784;
True,0.5,0,3,750,False,False,False,1.0,691.7527524457628;724.9717103487696;353.60258600903603;,560.6283650583598;133.9621360742245;201.05946161347566;
True,0.5,0,3,750,False,False,False,0.6666666666666666,533.954687423028;642.0116265018261;,270.60391877839993;565.8740082491977;
True,0.5,0,3,750,False,False,False,1.0,936.6528587966144;1445.5046115280238;220.1641412979943;,755.9591761557501;1168.2561263645193;254.36895152971863;
True,0.5,0,3,750,False,False,False,1.0,518.9072087703264;50.26406453121562;768.9591775274289;,527.1950416860624;263.26043577109175;447.15967757388165;
True,0.5,0,3,750,False,False,False,0.6666666666666666,590.4966388640582;872.3556635884948;,284.72914270705195;872.3556635884969;
True,0.5,0,3,750,False,False,False,1.0,528.1896379744564;381.43752926625405;282.71375256915934;,460.6688098667977;381.4375292662611;590.0664117570554;
True,0.5,0,3,750,False,False,False,1.0,491.98325299269914;689.5923400503071;754.6131416865213;,491.3390666012262;239.73923537298964;457.84095390447465;
True,0.5,0,3,750,False,False,False,1.0,317.4113008513567;545.0769874067626;817.5094037711211;,531.9951046389284;624.3522095627894;504.15848726125296;
True,0.5,0,3,750,False,False,False,1.0,591.3595963744918;685.9307072397235;628.6025284605894;,612.8718287128039;522.2809593707133;616.2877670464518;
True,0.5,0,3,750,False,False,False,1.0,192.16497301284113;742.9673764643516;271.3662608794446;,157.3466013983736;944.0343734762056;192.03424181837568;
True,0.5,0,3,750,False,False,False,0.6666666666666666,1163.5549978767922;342.8370977341553;,705.8294156836326;406.3057942565695;
True,0.5,0,3,750,False,False,False,1.0,170.30146552049925;522.6662513648089;441.7580107937961;,200.19124390314374;472.84181788210117;302.037104174376;
True,0.5,0,3,750,False,False,False,0.6666666666666666,1216.3323644259444;177.56201314808447;,409.00729360285123;677.6436719726523;
True,0.5,0,3,750,False,False,False,1.0,259.7367720768304;264.7822270149582;417.28961974510526;,246.85604619615364;264.78222701495014;417.2896197451168;
True,0.5,0,3,750,False,False,False,1.0,1429.197186291741;613.2323722982405;442.38994800128387;,594.1881560323511;601.1416077314803;1297.3049267533709;
True,0.5,0,3,750,False,False,False,0.6666666666666666,100.77942857858362;206.74822913984076;,758.6849389164274;243.77924786554738;
True,0.5,0,3,750,False,False,False,0.3333333333333333,471.78082266737107;,258.5190520715088;
True,0.5,0,3,750,False,False,False,1.0,646.3694568807964;1062.6513505638625;472.55532089202114;,698.9906352900325;1329.3958870712984;484.32316273544126;
True,0.5,0,3,750,False,False,False,0.6666666666666666,917.7289436983598;819.7419288955704;,737.8510169312873;788.994825475573;
True,0.5,0,3,750,False,False,False,1.0,306.17230204036116;344.19223017408046;393.72275470833114;,427.8666584503026;161.15118886508708;367.5838891445;
True,0.5,0,3,750,False,False,False,1.0,452.2119831671061;1104.5618275639372;600.7618081023841;,470.31159482756243;849.6436797191566;600.761808102397;
True,0.5,0,3,750,False,False,False,0.6666666666666666,413.5583332422444;751.2198072932;,436.1979999301087;577.155348843197;
True,0.5,0,3,750,False,False,False,1.0,593.277868496177;537.1789639030042;327.31021578864176;,759.0127904721597;164.192353463611;341.0639896660235;
True,0.5,0,3,750,False,False,False,1.0,482.91436900634284;2028.160709230599;459.7880246975067;,469.46852165745986;1670.9277919018657;518.1884129571102;
True,0.5,0,3,750,False,False,False,0.6666666666666666,916.0780306063555;579.1535376780554;,254.73274614853483;510.3292292483463;
True,0.5,0,3,750,False,False,False,1.0,508.9292163298088;521.4374216647606;743.2029378956618;,532.7138758860344;521.4374216647672;738.6574102601354;
True,0.5,0,3,750,False,False,False,0.6666666666666666,1198.0266449110873;153.95389481186146;,286.83795891364707;45.59567182808518;
True,0.5,0,3,750,False,False,False,1.0,870.2332055713018;1162.6820687566762;545.0503722085593;,591.2796750460111;798.8474128161457;727.4139934541005;
True,0.5,0,3,750,False,False,False,0.6666666666666666,334.59837416997306;369.98808717990215;,542.7412400351906;207.34158024193962;
True,0.5,0,3,750,False,False,False,1.0,355.2552348070131;563.6034982520766;555.4334450040884;,194.69421374090797;180.9996924400993;481.7178922349937;
True,0.5,0,3,750,False,False,False,1.0,420.750059169594;1138.0158247413578;887.8959672618407;,461.7807369553328;900.8231815723977;887.8959672618226;
True,0.5,0,3,750,False,False,False,1.0,419.3095357631406;195.45741448115007;300.63332704662565;,387.31578772640995;195.4574144811552;291.74079379609617;
True,0.5,0,3,750,False,False,False,0.6666666666666666,1668.7992201775028;383.7466104346756;,778.2131950134137;436.1344780019478;
True,0.5,0,3,750,False,False,False,1.0,594.7514866498067;1250.1046151181388;467.96729863167945;,364.91593962552014;971.3996261294075;248.31813272208612;
True,0.5,0,3,750,False,False,False,0.6666666666666666,96.90264785598903;428.69659581000553;,96.90264785598892;434.0015846229916;
True,0.5,0,3,750,False,False,False,1.0,153.7151763660004;272.01301936493564;396.9740896564597;,251.319487662636;267.12954866904334;195.1715038671797;
True,0.5,0,3,750,False,False,False,1.0,665.7867987743687;927.2743532573903;2439.5998224506197;,575.3226480318475;748.8392320479418;583.259077971813;
True,0.5,0,3,750,False,False,False,0.6666666666666666,987.629503368751;852.7857344223725;,608.6545452491562;237.08078708031343;
True,0.5,0,3,750,False,False,False,1.0,763.7242822817167;117.85838453705762;240.4782629726413;,723.313181055749;114.01942646196139;165.54922647637878;
True,0.5,0,3,750,False,False,False,1.0,138.14692800903504;476.2076172419634;531.0065212168133;,226.14305895396566;78.89557185588846;400.96584449082906;
True,0.5,0,3,750,False,False,False,0.6666666666666666,927.8382570193825;1104.6861737763304;,547.5829189287768;942.6102395817692;
True,0.5,0,3,750,False,False,False,0.6666666666666666,1079.5773859571739;578.3723146434027;,925.8764077718806;656.3430945605874;
True,0.5,0,3,750,False,False,False,1.0,321.1831725212124;995.5101835604837;1176.1425325114712;,92.91329544693984;1320.4470527088918;704.586527623633;
True,0.5,0,3,750,False,False,False,1.0,1062.2065511451726;802.3260522957713;350.9718827404758;,908.2920106629883;1044.984340635671;314.1008834162352;
True,0.5,0,3,750,False,False,False,1.0,352.31364450065377;432.89938682666366;19.35717136816466;,117.90700315180086;505.0700706818972;19.357171368163666;
True,0.5,0,3,750,False,False,False,0.6666666666666666,1157.7800672692638;1294.2039361643403;,570.4080994141701;60.93420663238712;
True,0.5,0,3,750,False,False,False,0.6666666666666666,1003.2838166545682;583.1709485505675;,885.3550576971868;877.5523436269406;
True,0.5,0,3,750,False,False,False,1.0,139.01862260141107;443.22109423132116;867.1419560452938;,70.58883057769926;292.0720853335957;432.33168003108375;
True,0.5,0,3,750,False,False,False,1.0,1363.838093450681;296.66010423154034;1358.7455190335597;,1119.0237263166616;296.6601042315392;946.6062913148253;
True,0.5,0,3,750,False,False,False,1.0,786.026437036607;97.54692173009909;895.3457351592085;,516.3821296846708;161.6144397197056;386.1116316556575;
True,0.5,0,3,750,False,False,False,1.0,113.58367970270781;518.277198898572;380.1140539419798;,140.9874412789443;446.2208608713724;272.56156479754424;
True,0.5,0,3,750,False,False,False,1.0,198.84247651369046;338.0224531653048;298.25921285043245;,59.79015984694571;345.4072436637989;726.2999252664691;
True,0.5,0,3,750,False,False,False,1.0,489.7534518257723;794.3879797671559;119.01411422328533;,489.75345182578286;793.3763885174197;963.5927675677799;
True,0.5,0,3,750,False,False,False,1.0,786.4539938689404;500.3999755415401;689.1837159758406;,538.9905963394186;364.8191552136938;865.5590115028018;
True,0.5,0,3,750,False,False,False,0.6666666666666666,401.5258284359769;1469.7876708487531;,260.30000768611194;726.2247537084919;
True,0.5,0,3,750,False,False,False,1.0,156.22764752148808;545.5087687243549;237.0694629536094;,200.44386054014146;511.3376089225177;236.29170675781884;
True,0.5,0,3,750,False,False,False,1.0,778.7153705880055;349.5893126218618;577.700050203189;,817.2365119500282;458.19544180395326;775.5458994980677;
True,0.5,0,3,750,False,False,False,1.0,913.0584810851143;783.0420403999634;841.8809506806952;,496.04818626621886;98.24837139615887;547.1842361403371;
True,0.5,0,3,750,False,False,False,1.0,84.96832929083185;919.7948940362895;873.1521951245129;,199.4733250164505;885.3528370006516;857.2303134888958;
True,0.5,0,3,750,False,False,False,1.0,721.4983387005568;1003.1538456202015;227.82951276466835;,568.3927683147095;1002.6927415606989;227.8295127646565;
True,0.5,0,3,750,False,False,False,0.6666666666666666,1122.0600409503268;860.2520354572878;,882.2500737752542;639.1540449123347;
True,0.5,0,3,750,False,False,False,1.0,695.3980274783378;334.01711389298913;603.0780655007079;,626.3926158374969;291.53919817773124;339.3600478095011;
True,0.5,0,3,750,False,False,False,0.6666666666666666,444.42580894767224;464.38410537834477;,340.4866699238095;262.9910223427379;
True,0.5,0,3,750,False,False,False,1.0,716.4721125923284;580.5358381989992;774.7630429987256;,670.3871357144704;626.8379208680152;774.7630429987187;
True,0.5,0,3,750,False,False,False,0.6666666666666666,582.0386535870261;805.0034540599812;,283.08888956346186;643.4286124570625;
True,0.5,0,3,750,False,False,False,1.0,1226.8090724790131;340.39802643481585;88.29150429977389;,1214.733941791764;340.3980264348111;137.3872815921924;
True,0.5,0,3,750,False,False,False,0.6666666666666666,899.5208224254038;542.3020364521947;,339.32225051960086;483.36866421275124;
True,0.5,0,3,750,False,False,False,0.6666666666666666,741.7859199331759;697.8501721320191;,298.6228486873058;441.37639867500815;
True,0.5,0,3,750,False,False,False,1.0,407.0934946570012;656.3876907017153;715.6430066793716;,407.0934946570086;656.3876907017146;696.5260898101859;
True,0.5,0,3,750,False,False,False,1.0,336.82424128694674;1105.503419383837;286.0760944913885;,246.3821173560039;1071.3953509951714;347.35777396283135;
True,0.5,0,3,750,False,False,False,0.6666666666666666,755.7022685758051;517.366071825898;,674.3427083625685;1004.5837173316781;
True,0.5,0,3,750,False,False,False,0.6666666666666666,1137.922706292979;666.4003319448051;,70.14846627557624;460.34630698110624;
True,0.5,0,3,750,False,False,False,1.0,1296.0352286129612;754.905098264139;439.9128630827167;,1063.4533504710685;764.7222490462832;241.51629228585497;
True,0.5,0,3,750,False,False,False,1.0,465.2218242946085;338.2105566589473;615.4496820058005;,257.6483587059546;336.86751058131966;498.3541075087132;
True,0.5,0,3,750,False,False,False,1.0,994.2735788049405;952.5695101749775;1038.587429534041;,768.6336760150057;833.0393245251746;774.5411121414514;
True,0.5,0,3,750,False,False,False,1.0,178.10660191160267;306.60021845925064;1602.0699510917975;,171.2706446035463;144.6845726131563;683.4231802050796;
True,0.5,0,3,750,False,False,False,0.3333333333333333,447.0608632889761;,657.0781922690394;
True,0.5,0,3,750,False,False,False,0.6666666666666666,1286.4976199315515;1053.0710590467586;,141.3052307574864;569.003417579408;
True,0.5,0,3,750,False,False,False,1.0,587.6808161346735;580.0727793870732;1311.2403440600172;,539.1650127322351;612.7871469579986;1101.0944203801416;
True,0.5,0,3,750,False,False,False,0.6666666666666666,834.1054428670064;286.5778534629849;,923.2257288914309;278.07460626244944;
True,0.5,0,3,750,False,False,False,0.6666666666666666,1172.5433323765253;1270.8660777599373;,610.0230966573154;1574.4113586771068;
True,0.5,0,3,750,False,False,False,0.6666666666666666,735.8997544983183;298.50707505758595;,655.780835180022;320.9190052968706;
True,0.5,0,3,750,False,False,False,1.0,1763.6144692166106;174.1087667086649;684.3129084641178;,942.095029524924;377.2039815116112;290.5073710450982;
True,0.5,0,3,750,False,False,False,1.0,812.475446441714;123.33145622504473;379.5113212432574;,874.7176713251391;282.4422236133838;338.0841620434381;
True,0.5,0,3,750,False,False,False,1.0,421.06440091211937;1016.724575566443;420.9146649759892;,578.8595967269425;662.8763951375291;647.4452381261387;
True,0.5,0,3,750,False,False,False,0.6666666666666666,1569.233495836229;230.86953059686837;,1707.9531556063657;389.9414373174;
True,0.5,0,3,750,False,False,False,1.0,626.5947107981297;116.6939787157184;445.25691634714667;,524.5055124220798;159.25524683038546;182.70843616323043;
True,0.5,0,3,750,False,False,False,0.6666666666666666,486.2953871153445;443.7800801357502;,282.0675035857896;443.78008013573617;
True,0.5,0,3,750,False,False,False,0.6666666666666666,727.099191635113;579.3144798780406;,375.32696709332174;602.1881863875608;
True,0.5,0,3,750,False,False,False,0.6666666666666666,193.98949134230168;1658.4412822795077;,193.98949134229974;183.63596570423564;
True,0.5,0,3,750,False,False,False,0.3333333333333333,711.3745725622344;,849.448632873552;
True,0.5,0,3,750,False,False,False,0.6666666666666666,1002.576218083768;1280.4766115636905;,681.1121846495024;1045.487037114617;
True,0.5,0,3,750,False,False,False,1.0,700.2049425428403;531.8101412367178;580.7330975632364;,667.3448096202568;483.5525873650425;519.2923950315643;
True,0.5,0,3,750,False,False,False,0.6666666666666666,1008.8349862844809;318.42491485940985;,365.9432672559518;316.78678495721056;
True,0.5,0,3,750,False,False,False,0.6666666666666666,752.6509077236229;160.07433692968732;,461.9375824058289;1002.402567976827;
True,0.5,0,3,750,False,False,False,1.0,572.869657107105;374.9060440248091;507.57973429049656;,606.5480666208608;368.854066489991;578.4220890656476;
True,0.5,0,3,750,False,False,False,1.0,728.0897941573687;375.05076077492265;501.52633708089184;,1114.3840800014161;345.3729817795607;181.90947298895225;
True,0.5,0,3,750,False,False,False,1.0,366.56870084028185;781.7970120950461;1077.0388740675241;,648.6851501589979;768.1944985434831;285.6425068474962;
True,0.5,0,3,750,False,False,False,1.0,507.35846722510536;1141.5722567747964;1039.183334821457;,56.101533770783135;515.551641854779;803.0135200664203;
True,0.5,0,3,750,False,False,False,1.0,761.8185311099458;789.4798311523696;371.5266115763257;,229.70175092260982;1088.849187842171;389.3804376492286;
True,0.5,0,3,750,False,False,False,0.6666666666666666,658.7829671161445;72.9431196124136;,99.34952177350662;72.94311961242222;
True,0.5,0,3,750,False,False,False,0.6666666666666666,610.2138190187397;274.58638761065134;,153.1469028387251;451.51693937217726;
True,0.5,0,3,750,False,False,False,1.0,374.2597030997556;453.0371788359904;342.3159309941485;,146.812946089408;356.756427592305;279.51813837319594;
True,0.5,0,3,750,False,False,False,1.0,240.76796808202832;671.8825540229396;2346.8137938221253;,928.5909780091639;634.3071855325001;1352.398631853279;
True,0.5,0,3,750,False,False,False,0.6666666666666666,681.4473788666172;810.3283549051584;,414.78968363864294;851.969952373351;
True,0.5,0,3,750,False,False,False,1.0,669.9512573405264;186.91349490606734;440.22482630419756;,669.9512573405266;267.0508959918809;345.61633860519726;
True,0.5,0,3,750,False,False,False,1.0,995.4779873347583;711.476454573834;638.3280562855439;,666.5233943545547;493.79645558254265;404.938072901386;
True,0.5,0,3,750,False,False,False,1.0,744.6655338438945;688.0485126264578;230.2495371897125;,620.585533816338;80.34619882741063;54.26546042323147;
True,0.5,0,3,750,False,False,False,0.6666666666666666,323.554698507519;623.3083791894677;,307.6906970508265;672.5556466481465;
True,0.5,0,3,750,False,False,False,1.0,957.1687604570456;801.9791771377297;448.2461455898343;,1005.6940463095057;671.7707551498386;448.2461455898315;
True,0.5,0,3,750,False,False,False,0.6666666666666666,700.432570792367;783.8033404093516;,431.5502330031481;1739.7011789515925;
True,0.5,0,3,750,False,False,False,1.0,293.25748221887795;663.063646562077;684.6015041148383;,497.9847995109657;779.1817047583388;314.58811090389423;
True,0.5,0,3,750,False,False,False,1.0,1230.4259839670462;787.8299491170193;167.69715934674437;,666.1534703417291;841.3867119996816;167.6971593467518;
True,0.5,0,3,750,False,False,False,1.0,1322.7102931504555;554.4985245412;458.05008669492986;,966.1027520626607;894.7013450648623;254.94448145010566;
True,0.5,0,3,750,False,False,False,1.0,356.13815752756136;600.5579259474308;647.7008672703463;,246.85808767982016;462.45978765189335;1061.7792123175234;
True,0.5,0,3,750,False,False,False,1.0,570.8668448228369;636.1844642498783;916.9172010463126;,317.26979710814203;360.938102266491;812.4425910607404;
True,0.5,0,3,750,False,False,False,0.3333333333333333,1107.11779386403;,507.38357829712066;
True,0.5,0,3,750,False,False,False,1.0,304.00515790378495;900.4075930885477;783.5877616404449;,173.88569032872508;692.8641255539205;783.587761640455;
True,0.5,0,3,750,False,False,False,1.0,219.3581293261849;327.11298969955146;1264.3711384028225;,100.13532545194846;327.11298969954237;1038.319375387393;
True,0.5,0,3,750,False,False,False,1.0,917.5602327852804;588.650322828058;429.72366106007007;,159.68932730970994;417.93041674745757;287.31897723413414;
True,0.5,0,3,750,False,False,False,0.6666666666666666,1204.5106565776482;1191.6689336902691;,841.6744072957096;747.5683474321974;
True,0.5,0,3,750,False,False,False,1.0,385.35477316400363;524.3598875062308;90.40835983709039;,288.43631217784974;524.3598875062379;533.2226754740662;
True,0.5,0,3,750,False,False,False,1.0,649.555051593116;1262.9441775776493;171.52605920162785;,696.5888456255085;899.779856727435;267.7717036838706;
True,0.5,0,3,750,False,False,False,0.6666666666666666,669.659933038149;252.38382036060082;,657.8842809500196;487.66515222585883;
True,0.5,0,3,750,False,False,False,1.0,600.3812847707615;259.69417798649573;605.9939149162775;,669.5603766755185;306.882290564462;512.5149525224783;
True,0.5,0,3,750,False,False,False,1.0,1222.6273244196977;796.5495342487068;530.1712886316959;,1222.627324419702;792.0047629353696;269.25972845783514;
True,0.5,0,3,750,False,False,False,1.0,368.7009406309502;381.09124091223106;1071.8958091895188;,996.7889170184782;775.0595247116073;758.7058708484768;
True,0.5,0,3,750,False,False,False,1.0,638.180488522252;130.36172076064142;740.3640435511182;,612.2368378498464;401.01946347867226;740.3640435511359;
True,0.5,0,3,750,False,False,False,1.0,159.62656500300054;178.63812690352793;1007.7462997350668;,159.62656500300588;369.071009264354;852.3520142780905;
True,0.5,0,3,750,False,False,False,1.0,501.3504584250711;151.82832105263532;475.28802626086144;,423.92952538545427;151.82832105263648;378.0209614475134;
True,0.5,0,3,750,False,False,False,1.0,332.1781932287658;404.7315586299648;750.5546418321201;,369.00778703286346;422.80666196765293;750.5546418321084;
True,0.5,0,3,750,False,False,False,0.3333333333333333,650.7031476044768;,488.41832881247865;
True,0.5,0,3,750,False,False,False,0.6666666666666666,1246.5713190000106;1221.8946818950192;,866.0738586054999;230.21903287437473;
True,0.5,0,3,750,False,False,False,1.0,669.2057400737245;900.718580464508;992.1983996328785;,731.9305078070117;119.97777368575609;902.3673152062087;
True,0.5,0,3,750,False,False,False,1.0,1200.6631638750125;255.30619248605933;555.3843657736699;,815.269280472814;255.3061924860685;523.6754083586192;
True,0.5,0,3,750,False,False,False,1.0,1183.055082012551;224.92876168462593;637.0475410015102;,1173.7842835733072;233.79168114189932;637.0475410015166;
True,0.5,0,3,750,False,False,False,0.3333333333333333,1039.0046976785197;,195.46127924010608;
True,0.5,0,3,750,False,False,False,1.0,632.7081519377504;1102.8395249385635;1356.128535565998;,605.7347468773809;690.4004291484949;881.5787029068304;
True,0.5,0,3,750,False,False,False,1.0,632.3244479377303;507.1783987092351;135.43955591230207;,612.647234989733;795.0481575362271;289.06239197271833;
True,0.5,0,3,750,False,False,False,1.0,1370.7626984106382;513.5688516265752;1115.7775295084612;,1093.1428026611025;150.42822421490607;1070.4951673209987;
True,0.5,0,3,750,False,False,False,0.6666666666666666,1406.9738538984882;568.7297937070438;,298.6967841304304;565.8325328198126;
True,0.5,0,3,750,False,False,False,1.0,859.3411901266352;821.8147733499707;476.53695584782093;,743.3723970193655;792.2918274130363;210.43490915386485;
True,0.5,0,3,750,False,False,False,1.0,406.78631339614304;852.3876168478417;612.9723170431246;,407.43484973631837;852.3876168478364;844.2044761988454;
True,0.5,0,3,750,False,False,False,1.0,580.8536498092767;782.5722168785942;778.2666982348587;,686.4072536060786;593.4068193488016;771.2695937231284;
True,0.5,0,3,750,False,False,False,1.0,238.58009968861478;696.2423777624011;423.7195216374845;,243.69550623170844;697.4606724860517;406.13550986586984;
True,0.5,0,3,750,False,False,False,0.6666666666666666,264.4798947088409;482.05127540002843;,606.9230949439307;358.11611898543794;
True,0.5,0,3,750,False,False,False,1.0,1081.8056907504072;922.8441238940331;528.2946912633818;,637.894390421395;1027.8416588218483;293.2924934455892;
True,0.5,0,3,750,False,False,False,1.0,555.558791413171;1078.4585435666459;148.79525059662572;,399.51697930380027;951.1812859679434;128.61086522922818;
True,0.5,0,3,750,False,False,False,1.0,279.5213660254323;1157.3915781986627;435.45227729295897;,279.5213660254205;756.2765684508151;298.09108983682;
True,0.5,0,3,750,False,False,False,1.0,352.9159845419842;1257.3371772528324;1149.085704371562;,350.9788116167546;1251.1341012427956;1149.085704371553;
True,0.5,0,3,750,False,False,False,0.6666666666666666,1220.5959129703142;959.770371933046;,263.5786355337872;216.21848613821103;
True,0.5,0,3,750,False,False,False,1.0,137.61104647257807;553.7952009404611;533.4163494579798;,388.91598763582147;769.9817731699825;375.8144119522451;
True,0.5,0,3,750,False,False,False,1.0,362.51672591747604;434.528919633724;948.3729634859196;,382.1208244514304;443.4695869571727;887.4222062782587;
True,0.5,0,3,750,False,False,False,1.0,703.8435949512008;149.66622964634576;825.2746985295586;,703.8435949511951;120.96369466382005;672.9052592479188;
True,0.5,0,3,750,False,False,False,0.6666666666666666,556.2190744671003;959.3881779156561;,173.23263648540905;234.67043061565013;
True,0.5,0,3,750,False,False,False,1.0,884.6908649258219;988.3612597046135;159.91741312004743;,948.4767108865176;519.8682223187211;155.24905413433427;
True,0.5,0,3,750,False,False,False,0.6666666666666666,1395.2938434380833;563.8547952426285;,553.6223143752684;500.0198755665929;
True,0.5,0,3,750,False,False,False,1.0,314.50554701703123;829.8752076384413;289.847905213746;,314.505547017016;829.8752076384304;289.8479052137454;
True,0.5,0,3,750,False,False,False,1.0,1422.5176782809026;432.473087762372;835.1574139245363;,747.960023542304;83.21176897041948;354.4896270279974;
True,0.5,0,3,750,False,False,False,0.6666666666666666,521.371564989152;514.4830714800149;,278.89998533861154;496.55193879445517;
True,0.5,0,3,750,False,False,False,0.6666666666666666,487.01628411089405;961.8827025874156;,705.6855719715775;961.8827025874125;
True,0.5,0,3,750,False,False,False,1.0,739.3943182490756;971.8452334874916;450.48791062482877;,774.7966382482638;628.0708252509443;29.956348080255253;
True,0.5,0,3,750,False,False,False,1.0,658.0371204223051;533.4486015808168;584.8044988786351;,651.998036696523;363.5442157699066;411.4357446459378;
True,0.5,0,3,750,False,False,False,0.6666666666666666,1265.2101037559598;1126.0480250383198;,189.28006498533608;598.5538983813075;
True,0.5,0,3,750,False,False,False,0.6666666666666666,838.7958519679278;933.052949949474;,102.02978480210727;1014.9474765958216;
True,0.5,0,3,750,False,False,False,0.6666666666666666,616.4635167273202;55.475803858567424;,755.7457511719529;55.11719450151619;
True,0.5,0,3,750,False,False,False,1.0,520.4721118409902;291.0012360598598;695.1368092037584;,906.0851742850455;286.32488025838467;910.9818807152637;
True,0.5,0,3,750,False,False,False,1.0,479.7055714981877;348.4025937709897;139.01832285283743;,531.1980495173893;341.2374214116474;249.1912881617241;
True,0.5,0,3,750,False,False,False,1.0,573.5103136854884;531.5826565467681;592.8429166311876;,689.5448158846143;417.7493410178064;655.9894541456177;
True,0.5,0,3,750,False,False,False,1.0,756.8258402407843;847.3841933717474;1167.1295798858932;,808.668454455991;243.21064909948026;837.4638288112417;
True,0.5,0,3,750,False,False,False,1.0,1037.0117186546772;1017.0534870930298;1002.4926093246468;,1008.9695734248572;1017.0534870930355;734.3122909545119;
True,0.5,0,3,750,False,False,False,1.0,170.65333433364032;743.1520105153953;701.5959694418366;,4.449701393335166;765.9940771404222;1023.9646398023033;
True,0.5,0,3,750,False,False,False,1.0,598.4396396325;341.9635233286914;672.4275362688173;,159.9874034990274;341.96352332869753;679.4774131067045;
True,0.5,0,3,750,False,False,False,1.0,267.0272466835597;422.40238738566103;704.4233298510994;,252.79572572596336;211.7247157157609;504.3937540133281;
True,0.5,0,3,750,False,False,False,0.6666666666666666,1120.0205578801608;287.07542289757896;,1171.2457247199172;458.91714118764963;
True,0.5,0,3,750,False,False,False,1.0,372.0505022899261;622.8610790035823;326.91339821062456;,380.12198494772895;260.5455309521652;151.69668422226545;
True,0.5,0,3,750,False,False,False,1.0,250.487578618428;673.4276908444507;928.4989461038567;,785.65367043014;605.6791503354301;625.2652605898996;
True,0.5,0,3,750,False,False,False,1.0,978.1482338278001;841.7955928427199;384.0543085316909;,835.6975558535387;690.6134426300799;413.49266135247944;
True,0.5,0,3,750,False,False,False,0.6666666666666666,478.3842750465634;565.0997329228203;,448.1122032294823;430.5550453359327;
True,0.5,0,3,750,False,False,False,1.0,494.0097757063158;666.7464000419161;979.2303095216345;,510.1556648106887;749.7933403577815;1486.2313527342312;
True,0.5,0,3,750,False,False,False,0.6666666666666666,1768.4873450622747;618.3286132686139;,329.75848473237437;221.6156118665749;
True,0.5,0,3,750,False,False,False,1.0,667.6051053265546;748.9015220244526;387.2258429716119;,656.4634153602752;301.36867845026444;980.5027526221796;
True,0.5,0,3,750,False,False,False,0.6666666666666666,999.6360212698422;327.5662177655769;,433.34773149556867;316.50755321852836;
True,0.5,0,3,750,False,False,False,1.0,583.9316240477024;939.872930631248;802.4958598620099;,583.9316240477044;1097.8165095778827;1042.0870385812639;
True,0.5,0,3,750,False,False,False,1.0,479.7204498871796;625.7214495993024;352.78159028185155;,475.5021836257353;531.4319871627762;350.95221907524626;
True,0.5,0,4,750,False,False,False,0.75,725.4766441651113;465.5201227538213;436.7766577807649;,695.0480935122151;397.81097598799425;615.3703836476819;
True,0.5,0,4,750,False,False,False,0.5,668.3856289792545;331.49421787298894;,687.9652224998422;350.9998348659012;
True,0.5,0,4,750,False,False,False,0.5,1716.2859738944758;1026.5782630983572;,507.6945398461929;843.2912282649219;
True,0.5,0,4,750,False,False,False,0.75,242.47104320836652;700.1209886117487;832.4151061619873;,103.20724180344563;421.3278743015966;854.2897060101843;
True,0.5,0,4,750,False,False,False,1.0,538.5514198647838;108.39538759158778;580.0170716156595;489.80641463927714;,134.55426678590675;282.1486539456065;811.4187468727183;410.8082082007698;
True,0.5,0,4,750,False,False,False,0.75,785.5515123152969;1295.2885354229768;750.494370226904;,885.0683059161815;414.093959629796;728.4084317811103;
True,0.5,0,4,750,False,False,False,0.75,1149.2430981782804;261.03217349779686;1350.186246296013;,1026.2563055284922;97.28188327793087;1094.7370281776011;
True,0.5,0,4,750,False,False,False,0.5,481.2172546161372;347.059567754331;,795.4641635517069;1069.931731371274;
True,0.5,0,4,750,False,False,False,0.5,1291.1081185711091;668.584000889791;,390.6000110939025;504.17026786974105;
True,0.5,0,4,750,False,False,False,0.75,295.4008219162407;1042.9160417360383;1194.13365666995;,303.3621849592935;1008.900348462015;781.3042912808321;
True,0.5,0,4,750,False,False,False,0.75,496.8332639557376;334.7789164137507;1823.4549980413599;,197.8213976269768;508.73090944157866;656.7983985526857;
True,0.5,0,4,750,False,False,False,1.0,1164.0032158168533;832.7449757151626;380.22845036112557;951.7552128648053;,1224.0887382781088;482.6715204255451;160.73095752065404;724.632522050308;
True,0.5,0,4,750,False,False,False,0.75,308.75034955029975;799.7717476804138;87.33028152513369;,308.750349550295;737.3434107812589;300.4998488844816;
True,0.5,0,4,750,False,False,False,1.0,72.368936579741;896.8585109941147;381.9673248761423;714.8581262193184;,421.72786942298825;771.0658908709694;436.3183050357325;1019.0684658987709;
True,0.5,0,4,750,False,False,False,0.75,329.64385835613996;184.3555440319462;1003.7651309791815;,710.7802328379805;381.702519554646;746.9115920829993;
True,0.5,0,4,750,False,False,False,0.5,1870.2496830021596;865.6597285168175;,445.04711481200206;164.93920381501823;
True,0.5,0,4,750,False,False,False,0.5,1547.4536372087646;338.0508991606462;,274.43014336359914;542.5957451629009;
True,0.5,0,4,750,False,False,False,1.0,1139.9807737261988;316.65350334132796;908.8430739842555;299.9376354572491;,287.5987869157583;402.90222476574405;687.7924608900164;383.77017541643255;
True,0.5,0,4,750,False,False,False,0.75,1306.6713681408198;1092.0356678502935;226.69807335913072;,989.2732537732178;392.5268942879792;85.45629638261333;
True,0.5,0,4,750,False,False,False,0.75,556.1525167115097;137.99279652833357;1154.8694402958697;,362.466296533126;138.95739304135392;1175.843146845345;
True,0.5,0,4,750,False,False,False,0.75,147.13914374113082;143.99210909096527;804.1233063850962;,121.96917623456143;405.3173733649309;624.2291380003481;
True,0.5,0,4,750,False,False,False,0.75,1046.8203264209017;652.5951634007407;929.8518916083266;,800.5194749822583;486.8106518373691;284.47040522025407;
True,0.5,0,4,750,False,False,False,0.75,783.8485986657519;1095.7706659445116;2009.8297945527286;,526.3624255772555;484.8627469077723;1519.7137477463907;
True,0.5,0,4,750,False,False,False,0.5,366.667013574092;477.6404484524572;,40.539040836588896;587.2385158788833;
True,0.5,0,4,750,False,False,False,0.5,1194.5762390638608;670.4192388466993;,1509.9029534810509;455.9962043148854;
True,0.5,0,4,750,False,False,False,0.25,703.1235320253423;,113.33323445323389;
True,0.5,0,4,750,False,False,False,0.5,713.0755885128083;7171.352408936412;,431.1499857320052;617.5172204319204;
True,0.5,0,4,750,False,False,False,0.75,314.23783698526853;1358.7889888499817;149.83811484891106;,278.6053769324896;2171.8316255360132;384.6963155019358;
True,0.5,0,4,750,False,False,False,0.75,980.1556844795603;154.6231901071915;406.5179378896131;,804.9660571056697;166.99757874994606;335.62846068322625;
True,0.5,0,4,750,False,False,False,0.75,3381.8379356122423;494.73547719720665;273.42389856933784;,423.22137795120153;209.81977332954384;336.6192939396185;
True,0.5,0,4,750,False,False,False,0.5,221.60778376082342;1221.0238751359532;,607.0236487337093;938.6645276779153;
True,0.5,0,4,750,False,False,False,0.5,650.0629832839494;1312.3913467967895;,400.2189647618914;855.4559200323055;
True,0.5,0,4,750,False,False,False,0.75,220.06071498600664;1221.2383776891832;1022.8453162639738;,186.52515456041203;264.2946518303642;249.0337139748929;
True,0.5,0,4,750,False,False,False,1.0,1289.1570645351296;218.97406185320122;711.4097996090599;563.6974104235239;,828.4624068655207;665.8545835975476;1003.58687283093;439.0803410329766;
True,0.5,0,4,750,False,False,False,0.75,591.6815762367818;638.3352606213617;762.3153537328384;,611.1770738548254;493.5121170272033;314.79478093940776;
True,0.5,0,4,750,False,False,False,0.75,2815.0416240014274;757.8738847816583;862.546939470801;,376.750178899677;294.5015048158382;950.5536335989423;
True,0.5,0,4,750,False,False,False,0.75,593.5215404007242;552.7542904087411;558.8664166469869;,901.7284096213324;912.8305312996497;720.0460006344823;
True,0.5,0,4,750,False,False,False,0.5,988.2391264088442;570.0803827269009;,272.64338021405945;443.601541267631;
True,0.5,0,4,750,False,False,False,0.5,1037.3780466747244;1062.3883104098645;,443.29074218454963;450.2140805103532;
True,0.5,0,4,750,False,False,False,0.5,265.64356096596606;444.25436198395533;,496.95427992759573;367.8858008216974;
True,0.5,0,4,750,False,False,False,0.75,916.3186984518597;541.0257336050383;1556.0100100637765;,358.38239542793536;386.4237168197336;1326.1051094624145;
True,0.5,0,4,750,False,False,False,0.5,836.2658631916768;713.1844844103334;,641.7646334672111;802.8436885187317;
True,0.5,0,4,750,False,False,False,0.75,2569.8536507865033;304.7099518001072;173.01702130609445;,340.63350074071855;300.7876077369043;166.0300110310201;
True,0.5,0,4,750,False,False,False,0.5,748.053001241864;336.35794317673253;,566.789235153436;309.51305273326483;
True,0.5,0,4,750,False,False,False,1.0,248.50904490725156;778.5610135592988;1173.0988456724133;899.2099560843866;,824.105922269834;608.2601976643858;807.1280346665112;621.1360309560894;
True,0.5,0,4,750,False,False,False,0.5,641.1147566632706;356.3395663312354;,1111.7843827101383;505.51722345127814;
True,0.5,0,4,750,False,False,False,0.75,153.82483641114808;988.0675055031763;842.1485077496113;,148.2099650490128;724.5905657419823;925.9437127867302;
True,0.5,0,4,750,False,False,False,1.0,1141.6723257472531;369.6265511694857;677.0084912402001;348.8895340301088;,780.6497363749935;342.263449230842;677.0688674894408;389.3035544677287;
True,0.5,0,4,750,False,False,False,0.75,1136.9499570697835;527.1930373140367;284.41351871010505;,1064.7007103330595;415.9180989881129;304.80443243429926;
True,0.5,0,4,750,False,False,False,0.5,250.6139412876862;290.69899420003094;,233.20238278080868;723.4482388401508;
True,0.5,0,4,750,False,False,False,1.0,476.26266462332626;1020.038923069904;1229.2382838075182;1873.2384871241318;,478.4623186485997;959.8696388261571;304.48917245376924;1012.2743058959182;
True,0.5,0,4,750,False,False,False,0.5,1969.949237976436;660.7017797659727;,1056.6447798008521;828.7085132768107;
True,0.5,0,4,750,False,False,False,0.5,2749.160987144333;1317.8591227005566;,1433.277783829225;346.65580770843604;
True,0.5,0,4,750,False,False,False,0.75,1190.7450707202713;978.3359327621182;355.7771070868288;,321.8863252137026;272.8534629551233;268.36891967525014;
True,0.5,0,4,750,False,False,False,0.75,546.6842132115701;95.50429240418302;631.7231849680705;,189.81528986049977;201.04200913760502;432.2095665948775;
True,0.5,0,4,750,False,False,False,1.0,766.511020690684;1450.0199242493727;972.8151640837059;901.9911068181918;,403.31035903059063;1842.5745490266772;621.9491006720962;613.5214273753438;
True,0.5,0,4,750,False,False,False,0.75,354.06090255877365;829.0688506953065;984.0043418214291;,330.7553992996329;342.02363793398024;169.20204337629764;
True,0.5,0,4,750,False,False,False,0.75,247.1834565797335;248.0150042957001;925.151059046109;,173.88644495422022;45.120912462145625;505.50745395459927;
True,0.5,0,4,750,False,False,False,0.75,1603.179781065936;558.1782095370246;954.9047016047114;,767.4915284363378;400.56970306438166;657.4187149364072;
True,0.5,0,4,750,False,False,False,0.75,598.5311509694232;1169.114506252316;1132.2749438829967;,657.3745957586699;747.9634774493094;749.9027525242608;
True,0.5,0,4,750,False,False,False,1.0,988.3059716856369;507.06576610971575;385.6015850061797;538.2397661282898;,599.7348061656488;283.20319143169047;144.46237867105532;443.2882536656977;
True,0.5,0,4,750,False,False,False,0.75,274.67705583567187;264.5648507249275;749.3328681271521;,107.42601121950125;143.06525270875616;766.2011621078817;
True,0.5,0,4,750,False,False,False,0.75,886.7791686939438;650.0649186814411;411.696718506233;,700.1577085814973;306.58535638737516;579.7279877500551;
True,0.5,0,4,750,False,False,False,1.0,826.5879486884593;265.318202797898;419.4206363478231;553.3519264078243;,368.3584056233634;722.3743271579859;419.7804041720928;264.3901448773134;
True,0.5,0,4,750,False,False,False,0.75,370.40989196885175;1753.369846236562;2116.7379635674833;,370.4098919688524;60.354057044827485;1614.3826561903652;
True,0.5,0,4,750,False,False,False,0.5,1519.396499710855;857.9436547853043;,701.209177731358;416.6965532001732;
True,0.5,0,4,750,False,False,False,0.5,1050.4145525715041;933.548740408938;,443.2472480439381;537.4066322325025;
True,0.5,0,4,750,False,False,False,0.5,436.42042127223687;1159.9915105934845;,411.1567138019223;1218.4463582546173;
True,0.5,0,4,750,False,False,False,0.75,1771.6918974450984;626.6348316743223;835.8068553179394;,111.23255647420017;524.4685938668487;569.0004148307712;
True,0.5,0,4,750,False,False,False,0.75,1253.1576649812196;406.66644346962306;1218.3170104181722;,364.8212548296677;107.91147639480664;780.2123224570695;
True,0.5,0,4,750,False,False,False,0.5,545.8036102869025;1279.3644845130311;,245.67467969341664;558.0338901786333;
True,0.5,0,4,750,False,False,False,0.75,331.9824781548267;284.3218275280684;780.4905089321162;,903.2924803642858;564.0431389976104;716.8440927561643;
True,0.5,0,4,750,False,False,False,0.75,1209.9670488256522;573.7974435757599;818.8016959045325;,1058.7504518614096;960.5685458262461;331.9979519939619;
True,0.5,0,4,750,False,False,False,0.5,430.8049854204334;2292.089381951977;,215.46669892762696;640.6274929796164;
True,0.5,0,4,750,False,False,False,0.75,285.3470698121714;599.9881996024109;1074.8842461416302;,386.0207451933272;780.1381901027955;836.6290337663986;
True,0.5,0,4,750,False,False,False,0.5,596.8166698170476;585.3532573658881;,836.8539502167056;1096.8108375200054;
True,0.5,0,4,750,False,False,False,0.5,864.3237002469808;1834.5934986377697;,471.92461640104153;1021.408675225564;
True,0.5,0,4,750,False,False,False,0.5,1500.3543248648357;877.7905060632929;,298.1066926410855;897.1944275481285;
True,0.5,0,4,750,False,False,False,0.75,660.8105108590142;654.8218914728918;560.2933473900898;,710.1265980898459;1038.7921038462903;506.7900927074571;
True,0.5,0,4,750,False,False,False,0.5,174.33571567694798;1151.7411077277716;,184.44259362428275;466.9187118550642;
True,0.5,0,4,750,False,False,False,0.5,172.6997075807683;685.2190388705657;,869.2179401422408;295.90235329100176;
True,0.5,0,4,750,False,False,False,0.5,1474.5366200450367;656.4974235407586;,390.6327900297598;671.0642497659126;
True,0.5,0,4,750,False,False,False,1.0,482.28135697246637;371.86301281942633;398.51651282141705;764.5197670966338;,863.2920019392991;449.6991667207577;348.01880384275154;957.9131118088947;
True,0.5,0,4,750,False,False,False,0.5,322.00701486561786;730.7759615602968;,232.84504133157853;537.6001791105045;
True,0.5,0,4,750,False,False,False,0.5,1483.076652727955;627.7424468036626;,802.7588084999519;638.8718230947351;
True,0.5,0,4,750,False,False,False,0.75,359.85776230510913;675.6275388021627;475.72811774145197;,579.566688130823;827.231923819131;1007.9084115505715;
True,0.5,0,4,750,False,False,False,0.5,457.2819808701956;1603.0770464172713;,748.1160088044919;429.11555464800625;
True,0.5,0,4,750,False,False,False,0.5,692.4047183812751;2380.5427273355463;,1194.380065997226;1767.0643114296913;
True,0.5,0,4,750,False,False,False,0.75,568.1670192859968;488.6435403396716;1195.8132365240856;,979.9568172174256;769.0669020041565;1094.7550544404005;
True,0.5,0,4,750,False,False,False,0.75,797.6021859537756;868.1659349922519;1426.0047301642273;,546.8656832139206;1196.9851172086248;810.0781590548291;
True,0.5,0,4,750,False,False,False,0.75,574.858994039473;1257.0092890826518;71.14293321579595;,217.65398218725738;243.3533690249714;137.9086765053724;
True,0.5,0,4,750,False,False,False,0.75,1099.7349531000336;511.941894044977;881.4081710935022;,241.2458922908822;597.1579920390232;935.0918486197133;
True,0.5,0,4,750,False,False,False,0.75,374.0445320551152;459.84647352320565;1493.7922551392412;,445.06386378746976;749.177549579809;766.7160869169426;
True,0.5,0,4,750,False,False,False,0.5,3387.771808678655;872.6637500212968;,711.5316466523502;1074.1668403361741;
True,0.5,0,4,750,False,False,False,1.0,793.1932726490304;1257.8934760551997;570.6199639874111;406.35315401791127;,378.12507485688167;312.76684756514726;934.8816079369949;376.18355758395654;
True,0.5,0,4,750,False,False,False,1.0,672.4238805001985;389.33832924001666;269.72096488134935;701.0848966022278;,394.6934372470658;570.6479585154104;272.1932827824023;302.86145682928867;
True,0.5,0,4,750,False,False,False,0.75,537.732044709229;598.1992862562378;152.31834727326046;,1043.2200071369639;651.675522142367;179.77156918801305;
True,0.5,0,4,750,False,False,False,1.0,495.6443595881458;770.9715436954975;464.0482576180197;1903.561235491985;,403.0185339144119;444.49704767504574;608.7663602271122;1030.1537069642816;
True,0.5,0,4,750,False,False,False,0.5,1111.134133095185;3473.6090197699123;,614.0972150997684;592.0521127486816;
True,0.5,0,4,750,False,False,False,0.5,880.8811264230656;1704.8961141941713;,686.9644524488875;962.4911220781646;
True,0.5,0,4,750,False,False,False,0.5,300.10933913014827;2096.8960001832447;,253.8729452833152;203.86553323708543;
True,0.5,0,4,750,False,False,False,0.75,218.76876654598627;912.744346129615;1122.9725871282544;,105.10950896132357;552.7264772031888;918.8086875260976;
True,0.5,0,4,750,False,False,False,0.75,321.77380647803557;661.861972263904;356.4185909589549;,395.53516191193006;230.72400502593837;342.3392186621445;
True,0.5,0,4,750,False,False,False,0.75,1309.6142967239562;720.1602345638078;277.6973587318248;,326.4696993612177;765.0688793806737;256.52443181043606;
True,0.5,0,4,750,False,False,False,0.75,356.3613231547798;282.3846980844272;671.4569309442144;,286.1466556981013;287.853101169437;492.8760052981417;
True,0.5,0,4,750,False,False,False,0.75,994.0589784650286;503.91472939266765;331.31281056514416;,504.28615159232413;881.0476269007281;158.97615518912198;
True,0.5,0,4,750,False,False,False,0.75,1703.188725397554;187.848765647058;887.1810643773302;,373.2977594679634;279.17727084670537;691.7215225359531;
True,0.5,0,4,750,False,False,False,0.5,1213.355293964213;558.7872444492081;,291.8142556860416;260.0939438472164;
True,0.5,0,4,750,False,False,False,0.5,182.55186058129806;545.1376674725091;,198.39723303075723;972.5667254116164;
True,0.5,0,4,750,False,False,False,0.75,294.5343859148526;566.9494721996879;480.27968799428584;,508.98331116151354;300.74612108952124;776.1614583616877;
True,0.5,0,4,750,False,False,False,0.5,448.4325265825477;1244.2744132968162;,773.2052814298366;78.92645807823357;
True,0.5,0,4,750,False,False,False,0.5,473.26835601830095;388.0914225023158;,521.8888506257305;396.3803666500693;
True,0.5,0,4,750,False,False,False,1.0,610.4569577484039;263.47940904150795;141.0723675841917;805.0533037501467;,617.2924630822009;154.52744574366216;235.90726215048778;805.0533037501467;
True,0.5,0,4,750,False,False,False,0.75,1723.3401943151798;356.98952322946093;2515.853893493355;,1937.228383777155;259.043639054248;413.2925227273969;
True,0.5,0,4,750,False,False,False,0.5,400.9183421535958;1355.0351989798667;,841.5068036879244;454.2313046460979;
True,0.5,0,4,750,False,False,False,0.75,155.7742742673136;735.660751797235;380.205369406246;,323.55003302165653;548.8584334709274;352.1624292264374;
True,0.5,0,4,750,False,False,False,0.75,817.6414470992377;342.6334009682039;593.2240238511456;,398.18240453175247;439.61262330767806;619.344295408467;
True,0.5,0,4,750,False,False,False,1.0,290.0770105204121;771.3682236931262;367.9066038691206;971.2747661048654;,185.57437999507238;673.7848050658685;484.86596170245235;465.93356691575644;
True,0.5,0,4,750,False,False,False,0.75,592.1961047734077;656.4971989374717;502.92352737969503;,1144.7163908041653;578.74355033947;493.526637323942;
True,0.5,0,4,750,False,False,False,1.0,455.20370876577823;315.6759968012834;499.1869468627493;882.1019187387628;,277.2875714881119;199.33012605173215;405.43044218456276;758.8473723922549;
True,0.5,0,4,750,False,False,False,1.0,754.4873677255475;621.9695110254356;581.0593087695665;471.28891271143135;,658.0683349178444;417.9306934691165;730.162284527787;338.9882306537629;
True,0.5,0,4,750,False,False,False,0.5,475.12844741632205;1603.801258959508;,492.612283315353;948.8651561750852;
True,0.5,0,4,750,False,False,False,0.75,341.86833275331617;139.14176092452658;979.2088736130355;,367.72555055127526;301.5324270042069;1238.8976105219438;
True,0.5,0,4,750,False,False,False,0.75,694.5147931702301;1378.543809505072;488.0487560058335;,358.1876455974123;852.6829887340408;648.0902182465396;
True,0.5,0,4,750,False,False,False,0.75,1092.6906279662671;818.7280786941133;105.86098774388883;,662.7894427766967;952.4167303719872;105.86098774388883;
True,0.5,0,4,750,False,False,False,1.0,1197.1010321068702;868.4474618643468;429.9126711193959;905.8156592459713;,147.56935592877042;477.07398238498337;376.7572832858167;702.07657741914;
True,0.5,0,4,750,False,False,False,0.5,1242.7474574278197;441.1831421875792;,335.07271535524785;190.06840451852733;
True,0.5,0,4,750,False,False,False,0.75,223.75923721347453;619.617484123533;637.912872284349;,600.267475243717;678.6955077991365;572.1663466539885;
True,0.5,0,4,750,False,False,False,0.75,1987.4330310250386;171.26793768355438;77.58907259825347;,531.6878830023031;191.3188097773783;300.20518809356173;
True,0.5,0,4,750,False,False,False,0.75,669.4569095034302;909.6952828693765;2609.587268171953;,702.3733492320229;243.21906336878402;915.2934062322345;
True,0.5,0,4,750,False,False,False,0.75,326.2169564751159;204.01759868981742;3920.7189177042624;,172.9307798182765;576.719203929085;290.47340986343096;
True,0.5,0,4,750,False,False,False,0.75,1039.4193429041477;1554.2732203857674;965.2964366328428;,669.8587463267369;33.988978705989034;521.7532035408221;
True,0.5,0,4,750,False,False,False,0.75,295.926074868827;144.72190103994933;474.54823300616056;,885.6058948667138;206.17507182495484;370.22118042659736;
True,0.5,0,4,750,False,False,False,1.0,650.2131658028745;481.27428199208043;894.7016218526811;544.6494696728555;,690.7054465354335;870.1610577236886;484.42971205709995;333.6480836528654;
True,0.5,0,4,750,False,False,False,0.75,918.5175511881419;152.7777452307959;488.5997782536617;,359.02285657459896;99.8660166481094;566.4507081015283;
True,0.5,0,4,750,False,False,False,1.0,480.52177371014693;249.64092801524606;61.49319383913189;599.3170005559699;,630.8700335510061;498.07318494867434;195.64932064250135;597.2695668045812;
True,0.5,0,4,750,False,False,False,0.75,813.0289624862734;518.6415599904941;732.7681119190784;,934.4693829096258;300.4276585456513;678.9032534216628;
True,0.5,0,4,750,False,False,False,0.5,2011.744735199524;970.0940447480823;,1232.234508463514;730.8522749573051;
True,0.5,0,4,750,False,False,False,0.75,1014.7880196987107;493.74678864429353;119.30710466586135;,496.69997906599247;668.5611964249433;119.3071046658538;
True,0.5,0,4,750,False,False,False,0.75,1344.4604327153131;140.86099308699647;1065.1352520131325;,1397.6920346244349;311.15636367829524;1132.8983548912597;
True,0.5,0,4,750,False,False,False,0.5,544.2451509482512;2195.664032771482;,288.4482311589814;576.9206888440173;
True,0.5,0,4,750,False,False,False,0.75,798.6766754883603;1123.4090961903437;296.2331917553272;,523.8570286633368;341.4132078879998;285.94276405157086;
True,0.5,0,4,750,False,False,False,0.75,194.80278709601603;882.6074508093532;596.3077489090613;,119.05485524417415;417.7913786115476;538.4789841808582;
True,0.5,0,4,750,False,False,False,0.75,562.1053309190976;944.6453923671095;1082.7418195025173;,473.3131271565148;980.3356057031851;583.2289836605152;
True,0.5,0,4,750,False,False,False,0.5,1740.2134810221612;414.442107287402;,711.9231947159993;582.0019434515604;
True,0.5,0,4,750,False,False,False,0.5,803.4786966024772;1131.27828743199;,392.27906227488916;307.3991273288912;
True,0.5,0,4,750,False,False,False,0.5,602.1631069052413;437.5158101476942;,273.6124969975216;214.33167037058868;
True,0.5,0,4,750,False,False,False,0.5,1113.046575618478;952.2401062964244;,266.7372981703621;548.4260366494605;
True,0.5,0,4,750,False,False,False,0.25,851.9287039620818;,225.5472068136435;
True,0.5,0,4,750,False,False,False,0.75,384.366541825618;2525.9388953754305;756.0932094259874;,464.87087994995113;224.24520322322027;493.50491494105614;
True,0.5,0,4,750,False,False,False,0.5,826.3185174871273;1887.571091284434;,555.213310569856;413.495235470648;
True,0.5,0,4,750,False,False,False,0.75,579.7581928661104;753.8387708727975;640.7642933717077;,411.0758278580476;362.58294308406386;592.3719804018359;
True,0.5,0,4,750,False,False,False,0.75,3624.672771924831;538.3927859615654;1185.6491366467521;,459.7686396629201;699.5422735250422;1069.2646484855477;
True,0.5,0,4,750,False,False,False,1.0,223.82955858691477;1267.292933133551;550.676870307072;200.35425063920664;,492.54226312562196;498.51847546717465;346.04505922244726;90.91522514838313;
True,0.5,0,4,750,False,False,False,0.5,1228.3816646067114;1146.59669913144;,853.0903990767358;418.8814587360765;
True,0.5,0,4,750,False,False,False,0.5,2697.666045811764;1251.8759590120633;,457.62777941064417;197.11017500185406;
True,0.5,0,4,750,False,False,False,0.75,338.48238446622787;909.1092097618923;756.5176040214823;,275.4897588004785;906.1804958566365;685.9914415479575;
True,0.5,0,4,750,False,False,False,0.75,137.21130203468965;120.64701766885109;154.8572273810929;,209.49999559667467;371.1847414535189;487.82050154847207;
True,0.5,0,4,750,False,False,False,0.75,668.3466218415182;381.2468846796903;2839.9334829883337;,240.27885224948196;737.8128013210566;54.55676746047633;
True,0.5,0,4,750,False,False,False,1.0,554.1155766524998;976.387884173088;39.25938849466838;684.8521800883175;,323.3682323512465;1091.9324719079907;112.74035493799182;222.6733294424866;
True,0.5,0,4,750,False,False,False,0.75,1497.102365533529;141.79969322666756;162.82326492090462;,639.474020465881;201.40639401072366;1191.0797324849907;
True,0.5,0,4,750,False,False,False,0.5,883.388070560412;1875.558306354258;,494.67449179765333;357.507182303909;
True,0.5,0,4,750,False,False,False,0.5,3457.249658232647;517.892937979931;,359.045434802599;684.2374674210292;
True,0.5,0,4,750,False,False,False,0.5,926.9242630625862;1269.5382217251886;,476.7647820727721;168.41780694985513;
True,0.5,0,4,750,False,False,False,1.0,371.2841488091523;674.933805724128;590.3952176362452;899.4573161472207;,194.9555560087363;497.1869210930745;424.3320083874576;936.4630675838538;
True,0.5,0,4,750,False,False,False,0.5,1389.6080001714042;813.4489126451895;,764.9023750096547;462.4779642700086;
True,0.5,0,4,750,False,False,False,0.75,2468.3756412050457;726.6085795194144;601.4514434008375;,228.1440551063469;573.8727493644451;598.4164166281;
True,0.5,0,4,750,False,False,False,0.25,1839.4432657946752;,1131.2350927160012;
True,0.5,0,4,750,False,False,False,0.5,3822.028895931418;543.7782337449437;,838.2643988359794;264.1340699056825;
True,0.5,0,4,750,False,False,False,0.5,1607.1959167843747;1153.0819206013364;,424.3400346853588;726.0148727465116;
True,0.5,0,4,750,False,False,False,0.5,282.86632282895835;1451.5771261949444;,888.6682310817524;555.403612758671;
True,0.5,0,4,750,False,False,False,0.5,929.4251119598486;1991.1901755806794;,490.69047601339685;721.7519925282064;
True,0.5,0,4,750,False,False,False,0.5,481.22529547020804;909.4518571942176;,145.5105926544237;711.8243009887027;
True,0.5,0,4,750,False,False,False,0.75,223.77391581092752;415.8014082117949;2277.8350430607793;,155.00416013146742;329.1218516767392;514.1814662752076;
True,0.5,0,4,750,False,False,False,0.75,775.5261551671816;814.7445932587773;1110.9213139217643;,460.9395817356602;569.966720579421;472.43032403630406;
True,0.5,0,4,750,False,False,False,0.5,1451.093122328475;264.86828606654035;,660.6239950974225;726.9511538087954;
True,0.5,0,4,750,False,False,False,1.0,613.0492507913281;255.88952407786564;255.80516975412186;1189.8205495806205;,736.5863796752304;376.8893094226096;618.4798973535786;938.7788800588397;
True,0.5,0,4,750,False,False,False,1.0,513.4160339570298;523.079865513817;442.8986821008461;612.4815561804586;,144.44777005334117;595.0393082535987;374.7155412198285;595.1315858081074;
True,0.5,0,4,750,False,False,False,0.75,1171.5029570635766;1090.6614734389614;612.3324794654104;,760.0238820743315;212.77302195672914;508.07337676590936;
True,0.5,0,4,750,False,False,False,1.0,163.8366160082422;516.2853604010186;459.53480331517585;447.38150013161135;,207.44179883126358;584.3389337378353;479.93070228854975;527.7756212943239;
True,0.5,0,4,750,False,False,False,0.5,679.9781414150257;569.3839637613548;,701.6633343228625;440.17883898228234;
True,0.5,0,4,750,False,False,False,0.75,1238.532123416624;1478.88030854076;312.8024835135931;,567.8363843644587;687.0180832059682;284.3432365267911;
True,0.5,0,4,750,False,False,False,0.75,2016.8262675105675;433.8024360552705;174.2526168921946;,1478.7773435146246;561.7122864629579;415.64400070965337;
True,0.5,0,4,750,False,False,False,0.5,357.98998369346344;304.32736445730035;,464.97544854708667;502.1820473273048;
True,0.5,0,4,750,False,False,False,0.75,1310.872895546604;1139.0377792794643;745.0928480024319;,387.87403773986273;781.8045866147887;354.34632714356013;
True,0.5,0,4,750,False,False,False,0.75,1317.0033285913116;139.51027057925887;1571.3808631794584;,698.8785411734958;139.510270579258;968.5159418164884;
True,0.5,0,4,750,False,False,False,0.5,1108.8924291962526;1170.4391743987865;,1011.4396318673543;669.6414468210764;
True,0.5,0,4,750,False,False,False,0.5,1205.164856922873;1327.1266043297994;,506.2158186231504;487.27290165081746;
True,0.5,0,4,750,False,False,False,0.75,721.1319456334923;676.4182558615245;773.5091097009729;,791.0098873495645;456.6533789908018;291.5591082811965;
True,0.5,0,4,750,False,False,False,0.75,959.5900395389807;678.1569806805485;281.66992541917443;,930.0238630854058;606.4622980818519;352.5951431794456;
True,0.5,0,4,750,False,False,False,0.75,71.30424427317182;323.3194238276436;118.60343258566469;,128.82054561712965;291.8448422014321;164.8562360028809;
True,0.5,0,4,750,False,False,False,0.5,464.09222121309;4350.354420610823;,82.88511658381455;404.19567239529755;
True,0.5,0,4,750,False,False,False,0.75,1008.2024584471508;979.202307818786;543.1768297126722;,514.4268857170464;680.9902735330949;539.9128656896602;
True,0.5,0,4,750,False,False,False,0.5,584.5730536764563;664.1112002062192;,718.533677708856;598.0116389442966;
True,0.5,0,4,750,False,False,False,0.5,504.0317655606793;532.0080014189067;,467.62830373937425;390.5685981543006;
True,0.5,0,4,750,False,False,False,0.5,71.82499012563814;1594.9442108844332;,737.6652360364752;518.4089986197887;
True,0.5,0,4,750,False,False,False,0.75,993.2177461203585;399.3739612307264;598.1271063032026;,915.6798598604964;628.2565905567734;702.6940168435352;
True,0.5,0,4,750,False,False,False,0.75,1273.1248453315443;572.9892596206787;1317.180363895979;,176.05991279941279;581.3586585526367;383.27926190549505;
True,0.5,0,4,750,False,False,False,0.75,187.46975068642516;2162.8035764400424;1522.0819282100392;,625.99650565445;755.9445632803767;840.8582055147397;
True,0.5,0,4,750,False,False,False,0.5,1287.6757438840414;622.9594169222462;,313.29482548252497;1047.9325946569534;
True,0.5,0,4,750,False,False,False,1.0,219.87078646082566;302.06176616195955;544.0029026400256;1320.211681501908;,466.2928715268951;594.5297687155974;401.82446367632656;1147.3012275661927;
True,0.5,0,4,750,False,False,False,0.75,489.41653732198597;70.07928776500967;362.1970709582345;,507.4070919573977;443.76898571397186;362.1970709582335;
True,0.5,0,4,750,False,False,False,1.0,1024.2989283981306;368.6222792474267;580.817103410686;1197.2862346068302;,271.7573076320976;123.92031248620319;339.75166225964824;1028.8628519808851;
True,0.5,0,4,750,False,False,False,0.75,868.7456881013962;746.7850803800859;458.24132661930236;,1066.7924842868697;539.3662829212143;591.2602821095983;
True,0.5,0,4,750,False,False,False,0.75,116.04278565155938;103.63423989324069;154.41246632054145;,84.90614277551258;260.56584691306824;407.28523240253395;
True,0.5,0,4,750,False,False,False,0.5,2430.379155481646;801.7778159418613;,514.443686559452;741.9386153795365;
True,0.5,0,4,750,False,False,False,0.75,2489.0402360740727;444.6489215481994;728.7792272742936;,1704.240088297009;401.7311197113645;728.7792272742934;
True,0.5,0,4,750,False,False,False,0.75,518.9699400280663;166.2741152158428;326.1643167105598;,1147.3428251369285;569.4293861367378;750.1523135460516;
True,0.5,0,4,750,False,False,False,0.5,559.879937253081;1042.3847120128114;,800.840484309808;477.3662542244129;
True,0.5,0,4,750,False,False,False,0.5,683.9665322805206;381.4132060360069;,498.5078093007921;151.57750092210057;
True,0.5,0,4,750,False,False,False,0.75,417.99239113122843;921.4352387049169;659.3760887756915;,193.31807782380073;872.0353429188309;438.77124193428523;
True,0.5,0,4,750,False,False,False,0.75,381.1250141819166;1797.4186237358379;348.35880325636543;,265.87225069968963;302.94432237673914;279.9425079401518;
True,0.5,0,4,750,False,False,False,0.5,909.9405761940435;1205.1442025014796;,730.5476941276487;469.8118559841162;
True,0.5,0,4,750,False,False,False,1.0,509.2754202200715;794.5497910282835;205.34999387378195;1579.0105678019872;,535.3231458166506;543.5800986325097;280.6124137018348;1328.797667474012;
True,0.5,0,4,750,False,False,False,0.5,601.2279521628673;394.0176344639889;,212.72318235520305;403.2684313145366;
True,0.5,0,4,750,False,False,False,0.5,484.0386430170846;1811.1552310847048;,1200.8535443693731;500.2884623642751;
True,0.5,0,4,750,False,False,False,0.75,523.1282847625711;616.3149498488461;617.4668070454652;,280.3899919457968;187.64539283871082;498.1304762021835;
True,0.5,0,4,750,False,False,False,0.75,417.8521664189718;856.0611972366588;245.32492779790198;,428.304597167387;432.7768492501462;895.193171975051;
True,0.5,0,4,750,False,False,False,0.75,316.4245951779113;251.34393649048175;614.6566046006506;,418.76819593894044;277.13171023419125;504.5626242690548;
True,0.5,0,4,750,False,False,False,0.5,642.5742268384336;1384.944506620689;,246.6145965004831;792.0950684516994;
True,0.5,0,4,750,False,False,False,0.75,131.91168701671344;391.32093134707486;816.3057915453358;,144.23132663032294;711.727995399462;715.6977429408846;
True,0.5,0,4,750,False,False,False,0.5,1147.2239948340225;1603.3778409398396;,330.66760227376915;259.7607919010385;
True,0.5,0,4,750,False,False,False,0.75,1700.589243707301;557.8404174992837;513.2882499404523;,566.8066705747161;308.2398604010376;420.21552635348223;
True,0.5,0,4,750,False,False,False,0.75,1038.2201828838045;929.3999452571269;393.72561922656917;,878.6098992965461;876.1891677860435;527.7586176854165;
True,0.5,0,4,750,False,False,False,0.75,331.5878905634223;878.3087677348811;1185.283064321567;,446.6471460914611;328.53838702410536;331.10209839925506;
True,0.5,0,4,750,False,False,False,0.75,803.0433015607017;2456.3868199281887;1368.2496342433144;,607.3040995229987;272.06917178293696;948.5757918436597;
True,0.5,0,4,750,False,False,False,0.5,1048.3775953468494;1668.6380086344113;,273.4230932418674;117.98101826393149;
True,0.5,0,4,750,False,False,False,0.5,470.57263373876907;920.7646531811672;,626.7544369884675;798.7553643832773;
True,0.5,0,4,750,False,False,False,0.5,320.4047855188738;764.6279275319274;,143.12308305340778;439.79087082653604;
True,0.5,0,4,750,False,False,False,0.75,713.0029347966721;546.7824693572163;250.55001240040855;,847.4057298727747;337.0060817776638;203.46875482523882;
True,0.5,0,4,750,False,False,False,0.5,1908.0755700826253;832.6291349713338;,1865.8473337044013;365.3739976132526;
True,0.5,0,4,750,False,False,False,0.75,1060.2057583418755;1130.6005979829995;137.75539250076042;,346.6137116807145;1056.2247687690826;410.7013612711511;
True,0.5,0,4,750,False,False,False,0.75,1609.1051985498189;1389.2576043110898;211.72367780927118;,839.4797648989359;1103.6824174719925;415.2127028866889;
True,0.5,0,4,750,False,False,False,0.5,336.5506523795882;718.2181240697961;,403.30627299854694;191.70227432440794;
True,0.5,0,4,750,False,False,False,0.75,1067.8358914314795;594.7148259644881;1175.85476698548;,908.5869009771135;414.0065587337533;540.9223965220659;
True,0.5,0,4,750,False,False,False,0.75,873.181336487301;780.4518826981612;332.5178204069088;,145.52939272903575;345.0767975112846;507.2094366480912;
True,0.5,0,4,750,False,False,False,0.75,767.1001249795402;698.3391190082358;475.2555332010534;,587.7015781268996;476.75852553406816;949.8919936551911;
True,0.5,0,4,750,False,False,False,0.5,758.28367257659;1149.6573078999786;,742.6151529520013;122.12861966116625;
True,0.5,0,4,750,False,False,False,0.5,111.8585146976793;1271.4771315220398;,429.32230272040806;1033.4298813426226;
True,0.5,0,4,750,False,False,False,0.75,1320.4540332556185;632.2325820611477;509.40966398298576;,297.38607771161224;942.2420931878029;402.26636203258954;
True,0.5,0,4,750,False,False,False,0.75,690.6131481015756;696.6101378293973;1168.0903179089478;,760.5983650040869;736.6315504862006;1174.7870235533542;
True,0.5,0,4,750,False,False,False,0.5,625.6157524266995;618.9567446077978;,307.82161546876563;561.0073220308711;
True,0.5,0,4,750,False,False,False,0.75,1136.3060704001039;491.93355628788714;824.504929669825;,571.8040805076474;360.28310548397576;556.6574280688665;
True,0.5,0,4,750,False,False,False,0.5,253.62516474629564;757.8923896146239;,441.81074244359144;704.5739371150102;
True,0.5,0,4,750,False,False,False,0.75,910.5873493823583;527.0668523722616;249.08533984959007;,878.1114814826251;533.5061369023807;348.2218638763897;
True,0.5,0,4,750,False,False,False,0.5,294.04330219257474;1406.8585020445255;,517.242817216087;636.181342004268;
True,0.5,0,4,750,False,False,False,1.0,955.5463600951106;496.183497010584;912.3323461353591;734.1995386631738;,637.671702904666;323.1389705879064;843.0258283900845;684.1912492706213;
True,0.5,0,4,750,False,False,False,0.75,889.1850956750254;1024.8181859953954;684.5207880944744;,702.9082229739574;687.9564836218142;786.9803994585311;
True,0.5,0,4,750,False,False,False,0.5,1240.2030785454324;572.302880053201;,478.6799405929705;371.1605394963174;
True,0.5,0,4,750,False,False,False,0.5,95.96787709059706;1034.9800868738912;,398.1669866191019;461.8193036013255;
True,0.5,0,4,750,False,False,False,0.75,462.3248214018415;1073.020396088644;2737.125045349285;,244.0663309152998;802.1491784021118;271.59172393939593;
True,0.5,0,4,750,False,False,False,0.5,929.4679783973273;1012.5756064265263;,760.6447939657776;141.31357583353105;
True,0.5,0,4,750,False,False,False,0.75,454.96850824147873;1449.2799885105808;594.750220372598;,346.8498083362622;808.759016852457;190.0543246991435;
True,0.5,0,4,750,False,False,False,0.75,575.7639317266824;777.839760520049;1940.6024758660208;,385.60875532292596;467.5636919041929;784.1255247586492;
True,0.5,0,4,750,False,False,False,0.75,669.3932108578659;854.8876705786294;1252.5824361631032;,712.6783397268102;210.43631798201412;364.3005275578805;
True,0.5,0,4,750,False,False,False,0.75,915.241740929424;238.23653622606759;625.996729098187;,485.29825092671564;318.1398408501191;682.0319414205956;
True,0.5,0,4,750,False,False,False,0.75,119.30688797910882;209.27178936863527;198.90009375079393;,142.21957754932993;340.25570871099205;205.3546751073529;
True,0.5,0,4,750,False,False,False,1.0,697.3798484575598;364.72534045360544;237.1033478716911;807.5977398721623;,385.2991429374151;262.20394241068294;237.1033478716957;729.4604036706224;
True,0.5,0,4,750,False,False,False,0.75,314.78538884857926;471.55567007220935;399.56511763457877;,463.503455450836;728.0680660443164;248.30118403415318;
True,0.5,0,4,750,False,False,False,0.5,717.1403995610266;771.2698552202651;,729.1743657249344;708.4256788744573;
True,0.5,0,4,750,False,False,False,0.5,125.14197766898127;2545.686149824586;,106.32095439298602;976.8226485760084;
True,0.5,0,4,750,False,False,False,0.75,189.75832189945385;299.14904093056526;913.9726398959228;,254.0214901443295;250.40924993854455;915.4123527450056;
True,0.5,0,4,750,False,False,False,0.75,3046.3502611822723;476.67668368912007;582.2802775431842;,151.67984165543103;503.7217684939899;546.4432150450268;
True,0.5,0,4,750,False,False,False,1.0,2416.569626107299;768.83091467336;597.273711837295;497.80289873130107;,1435.409391636787;754.2204977058112;128.34339441046035;167.36520680212317;
True,0.5,0,4,750,False,False,False,0.5,922.9727356567744;317.92016712152434;,1459.6588693065175;222.52050406658387;
True,0.5,0,4,750,False,False,False,1.0,367.137884007367;1507.4221028990423;743.0673756854902;777.6638900633853;,190.3838289203513;944.7758501414904;754.1510786791276;459.15752977251606;
True,0.5,0,4,750,False,False,False,1.0,491.8899252089752;630.5256054718125;998.2771646759753;1121.4099595982493;,454.17016758147923;677.2145155057331;842.5046104512177;851.5170980512651;
True,0.5,0,4,750,False,False,False,0.5,242.11964268857506;694.0831272694975;,101.80738035673049;28.24888890979331;
True,0.5,0,4,750,False,False,False,1.0,1393.3615174805086;1126.7447960612337;1446.7895723652155;463.99612780871286;,177.17680293465068;467.7402761251967;829.5458908957808;511.441512206454;
True,0.5,0,4,750,False,False,False,0.75,1035.6577835009577;633.6670045467338;1601.71980626144;,437.301158336814;532.7082281821765;682.8971612431656;
True,0.5,0,4,750,False,False,False,0.75,244.78480021557598;639.4265176908821;517.6163451269294;,212.27360747775734;521.2511021869134;480.6771071525184;
True,0.5,0,4,750,False,False,False,0.5,426.50218252544715;276.54884423120103;,234.61102187190002;198.77254853981842;
True,0.5,0,4,750,False,False,False,0.75,1113.7972841684762;954.2817919342892;378.75218012336154;,502.79178679366186;347.3926307617669;430.93360129081105;
True,0.5,0,4,750,False,False,False,0.75,1103.125119870307;237.7440770045524;404.33608756833763;,410.0769680198758;261.63823327652966;798.58991059995;
True,0.5,0,4,750,False,False,False,0.5,580.0976059677672;308.29730019462113;,206.4648650741045;468.0319789395782;
True,0.5,0,4,750,False,False,False,0.75,1270.4021396559876;781.2539630334628;91.24548738829807;,377.52471172312926;703.9077680431409;434.8307732558346;
True,0.5,0,4,750,False,False,False,0.75,1588.0703064899565;1439.9824930893533;539.5614242878387;,463.38970650891304;1260.1842985760748;65.64672124099631;
True,0.5,0,4,750,False,False,False,0.5,1313.6093473689516;652.2952361454098;,574.0500690354504;941.7316368043913;
True,0.5,0,4,750,False,False,False,0.75,629.4429450432287;377.36849668807633;1110.2910547655758;,387.5047987916977;535.0759597358708;759.0119804870296;
True,0.5,0,4,750,False,False,False,0.75,1050.866432983699;380.2908667517815;1688.1846212371336;,780.6927530860949;87.45237106735084;157.09039562100335;
True,0.5,0,4,750,False,False,False,0.5,588.8743547195085;736.4234865673278;,557.5005771999349;726.6342500806388;
True,0.5,0,4,750,False,False,False,0.75,698.5499645561458;562.6572642157802;1247.0544414727049;,489.66499544525504;662.0758456280727;1761.152910790738;
True,0.5,0,4,750,False,False,False,0.5,382.65770876382237;823.7260119026068;,354.87757768656905;292.02463946322723;
True,0.5,0,4,750,False,False,False,0.75,709.6668902689923;808.6583210277596;779.615496712892;,760.9411074974663;533.5787743272724;799.2653910967077;
True,0.5,0,4,750,False,False,False,0.5,578.98304653817;1179.964714441015;,1028.9286753826216;269.0494414463665;
True,0.5,0,4,750,False,False,False,0.75,214.69881453757043;159.0511002430912;136.83862223071975;,339.66397343291095;101.82293419771716;165.08922584404866;
True,0.5,0,4,750,False,False,False,0.75,1507.280699826382;989.6420550664407;389.7911014978686;,607.288954275592;958.4819280852092;601.5406671473202;
True,0.5,0,4,750,False,False,False,0.75,449.8629290794879;1685.1114193138308;495.4929300415058;,534.9500562484554;466.98580461376264;625.5845313312516;
True,0.5,0,4,750,False,False,False,0.75,374.78981500944195;682.9947822349895;410.63493524618224;,567.0836910629841;763.3846508516726;327.1671704199159;
True,0.5,0,4,750,False,False,False,0.75,1406.2398204852398;1440.205088061735;704.2299008876362;,678.3048156229455;710.5631551754792;434.635725953891;
True,0.5,0,4,750,False,False,False,0.75,710.3739486818993;478.6209931528583;790.7005750310103;,274.5302004488289;229.2158325727114;798.5254130967684;
True,0.5,0,4,750,False,False,False,0.75,251.0305976238171;412.5854359124571;1170.0357375586295;,345.3746157823288;799.4410839604813;973.1638859213284;
True,0.5,0,4,750,False,False,False,0.75,259.0559264746601;412.1429199634378;1215.5506945524262;,447.77449146083995;507.0390626233509;811.9623495240669;
True,0.5,0,4,750,False,False,False,0.5,1016.9011001698029;633.1342131783438;,495.6815939846615;356.37678675431107;
True,0.5,0,4,750,False,False,False,0.75,6548.601199685933;726.5416443673405;950.7762998687423;,1308.2628652386798;449.0308528276725;876.8747622225085;
True,0.5,0,4,750,False,False,False,0.5,513.1790275417015;535.6537900851605;,435.14389207780096;592.7855129369609;
True,0.5,0,4,750,False,False,False,0.75,675.6915374752289;528.721969522398;483.3365526251573;,545.5676125803592;500.1590276984674;297.4555943313214;
True,0.5,0,4,750,False,False,False,0.75,592.2058305084777;1924.76655204729;377.09487591287524;,775.4243318146289;690.6560823388832;359.67406753960137;
True,0.5,0,4,750,False,False,False,0.75,2305.6069368703884;658.0694648475043;134.8237203064599;,543.7093734752528;342.0018159480347;216.87179591592098;
True,0.5,0,4,750,False,False,False,0.5,574.602818748198;258.4719209402844;,680.1755465065221;334.637845881426;
True,0.5,0,5,750,False,False,False,0.6,639.8483342491526;596.9098156064772;628.3214241736529;,792.2169289198297;281.5250708125231;436.8217059597643;
True,0.5,0,5,750,False,False,False,0.4,1543.3868189315767;318.5175517090888;,138.00049810262212;508.26409526753815;
True,0.5,0,5,750,False,False,False,0.6,953.4494254632217;442.54614539888416;690.8199408220851;,741.6851670904396;524.4680645735278;184.67126207029406;
True,0.5,0,5,750,False,False,False,0.8,887.833042502012;290.2001787683824;3447.9693895364217;304.23943628304835;,1106.500790332391;216.89698854056007;503.29026304158606;318.89579093144425;
True,0.5,0,5,750,False,False,False,0.4,1676.8908093601488;748.2941732109631;,993.630636485403;761.3653426212707;
True,0.5,0,5,750,False,False,False,0.6,431.78023548154994;266.3291837897283;407.7928864042364;,476.55351783895526;391.31591848288343;164.64458546532154;
True,0.5,0,5,750,False,False,False,0.4,1193.860964328314;865.7172618546845;,757.2631610961632;71.28881892965569;
True,0.5,0,5,750,False,False,False,0.6,1546.1227596423103;596.8464958036709;3377.0881092190984;,944.7533567712524;547.9008535082662;1119.4784666022463;
True,0.5,0,5,750,False,False,False,0.8,386.3406424457394;227.884827654082;817.6837910965785;864.8009471759736;,526.6428491963247;193.4818290591273;179.0242626681412;511.9225024754026;
True,0.5,0,5,750,False,False,False,0.6,1101.316750581701;966.2781760227736;1261.641910169001;,577.1288394766966;814.6519804399395;660.3182703486012;
True,0.5,0,5,750,False,False,False,0.6,365.3245051738717;1670.781668146376;3035.3022160658697;,471.7879155384528;823.312790742145;1185.9599754384153;
True,0.5,0,5,750,False,False,False,0.8,583.1521974346391;458.27883549819506;2211.9458269867027;1947.7357164090042;,516.2863128131319;293.6398212820513;673.6632939568367;354.45456926288136;
True,0.5,0,5,750,False,False,False,0.6,689.5565895109229;268.8370567176881;491.06556832273736;,309.0448748286244;577.1775777514081;808.0118147597311;
True,0.5,0,5,750,False,False,False,0.6,2166.5806125764075;1116.4526248448674;74.72708415931912;,335.0004185902473;645.4893543084396;265.36587152789224;
True,0.5,0,5,750,False,False,False,0.4,739.080386629893;920.873159006315;,734.357539840881;394.2709747269634;
True,0.5,0,5,750,False,False,False,0.6,290.14549904725675;1451.7601587088434;226.77617190590416;,336.6087079174307;800.7373863760819;208.77440353057824;
True,0.5,0,5,750,False,False,False,0.4,603.6685472305977;1607.164469188061;,359.20216223311064;404.52479581266357;
True,0.5,0,5,750,False,False,False,0.8,801.5386968083704;1922.9689890082823;214.4584219008262;364.2126399666529;,855.3058904086242;170.2603632178513;180.82080818758874;92.77366921593458;
True,0.5,0,5,750,False,False,False,0.4,760.4115135833052;1645.0444382439955;,331.7578907424591;330.7791601801566;
True,0.5,0,5,750,False,False,False,0.4,878.7827842216393;1621.9088269243994;,506.87054989269103;1601.8597843667956;
True,0.5,0,5,750,False,False,False,0.6,113.47199692643242;854.8146387876392;257.22841291124297;,296.4874203694353;414.5087486348018;381.8863906517711;
True,0.5,0,5,750,False,False,False,0.6,579.1375815613982;1526.128941198771;253.57553852150147;,676.6592279412992;54.9577604963381;393.57016070031943;
True,0.5,0,5,750,False,False,False,0.4,293.8487455601856;510.045680268967;,161.21807305556547;799.7492597862944;
True,0.5,0,5,750,False,False,False,0.4,2613.562170017042;626.7976219236991;,262.13391132256237;579.7613400960547;
True,0.5,0,5,750,False,False,False,0.4,3107.3796730692284;456.9403675011231;,579.3834403377066;59.46508050562744;
True,0.5,0,5,750,False,False,False,0.6,1868.72196359342;1305.0373171921237;597.6055625151732;,25.171495177908092;870.9884223203364;78.60730651005116;
True,0.5,0,5,750,False,False,False,0.6,710.4184445906404;267.0842308555608;2076.636183261349;,835.131725096638;450.3594843511891;857.3338772553902;
True,0.5,0,5,750,False,False,False,0.4,565.8071194175742;1178.1566306474042;,526.2665678702708;1060.9252528364636;
True,0.5,0,5,750,False,False,False,0.4,2749.360155198108;905.4259226615818;,382.60501808231265;233.41145082625488;
True,0.5,0,5,750,False,False,False,0.6,558.2842277420351;78.57207812249926;1123.2281181695962;,585.3771121510155;184.69298040957005;456.56438551983416;
True,0.5,0,5,750,False,False,False,0.6,420.6165714196519;1207.5373495388903;926.7804929960082;,584.0287199819379;726.0910222608637;579.6750546381318;
True,0.5,0,5,750,False,False,False,0.6,565.3663245865255;332.1812773373583;1931.3231340845937;,708.854327787481;172.30356327070132;1709.7039032103519;
True,0.5,0,5,750,False,False,False,0.6,626.6650785132506;348.5666283170617;697.9319800141593;,1087.3241602991066;570.928353743359;737.4370236963488;
True,0.5,0,5,750,False,False,False,0.6,1010.5976953904872;2433.107123797438;783.124857586742;,335.50649186837103;426.16923026498506;734.7569277248793;
True,0.5,0,5,750,False,False,False,0.6,939.8898176353341;389.92858779938956;1221.5759945316317;,657.2840539669309;778.6965951247658;1176.8641301190628;
True,0.5,0,5,750,False,False,False,0.6,1093.299898226003;890.3773470151758;677.7929682570572;,210.47081690138114;594.5828501545785;269.3532354890471;
True,0.5,0,5,750,False,False,False,0.6,2061.356579563678;947.4206710835218;104.15654720197398;,544.7571937333206;247.2138351418908;636.4257828308397;
True,0.5,0,5,750,False,False,False,0.6,1130.6421794686842;3491.671090506925;976.5091424031132;,1267.4905084004695;326.1779995249618;222.42526144376697;
True,0.5,0,5,750,False,False,False,0.4,1132.4121360380498;2031.1940089835082;,405.65066661666293;1078.2154621201555;
True,0.5,0,5,750,False,False,False,0.6,858.8296768377526;545.3127247039347;708.7516413788508;,135.13030447225594;90.82691170452006;140.69576898151064;
True,0.5,0,5,750,False,False,False,0.4,371.27722105842156;2206.6596267061873;,535.5427096678801;389.4843151371823;
True,0.5,0,5,750,False,False,False,0.4,630.9838033527238;1520.016689016505;,537.7915417752005;461.8942563565238;
True,0.5,0,5,750,False,False,False,0.6,665.9610998723936;106.75178655907106;548.0175509328088;,429.4485846217599;523.6371523835071;403.16968528712806;
True,0.5,0,5,750,False,False,False,0.6,194.86907763684016;6309.365366523091;327.5294655857249;,590.6120835275156;382.56352382721906;492.6449122721324;
True,0.5,0,5,750,False,False,False,0.6,516.8399945389683;2539.159075993623;256.54423013583494;,146.69683550960795;494.2686456734495;214.64926618759995;
True,0.5,0,5,750,False,False,False,0.6,683.81281180978;311.1899080902938;564.4294347343895;,456.35500347455013;255.81062652765735;659.8107437778957;
True,0.5,0,5,750,False,False,False,0.6,1957.7546562447749;910.442767448918;808.6803559072473;,440.69896050426735;514.4519153779124;697.1774422405282;
True,0.5,0,5,750,False,False,False,0.6,1111.1896302685627;3200.42990094469;951.3503707826846;,237.98108326967656;95.56222999137174;190.45241707442875;
True,0.5,0,5,750,False,False,False,0.6,1239.6326007125679;481.5300403701892;206.54968849016842;,387.59473580262403;281.72390896000707;220.40564834282225;
True,0.5,0,5,750,False,False,False,0.6,1346.333538166422;567.5628071091633;509.7291870746167;,191.57720885809456;644.3924327252488;361.15169170370405;
True,0.5,0,5,750,False,False,False,0.6,1793.7262525832662;736.6012663349253;1519.7890609106394;,374.93763080506966;104.34830774070316;705.6731333686636;
True,0.5,0,5,750,False,False,False,0.4,2916.127719582677;357.43063439354364;,654.7416018632908;726.0227573077593;
True,0.5,0,5,750,False,False,False,0.4,394.79796465404695;1460.8897939059796;,415.61986116698824;375.07192325412393;
True,0.5,0,5,750,False,False,False,0.6,831.7010500809712;270.0666962445758;862.512670815407;,367.51677635148894;707.050008145451;596.1401551797442;
True,0.5,0,5,750,False,False,False,0.6,497.98852129694984;2355.89922458136;374.3519137661108;,257.39944932203457;335.6056376481136;166.44399704476612;
True,0.5,0,5,750,False,False,False,0.4,2540.3406827976437;175.39574951574713;,872.2812842878996;390.10648104953776;
True,0.5,0,5,750,False,False,False,0.8,388.85813374310993;862.3150483389933;580.8324231498995;312.38161074379224;,453.72976070049856;319.1004621629513;580.8324231499076;312.38161074379536;
True,0.5,0,5,750,False,False,False,0.4,507.6441956607853;942.2843209247942;,412.09080919864465;801.7059502800158;
True,0.5,0,5,750,False,False,False,0.8,2241.326861153018;252.2806125137327;646.3004104426337;382.2126388147871;,805.7753579080584;621.3353101728069;302.850795267555;190.23404812445864;
True,0.5,0,5,750,False,False,False,0.6,130.94226284116218;520.0292621667722;55.99354893495745;,893.495354062695;413.2487254520442;451.974801850736;
True,0.5,0,5,750,False,False,False,0.6,707.2586144860597;5065.539744960026;976.9620894530326;,243.28655575630097;499.3178346263809;948.9087548675636;
True,0.5,0,5,750,False,False,False,0.4,1256.1786269667925;898.4250994101461;,445.3889175669751;209.49536331282408;
True,0.5,0,5,750,False,False,False,0.6,1067.6539636337207;304.05945274124605;2024.948209174554;,1221.4318254455884;345.21386962365835;656.1652642337128;
True,0.5,0,5,750,False,False,False,0.6,1373.696963617757;607.4240141197835;1262.7002494331557;,628.7498065864157;415.2300189506724;462.3932464098441;
True,0.5,0,5,750,False,False,False,0.6,281.17624391739923;84.36744746910675;694.8154458115965;,1019.4073662643864;25.116319999466196;1188.4003463922438;
True,0.5,0,5,750,False,False,False,0.6,862.9981776673739;1555.1481498346202;554.2547046327376;,156.1201705239237;438.00909973763316;578.1491434709657;
True,0.5,0,5,750,False,False,False,0.6,1142.7265383780327;1221.7965630568715;681.1128655046132;,393.0910993364917;299.95857927982956;71.98808624430968;
True,0.5,0,5,750,False,False,False,0.6,493.96770930193287;121.86493899879486;333.2110220127706;,253.2619441010098;146.73236881741954;151.03262338062214;
True,0.5,0,5,750,False,False,False,0.4,697.350406705156;231.21529791308282;,447.28182425696815;421.35862787315295;
True,0.5,0,5,750,False,False,False,0.6,1612.7672591529504;1457.715493764484;1985.19421907947;,1010.3284137150208;177.3472873455014;685.5311810063467;
True,0.5,0,5,750,False,False,False,0.6,812.9919093090931;785.5277853674788;710.7751150809482;,913.1318261913324;473.6487280066949;1103.3252918982066;
True,0.5,0,5,750,False,False,False,0.8,123.19059279296842;842.4159393441194;998.9296542454401;741.5260276222971;,217.65239904645352;1061.7980697580808;1126.3251424684167;371.3139823759368;
True,0.5,0,5,750,False,False,False,0.6,547.3472954709598;639.8207946132862;318.06885532140194;,229.03127888926056;292.30684283916264;538.5819068412925;
True,0.5,0,5,750,False,False,False,0.6,257.93379021491324;899.1347723291394;1256.3882113049033;,155.1129126053667;892.4725561745616;985.4866968061664;
True,0.5,0,5,750,False,False,False,0.4,1187.1585019954534;2460.6477616721;,475.3109802585512;754.8943082092856;
True,0.5,0,5,750,False,False,False,0.6,599.3432195381216;949.6881310308952;2407.8105599707155;,1007.7787945676504;723.1125049516073;471.9008711048376;
True,0.5,0,5,750,False,False,False,0.4,649.682845212458;621.752370870826;,740.9656971854986;245.3928919162198;
True,0.5,0,5,750,False,False,False,0.6,960.8545759317027;612.6585888803893;560.3528432215692;,458.25042397738105;612.6585888803984;450.2869903993942;
True,0.5,0,5,750,False,False,False,0.4,458.82390621717116;395.21766492991674;,214.79364786122196;314.2653080917332;
True,0.5,0,5,750,False,False,False,0.6,688.8555759126907;285.7693621239491;2054.0190035504984;,283.28680998649037;650.2887855584196;366.9009648851837;
True,0.5,0,5,750,False,False,False,0.6,992.6542910206587;385.1847341995418;536.3937012245018;,680.4717076101365;400.1018990210021;578.4798072632378;
True,0.5,0,5,750,False,False,False,0.6,1103.760014030589;859.8579376176638;700.2309735831774;,235.76529941982758;473.73620393054665;249.33117968803032;
True,0.5,0,5,750,False,False,False,0.4,1478.4372577432391;454.8011896155172;,374.9180237811997;587.136959271242;
True,0.5,0,5,750,False,False,False,0.4,95.90498286564124;556.8614994999907;,308.7634644704829;192.5524588144182;
True,0.5,0,5,750,False,False,False,0.6,1131.973640267498;754.042158323753;135.40984792376855;,578.0986569726132;485.9931019532083;975.3371583344781;
True,0.5,0,5,750,False,False,False,0.6,1566.9947884272137;448.62078884535316;1314.5098465860106;,458.165979573945;523.0527152680609;1004.4412987237775;
True,0.5,0,5,750,False,False,False,0.6,975.4352496391322;1380.4079901880289;409.4685102343676;,689.5348350702694;145.72163312377288;84.30444627816973;
True,0.5,0,5,750,False,False,False,0.4,488.86123201159626;1380.49090328731;,503.39240020839225;254.22269248500234;
True,0.5,0,5,750,False,False,False,0.6,819.5287533622363;1515.6598412141152;1465.6729505484443;,251.83420009653287;1298.7044516144285;449.8422336465994;
True,0.5,0,5,750,False,False,False,0.6,318.98829526248306;256.65064600452564;1411.6013601223583;,321.5365870465199;484.3960786013771;404.9042805971997;
True,0.5,0,5,750,False,False,False,0.6,236.31137477972294;663.9280058012806;1576.1114631465664;,825.438240676372;401.30071338376956;380.27327023259653;
True,0.5,0,5,750,False,False,False,0.6,249.78920733689142;1032.2423372177673;2121.479622575359;,290.0689189063802;178.69598240697408;497.47731861532145;
True,0.5,0,5,750,False,False,False,0.6,680.2969543874643;1698.2173909600924;5926.546606599784;,323.6264976466851;301.2204959548822;28.052833728863185;
True,0.5,0,5,750,False,False,False,0.6,196.14133517508864;514.6079392513191;1266.4307211761557;,123.33662509361783;391.3859780709709;327.70432010803887;
True,0.5,0,5,750,False,False,False,0.6,294.8923724544933;760.2091538953272;992.4717581340453;,352.31368994875083;267.27537891117163;711.3840822602192;
True,0.5,0,5,750,False,False,False,0.6,534.7681992874507;388.3035050352821;701.712771286872;,300.8233696093825;77.49201083313773;719.0461460461837;
True,0.5,0,5,750,False,False,False,0.4,368.73922175478424;149.89499277226534;,302.765805550507;214.04639160522828;
True,0.5,0,5,750,False,False,False,0.6,333.4712218969711;2348.1754987461086;367.14338198801966;,288.8584946506124;401.0891039343049;483.3563136171777;
True,0.5,0,5,750,False,False,False,0.6,1146.3771544602575;314.7453433090695;3527.7882899436127;,199.3704766779526;287.5981125268195;225.46426205091012;
True,0.5,0,5,750,False,False,False,0.4,114.18877980414707;864.5312281551312;,279.3311493405925;1111.1324913863696;
True,0.5,0,5,750,False,False,False,0.4,473.84340061927173;1158.9581492699629;,385.79449878300017;432.2370181626348;
True,0.5,0,5,750,False,False,False,0.6,1290.1104192636915;586.9773529721648;802.1571889570955;,1299.2008313539766;501.47529268985755;779.975674104395;
True,0.5,0,5,750,False,False,False,0.4,1776.9655505113674;580.0213000392725;,438.46314658334626;171.67600449988367;
True,0.5,0,5,750,False,False,False,0.6,411.410142239764;951.724350069652;3214.9291683140614;,61.55963242194904;662.6897395421659;742.4690893809164;
True,0.5,0,5,750,False,False,False,0.4,2524.899456198958;408.8582105719962;,758.0665948260364;238.29650070263335;
True,0.5,0,5,750,False,False,False,0.6,1125.1887662385288;739.2753839565086;2238.29458729019;,355.38526509441124;850.2585791496856;434.2309776088998;
True,0.5,0,5,750,False,False,False,0.6,1572.14558933752;313.5462100660556;629.9066283008674;,370.84751860635635;815.3783913582112;698.6652832515434;
True,0.5,0,5,750,False,False,False,0.6,253.395014534532;404.4795653111727;1169.395506691579;,314.80513247357754;359.1507160949936;526.838217384001;
True,0.5,0,5,750,False,False,False,0.6,764.0483119752515;1037.8929501845846;1012.9354313214301;,811.79655275854;1016.3347542607125;708.501558201519;
True,0.5,0,5,750,False,False,False,0.6,1232.1454987229195;407.99521551365586;177.32636144610473;,1106.0913952310084;427.69932335384203;137.41030022624057;
True,0.5,0,5,750,False,False,False,0.4,1375.1993117949585;447.7048053002901;,802.6540839509651;371.811009946881;
True,0.5,0,5,750,False,False,False,0.4,2850.656377582011;286.32026739671005;,748.4388244402022;131.86886780240297;
True,0.5,0,5,750,False,False,False,0.6,143.91243477791585;880.0692876156166;689.6267128961332;,802.3106591053067;141.29964856346717;376.85245045731773;
True,0.5,0,5,750,False,False,False,0.6,657.4548193880498;306.54462924725027;1165.6401393122417;,595.9072926998247;163.84382975688905;293.834395435193;
True,0.5,0,5,750,False,False,False,0.4,678.3003040936437;3008.949857868473;,665.0306193160942;489.4029876779322;
True,0.5,0,5,750,False,False,False,0.6,664.9533500122681;492.7808518262457;1011.2443956170994;,679.9042042386715;201.10889697413342;936.1949765415753;
True,0.5,0,5,750,False,False,False,0.6,2023.8699182672312;897.9708787655443;806.7950659629589;,210.4276437006171;348.5799813631023;658.1394826335838;
True,0.5,0,5,750,False,False,False,0.4,869.1870599546924;746.6229358858815;,56.10825202095289;660.6051993112079;
True,0.5,0,5,750,False,False,False,0.4,316.95898604393665;1315.469129723927;,568.7000651852279;1166.7934807547078;
True,0.5,0,5,750,False,False,False,0.6,192.60428068205601;1383.3691659935557;1606.2111851779825;,678.8263622440692;616.5501721811345;858.823218171289;
True,0.5,0,5,750,False,False,False,0.4,443.3536084448101;5646.735768607764;,305.4702891462227;785.3775680875896;
True,0.5,0,5,750,False,False,False,0.4,968.1244297742901;421.14158721119657;,790.5364630161178;330.821581832212;
True,0.5,0,5,750,False,False,False,0.6,212.8186665686753;1475.4175069352382;1872.1388880635773;,559.9740229579918;532.115004224933;539.5679377457292;
True,0.5,0,5,750,False,False,False,0.8,290.75611097838265;1103.2152457708987;426.2246970423645;1042.559161554678;,201.61092999843612;1027.9526177498624;431.86458955316533;506.58825355355987;
True,0.5,0,5,750,False,False,False,0.6,526.3131688273623;2661.503440099478;1217.0993968220653;,565.4462869799912;782.9670309427773;910.5112068664077;
True,0.5,0,5,750,False,False,False,0.4,625.5459578196278;956.702999902566;,865.949657684737;213.72559131173463;
True,0.5,0,5,750,False,False,False,0.6,357.03220007390127;571.3121837125165;1634.1448873263746;,440.8391906063821;410.91693887314864;461.0358197338931;
True,0.5,0,5,750,False,False,False,0.4,1566.7078467201306;1364.3548303130815;,401.6311080183735;541.0469430091655;
True,0.5,0,5,750,False,False,False,0.4,2238.7618102708616;1352.572523972004;,53.97520904771179;818.985564645652;
True,0.5,0,5,750,False,False,False,0.4,544.9074685347525;1493.6482598197226;,778.9509611518671;437.0157538946443;
True,0.5,0,5,750,False,False,False,0.6,532.1941739982885;408.9212466623368;224.4679010991932;,1235.690951500936;767.6035661381981;268.8930277737937;
True,0.5,0,5,750,False,False,False,0.6,444.7006184048958;917.8658852689844;888.3453091748679;,800.7966298772188;926.3942663091276;656.1290299494317;
True,0.5,0,5,750,False,False,False,0.6,185.49714922275064;1940.354334026163;990.1944832037955;,516.7553021197455;311.7947297876286;661.8363022223818;
True,0.5,0,5,750,False,False,False,0.6,472.6146644015421;1898.5513063972937;3273.2768897834862;,746.3328971914297;303.99358275268503;193.73655883090692;
True,0.5,0,5,750,False,False,False,0.6,400.81921563673325;36.0075372852409;1273.947994884106;,325.8318468989492;397.8962926607862;665.2709680288149;
True,0.5,0,5,750,False,False,False,0.6,237.8268849607633;1340.7174271271356;3959.741330320561;,378.1650021034942;307.70867828067384;202.28140196468237;
True,0.5,0,5,750,False,False,False,0.6,660.0796840017725;958.9533736370571;729.276246901494;,147.7749887909654;357.94961100463036;879.3653158508987;
True,0.5,0,5,750,False,False,False,0.6,459.79304235911684;1246.2101852257606;1271.8018739009055;,306.15814739342534;184.73488057869676;362.7697403722336;
True,0.5,0,5,750,False,False,False,0.6,1385.4337018353967;1548.8532936873094;1948.6565788282237;,966.306049158118;882.6152505440731;942.9525494647113;
True,0.5,0,5,750,False,False,False,0.6,1109.0540526157986;543.7843109157445;973.7331223822737;,128.0697759161611;481.47347627558156;366.0128739213936;
True,0.5,0,5,750,False,False,False,0.6,803.3723859760763;577.3080242711221;742.5639482092121;,12.68183777318474;424.72169949759467;352.7833935350161;
True,0.5,0,5,750,False,False,False,0.6,366.3215090791912;882.5208648040976;408.4232653642065;,112.09362607580178;511.2222516742212;278.12576988275947;
True,0.5,0,5,750,False,False,False,0.6,2015.944533066764;271.55377513287306;147.3337334044323;,474.03420764809493;429.41479809238535;385.94546120908745;
True,0.5,0,5,750,False,False,False,0.6,212.20078125174436;373.0332604521313;1735.383615383346;,567.9209638940841;259.1417209043171;1022.0929088448985;
True,0.5,0,5,750,False,False,False,0.6,646.5206944028856;815.2412150384804;1082.730306659861;,201.11896010883342;764.9222576741213;495.8495596825142;
True,0.5,0,5,750,False,False,False,0.6,1380.3094356232211;1069.4131400876972;2538.2843491598064;,784.8517190973058;868.099047392558;485.65042822587446;
True,0.5,0,5,750,False,False,False,0.6,321.6667275367525;1054.2569101563593;377.3386322535353;,183.70041639795767;332.72300946740063;439.22822784248257;
True,0.5,0,5,750,False,False,False,0.6,1576.8113669306565;545.2425570611084;1424.567171571513;,877.1745790526525;874.9836306184479;145.43579398240777;
True,0.5,0,5,750,False,False,False,0.6,561.996786417332;803.4470694160023;2670.4965528319835;,507.9225289661212;380.7568406211219;709.2907705937702;
True,0.5,0,5,750,False,False,False,0.6,185.12370329446833;318.620898747895;464.21609630215994;,1103.5916359078744;198.2150625699734;358.7929453254491;
True,0.5,0,5,750,False,False,False,0.6,2397.5504953005093;415.04723840064196;1053.418427458484;,505.5242650174537;175.7174219150977;848.3005656375913;
True,0.5,0,5,750,False,False,False,0.6,774.4690323965303;1067.5259263164407;639.1366813423199;,492.9566931821532;569.8135192461073;178.11570597655125;
True,0.5,0,5,750,False,False,False,0.6,633.9059636649274;1549.833948103754;788.6730338708303;,340.113212601462;254.02867287201147;501.7335246374993;
True,0.5,0,5,750,False,False,False,0.6,507.5776871163319;677.1889426033301;5359.986397987212;,207.0772384473952;1008.2998680863303;418.9640076814258;
True,0.5,0,5,750,False,False,False,0.6,450.4489514013098;828.7367065806457;292.40471649303765;,98.2029731194098;874.1085419760807;255.99286066957944;
True,0.5,0,5,750,False,False,False,0.6,767.8908838542819;434.76159151767837;491.7928560036303;,819.9464146322329;221.41250426149657;298.3458584161771;
True,0.5,0,5,750,False,False,False,0.6,785.4163055110251;457.70414437567587;386.3124755987317;,417.60832770363425;938.3429383981612;386.04499708517613;
True,0.5,0,5,750,False,False,False,0.6,788.4796224547881;304.4653793568976;968.6445684302207;,397.9572238588152;304.4653793568938;301.8290083308986;
True,0.5,0,5,750,False,False,False,0.6,158.41985616917296;538.3476402628182;339.16129507327224;,221.38817670737376;260.7055649465647;666.2981601076076;
True,0.5,0,5,750,False,False,False,0.4,695.0113224941216;1085.5359587778876;,564.1366206501705;1077.3299129818163;
True,0.5,0,5,750,False,False,False,0.6,1329.6702436636485;867.091346153362;873.9188067025877;,1067.0484413197487;23.093228063808848;847.533801091946;
True,0.5,0,5,750,False,False,False,0.6,480.948032311122;1926.3599394980222;1906.5858574767094;,526.249343582793;1154.6352453806855;290.4075615227933;
True,0.5,0,5,750,False,False,False,0.6,326.36954899973455;189.41897511016745;1875.5467461983653;,260.66602112668005;784.8375979435599;312.3158671356071;
True,0.5,0,5,750,False,False,False,0.6,4296.902805373551;647.790641062016;453.65928649295495;,148.73478053110455;555.5467352167352;937.297382258619;
True,0.5,0,5,750,False,False,False,0.6,412.0159541844818;192.246480173263;1055.517775881197;,311.2195377059298;1344.338456764834;180.24318985986793;
True,0.5,0,5,750,False,False,False,0.6,3080.2675343357687;161.15866021372577;4260.821236538562;,260.0250603068716;134.97024034902714;433.2700621130095;
True,0.5,0,5,750,False,False,False,0.6,1253.9316606320306;756.5397003257712;2723.184060838149;,77.2660057746269;887.9950277783721;410.3125436936816;
True,0.5,0,5,750,False,False,False,0.6,519.4167877174498;1783.928768789114;1173.7781886249595;,175.55355368710335;522.3190072528155;649.576437650905;
True,0.5,0,5,750,False,False,False,0.4,949.5134616000596;1155.8449983191745;,1434.2827074923293;921.9487649617282;
True,0.5,0,5,750,False,False,False,0.6,332.76377999998886;1217.2324883651931;385.8418387498575;,607.480596079765;173.9845534466481;347.9400003687265;
True,0.5,0,5,750,False,False,False,0.6,683.991880594864;2070.523885431493;315.9866739086034;,345.2362785039396;523.6498640173006;313.0931674204338;
True,0.5,0,5,750,False,False,False,0.4,748.3353026819324;984.0693203792737;,1176.4246601508164;967.1309477715403;
True,0.5,0,5,750,False,False,False,0.6,905.8490322955976;800.8818307855598;293.6713515740594;,901.3118264160495;11.259202479408756;441.06931419173804;
True,0.5,0,5,750,False,False,False,0.4,255.3253292865323;1964.661484270118;,407.11687405247284;655.4015782818293;
True,0.5,0,5,750,False,False,False,0.8,419.9079279255224;704.8069709458713;818.0332559358662;1131.8390325358073;,389.69492089236087;821.1556076713389;392.0287776552301;369.3037954979688;
True,0.5,0,5,750,False,False,False,0.6,369.6050534556997;740.8745849358869;596.199326816763;,55.990830288853296;397.26436017167157;87.6827562328884;
True,0.5,0,5,750,False,False,False,0.8,472.94762466193197;163.50817495817063;928.6980892140871;1226.3679639779755;,726.0876755220628;376.1198604605612;575.3150039784755;97.02262900654848;
True,0.5,0,5,750,False,False,False,0.6,1469.9298833450503;179.1471375180385;1266.9493685268944;,778.3847424221287;196.16429213254528;166.7857541863076;
True,0.5,0,5,750,False,False,False,0.6,2037.104725984251;481.8155913612385;1281.1950775075636;,381.8632002184195;1084.3071794274292;1093.7706399399012;
True,0.5,0,5,750,False,False,False,0.6,862.8244095746505;146.17750570186627;242.6461590503201;,78.56696988930078;368.03263126098045;226.27714668768965;
True,0.5,0,5,750,False,False,False,0.6,349.8558173230458;296.0043838756772;129.75405541329937;,264.33953774124416;294.35644092234844;299.28201143252454;
True,0.5,0,5,750,False,False,False,0.6,912.3381053979244;1620.098571934535;1013.7550843162171;,1230.4368466574074;198.94153387009217;355.604357542408;
True,0.5,0,5,750,False,False,False,0.6,47.978631036377685;632.4598372048038;1706.901801475618;,361.0868138152243;509.9191896328402;174.5744899547588;
True,0.5,0,5,750,False,False,False,0.6,181.46076975766445;233.81139637756831;431.7900250281442;,243.99119474966338;78.83981928739928;184.79677310629165;
True,0.5,0,5,750,False,False,False,0.6,684.4705505116865;1378.5525678657898;1557.1212936965765;,607.0312803970542;800.099312785973;492.6893290399247;
True,0.5,0,5,750,False,False,False,0.6,449.2286492894517;209.1186117469678;1306.5282867661463;,449.2286492894546;392.9328045196346;1323.6217171405524;
True,0.5,0,5,750,False,False,False,0.6,2472.2743012042224;664.7571849440195;253.47819500717682;,167.98728318813022;469.25361620502525;458.2499090035191;
True,0.5,0,5,750,False,False,False,0.6,398.42353457904824;1268.3372183767265;233.7458267645789;,237.07257133577394;1033.2334112784506;881.5310606406942;
True,0.5,0,5,750,False,False,False,0.6,1076.1263112992285;1269.2161035105134;700.8006056995157;,236.30684893022374;195.67916615176492;406.3300422333363;
True,0.5,0,5,750,False,False,False,0.4,2118.2894002278094;318.89906909130605;,18.726732481274954;631.1748890473021;
True,0.5,0,5,750,False,False,False,0.6,993.1403970962859;867.7104341562953;1717.721824596734;,238.26115852914987;340.5641759522791;355.65678209957616;
True,0.5,0,5,750,False,False,False,0.6,398.7189174008695;1178.574011982584;1668.7290826078113;,375.07235382715413;630.4805844603803;132.08189784121146;
True,0.5,0,5,750,False,False,False,0.4,927.0276975249412;220.73240586324675;,710.9073550779227;101.84766401101521;
True,0.5,0,5,750,False,False,False,0.6,1109.9664031620653;2191.956866124305;810.3053711290768;,882.1729107472664;216.86580164006685;918.1099183698268;
True,0.5,0,5,750,False,False,False,0.8,617.7844623677619;1056.4120841107315;1515.1342078860473;662.1301268240063;,171.39296508986754;234.73611396641223;573.3300963056381;781.700711254653;
True,0.5,0,5,750,False,False,False,0.6,954.2035379458863;926.9385204892272;299.3194148662939;,209.213112711326;1085.7722898751676;280.3442021828242;
True,0.5,0,5,750,False,False,False,0.6,888.3827511105601;1519.5871959250983;480.9749031095207;,535.5393693207227;1353.6085747582654;171.88905190653497;
True,0.5,0,5,750,False,False,False,0.6,364.0171813437026;481.471326173089;2265.064682856365;,492.84776603193933;618.7962143787756;846.1597926321274;
True,0.5,0,5,750,False,False,False,0.6,812.6669697554689;1332.2646269371949;582.7084289143472;,503.0404592477519;779.4635816019132;1172.9513931471768;
True,0.5,0,5,750,False,False,False,0.8,1161.9082728498304;920.3521224644943;1146.0981937166289;626.9098361290555;,226.55337521384416;1002.9635504734914;776.3953246314554;511.32004795365293;
True,0.5,0,5,750,False,False,False,0.6,2310.8657534471818;558.6684283510983;1848.1313899572015;,534.1057606351458;453.7088866075148;1028.6655984724205;
True,0.5,0,5,750,False,False,False,0.6,1654.5904209376238;657.5999648715502;446.5544049028046;,683.9031121811852;565.1436110781294;486.9338225072417;
True,0.5,0,5,750,False,False,False,0.4,620.0013429077361;2503.639366878134;,729.8332186061984;1292.8644143355539;
True,0.5,0,5,750,False,False,False,0.6,241.27439078456646;361.62641336064377;3559.6438491860863;,805.8598554939218;792.0114167097342;385.09744537542974;
True,0.5,0,5,750,False,False,False,0.6,1157.1848641039476;553.8054872515465;1193.0525162404736;,499.4759615422247;892.1933824121339;652.6934743392701;
True,0.5,0,5,750,False,False,False,0.6,1901.0293404432177;2188.9966728741956;248.0904777163047;,221.23561474538278;575.4572817087766;159.57135110089504;
True,0.5,0,5,750,False,False,False,0.4,1129.8924463120873;416.1165956255144;,827.4812756378295;541.3787848379488;
True,0.5,0,5,750,False,False,False,0.6,707.2727404395916;1139.194260574618;3545.340306712778;,912.6234216663837;984.7832542101863;327.83948941460335;
True,0.5,0,5,750,False,False,False,0.6,928.9578278991642;296.5319154932091;1143.4733152145527;,468.1849092205705;301.0173464026775;458.3069018460965;
True,0.5,0,5,750,False,False,False,0.6,649.3692519999695;1205.2506402874915;787.4368108086188;,452.9997828965565;527.3662487841136;194.01601277005577;
True,0.5,0,5,750,False,False,False,0.6,3538.1808872216156;528.0900874110833;324.2736991208025;,567.8486044440009;349.0809105699264;531.2621223241898;
True,0.5,0,5,750,False,False,False,0.6,323.1267059639155;104.6772380827629;398.67835963455826;,171.71811459113798;757.1233120718754;1240.6566079919355;
True,0.5,0,5,750,False,False,False,0.4,56.910728109240296;518.1863153849605;,462.33126128629243;834.3917711116429;
True,0.5,0,5,750,False,False,False,0.6,327.3454900841244;1567.9035034364213;747.8662451537477;,598.1038209434251;824.3846549081957;308.8867981064147;
True,0.5,0,5,750,False,False,False,0.6,422.8004519445482;242.96981338763516;203.42783689324696;,578.29025342148;118.7838274614319;536.0696844772352;
True,0.5,0,5,750,False,False,False,0.6,1196.1600704434723;188.3274216195389;1355.0851385147614;,87.43245356065135;125.75861136162152;1080.7698831371042;
True,0.5,0,5,750,False,False,False,0.6,1406.8847963878422;277.5277564534844;402.27284640805476;,411.4527397123332;166.5717150859665;118.82318126196152;
True,0.5,0,5,750,False,False,False,0.6,1298.9313885877557;1104.6282645169733;954.3173970111793;,183.43323686780556;447.6494189607231;430.6555865225866;
True,0.5,0,5,750,False,False,False,0.4,1092.9823231981109;846.750885886266;,126.17041156713631;623.1612976997709;
True,0.5,0,5,750,False,False,False,0.6,859.4444319412855;159.63778128646638;1752.4172369600228;,689.2311270086556;130.9339449047445;975.7579284375797;
True,0.5,0,5,750,False,False,False,0.6,729.2811764297935;2045.627706105528;320.524556427067;,274.31208945965255;449.6169359086014;23.948485101279623;
True,0.5,0,5,750,False,False,False,0.4,1036.5064400898275;3189.804932557101;,773.5781902043956;259.84452201095564;
True,0.5,0,5,750,False,False,False,0.8,938.5931035072941;748.8989798862259;1928.1821413771565;238.39239563448763;,1128.1924511353504;403.3635853060348;981.3747275271493;333.08822438135246;
True,0.5,0,5,750,False,False,False,0.4,971.0839213502044;550.7181547812949;,671.8426146417082;549.456138035671;
True,0.5,0,5,750,False,False,False,0.4,663.5929331450748;704.5711059410086;,382.31885951134615;179.37898601802138;
True,0.5,0,5,750,False,False,False,0.6,948.1019548257985;575.4079530043773;2579.998475103434;,939.6359762063263;155.92018611824727;558.0131876721961;
True,0.5,0,5,750,False,False,False,0.4,104.69217573174464;211.32617661892294;,533.6483496074858;772.3640299019726;
True,0.5,0,5,750,False,False,False,0.4,1263.2384453132606;1576.563696281783;,318.9435146842367;461.9170533539263;
True,0.5,0,5,750,False,False,False,0.4,586.7570812096235;617.3693809668943;,134.07543728386256;918.4769432081525;
True,0.5,0,5,750,False,False,False,0.6,1061.3937330704266;820.9529487925832;2959.7544891292596;,414.3824632324733;592.6604738705142;733.0161423938636;
True,0.5,0,5,750,False,False,False,0.6,704.8854033666271;1547.8648128939485;446.8211342565986;,86.01573966864866;433.52587301890344;626.7864735766836;
True,0.5,0,5,750,False,False,False,0.4,665.3684655903337;145.26314171259204;,245.0316490023763;1343.0631353700337;
True,0.5,0,5,750,False,False,False,0.4,874.0031571322019;1467.6807636204273;,399.8937706638243;633.9534952368266;
True,0.5,0,5,750,False,False,False,0.6,191.0783649407988;65.90556335414875;704.433068533498;,681.2924232176787;356.33345800961007;504.16827238790876;
True,0.5,0,5,750,False,False,False,0.4,1129.4219941407896;496.6212628212744;,451.2268843637933;578.6185595162614;
True,0.5,0,5,750,False,False,False,0.6,1989.5791866768288;854.750201936834;1196.0001717760895;,356.8392123292311;1639.1334929663085;951.2287296617413;
True,0.5,0,5,750,False,False,False,0.6,707.3313488449056;497.3432299332503;76.15424788153649;,897.607819883661;264.9470455842271;495.248646831498;
True,0.5,0,5,750,False,False,False,0.6,906.7408051633652;1370.2245996368347;2982.527962079606;,965.2318271885424;510.3974645886818;835.1424771847489;
True,0.5,0,5,750,False,False,False,0.4,213.25540881356255;640.1841269753252;,87.49820277657646;815.2257353468353;
True,0.5,0,5,750,False,False,False,0.6,1647.0041035093127;360.520748246719;837.8857443550759;,342.07176618910034;577.3420510056055;1336.0071468865776;
True,0.5,0,5,750,False,False,False,0.6,2046.9792209691382;311.90774787796903;3946.402181541068;,710.2177955842079;325.9047767894135;465.46144659899494;
True,0.5,0,5,750,False,False,False,0.4,760.0639536377411;1365.5314040369735;,481.1169259937175;344.67989601268;
True,0.5,0,5,750,False,False,False,0.6,3334.026036318624;342.3683025503423;839.172036906923;,240.24136777012495;510.1767677742811;698.7253537469118;
True,0.5,0,5,750,False,False,False,0.6,896.9865060339159;332.3604779584035;2537.538884888918;,848.6725818196973;622.5466013210983;743.7932728694569;
True,0.5,0,5,750,False,False,False,0.4,541.6553270193142;1269.7061982668854;,67.26856674462981;207.67257130718502;
True,0.5,0,5,750,False,False,False,0.6,801.3188929644698;568.5011504991;561.3720066403422;,633.2587177287379;330.8562270388723;528.2924936284206;
True,0.5,0,5,750,False,False,False,0.6,989.3436858858195;639.2694259715165;1391.4568416223876;,648.9755989130318;83.67375613620253;883.9677424095814;
True,0.5,0,5,750,False,False,False,0.6,470.9123221810948;739.4230988181365;2011.1194063187127;,534.9035227629458;471.88873196268247;967.8861425143726;
True,0.5,0,5,750,False,False,False,0.6,704.311233260926;876.3677445885908;1002.6786628645248;,104.11604156850291;246.94406056829692;691.5033969755192;
True,0.5,0,5,750,False,False,False,0.6,1772.646623703996;484.2317276808737;2623.5406413732717;,801.6687305255734;355.19946020348766;539.9647386017366;
True,0.5,0,5,750,False,False,False,0.4,232.1003491290069;1000.9951825276918;,336.6731629734373;218.5125285189345;
True,0.5,0,5,750,False,False,False,0.6,658.7326055944218;816.9451195369007;1900.7669189075025;,1004.7109753050313;737.8289809347049;747.2858315285496;
True,0.5,0,5,750,False,False,False,0.4,1110.1123299410976;711.9413742393356;,513.9288090975414;497.8322350173551;
True,0.5,0,5,750,False,False,False,0.6,710.7202334312848;1966.06081064266;780.6665527484199;,1185.054334396088;990.0951578149997;459.36789037350087;
True,0.5,0,5,750,False,False,False,0.6,709.7064305055159;1086.59127249084;1099.9066875363653;,1066.022402748643;1171.1318467950798;223.87282957438478;
True,0.5,0,5,750,False,False,False,0.6,293.82712048071215;1703.3492459562924;429.7720997729915;,563.7772812593017;799.7929332952456;614.4388347408964;
True,0.5,0,5,750,False,False,False,0.4,958.2496626461241;1417.5444968109166;,492.7510153408273;546.5736363437159;
True,0.5,0,5,750,False,False,False,0.6,664.25006389454;1519.986636855908;194.75950575939916;,619.3795927525854;11.82814898322796;702.8270696205574;
True,0.5,0,5,750,False,False,False,0.8,804.0332619274332;46.93715661506943;439.5374152885532;621.6291465028022;,730.5673434409312;200.88293509374225;445.45201336828;449.5586684028861;
True,0.5,0,5,750,False,False,False,0.6,409.4827399325254;1105.7239444105933;676.45924311595;,246.86284316862515;198.7942016305272;839.0081930031165;
True,0.5,0,5,750,False,False,False,0.4,2602.696726434111;1446.9714683220282;,266.8744322757829;802.7856588248349;
True,0.5,0,5,750,False,False,False,0.6,1199.7962605545918;2156.7107466952302;973.1467794490413;,168.4074871357598;468.42704697228885;750.7715080796929;
True,0.5,0,5,750,False,False,False,0.6,348.25121020599914;163.44514194228174;760.7962646367529;,235.60881911327084;573.1831403560818;685.2137233977726;
True,0.5,0,5,750,False,False,False,0.4,1251.8193274578312;1293.4308247002366;,589.0876480209304;681.8356143992966;
True,0.5,0,5,750,False,False,False,0.6,746.3061100723571;812.255267923409;529.9913471240548;,498.2778453799439;810.8561251559978;619.887156241455;
True,0.5,0,5,750,False,False,False,0.4,1412.4367909089344;1105.0645558468532;,718.507352519858;704.8389840589672;
True,0.5,0,5,750,False,False,False,0.4,777.2908349680786;2252.438855408401;,689.0357097819386;622.4275325331814;
True,0.5,0,5,750,False,False,False,0.6,1413.7032359088053;619.6977181331183;906.6170032831475;,267.8956715133302;489.22270553947857;866.9623962554745;
True,0.5,0,5,750,False,False,False,0.6,554.7380954540288;214.6601815441979;780.220605052095;,330.74503169555095;521.2347045269147;390.11676085525585;
True,0.5,0,5,750,False,False,False,0.4,1064.206438280372;463.56795346320627;,456.02206305963995;279.0541862326239;
True,0.5,0,5,750,False,False,False,0.6,197.44604822510925;951.543175424502;653.1466237579382;,632.6686314824815;323.8760378816269;664.7041348304466;
True,0.5,0,5,750,False,False,False,0.6,1257.3073026467482;916.2930224336966;450.72918951468523;,352.0893885963083;842.7936817466331;1207.3616309095166;
True,0.5,0,5,750,False,False,False,0.8,848.8494843767236;1292.4671982934508;511.63108200010646;631.7539089246;,488.35232834437477;564.5842820577124;576.6411514849582;334.5802199214292;
True,0.5,0,5,750,False,False,False,0.4,1152.6226994071117;1512.3648853749378;,473.50299854074274;470.49919241752576;
True,0.5,0,5,750,False,False,False,0.4,92.19957059164238;581.2030461043934;,1210.0487023990559;415.9708397512581;
True,0.5,0,5,750,False,False,False,0.6,346.42625377876357;1481.4950839415314;512.152803904202;,411.314102429616;315.9997578386446;539.8166100743829;
True,0.5,0,5,750,False,False,False,0.8,356.9485127782439;375.4371837526874;1377.2746422828886;619.4723256530976;,178.4868151247252;352.16562707295105;669.1905104031267;466.5794756225632;
True,0.5,0,5,750,False,False,False,0.4,1646.7395774171305;1712.2991265464038;,126.47650714073093;709.4252061876207;
True,0.5,0,5,750,False,False,False,0.6,443.54867102498827;2853.511943618587;456.065980195394;,96.65358969452386;389.6740827953678;655.6943211389462;
True,0.5,0,5,750,False,False,False,0.4,527.7248905615833;600.4072017232353;,386.054615423209;1922.664510365815;
True,0.5,0,5,750,False,False,False,0.8,507.3198387568303;622.4342332602664;1634.615176142119;1734.814810079485;,53.581390937645295;197.38375339548338;540.2243474849568;427.94164903524;
True,0.5,0,5,750,False,False,False,0.6,902.1812070152264;499.2529148356672;3029.053628698996;,666.9883550433593;241.82554764158084;130.41800272930058;
True,0.5,0,5,750,False,False,False,0.4,642.781028610526;653.0520915591471;,985.5655771886262;653.052091559149;
True,0.5,0,5,750,False,False,False,0.4,1640.9827845041923;724.8684313678191;,113.43293317906073;1132.0951377567283;
True,0.5,0,5,750,False,False,False,0.6,1240.3233168530148;859.7689280893455;937.9030143319318;,679.8112401286306;288.41808345446304;200.764146273477;
True,0.5,0,5,750,False,False,False,0.4,421.2097244074258;504.351502493702;,60.53210192278228;275.72683631066195;
True,0.5,0,5,750,False,False,False,0.6,910.5325377754928;1755.7000814987978;511.6916421861934;,494.86315033911467;179.43668362069954;587.7887962040577;
True,0.5,0,5,750,False,False,False,0.4,1258.545984820742;4565.9462858866045;,196.00956162907065;240.18407501237587;
True,0.5,0,5,750,False,False,False,0.8,224.6867924146088;594.1782428857446;531.2679858016724;448.77880227658875;,272.9642627272317;428.0094620788224;578.2738915009085;744.1504774845522;
True,0.5,0,5,750,False,False,False,0.6,357.0781008697906;1848.3970590537353;603.8576063993349;,168.78370534361667;821.7878405056761;652.8680930566102;
True,0.5,0,5,750,False,False,False,0.6,228.58674281934626;971.5837304815369;2543.890346290331;,521.8773124101344;608.1088076363336;643.6695182140189;
True,0.5,0,5,750,False,False,False,0.6,666.9814779223321;98.7731585761283;2542.386157508945;,1219.5432676188364;506.3092951526413;304.7879473935857;
True,0.5,0,5,750,False,False,False,0.6,799.079654753945;1360.0990240194535;796.282255845325;,158.99902164989948;131.951117888521;1051.639650587203;
True,0.5,0,5,750,False,False,False,0.4,477.8385515767949;213.93494422172668;,220.87921916122974;204.3324948583263;
True,0.5,0,5,750,False,False,False,0.6,666.1178072061718;357.6335631091022;1663.8786810221904;,735.9526163671047;77.3562629599033;225.8532628974455;
True,0.5,0,5,750,False,False,False,0.6,1006.4290033787165;241.31319843964798;2604.9696054791966;,719.2603492078907;1243.346609925061;473.793150442192;
True,0.5,0,5,750,False,False,False,0.4,1029.940728949875;4104.096342656243;,279.06236606479877;154.06441178426928;
True,0.5,0,5,750,False,False,False,0.6,125.41980306656566;81.73327404958815;2719.015693407345;,902.1249355830367;521.785565379708;291.2172137780324;
True,0.5,0,5,750,False,False,False,0.6,1377.8161516195655;1466.8533948117317;629.7996236181573;,357.55631719079094;1330.427957278934;624.5676354673999;
True,0.5,0,5,750,False,False,False,0.6,1151.051579377111;373.75986367239017;817.6958682887914;,365.28838339937556;972.9864619683918;539.5581032945339;
True,0.5,0,1,1000,False,False,False,1.0,271.6349552194472;,271.6349552194472;
True,0.5,0,1,1000,False,False,False,1.0,910.2958660563138;,910.2958660563138;
True,0.5,0,1,1000,False,False,False,1.0,445.96164653667233;,445.96164653667233;
True,0.5,0,1,1000,False,False,False,1.0,270.71382439343273;,270.71382439343273;
True,0.5,0,1,1000,False,False,False,1.0,1359.6312635201243;,1359.6312635201243;
True,0.5,0,1,1000,False,False,False,1.0,619.8915586440288;,619.8915586440288;
True,0.5,0,1,1000,False,False,False,1.0,636.3645295401957;,636.3645295401957;
True,0.5,0,1,1000,False,False,False,1.0,1330.6608244397999;,1330.6608244397999;
True,0.5,0,1,1000,False,False,False,1.0,227.39660828726463;,227.39660828726463;
True,0.5,0,1,1000,False,False,False,1.0,467.284550806801;,467.284550806801;
True,0.5,0,1,1000,False,False,False,1.0,914.4538297016459;,914.4538297016459;
True,0.5,0,1,1000,False,False,False,1.0,863.1504455196671;,863.1504455196671;
True,0.5,0,1,1000,False,False,False,1.0,798.328210966202;,901.6449455339339;
True,0.5,0,1,1000,False,False,False,1.0,1189.2738502797843;,813.0495805298037;
True,0.5,0,1,1000,False,False,False,1.0,1330.449430990526;,1330.449430990526;
True,0.5,0,1,1000,False,False,False,1.0,34.34564467872422;,34.34564467872422;
True,0.5,0,1,1000,False,False,False,1.0,465.86953319795634;,465.86953319795634;
True,0.5,0,1,1000,False,False,False,1.0,479.5241281360505;,479.5241281360505;
True,0.5,0,1,1000,False,False,False,1.0,779.047406228197;,779.047406228197;
True,0.5,0,1,1000,False,False,False,1.0,1061.5893929073236;,986.2286847079888;
True,0.5,0,1,1000,False,False,False,1.0,678.3187874359916;,678.3187874359916;
True,0.5,0,1,1000,False,False,False,1.0,688.1285429928975;,688.1285429928975;
True,0.5,0,1,1000,False,False,False,1.0,425.115842950335;,425.115842950335;
True,0.5,0,1,1000,True,False,False,,,
True,0.5,0,1,1000,False,False,False,1.0,841.1550983859582;,867.1799076156393;
True,0.5,0,1,1000,False,False,False,1.0,441.3384547250495;,441.3384547250495;
True,0.5,0,1,1000,False,False,False,1.0,605.0146886775383;,605.0146886775383;
True,0.5,0,1,1000,False,False,False,1.0,237.70179569014684;,237.70179569014684;
True,0.5,0,1,1000,False,False,False,1.0,381.4255254336967;,381.4255254336967;
True,0.5,0,1,1000,False,False,False,1.0,384.2533942117861;,384.2533942117861;
True,0.5,0,1,1000,False,False,False,1.0,1353.3402354268846;,1353.3402354268846;
True,0.5,0,1,1000,False,False,False,1.0,778.5337205780022;,778.5337205780022;
True,0.5,0,1,1000,False,False,False,1.0,878.9865882470224;,878.9865882470224;
True,0.5,0,1,1000,False,False,False,1.0,472.179285875267;,472.179285875267;
True,0.5,0,1,1000,False,False,False,1.0,412.28907673839876;,412.28907673839876;
True,0.5,0,1,1000,False,False,False,1.0,336.49402881038293;,336.49402881038293;
True,0.5,0,1,1000,False,False,False,1.0,350.54260174826993;,350.54260174826993;
True,0.5,0,1,1000,False,False,False,1.0,953.6883211617808;,518.295588361763;
True,0.5,0,1,1000,True,False,False,,,
True,0.5,0,1,1000,False,False,False,1.0,609.8883569566818;,609.8883569566818;
True,0.5,0,1,1000,False,False,False,1.0,1124.6216555777132;,1124.6216555777132;
True,0.5,0,1,1000,True,False,False,,,
True,0.5,0,1,1000,False,False,False,1.0,597.8038206956654;,597.8038206956654;
True,0.5,0,1,1000,True,False,False,,,
True,0.5,0,1,1000,False,False,False,1.0,980.1108708580515;,980.1108708580515;
True,0.5,0,1,1000,False,False,False,1.0,990.1831840059049;,990.1831840059049;
True,0.5,0,1,1000,False,False,False,1.0,349.32053228407693;,349.32053228407693;
True,0.5,0,1,1000,False,False,False,1.0,116.25349356648603;,116.25349356648603;
True,0.5,0,1,1000,False,False,False,1.0,846.7597973704329;,846.7597973704329;
True,0.5,0,1,1000,False,False,False,1.0,145.52542047078097;,145.52542047078097;
True,0.5,0,1,1000,False,False,False,1.0,698.9280662764933;,698.9280662764933;
True,0.5,0,1,1000,True,False,False,,,
True,0.5,0,1,1000,False,False,False,1.0,1357.4238718358688;,1357.4238718358688;
True,0.5,0,1,1000,False,False,False,1.0,1673.94896148999;,1673.94896148999;
True,0.5,0,1,1000,False,False,False,1.0,497.0950069714451;,927.6297804872781;
True,0.5,0,1,1000,False,False,False,1.0,686.1089750284697;,686.1089750284697;
True,0.5,0,1,1000,True,False,False,,,
True,0.5,0,1,1000,False,False,False,1.0,375.9591255817072;,375.9591255817072;
True,0.5,0,1,1000,True,False,False,,,
True,0.5,0,1,1000,False,False,False,1.0,637.3468918184423;,637.3468918184423;
True,0.5,0,1,1000,False,False,False,1.0,216.55615790230962;,216.55615790230962;
True,0.5,0,1,1000,True,False,False,,,
True,0.5,0,1,1000,False,False,False,1.0,710.1310719162636;,710.1310719162636;
True,0.5,0,1,1000,False,False,False,1.0,922.5564702592928;,922.5564702592928;
True,0.5,0,1,1000,False,False,False,1.0,765.2257482878834;,765.2257482878834;
True,0.5,0,1,1000,False,False,False,1.0,1210.6232961574335;,432.09387914527537;
True,0.5,0,1,1000,False,False,False,1.0,448.02803396225823;,448.02803396225823;
True,0.5,0,1,1000,False,False,False,1.0,417.31276424871373;,417.31276424871373;
True,0.5,0,1,1000,False,False,False,1.0,903.2152258137658;,903.2152258137658;
True,0.5,0,1,1000,True,False,False,,,
True,0.5,0,1,1000,True,False,False,,,
True,0.5,0,1,1000,False,False,False,1.0,319.44411208267206;,319.44411208267206;
True,0.5,0,1,1000,False,False,False,1.0,518.2141764920186;,518.2141764920186;
True,0.5,0,1,1000,False,False,False,1.0,1362.1819996379215;,1362.1819996379215;
True,0.5,0,1,1000,False,False,False,1.0,798.930437243613;,798.930437243613;
True,0.5,0,1,1000,False,False,False,1.0,1131.3132811606317;,1131.3132811606317;
True,0.5,0,1,1000,False,False,False,1.0,781.0543133826906;,781.0543133826906;
True,0.5,0,1,1000,False,False,False,1.0,741.8279796073324;,601.6743308953106;
True,0.5,0,1,1000,False,False,False,1.0,241.8149314259711;,241.8149314259711;
True,0.5,0,1,1000,False,False,False,1.0,779.0829628907435;,779.0829628907435;
True,0.5,0,1,1000,True,False,False,,,
True,0.5,0,1,1000,False,False,False,1.0,418.88705304136994;,418.88705304136994;
True,0.5,0,1,1000,False,False,False,1.0,598.2630993451846;,598.2630993451846;
True,0.5,0,1,1000,False,False,False,1.0,433.880813518993;,433.880813518993;
True,0.5,0,1,1000,False,False,False,1.0,590.8337955750632;,590.8337955750632;
True,0.5,0,1,1000,False,False,False,1.0,804.7434288585277;,804.7434288585277;
True,0.5,0,1,1000,False,False,False,1.0,178.00475278476466;,178.00475278476466;
True,0.5,0,1,1000,False,False,False,1.0,974.2227389889854;,808.2285788719773;
True,0.5,0,1,1000,False,False,False,1.0,1328.5951024164144;,1328.5951024164144;
True,0.5,0,1,1000,False,False,False,1.0,856.7341327343486;,856.7341327343486;
True,0.5,0,1,1000,False,False,False,1.0,403.56039376834565;,403.56039376834565;
True,0.5,0,1,1000,False,False,False,1.0,989.8895588565936;,989.8895588565936;
True,0.5,0,1,1000,False,False,False,1.0,643.7319655516202;,643.7319655516202;
True,0.5,0,1,1000,False,False,False,1.0,1245.759498745744;,1245.759498745744;
True,0.5,0,1,1000,False,False,False,1.0,630.6626178110749;,630.6626178110749;
True,0.5,0,1,1000,False,False,False,1.0,1659.1040694931044;,1659.1040694931044;
True,0.5,0,1,1000,False,False,False,1.0,398.00160904022306;,398.00160904022306;
True,0.5,0,1,1000,False,False,False,1.0,837.6222309916587;,837.6222309916587;
True,0.5,0,1,1000,False,False,False,1.0,556.6363618892033;,556.6363618892033;
True,0.5,0,1,1000,True,False,False,,,
True,0.5,0,1,1000,False,False,False,1.0,1084.136837356339;,1084.136837356339;
True,0.5,0,1,1000,False,False,False,1.0,168.27024163601584;,168.27024163601584;
True,0.5,0,1,1000,False,False,False,1.0,619.8195985833904;,619.8195985833904;
True,0.5,0,1,1000,True,False,False,,,
True,0.5,0,1,1000,False,False,False,1.0,1083.441962248394;,1083.441962248394;
True,0.5,0,1,1000,True,False,False,,,
True,0.5,0,1,1000,False,False,False,1.0,600.433958429223;,600.433958429223;
True,0.5,0,1,1000,False,False,False,1.0,696.4758586225797;,696.4758586225797;
True,0.5,0,1,1000,False,False,False,1.0,1079.7235254234602;,1079.7235254234602;
True,0.5,0,1,1000,False,False,False,1.0,134.83707846894333;,134.83707846894333;
True,0.5,0,1,1000,False,False,False,1.0,1611.5956024859777;,1611.5956024859777;
True,0.5,0,1,1000,False,False,False,1.0,693.6052232097337;,693.6052232097337;
True,0.5,0,1,1000,True,False,False,,,
True,0.5,0,1,1000,True,False,False,,,
True,0.5,0,1,1000,False,False,False,1.0,1113.1857444086202;,1113.1857444086202;
True,0.5,0,1,1000,False,False,False,1.0,619.6894416548338;,619.6894416548338;
True,0.5,0,1,1000,True,False,False,,,
True,0.5,0,1,1000,False,False,False,1.0,1110.1951725946124;,1110.1951725946124;
True,0.5,0,1,1000,False,False,False,1.0,615.935743289897;,615.935743289897;
True,0.5,0,1,1000,True,False,False,,,
True,0.5,0,1,1000,True,False,False,,,
True,0.5,0,1,1000,False,False,False,1.0,69.74583972030305;,69.74583972030305;
True,0.5,0,1,1000,False,False,False,1.0,391.9875268994961;,391.9875268994961;
True,0.5,0,1,1000,False,False,False,1.0,446.4947085323026;,446.4947085323026;
True,0.5,0,1,1000,True,False,False,,,
True,0.5,0,1,1000,True,False,False,,,
True,0.5,0,1,1000,True,False,False,,,
True,0.5,0,1,1000,False,False,False,1.0,912.1458825763787;,912.1458825763787;
True,0.5,0,1,1000,False,False,False,1.0,855.1197200434502;,1591.1538974770397;
True,0.5,0,1,1000,False,False,False,1.0,1387.4733325265845;,1387.4733325265845;
True,0.5,0,1,1000,False,False,False,1.0,163.76984535646335;,163.76984535646335;
True,0.5,0,1,1000,False,False,False,1.0,1001.9337558499453;,1001.9337558499453;
True,0.5,0,1,1000,False,False,False,1.0,792.9013643224371;,571.2020335297204;
True,0.5,0,1,1000,False,False,False,1.0,407.9104559222464;,407.9104559222464;
True,0.5,0,1,1000,False,False,False,1.0,519.5063645241012;,519.5063645241012;
True,0.5,0,1,1000,False,False,False,1.0,1311.3387479990463;,1311.3387479990463;
True,0.5,0,1,1000,False,False,False,1.0,836.344505201763;,836.344505201763;
True,0.5,0,1,1000,False,False,False,1.0,1244.2536653345778;,1244.2536653345778;
True,0.5,0,1,1000,True,False,False,,,
True,0.5,0,1,1000,True,False,False,,,
True,0.5,0,1,1000,False,False,False,1.0,150.94076562393374;,150.94076562393374;
True,0.5,0,1,1000,False,False,False,1.0,213.23193000546962;,213.23193000546962;
True,0.5,0,1,1000,False,False,False,1.0,703.4129454143444;,703.4129454143444;
True,0.5,0,1,1000,False,False,False,1.0,196.00957028613877;,196.00957028613877;
True,0.5,0,1,1000,True,False,False,,,
True,0.5,0,1,1000,True,False,False,,,
True,0.5,0,1,1000,False,False,False,1.0,583.7236782246961;,583.7236782246961;
True,0.5,0,1,1000,False,False,False,1.0,251.71937517452338;,251.71937517452338;
True,0.5,0,1,1000,True,False,False,,,
True,0.5,0,1,1000,True,False,False,,,
True,0.5,0,1,1000,False,False,False,1.0,1279.9445878961567;,1279.9445878961567;
True,0.5,0,1,1000,False,False,False,1.0,1428.8475582213982;,1428.8475582213982;
True,0.5,0,1,1000,False,False,False,1.0,536.8953101754845;,536.8953101754845;
True,0.5,0,1,1000,False,False,False,1.0,934.972059507927;,934.972059507927;
True,0.5,0,1,1000,False,False,False,1.0,457.2495347737085;,457.2495347737085;
True,0.5,0,1,1000,False,False,False,1.0,504.12938155495544;,504.12938155495544;
True,0.5,0,1,1000,False,False,False,1.0,311.58024725193997;,311.58024725193997;
True,0.5,0,1,1000,True,False,False,,,
True,0.5,0,1,1000,False,False,False,1.0,946.410515926579;,946.410515926579;
True,0.5,0,1,1000,False,False,False,1.0,2397.6083960486562;,2397.6083960486562;
True,0.5,0,1,1000,False,False,False,1.0,818.5287499587935;,818.5287499587935;
True,0.5,0,1,1000,False,False,False,1.0,434.01748398349497;,434.01748398349497;
True,0.5,0,1,1000,False,False,False,1.0,464.25002794039654;,600.0306616207027;
True,0.5,0,1,1000,True,False,False,,,
True,0.5,0,1,1000,False,False,False,1.0,464.94601935183334;,464.94601935183334;
True,0.5,0,1,1000,False,False,False,1.0,754.6690868544167;,754.6690868544167;
True,0.5,0,1,1000,False,False,False,1.0,1075.8086248995162;,1075.8086248995162;
True,0.5,0,1,1000,False,False,False,1.0,1438.4891537874075;,1438.4891537874075;
True,0.5,0,1,1000,False,False,False,1.0,410.1486415537714;,410.1486415537714;
True,0.5,0,1,1000,False,False,False,1.0,1166.3223603759338;,1166.3223603759338;
True,0.5,0,1,1000,True,False,False,,,
True,0.5,0,1,1000,False,False,False,1.0,421.44415741096554;,421.44415741096554;
True,0.5,0,1,1000,False,False,False,1.0,876.6375793996667;,389.58971541726663;
True,0.5,0,1,1000,False,False,False,1.0,739.3429253218507;,739.3429253218507;
True,0.5,0,1,1000,False,False,False,1.0,529.8366701256712;,529.8366701256712;
True,0.5,0,1,1000,False,False,False,1.0,634.025362387503;,634.025362387503;
True,0.5,0,1,1000,False,False,False,1.0,1069.2058387707095;,1069.2058387707095;
True,0.5,0,1,1000,True,False,False,,,
True,0.5,0,1,1000,False,False,False,1.0,674.5364562857989;,674.5364562857989;
True,0.5,0,1,1000,False,False,False,1.0,647.2771605101856;,647.2771605101856;
True,0.5,0,1,1000,False,False,False,1.0,1030.6302296864721;,1030.6302296864721;
True,0.5,0,1,1000,False,False,False,1.0,874.7967036866798;,874.7967036866798;
True,0.5,0,1,1000,False,False,False,1.0,279.5739792023185;,279.5739792023185;
True,0.5,0,1,1000,False,False,False,1.0,444.17133884067846;,760.1594857759471;
True,0.5,0,1,1000,False,False,False,1.0,1460.031904346485;,1460.031904346485;
True,0.5,0,1,1000,False,False,False,1.0,772.8013491567394;,772.8013491567394;
True,0.5,0,1,1000,False,False,False,1.0,645.5908706388102;,645.5908706388102;
True,0.5,0,1,1000,False,False,False,1.0,185.35120124007534;,185.35120124007534;
True,0.5,0,1,1000,False,False,False,1.0,733.2767227250536;,733.2767227250536;
True,0.5,0,1,1000,False,False,False,1.0,240.43350468770612;,240.43350468770612;
True,0.5,0,1,1000,False,False,False,1.0,843.0976183737943;,843.0976183737943;
True,0.5,0,1,1000,False,False,False,1.0,452.131013535588;,452.131013535588;
True,0.5,0,1,1000,False,False,False,1.0,793.9748137504763;,793.9748137504763;
True,0.5,0,1,1000,False,False,False,1.0,357.12717841597254;,357.12717841597254;
True,0.5,0,1,1000,False,False,False,1.0,387.956217317482;,387.956217317482;
True,0.5,0,1,1000,False,False,False,1.0,1209.7680759903126;,1209.7680759903126;
True,0.5,0,1,1000,False,False,False,1.0,310.4763433195258;,310.4763433195258;
True,0.5,0,1,1000,False,False,False,1.0,792.994853471078;,792.994853471078;
True,0.5,0,1,1000,True,False,False,,,
True,0.5,0,1,1000,False,False,False,1.0,818.1848308627259;,818.1848308627259;
True,0.5,0,1,1000,False,False,False,1.0,1214.4706089420554;,1214.4706089420554;
True,0.5,0,1,1000,True,False,False,,,
True,0.5,0,1,1000,False,False,False,1.0,203.53354233847236;,203.53354233847236;
True,0.5,0,1,1000,True,False,False,,,
True,0.5,0,1,1000,True,False,False,,,
True,0.5,0,1,1000,False,False,False,1.0,1428.9908452795837;,1428.9908452795837;
True,0.5,0,1,1000,True,False,False,,,
True,0.5,0,1,1000,False,False,False,1.0,888.4445872066431;,953.068424148532;
True,0.5,0,1,1000,False,False,False,1.0,656.9880084461844;,656.9880084461844;
True,0.5,0,1,1000,False,False,False,1.0,883.3088585320279;,883.3088585320279;
True,0.5,0,1,1000,False,False,False,1.0,496.8856128973964;,496.8856128973964;
True,0.5,0,1,1000,False,False,False,1.0,1237.3870067014009;,1237.3870067014009;
True,0.5,0,1,1000,False,False,False,1.0,1113.4475741573222;,1113.4475741573222;
True,0.5,0,1,1000,False,False,False,1.0,968.4599374040031;,968.4599374040031;
True,0.5,0,1,1000,False,False,False,1.0,1004.7709964012505;,1004.7709964012505;
True,0.5,0,1,1000,False,False,False,1.0,1068.6627040484059;,1068.6627040484059;
True,0.5,0,1,1000,True,False,False,,,
True,0.5,0,1,1000,False,False,False,1.0,766.0880800008266;,766.0880800008266;
True,0.5,0,1,1000,True,False,False,,,
True,0.5,0,1,1000,False,False,False,1.0,1135.3479771733098;,1135.3479771733098;
True,0.5,0,1,1000,False,False,False,1.0,431.4622674272321;,431.4622674272321;
True,0.5,0,1,1000,False,False,False,1.0,1197.9303273899968;,886.3430196984474;
True,0.5,0,1,1000,False,False,False,1.0,586.494201793669;,1129.9807175261742;
True,0.5,0,1,1000,False,False,False,1.0,94.24780451576771;,94.24780451576771;
True,0.5,0,1,1000,False,False,False,1.0,255.33768400261977;,255.33768400261977;
True,0.5,0,1,1000,False,False,False,1.0,657.6352537818823;,657.6352537818823;
True,0.5,0,1,1000,False,False,False,1.0,672.7000464047305;,672.7000464047305;
True,0.5,0,1,1000,False,False,False,1.0,1034.6225273333673;,1034.6225273333673;
True,0.5,0,1,1000,False,False,False,1.0,587.6649097598684;,587.6649097598684;
True,0.5,0,1,1000,False,False,False,1.0,847.6860399236142;,847.6860399236142;
True,0.5,0,1,1000,False,False,False,1.0,180.83908964622165;,180.83908964622165;
True,0.5,0,1,1000,False,False,False,1.0,408.194663457529;,408.194663457529;
True,0.5,0,1,1000,False,False,False,1.0,120.91818299572907;,120.91818299572907;
True,0.5,0,1,1000,False,False,False,1.0,492.91465435690645;,492.91465435690645;
True,0.5,0,1,1000,False,False,False,1.0,844.5167495848401;,844.5167495848401;
True,0.5,0,1,1000,True,False,False,,,
True,0.5,0,1,1000,False,False,False,1.0,208.79186274557105;,208.79186274557105;
True,0.5,0,1,1000,False,False,False,1.0,706.1186919710525;,706.1186919710525;
True,0.5,0,1,1000,True,False,False,,,
True,0.5,0,1,1000,True,False,False,,,
True,0.5,0,1,1000,True,False,False,,,
True,0.5,0,1,1000,False,False,False,1.0,60.89596702923563;,60.89596702923563;
True,0.5,0,1,1000,False,False,False,1.0,210.22397501379268;,210.22397501379268;
True,0.5,0,1,1000,False,False,False,1.0,960.5777212980852;,960.5777212980852;
True,0.5,0,1,1000,False,False,False,1.0,1321.1850183247675;,1321.1850183247675;
True,0.5,0,1,1000,True,False,False,,,
True,0.5,0,1,1000,False,False,False,1.0,611.7209734426181;,611.7209734426181;
True,0.5,0,1,1000,False,False,False,1.0,63.27115313714984;,63.27115313714984;
True,0.5,0,1,1000,True,False,False,,,
True,0.5,0,1,1000,False,False,False,1.0,1113.8585565931794;,584.1911541540371;
True,0.5,0,1,1000,False,False,False,1.0,1822.9879925221533;,1822.9879925221533;
True,0.5,0,1,1000,False,False,False,1.0,743.4593986072755;,743.4593986072755;
True,0.5,0,1,1000,False,False,False,1.0,508.50952758386313;,508.50952758386313;
True,0.5,0,1,1000,False,False,False,1.0,622.4413512080081;,622.4413512080081;
True,0.5,0,1,1000,True,False,False,,,
True,0.5,0,1,1000,False,False,False,1.0,761.4672108108153;,761.4672108108153;
True,0.5,0,1,1000,False,False,False,1.0,236.90307574932527;,236.90307574932527;
True,0.5,0,1,1000,False,False,False,1.0,1099.5545902260405;,1099.5545902260405;
True,0.5,0,1,1000,False,False,False,1.0,366.6629657007628;,498.5848271474558;
True,0.5,0,1,1000,False,False,False,1.0,886.6196885891037;,886.6196885891037;
True,0.5,0,1,1000,False,False,False,1.0,988.1589249854954;,988.1589249854954;
True,0.5,0,1,1000,True,False,False,,,
True,0.5,0,1,1000,True,False,False,,,
True,0.5,0,1,1000,False,False,False,1.0,987.9708379934328;,987.9708379934328;
True,0.5,0,1,1000,False,False,False,1.0,1425.656729680266;,1425.656729680266;
True,0.5,0,1,1000,False,False,False,1.0,331.6998330113109;,331.6998330113109;
True,0.5,0,1,1000,False,False,False,1.0,842.1511669953694;,842.1511669953694;
True,0.5,0,1,1000,False,False,False,1.0,665.923241539326;,665.923241539326;
True,0.5,0,1,1000,False,False,False,1.0,700.5195670403257;,700.5195670403257;
True,0.5,0,1,1000,False,False,False,1.0,367.78257547854946;,367.78257547854946;
True,0.5,0,1,1000,False,False,False,1.0,831.553396040036;,831.553396040036;
True,0.5,0,1,1000,False,False,False,1.0,1643.1723841599648;,1643.1723841599648;
True,0.5,0,1,1000,False,False,False,1.0,699.9652869454571;,699.9652869454571;
True,0.5,0,1,1000,False,False,False,1.0,304.8902876876407;,304.8902876876407;
True,0.5,0,1,1000,False,False,False,1.0,1197.484243777775;,1197.484243777775;
True,0.5,0,1,1000,False,False,False,1.0,834.197787999102;,834.197787999102;
True,0.5,0,1,1000,True,False,False,,,
True,0.5,0,1,1000,True,False,False,,,
True,0.5,0,1,1000,False,False,False,1.0,545.6912665293303;,545.6912665293303;
True,0.5,0,1,1000,False,False,False,1.0,65.56452825901881;,65.56452825901881;
True,0.5,0,1,1000,False,False,False,1.0,283.0725646737341;,283.0725646737341;
True,0.5,0,1,1000,False,False,False,1.0,566.6543343937557;,566.6543343937557;
True,0.5,0,1,1000,False,False,False,1.0,591.99212654272;,591.99212654272;
True,0.5,0,1,1000,False,False,False,1.0,801.6844051023988;,801.6844051023988;
True,0.5,0,1,1000,False,False,False,1.0,433.6311032107932;,433.6311032107932;
True,0.5,0,1,1000,False,False,False,1.0,1464.6451767883343;,1464.6451767883343;
True,0.5,0,1,1000,False,False,False,1.0,691.028397048017;,691.028397048017;
True,0.5,0,1,1000,False,False,False,1.0,710.6037691216491;,710.6037691216491;
True,0.5,0,1,1000,False,False,False,1.0,736.0310152535639;,736.0310152535639;
True,0.5,0,1,1000,False,False,False,1.0,748.0026816133419;,748.0026816133419;
True,0.5,0,1,1000,False,False,False,1.0,88.44921619639189;,88.44921619639189;
True,0.5,0,1,1000,True,False,False,,,
True,0.5,0,1,1000,False,False,False,1.0,145.69990623680806;,145.69990623680806;
True,0.5,0,1,1000,False,False,False,1.0,526.3066507064461;,971.3990602332342;
True,0.5,0,1,1000,False,False,False,1.0,649.5014716665667;,649.5014716665667;
True,0.5,0,1,1000,False,False,False,1.0,1588.3215351185152;,1588.3215351185152;
True,0.5,0,1,1000,False,False,False,1.0,1123.3553703437751;,1123.3553703437751;
True,0.5,0,1,1000,False,False,False,1.0,589.1392485224388;,589.1392485224388;
True,0.5,0,1,1000,True,False,False,,,
True,0.5,0,1,1000,False,False,False,1.0,715.900066822497;,715.900066822497;
True,0.5,0,2,1000,False,False,False,1.0,291.55196504414147;1242.176925167568;,818.8272893245403;1242.176925167568;
True,0.5,0,2,1000,False,False,False,1.0,979.678558141791;657.0235889872271;,658.9191191039146;403.1478995776465;
True,0.5,0,2,1000,False,False,False,1.0,1165.679860167144;706.5978736051165;,977.5148749671253;672.3365396263177;
True,0.5,0,2,1000,False,False,False,1.0,634.3807624337684;723.5982588715602;,559.9281379343216;676.7293374693718;
True,0.5,0,2,1000,False,False,False,1.0,607.1634378091899;948.8578038885835;,607.1634378091899;604.4482541551095;
True,0.5,0,2,1000,False,False,False,1.0,1146.3104377543068;609.888012962755;,1052.3079019767588;586.9739297236357;
True,0.5,0,2,1000,False,False,False,1.0,354.3879959780328;76.29495337700226;,699.4031393833613;527.6492731255282;
True,0.5,0,2,1000,False,False,False,1.0,1106.7669296516124;1519.032933586671;,762.0325465779167;431.4940093410165;
True,0.5,0,2,1000,False,False,False,1.0,424.18671935956166;713.6990866730202;,521.3784012671356;784.9438285290615;
True,0.5,0,2,1000,False,False,False,1.0,2488.217647877972;1301.5833925278512;,326.81551000440163;1815.9585663164928;
True,0.5,0,2,1000,False,False,False,0.5,701.9541374358605;,430.89202229416566;
True,0.5,0,2,1000,False,False,False,0.5,594.1109764697363;,393.7288527487628;
True,0.5,0,2,1000,False,False,False,1.0,992.8990903445941;1220.595626438184;,862.8985236942249;907.5935256058067;
True,0.5,0,2,1000,False,False,False,1.0,320.43086740006333;631.7765288096559;,320.43086740006333;631.7765288096559;
True,0.5,0,2,1000,False,False,False,1.0,1180.4899099731178;1204.6277527127954;,1248.5337100234212;892.5364693882531;
True,0.5,0,2,1000,False,False,False,1.0,94.94049466357147;729.6817241529775;,112.32761645888026;743.028638873063;
True,0.5,0,2,1000,False,False,False,1.0,455.0759565593436;500.53997366167755;,458.6750709434003;500.53997366167755;
True,0.5,0,2,1000,False,False,False,1.0,148.59852270896238;819.1923090435888;,342.3274610385427;466.798476644733;
True,0.5,0,2,1000,False,False,False,1.0,510.18277392409715;729.6858179451822;,434.6621376468551;661.944045479687;
True,0.5,0,2,1000,False,False,False,1.0,346.7527209024576;904.342487068222;,271.29979075432385;797.0203668699384;
True,0.5,0,2,1000,False,False,False,0.5,960.5950898914388;,560.6215294128414;
True,0.5,0,2,1000,False,False,False,0.5,778.9710163711549;,867.5149971041802;
True,0.5,0,2,1000,False,False,False,1.0,583.6031075419548;1098.9445186920716;,583.6031075419548;1098.9445186920716;
True,0.5,0,2,1000,False,False,False,0.5,1205.2977614846754;,510.0198978822662;
True,0.5,0,2,1000,False,False,False,1.0,838.3030360880397;1120.5222432836001;,584.764281046068;790.5854591627177;
True,0.5,0,2,1000,False,False,False,1.0,917.546345061104;627.3058577639633;,909.3308533321858;106.31489368736376;
True,0.5,0,2,1000,False,False,False,1.0,1292.7736406039319;895.3207949797394;,1231.0827218750137;966.546440245288;
True,0.5,0,2,1000,False,False,False,1.0,716.5080617583416;890.569035379998;,314.3743323889986;494.1279943384498;
True,0.5,0,2,1000,False,False,False,1.0,58.09386057391798;337.264608997205;,672.9149249072257;270.0035342183402;
True,0.5,0,2,1000,False,False,False,1.0,703.5553386097722;1315.5023301400374;,685.3991378753914;1347.2866791402005;
True,0.5,0,2,1000,False,False,False,1.0,449.708007095767;1046.2502397661774;,449.708007095767;277.71180861241027;
True,0.5,0,2,1000,False,False,False,1.0,592.4901712236216;936.5734626298046;,894.7352392074616;751.8471369773271;
True,0.5,0,2,1000,False,False,False,1.0,614.2170785621885;1187.9400357194172;,857.06958581331;1283.0982125818573;
True,0.5,0,2,1000,False,False,False,1.0,920.90346725068;814.7193517689518;,839.0512136078125;791.4780424917751;
True,0.5,0,2,1000,False,False,False,1.0,574.7811266121445;880.034415672623;,550.6330605582825;900.5785243375433;
True,0.5,0,2,1000,False,False,False,1.0,315.23379791179735;453.57733263242545;,373.6503627058878;372.0141741348069;
True,0.5,0,2,1000,False,False,False,1.0,225.9335131743029;1010.9925806140235;,162.03645699267275;1010.9925806140235;
True,0.5,0,2,1000,False,False,False,0.5,68.64000438097486;,550.6329807692467;
True,0.5,0,2,1000,False,False,False,1.0,680.0177624150446;919.7056836598856;,722.6324518945308;351.0989893478996;
True,0.5,0,2,1000,False,False,False,1.0,540.3468141139081;262.9178424301892;,373.8276901864578;326.85659795770215;
True,0.5,0,2,1000,False,False,False,1.0,701.5596030789662;935.3293274073084;,693.1642938388128;747.2697880026249;
True,0.5,0,2,1000,False,False,False,1.0,1015.5670180669371;761.6958184382283;,1016.1353789379956;690.1485333949507;
True,0.5,0,2,1000,False,False,False,1.0,746.9327077113087;1062.6656351800182;,746.9327077113087;1062.6656351800182;
True,0.5,0,2,1000,False,False,False,1.0,1145.2374815862158;1309.351905443712;,1529.2637782174954;832.1853722353252;
True,0.5,0,2,1000,False,False,False,1.0,308.6554868057195;955.3407168874966;,245.44180715682052;840.1744268476515;
True,0.5,0,2,1000,False,False,False,1.0,810.7751425112781;247.45686480063353;,739.584608058424;283.5705634299526;
True,0.5,0,2,1000,False,False,False,1.0,679.3950466239858;221.87490670803987;,730.3951023666002;310.29936463171447;
True,0.5,0,2,1000,False,False,False,1.0,1088.5190221091486;121.10910738638009;,1055.1261478663407;86.78996079130755;
True,0.5,0,2,1000,False,False,False,1.0,848.4777016108835;520.9758762235036;,712.2064509215016;160.97890576515908;
True,0.5,0,2,1000,False,False,False,1.0,252.6522738554492;943.0646013487795;,551.8870935935381;1133.682842091639;
True,0.5,0,2,1000,False,False,False,1.0,1065.698913534793;455.2154081344449;,810.6428772150838;455.2154081344449;
True,0.5,0,2,1000,False,False,False,1.0,979.4719964990126;503.7375058852066;,813.6194492415066;183.05780923459875;
True,0.5,0,2,1000,False,False,False,0.5,249.35866299980412;,109.50951587461525;
True,0.5,0,2,1000,False,False,False,1.0,839.0344410840586;444.52568861864756;,866.807097665214;514.5320935027139;
True,0.5,0,2,1000,False,False,False,1.0,290.9077787434887;222.29464578903168;,281.2571773446182;324.89909706707334;
True,0.5,0,2,1000,False,False,False,1.0,981.4374284621332;965.7029607772104;,594.8780465013891;670.0478454701306;
True,0.5,0,2,1000,False,False,False,1.0,860.7357598054708;465.55935762289056;,860.7357598054708;433.13297820829297;
True,0.5,0,2,1000,False,False,False,1.0,1010.8146505536026;197.711656679814;,510.9488129877522;299.540873588309;
True,0.5,0,2,1000,False,False,False,1.0,649.5989714320559;490.65343329699056;,651.1001867484879;1033.2570344057742;
True,0.5,0,2,1000,False,False,False,1.0,1315.8867875039336;223.1576573787776;,1379.1704344887855;94.76181880131668;
True,0.5,0,2,1000,False,False,False,1.0,334.29404154929523;600.1331974734463;,845.5773357417859;319.53075969186176;
True,0.5,0,2,1000,False,False,False,1.0,676.8682599865759;1142.09150300814;,676.8682599865759;1142.09150300814;
True,0.5,0,2,1000,False,False,False,1.0,375.983265455084;1034.8834113039716;,344.92847443686946;696.6262151369024;
True,0.5,0,2,1000,False,False,False,1.0,1526.6337798639522;346.63492575635547;,1211.4020983576906;346.63492575635547;
True,0.5,0,2,1000,False,False,False,1.0,134.71176771837517;960.3073815332301;,134.71176771837517;960.3073815332301;
True,0.5,0,2,1000,False,False,False,1.0,1274.532618198476;603.2323009053442;,1381.4347714303333;702.4368336120816;
True,0.5,0,2,1000,False,False,False,1.0,236.86694954807106;710.2056242130863;,318.54215514470155;1023.4353434561273;
True,0.5,0,2,1000,False,False,False,1.0,299.18020757540427;806.4986682868345;,299.18020757540427;1334.7370927484235;
True,0.5,0,2,1000,False,False,False,1.0,1185.516532345889;839.5134508131346;,1151.7049991728038;1030.64236626711;
True,0.5,0,2,1000,False,False,False,1.0,1104.282933382901;1278.3950599658067;,1173.815170260009;811.08792090996;
True,0.5,0,2,1000,False,False,False,1.0,307.0468619369551;748.9808945728026;,882.8674441953731;1024.367451683321;
True,0.5,0,2,1000,False,False,False,1.0,806.8983528679472;1048.597279548454;,641.2445011045409;904.7099615943818;
True,0.5,0,2,1000,False,False,False,1.0,1003.3007417978213;1001.7406876864665;,649.7537606875511;90.38138794725367;
True,0.5,0,2,1000,False,False,False,1.0,709.0082022034668;274.5060779471495;,622.4217819766789;274.5060779471495;
True,0.5,0,2,1000,False,False,False,1.0,346.98001697217074;703.4354887785667;,183.65718966555494;773.2873688712815;
True,0.5,0,2,1000,False,False,False,1.0,878.2629944136384;943.0399265619819;,651.8677731485985;448.1009457374472;
True,0.5,0,2,1000,False,False,False,0.5,861.3572575421671;,407.71980583563425;
True,0.5,0,2,1000,False,False,False,1.0,956.1721133588075;1406.0043037165617;,960.1017564436456;950.9018611926426;
True,0.5,0,2,1000,False,False,False,1.0,650.048753459166;373.91243707050046;,1180.2377528366133;387.765828778347;
True,0.5,0,2,1000,False,False,False,1.0,564.2427759980033;244.8140699092654;,609.2548521329885;1171.460423630371;
True,0.5,0,2,1000,False,False,False,1.0,185.12461439737874;820.0535952120895;,614.1438035705822;791.3193519836634;
True,0.5,0,2,1000,False,False,False,1.0,622.1512778957447;1223.1112989423282;,406.4534771964917;1030.751288725099;
True,0.5,0,2,1000,False,False,False,1.0,1132.1286812424937;1116.2969467754356;,1132.1286812424937;1346.9665175155762;
True,0.5,0,2,1000,False,False,False,1.0,1164.7113141182506;773.3872768471316;,1164.7113141182506;773.3872768471316;
True,0.5,0,2,1000,False,False,False,1.0,473.11796244988716;1404.0393089066806;,896.8064048142165;760.073284418736;
True,0.5,0,2,1000,False,False,False,1.0,508.1920421274734;149.6718205859353;,440.3784750133234;185.2633629544414;
True,0.5,0,2,1000,False,False,False,1.0,478.6975575682286;1511.7300678621518;,478.6975575682286;1511.7300678621518;
True,0.5,0,2,1000,False,False,False,1.0,808.0270892182001;238.94507187330476;,568.3172326941508;238.94507187330476;
True,0.5,0,2,1000,False,False,False,1.0,109.09927043369663;793.1445505011046;,109.09927043369663;793.1445505011046;
True,0.5,0,2,1000,False,False,False,1.0,1363.3182046588183;1292.0406720622684;,862.6939675342431;1305.6363488623933;
True,0.5,0,2,1000,False,False,False,1.0,987.8503926513027;605.0145758664339;,1019.8537422737727;645.6186395677474;
True,0.5,0,2,1000,False,False,False,1.0,730.4613620089215;1218.8629559640253;,728.9156126155737;1021.356185681825;
True,0.5,0,2,1000,False,False,False,1.0,562.1498878325659;1407.3031135322974;,742.0255460721837;773.8806488968328;
True,0.5,0,2,1000,False,False,False,1.0,65.07664540569222;197.86727196641291;,250.60249070930476;197.86727196641291;
True,0.5,0,2,1000,False,False,False,0.5,466.24240191599904;,320.2262675175511;
True,0.5,0,2,1000,False,False,False,1.0,2023.0673217125666;911.4732861814756;,1008.0196486815694;526.2806463488715;
True,0.5,0,2,1000,False,False,False,1.0,446.63431116945515;815.7800043886509;,469.8756673555803;805.0261602257715;
True,0.5,0,2,1000,False,False,False,0.5,1166.1006218772754;,422.51329734935894;
True,0.5,0,2,1000,False,False,False,0.5,1222.6694727744868;,484.7503427885942;
True,0.5,0,2,1000,False,False,False,1.0,1519.4165217628874;1601.2576976005516;,1519.4165217628874;1601.2576976005516;
True,0.5,0,2,1000,False,False,False,0.5,568.140031556977;,129.59702786980537;
True,0.5,0,2,1000,False,False,False,1.0,1813.8053246707725;483.9360033155465;,1008.3159116926715;345.3190525711885;
True,0.5,0,2,1000,False,False,False,0.5,1964.0887733064092;,588.4366307616511;
True,0.5,0,2,1000,False,False,False,1.0,682.4403406513785;506.73576046730443;,673.5687135929488;391.64455650049626;
True,0.5,0,2,1000,False,False,False,1.0,651.0492212155378;1006.5615717995271;,651.0492212155378;1006.5615717995271;
True,0.5,0,2,1000,False,False,False,1.0,271.4996779509135;1235.2143892266022;,495.32436130508506;1161.1355988346747;
True,0.5,0,2,1000,False,False,False,1.0,767.6916979227458;1373.3147449331482;,767.6916979227458;1373.3147449331482;
True,0.5,0,2,1000,False,False,False,1.0,752.8102841007122;693.3656882331848;,758.8182721940333;687.0172949758178;
True,0.5,0,2,1000,False,False,False,1.0,391.62020564284586;266.3700668931534;,394.8948946732395;271.8968193931377;
True,0.5,0,2,1000,False,False,False,1.0,512.5465911608508;642.7779944774521;,634.6895572050759;375.8651048028621;
True,0.5,0,2,1000,False,False,False,1.0,771.3339780614041;990.7334723658399;,541.2623582460843;1226.6018414403602;
True,0.5,0,2,1000,False,False,False,0.5,713.2933135472871;,1178.7518205021515;
True,0.5,0,2,1000,False,False,False,1.0,1109.5170533515657;660.0153733743375;,1308.5464781572089;1123.644468569313;
True,0.5,0,2,1000,False,False,False,1.0,148.44307138478828;1097.281156576194;,448.31680407861217;786.053735222053;
True,0.5,0,2,1000,False,False,False,1.0,676.9435176909932;579.8054375997461;,676.9435176909932;579.8054375997461;
True,0.5,0,2,1000,False,False,False,1.0,857.3590172706689;260.00956697652094;,857.3590172706689;260.00956697652094;
True,0.5,0,2,1000,False,False,False,1.0,261.3476491632715;1250.6799921075317;,256.3541142777615;1361.8623087800433;
True,0.5,0,2,1000,False,False,False,1.0,1466.7620042127733;940.0786929006266;,1259.463860894912;971.0626671154629;
True,0.5,0,2,1000,False,False,False,1.0,592.9287408990531;785.8343606889216;,592.9287408990531;785.8343606889216;
True,0.5,0,2,1000,False,False,False,1.0,816.4388598971732;884.4058792882566;,705.3390914901838;906.4963246388277;
True,0.5,0,2,1000,False,False,False,1.0,829.5867953061091;1579.7149174291437;,253.44579016710327;1207.5390348978215;
True,0.5,0,2,1000,False,False,False,1.0,617.7705599248736;1169.2063012917752;,617.7705599248736;1169.2063012917752;
True,0.5,0,2,1000,False,False,False,1.0,571.7752296154545;1046.896465079281;,624.8634823300484;1477.202531872403;
True,0.5,0,2,1000,False,False,False,1.0,260.8860745646965;1669.4506212564656;,353.46167239523675;1861.5593871220797;
True,0.5,0,2,1000,False,False,False,1.0,1971.5534736936777;1131.0120299468322;,865.3551776118476;1114.1531934058562;
True,0.5,0,2,1000,False,False,False,1.0,526.942148926331;158.61840101497518;,523.5160242929032;662.5087676186422;
True,0.5,0,2,1000,False,False,False,1.0,1185.2755284410237;463.31409398688504;,804.3207082139212;46.08851689578003;
True,0.5,0,2,1000,False,False,False,1.0,609.7233796808846;722.8228255298765;,206.16231656410457;479.99798293648996;
True,0.5,0,2,1000,False,False,False,0.5,1196.7325559472747;,363.1660748056222;
True,0.5,0,2,1000,False,False,False,1.0,414.42825746346375;393.4132780268756;,473.80367848097956;412.6317725020945;
True,0.5,0,2,1000,False,False,False,1.0,315.99188934226663;1454.6029403349387;,275.05635842928615;1562.0412377578612;
True,0.5,0,2,1000,False,False,False,1.0,892.1204725542361;1675.0618778266187;,894.0205554083952;856.1638985131958;
True,0.5,0,2,1000,False,False,False,0.5,1183.1120493880294;,1462.9326001116387;
True,0.5,0,2,1000,False,False,False,1.0,1482.3000791215322;468.819825033066;,1387.1515200174965;820.9934120805706;
True,0.5,0,2,1000,False,False,False,1.0,638.5895014699129;406.72777995109135;,595.4179619311244;485.85314198563873;
True,0.5,0,2,1000,False,False,False,1.0,763.9552810157046;949.1466654458726;,434.90771018350864;1116.931312809819;
True,0.5,0,2,1000,False,False,False,1.0,1331.0336151610948;741.2857872708236;,153.49257761829963;1162.4003162391166;
True,0.5,0,2,1000,False,False,False,0.5,1436.7611220460096;,280.16972284554106;
True,0.5,0,2,1000,False,False,False,0.5,1289.3245051730244;,557.4248752861239;
True,0.5,0,2,1000,False,False,False,1.0,754.6145289258932;1411.6417788838316;,272.8432033874548;1507.7211559752361;
True,0.5,0,2,1000,False,False,False,1.0,1285.2064707980833;759.8007035738211;,1433.5368696041214;759.8007035738211;
True,0.5,0,2,1000,False,False,False,1.0,734.5696665165456;697.4397955924999;,734.5696665165456;773.2120230592627;
True,0.5,0,2,1000,False,False,False,1.0,549.2527309233277;1091.3673502467539;,267.64548361319794;1119.0607341165946;
True,0.5,0,2,1000,False,False,False,1.0,719.8136877572525;1844.7362693498872;,719.8136877572525;1844.7362693498872;
True,0.5,0,2,1000,False,False,False,0.5,1347.6239096502716;,740.658781133291;
True,0.5,0,2,1000,False,False,False,1.0,419.8404523771098;761.2013824686506;,419.8404523771098;761.2013824686506;
True,0.5,0,2,1000,False,False,False,1.0,212.1867499219864;901.0032382096205;,31.373164807546402;880.8980815704693;
True,0.5,0,2,1000,False,False,False,1.0,1035.644599668841;869.0052088286773;,1059.3284288658747;586.5993487384541;
True,0.5,0,2,1000,False,False,False,1.0,548.8426831919295;412.1714361171102;,400.21458151080896;517.053334255288;
True,0.5,0,2,1000,False,False,False,1.0,491.05627035377546;844.7112752070193;,700.336050942187;547.0864851004361;
True,0.5,0,2,1000,False,False,False,1.0,437.41841780615897;1023.9499962506645;,437.41841780615897;1023.9499962506645;
True,0.5,0,2,1000,False,False,False,1.0,918.0999873495981;1038.8235924036792;,936.1939887167797;1002.1211055288207;
True,0.5,0,2,1000,False,False,False,1.0,553.9333273018337;1138.6664969342914;,613.0916407043683;903.1354714202411;
True,0.5,0,2,1000,False,False,False,1.0,943.339107058287;1509.1055238843976;,1396.8049541298262;1506.836665936464;
True,0.5,0,2,1000,False,False,False,0.5,375.08113935547476;,487.24943012521294;
True,0.5,0,2,1000,False,False,False,1.0,244.99209321085155;1239.039810661364;,242.76712824363767;1019.8096597992941;
True,0.5,0,2,1000,False,False,False,1.0,1116.036919546938;1793.6074715647712;,629.5249270041429;1235.4619590028456;
True,0.5,0,2,1000,False,False,False,1.0,814.1342274080627;908.6204322959051;,889.7464650215238;942.5938043935331;
True,0.5,0,2,1000,False,False,False,1.0,995.3856211751782;267.91485526245015;,995.3856211751782;267.91485526245015;
True,0.5,0,2,1000,False,False,False,1.0,773.9202604806526;402.2708755696722;,810.497553805791;447.7869854202215;
True,0.5,0,2,1000,False,False,False,1.0,738.3981937970981;1100.7601107952148;,738.3981937970981;1100.7601107952148;
True,0.5,0,2,1000,False,False,False,1.0,557.3151775673001;857.2799219580771;,712.1000819573451;995.7957789449432;
True,0.5,0,2,1000,False,False,False,1.0,791.6046172193863;1010.1611288771495;,791.6046172193863;1010.1611288771495;
True,0.5,0,2,1000,False,False,False,1.0,468.83609522220405;976.6533447092248;,1020.0610368145373;721.0785324116517;
True,0.5,0,2,1000,False,False,False,1.0,221.35652816424826;2264.213548045333;,221.35652816424826;1784.3349064729582;
True,0.5,0,2,1000,False,False,False,1.0,822.6223366304021;1707.8534375674044;,695.6105262663141;1657.1982419270325;
True,0.5,0,2,1000,False,False,False,1.0,212.66418382475422;728.1091859879778;,334.3860599659778;635.2161589120917;
True,0.5,0,2,1000,False,False,False,0.5,313.7952617732991;,549.682525277571;
True,0.5,0,2,1000,False,False,False,1.0,114.29630112828538;1094.78835009218;,647.7884791105049;1897.9838359267962;
True,0.5,0,2,1000,True,False,False,,,
True,0.5,0,2,1000,False,False,False,1.0,643.3278976532972;431.61229241823605;,660.0437433094122;349.7248712241358;
True,0.5,0,2,1000,False,False,False,1.0,792.6613396764346;1337.5832932205728;,442.15620844336553;1038.6581982227633;
True,0.5,0,2,1000,False,False,False,0.5,550.8402224599963;,300.74635377399704;
True,0.5,0,2,1000,False,False,False,1.0,184.57406481354275;1092.3714385122955;,135.26036727490109;674.7289859663244;
True,0.5,0,2,1000,False,False,False,1.0,810.8963795269156;1110.8766138194658;,810.8963795269156;1110.8766138194658;
True,0.5,0,2,1000,False,False,False,1.0,795.7095498160394;785.2266880771572;,795.7095498160394;785.2266880771572;
True,0.5,0,2,1000,False,False,False,0.5,681.0726044871192;,778.7892676299704;
True,0.5,0,2,1000,False,False,False,1.0,885.1088887133747;508.7313351642567;,885.1088887133747;635.2422974684808;
True,0.5,0,2,1000,True,False,False,,,
True,0.5,0,2,1000,False,False,False,1.0,289.33960928748223;445.0557272608996;,340.21571363814104;1329.7081481422558;
True,0.5,0,2,1000,False,False,False,1.0,453.38319770519985;880.9095170478038;,454.41778767011897;866.0561119849738;
True,0.5,0,2,1000,False,False,False,1.0,143.72740764072248;422.83452308905584;,973.2505187231474;106.17378975762487;
True,0.5,0,2,1000,False,False,False,1.0,826.2464737045152;918.9892312718089;,1208.2979266359098;738.4001409361196;
True,0.5,0,2,1000,False,False,False,1.0,1145.18384621378;364.35700482135695;,1145.18384621378;364.35700482135695;
True,0.5,0,2,1000,False,False,False,1.0,113.47670070267799;1367.6667020709183;,188.70676290923745;1208.9788295806884;
True,0.5,0,2,1000,False,False,False,1.0,1542.5182101849082;1312.8502514550992;,1197.8235565841135;367.105302570337;
True,0.5,0,2,1000,False,False,False,0.5,1246.482663059306;,504.6744854040098;
True,0.5,0,2,1000,False,False,False,1.0,408.5370427671799;986.132168907805;,90.40135015771199;133.03865800965428;
True,0.5,0,2,1000,False,False,False,1.0,912.2689452443129;678.3355281601343;,912.2689452443129;678.3355281601343;
True,0.5,0,2,1000,False,False,False,0.5,919.656548510583;,1480.7883148735832;
True,0.5,0,2,1000,False,False,False,1.0,982.6982753440769;315.57844245358683;,98.78627730728378;261.5641170234157;
True,0.5,0,2,1000,False,False,False,1.0,727.6361709800667;1157.5847102740438;,748.9289181562993;1227.0465389889266;
True,0.5,0,2,1000,False,False,False,1.0,554.9482432977303;406.77470973839917;,367.0096145922377;1103.4320622910461;
True,0.5,0,2,1000,False,False,False,1.0,436.7841757411357;599.0117936205774;,436.7841757411357;599.0117936205774;
True,0.5,0,2,1000,False,False,False,1.0,1455.0153903922362;633.8691406534493;,1377.2267871315269;711.258951294968;
True,0.5,0,2,1000,False,False,False,0.5,782.6812227147498;,553.6111780431123;
True,0.5,0,2,1000,False,False,False,0.5,1721.8411803854658;,366.7988561625893;
True,0.5,0,2,1000,False,False,False,1.0,792.9434099620248;2107.6768507169313;,692.5629659025401;1278.744308048692;
True,0.5,0,2,1000,False,False,False,1.0,1529.6804208352637;481.35243892815197;,1214.0922147274905;202.93518597701018;
True,0.5,0,2,1000,False,False,False,1.0,1409.018104720991;1392.0434711749258;,921.5711309363522;880.92489737533;
True,0.5,0,2,1000,False,False,False,1.0,1170.7425566601855;902.1279365227957;,1126.8288308652739;594.9642685378614;
True,0.5,0,2,1000,False,False,False,1.0,661.4646019271584;1322.4937296617813;,581.9511395173379;728.9073152579322;
True,0.5,0,2,1000,False,False,False,1.0,381.77759499470574;1126.559832182275;,181.57831598204967;1246.2862338698476;
True,0.5,0,2,1000,False,False,False,1.0,810.364257283608;1327.440463476852;,937.1423317949623;1231.273765934141;
True,0.5,0,2,1000,False,False,False,0.5,735.2869139756036;,369.62363081374355;
True,0.5,0,2,1000,False,False,False,1.0,142.4708807446991;233.37430431427617;,102.79032334529516;199.06561859549578;
True,0.5,0,2,1000,False,False,False,1.0,361.8428136298568;327.3170553305484;,111.65877127596387;1000.1481516981537;
True,0.5,0,2,1000,False,False,False,1.0,382.284305616679;617.8153759877986;,360.89079974887153;432.768700474708;
True,0.5,0,2,1000,False,False,False,1.0,443.9770188218995;1171.322547108182;,443.9770188218995;1171.322547108182;
True,0.5,0,2,1000,False,False,False,1.0,1036.289391608685;619.1253104199033;,1575.360095401969;538.9787342292952;
True,0.5,0,2,1000,False,False,False,1.0,567.5965853207186;1534.399959176295;,525.9140359459465;1701.67253438622;
True,0.5,0,2,1000,False,False,False,1.0,310.5888342346619;325.8142602887926;,174.71437098107006;620.3611695662463;
True,0.5,0,2,1000,False,False,False,1.0,112.08171194109083;1378.0193573142765;,233.51500496259857;1130.6886985244525;
True,0.5,0,2,1000,False,False,False,1.0,536.057469658996;684.7640148525287;,536.057469658996;684.7640148525287;
True,0.5,0,2,1000,False,False,False,1.0,841.9559830698994;1179.2155819728189;,1182.8872794005208;845.3175444592777;
True,0.5,0,2,1000,False,False,False,1.0,929.1106287287946;522.7946699684103;,448.8378693537541;224.6467802116281;
True,0.5,0,2,1000,False,False,False,1.0,1438.2891301060686;903.4884256067035;,921.4235270578835;671.8208947059728;
True,0.5,0,2,1000,False,False,False,1.0,215.48050519858515;1132.9369437001706;,242.47458130821488;1131.4744627440057;
True,0.5,0,2,1000,False,False,False,0.5,890.1498538408682;,237.973144841562;
True,0.5,0,2,1000,False,False,False,1.0,549.6641176711356;1821.5836866710722;,521.9302966235391;1199.4691829599578;
True,0.5,0,2,1000,False,False,False,1.0,618.7644995494542;557.128274047548;,618.7644995494542;557.128274047548;
True,0.5,0,2,1000,False,False,False,1.0,310.98741731151154;439.82114302270514;,520.6553389227957;689.59354479549;
True,0.5,0,2,1000,False,False,False,1.0,197.3581585910116;489.30236101223664;,710.2529657292181;542.7605260801964;
True,0.5,0,2,1000,False,False,False,1.0,1314.4311930782505;874.7521506180466;,889.5597335405135;611.641722107436;
True,0.5,0,2,1000,False,False,False,1.0,278.51540056749747;576.4517496083013;,278.51540056749747;576.4517496083013;
True,0.5,0,2,1000,False,False,False,1.0,866.6608126025667;2019.7000060188102;,537.0917797601087;1220.7995923755182;
True,0.5,0,2,1000,False,False,False,1.0,782.8397131262243;673.7313378990982;,463.9636125182249;595.3536546135342;
True,0.5,0,2,1000,False,False,False,1.0,1427.1279927961075;337.55615681708633;,1157.9551905104197;1051.9437224447008;
True,0.5,0,2,1000,False,False,False,1.0,1031.7017429390548;553.5721481749108;,566.1181826741454;753.5529769458358;
True,0.5,0,2,1000,False,False,False,1.0,1178.9411725698637;376.4128611328941;,1252.5663650991726;299.6531828454945;
True,0.5,0,2,1000,False,False,False,1.0,996.3747614627116;474.7828617800946;,1047.705067255737;474.7828617800946;
True,0.5,0,2,1000,False,False,False,1.0,834.2948637903179;319.914932897652;,799.4555372410994;281.6806707764351;
True,0.5,0,2,1000,False,False,False,0.5,950.4606002395235;,830.1740969954532;
True,0.5,0,2,1000,False,False,False,1.0,1656.0364440241203;524.7616470662965;,1352.644952685849;1005.0494922496644;
True,0.5,0,2,1000,False,False,False,1.0,699.2652049346989;97.13741398082696;,412.0272063878783;161.45712079947162;
True,0.5,0,2,1000,False,False,False,1.0,288.86198216875357;1720.6247393714334;,521.1835288810482;1204.1154202535404;
True,0.5,0,2,1000,False,False,False,1.0,501.4210162457856;263.7575863697782;,382.7326601836748;474.43058279010825;
True,0.5,0,2,1000,False,False,False,1.0,842.0092279561413;460.7584272608602;,603.8313006869939;683.7992917993522;
True,0.5,0,2,1000,False,False,False,1.0,484.1622209696088;288.4215944882487;,660.0086308123527;295.41430372134585;
True,0.5,0,2,1000,False,False,False,1.0,1053.2094687594756;539.6288576520808;,985.5258775210625;439.3129958618238;
True,0.5,0,2,1000,False,False,False,0.5,963.7536447046298;,1147.633020948076;
True,0.5,0,2,1000,False,False,False,1.0,569.3205379606968;120.40268074358399;,517.2175611093821;149.59729240216427;
True,0.5,0,2,1000,False,False,False,1.0,1065.550603828097;538.9143168050335;,1139.496278248234;399.5172998267404;
True,0.5,0,2,1000,False,False,False,1.0,1287.5030744265325;595.3372628591866;,1394.637203687206;346.8545253763922;
True,0.5,0,2,1000,False,False,False,1.0,106.32230420889505;520.6219613931049;,106.32230420889505;520.6219613931049;
True,0.5,0,2,1000,False,False,False,1.0,890.3348061156181;1072.6415607175525;,852.2816553204324;1288.762060734525;
True,0.5,0,2,1000,False,False,False,1.0,662.9443860475614;2044.0396136765844;,662.9443860475614;2044.0396136765844;
True,0.5,0,2,1000,False,False,False,0.5,2042.470400854367;,558.2279424099127;
True,0.5,0,2,1000,False,False,False,1.0,509.1291529176865;571.0796753341795;,519.4169361003608;498.5139160649958;
True,0.5,0,2,1000,False,False,False,1.0,673.0594534345298;1248.7451512089276;,209.16368571837714;1282.9901877222967;
True,0.5,0,2,1000,False,False,False,1.0,959.7950338631773;198.20373355100583;,1348.5717885398842;146.90389033858628;
True,0.5,0,2,1000,False,False,False,1.0,228.06396066755772;1084.9364616147868;,450.7316358395566;843.7702930288968;
True,0.5,0,2,1000,False,False,False,1.0,466.4028329857334;1288.1087573645475;,443.9825341921627;1314.5304946561232;
True,0.5,0,2,1000,False,False,False,1.0,716.5868566120802;558.8639510602866;,547.2217048564311;748.7480812113299;
True,0.5,0,2,1000,False,False,False,1.0,832.2116635759666;1022.2152885475723;,594.9985634742794;1197.8403958215822;
True,0.5,0,2,1000,False,False,False,1.0,557.9798519768698;1198.9038368902882;,557.9798519768698;846.36922431285;
True,0.5,0,2,1000,False,False,False,1.0,815.8881617357445;824.6898538626895;,1387.5021447281272;1015.9708804702477;
True,0.5,0,2,1000,False,False,False,1.0,228.61850153722153;1485.6817208642103;,374.4697450467524;1257.148770511005;
True,0.5,0,2,1000,False,False,False,1.0,1006.975805491828;945.3777054017743;,1006.975805491828;945.3777054017743;
True,0.5,0,2,1000,False,False,False,1.0,1037.5678942616707;1153.880572071524;,1295.5163179584115;806.2200281878911;
True,0.5,0,2,1000,False,False,False,1.0,1618.2335621908908;926.0413749628381;,1161.2442279436618;926.0413749628381;
True,0.5,0,2,1000,False,False,False,1.0,1188.2231145062792;754.5775884676785;,1077.9387880227266;854.2223340680207;
True,0.5,0,2,1000,False,False,False,1.0,277.2692027241923;2420.90089468674;,440.6544732191287;2237.8794797039104;
True,0.5,0,2,1000,False,False,False,1.0,1706.442236500603;857.0182870152153;,1474.139128639615;690.49747387835;
True,0.5,0,2,1000,False,False,False,1.0,674.4868904729672;240.60747216897528;,632.1303286440383;295.1235119812488;
True,0.5,0,2,1000,False,False,False,1.0,720.8579064384469;1472.1465012326485;,275.41481566648577;1473.8719852318989;
True,0.5,0,2,1000,False,False,False,1.0,1259.1879762153794;2095.817753512752;,679.1694687278157;2095.817753512752;
True,0.5,0,2,1000,False,False,False,1.0,664.3113407957135;1143.7778155527792;,938.2223628797342;1140.4119800628946;
True,0.5,0,2,1000,False,False,False,1.0,980.5730472044817;2141.8322770842146;,316.8519457743457;350.4068363517508;
True,0.5,0,2,1000,False,False,False,1.0,233.65338677312192;212.36178563114484;,233.65338677312192;212.36178563114484;
True,0.5,0,2,1000,False,False,False,1.0,1168.7874164923498;288.4080740669616;,950.4627104490893;288.4080740669616;
True,0.5,0,2,1000,False,False,False,1.0,772.8648024474546;354.29521951984435;,772.8648024474546;354.29521951984435;
True,0.5,0,2,1000,False,False,False,1.0,1904.4939801226067;1601.9132801910234;,1602.1615129110744;907.5034290337627;
True,0.5,0,2,1000,False,False,False,1.0,1146.674633222674;1967.064680382371;,333.4762730180557;1390.83154941669;
True,0.5,0,2,1000,False,False,False,1.0,841.0003287697594;14.979276325061297;,841.0003287697594;616.6693990155518;
True,0.5,0,2,1000,False,False,False,1.0,895.2178989249556;948.3088069544308;,665.3460626150764;1048.121369509617;
True,0.5,0,2,1000,False,False,False,1.0,522.3039349536232;772.0508003206411;,522.3039349536232;772.0508003206411;
True,0.5,0,2,1000,False,False,False,1.0,180.4276510537993;762.6989067640009;,176.06831346426335;726.7381967312534;
True,0.5,0,2,1000,False,False,False,1.0,1062.7957348691439;717.5917513289228;,1062.7957348691439;717.5917513289228;
True,0.5,0,2,1000,False,False,False,0.5,1296.0068607195287;,1301.234703306676;
True,0.5,0,2,1000,False,False,False,1.0,3063.3987491881717;1408.7324746035285;,1131.3354344052916;844.0187890086773;
True,0.5,0,2,1000,False,False,False,1.0,802.2472126565829;1178.9862391066756;,570.534548133896;786.3034650799162;
True,0.5,0,2,1000,False,False,False,1.0,1111.1798740441832;684.978990392142;,575.7470520255114;473.93904889294276;
True,0.5,0,2,1000,False,False,False,1.0,645.0683891837205;538.1527550009414;,953.8182830713409;856.7527978532069;
True,0.5,0,2,1000,False,False,False,1.0,1084.9711117021884;651.0358268717279;,1195.1215880525187;429.0460851864242;
True,0.5,0,2,1000,False,False,False,0.5,1081.0646802869048;,924.5993989711538;
True,0.5,0,2,1000,False,False,False,0.5,277.4058655479862;,1628.4723602202098;
True,0.5,0,2,1000,False,False,False,0.5,843.5139000003395;,233.64295419307166;
True,0.5,0,2,1000,False,False,False,1.0,600.2971537529925;869.233460314687;,600.2971537529925;869.233460314687;
True,0.5,0,2,1000,False,False,False,1.0,289.31632882241837;1496.4842830978191;,384.18540237254535;1402.9835549015172;
True,0.5,0,2,1000,False,False,False,1.0,844.74795798099;2212.545075633423;,1271.5766669677266;1844.0802375949922;
True,0.5,0,2,1000,False,False,False,1.0,865.2685371848823;814.567734541103;,865.2685371848823;814.567734541103;
True,0.5,0,2,1000,False,False,False,1.0,1403.3553595951657;760.2994658687776;,1201.9143063282338;225.90418850877376;
True,0.5,0,2,1000,False,False,False,1.0,157.1617892910628;513.6610326142182;,157.1617892910628;513.6610326142182;
True,0.5,0,2,1000,False,False,False,1.0,1480.3931762533655;406.4059069402839;,1478.8587528378666;406.1634975644931;
True,0.5,0,2,1000,False,False,False,1.0,743.2573057305871;844.1325637346126;,595.2574931054584;651.4537775156151;
True,0.5,0,2,1000,False,False,False,1.0,826.5671792353533;398.65816838107;,816.7627084506278;833.8585165128809;
True,0.5,0,2,1000,False,False,False,1.0,1894.405494732502;467.55405034438877;,999.1024511510986;467.55405034438877;
True,0.5,0,2,1000,False,False,False,1.0,404.2435982012876;1384.1841898785094;,353.82336956311445;1309.3661390939772;
True,0.5,0,2,1000,False,False,False,0.5,405.93907900604586;,451.3332466937348;
True,0.5,0,3,1000,False,False,False,1.0,1204.1904877124023;1433.6137303219807;400.44586303874866;,999.6658428540596;1262.4900722097389;200.29855313647863;
True,0.5,0,3,1000,False,False,False,0.3333333333333333,1290.1844079984037;,1250.3502290434499;
True,0.5,0,3,1000,False,False,False,1.0,1058.8094983252752;635.5689814941237;360.16118478141055;,1285.851752700044;220.89660294484486;379.62787840757767;
True,0.5,0,3,1000,False,False,False,1.0,994.3283745419279;1027.65774593092;457.113182506547;,471.033725241102;974.5147282262573;705.7986883510579;
True,0.5,0,3,1000,False,False,False,0.6666666666666666,341.73075721165895;318.933834944034;,461.2112126059643;305.1500084088192;
True,0.5,0,3,1000,False,False,False,1.0,1212.6237389514313;1851.3108273941964;1771.2675161958741;,1146.606706372722;660.5701621474685;716.0950914602046;
True,0.5,0,3,1000,False,False,False,1.0,991.6395177044047;834.5200013247119;650.2481547569139;,280.0689758304428;862.7295951403623;815.2730350348515;
True,0.5,0,3,1000,False,False,False,1.0,901.0118092317693;298.4326574793733;524.0936308026666;,369.2076772931604;994.7771449101895;211.06693399741147;
True,0.5,0,3,1000,False,False,False,1.0,186.4487391687175;862.8337070080131;718.792861499105;,182.74825538514455;433.7148320119134;339.29023440678526;
True,0.5,0,3,1000,False,False,False,1.0,426.9572792961778;198.31148701453594;720.3994363435278;,426.95727929617686;315.8680535239026;1037.33762058435;
True,0.5,0,3,1000,False,False,False,1.0,962.2184592970012;815.469637433543;1243.291484096063;,1178.0028893744177;582.494998804708;1208.8219120420051;
True,0.5,0,3,1000,False,False,False,1.0,1228.0947721965326;433.99972261668006;984.9027435294201;,869.0585037155288;1197.2203475693059;1033.162640121751;
True,0.5,0,3,1000,False,False,False,1.0,1362.493564380668;1648.2675129856634;1546.3519936996;,1134.1103624155678;1425.0862123223003;1139.3967468422522;
True,0.5,0,3,1000,False,False,False,1.0,545.7550403354022;869.9909172743357;1748.8902112633948;,484.8214369836624;969.2588884436786;1748.8902112633807;
True,0.5,0,3,1000,False,False,False,0.6666666666666666,654.9004443590633;536.8765319413037;,579.816206413651;264.73890430558185;
True,0.5,0,3,1000,False,False,False,1.0,176.33389629975895;215.17735543049102;1252.7399887043116;,176.33389629975173;349.3599474532209;396.90691278223085;
True,0.5,0,3,1000,False,False,False,1.0,607.8248811829153;2345.9790779411383;165.7796724206745;,520.4081691932963;1337.7106271093455;255.8910380998888;
True,0.5,0,3,1000,False,False,False,0.6666666666666666,626.1402911620536;1429.1473195144847;,453.99564620879494;1450.3977289297911;
True,0.5,0,3,1000,False,False,False,1.0,1295.5491857720265;647.7678453813036;2361.577642005669;,662.2594226420963;435.61192567695593;870.7214163434678;
True,0.5,0,3,1000,False,False,False,1.0,2299.8457179872044;710.4462125582165;1138.4809624806026;,333.45314160287506;697.2553292852613;1138.4809624805935;
True,0.5,0,3,1000,False,False,False,1.0,1240.6798530226913;333.5130306748012;1453.0872214168423;,437.907223563062;333.513030674802;1109.6184833027962;
True,0.5,0,3,1000,False,False,False,0.6666666666666666,1675.4945543051138;588.8281955438426;,905.0818071884385;759.5443312261197;
True,0.5,0,3,1000,False,False,False,1.0,1128.740132064429;1158.925610582525;1531.508438535613;,1695.8698839834005;833.2381031602292;687.4238332766843;
True,0.5,0,3,1000,False,False,False,1.0,615.7848553192385;423.45769514516945;1308.4424998571808;,615.784855319235;844.6685889476579;161.12662435580611;
True,0.5,0,3,1000,False,False,False,1.0,497.09364631528956;919.4780672372245;1951.480933134817;,35.33911418146261;502.24947071984593;872.5466871880193;
True,0.5,0,3,1000,False,False,False,0.6666666666666666,1311.5116353767223;795.6819626020331;,1185.3669091735915;778.3981626890596;
True,0.5,0,3,1000,False,False,False,1.0,273.28543077085106;618.9328523322538;736.090248978287;,615.3805364237164;524.9617891790674;673.4964361717397;
True,0.5,0,3,1000,False,False,False,1.0,1422.120188801211;173.03947187417367;696.8268118064209;,474.1814666859097;381.39764769003807;178.90777960986964;
True,0.5,0,3,1000,False,False,False,0.6666666666666666,698.6725596194634;2100.195848746419;,959.7667973255366;427.3358187563083;
True,0.5,0,3,1000,False,False,False,1.0,779.459152230623;362.70577385953703;157.16511909417284;,618.1601831756253;45.85295615707264;263.0096553668789;
True,0.5,0,3,1000,False,False,False,1.0,841.5381746347047;574.9439792318086;1968.268691182009;,772.9888504815909;563.608632529725;1053.6104501491368;
True,0.5,0,3,1000,False,False,False,1.0,1796.4147247728886;294.85164468858625;1359.9637105517859;,1493.7081567009525;1093.551751733072;854.7038077485851;
True,0.5,0,3,1000,False,False,False,0.6666666666666666,699.940892375334;863.7572104707958;,699.9408923753349;479.92260628243116;
True,0.5,0,3,1000,False,False,False,0.6666666666666666,541.7443203018522;1532.5948855068045;,1143.5909211891048;1228.7023243271326;
True,0.5,0,3,1000,False,False,False,0.6666666666666666,661.1300499376363;969.6834855738056;,562.9369037051044;809.2104642080661;
True,0.5,0,3,1000,False,False,False,0.3333333333333333,1217.2085237676145;,597.8410220979616;
True,0.5,0,3,1000,False,False,False,0.6666666666666666,570.5425345703767;2382.8160058243034;,947.6191315985302;271.83919870984784;
True,0.5,0,3,1000,False,False,False,1.0,709.3570232508617;690.3044619886214;724.7546465626832;,379.76047151522175;762.7745454877117;655.1384888110954;
True,0.5,0,3,1000,False,False,False,1.0,553.7431460352948;458.35209043928285;1313.2840554517988;,634.9793481489858;417.64252461431005;369.14411486628546;
True,0.5,0,3,1000,False,False,False,1.0,1400.230357334212;4307.977190025744;1114.3866524019777;,1031.5579621681738;333.7114928979409;679.2524636756594;
True,0.5,0,3,1000,False,False,False,1.0,479.3007733976309;967.8847419145486;1726.5782802450883;,474.11029688161756;1014.0145368789834;1244.456083397925;
True,0.5,0,3,1000,False,False,False,0.6666666666666666,594.0311624765626;762.205563025854;,579.7826795018265;548.749147248891;
True,0.5,0,3,1000,False,False,False,1.0,183.40507511288698;1824.0563287643056;4065.5900974340457;,624.0525184126391;601.5819743816044;1311.0263503714332;
True,0.5,0,3,1000,False,False,False,1.0,730.0563380067231;581.9279972469471;1626.617377610334;,690.7769799898192;436.7239439818518;493.7877643344133;
True,0.5,0,3,1000,False,False,False,1.0,916.4868045301943;3058.799929900677;1226.1953619911728;,916.4868045302004;131.52154184031744;139.70341355967176;
True,0.5,0,3,1000,False,False,False,1.0,668.6450893604225;941.3041402247217;454.5368029145981;,705.2685671664989;962.2378739165629;899.0232612601619;
True,0.5,0,3,1000,False,False,False,0.6666666666666666,803.9674776932127;1845.7031086677823;,585.7826033372392;1709.3705491975156;
True,0.5,0,3,1000,False,False,False,0.6666666666666666,927.3415419928909;482.3982704908823;,1323.770241603888;654.8144478580576;
True,0.5,0,3,1000,False,False,False,0.6666666666666666,1013.6270568047572;727.9044977596997;,948.9667042890333;284.3723356181144;
True,0.5,0,3,1000,False,False,False,1.0,848.1553779737504;375.812973147198;390.0372286228603;,678.423655483644;832.7768602838662;900.0240484088966;
True,0.5,0,3,1000,False,False,False,0.6666666666666666,732.1389658408439;524.920323509259;,185.02525189348032;815.717308040384;
True,0.5,0,3,1000,False,False,False,1.0,1042.8691634048778;1644.1514097164875;757.560093064367;,1033.7142518457952;1709.0117921083422;793.9742752378193;
True,0.5,0,3,1000,False,False,False,1.0,453.5194792737458;324.4003030106418;744.6604949262601;,355.02563350110097;370.61687145328585;993.2550190170339;
True,0.5,0,3,1000,False,False,False,1.0,1108.1421044023323;606.1533971951167;1428.4142350383925;,1027.4413693620868;730.3289715226348;408.10283520930005;
True,0.5,0,3,1000,False,False,False,0.6666666666666666,722.5039782110941;653.1783124729814;,952.648800929912;465.1917801736467;
True,0.5,0,3,1000,False,False,False,1.0,152.1120914168929;1549.5545595071465;416.89588193172165;,204.97611652131664;991.90948432474;315.9537383504365;
True,0.5,0,3,1000,False,False,False,1.0,1375.4432259963987;533.9660292030259;295.7044860036728;,777.7938005563308;600.6859418783428;324.94031305546554;
True,0.5,0,3,1000,False,False,False,0.6666666666666666,1028.6285276094711;298.6504566464036;,675.8349459921405;239.4750389746434;
True,0.5,0,3,1000,False,False,False,1.0,818.8528869208365;626.5207982967224;405.54323280001216;,1067.2954541251681;691.178959017595;721.3158721311852;
True,0.5,0,3,1000,False,False,False,1.0,219.56726717814652;538.8515560725003;954.2410448442424;,140.24298668431254;523.2427311366168;843.8992310904945;
True,0.5,0,3,1000,False,False,False,0.6666666666666666,294.64538413845094;450.93022092607805;,305.87060693175516;275.95545021452534;
True,0.5,0,3,1000,False,False,False,1.0,169.7248322980451;524.417353606846;2012.2265997465727;,300.18148998679317;1075.9465769420935;1082.2017600435468;
True,0.5,0,3,1000,False,False,False,1.0,2785.8630837407327;595.3211779217727;5674.8400385861;,436.04383936554376;1283.1240064717958;727.1517069524675;
True,0.5,0,3,1000,False,False,False,0.6666666666666666,1137.2335484699154;946.2398540617801;,505.6238249335568;46.12938928087443;
True,0.5,0,3,1000,False,False,False,1.0,716.9913519461473;998.1427271220969;287.4252150200531;,446.3033921979706;745.6675325572287;452.03902538147355;
True,0.5,0,3,1000,False,False,False,1.0,1180.2742027638694;609.1139986970177;954.6376108187965;,972.6439615422711;524.7349277816458;434.2350219026912;
True,0.5,0,3,1000,False,False,False,0.6666666666666666,319.95580897542425;890.57576141153;,146.51416531699243;376.422061130169;
True,0.5,0,3,1000,False,False,False,1.0,828.2375783603266;611.8668058215876;1142.6777941665937;,1621.9137561246446;1245.0008565784317;747.9946588009668;
True,0.5,0,3,1000,False,False,False,1.0,120.01703628042084;1307.6918955504232;1075.3274746602171;,74.04382230798197;1378.1378924432095;1075.3274746602085;
True,0.5,0,3,1000,False,False,False,0.6666666666666666,770.9765332954498;1447.7341590406393;,652.9757254420629;1447.734159040627;
True,0.5,0,3,1000,False,False,False,1.0,797.668767283209;222.28243717437195;325.9239684719841;,686.4422139161248;346.2955499984824;370.3115595731928;
True,0.5,0,3,1000,False,False,False,0.6666666666666666,630.5168874586705;101.21726864352;,567.0423977917136;377.0342643115488;
True,0.5,0,3,1000,False,False,False,1.0,1059.1794925231206;439.167478310278;759.5254986368561;,799.2327790041176;440.4116659261468;625.1909804381979;
True,0.5,0,3,1000,False,False,False,1.0,561.6036417391282;2286.272189407157;586.8090401137762;,508.65154053838575;391.0756326799765;1089.4380292877079;
True,0.5,0,3,1000,False,False,False,0.6666666666666666,1080.7442397921038;730.2454086740588;,422.04890026724837;321.9765320779913;
True,0.5,0,3,1000,False,False,False,0.6666666666666666,863.7930304443761;519.4423933066588;,130.3235223422873;143.17869085788485;
True,0.5,0,3,1000,False,False,False,0.6666666666666666,297.7822506484578;264.16167773034664;,419.1510252220202;604.4700594155589;
True,0.5,0,3,1000,False,False,False,0.6666666666666666,1043.054594788265;420.51105791713695;,1323.5083551335945;497.9885198493251;
True,0.5,0,3,1000,False,False,False,1.0,421.93011404572354;146.6622981468851;1196.2338029599769;,730.9295390513347;753.1077388733414;1313.650377937107;
True,0.5,0,3,1000,False,False,False,1.0,777.2736783387664;459.2062681120712;1379.7645972754153;,777.2736783387678;541.1366297908637;1662.092617796617;
True,0.5,0,3,1000,False,False,False,1.0,267.7279351792716;131.44227558994348;173.1394219378619;,163.52773162198875;447.79643265547884;1264.85817640439;
True,0.5,0,3,1000,False,False,False,1.0,2825.9194699373516;1707.716747655126;2161.5240812827265;,23.518939234694297;253.7732062518638;1197.6594900333243;
True,0.5,0,3,1000,False,False,False,1.0,858.3726235161723;1784.6480371513571;476.79433543556337;,536.4791277568333;675.7049971668816;724.0509932055883;
True,0.5,0,3,1000,False,False,False,1.0,1152.7853370754071;1392.4029012006615;1852.0232165447205;,1058.976063188353;1016.615421643531;1429.520254031985;
True,0.5,0,3,1000,False,False,False,1.0,1111.1452230277055;1161.7909369700124;1352.4376494279895;,271.6988435637582;1202.6278514240244;1171.513056494261;
True,0.5,0,3,1000,False,False,False,1.0,1111.5743713289328;973.0555180658575;293.1664770472401;,1649.889886765356;196.81113388427437;293.16647704725324;
True,0.5,0,3,1000,False,False,False,1.0,586.4631859350039;1421.927094201067;1092.9280089197634;,647.196009868339;1064.4986407908777;1192.325746895112;
True,0.5,0,3,1000,False,False,False,0.6666666666666666,482.4360928858604;417.57948821485655;,510.0940066037072;1316.1469302364;
True,0.5,0,3,1000,False,False,False,0.6666666666666666,937.8778733249637;239.96906659469965;,729.5455411541406;498.00679494294883;
True,0.5,0,3,1000,False,False,False,1.0,468.1293295368893;880.2421285366325;638.2729098310299;,488.0691851095805;738.3835309100892;291.72999396204244;
True,0.5,0,3,1000,False,False,False,1.0,66.03946963811245;496.40202694413443;916.4134796639717;,636.2014373767548;344.0174601989165;618.9168723098371;
True,0.5,0,3,1000,False,False,False,1.0,1224.9832459699428;1050.5986814107641;712.8970582924;,1235.4532231687986;1351.6683092940716;852.7175686591328;
True,0.5,0,3,1000,False,False,False,1.0,690.7985570764307;970.5027157334031;879.9255496980672;,690.7985570764209;857.088921744127;757.8253494614507;
True,0.5,0,3,1000,False,False,False,0.6666666666666666,272.8433805317521;501.72175524832494;,833.3258927673658;71.51341973137951;
True,0.5,0,3,1000,False,False,False,0.6666666666666666,572.9198294575458;1339.7517398795922;,1076.9803920322854;1555.6852441865472;
True,0.5,0,3,1000,False,False,False,1.0,1155.586785478215;763.0505036709417;340.43108847735266;,1333.1718747996379;998.562352412673;215.98436655885084;
True,0.5,0,3,1000,False,False,False,0.6666666666666666,524.9231401950602;1509.3597797895357;,517.6283422599811;1144.7322008164717;
True,0.5,0,3,1000,False,False,False,1.0,1511.695171141541;1104.0244838572748;1269.9809295378864;,338.6255909426997;1434.7613093419216;1007.1718031071093;
True,0.5,0,3,1000,False,False,False,0.6666666666666666,1327.165388837246;529.9698785250428;,1060.6013560801234;518.6243503140387;
True,0.5,0,3,1000,False,False,False,1.0,70.11757392196762;1444.6089334582268;835.8634765976659;,585.1325921940868;1343.7189187593694;284.5969623081537;
True,0.5,0,3,1000,False,False,False,1.0,1034.4398752404509;499.36628928429855;552.4870265309893;,219.42371079327307;192.91959258248394;921.8671937324992;
True,0.5,0,3,1000,False,False,False,1.0,153.4735959651646;1090.5381989957039;1546.2476697169532;,1011.4579757790171;646.3957715232194;1461.4305911810557;
True,0.5,0,3,1000,False,False,False,0.6666666666666666,714.315142444168;147.18563630336297;,710.8176094371416;398.76535899604715;
True,0.5,0,3,1000,False,False,False,0.6666666666666666,1259.028925003919;1055.372163424296;,354.79989499154567;954.9604336158644;
True,0.5,0,3,1000,False,False,False,0.6666666666666666,449.2909312228715;1597.0590232352906;,117.99323441236884;246.34024281646523;
True,0.5,0,3,1000,False,False,False,0.6666666666666666,1932.7588277594825;985.5131198365069;,957.4274332312065;624.9948949216422;
True,0.5,0,3,1000,False,False,False,1.0,412.26960852262926;748.6903648480545;1086.118057759864;,529.708133550264;119.10705980242795;630.7604947810577;
True,0.5,0,3,1000,False,False,False,1.0,502.05175250057874;834.372310490546;1574.0077773129656;,358.29520344822345;602.2499682862882;1451.8935565900213;
True,0.5,0,3,1000,False,False,False,0.6666666666666666,1033.2051356914192;1577.4178455585134;,291.1310587039803;529.8777220925984;
True,0.5,0,3,1000,False,False,False,0.6666666666666666,589.7776966969967;606.8764325995464;,624.4836046601561;262.8848461544785;
True,0.5,0,3,1000,False,False,False,1.0,1184.084333950986;1118.6109802853089;1367.878873895574;,1202.9810561038594;607.8407276206308;631.7636622965052;
True,0.5,0,3,1000,False,False,False,0.6666666666666666,416.8214719362248;1013.0368127130847;,397.6583586891342;658.4358564165434;
True,0.5,0,3,1000,False,False,False,1.0,1638.171649002456;2354.312907186027;312.0169023123645;,945.0672301121878;1660.3848784858858;312.0169023123574;
True,0.5,0,3,1000,False,False,False,0.3333333333333333,478.42587792621435;,825.7119275418266;
True,0.5,0,3,1000,False,False,False,1.0,778.5767352909284;1150.063567702282;996.1995793423267;,898.9015194918402;1701.9079957053434;1003.7791665173213;
True,0.5,0,3,1000,False,False,False,1.0,942.3735286448515;578.8754499948179;2387.367387420301;,953.8110706961617;770.7710777967121;1216.2306515983337;
True,0.5,0,3,1000,False,False,False,1.0,654.2259489893039;256.94826257512614;202.7770263754481;,326.9409430421371;188.46543401034478;474.0419478744778;
True,0.5,0,3,1000,False,False,False,1.0,293.05117163801356;1190.8708590592469;935.2078433081232;,568.8800088513515;1597.2653937430616;706.8233885925655;
True,0.5,0,3,1000,False,False,False,0.6666666666666666,268.03241274310415;549.7738003926002;,485.27040215188504;549.7738003926048;
True,0.5,0,3,1000,False,False,False,1.0,388.832322143863;536.2642445042677;772.4906893428782;,543.7130095010547;536.264244504266;944.940094650003;
True,0.5,0,3,1000,False,False,False,0.6666666666666666,1428.899492682967;976.0645502202301;,551.4303466816746;460.6843142325059;
True,0.5,0,3,1000,False,False,False,1.0,858.6151998091092;525.5646989339652;512.2363558412844;,626.883585181295;922.8226929351107;518.3805650080504;
True,0.5,0,3,1000,False,False,False,1.0,793.131605573585;631.3468655018555;677.8107505674643;,592.1642483543075;720.5504402843862;396.25504882415566;
True,0.5,0,3,1000,False,False,False,0.6666666666666666,386.9977686768879;442.1788034406106;,967.9673276147764;156.33607078115276;
True,0.5,0,3,1000,False,False,False,0.6666666666666666,1105.68935133876;724.0955787203293;,588.0305039189117;565.3436112643712;
True,0.5,0,3,1000,False,False,False,0.6666666666666666,1127.8213488347578;710.6949853193923;,223.2789367806615;714.6698041614695;
True,0.5,0,3,1000,False,False,False,1.0,1303.999539660267;1619.1948216717446;1031.876365964785;,628.4510304675212;1640.4267760057369;1108.8211788087492;
True,0.5,0,3,1000,False,False,False,0.6666666666666666,558.6616954128042;443.5856898747987;,2069.5438193008363;312.3461864222148;
True,0.5,0,3,1000,False,False,False,1.0,343.97364768203596;938.022579510399;1796.8842608459831;,343.97364768202624;811.2355745783606;1085.0116104548808;
True,0.5,0,3,1000,False,False,False,1.0,502.68253150515466;518.5147707063668;795.8712066169148;,510.38288453850856;477.1871693241432;697.5313695061357;
True,0.5,0,3,1000,False,False,False,0.6666666666666666,2263.4912339035895;628.0991804779343;,692.318803833575;438.17753182274595;
True,0.5,0,3,1000,False,False,False,0.6666666666666666,1332.2288650031446;979.5385879971225;,529.2269636827913;806.5843330753677;
True,0.5,0,3,1000,False,False,False,0.6666666666666666,1016.8875155012163;169.38164825455638;,372.3049271696158;921.4069151067491;
True,0.5,0,3,1000,False,False,False,1.0,1517.9022303045133;1905.896960535769;667.8403907897927;,627.1265473584255;1619.0978204955304;506.09290430168045;
True,0.5,0,3,1000,False,False,False,0.6666666666666666,586.3126827693421;245.40864645994827;,471.0085468470667;382.1666501312103;
True,0.5,0,3,1000,False,False,False,1.0,1240.3868148460103;1103.238522014133;407.62799277198553;,611.2831468239337;1065.971424648882;413.23653838518794;
True,0.5,0,3,1000,False,False,False,1.0,864.8111509820006;1409.1244296081884;1109.5722201035305;,1142.5228499166199;587.5566514239742;851.690874699097;
True,0.5,0,3,1000,False,False,False,0.6666666666666666,2082.4083081537997;750.3091929634542;,845.0120016395765;526.6963101350525;
True,0.5,0,3,1000,False,False,False,0.6666666666666666,853.2210064606579;2824.246914475325;,571.5841640041428;1544.1055143226597;
True,0.5,0,3,1000,False,False,False,1.0,207.2769612194248;429.8993458031356;769.565666652287;,853.2489867872667;453.7194124926716;541.6269648054442;
True,0.5,0,3,1000,False,False,False,0.6666666666666666,1430.4569718024795;493.09034686460194;,361.26611787820565;691.7369058532888;
True,0.5,0,3,1000,False,False,False,1.0,490.2278333993192;489.51930060719275;391.9091798269184;,224.86844555476438;454.83893977914346;363.4478259706272;
True,0.5,0,3,1000,False,False,False,1.0,512.3579626882546;952.2461793654201;1385.501301860439;,269.5465044416834;1172.1678686187852;582.161737690532;
True,0.5,0,3,1000,False,False,False,0.6666666666666666,1343.9453752332074;1177.2485357618689;,989.1902181104141;1046.3566004585175;
True,0.5,0,3,1000,False,False,False,0.6666666666666666,881.6155425905182;1200.0236004658866;,926.3324260640867;685.7236374846032;
True,0.5,0,3,1000,False,False,False,1.0,1097.501988909005;145.1764008426103;674.4059901470574;,893.5631298732343;355.81783266308986;524.6165150263423;
True,0.5,0,3,1000,False,False,False,1.0,764.6721519276927;524.8208761875185;464.09963658658904;,769.5045353783847;672.1946100890036;709.6511394587584;
True,0.5,0,3,1000,False,False,False,0.6666666666666666,1905.294849057409;1147.8066168623789;,508.32328978004153;223.30237578517412;
True,0.5,0,3,1000,False,False,False,1.0,343.8729824478915;111.91989983533722;255.60365894949274;,642.9468824238186;139.7988223981394;255.6036589495038;
True,0.5,0,3,1000,False,False,False,1.0,831.9513523814285;1107.3826541251046;3412.710099359948;,482.29740234227364;1084.4361735734028;2355.053959154678;
True,0.5,0,3,1000,False,False,False,1.0,1333.8889609323387;333.329886006573;993.4291183617298;,1173.7544916743439;600.1882407717892;1638.6078511717335;
True,0.5,0,3,1000,False,False,False,0.6666666666666666,263.64169351824484;755.6720388003383;,305.3443520683904;137.37325387470358;
True,0.5,0,3,1000,False,False,False,1.0,860.1941885942852;383.6921536576837;715.7386504883829;,987.2431719003285;693.5022921383487;433.92880584240424;
True,0.5,0,3,1000,False,False,False,0.6666666666666666,783.5245459241769;514.7057572905856;,1039.7168364994743;1379.269404999766;
True,0.5,0,3,1000,False,False,False,0.6666666666666666,955.4769968745029;321.2967762866287;,307.73146871089403;443.0421887155395;
True,0.5,0,3,1000,False,False,False,1.0,1059.0409270546952;928.9399393533439;644.2413795219196;,1242.5537619389047;681.9825501702466;678.094448184141;
True,0.5,0,3,1000,False,False,False,0.6666666666666666,3560.8844666827413;835.6575050699663;,1043.2764733780493;190.8940899950417;
True,0.5,0,3,1000,False,False,False,1.0,1047.2686702310614;1052.701266423038;1303.8829035689712;,1059.037525728207;1050.352989860724;686.5535569667545;
True,0.5,0,3,1000,False,False,False,1.0,1294.0001695145634;3576.573034982941;782.879986470456;,725.20584857611;1629.6034294175274;782.8799864704564;
True,0.5,0,3,1000,False,False,False,1.0,3334.929336940085;749.5225709287382;838.9810360026802;,2068.644639480511;669.6327612729871;110.7529704514953;
True,0.5,0,3,1000,False,False,False,0.6666666666666666,1535.3256978444438;441.96624810618584;,1145.4981952376804;684.8121221097613;
True,0.5,0,3,1000,False,False,False,1.0,158.14867917191253;1038.7705695767029;1418.1517619799106;,326.7041559116352;688.2846173834267;627.4162688096171;
True,0.5,0,3,1000,False,False,False,0.6666666666666666,1283.0812264970966;2170.2284301893196;,629.5699176850546;1921.6610987296003;
True,0.5,0,3,1000,False,False,False,0.6666666666666666,1728.1462819077924;1009.9015975411407;,551.6308463976623;738.9321629716085;
True,0.5,0,3,1000,False,False,False,0.6666666666666666,262.4712422732615;771.1390464192732;,484.5253377382594;361.22123148105726;
True,0.5,0,3,1000,False,False,False,1.0,787.9784967928416;594.4818296659818;1612.4768250834975;,492.5239012980957;643.3300121403959;1605.9128319522829;
True,0.5,0,3,1000,False,False,False,0.6666666666666666,1030.083603801893;2862.34954216283;,323.52988018049996;868.2210732728458;
True,0.5,0,3,1000,False,False,False,1.0,742.806998669872;682.6672788477856;802.2768217118278;,675.7665311486048;682.6672788477828;866.9279947568958;
True,0.5,0,3,1000,False,False,False,0.3333333333333333,411.5996904379065;,329.52949195568874;
True,0.5,0,3,1000,False,False,False,1.0,1428.9269327818474;1191.5647365718837;1083.7888928328857;,513.3392232574657;598.2604704622748;829.9005125277728;
True,0.5,0,3,1000,False,False,False,0.6666666666666666,628.7071631571148;698.5818422501279;,946.6795653831941;330.5527717260079;
True,0.5,0,3,1000,False,False,False,1.0,582.0316753866371;1936.619106700882;849.026112820987;,430.83082025635116;376.88763673857585;413.8314967724164;
True,0.5,0,3,1000,False,False,False,0.6666666666666666,1109.1737478684815;909.6156873355961;,503.91662552462304;251.0611070747535;
True,0.5,0,3,1000,False,False,False,1.0,67.11533464259655;1099.8577974175616;964.2079391105042;,21.56699342546244;121.27263215346116;998.6101890923319;
True,0.5,0,3,1000,False,False,False,0.6666666666666666,782.0933310707786;700.9041655466194;,173.88889533720905;363.6570225581776;
True,0.5,0,3,1000,False,False,False,0.6666666666666666,628.4502717342677;1251.123423882952;,355.4383455999085;1619.257518907151;
True,0.5,0,3,1000,False,False,False,1.0,521.8985091760002;1158.394904694069;1222.582648707229;,1144.9460110031991;921.8252131349522;441.19626381672725;
True,0.5,0,3,1000,False,False,False,0.6666666666666666,519.7818574314796;556.3823150019907;,429.5507139702627;347.7129054742678;
True,0.5,0,3,1000,False,False,False,0.6666666666666666,1302.1618075058157;466.08179047823705;,107.46847171153337;253.06108354279124;
True,0.5,0,3,1000,False,False,False,1.0,107.95554051252859;148.11288007353699;327.72442500977144;,172.01706843261024;429.56305459859146;819.3663419170873;
True,0.5,0,3,1000,False,False,False,1.0,3506.30927201869;1738.0115745172473;1165.8393530747546;,426.9861997241222;647.0388241579601;1450.398572177968;
True,0.5,0,3,1000,False,False,False,1.0,127.65261409522734;272.9454774441475;963.9257781941075;,277.45133462048176;279.80798840902924;699.6241055398025;
True,0.5,0,3,1000,False,False,False,1.0,669.6476897435231;966.9355282618468;855.1828599762839;,666.975574726593;115.28323402417354;799.5353386003436;
True,0.5,0,3,1000,False,False,False,1.0,1077.6511497778515;496.5228117152229;1096.4050659803106;,1077.6511497778627;301.525199217072;1514.1563327109045;
True,0.5,0,3,1000,False,False,False,0.6666666666666666,412.80522077685663;356.6987518423338;,33.567038294703025;296.45862877072295;
True,0.5,0,3,1000,False,False,False,1.0,977.2349052931762;839.6284399225849;340.6928851208943;,1094.4071945374637;907.1379897862081;543.1197516779538;
True,0.5,0,3,1000,False,False,False,0.6666666666666666,476.5160444659192;425.2077137182523;,456.986609160204;530.8370027255152;
True,0.5,0,3,1000,False,False,False,0.6666666666666666,304.21829174176185;674.6722257090149;,774.5408948337138;420.4133331910943;
True,0.5,0,3,1000,False,False,False,1.0,963.9296918457916;1005.6326953138857;351.9758910207337;,1086.1353398689835;1006.227902612926;434.6507379785007;
True,0.5,0,3,1000,False,False,False,0.6666666666666666,2924.070120656122;756.1171550617453;,168.58850517511436;759.0851746625249;
True,0.5,0,3,1000,False,False,False,0.6666666666666666,884.095729091077;775.4278313849356;,525.3734299463332;473.1481261167488;
True,0.5,0,3,1000,False,False,False,1.0,266.3691410378207;404.0977470352559;1052.9548180965296;,162.30693113840698;472.09336483811126;1043.7036267176152;
True,0.5,0,3,1000,False,False,False,1.0,586.274757943023;372.16781519349524;488.9286891821255;,583.0010963497347;462.9256594615524;980.131720527364;
True,0.5,0,3,1000,False,False,False,0.6666666666666666,693.8353018283359;1023.0851144861311;,805.4252019765978;757.2298978240963;
True,0.5,0,3,1000,False,False,False,1.0,1384.4389162583345;613.0765467036119;357.85779487137205;,1371.0020977938996;346.36748942012093;357.85779487136017;
True,0.5,0,3,1000,False,False,False,1.0,694.4223169776005;570.6188327855895;494.7886348890762;,468.08403240217143;338.4696361706171;596.0910780125824;
True,0.5,0,3,1000,False,False,False,0.6666666666666666,670.5557976616701;389.0048588905136;,559.5862876010646;1478.194784037354;
True,0.5,0,3,1000,False,False,False,1.0,1343.164328093693;796.9335839283507;1167.7838544081078;,366.50466683611444;913.1155429381628;400.00152932612974;
True,0.5,0,3,1000,False,False,False,0.6666666666666666,305.89058017390124;1108.8000787793849;,408.9004472520529;745.3154994986913;
True,0.5,0,3,1000,False,False,False,0.6666666666666666,875.1244923681695;364.6934894056284;,1217.9925737460574;555.3241297368852;
True,0.5,0,3,1000,False,False,False,1.0,1515.3092834252773;2002.030541525154;94.31011948608705;,258.5746011884311;998.4600164104351;1218.8700025566181;
True,0.5,0,3,1000,False,False,False,1.0,582.4599572092358;745.6105180506465;623.8542585338306;,351.1689769526431;363.46632172408886;574.1982460789786;
True,0.5,0,3,1000,False,False,False,0.6666666666666666,859.1901355386595;128.64441511575373;,865.5847045069838;873.5511856069112;
True,0.5,0,3,1000,False,False,False,1.0,678.5571550697622;790.6530328841359;271.1364813803163;,675.3299659471538;551.9519691783594;142.55290790443496;
True,0.5,0,3,1000,False,False,False,1.0,760.951158740023;940.3807069975755;1246.1024558829338;,1500.8873293974164;1056.6083282626569;1093.7321758671408;
True,0.5,0,3,1000,False,False,False,0.6666666666666666,594.2608819758409;1190.3992405268648;,256.64022714615743;1224.027165296143;
True,0.5,0,3,1000,False,False,False,1.0,1317.022408411406;874.7137598879972;438.9273404202669;,947.5033720485999;956.5134417051619;312.33535703689023;
True,0.5,0,3,1000,False,False,False,0.6666666666666666,957.3887591197995;656.6027044773048;,481.5664835507888;980.7443365071146;
True,0.5,0,3,1000,False,False,False,1.0,695.8192021166459;1390.9001588201613;792.8743139219771;,472.25067064840886;1115.4715385054958;1272.3284887274438;
True,0.5,0,3,1000,False,False,False,1.0,246.68348380482192;1343.277547383465;1520.879253932785;,281.1972969732488;1104.7691204829523;1172.6718875474498;
True,0.5,0,3,1000,False,False,False,0.3333333333333333,769.0943971572948;,703.8593820121355;
True,0.5,0,3,1000,False,False,False,1.0,1666.2150200409446;893.5579514973861;656.1772533926031;,928.5792387227931;689.9828607352227;802.5431076098158;
True,0.5,0,3,1000,False,False,False,1.0,237.08856173617045;1636.2786247600218;613.6533286184568;,222.61974782145438;1639.8094045249404;570.1526884624634;
True,0.5,0,3,1000,False,False,False,0.6666666666666666,503.4759263437158;226.17615173629557;,413.1209954059534;1624.1346511285803;
True,0.5,0,3,1000,False,False,False,1.0,447.8749998444095;164.03144806674382;608.0859686419727;,701.3141812458459;536.3922093318231;480.97629785272653;
True,0.5,0,3,1000,False,False,False,1.0,731.5441113905443;825.4556830501937;1380.4580047035781;,934.5379945778901;974.116037664387;1507.7149429029507;
True,0.5,0,3,1000,False,False,False,0.6666666666666666,2339.900042565103;966.0441394975322;,781.938416564293;770.1454747908164;
True,0.5,0,3,1000,False,False,False,1.0,754.1801457994792;1001.0463588474192;304.2548649269078;,760.4357995624327;1184.0143383325371;347.81821383407265;
True,0.5,0,3,1000,False,False,False,0.6666666666666666,552.0910937443197;310.2856641856494;,586.9974108163016;660.9218536042148;
True,0.5,0,3,1000,False,False,False,0.6666666666666666,263.1706953991621;1281.8663510491335;,341.1498656658083;1001.4724585765418;
True,0.5,0,3,1000,False,False,False,1.0,1094.3854926005827;1088.2193512873098;923.8623701063941;,1094.3854926005793;958.959204939759;653.5807010365372;
True,0.5,0,3,1000,False,False,False,1.0,473.5591284608261;285.0105476770904;591.9900788943418;,590.4176974362547;549.5847471806863;844.6781994683571;
True,0.5,0,3,1000,False,False,False,1.0,1141.261713325981;2187.622382965692;1323.6768161187877;,1188.892829083743;801.3848373871602;532.2103633192663;
True,0.5,0,3,1000,False,False,False,0.6666666666666666,1146.1341472209451;692.7789011802322;,1197.1212606981805;1045.4998398416174;
True,0.5,0,3,1000,False,False,False,1.0,982.77136904966;927.0394457359677;586.7998078587316;,911.4768509907578;723.5586827005068;926.5363957770987;
True,0.5,0,3,1000,False,False,False,1.0,1234.134698524754;439.21839150181324;2480.3927850893674;,584.6347836024112;637.8807027289458;267.0834510387279;
True,0.5,0,3,1000,False,False,False,0.6666666666666666,2272.567358920296;1051.3090473343498;,1126.7407367897208;627.5630194924979;
True,0.5,0,3,1000,False,False,False,0.6666666666666666,1240.1035944239418;1075.27841787636;,499.89237777031434;586.8042935673275;
True,0.5,0,3,1000,False,False,False,0.6666666666666666,1489.9778313985123;447.5049421159258;,327.10735935497644;596.628639383664;
True,0.5,0,3,1000,False,False,False,0.6666666666666666,358.50014602995407;472.1360164106147;,224.92789051455608;472.13601641060654;
True,0.5,0,3,1000,False,False,False,1.0,488.04970490620616;1118.8928482318267;528.8400237467943;,467.2006318377953;1173.2719997766956;507.7188746259634;
True,0.5,0,3,1000,False,False,False,1.0,811.8523596588686;630.0750561550154;980.1923573348679;,801.0523128463311;509.37892841729945;1074.945093098928;
True,0.5,0,3,1000,False,False,False,0.6666666666666666,1288.6218002304922;1453.2622777543475;,788.418071414932;885.752216929912;
True,0.5,0,3,1000,False,False,False,0.6666666666666666,574.0122266194776;394.02089402236066;,761.1625539770158;393.72592312997125;
True,0.5,0,3,1000,False,False,False,0.6666666666666666,390.0511720211036;611.4607997723242;,324.5808924451028;433.3406477283986;
True,0.5,0,3,1000,False,False,False,0.3333333333333333,1111.241530324681;,136.87465846305196;
True,0.5,0,3,1000,False,False,False,1.0,854.4493010556926;1239.3092180578583;1134.1063281058805;,728.8309851034988;1151.4910276648952;1142.767738022772;
True,0.5,0,3,1000,False,False,False,1.0,905.4235360751437;447.6081982204954;1992.7131649446465;,720.9173106862946;702.5749874692408;1163.1430456176404;
True,0.5,0,3,1000,False,False,False,1.0,1031.603483820337;678.4430432315389;828.8673711106378;,1446.46660003967;453.56436137332935;696.3504079073371;
True,0.5,0,3,1000,False,False,False,1.0,1029.4443173611674;1391.985093421854;819.4563128384859;,1226.5465022719227;1519.8515079916199;690.6492976364256;
True,0.5,0,3,1000,False,False,False,0.6666666666666666,616.1674200951616;1279.5096391019893;,525.1039627208116;725.3622951753663;
True,0.5,0,3,1000,False,False,False,1.0,685.2996976181952;351.1133843989801;1121.542609724992;,394.4432127211713;559.5588306839215;575.9387181682574;
True,0.5,0,3,1000,False,False,False,0.3333333333333333,614.6663004079147;,130.2072375254871;
True,0.5,0,3,1000,False,False,False,0.6666666666666666,865.2293007803785;1757.474042592532;,831.2266071923565;1190.2727686426886;
True,0.5,0,3,1000,False,False,False,1.0,264.5294011723322;507.7505632897557;388.26045771352733;,264.52940117233567;457.3056902143469;508.16758635664047;
True,0.5,0,3,1000,False,False,False,0.6666666666666666,855.1851715351866;1122.306661785294;,778.3290207128082;995.5526986383755;
True,0.5,0,3,1000,False,False,False,1.0,506.876852734861;771.7406663798895;528.4839611065917;,404.20298744488065;185.0185413109406;645.8792222791744;
True,0.5,0,3,1000,False,False,False,1.0,1240.7686456673398;641.5513831068263;592.3944944298091;,1411.6502197174382;454.94328180446473;627.2884433982052;
True,0.5,0,3,1000,False,False,False,1.0,1576.1440835312019;199.98734204516825;1438.6174198344513;,562.0757468113424;199.9873420451663;404.1510026752375;
True,0.5,0,3,1000,False,False,False,1.0,1997.870718163019;374.58188251418954;1646.5359055738625;,1850.2601734318348;462.75968321363143;926.4892388654816;
True,0.5,0,3,1000,False,False,False,1.0,1024.5594433606243;584.7553278785018;844.3815874383862;,682.5297514986435;193.14086083614734;572.028020411209;
True,0.5,0,3,1000,False,False,False,0.6666666666666666,914.516415062756;588.4705912461072;,359.62045374463474;588.4705912461117;
True,0.5,0,3,1000,False,False,False,1.0,1139.0624601401528;796.7684983058879;1359.8409732654031;,872.0253966503122;804.2401285588404;1312.606022949606;
True,0.5,0,3,1000,False,False,False,1.0,777.3317044143996;454.8007792293798;61.55944180485351;,558.155056953053;1118.0081210983315;61.55944180485974;
True,0.5,0,3,1000,False,False,False,1.0,719.8222365680331;287.31248399213797;1186.8903198704754;,185.5091040404711;575.2514630047767;1174.9350072033938;
True,0.5,0,3,1000,False,False,False,1.0,809.0001074583322;1484.9328143917699;943.0459415051978;,214.10416449512923;1417.64418075989;793.2187322790318;
True,0.5,0,3,1000,False,False,False,1.0,596.5845424288576;582.9055742900299;441.22862560210075;,596.5845424288718;582.9055742900491;565.9087438594394;
True,0.5,0,3,1000,False,False,False,0.6666666666666666,254.37126075680183;1043.6990394194793;,932.1463044151586;1054.9589741196005;
True,0.5,0,3,1000,False,False,False,0.6666666666666666,605.010960459119;360.87468298390246;,380.8127054986137;264.1374413210476;
True,0.5,0,3,1000,False,False,False,0.6666666666666666,784.8990204310502;300.58353379597673;,287.4714048347;322.18207138264364;
True,0.5,0,3,1000,False,False,False,0.6666666666666666,1509.0166216528369;603.4198230980923;,1056.4665761493118;815.38941545246;
True,0.5,0,3,1000,False,False,False,0.6666666666666666,2812.4576553007482;1318.419595704402;,259.19016518074983;582.9258818636209;
True,0.5,0,3,1000,False,False,False,0.6666666666666666,1205.1209466856396;806.3940959790306;,172.13631668849285;274.9947444623272;
True,0.5,0,3,1000,False,False,False,0.6666666666666666,180.0656543738181;933.9565684687838;,490.22397244885167;434.67251724905964;
True,0.5,0,3,1000,False,False,False,0.6666666666666666,746.200559065896;570.2391141422379;,412.8756811693516;376.95237648769444;
True,0.5,0,3,1000,False,False,False,1.0,165.48852459941244;566.1192239942717;1103.4563155356611;,530.1493053771394;355.57062954806787;1102.1439269027512;
True,0.5,0,3,1000,False,False,False,0.6666666666666666,690.2510524502773;518.8405653657336;,497.30689352252955;708.1144442488692;
True,0.5,0,3,1000,False,False,False,0.6666666666666666,877.7741431975654;639.4973734521714;,655.8727394223286;188.36916492150823;
True,0.5,0,3,1000,False,False,False,0.6666666666666666,1326.73853310284;621.3215964727265;,655.13567920147;242.2640069334993;
True,0.5,0,3,1000,False,False,False,1.0,901.9180397365419;1044.2155975330636;844.8359307488003;,1111.1316380004816;279.6605115064643;867.3735786695756;
True,0.5,0,3,1000,False,False,False,1.0,1516.1312154095394;1220.2346491661021;341.11392110735534;,1037.7707700702645;1223.9566624298154;457.4901640399867;
True,0.5,0,3,1000,False,False,False,0.6666666666666666,393.96122650157304;607.9899276872268;,737.4268324874882;547.8548400403765;
True,0.5,0,3,1000,False,False,False,0.6666666666666666,573.8777221195629;1425.9375235668954;,222.53525648257627;447.1519075700281;
True,0.5,0,3,1000,False,False,False,0.6666666666666666,665.7414193207449;727.6782899351715;,218.46168508081908;559.3074341387561;
True,0.5,0,3,1000,False,False,False,1.0,855.1572763447149;361.5731015238198;781.8778257124592;,869.6055962526306;298.1225207064657;797.0804017478089;
True,0.5,0,3,1000,False,False,False,1.0,568.7621132288924;194.73411188496385;697.5597848719038;,622.8509771560205;719.1864888671272;767.1762939212854;
True,0.5,0,3,1000,False,False,False,0.6666666666666666,1044.4391982262146;2098.796329554705;,743.3921911788831;704.6370615455035;
True,0.5,0,3,1000,False,False,False,0.6666666666666666,1000.0045675677579;692.6397300412507;,586.3646295260587;892.2497964077918;
True,0.5,0,3,1000,False,False,False,1.0,969.910412723568;1360.498156908197;1174.209416359175;,210.50739817433853;944.5203079386172;597.5252168412704;
True,0.5,0,3,1000,False,False,False,0.6666666666666666,1861.4196221904629;654.9836764013465;,948.6509595303401;795.5505159143298;
True,0.5,0,3,1000,False,False,False,1.0,1686.9078670153956;1017.0045902759732;1820.2307678687644;,1066.8943030456298;391.8873257464537;1211.080033146177;
True,0.5,0,3,1000,False,False,False,0.6666666666666666,1020.3389813412376;787.3724018347057;,886.1080140953758;288.1885326121355;
True,0.5,0,3,1000,False,False,False,0.6666666666666666,464.21385694554783;662.3662976403616;,359.98004325178886;752.0545103608451;
True,0.5,0,3,1000,False,False,False,1.0,1575.416649435745;1242.908495722158;1709.7675139560522;,1469.1796596840982;1683.355711243617;1709.767513956063;
True,0.5,0,3,1000,False,False,False,0.6666666666666666,969.1063125363775;542.8434763020682;,561.1534485397044;453.38457221932185;
True,0.5,0,3,1000,False,False,False,0.6666666666666666,559.0310242829819;632.7634753570541;,511.8181143340659;16.74374699107956;
True,0.5,0,3,1000,False,False,False,1.0,1104.4168785649667;437.23026535372315;313.7329179623194;,108.16728921853198;544.8593592862209;684.4318905766613;
True,0.5,0,3,1000,False,False,False,0.6666666666666666,748.08244180325;919.119974532015;,649.6393959133989;271.9480485167943;
True,0.5,0,3,1000,False,False,False,0.6666666666666666,1016.1931565212336;511.2631466512879;,792.5622828731111;425.42683595231233;
True,0.5,0,3,1000,False,False,False,1.0,2371.0295471902355;645.0210703673157;1680.4589464493367;,1317.4729263041866;673.6639246769565;1380.987824836416;
True,0.5,0,3,1000,False,False,False,1.0,751.8914666590641;647.1463318883991;1361.772032436083;,271.5589567654764;637.7150176826834;1373.258289457727;
True,0.5,0,3,1000,False,False,False,1.0,907.166632607251;404.5064821177533;1824.4940616743568;,802.9206468673458;290.0009244530987;235.41030137537354;
True,0.5,0,3,1000,False,False,False,0.6666666666666666,1024.7432892711472;1623.8115241344046;,620.5995790070448;285.2895568469395;
True,0.5,0,3,1000,False,False,False,1.0,487.19666337262436;1553.8314776697723;709.5440533133648;,588.2727246692981;1161.2234393454344;513.62676332044;
True,0.5,0,3,1000,False,False,False,1.0,310.0373714538772;1099.9305979508379;407.169637478289;,349.15874886376736;349.37493280648926;433.33272869478196;
True,0.5,0,3,1000,False,False,False,0.6666666666666666,1100.7606596030682;941.7701753883915;,740.7156604960487;380.6973311197635;
True,0.5,0,3,1000,False,False,False,0.6666666666666666,245.19214176629114;520.2370327439255;,375.5148861038721;554.6753231731099;
True,0.5,0,3,1000,False,False,False,1.0,823.7121976414448;805.1508715119442;2037.0385869784716;,1109.1214107004794;1556.2883695238138;266.5924311455317;
True,0.5,0,3,1000,False,False,False,0.6666666666666666,565.2091671672315;681.3636600322584;,460.42142258636414;403.21724372135475;
True,0.5,0,3,1000,False,False,False,1.0,1090.6837056251582;343.31628561081;974.593926992071;,1427.990066065687;231.65568033916392;795.4091817649639;
True,0.5,0,4,1000,False,False,False,0.75,2231.6782674682086;821.3458487679801;2428.975400063752;,243.24222322894275;270.821378242368;526.4447459121636;
True,0.5,0,4,1000,False,False,False,0.5,117.1797716247913;1564.3289971647953;,949.7821498942828;530.8682853785672;
True,0.5,0,4,1000,False,False,False,0.5,2411.36906536311;685.097907664902;,708.6752628727661;449.8935035731745;
True,0.5,0,4,1000,False,False,False,0.75,286.1901870713552;1044.1072636416811;773.9721755928887;,932.5864214513882;356.9820208604943;1074.5176567377118;
True,0.5,0,4,1000,False,False,False,0.5,4411.018555125916;291.41656618743;,1847.6323337441438;52.9018985636538;
True,0.5,0,4,1000,False,False,False,1.0,559.2515032576998;1033.9281605020728;1026.308673840975;1392.0216959976356;,471.1423504691146;1048.9609771590292;481.5147196117415;344.47236515544137;
True,0.5,0,4,1000,False,False,False,0.5,1016.7396678435051;1191.803403110899;,723.1836267222219;1252.4734878202596;
True,0.5,0,4,1000,False,False,False,0.75,464.70091370040774;367.7550882479036;61.52119696778966;,485.71877671631984;959.7724506475995;130.6229687322806;
True,0.5,0,4,1000,False,False,False,0.75,1582.2160101961315;1030.7459493234078;274.5969495269755;,334.36196954755644;937.2448465989248;364.5679630898127;
True,0.5,0,4,1000,False,False,False,0.75,1125.7498148260727;697.8316350513755;703.0582175980983;,961.9206330377641;1053.4735509179943;749.8636151899874;
True,0.5,0,4,1000,False,False,False,0.75,1073.9532117858519;1112.2844461200084;446.20400223659743;,913.5648825507415;439.15619367879145;1330.5165311302044;
True,0.5,0,4,1000,False,False,False,0.5,669.9401544670455;1484.4145798251548;,1121.436148797147;1693.4089860072147;
True,0.5,0,4,1000,False,False,False,0.75,278.6138822340532;294.00828635160775;598.054701900678;,435.7151424011994;67.05134990282798;930.2860292101125;
True,0.5,0,4,1000,False,False,False,0.75,901.1378983557984;463.06733093365426;858.7006508778758;,1100.6577753633953;591.7280935930079;455.9154441439356;
True,0.5,0,4,1000,False,False,False,0.5,849.2607490929643;914.8805554647797;,1105.9085108704048;1155.3470649450564;
True,0.5,0,4,1000,False,False,False,0.75,1071.5425105304255;796.3288505879522;664.4210747246822;,642.4294768278501;895.8790856366502;918.7903022529761;
True,0.5,0,4,1000,False,False,False,0.75,625.3962336755621;304.9268141630688;2102.165206892812;,532.8432526877975;456.64235847096467;498.9809815741165;
True,0.5,0,4,1000,False,False,False,0.5,1057.2792636057377;8010.170436389924;,203.8234837202343;1593.4637146000828;
True,0.5,0,4,1000,False,False,False,0.5,2106.443323024573;51.265354525313825;,1016.8983663036033;370.0502529471306;
True,0.5,0,4,1000,False,False,False,0.75,3776.1915798807718;284.23997510130727;1995.164207408963;,783.1897724376055;634.6507090180949;724.4342243261658;
True,0.5,0,4,1000,False,False,False,1.0,1220.487192082758;575.7440737716984;836.0089501855513;1156.7887969645722;,1028.7369863524484;315.4316638004757;900.0603554353852;1224.1126678924813;
True,0.5,0,4,1000,False,False,False,0.5,812.8584223686381;844.5509138287329;,342.62422257808015;865.4182746882649;
True,0.5,0,4,1000,False,False,False,0.5,856.4680986875829;648.665850251901;,590.3508562504998;378.84694586303783;
True,0.5,0,4,1000,False,False,False,0.75,877.1598722902131;423.82304718208866;533.8366644622712;,909.3493525654475;502.963799881967;318.6395342298139;
True,0.5,0,4,1000,False,False,False,0.5,345.27783295434;294.35614479999725;,814.7114376051584;221.52503715876574;
True,0.5,0,4,1000,False,False,False,0.75,1833.8882165799157;862.0657870072541;785.4075257623934;,726.6149516233883;754.6170084325283;970.0432229814172;
True,0.5,0,4,1000,False,False,False,0.5,1068.3600276083487;1054.97362497835;,851.6917627172334;776.2687933446313;
True,0.5,0,4,1000,False,False,False,0.75,1023.776514507059;1200.7261412003002;1074.4886869903848;,427.7253329180585;1220.6885710305971;917.7729419601368;
True,0.5,0,4,1000,False,False,False,0.5,440.1564249753706;294.7917455826826;,346.98844822169076;187.22005807442406;
True,0.5,0,4,1000,False,False,False,0.5,2312.8402167869613;784.9406422329268;,882.7499966853576;482.29427381272365;
True,0.5,0,4,1000,False,False,False,0.5,439.197529900445;839.1111367732548;,539.9261392429909;1438.9286333252005;
True,0.5,0,4,1000,False,False,False,0.75,516.7867860861237;725.2049897350462;1211.9057023385717;,582.2602047367192;730.0882948186429;1332.4306248916037;
True,0.5,0,4,1000,False,False,False,0.5,2763.0612067624697;330.9204035209576;,1420.2887591355322;885.5311059436499;
True,0.5,0,4,1000,False,False,False,0.75,1074.2630998244717;462.28319493684893;923.9807170368053;,391.3612942843178;824.573701025443;811.9634695717203;
True,0.5,0,4,1000,False,False,False,0.5,1547.6380805436884;484.16919954532545;,459.6762597292767;601.6985297280991;
True,0.5,0,4,1000,False,False,False,0.5,544.5235734819361;643.8750638431746;,660.8592810547937;673.8359061699822;
True,0.5,0,4,1000,False,False,False,0.5,304.10264275739775;476.418750248572;,508.3103176875637;299.74570333624547;
True,0.5,0,4,1000,False,False,False,0.75,374.5934612305518;1100.0016300646405;1177.7442011930316;,908.521144993129;693.5146771325168;653.0475382844962;
True,0.5,0,4,1000,False,False,False,0.75,668.5829428021112;444.5723108730269;1695.59733503251;,667.4111443080885;493.72911047164087;1820.7912016703592;
True,0.5,0,4,1000,False,False,False,0.75,934.1400324070173;280.7446889549756;416.2248087725301;,1309.727103992844;512.1180802861059;482.80090367664815;
True,0.5,0,4,1000,False,False,False,0.5,599.3625631519781;2073.4384713583104;,382.7057426726002;413.925749186984;
True,0.5,0,4,1000,False,False,False,0.75,717.5289989057176;967.0430583706927;1430.5065711218797;,355.053330908567;340.5815314741213;1460.148877930053;
True,0.5,0,4,1000,False,False,False,0.75,339.49377060047277;669.899827073858;856.5685389807898;,297.55048312880564;1136.948991598922;1191.7735176978686;
True,0.5,0,4,1000,False,False,False,1.0,118.64989500212441;503.70248019171623;1605.4212072483601;443.93608665902497;,319.9922041627557;472.75425705146694;1391.488802195389;441.42729194645534;
True,0.5,0,4,1000,False,False,False,0.75,1534.2378434232903;907.4160825228479;620.8968181694744;,920.4683789664138;712.0657077494711;514.771073686213;
True,0.5,0,4,1000,False,False,False,0.75,1512.826300240624;1595.3976810548575;507.94122753898114;,1530.8482181480204;1247.046657388943;643.6327248886236;
True,0.5,0,4,1000,False,False,False,0.5,385.2550300589802;1946.6405088063989;,690.2219209799704;344.11226977507306;
True,0.5,0,4,1000,False,False,False,0.5,1424.3757152452024;249.87543100454667;,1325.3902469116513;946.1188752446027;
True,0.5,0,4,1000,False,False,False,0.75,2607.1165129300025;688.8377768970092;1013.6388774561151;,705.9103651976508;738.1762005301201;1144.5377139081766;
True,0.5,0,4,1000,False,False,False,0.75,480.76876482231546;104.53670046965912;2057.2717037005937;,943.9219099522294;633.043429793109;544.8375646046431;
True,0.5,0,4,1000,False,False,False,0.75,377.99322375623467;1316.2647544772458;1615.2517468763056;,310.6374138553626;385.035256156209;1755.8706450833995;
True,0.5,0,4,1000,False,False,False,0.75,436.8013977378483;817.8275935458734;993.6243617002332;,848.8164357208576;205.24397613681498;1444.9932959773785;
True,0.5,0,4,1000,False,False,False,0.5,1154.360568713929;1074.021500047663;,861.1244663067406;477.67334301089085;
True,0.5,0,4,1000,False,False,False,0.5,3335.5188270827402;1097.3227066771824;,475.4074659054433;428.49528404099385;
True,0.5,0,4,1000,False,False,False,0.75,2282.7843206920984;671.0342396020656;789.3470992183196;,398.4313498981626;750.5667938010214;424.1650355712539;
True,0.5,0,4,1000,False,False,False,0.75,953.1781676262132;1466.6445492175205;720.853212483017;,1200.6323499052094;1122.5120125333212;591.7275426358723;
True,0.5,0,4,1000,False,False,False,0.75,852.5856451161075;211.07754959544954;1066.9430720316564;,1108.2396821541977;349.71828418073784;887.5408139117371;
True,0.5,0,4,1000,False,False,False,0.75,279.56851246454227;661.4116952924774;532.4529975171819;,612.0960957398364;484.62503170818854;429.92558702055203;
True,0.5,0,4,1000,False,False,False,0.5,543.2218041299532;352.51421483104065;,663.317913852278;229.69499423212912;
True,0.5,0,4,1000,False,False,False,0.5,1268.3194252691849;1235.8586073969695;,1085.304854393537;975.0367117511304;
True,0.5,0,4,1000,False,False,False,0.5,1449.6870824671207;631.3756326698078;,737.2631180421923;291.44274371159867;
True,0.5,0,4,1000,False,False,False,0.5,1070.4064595849436;1592.2634268536249;,912.7810850403208;512.9883473788747;
True,0.5,0,4,1000,False,False,False,0.5,970.735540312673;1063.0353364825417;,736.3993375312814;1179.918257004471;
True,0.5,0,4,1000,False,False,False,0.5,254.1253693680841;284.3002508116302;,230.4730200030715;852.9460612738098;
True,0.5,0,4,1000,False,False,False,0.5,2306.1885192910718;1261.1880845259398;,1324.4981611600065;1191.8370017942086;
True,0.5,0,4,1000,False,False,False,0.5,553.355765414072;2082.7329142774897;,1096.0936594617176;1049.5793116499253;
True,0.5,0,4,1000,False,False,False,1.0,730.2939924419175;1014.1603031735962;2355.1715727720575;349.26383920932864;,225.8150052537017;834.871115627468;2602.1865312480077;130.91340087998702;
True,0.5,0,4,1000,False,False,False,0.75,945.9095168684318;490.51352186041487;2768.1024763081223;,937.7857739629089;1385.2993161549316;891.4924846887667;
True,0.5,0,4,1000,False,False,False,0.75,291.6132490152025;1023.1313551202367;1458.179325236426;,449.9875502936675;237.82066703701884;1281.8172371747648;
True,0.5,0,4,1000,False,False,False,0.75,764.2516095061108;3363.7604293238746;395.8562144971827;,130.69118302305128;189.24674799147508;1362.4456321411128;
True,0.5,0,4,1000,False,False,False,0.5,491.6779833157888;1538.9401148797444;,621.1403539261298;354.03794896389684;
True,0.5,0,4,1000,False,False,False,0.75,1362.9856346379804;1507.4216646214172;2292.548519763771;,46.88783455886816;1123.4114733743274;813.6664297832166;
True,0.5,0,4,1000,False,False,False,0.75,527.3068253211044;820.6791752399546;781.3236470688174;,1149.55228654075;901.1121974797668;1175.28505681783;
True,0.5,0,4,1000,False,False,False,0.75,739.9204935321225;292.30895776845966;1020.4460289910562;,995.7938972335944;470.2217736150557;1060.9954770313466;
True,0.5,0,4,1000,False,False,False,0.5,719.7497372785757;211.3633001882894;,846.5864628499357;171.33456584855094;
True,0.5,0,4,1000,False,False,False,0.75,837.0204758831603;2337.4934325675586;849.3810516884799;,975.4277184454326;39.342526576096056;817.4415449607803;
True,0.5,0,4,1000,False,False,False,0.5,287.5952376030494;978.2604130989342;,639.6706569252622;1019.7383467879092;
True,0.5,0,4,1000,False,False,False,0.5,426.59141885847254;1188.3111124360723;,336.95889983791085;1191.531099152916;
True,0.5,0,4,1000,False,False,False,0.75,1465.2522879273872;178.374151083002;527.5787524394893;,1023.8227631053711;212.7991138696742;904.8943202821899;
True,0.5,0,4,1000,False,False,False,0.5,522.8608101292328;1357.5452450783548;,571.328956091843;981.6164384225995;
True,0.5,0,4,1000,False,False,False,0.75,493.20751383575174;1240.8534314389349;637.1714211396638;,302.5606866915894;1375.4819016650465;56.684560363314475;
True,0.5,0,4,1000,False,False,False,0.5,1135.4069736704673;1302.966759827903;,256.49909280915307;688.4874571722883;
True,0.5,0,4,1000,False,False,False,0.75,307.6050960981193;1370.1156132043566;959.7809245415095;,1065.4498502750826;1437.0845621195817;1160.2698350713085;
True,0.5,0,4,1000,False,False,False,0.5,268.21998356960347;3095.1431258037874;,532.2799674204372;542.2895921866268;
True,0.5,0,4,1000,False,False,False,0.75,718.4189717929124;1495.2992426905473;591.8090546688736;,412.5985699644433;914.8437630063112;875.3878327248041;
True,0.5,0,4,1000,False,False,False,0.75,565.0722005801478;424.2108946830392;746.4143779553063;,339.7887733692305;452.9041505027585;618.9558937414381;
True,0.5,0,4,1000,False,False,False,0.75,742.3661976754482;968.1907795680696;353.60665185308363;,319.46750248598966;920.1735359433341;863.8554876209423;
True,0.5,0,4,1000,False,False,False,0.5,2483.985872249254;1457.1504917814343;,832.8733605129681;499.3355321580806;
True,0.5,0,4,1000,False,False,False,0.5,674.5152510279045;432.3891579144299;,634.4056818915435;1120.074180393013;
True,0.5,0,4,1000,False,False,False,0.5,342.6551406618934;978.0154134013092;,436.44419758181624;657.2072179362909;
True,0.5,0,4,1000,False,False,False,0.5,1386.3745976458713;810.1221544654848;,961.3222152278008;991.0047804629935;
True,0.5,0,4,1000,False,False,False,0.75,1533.4062508201828;1274.2737734116295;239.07956792115638;,486.03176727408805;660.9361154154707;823.604316376386;
True,0.5,0,4,1000,False,False,False,0.75,2826.346792526312;394.5862714517145;318.31332778580264;,106.32233609273463;108.32198807304846;847.8103133710786;
True,0.5,0,4,1000,False,False,False,1.0,967.0551883118175;1366.1887862216138;2250.7718405292576;787.3091595383748;,718.8536031134346;694.4820469000498;205.86893835846655;652.5633875051916;
True,0.5,0,4,1000,False,False,False,0.5,1481.870688336293;1445.0552675262684;,1274.1040089491516;625.9079164839472;
True,0.5,0,4,1000,False,False,False,0.75,565.2425374406031;2489.2640800916843;505.37817443129484;,553.3747240051481;364.42686045106234;608.6642652518303;
True,0.5,0,4,1000,False,False,False,0.5,1845.6774648020005;955.6522614275463;,218.26264435195307;721.3462347959957;
True,0.5,0,4,1000,False,False,False,0.5,1203.5029716514127;1974.8880097158567;,1051.7549051987191;521.4994631011526;
True,0.5,0,4,1000,False,False,False,1.0,917.1729019637177;788.7983391569719;636.1985351319491;1284.1702065438778;,485.9833593578107;490.4265638482423;563.1816857905906;417.9062501224821;
True,0.5,0,4,1000,False,False,False,1.0,925.9763102659253;894.0267400381762;503.21670836261296;1731.7975111101534;,1255.685804769527;634.353981374192;274.8104179619926;646.8819946977502;
True,0.5,0,4,1000,False,False,False,0.75,144.8437300629855;770.7939381650081;1415.8264955774825;,593.0360599597501;1065.7955819041317;911.2492219699618;
True,0.5,0,4,1000,False,False,False,0.75,1484.4663658115035;1268.0113562455042;2222.980707094827;,716.7876189462949;433.6828358255675;53.50336880882309;
True,0.5,0,4,1000,False,False,False,0.5,278.5597563018901;1278.9741229574151;,1306.7292113500305;503.55149896982465;
True,0.5,0,4,1000,False,False,False,0.5,2326.014172359064;807.5572088616906;,843.7516026565492;513.502294916742;
True,0.5,0,4,1000,False,False,False,0.5,376.3065651278262;736.2104181053053;,716.7187683779586;937.0599315201788;
True,0.5,0,4,1000,False,False,False,0.5,2851.9775089820373;356.5664532913167;,854.7745695052572;685.3036199190833;
True,0.5,0,4,1000,False,False,False,0.5,2058.547982905837;1670.9035933617265;,1055.0072807058543;569.1119379108936;
True,0.5,0,4,1000,False,False,False,0.75,341.92497361286746;1513.507782431676;1296.157158118556;,99.05911401946047;526.1830593223324;282.89675522473607;
True,0.5,0,4,1000,False,False,False,0.5,330.57324003055703;667.0979662760913;,1089.6896960843956;588.3389383735687;
True,0.5,0,4,1000,False,False,False,0.75,167.7436990207988;497.94253998014324;974.0601716347737;,771.6890900545637;722.3642926556063;1483.9841027549776;
True,0.5,0,4,1000,False,False,False,0.75,1678.0545936326796;292.8354176308402;828.5089604863933;,507.7066451697893;553.2881944491224;584.4200910725007;
True,0.5,0,4,1000,False,False,False,0.5,380.3960753569969;4404.7488444422215;,437.46747226052497;1486.173100438441;
True,0.5,0,4,1000,False,False,False,0.75,2024.3440407035002;762.4572862148674;937.423323989417;,520.8853939228384;175.4578179382324;987.2932410977696;
True,0.5,0,4,1000,False,False,False,0.5,877.5320120579299;500.0856786525885;,971.9832442232365;474.5888584747254;
True,0.5,0,4,1000,False,False,False,0.5,1363.2145360522543;735.8703379673628;,411.9333208870185;1180.5205014483156;
True,0.5,0,4,1000,False,False,False,0.5,621.2231571562742;803.4668588787118;,342.6900140737585;605.523270048997;
True,0.5,0,4,1000,False,False,False,0.75,143.07512599255008;2428.967537519449;1961.2108208891407;,787.6656780142746;1286.476645962286;46.34388660839668;
True,0.5,0,4,1000,False,False,False,0.75,487.74779428997374;793.1517667835682;319.0285443695924;,258.3833907169327;243.6811663392799;287.70002761708736;
True,0.5,0,4,1000,False,False,False,0.5,1299.8218906328998;1150.4189107186485;,963.226413968649;1210.201402682602;
True,0.5,0,4,1000,False,False,False,0.5,209.4005824913833;340.8104265958916;,238.99764385490036;586.1919839217522;
True,0.5,0,4,1000,False,False,False,1.0,1623.5843794654231;1014.7434699416932;1065.7951727683012;305.1473947050328;,1209.2329694302496;455.26600277709133;995.1995201015425;368.87705160901703;
True,0.5,0,4,1000,False,False,False,0.5,1830.408292263804;1226.7202773969877;,840.5001723150259;970.7087231434983;
True,0.5,0,4,1000,False,False,False,0.5,706.1470507794792;1439.4839804191033;,156.8696385524232;1354.7043722147775;
True,0.5,0,4,1000,False,False,False,0.75,2128.107866848651;984.1137048900263;4399.841452119795;,147.66722707019764;222.8764914781252;1068.6804614743558;
True,0.5,0,4,1000,False,False,False,0.5,1197.8714003333023;1144.5099854276116;,718.2684703533504;821.0816434209735;
True,0.5,0,4,1000,False,False,False,0.75,885.5582252524526;1806.7445376219175;567.6751299999971;,1228.2187963190893;397.7650983083641;674.3597888432705;
True,0.5,0,4,1000,False,False,False,0.5,1213.68690728166;331.22925205098187;,342.4415610376613;342.4272835786857;
True,0.5,0,4,1000,False,False,False,0.75,1761.8347450017602;1098.661476019016;625.8313452888631;,803.8679368387989;578.7719202444201;549.8206376143237;
True,0.5,0,4,1000,False,False,False,0.75,561.1262010221643;553.9676690309891;747.8294538507415;,332.4141253408326;336.7779213525077;535.0336426179048;
True,0.5,0,4,1000,False,False,False,0.5,677.2658306502018;2052.281408873322;,92.99402708471536;363.97358808556015;
True,0.5,0,4,1000,False,False,False,1.0,821.9098714944339;1018.3921456417364;191.0208946228429;2095.041758361583;,786.4272719367873;1033.0345525578985;259.61736191247013;1671.0784049625884;
True,0.5,0,4,1000,False,False,False,1.0,643.8177915168925;657.3802587630466;802.2864193447282;1365.5452483982294;,108.16939639146133;236.80900463826143;611.7558278857323;557.1979503084772;
True,0.5,0,4,1000,False,False,False,0.5,751.9008114782301;1559.0835545712487;,346.8502878752827;620.9323389952406;
True,0.5,0,4,1000,False,False,False,0.75,1456.6333780582488;803.0250252740242;1390.3728576730116;,849.0663973802796;577.7928464174356;473.20574031573125;
True,0.5,0,4,1000,False,False,False,0.75,916.3090533413806;1287.7733479855171;380.3217537199094;,517.155282141979;723.5318562470627;125.60687994922625;
True,0.5,0,4,1000,False,False,False,0.75,2347.857967087961;519.7791098496639;834.7307912224553;,1579.9830994317683;436.5216600915529;720.6103101862827;
True,0.5,0,4,1000,False,False,False,0.75,1267.2407199106847;1531.8267139655218;1597.2057947613964;,770.8413626375346;699.1318264830393;880.6902567675979;
True,0.5,0,4,1000,False,False,False,0.75,537.9385677261679;838.2597048357285;1468.8694346394348;,711.490253633184;889.7594005391246;754.5103742824622;
True,0.5,0,4,1000,False,False,False,0.75,538.9169465634983;2213.540278558672;623.9381514995702;,349.2362609403869;977.1010624609031;1379.8773843669783;
True,0.5,0,4,1000,False,False,False,0.75,615.9494381349834;2609.0669032602405;436.6660999498398;,1011.0092889086286;1442.2729282605276;1270.9893571103737;
True,0.5,0,4,1000,False,False,False,0.5,1429.4094035733758;365.0472145707677;,596.3597120637058;960.4425202578623;
True,0.5,0,4,1000,False,False,False,0.75,250.05459456908895;779.4932264954598;426.4789090472235;,957.1398027631301;742.0791045549175;755.979524381732;
True,0.5,0,4,1000,False,False,False,0.5,2212.4592266861705;1665.6662817238737;,295.6051786583792;932.7648115274555;
True,0.5,0,4,1000,False,False,False,0.5,283.63732140505476;686.4682774260202;,996.6260558211046;228.4334005380822;
True,0.5,0,4,1000,False,False,False,0.75,1094.5129177127794;1000.1726276778031;2110.08545637136;,1218.854449434514;616.0757005013238;542.0642445704846;
True,0.5,0,4,1000,False,False,False,0.5,1670.4688848132955;2062.930818708742;,690.5012110854433;144.64935820396605;
True,0.5,0,4,1000,False,False,False,0.75,567.5722332539914;3315.017027245535;1453.347949968994;,702.3100917832421;1082.4034657966317;720.0118890697288;
True,0.5,0,4,1000,False,False,False,0.75,429.7096884731169;1074.3958326414165;504.0485531581356;,563.9487892678244;1035.3050933090155;713.644834902001;
True,0.5,0,4,1000,False,False,False,0.5,1053.62111897703;1055.8005093783017;,1265.7419646675273;611.7288192144968;
True,0.5,0,4,1000,False,False,False,0.75,710.8118753056887;1023.8832145815386;697.2472397765597;,1448.086625102496;681.6374028686339;59.63587129047757;
True,0.5,0,4,1000,False,False,False,0.5,735.7873232957594;294.9863354694075;,761.4878357246781;208.57290206826414;
True,0.5,0,4,1000,False,False,False,0.5,2596.995280471497;691.8444407893691;,450.2106929500514;306.439955293041;
True,0.5,0,4,1000,False,False,False,0.5,1071.0689256852763;1262.7901183996773;,547.9482960590237;1426.6284936056036;
True,0.5,0,4,1000,False,False,False,0.5,432.0856891748576;1392.9301145287197;,620.7744310044294;940.4951597067746;
True,0.5,0,4,1000,False,False,False,0.75,6328.703426809147;1049.5721665167314;1203.1603039307493;,198.6408334659188;434.1722528201408;1250.0858576622732;
True,0.5,0,4,1000,False,False,False,0.5,698.0408483452306;1000.7923136960069;,898.0669720124965;17.637857347533583;
True,0.5,0,4,1000,False,False,False,0.75,292.56123191037716;1354.1384846674123;77.83634818535053;,838.4869174767388;889.8048163829758;756.439422245067;
True,0.5,0,4,1000,False,False,False,0.5,757.4831351096456;720.4769535658968;,607.3783819782622;1597.2599973047263;
True,0.5,0,4,1000,False,False,False,0.75,481.49782465431184;931.2689721421348;191.50583492825413;,371.607446108986;867.6966197106566;112.31388607981069;
True,0.5,0,4,1000,False,False,False,0.75,813.7133122833101;1565.6378707862807;1733.2701284806294;,519.088086847767;1143.2519478890574;1458.3923040565844;
True,0.5,0,4,1000,False,False,False,0.5,358.75060688260317;424.25539702167816;,435.9357768895292;374.4423811582522;
True,0.5,0,4,1000,False,False,False,0.75,1110.667405552195;674.5658212209611;1489.55279553015;,180.13175933227706;660.562280552729;1273.0178294851885;
True,0.5,0,4,1000,False,False,False,0.75,547.3990598999501;1340.1305503744597;1559.0547171440996;,573.4471626621117;1252.8432691811363;1036.7154063631426;
True,0.5,0,4,1000,False,False,False,0.5,918.197776371658;1104.9351035057302;,623.5893615507275;770.2299734210807;
True,0.5,0,4,1000,False,False,False,0.75,537.1240806281958;581.3985206511608;1354.960093703376;,551.9915885338195;502.04517115941246;1084.7046154225875;
True,0.5,0,4,1000,False,False,False,0.75,812.1973816941027;922.9860209861841;1413.655707101256;,51.30350634800636;855.6546359727498;321.4461233648868;
True,0.5,0,4,1000,False,False,False,0.75,1490.9120450661744;224.38125303665578;2763.1078830007946;,1140.0466376003167;572.1611805707695;537.2356045778533;
True,0.5,0,4,1000,False,False,False,1.0,580.5220717950384;708.9214322115926;3255.162027625772;246.42878392995217;,389.1240024493422;348.43650027185475;559.8950819896621;427.4992209046574;
True,0.5,0,4,1000,False,False,False,0.5,1757.5594381027977;628.5650419727732;,915.489256070303;942.7738593811764;
True,0.5,0,4,1000,False,False,False,0.75,537.6056424829799;665.6385562240429;1325.1970588609581;,869.3453356504243;665.6385562240438;654.7994406406211;
True,0.5,0,4,1000,False,False,False,0.5,729.9745064563058;1902.852524326352;,267.95501808612784;1381.2965536715938;
True,0.5,0,4,1000,False,False,False,0.75,1896.7037117887583;1149.9388361299207;977.4658971997245;,1099.5281524425031;239.97288231139171;610.5773517948836;
True,0.5,0,4,1000,False,False,False,0.5,1051.9590968099117;1913.2199770381103;,900.9825737147045;1366.634735576244;
True,0.5,0,4,1000,False,False,False,0.5,557.198204457139;1653.4208483356686;,742.6292051024202;151.4347931569179;
True,0.5,0,4,1000,False,False,False,0.75,1378.4383841644199;788.0955318157348;1269.2346532570057;,1015.0428299606878;1011.9892368966122;699.2465794009597;
True,0.5,0,4,1000,False,False,False,0.75,817.2568073222898;537.3690009547066;2552.5938775325235;,757.8946935770099;656.910036870195;1256.8913440933443;
True,0.5,0,4,1000,False,False,False,0.75,359.94714772571126;1691.2269297344233;1057.5775295041876;,415.44714816431616;815.5661481715546;1009.3540253338842;
True,0.5,0,4,1000,False,False,False,0.5,837.8037818186161;1143.743009279468;,600.668733723901;720.9664235755124;
True,0.5,0,4,1000,False,False,False,0.75,624.3633783958427;1195.1060267036823;1076.8447778195193;,646.7373090066874;539.3235897658906;1428.0859341710716;
True,0.5,0,4,1000,False,False,False,1.0,1181.58313996648;370.6699671846542;1063.9138475681907;906.7051719890862;,944.7556037588597;88.6554274965329;711.9983107515808;994.209541237091;
True,0.5,0,4,1000,False,False,False,0.5,1267.8542292999773;2178.9462184336685;,629.9450114388563;1097.2118885157781;
True,0.5,0,4,1000,False,False,False,0.75,407.846794378752;2947.2793827102178;654.6421629640492;,268.40527958976315;956.4931381847708;805.089003918714;
True,0.5,0,4,1000,False,False,False,0.75,545.89524215187;1566.051029943159;2565.6317022472545;,620.0071635843857;1014.6238633837886;1065.2512006747952;
True,0.5,0,4,1000,False,False,False,0.75,2580.390178868473;831.631958556851;1516.2820815698742;,1752.453013693189;946.4444601041924;746.2636717773986;
True,0.5,0,4,1000,False,False,False,0.5,873.8410552263522;1132.0644880023744;,403.9468650399145;866.6700116863765;
True,0.5,0,4,1000,False,False,False,0.25,1167.0390688305142;,1195.5338319469442;
True,0.5,0,4,1000,False,False,False,0.5,934.989746026939;1039.555376756848;,1292.0285275003955;182.51625434541597;
True,0.5,0,4,1000,False,False,False,0.75,318.4079074855693;2098.105155071092;1761.2908824976605;,194.92947105649492;1043.8707325327073;942.4863490346708;
True,0.5,0,4,1000,False,False,False,0.5,713.7852289322781;331.096401920043;,590.3442713828389;482.47061219202106;
True,0.5,0,4,1000,False,False,False,0.5,1019.5266432943349;660.1725357906284;,1146.9790538427594;1617.0021417047235;
True,0.5,0,4,1000,False,False,False,0.75,1131.1291187793827;850.3703577864909;3458.92053616956;,1213.556145396014;1036.5992525680413;844.7644867237528;
True,0.5,0,4,1000,False,False,False,0.5,237.59697522662998;1895.181389652817;,674.1474724129532;714.3798157633653;
True,0.5,0,4,1000,False,False,False,0.5,680.6712443848199;1540.4072827118086;,194.9700612805147;857.0791973909397;
True,0.5,0,4,1000,False,False,False,0.5,1298.1600632492828;1124.1724504218464;,536.7607339064317;821.1925524285817;
True,0.5,0,4,1000,False,False,False,0.75,1222.3270561486147;763.1259349243046;1440.2330416873249;,767.7339074468274;981.4447860472508;161.9756593333622;
True,0.5,0,4,1000,False,False,False,0.5,999.8609441726147;1196.0284915055852;,752.6614497446152;557.1007378757987;
True,0.5,0,4,1000,False,False,False,0.5,2177.558309014072;680.9547341601052;,326.8995205506533;1142.1329901763277;
True,0.5,0,4,1000,False,False,False,0.5,631.506311293353;566.4063889491034;,1421.5535655091753;1100.518218544136;
True,0.5,0,4,1000,False,False,False,0.5,1105.5578134269886;983.6197295044391;,1022.343778096087;848.8558424197249;
True,0.5,0,4,1000,False,False,False,0.75,255.73890978075562;772.5532159024467;508.4296083749558;,504.5654302463187;772.5532159024527;469.0379399132114;
True,0.5,0,4,1000,False,False,False,0.75,326.46942999032586;900.3242477583337;103.84100069201966;,326.9273664741804;824.3180288149921;932.8519588745764;
True,0.5,0,4,1000,False,False,False,0.75,731.087256764884;1429.5472469533318;716.9198436241047;,341.179580858064;407.673751014256;208.304202373254;
True,0.5,0,4,1000,False,False,False,0.75,1056.8668747353133;934.4337520147099;1742.8919389383789;,451.9681270785333;806.6426040456548;2095.851522975478;
True,0.5,0,4,1000,False,False,False,0.5,782.7069847408031;492.19268944498685;,332.63849502759683;1369.4804821167065;
True,0.5,0,4,1000,False,False,False,0.75,872.5967497079204;900.9085127020917;595.8071277866561;,77.98144374534006;1553.509694436964;1178.9303812207856;
True,0.5,0,4,1000,False,False,False,0.5,388.08865544481074;1517.1247592729567;,220.74469128042415;1667.8243292431719;
True,0.5,0,4,1000,False,False,False,0.5,1045.5671482330981;595.5992376289552;,718.2067541120532;330.05284219951915;
True,0.5,0,4,1000,False,False,False,0.5,517.1232509533529;1339.0006154438206;,1401.787321112886;331.8904676743361;
True,0.5,0,4,1000,False,False,False,1.0,335.3126661767919;447.9630250112526;471.2779511142092;2258.9917508234284;,235.88263997394515;200.278508415411;660.5945143739835;1704.7527499428027;
True,0.5,0,4,1000,False,False,False,0.5,907.1543028696469;1168.6282383541866;,348.51726137331286;599.0841682057949;
True,0.5,0,4,1000,False,False,False,0.5,641.1808549584046;35.724744770440545;,1999.2953779552433;577.711431489951;
True,0.5,0,4,1000,False,False,False,0.5,299.1639138912503;2142.58695130675;,229.00271619841504;581.5878249122811;
True,0.5,0,4,1000,False,False,False,0.5,2152.564071815668;1997.645639697226;,217.287432110392;775.422771264711;
True,0.5,0,4,1000,False,False,False,0.75,1923.2783313371826;570.5799261249973;1848.8450598279014;,278.39530567663604;590.8681186774567;513.3410950062321;
True,0.5,0,4,1000,False,False,False,0.75,520.7653712767261;396.0652814817874;351.28200355408455;,682.6697483087675;719.417921520507;586.7127075639861;
True,0.5,0,4,1000,False,False,False,0.75,763.3797573705473;261.7698091946605;800.1108076429454;,526.1205011033104;335.0178526182447;902.5026675629764;
True,0.5,0,4,1000,False,False,False,0.75,509.33088071435174;767.1736317203868;1108.205432164119;,697.8827126051114;714.7800334589977;948.2908629959178;
True,0.5,0,4,1000,False,False,False,0.5,2874.401461182031;703.6550238988193;,1793.3826657446045;242.7320916311766;
True,0.5,0,4,1000,False,False,False,0.5,1476.3375361957148;606.8715711423991;,801.2006806187883;201.43345448087462;
True,0.5,0,4,1000,False,False,False,0.5,854.8106055147865;1770.5456649483183;,1883.5009229117697;1010.4272016783952;
True,0.5,0,4,1000,False,False,False,0.75,1160.6787901501377;328.23385550060385;932.1506684297358;,385.04228338016327;445.57418411363875;490.82188058097137;
True,0.5,0,4,1000,False,False,False,0.75,2322.1536140729013;640.632530726193;698.3429308019581;,455.45863490048595;152.59944940859825;542.6137860820855;
True,0.5,0,4,1000,False,False,False,0.5,2205.1188253364353;1040.1429060557953;,1043.1400852403756;194.32259066383546;
True,0.5,0,4,1000,False,False,False,0.5,692.0678438160659;931.3963883531235;,971.0546880969455;674.3762226580965;
True,0.5,0,4,1000,False,False,False,0.5,1269.9575185799165;939.260622241727;,471.1615470707927;607.9490174719874;
True,0.5,0,4,1000,False,False,False,0.5,1330.6957963202492;1712.3322195196956;,766.0080606847913;942.886420460402;
True,0.5,0,4,1000,False,False,False,0.5,1508.6172202396378;993.1547944911183;,321.3112500643174;792.384785622397;
True,0.5,0,4,1000,False,False,False,0.5,212.23730216886042;248.67178833213964;,1087.901533571075;476.88413291253744;
True,0.5,0,4,1000,False,False,False,0.5,273.17990706665876;976.4133234329263;,1243.8918301996343;2388.1359807860517;
True,0.5,0,4,1000,False,False,False,1.0,872.8279412124375;1221.86241182329;3065.6758183913553;764.6855332713562;,893.3149464964272;453.32740185122327;1365.3216975429173;261.65652917339486;
True,0.5,0,4,1000,False,False,False,0.75,614.3354232088718;412.4648052937485;697.5764043989981;,1098.6256452916414;544.2520366216982;412.97986465866023;
True,0.5,0,4,1000,False,False,False,0.75,981.9930925500356;485.01231284898165;623.4971880919672;,430.1382544945917;987.2252454502058;455.7771491125922;
True,0.5,0,4,1000,False,False,False,0.75,1454.2966421688348;1151.6389971240362;775.9661932323693;,1000.3243742558845;1559.1692357410075;474.45965493693353;
True,0.5,0,4,1000,False,False,False,0.5,1359.3540835061556;1404.009117829882;,951.3466180563942;1841.8086479938688;
True,0.5,0,4,1000,False,False,False,0.75,1328.8776034844366;1405.7659051229066;1903.7468373925587;,948.9308660092664;210.84352216526406;1595.5838272668211;
True,0.5,0,4,1000,False,False,False,0.75,372.0989812824935;1396.4153396148681;457.64560683162813;,210.8708101562907;732.8418493669091;370.81658688185104;
True,0.5,0,4,1000,False,False,False,0.75,591.8081151973736;903.3819354523788;824.7871795832608;,766.9727056460122;985.9409904216719;770.1131972838708;
True,0.5,0,4,1000,False,False,False,0.75,617.5279509416856;122.33738615083239;835.1263021745499;,1050.4099397369466;537.0450476742595;872.2528324752067;
True,0.5,0,4,1000,False,False,False,0.5,930.1231881690314;923.0646443448189;,396.1904622416482;337.9607749372921;
True,0.5,0,4,1000,False,False,False,1.0,1175.1209142258208;1197.846471890309;1190.9494133847957;2327.5652708310363;,965.1802017888327;184.67773999237198;408.0218418592054;1446.854629150316;
True,0.5,0,4,1000,False,False,False,0.75,279.24528262242376;579.3846596825349;60.12025511262787;,124.98249303250562;965.9816286387647;390.2751034942915;
True,0.5,0,4,1000,False,False,False,0.75,715.7462378081188;929.473136414243;323.99365979403217;,762.2647137291157;647.8222381981606;948.9908298986111;
True,0.5,0,4,1000,False,False,False,0.5,1832.6904928062404;1311.1954209841;,1353.7647306110157;642.0518146935772;
True,0.5,0,4,1000,False,False,False,0.5,58.67554061792755;7951.816490327425;,1104.3738261267877;1605.8199051286965;
True,0.5,0,4,1000,False,False,False,0.75,223.19701568803478;1074.7001922805778;1267.287121834208;,406.3042773212287;773.6828003800618;1377.1706311908517;
True,0.5,0,4,1000,False,False,False,0.5,453.45050168300486;322.63564842262645;,549.7899164455183;380.365496116898;
True,0.5,0,4,1000,False,False,False,0.75,91.29125348876624;1859.9760537681125;1400.670527128269;,364.19986446993755;567.7594394624989;1210.046711526367;
True,0.5,0,4,1000,False,False,False,0.75,239.321519895852;2180.4545837977366;841.13358057962;,176.21812297010368;1712.5387072067547;1209.6782851233734;
True,0.5,0,4,1000,False,False,False,0.75,1021.7476769027946;1206.8752536136365;558.5724733992383;,1609.7226994493756;297.18670775636946;562.7363797038886;
True,0.5,0,4,1000,False,False,False,0.5,1475.1058862355217;1618.798555903367;,470.03184072906606;1190.1169907744318;
True,0.5,0,4,1000,False,False,False,0.5,899.294667466043;1432.2416922659954;,894.7543811604097;1417.7402393069965;
True,0.5,0,4,1000,False,False,False,0.75,1061.9284988740708;374.3791280676828;1717.9744197280063;,598.6202214327865;1365.7954430940338;595.4887324476433;
True,0.5,0,4,1000,False,False,False,0.75,1368.547962234684;648.0324437499606;101.02869033523379;,757.3508387336441;662.9396229498136;269.430186677583;
True,0.5,0,4,1000,False,False,False,0.75,1113.8954765161361;1064.5524602546702;715.6509115479987;,889.8583139332832;419.2437999324533;572.3290360635222;
True,0.5,0,4,1000,False,False,False,0.75,1165.0408573733357;960.0436017307292;202.7245972955013;,663.9748483442316;756.5335911396648;379.99628452946877;
True,0.5,0,4,1000,False,False,False,0.75,1904.553006866733;1234.766562737132;776.9130453496048;,895.6332910550947;772.4127276402526;776.9130453496075;
True,0.5,0,4,1000,False,False,False,0.5,1759.7781862366605;262.8108354651931;,852.8204629270668;409.400724076578;
True,0.5,0,4,1000,False,False,False,0.5,628.6758826386778;231.4820037283452;,746.9828724849788;238.8669213623777;
True,0.5,0,4,1000,False,False,False,0.5,298.16528834374685;1656.4868371974007;,300.6426920478085;656.3891623168981;
True,0.5,0,4,1000,False,False,False,0.5,871.260834736128;1125.0496237648454;,965.3419825446905;1131.652961513857;
True,0.5,0,4,1000,False,False,False,0.5,1241.5798172350294;796.2285919378792;,380.63335557728146;381.704766060966;
True,0.5,0,4,1000,False,False,False,0.75,623.3278815808367;284.86801772426793;1620.2141999741473;,190.93523840785682;856.5841990908525;581.6579820422317;
True,0.5,0,4,1000,False,False,False,0.75,2621.710498593651;1408.4682494971062;654.3105815400004;,389.25286525059965;1339.9701304207172;592.8063735009767;
True,0.5,0,4,1000,False,False,False,0.75,1246.583820175714;1634.6291084781867;1679.475873184152;,879.9963434814782;851.3027749295665;483.6487846003075;
True,0.5,0,4,1000,False,False,False,0.5,952.9270931244642;621.0360189966882;,697.0183484326132;527.6129483005802;
True,0.5,0,4,1000,False,False,False,0.75,1312.0829108002222;647.9096597399168;1937.7167016726653;,910.9658917220725;590.1179414988485;487.71724684464306;
True,0.5,0,4,1000,False,False,False,0.75,942.0771740644343;885.0077265323691;1063.6629235892058;,811.9777639480086;353.49987662087614;703.9861419998182;
True,0.5,0,4,1000,False,False,False,0.5,1590.267508752228;1290.3233485670069;,802.2413586171657;1007.5766757343247;
True,0.5,0,4,1000,False,False,False,0.75,955.6191797690693;981.7638891502075;1911.220301171023;,277.98214219226776;292.5765572955374;1341.762527553908;
True,0.5,0,4,1000,False,False,False,0.75,821.3717315183678;802.9344994019065;167.71899670803725;,518.1580660062106;563.2684561799475;388.1907046424759;
True,0.5,0,4,1000,False,False,False,0.75,770.8381359833357;2006.3096920549383;645.2979429421091;,661.5747949905405;1310.2522587683143;643.4874032051575;
True,0.5,0,4,1000,False,False,False,1.0,1286.815874772058;174.9192188315267;781.9982712042254;512.7882406657716;,1315.94860289831;371.28287484693794;872.1994593985648;538.8589997332189;
True,0.5,0,4,1000,False,False,False,0.5,1046.690495145127;2266.525735447649;,935.3207146724069;253.81147813446879;
True,0.5,0,4,1000,False,False,False,0.5,690.7823920211172;2965.552056453258;,679.9220595248182;1050.1099519296374;
True,0.5,0,4,1000,False,False,False,0.75,232.6617150557611;938.3373627409214;722.403301185028;,581.3465316785021;1178.5973448337875;462.01074121028853;
True,0.5,0,4,1000,False,False,False,0.75,928.9414006270953;616.6274861628222;739.4433113732528;,1380.361351605971;161.11257861569217;878.0364235646347;
True,0.5,0,4,1000,False,False,False,0.75,963.0159862703111;805.4449084452708;494.9681121105036;,963.0159862703119;420.9421487625314;465.14993066697656;
True,0.5,0,4,1000,False,False,False,0.5,2128.188462254079;687.4877040317116;,131.75864586993941;852.6919365554692;
True,0.5,0,4,1000,False,False,False,0.5,2927.9566146361026;241.43157563833668;,497.59583028554505;416.6397742875534;
True,0.5,0,4,1000,False,False,False,0.5,2398.4589817657297;1179.4007704639391;,737.8398885105388;1083.4322064666446;
True,0.5,0,4,1000,False,False,False,0.75,1024.8857441267814;793.7167459868443;395.02654483194885;,1073.8091679739716;228.44156678890096;444.59837925771166;
True,0.5,0,4,1000,False,False,False,0.5,541.0991017154176;1588.0210400970643;,475.48931934146646;870.2761108594906;
True,0.5,0,4,1000,False,False,False,0.5,726.3290203768303;650.4379373309881;,567.3725710946125;213.2813705963974;
True,0.5,0,4,1000,False,False,False,0.75,853.5915895446133;2230.542655363166;782.1997806101562;,861.6012546971722;163.55212981227442;650.7083184930972;
True,0.5,0,4,1000,False,False,False,0.5,1233.2457568115676;760.916960889928;,642.5659381694787;203.0234677493091;
True,0.5,0,4,1000,False,False,False,0.75,1933.7353326919654;1507.700211661671;2133.3423699737864;,722.0315005980691;1235.7608684865029;717.2887481737646;
True,0.5,0,4,1000,False,False,False,0.75,1194.2704854314582;703.2383206775454;472.53147578573635;,1088.489215043816;828.5678362473164;165.04266873179955;
True,0.5,0,4,1000,False,False,False,0.5,738.4673804473945;560.9336385159243;,604.1396306305392;559.8162321594323;
True,0.5,0,4,1000,False,False,False,0.5,1698.8126469694937;432.7396458118957;,501.20831480731727;210.18167997597726;
True,0.5,0,4,1000,False,False,False,0.75,1920.7359952382976;203.01594704547608;1305.4653980349208;,1423.7309910799397;83.44209678310168;1175.2204554062878;
True,0.5,0,4,1000,False,False,False,0.5,799.8533726724248;1591.3500919185124;,435.8590048222297;92.7405362184181;
True,0.5,0,4,1000,False,False,False,0.5,1323.9622167218038;1235.5577940252485;,937.4951104409841;715.918852206788;
True,0.5,0,4,1000,False,False,False,0.75,714.3350364587805;710.2162466276866;1151.4913524690164;,782.2903381537831;829.4451906526665;995.0606819344903;
True,0.5,0,4,1000,False,False,False,0.75,4664.57909277569;1455.862004618477;849.4739564779793;,19.102846043212693;1335.0764832111206;466.6695957942904;
True,0.5,0,4,1000,False,False,False,0.5,684.9298826169527;1002.061588320088;,713.0269523395052;876.7979081047092;
True,0.5,0,4,1000,False,False,False,0.75,923.426974604321;533.5953482685687;1285.0977939180643;,1093.439608095462;508.4136674924741;675.9296411546372;
True,0.5,0,4,1000,False,False,False,0.5,948.0241772137537;939.7358846047938;,855.1864349721321;828.5150799746228;
True,0.5,0,4,1000,False,False,False,0.5,306.2762615491634;1953.153598414145;,1458.1530073308109;1230.8927578326413;
True,0.5,0,4,1000,False,False,False,0.5,555.8381657352513;2027.4762825844803;,1078.8463961337666;1212.4332997633428;
True,0.5,0,4,1000,False,False,False,0.75,1768.470521503946;1769.5874143775554;1611.860414285851;,1256.777366323989;474.142417435604;1590.0263551000332;
True,0.5,0,5,1000,False,False,False,0.6,1469.0925520775227;471.09734311113647;815.0681230530643;,419.45188374445786;563.7752507254668;745.1389836936097;
True,0.5,0,5,1000,False,False,False,0.6,1887.390178570931;2646.296759530573;498.69528383351354;,100.14594507078331;921.0382071006658;1491.6433999884634;
True,0.5,0,5,1000,False,False,False,0.4,1810.0607219960016;1996.2188938287284;,365.4162037801571;1016.0758894343744;
True,0.5,0,5,1000,False,False,False,0.6,950.7763855935907;640.8931365340319;3487.1378467984373;,707.2555578557956;376.5391064040876;613.66653639555;
True,0.5,0,5,1000,False,False,False,0.6,1146.8799274978423;1164.0193358752213;581.0279881423934;,525.7876372899332;1209.6229654809028;102.18602879428607;
True,0.5,0,5,1000,False,False,False,0.4,285.05307203209384;3779.579475990116;,339.09981459964354;824.0576992952076;
True,0.5,0,5,1000,False,False,False,0.4,917.217098148013;1472.1944030086543;,976.1968758250192;495.87118204834485;
True,0.5,0,5,1000,False,False,False,0.4,657.2406951137294;521.6807792775667;,72.35228215620269;1341.3569672378637;
True,0.5,0,5,1000,False,False,False,0.8,2145.9445340447282;923.4869332854087;1377.1100902182595;710.6097031457712;,816.7340832704723;618.6704193740726;1907.971443020169;1096.1336713250596;
True,0.5,0,5,1000,False,False,False,0.4,2236.5775306795317;811.9028021643808;,583.0177494756588;336.5956970539916;
True,0.5,0,5,1000,False,False,False,0.6,1356.526347399439;1855.1527980781527;2797.5150445315853;,288.904873727129;930.875974075909;1615.36194981085;
True,0.5,0,5,1000,False,False,False,0.6,729.6896275574547;321.3957214070201;406.81115685838364;,149.97512316455095;437.189039578099;291.7943639538368;
True,0.5,0,5,1000,False,False,False,0.6,1130.1728624530554;998.1648675347844;695.3793692117101;,810.519142928488;252.30184107384227;1356.3375440137918;
True,0.5,0,5,1000,False,False,False,0.4,716.7073442271169;1175.9242896708347;,76.66816897006659;371.6594958019247;
True,0.5,0,5,1000,False,False,False,0.6,872.9601446759767;2020.8618955360373;1175.014109941843;,859.4392827638422;680.1316985349603;1122.697885671913;
True,0.5,0,5,1000,False,False,False,0.4,1646.2039718439494;1704.6630682134596;,1256.39842651192;568.404875625271;
True,0.5,0,5,1000,False,False,False,0.6,1843.537193566266;484.4907140587438;1701.5197014803036;,852.4413505199008;486.97433987723065;801.7596625748085;
True,0.5,0,5,1000,False,False,False,0.6,918.6557485496643;434.20162931876456;2136.417569467971;,692.8680800756888;1099.2975156995358;377.0055115904291;
True,0.5,0,5,1000,False,False,False,0.6,1331.742547262126;1088.9258396742919;181.3324203779569;,450.59603097780047;587.6119322773828;707.5203781855962;
True,0.5,0,5,1000,False,False,False,0.4,496.479045325558;1291.564137116999;,96.07775820301576;416.44101875759196;
True,0.5,0,5,1000,False,False,False,0.6,2685.174687029064;31.1044231034228;1570.8607488227565;,999.3053086456935;334.85097171934854;521.7028685449792;
True,0.5,0,5,1000,False,False,False,0.4,497.6536955382265;2888.193097907816;,836.7921878781434;2955.2958709246195;
True,0.5,0,5,1000,False,False,False,0.4,748.1114392102312;1296.4844111299026;,867.1318514673275;1013.5894280092211;
True,0.5,0,5,1000,False,False,False,0.6,724.9090496293747;926.834656864558;1489.893016049072;,443.93374356941945;740.9351551276799;1427.2563816566624;
True,0.5,0,5,1000,False,False,False,0.8,231.41108849345608;1593.380434497411;1522.5396789620975;2132.879450054517;,736.2085324733523;874.6550433007951;986.8535405188786;300.6343562326851;
True,0.5,0,5,1000,False,False,False,0.6,1392.2723270443616;800.0513522456758;428.3721491297009;,1337.8766110455447;368.5307820338581;506.6466804250516;
True,0.5,0,5,1000,False,False,False,0.6,877.1656686365503;1521.2681349053373;207.4358266376216;,239.28265908310425;217.99425217152844;695.4891857972713;
True,0.5,0,5,1000,False,False,False,0.4,915.438860380832;656.7832641256347;,480.73824060641823;589.7189078013129;
True,0.5,0,5,1000,False,False,False,0.6,779.5547266762459;1107.9349597715702;2071.256010325168;,422.3951080210299;1237.8870560987957;509.773602424949;
True,0.5,0,5,1000,False,False,False,0.4,1439.7892113959515;1579.4690164657864;,443.0824256666137;766.5833483005279;
True,0.5,0,5,1000,False,False,False,0.6,1012.9290078476445;896.219983382973;287.9300754875748;,589.116509689259;670.0991283191257;1259.7960067423355;
True,0.5,0,5,1000,False,False,False,0.6,2408.45748438118;908.4493912164363;2556.448261383777;,853.3351100120254;570.6922229688018;1403.544365100193;
True,0.5,0,5,1000,False,False,False,0.4,1113.327725584587;2088.7476277425276;,243.49181096518532;674.6856325880327;
True,0.5,0,5,1000,False,False,False,0.4,795.3775693463082;280.2023312272512;,938.3670583531044;617.1603533330035;
True,0.5,0,5,1000,False,False,False,0.4,788.4724142437473;1170.9436955024141;,1046.0024353901367;610.3024591804149;
True,0.5,0,5,1000,False,False,False,0.6,2559.1520122327665;579.7411168475523;2102.9618749361657;,388.67622144735145;516.2484921541864;1055.5839484742196;
True,0.5,0,5,1000,False,False,False,0.6,2604.337815038123;588.1217044230266;1156.4551189504489;,1144.4838074894324;589.4891411149833;777.0861102161467;
True,0.5,0,5,1000,False,False,False,0.6,909.4413514840063;527.7215969886704;787.3958839449515;,593.5862238398307;503.36421498716186;488.0126003191176;
True,0.5,0,5,1000,False,False,False,0.4,1388.7065819107463;695.8998516300264;,791.3929192768467;964.6232764215836;
True,0.5,0,5,1000,False,False,False,0.4,1160.832299473196;933.3346188308357;,950.3426103443428;989.9166121471154;
True,0.5,0,5,1000,False,False,False,0.4,1318.4064856216844;4033.1225008345345;,476.6648959861219;1986.4919048608972;
True,0.5,0,5,1000,False,False,False,0.4,1573.7418444384512;403.9624438370193;,102.41855166242944;542.9083695501877;
True,0.5,0,5,1000,False,False,False,0.6,635.429116811163;1811.8004513616872;767.4835534590999;,201.43373201109455;563.1785850761498;678.092108341689;
True,0.5,0,5,1000,False,False,False,0.6,319.8525329345847;137.59149934648516;1020.8848788885846;,1085.0668886168976;739.568278117476;887.1969679757322;
True,0.5,0,5,1000,False,False,False,0.6,1353.5158229658937;2469.72715309657;3489.8796355616437;,619.295312921626;1066.104203526954;430.82250290671715;
True,0.5,0,5,1000,False,False,False,0.6,4192.406014111194;1242.8697361062666;1322.4276205075332;,601.134378927529;865.3195337720863;529.4785022309218;
True,0.5,0,5,1000,False,False,False,0.4,1600.688730331073;1209.296995124801;,1143.36372586672;1440.3325939853662;
True,0.5,0,5,1000,False,False,False,0.6,1116.3271142618476;1466.802065371228;1090.5825498410206;,621.7699038152019;459.5614947517798;988.2458469717923;
True,0.5,0,5,1000,False,False,False,0.4,371.2635987413561;1130.083275543364;,569.5302149288677;290.3449313433239;
True,0.5,0,5,1000,False,False,False,0.6,2172.3445035705745;826.250766179268;126.62579750928948;,709.4356912875634;905.5205837180489;970.2566536111453;
True,0.5,0,5,1000,False,False,False,0.6,2679.1099734664926;766.9294562217176;1036.3379407207783;,817.4291722813374;570.4410554876512;1016.9296475562784;
True,0.5,0,5,1000,False,False,False,0.4,493.29210374659505;2845.15954680377;,1349.2926057181814;958.7763358010515;
True,0.5,0,5,1000,False,False,False,0.6,1970.5275526766475;422.00144043066774;648.4826782962856;,1687.1811206728942;459.95471330184904;230.18954917706796;
True,0.5,0,5,1000,False,False,False,0.6,1296.3136037300126;613.3340640439563;1267.2927024403327;,282.43566101338126;813.7686111997876;774.8181973155134;
True,0.5,0,5,1000,False,False,False,0.6,1781.175452171458;1450.7180440155128;838.7713705626288;,168.00911548462904;365.4191837636969;510.14250868519935;
True,0.5,0,5,1000,False,False,False,0.6,1101.4096344294403;1026.705932476408;964.3678667047752;,1195.0925982588951;1092.257286630273;473.8760888071611;
True,0.5,0,5,1000,False,False,False,0.6,2365.413390905461;493.6911464991498;1220.5149347363727;,40.166706981391464;203.06378995570736;1139.1981968934476;
True,0.5,0,5,1000,False,False,False,0.6,665.5977330325259;1901.3745387701053;1439.7267280345727;,296.15854843006366;313.3008009493514;646.3570779442962;
True,0.5,0,5,1000,False,False,False,0.6,1251.285521370948;1474.0240195874308;1008.6587735335023;,1317.0348954670806;648.902982627383;702.9207813550646;
True,0.5,0,5,1000,False,False,False,0.4,533.4966660121084;1952.1606060860988;,414.826313923653;328.2602278932815;
True,0.5,0,5,1000,False,False,False,0.6,2621.450881305703;540.3052830653216;2015.8131955511017;,1189.9152487167048;1039.8555060024541;1540.166317055496;
True,0.5,0,5,1000,False,False,False,0.6,2670.3735647465564;1944.802069144373;1558.0701769070965;,1478.299016346252;540.5196721111664;1077.046664841875;
True,0.5,0,5,1000,False,False,False,0.4,2430.68697186673;740.9876848816237;,222.56140605768485;450.2605033115429;
True,0.5,0,5,1000,False,False,False,0.6,827.8347709831318;611.2248036647838;2196.689231044652;,472.5193653174402;421.8241784379981;205.20367869417308;
True,0.5,0,5,1000,False,False,False,0.6,2017.8458163103173;431.7583518106533;291.9654648621051;,542.24341316186;245.35621230886565;392.04706014028784;
True,0.5,0,5,1000,False,False,False,0.6,638.0222737855977;416.6009979509335;1312.018414535187;,441.5621312329255;244.7271617341996;1328.8114600638671;
True,0.5,0,5,1000,False,False,False,0.6,1981.0207694479786;1284.3827915612596;590.8512528281929;,942.631550877105;683.861389042591;609.3678186755583;
True,0.5,0,5,1000,False,False,False,0.4,595.1026706026089;1624.8833715638314;,671.509449799398;1348.4536821643371;
True,0.5,0,5,1000,False,False,False,0.6,482.1606035015931;847.8753465611778;593.9365105202609;,539.4748506398198;1876.0049931463982;283.13289615442295;
True,0.5,0,5,1000,False,False,False,0.6,2075.42042867535;565.4580856178649;798.6511039986663;,527.5880918196383;408.58913649685417;497.6378330141077;
True,0.5,0,5,1000,False,False,False,0.6,998.341618331856;1016.1591505229003;1499.9349107656594;,932.5168024945634;476.915300739508;1167.0667353761785;
True,0.5,0,5,1000,False,False,False,0.6,343.48063449437376;2061.1705285211688;2114.69806237324;,619.5929355033304;993.1620853824868;864.1956402446772;
True,0.5,0,5,1000,False,False,False,0.6,1642.7868637862887;4520.212952057436;1425.6116909969003;,617.2301585601809;353.02276537125283;880.5031872501144;
True,0.5,0,5,1000,False,False,False,0.4,1000.6367854719634;822.731971523235;,489.1577717500787;933.3918693971426;
True,0.5,0,5,1000,False,False,False,0.6,437.59722427428204;519.2541367049508;1385.7571425825956;,257.05386268022477;345.52363760027794;856.3678838147599;
True,0.5,0,5,1000,False,False,False,0.4,1194.834630271012;679.9677999377617;,1702.6223729825522;516.4904343752901;
True,0.5,0,5,1000,False,False,False,0.6,353.4048461861929;2104.517562145496;1765.9360905950107;,44.826532505079356;965.7188033897664;150.76301909619733;
True,0.5,0,5,1000,False,False,False,0.6,1172.8920971651448;899.3033535196247;900.3726520578326;,1085.6009281257204;806.6499190635142;1178.091798988043;
True,0.5,0,5,1000,False,False,False,0.6,1424.7757521719122;984.1385843047167;1045.9291547913663;,597.4793833108284;288.00991393719687;711.9156580172806;
True,0.5,0,5,1000,False,False,False,0.6,1126.9955225258245;556.3272796349953;3207.1053762346723;,998.7383040834901;730.2782162341468;382.3014448408571;
True,0.5,0,5,1000,False,False,False,0.6,885.6013217124121;1246.6955306359016;316.51775921968493;,254.10355988911573;898.7094184427998;159.2474043118268;
True,0.5,0,5,1000,False,False,False,0.4,2039.1220409282234;1111.97233204254;,354.2473287840058;299.2785524120218;
True,0.5,0,5,1000,False,False,False,0.6,511.8296522491952;353.6217506700258;877.2532164891016;,1111.4940908839717;478.07247576770834;1179.870910023912;
True,0.5,0,5,1000,False,False,False,0.6,552.9318696014597;553.4214927886612;1546.3434786359899;,452.3668374961768;1175.2488287049928;23.730153947044837;
True,0.5,0,5,1000,False,False,False,0.6,221.98179941546107;1311.3533466848253;4027.6260765830807;,534.5480878973427;393.94436576906304;786.469300113151;
True,0.5,0,5,1000,False,False,False,0.6,1116.0891588486354;1697.0401500228509;1035.77585942896;,1345.7060664548826;445.6286322319407;725.1740735400354;
True,0.5,0,5,1000,False,False,False,0.4,1303.0301594168702;688.9412618453764;,428.2391328303553;196.6011110584424;
True,0.5,0,5,1000,False,False,False,0.4,660.2180869286697;1046.6946230441406;,1363.2937599385573;1334.8428406405505;
True,0.5,0,5,1000,False,False,False,0.4,1273.476212813827;1710.6462911935582;,795.9267535550847;78.7859762965618;
True,0.5,0,5,1000,False,False,False,0.6,180.20407226060593;1556.1577126912523;1172.7791399873065;,689.6033897296629;630.2856174101174;863.9810255327369;
True,0.5,0,5,1000,False,False,False,0.4,1138.8147511441082;1193.0874795311433;,834.6001940001526;380.75335901258916;
True,0.5,0,5,1000,False,False,False,0.6,1356.6268057740886;339.99673548173786;2240.5915548934745;,1208.0690804063615;276.3085609850568;1017.5478205284694;
True,0.5,0,5,1000,False,False,False,0.6,639.1678789351294;2695.477148997953;780.8555774756628;,1189.4404153549756;150.19464632094568;682.9751212083921;
True,0.5,0,5,1000,False,False,False,0.6,260.8806117560413;725.9825453171009;2196.1479991692336;,435.2200286151001;629.755728718578;1417.8209320851095;
True,0.5,0,5,1000,False,False,False,0.6,1051.394112170844;954.5447906145497;466.54250469143415;,440.589041107301;1841.6147526791358;188.08153140226094;
True,0.5,0,5,1000,False,False,False,0.6,2169.238415524544;97.6970871797069;2188.738883960219;,254.95996868194632;187.7690223347369;1122.1004545861827;
True,0.5,0,5,1000,False,False,False,0.4,542.2248181821013;2491.64851433478;,816.0492525293274;437.56722165282207;
True,0.5,0,5,1000,False,False,False,0.6,1288.8502658965963;732.9456045202771;435.56323074732836;,849.1453732259678;829.7023242563433;837.7178805397792;
True,0.5,0,5,1000,False,False,False,0.6,1107.759504638431;184.86506394516942;771.906134846148;,679.2469523574405;458.26398170611736;712.7035437627434;
True,0.5,0,5,1000,False,False,False,0.6,1452.1264818171323;822.4443495693226;446.46301976549245;,1424.0046272354823;402.64725154606367;857.1660725768268;
True,0.5,0,5,1000,False,False,False,0.4,774.5089276186187;1164.4461814931772;,940.1469988676646;592.9557419780972;
True,0.5,0,5,1000,False,False,False,0.6,822.8108682919221;1218.8376594741262;652.0885530412256;,1662.1453060804986;1097.4043296975194;1605.9021286112659;
True,0.5,0,5,1000,False,False,False,0.6,1679.1404384946381;2310.52309045243;5212.534661363534;,1112.2727153840165;2119.733921624689;1249.3946438488829;
True,0.5,0,5,1000,False,False,False,0.6,656.8634241945113;291.85054822698237;1484.2090529347488;,1123.1058774951966;280.2087992933611;637.6873996177466;
True,0.5,0,5,1000,False,False,False,0.6,444.25754778034735;1089.883823953172;143.9336178594891;,319.3971367595795;1141.372874326252;891.8914747950903;
True,0.5,0,5,1000,False,False,False,0.6,871.3493562029494;1053.316654544943;1358.2912828930346;,484.9960981625642;965.4361157094082;823.6194350396223;
True,0.5,0,5,1000,False,False,False,0.4,1239.6422166504829;924.3343611766936;,986.6081925461332;976.7594395299101;
True,0.5,0,5,1000,False,False,False,0.6,948.4016520519525;703.7327947124185;732.8449129731168;,792.4479220180555;274.79781645882844;694.6933853159301;
True,0.5,0,5,1000,False,False,False,0.6,1265.3475026624815;204.26378255598334;7614.355176087862;,273.8213148096994;820.6193851674203;730.1684340181087;
True,0.5,0,5,1000,False,False,False,0.6,957.9027216602515;882.4656944682307;1333.5713426774796;,591.3912217767909;282.0357240770482;292.82893925188245;
True,0.5,0,5,1000,False,False,False,0.4,2742.7889140054253;1298.0958784468442;,604.0138744951411;597.9452718104361;
True,0.5,0,5,1000,False,False,False,0.6,751.2238776264536;1175.221390833438;324.41862204208917;,727.2912186670072;327.5024694573095;357.98150892419415;
True,0.5,0,5,1000,False,False,False,0.6,1649.3200321752936;1943.1981869589777;761.977489615241;,1470.6993953937153;158.4679349267038;1208.220146170395;
True,0.5,0,5,1000,False,False,False,0.4,665.4533973778474;1479.0544893795957;,131.97035268319354;668.7240278874035;
True,0.5,0,5,1000,False,False,False,0.6,751.2200643729853;488.723233463044;397.81938628467304;,782.7893290741237;362.56942614552617;392.3063326094605;
True,0.5,0,5,1000,False,False,False,0.6,3561.5426153742724;1498.8887431472385;427.2043728940093;,1502.9459070251412;1483.1789489198056;1305.3525985930644;
True,0.5,0,5,1000,False,False,False,0.4,1087.176331188401;1071.6066580202003;,857.7203422967902;461.3034221438514;
True,0.5,0,5,1000,False,False,False,0.6,1569.116152169156;1264.074437390039;2154.6190046163633;,452.9458484157598;503.68494547950166;272.34491503961345;
True,0.5,0,5,1000,False,False,False,0.6,928.0009494154955;472.16988766231515;2458.168847017386;,872.6311157718698;500.6770302773553;559.1451151953634;
True,0.5,0,5,1000,False,False,False,0.4,1052.4217891689182;943.3578565103828;,1196.7795130079414;159.8190215692341;
True,0.5,0,5,1000,False,False,False,0.4,899.9295129299239;294.43673138764416;,624.2507486415104;693.1683439165089;
True,0.5,0,5,1000,False,False,False,0.4,1195.8637541626342;1286.6468514973242;,1510.155859347946;600.8877346417054;
True,0.5,0,5,1000,False,False,False,0.6,792.8641260826432;531.8769625787996;168.58857664219192;,341.9210100363824;166.2339641820064;448.4073303985808;
True,0.5,0,5,1000,False,False,False,0.4,3042.5488489659356;946.2264604178589;,454.9869082128288;633.4920951291311;
True,0.5,0,5,1000,False,False,False,0.6,570.1285312064182;1802.252925853321;4095.4209356091983;,544.3047435265976;1107.4587020485267;1391.7628497805042;
True,0.5,0,5,1000,False,False,False,0.4,621.8709038296678;988.5852542015267;,360.29084420425;739.8188707759094;
True,0.5,0,5,1000,False,False,False,0.6,786.2176778686969;424.9020009338662;630.6787972121771;,776.7347310901231;780.2622740744928;410.9939179584663;
True,0.5,0,5,1000,False,False,False,0.4,1418.9724849964869;1407.3180336780556;,284.134033594794;240.11897443787402;
True,0.5,0,5,1000,False,False,False,0.6,752.0983910684669;1763.1111293377903;677.5892684686819;,166.72253447227914;1022.8725228986435;468.9487746215771;
True,0.5,0,5,1000,False,False,False,0.6,1025.4973729368191;813.4458352488715;678.5230161569617;,647.0907098472039;336.9483196035862;524.3396443360024;
True,0.5,0,5,1000,False,False,False,0.6,905.8248742587666;977.1169715145443;847.5959213497074;,273.6579946807673;835.4401165635643;732.4744642952571;
True,0.5,0,5,1000,False,False,False,0.4,1176.9013863943858;1403.0196882550626;,250.35648150009686;514.5593582528339;
True,0.5,0,5,1000,False,False,False,0.6,775.1781559480751;1048.7652368755687;977.9544863768277;,448.79585890201025;460.883426355718;890.1104538287584;
True,0.5,0,5,1000,False,False,False,0.4,733.903793738339;1277.3323108457357;,161.16246414832878;941.6393906617919;
True,0.5,0,5,1000,False,False,False,0.8,913.6831993762596;2558.498209423387;233.34816418330087;1437.843436996311;,502.0481102721159;609.5995463962852;97.34650511993809;1463.3020682236636;
True,0.5,0,5,1000,False,False,False,0.4,1069.616893919052;402.4329073875949;,761.904607697899;513.513013886831;
True,0.5,0,5,1000,False,False,False,0.4,1222.8214160270963;664.9982768683362;,685.4124704957933;624.0126288562851;
True,0.5,0,5,1000,False,False,False,0.6,260.4625673344257;1250.2800684405147;907.7243441995025;,704.1459549528778;633.3707696498557;590.106048948755;
True,0.5,0,5,1000,False,False,False,0.6,1596.5192374070912;1670.2953218511327;468.8386738159542;,450.6696468206388;865.067555254734;390.1860953208757;
True,0.5,0,5,1000,False,False,False,0.4,478.6386235645444;2668.826185644886;,543.4492112656291;756.3066672539768;
True,0.5,0,5,1000,False,False,False,0.4,983.5239931110563;508.003824619929;,208.89677261667734;544.2801199007043;
True,0.5,0,5,1000,False,False,False,0.6,415.6518819830552;1260.4050001969792;1454.285885750584;,285.5935727320081;66.67622618060996;503.7150257374146;
True,0.5,0,5,1000,False,False,False,0.4,571.7619081322221;1125.8768166936939;,1075.260871483934;1337.5505495975726;
True,0.5,0,5,1000,False,False,False,0.4,1701.9166192436007;1131.6410253068839;,1310.9588108899454;810.499230307405;
True,0.5,0,5,1000,False,False,False,0.4,338.4376594775519;207.49138692306056;,323.5627137547097;774.9219234060074;
True,0.5,0,5,1000,False,False,False,0.6,1175.325674325342;1948.1937721373395;333.0166948222686;,228.19383337369192;620.8106642436288;50.333715446420776;
True,0.5,0,5,1000,False,False,False,0.6,1084.7338222606452;623.8467609660344;1827.532353607978;,548.1936419532958;1140.9037862725352;740.7978782619502;
True,0.5,0,5,1000,False,False,False,0.6,684.8736242260645;256.75831517602114;1023.1257481375384;,675.3872424018653;346.21707949000825;361.30918068326366;
True,0.5,0,5,1000,False,False,False,0.4,391.40069617459085;4422.6684743013075;,1717.36552209233;857.7565904904718;
True,0.5,0,5,1000,False,False,False,0.6,1071.3415722459117;512.8609081811693;458.51852127162766;,1298.8186463666495;368.5632674550689;454.19424233077126;
True,0.5,0,5,1000,False,False,False,0.4,771.9189656410065;1255.1946431424465;,547.4478484139078;984.7183555898441;
True,0.5,0,5,1000,False,False,False,0.4,807.9128608697708;628.4820706627617;,924.3671543441867;1289.269887691797;
True,0.5,0,5,1000,False,False,False,0.6,2054.9715077868373;2089.2246319375627;3187.503383971231;,332.9355119759304;961.1301424539258;610.0505421506181;
True,0.5,0,5,1000,False,False,False,0.4,2541.960128511846;407.7381721634093;,1414.8234271419633;757.7110004272811;
True,0.5,0,5,1000,False,False,False,0.4,769.9681808089499;2481.9789211851335;,747.8878662375707;907.9439076966679;
True,0.5,0,5,1000,False,False,False,0.4,1287.6449234127363;261.36159567667954;,264.29171284720906;132.877854692051;
True,0.5,0,5,1000,False,False,False,0.6,1402.8418333796785;571.4415799022437;805.46469983381;,1071.5008138665887;907.1467885628779;1628.7032911702909;
True,0.5,0,5,1000,False,False,False,0.6,1534.2073729868955;620.5033746067829;1838.6341738691438;,606.8624658814922;1373.5057010495518;919.2061105803392;
True,0.5,0,5,1000,False,False,False,0.6,291.25747265756013;505.0442337984241;1006.4744576773645;,654.7788692536884;317.37610661262784;590.7703285854041;
True,0.5,0,5,1000,False,False,False,0.4,1800.1490429312141;2082.935723376507;,393.18576670670313;1939.3278039328545;
True,0.5,0,5,1000,False,False,False,0.6,596.6387862996221;708.6950204491387;398.66943164606585;,578.6925064423989;251.0327274551106;406.00866260662576;
True,0.5,0,5,1000,False,False,False,0.4,2295.3939160022264;213.48559029027496;,662.7060964454694;929.724207295521;
True,0.5,0,5,1000,False,False,False,0.6,1043.2707610453278;745.7336863545103;368.5898339133737;,513.4846773092772;921.2146764978072;402.01320111797344;
True,0.5,0,5,1000,False,False,False,0.6,620.8327541551615;1475.2010768463058;515.8284127701555;,672.2364558934725;736.3179280463725;669.8799383845618;
True,0.5,0,5,1000,False,False,False,0.4,222.24549785378474;816.9221674466366;,406.76088440420625;233.13142455098554;
True,0.5,0,5,1000,False,False,False,0.6,814.201668290246;2300.6248005855327;1303.8666451296108;,1082.844859440747;673.962482054424;656.3047614153184;
True,0.5,0,5,1000,False,False,False,0.6,374.4001532709385;1588.3057366026285;824.2605948503267;,588.5024836733586;455.4375426381901;560.1232061565601;
True,0.5,0,5,1000,False,False,False,0.6,1800.0018116508058;1775.7817463232043;1062.8606142692315;,896.0152792422177;1490.3246657879467;928.6816738490407;
True,0.5,0,5,1000,False,False,False,0.4,1143.1081421022193;1338.5003106146723;,693.8351434991986;502.1055120050748;
True,0.5,0,5,1000,False,False,False,0.6,433.01196276952095;1158.1792655144789;911.2038399999863;,1314.7090359157673;314.11087624980723;961.087006790732;
True,0.5,0,5,1000,False,False,False,0.6,770.712124873395;1608.876002304592;1238.936282099347;,133.2954492793729;795.7196278479533;991.9157113823143;
True,0.5,0,5,1000,False,False,False,0.6,462.42900977833705;529.2770907607285;474.0090329370001;,496.17287036150134;519.9278239465665;423.74310471765966;
True,0.5,0,5,1000,False,False,False,0.6,286.4195422607466;182.33511360906266;660.1190885163472;,1115.155786591308;280.71257544368774;706.4255962991455;
True,0.5,0,5,1000,False,False,False,0.6,1030.637717594073;370.1756501541033;2272.0515389296265;,1156.2631578197065;873.4694257386462;534.5570915509794;
True,0.5,0,5,1000,False,False,False,0.4,890.7150890213597;433.0164053998217;,995.0291210882391;350.0963847877499;
True,0.5,0,5,1000,False,False,False,0.6,470.36335386215444;96.9927393245801;2057.460412194299;,586.4074879468104;199.22321284113133;375.4647569243864;
True,0.5,0,5,1000,False,False,False,0.6,517.8964082449056;487.75369878396026;2258.53938769368;,336.4443554065456;587.1166332182846;1225.518327328241;
True,0.5,0,5,1000,False,False,False,0.4,374.41466098917556;1335.5709751076695;,563.7309364993356;970.3119315214053;
True,0.5,0,5,1000,False,False,False,0.6,442.90865322479567;449.77774292917366;2020.0019500887324;,237.7641245288288;341.8609799383119;857.8438798117526;
True,0.5,0,5,1000,False,False,False,0.4,3316.847265614605;692.8753622914948;,1381.2231127552402;2091.1244975603777;
True,0.5,0,5,1000,False,False,False,0.4,2687.219058498898;924.6289922824703;,971.7081335244887;1072.5324605032908;
True,0.5,0,5,1000,False,False,False,0.4,1460.9073078403824;563.2626361959285;,850.0465165622841;959.6068560741945;
True,0.5,0,5,1000,False,False,False,0.6,1073.9424748423958;1329.1679639726071;965.7668025853028;,606.8174297557294;1075.594590172926;1073.919783023719;
True,0.5,0,5,1000,False,False,False,0.6,1292.7942735161582;640.18722607387;1901.6484213746646;,269.7418144617162;663.8121078043745;1607.275993468696;
True,0.5,0,5,1000,False,False,False,0.6,1088.288606220866;924.439297422068;336.9099903751654;,533.4331393141438;1116.1774851750874;608.402622695194;
True,0.5,0,5,1000,False,False,False,0.4,1642.652980351549;711.8376386413004;,970.6539458096144;626.0443799594012;
True,0.5,0,5,1000,False,False,False,0.6,1806.7438590935908;1341.499400700861;1437.3970454470812;,769.1005577943642;1008.552310363963;1537.2568197207006;
True,0.5,0,5,1000,False,False,False,0.4,1493.1900900557237;700.4981367599686;,347.81633307257636;818.6900261406457;
True,0.5,0,5,1000,False,False,False,0.6,1414.8436177805877;863.9690024031912;402.18445003166784;,579.9399095783008;293.7284699909366;462.7799090290056;
True,0.5,0,5,1000,False,False,False,0.6,408.6677403147158;479.80812826728186;788.2683228726577;,276.0313489741242;302.0130730007558;1109.6576422776277;
True,0.5,0,5,1000,False,False,False,0.6,1076.7005480510234;2657.9836341402633;443.3979223734604;,346.84133097614375;803.0923685969672;1202.9127230625174;
True,0.5,0,5,1000,False,False,False,0.6,623.8368690558937;2447.6216272653637;350.8408324639565;,516.2253219059315;764.2999494824936;707.8763698666116;
True,0.5,0,5,1000,False,False,False,0.4,263.3084154269381;1026.7814261683507;,437.9247801371479;712.7261259097853;
True,0.5,0,5,1000,False,False,False,0.4,2659.9173791793414;554.1366489053177;,1279.1980834134722;902.5890505609676;
True,0.5,0,5,1000,False,False,False,0.6,1177.782284350103;1870.5155017218945;278.15551282381523;,1219.384452738338;321.69067846950486;252.48878569597625;
True,0.5,0,5,1000,False,False,False,0.6,1000.0604651032746;671.8539862622357;1023.7668673572963;,538.8633088008801;485.3652401196883;670.3099252813419;
True,0.5,0,5,1000,False,False,False,0.6,2215.8669243249196;931.2853005392482;1478.2597782572034;,1080.3225992375726;519.0221354865167;1266.8950914077127;
True,0.5,0,5,1000,False,False,False,0.6,906.3343476901819;1226.0156689520356;4155.198680990815;,819.9411312812276;752.1626741018466;819.50554759378;
True,0.5,0,5,1000,False,False,False,0.6,4627.878346886929;878.1211700513331;1534.5599426650174;,1987.1094382590447;1178.3971753616474;982.9636851729831;
True,0.5,0,5,1000,False,False,False,0.6,1975.1097415684753;831.6053477977899;1831.011159688541;,737.1568116291628;702.5463002298854;721.9191455076267;
True,0.5,0,5,1000,False,False,False,0.4,1235.7781972932373;812.3809453263248;,425.67623636487184;755.8151960000391;
True,0.5,0,5,1000,False,False,False,0.6,3287.9749342771606;767.7322775707196;1227.2601038266166;,651.3670489838375;359.38196671993734;403.3115561439506;
True,0.5,0,5,1000,False,False,False,0.4,2382.97500517724;959.9084831254776;,514.3451569687553;502.15079800028695;
True,0.5,0,5,1000,False,False,False,0.6,1010.2265558772152;1740.2742526208297;597.595873107433;,810.3269943024806;755.8111946661053;815.5830357336154;
True,0.5,0,5,1000,False,False,False,0.4,1200.4188527944373;468.2488745205037;,419.73854464424676;491.63292904127036;
True,0.5,0,5,1000,False,False,False,0.6,2171.424863955687;2072.1701525227377;1327.440369106688;,885.2704995413566;828.3035143938278;492.63089831033835;
True,0.5,0,5,1000,False,False,False,0.6,1154.8290171239469;1696.6106618461288;325.7707138512463;,913.8371561583374;1117.4326598368395;513.6893530489309;
True,0.5,0,5,1000,False,False,False,0.4,455.8400049332919;1229.6397695779103;,343.8499306010271;776.1147842019001;
True,0.5,0,5,1000,False,False,False,0.6,1451.2635904689203;2032.810767177472;805.6765989915165;,755.0232312239061;1440.647707308749;1089.5205942235161;
True,0.5,0,5,1000,False,False,False,0.4,866.2485651690756;2675.936226491337;,186.85349639618954;1229.2998836428249;
True,0.5,0,5,1000,False,False,False,0.4,807.0481121570859;4192.808246561436;,613.7871254414847;331.7590965270592;
True,0.5,0,5,1000,False,False,False,0.6,1385.4737163752366;736.9724795978551;105.8725313490625;,128.93952306231844;630.1661126570451;318.94483882646665;
True,0.5,0,5,1000,False,False,False,0.6,616.3659670502363;1383.9604528311136;555.3837479141542;,394.52184769889004;1074.3696126909776;746.3583605358584;
True,0.5,0,5,1000,False,False,False,0.6,1747.3586138441556;764.7696003965244;1545.4485044177718;,1262.493068300959;119.6164444819807;325.5112290422218;
True,0.5,0,5,1000,False,False,False,0.6,323.60837333580673;933.2320844348551;2540.856948069892;,232.81343977666796;813.7957995431173;817.1426417138813;
True,0.5,0,5,1000,False,False,False,0.4,1737.962993527431;1871.0941091826826;,665.3839538949804;959.2584018068592;
True,0.5,0,5,1000,False,False,False,0.6,663.35175601598;571.1792951067174;3848.3668188600673;,829.4195206828699;1075.856575573682;1791.6642503435914;
True,0.5,0,5,1000,False,False,False,0.4,2581.1459946366745;775.9943990987267;,1086.2073812368367;306.26670914656466;
True,0.5,0,5,1000,False,False,False,0.4,324.6253414418987;924.9877801865431;,409.59729168256985;250.159829986107;
True,0.5,0,5,1000,False,False,False,0.6,1220.2239463055862;282.86790890788234;715.970897549285;,555.9273948110973;345.1311194599825;715.9708975492877;
True,0.5,0,5,1000,False,False,False,0.4,4066.185475811676;1597.3699909257014;,668.2046134954834;1050.0017374225151;
True,0.5,0,5,1000,False,False,False,0.6,5562.393740598211;1375.9785298618067;575.8211218825911;,309.873920825062;513.252214844874;810.0049939321418;
True,0.5,0,5,1000,False,False,False,0.6,1899.6800496449016;1372.474304424951;2693.60853483144;,742.6731260614595;1127.0837205788569;342.91657819247854;
True,0.5,0,5,1000,False,False,False,0.6,1025.9038238177568;545.0937741042516;2434.624736639002;,429.96418126808476;1038.5606983191835;432.5518644624041;
True,0.5,0,5,1000,False,False,False,0.4,462.1897674838048;954.2804393296004;,267.71251438760015;329.94637638649766;
True,0.5,0,5,1000,False,False,False,0.6,1074.9693195959394;1831.6103346874195;567.3562688473156;,894.4798213873714;52.48181006078034;1085.9850934571866;
True,0.5,0,5,1000,False,False,False,0.6,1109.006402418126;288.13377976657705;1219.7056272889115;,793.6171237801392;299.23019149877007;437.6045791573097;
True,0.5,0,5,1000,False,False,False,0.6,1588.3855489412997;1194.695413423504;716.3063486079805;,428.5547692070549;382.84041384430867;925.9566969662985;
True,0.5,0,5,1000,False,False,False,0.6,623.2452668558384;910.0278872789081;939.0475776121425;,801.5982916655173;1308.7858520486575;339.3136535470302;
True,0.5,0,5,1000,False,False,False,0.6,932.5683080718067;1476.5166211380733;1358.2571593932205;,602.7072171613994;525.7070114395133;465.50841343138006;
True,0.5,0,5,1000,False,False,False,0.6,1682.8225450701468;662.777595126734;481.21652117295406;,1019.4891991714896;1105.009540445859;425.528119152009;
True,0.5,0,5,1000,False,False,False,0.6,1435.0335875790327;744.8428027717484;1264.7248152079633;,377.54948530440015;1201.8199928398449;972.6173365812605;
True,0.5,0,5,1000,False,False,False,0.4,375.27690354976687;695.944314507909;,241.3481814863269;781.6010459007422;
True,0.5,0,5,1000,False,False,False,0.6,1129.7839764676532;855.5314789894329;779.5603257936987;,414.962031844205;599.7977501495533;899.4099575737397;
True,0.5,0,5,1000,False,False,False,0.4,1257.5421813706073;400.4792035807068;,560.6302929415432;831.8373908174974;
True,0.5,0,5,1000,False,False,False,0.6,2894.1010603280693;411.7767360222528;937.3845215334118;,90.18914379083994;749.0930305394164;1666.30441051702;
True,0.5,0,5,1000,False,False,False,0.4,198.27626267782148;1478.8548629711886;,120.19189777029541;210.24594696649783;
True,0.5,0,5,1000,False,False,False,0.4,1865.2842132270953;1286.1121498604539;,1100.4828458589939;1237.0455264876346;
True,0.5,0,5,1000,False,False,False,0.4,134.86332847320674;515.9573890467767;,734.4839116820374;441.91086245004493;
True,0.5,0,5,1000,False,False,False,0.6,94.44876725111615;985.4983237149316;2025.2599728821638;,189.62195042673198;517.8932310044514;325.08714981896225;
True,0.5,0,5,1000,False,False,False,0.6,1222.6414054712109;318.8081639577544;1087.3907755255232;,792.8997993428796;765.4824860707323;1250.5737451407888;
True,0.5,0,5,1000,False,False,False,0.6,172.01072798706198;3891.367215523934;1064.762109304812;,175.49181085496883;747.5520588157607;839.4406013993597;
True,0.5,0,5,1000,False,False,False,0.4,1506.7677473227386;904.465973592056;,479.0410575021229;781.0597150684057;
True,0.5,0,5,1000,False,False,False,0.6,246.32018522786424;684.5805035324519;764.8481201536066;,875.7289887804781;554.9705100845622;457.6227029633639;
True,0.5,0,5,1000,False,False,False,0.6,1135.318472734979;1203.3787877483335;2041.051507349616;,1049.2873154612141;685.60312644313;616.1109683410517;
True,0.5,0,5,1000,False,False,False,0.6,708.5069228680427;1375.8790798098498;1162.201850926807;,862.6630273689154;296.39623017200046;359.4223851456108;
True,0.5,0,5,1000,False,False,False,0.4,627.5710941528507;1761.3622348910149;,451.86721210539736;1036.869044665566;
True,0.5,0,5,1000,False,False,False,0.6,1208.0182591781083;1113.9688238304761;1091.4246882818948;,201.71789507762998;996.5108423132868;622.6396520195402;
True,0.5,0,5,1000,False,False,False,0.6,570.5522923549521;1703.3181612349092;1922.9427419010217;,409.0450603840045;1017.8692883683937;354.9590502583053;
True,0.5,0,5,1000,False,False,False,0.6,739.3986798303774;2445.710750210078;725.8720179165414;,861.7238795903725;1726.3828445647025;907.1591211203695;
True,0.5,0,5,1000,False,False,False,0.6,1261.0983427870049;1157.0323750446375;633.2358816361137;,1177.149434610716;737.6426385329473;628.1470838816758;
True,0.5,0,5,1000,False,False,False,0.6,1699.6741873573524;773.3088538142026;448.2875125902373;,1425.1016099567446;689.9139995120177;356.1220343959395;
True,0.5,0,5,1000,False,False,False,0.4,1094.7985608612394;2767.477405280183;,565.0444796508796;782.5031749786355;
True,0.5,0,5,1000,False,False,False,0.6,614.5167777550777;825.2035835704694;158.53255525111203;,268.42238047609453;1204.0478933730847;661.4270735600095;
True,0.5,0,5,1000,False,False,False,0.6,881.4349663891104;2601.4056665183766;705.4044024045322;,963.9311253665039;397.1372119733437;328.38737076289084;
True,0.5,0,5,1000,False,False,False,0.6,535.7237850616782;533.7491801500145;1370.784680024175;,695.2425105256674;1615.1957887144117;565.7987893956486;
True,0.5,0,5,1000,False,False,False,0.4,864.2379394849356;496.9567411355128;,808.1850596151477;300.60991048328617;
True,0.5,0,5,1000,False,False,False,0.4,848.1694185423494;86.8493287557125;,160.06121605209088;695.524499680609;
True,0.5,0,5,1000,False,False,False,0.4,956.0447716063104;357.82959136620684;,482.39736369765114;885.8236825118628;
True,0.5,0,5,1000,False,False,False,0.6,810.5492566666405;1362.2458311691075;578.8996419806535;,846.5293246842392;154.22978273837336;1459.1889872097968;
True,0.5,0,5,1000,False,False,False,0.4,922.39693660405;539.2265082502751;,753.7815011527032;541.8085873001207;
True,0.5,0,5,1000,False,False,False,0.6,1426.640733387928;1134.2360425394022;2035.2066266264806;,768.0235385308468;1510.4881257232687;835.6096209353454;
True,0.5,0,5,1000,False,False,False,0.6,1083.427809595976;1105.2171333276792;1663.0376363535568;,1199.7306904895681;126.77606168130035;1431.9486636867982;
True,0.5,0,5,1000,False,False,False,0.6,1147.1133319558148;1441.129588262918;808.5203975139831;,584.1391580691937;1175.373245671874;1002.1209817736188;
True,0.5,0,5,1000,False,False,False,0.4,1473.5069204225836;3033.2476466408402;,227.80890010710434;388.6330860592906;
True,0.5,0,5,1000,False,False,False,0.6,878.1484914521322;501.7995995878958;741.8347494730783;,1087.3744504944773;892.2419370885013;884.8112822331594;
True,0.5,0,5,1000,False,False,False,0.4,1407.0914704962872;1084.7967451909515;,1071.4397473292772;432.9911177317593;
True,0.5,0,5,1000,False,False,False,0.6,732.7291787647574;265.23546768983255;1386.073070646139;,585.4646761211646;1066.2403448549621;905.5626603865757;
True,0.5,0,5,1000,False,False,False,0.6,3312.757632462879;1355.6670955933027;290.43133838591774;,1306.7401148121585;909.2327606041761;1249.9016171490427;
True,0.5,0,5,1000,False,False,False,0.6,839.3116842969857;431.7200298047112;1366.3027776233612;,327.6166913258179;599.7070630363207;403.18029961824243;
True,0.5,0,5,1000,False,False,False,0.6,1663.6989305903114;1807.050722266797;522.7689717135161;,353.4814897467427;724.5738895072409;515.969668899366;
True,0.5,0,5,1000,False,False,False,0.6,454.90077859339505;1333.3660153526876;1650.7517894985833;,470.1682659697832;416.403028768638;816.0195228884306;
True,0.5,0,5,1000,False,False,False,0.6,1819.3479667355716;410.39567327394985;493.863932607723;,1165.3108995064295;475.82076658449347;606.974267525616;
True,0.5,0,5,1000,False,False,False,0.6,399.04477147698293;609.3664065513412;1903.6054995833797;,816.3555546396234;34.66547655699824;1123.1860807171947;
True,0.5,0,5,1000,False,False,False,0.6,1053.135259545063;828.7268598138155;1176.3750988589914;,675.6677806838715;543.996004673334;462.9730113309566;
True,0.5,0,5,1000,False,False,False,0.6,808.0103067523281;1691.5550636244554;1205.6026613235997;,1018.2602804938475;1255.281901042888;711.8953947343689;
True,0.5,0,5,1000,False,False,False,0.4,747.6853337444467;1038.5474140051108;,180.38941975168825;1178.772842250723;
True,0.5,0,5,1000,False,False,False,0.6,500.2224517173458;1275.1107709309513;1087.8363079587798;,827.0115991875897;186.69903757699362;552.7179478108886;
True,0.5,0,5,1000,False,False,False,0.4,1339.9417955669926;1405.8937829758013;,502.7188169249685;318.6834301782614;
True,0.5,0,5,1000,False,False,False,0.4,2222.3227771882985;1016.8369033935486;,1456.8246200774843;315.31023939336296;
True,0.5,0,5,1000,False,False,False,0.6,1882.182006893951;1300.2578070158872;1066.7312282770492;,756.845057116061;331.3329832173447;659.032258820774;
True,0.5,0,5,1000,False,False,False,0.4,1186.9923307020817;1176.7472112443172;,348.91620005974374;879.2833245774073;
True,0.5,0,5,1000,False,False,False,0.6,852.8442166212357;694.5307746993677;283.71346450597986;,363.21404540184307;359.5681541482876;462.92171514165284;
True,0.5,0,5,1000,False,False,False,0.6,1238.0278811298915;1262.8171149062073;628.2273418306447;,704.5304007261417;481.3174199058182;431.6507252951013;
True,0.5,0,5,1000,False,False,False,0.6,871.3424475623393;1532.5350139188631;635.7807380374209;,458.75145523526896;1011.3694003842002;666.6956713476333;
True,0.5,0,5,1000,False,False,False,0.6,815.275462846341;893.4131817906925;558.9965317032093;,637.1946695323373;114.77049235939943;229.85882332588932;
True,0.5,0,5,1000,False,False,False,0.6,1048.3778728024167;234.71047110837438;1047.434134692509;,426.24552674282296;334.33330125385896;1379.024161402383;
True,0.5,0,5,1000,False,False,False,0.6,363.56353381977794;2052.3694699825696;1012.5104340184295;,694.8701584529224;1171.2071114790328;901.7981391789949;
True,0.5,0,5,1000,False,False,False,0.4,1441.789951101448;1767.8115360128468;,467.22261476118746;1217.688727560452;
True,0.5,0,5,1000,False,False,False,0.6,240.5955840179229;190.34205677785948;5466.652423209343;,188.72012158304273;171.26108423564753;592.6138740746205;
True,0.5,0,5,1000,False,False,False,0.6,454.41800197123814;421.58078643658894;6750.762161845266;,796.9994639281446;303.31706648797285;1678.6777148533579;
True,0.5,0,5,1000,False,False,False,0.6,161.17471281700384;685.3135790491378;1355.853088190946;,458.75551507739743;752.2609334650838;1174.0755965288931;
True,0.5,0,5,1000,False,False,False,0.6,981.9697478223916;2787.853174881062;970.2550578478238;,1670.204285882289;784.7200490600399;566.0681812224325;
True,0.5,0,5,1000,False,False,False,0.6,752.7216606556311;1347.6562947650293;1536.5168994110456;,486.3652771782665;1083.47050202072;1083.9109639886858;
True,0.5,0,5,1000,False,False,False,0.4,1044.2577761285584;1262.1966598385718;,1191.075009230929;237.45758665656868;
True,0.5,0,5,1000,False,False,False,0.4,995.6418237706473;1557.2107445836923;,930.222820222567;1220.4398107633283;
True,0.5,0,5,1000,False,False,False,0.4,2574.6482110108127;1482.9614910772823;,407.9106681228195;911.6253403942605;
True,0.5,0,5,1000,False,False,False,0.8,646.5721773769318;177.2662288292566;2108.5072255489486;2191.6492157872203;,422.635712131953;388.3435410609156;658.9451385078179;654.705739323973;
True,0.5,0,5,1000,False,False,False,0.6,1045.8608657154048;1039.3784560766114;2946.9628149079563;,1311.884443034527;1162.9092288782401;2104.2603519745217;
True,0.5,0,5,1000,False,False,False,0.4,2192.2946908185563;652.6045348632651;,281.03362834532464;535.1072978764707;
