num_sources,var,delete,k,consistency_thresh,method_thresh,prune,average_estimated_source_fraction,average_misassociated,average_misassociated_fraction,average_location_error,average_missed,average_missed_fraction,total_fail_fraction,no_association_fraction,false_association_fraction,adaptive,adaptive_max,threshold_delta
1,10.0,0,4,3500,0.95,False,1.0,0,0.0,1.6869282735200584,0,0.0,False,False,False,False,5000.0,500.0
1,10.0,0,4,3500,0.95,False,1.0,0,0.0,4.267136926333006,0,0.0,False,False,False,False,5000.0,500.0
1,10.0,0,4,3500,0.95,False,1.0,0,0.0,10.44029422886018,0,0.0,False,False,False,False,5000.0,500.0
1,10.0,0,4,3500,0.95,False,1.0,0,0.0,4.5153391892168235,0,0.0,False,False,False,False,5000.0,500.0
1,10.0,0,4,3500,0.95,False,1.0,0,0.0,4.886272312561857,0,0.0,False,False,False,False,5000.0,500.0
1,10.0,0,4,3500,0.95,False,1.0,0,0.0,4.856537438385205,0,0.0,False,False,False,False,5000.0,500.0
1,10.0,0,4,3500,0.95,False,1.0,0,0.0,1.937099314273737,0,0.0,False,False,False,False,5000.0,500.0
1,10.0,0,4,3500,0.95,False,1.0,0,0.0,2.1241487513395794,0,0.0,False,False,False,False,5000.0,500.0
1,10.0,0,4,3500,0.95,False,1.0,0,0.0,3.475113101320162,0,0.0,False,False,False,False,5000.0,500.0
1,10.0,0,4,3500,0.95,False,1.0,0,0.0,6.149996658455075,0,0.0,False,False,False,False,5000.0,500.0
1,10.0,0,4,3500,0.95,False,1.0,0,0.0,12.600757315066904,0,0.0,False,False,False,False,5000.0,500.0
1,10.0,0,4,3500,0.95,False,1.0,0,0.0,1.0998273991272367,0,0.0,False,False,False,False,5000.0,500.0
1,10.0,0,4,3500,0.95,False,1.0,0,0.0,1.3421841932832612,0,0.0,False,False,False,False,5000.0,500.0
1,10.0,0,4,3500,0.95,False,1.0,0,0.0,2.7819096302057615,0,0.0,False,False,False,False,5000.0,500.0
1,10.0,0,4,3500,0.95,False,1.0,0,0.0,1.6667452032886183,0,0.0,False,False,False,False,5000.0,500.0
1,10.0,0,4,3500,0.95,False,1.0,0,0.0,2.048947932909888,0,0.0,False,False,False,False,5000.0,500.0
1,10.0,0,4,3500,0.95,False,1.0,0,0.0,4.010737438301339,0,0.0,False,False,False,False,5000.0,500.0
1,10.0,0,4,3500,0.95,False,1.0,0,0.0,5.043709746206103,0,0.0,False,False,False,False,5000.0,500.0
1,10.0,0,4,3500,0.95,False,1.0,0,0.0,1.6949401661642711,0,0.0,False,False,False,False,5000.0,500.0
1,10.0,0,4,3500,0.95,False,1.0,0,0.0,3.301291445956387,0,0.0,False,False,False,False,5000.0,500.0
1,10.0,0,4,3500,0.95,False,1.0,0,0.0,2.9646628818894487,0,0.0,False,False,False,False,5000.0,500.0
1,10.0,0,4,3500,0.95,False,1.0,0,0.0,2.0426090685014184,0,0.0,False,False,False,False,5000.0,500.0
1,10.0,0,4,3500,0.95,False,1.0,0,0.0,5.864944576153391,0,0.0,False,False,False,False,5000.0,500.0
1,10.0,0,4,3500,0.95,False,1.0,0,0.0,1.0979689805301023,0,0.0,False,False,False,False,5000.0,500.0
1,10.0,0,4,3500,0.95,False,1.0,0,0.0,4.095859333104297,0,0.0,False,False,False,False,5000.0,500.0
1,10.0,0,4,3500,0.95,False,1.0,0,0.0,6.253309002353743,0,0.0,False,False,False,False,5000.0,500.0
1,10.0,0,4,3500,0.95,False,1.0,0,0.0,4.698874811995502,0,0.0,False,False,False,False,5000.0,500.0
1,10.0,0,4,3500,0.95,False,1.0,0,0.0,4.623616587505619,0,0.0,False,False,False,False,5000.0,500.0
1,10.0,0,4,3500,0.95,False,1.0,0,0.0,2.1847291386008134,0,0.0,False,False,False,False,5000.0,500.0
1,10.0,0,4,3500,0.95,False,1.0,0,0.0,1.5637766873318626,0,0.0,False,False,False,False,5000.0,500.0
1,10.0,0,4,3500,0.95,False,1.0,0,0.0,3.7745049990856883,0,0.0,False,False,False,False,5000.0,500.0
1,10.0,0,4,3500,0.95,False,1.0,0,0.0,3.6852526246021684,0,0.0,False,False,False,False,5000.0,500.0
1,10.0,0,4,3500,0.95,False,1.0,0,0.0,9.428375083404323,0,0.0,False,False,False,False,5000.0,500.0
1,10.0,0,4,3500,0.95,False,1.0,0,0.0,3.7622170083216,0,0.0,False,False,False,False,5000.0,500.0
1,10.0,0,4,3500,0.95,False,1.0,0,0.0,7.004015585276001,0,0.0,False,False,False,False,5000.0,500.0
1,10.0,0,4,3500,0.95,False,1.0,0,0.0,2.3133301570198332,0,0.0,False,False,False,False,5000.0,500.0
1,10.0,0,4,3500,0.95,False,1.0,0,0.0,2.9495033627512433,0,0.0,False,False,False,False,5000.0,500.0
1,10.0,0,4,3500,0.95,False,1.0,0,0.0,0.2048999810537582,0,0.0,False,False,False,False,5000.0,500.0
1,10.0,0,4,3500,0.95,False,1.0,0,0.0,1.9588927178678328,0,0.0,False,False,False,False,5000.0,500.0
1,10.0,0,4,3500,0.95,False,1.0,0,0.0,4.8049741795870045,0,0.0,False,False,False,False,5000.0,500.0
1,10.0,0,4,3500,0.95,False,1.0,0,0.0,4.046859244018374,0,0.0,False,False,False,False,5000.0,500.0
1,10.0,0,4,3500,0.95,False,1.0,0,0.0,2.848364458614044,0,0.0,False,False,False,False,5000.0,500.0
1,10.0,0,4,3500,0.95,False,1.0,0,0.0,10.303304309098094,0,0.0,False,False,False,False,5000.0,500.0
1,10.0,0,4,3500,0.95,False,1.0,0,0.0,5.407105007992799,0,0.0,False,False,False,False,5000.0,500.0
1,10.0,0,4,3500,0.95,False,1.0,0,0.0,1.4940586561246356,0,0.0,False,False,False,False,5000.0,500.0
1,10.0,0,4,3500,0.95,False,1.0,0,0.0,1.5017786814710778,0,0.0,False,False,False,False,5000.0,500.0
1,10.0,0,4,3500,0.95,False,1.0,0,0.0,2.8193514527150336,0,0.0,False,False,False,False,5000.0,500.0
1,10.0,0,4,3500,0.95,False,1.0,0,0.0,3.5141012542190566,0,0.0,False,False,False,False,5000.0,500.0
1,10.0,0,4,3500,0.95,False,1.0,0,0.0,2.0795344572115027,0,0.0,False,False,False,False,5000.0,500.0
1,10.0,0,4,3500,0.95,False,1.0,0,0.0,0.7547264814976663,0,0.0,False,False,False,False,5000.0,500.0
1,10.0,0,4,3500,0.95,False,1.0,0,0.0,1.6684867769223235,0,0.0,False,False,False,False,5000.0,500.0
1,10.0,0,4,3500,0.95,False,1.0,0,0.0,1.7557023648034387,0,0.0,False,False,False,False,5000.0,500.0
1,10.0,0,4,3500,0.95,False,1.0,0,0.0,3.4394121536671007,0,0.0,False,False,False,False,5000.0,500.0
1,10.0,0,4,3500,0.95,False,1.0,0,0.0,2.8559933548903067,0,0.0,False,False,False,False,5000.0,500.0
1,10.0,0,4,3500,0.95,False,1.0,0,0.0,3.3855417165415314,0,0.0,False,False,False,False,5000.0,500.0
1,10.0,0,4,3500,0.95,False,1.0,0,0.0,6.199631290029122,0,0.0,False,False,False,False,5000.0,500.0
1,10.0,0,4,3500,0.95,False,1.0,0,0.0,2.0402276343854284,0,0.0,False,False,False,False,5000.0,500.0
1,10.0,0,4,3500,0.95,False,1.0,0,0.0,2.2435607289710253,0,0.0,False,False,False,False,5000.0,500.0
1,10.0,0,4,3500,0.95,False,1.0,0,0.0,1.1117060396752254,0,0.0,False,False,False,False,5000.0,500.0
1,10.0,0,4,3500,0.95,False,1.0,0,0.0,5.654810464442557,0,0.0,False,False,False,False,5000.0,500.0
1,10.0,0,4,3500,0.95,False,1.0,0,0.0,6.338515820721979,0,0.0,False,False,False,False,5000.0,500.0
1,10.0,0,4,3500,0.95,False,1.0,0,0.0,8.91158080967614,0,0.0,False,False,False,False,5000.0,500.0
1,10.0,0,4,3500,0.95,False,1.0,0,0.0,2.459698235552099,0,0.0,False,False,False,False,5000.0,500.0
1,10.0,0,4,3500,0.95,False,1.0,0,0.0,1.3497369607474983,0,0.0,False,False,False,False,5000.0,500.0
1,10.0,0,4,3500,0.95,False,1.0,0,0.0,1.9817930728109416,0,0.0,False,False,False,False,5000.0,500.0
1,10.0,0,4,3500,0.95,False,1.0,0,0.0,3.3346047755000745,0,0.0,False,False,False,False,5000.0,500.0
1,10.0,0,4,3500,0.95,False,1.0,0,0.0,2.351816329328919,0,0.0,False,False,False,False,5000.0,500.0
1,10.0,0,4,3500,0.95,False,1.0,0,0.0,2.9158222228491675,0,0.0,False,False,False,False,5000.0,500.0
1,10.0,0,4,3500,0.95,False,1.0,0,0.0,1.3271660974794326,0,0.0,False,False,False,False,5000.0,500.0
1,10.0,0,4,3500,0.95,False,1.0,0,0.0,3.5629686812892163,0,0.0,False,False,False,False,5000.0,500.0
1,10.0,0,4,3500,0.95,False,1.0,0,0.0,1.9884027262906883,0,0.0,False,False,False,False,5000.0,500.0
1,10.0,0,4,3500,0.95,False,1.0,0,0.0,1.8187744619874497,0,0.0,False,False,False,False,5000.0,500.0
1,10.0,0,4,3500,0.95,False,1.0,0,0.0,1.893213105966329,0,0.0,False,False,False,False,5000.0,500.0
1,10.0,0,4,3500,0.95,False,1.0,0,0.0,6.4291106943649865,0,0.0,False,False,False,False,5000.0,500.0
1,10.0,0,4,3500,0.95,False,1.0,0,0.0,7.9174918182924525,0,0.0,False,False,False,False,5000.0,500.0
1,10.0,0,4,3500,0.95,False,1.0,0,0.0,4.524277266617275,0,0.0,False,False,False,False,5000.0,500.0
1,10.0,0,4,3500,0.95,False,1.0,0,0.0,1.8337735669133108,0,0.0,False,False,False,False,5000.0,500.0
1,10.0,0,4,3500,0.95,False,1.0,0,0.0,2.2186279647346705,0,0.0,False,False,False,False,5000.0,500.0
1,10.0,0,4,3500,0.95,False,1.0,0,0.0,3.0585468584372424,0,0.0,False,False,False,False,5000.0,500.0
1,10.0,0,4,3500,0.95,False,1.0,0,0.0,2.5360092609231266,0,0.0,False,False,False,False,5000.0,500.0
1,10.0,0,4,3500,0.95,False,1.0,0,0.0,0.8274692424483501,0,0.0,False,False,False,False,5000.0,500.0
1,10.0,0,4,3500,0.95,False,1.0,0,0.0,6.274160536973778,0,0.0,False,False,False,False,5000.0,500.0
1,10.0,0,4,3500,0.95,False,1.0,0,0.0,3.9627763891306413,0,0.0,False,False,False,False,5000.0,500.0
1,10.0,0,4,3500,0.95,False,1.0,0,0.0,3.6334344347739713,0,0.0,False,False,False,False,5000.0,500.0
1,10.0,0,4,3500,0.95,False,1.0,0,0.0,1.9419546488908663,0,0.0,False,False,False,False,5000.0,500.0
1,10.0,0,4,3500,0.95,False,1.0,0,0.0,3.5167610051204585,0,0.0,False,False,False,False,5000.0,500.0
1,10.0,0,4,3500,0.95,False,1.0,0,0.0,2.9151876681154767,0,0.0,False,False,False,False,5000.0,500.0
1,10.0,0,4,3500,0.95,False,1.0,0,0.0,1.0946477653980011,0,0.0,False,False,False,False,5000.0,500.0
1,10.0,0,4,3500,0.95,False,1.0,0,0.0,1.146996543550306,0,0.0,False,False,False,False,5000.0,500.0
1,10.0,0,4,3500,0.95,False,1.0,0,0.0,2.7641975890736727,0,0.0,False,False,False,False,5000.0,500.0
1,10.0,0,4,3500,0.95,False,1.0,0,0.0,1.4736375753589916,0,0.0,False,False,False,False,5000.0,500.0
1,10.0,0,4,3500,0.95,False,1.0,0,0.0,2.1317801558240435,0,0.0,False,False,False,False,5000.0,500.0
1,10.0,0,4,3500,0.95,False,1.0,0,0.0,0.5899285178150555,0,0.0,False,False,False,False,5000.0,500.0
1,10.0,0,4,3500,0.95,False,1.0,0,0.0,1.785108307661084,0,0.0,False,False,False,False,5000.0,500.0
1,10.0,0,4,3500,0.95,False,1.0,0,0.0,4.586114827941467,0,0.0,False,False,False,False,5000.0,500.0
1,10.0,0,4,3500,0.95,False,1.0,0,0.0,1.601311735115681,0,0.0,False,False,False,False,5000.0,500.0
1,10.0,0,4,3500,0.95,False,1.0,0,0.0,4.9458396990066,0,0.0,False,False,False,False,5000.0,500.0
1,10.0,0,4,3500,0.95,False,1.0,0,0.0,0.6049689436609598,0,0.0,False,False,False,False,5000.0,500.0
1,10.0,0,4,3500,0.95,False,1.0,0,0.0,3.4905507126528015,0,0.0,False,False,False,False,5000.0,500.0
1,10.0,0,4,3500,0.95,False,1.0,0,0.0,1.5183207632186142,0,0.0,False,False,False,False,5000.0,500.0
1,10.0,0,4,3500,0.95,False,1.0,0,0.0,0.5285822086988473,0,0.0,False,False,False,False,5000.0,500.0
1,10.0,0,4,3500,0.95,False,1.0,0,0.0,1.994880678070982,0,0.0,False,False,False,False,5000.0,500.0
1,10.0,0,4,3500,0.95,False,1.0,0,0.0,0.9345979066127663,0,0.0,False,False,False,False,5000.0,500.0
1,10.0,0,4,3500,0.95,False,1.0,0,0.0,6.283949291838984,0,0.0,False,False,False,False,5000.0,500.0
1,10.0,0,4,3500,0.95,False,1.0,0,0.0,3.920669791290476,0,0.0,False,False,False,False,5000.0,500.0
1,10.0,0,4,3500,0.95,False,1.0,0,0.0,3.196074382044038,0,0.0,False,False,False,False,5000.0,500.0
1,10.0,0,4,3500,0.95,False,1.0,0,0.0,1.8784472321973167,0,0.0,False,False,False,False,5000.0,500.0
1,10.0,0,4,3500,0.95,False,1.0,0,0.0,4.179118606420198,0,0.0,False,False,False,False,5000.0,500.0
1,10.0,0,4,3500,0.95,False,1.0,0,0.0,1.8815200228372528,0,0.0,False,False,False,False,5000.0,500.0
1,10.0,0,4,3500,0.95,False,1.0,0,0.0,2.152124073008617,0,0.0,False,False,False,False,5000.0,500.0
1,10.0,0,4,3500,0.95,False,1.0,0,0.0,2.6507379850092305,0,0.0,False,False,False,False,5000.0,500.0
1,10.0,0,4,3500,0.95,False,1.0,0,0.0,5.9753022467261765,0,0.0,False,False,False,False,5000.0,500.0
1,10.0,0,4,3500,0.95,False,1.0,0,0.0,5.920639800351034,0,0.0,False,False,False,False,5000.0,500.0
1,10.0,0,4,3500,0.95,False,1.0,0,0.0,3.2657522106952657,0,0.0,False,False,False,False,5000.0,500.0
1,10.0,0,4,3500,0.95,False,1.0,0,0.0,3.1992512677627856,0,0.0,False,False,False,False,5000.0,500.0
1,10.0,0,4,3500,0.95,False,1.0,0,0.0,6.159664932195421,0,0.0,False,False,False,False,5000.0,500.0
1,10.0,0,4,3500,0.95,False,1.0,0,0.0,4.2673928063358195,0,0.0,False,False,False,False,5000.0,500.0
1,10.0,0,4,3500,0.95,False,1.0,0,0.0,1.0839072216783423,0,0.0,False,False,False,False,5000.0,500.0
1,10.0,0,4,3500,0.95,False,1.0,0,0.0,1.6521665562642487,0,0.0,False,False,False,False,5000.0,500.0
1,10.0,0,4,3500,0.95,False,1.0,0,0.0,2.674910289217033,0,0.0,False,False,False,False,5000.0,500.0
1,10.0,0,4,3500,0.95,False,1.0,0,0.0,4.019504124913802,0,0.0,False,False,False,False,5000.0,500.0
1,10.0,0,4,3500,0.95,False,1.0,0,0.0,1.6323737426081641,0,0.0,False,False,False,False,5000.0,500.0
1,10.0,0,4,3500,0.95,False,1.0,0,0.0,4.258496848052606,0,0.0,False,False,False,False,5000.0,500.0
1,10.0,0,4,3500,0.95,False,1.0,0,0.0,0.4219363161032211,0,0.0,False,False,False,False,5000.0,500.0
1,10.0,0,4,3500,0.95,False,1.0,0,0.0,1.5478280290700097,0,0.0,False,False,False,False,5000.0,500.0
1,10.0,0,4,3500,0.95,False,1.0,0,0.0,8.110360687447304,0,0.0,False,False,False,False,5000.0,500.0
1,10.0,0,4,3500,0.95,False,1.0,0,0.0,8.090545714080026,0,0.0,False,False,False,False,5000.0,500.0
1,10.0,0,4,3500,0.95,False,1.0,0,0.0,2.1127133212438927,0,0.0,False,False,False,False,5000.0,500.0
1,10.0,0,4,3500,0.95,False,1.0,0,0.0,1.1174329748958587,0,0.0,False,False,False,False,5000.0,500.0
1,10.0,0,4,3500,0.95,False,1.0,0,0.0,4.002331832236246,0,0.0,False,False,False,False,5000.0,500.0
1,10.0,0,4,3500,0.95,False,1.0,0,0.0,2.7772448654294077,0,0.0,False,False,False,False,5000.0,500.0
1,10.0,0,4,3500,0.95,False,1.0,0,0.0,0.5689742356776635,0,0.0,False,False,False,False,5000.0,500.0
1,10.0,0,4,3500,0.95,False,1.0,0,0.0,4.916731591088747,0,0.0,False,False,False,False,5000.0,500.0
1,10.0,0,4,3500,0.95,False,1.0,0,0.0,5.487246623651992,0,0.0,False,False,False,False,5000.0,500.0
1,10.0,0,4,3500,0.95,False,1.0,0,0.0,1.7423848746688917,0,0.0,False,False,False,False,5000.0,500.0
1,10.0,0,4,3500,0.95,False,1.0,0,0.0,3.2580516792080707,0,0.0,False,False,False,False,5000.0,500.0
1,10.0,0,4,3500,0.95,False,1.0,0,0.0,2.636121446004558,0,0.0,False,False,False,False,5000.0,500.0
1,10.0,0,4,3500,0.95,False,1.0,0,0.0,6.850305443039448,0,0.0,False,False,False,False,5000.0,500.0
1,10.0,0,4,3500,0.95,False,1.0,0,0.0,1.9907555293531338,0,0.0,False,False,False,False,5000.0,500.0
1,10.0,0,4,3500,0.95,False,1.0,0,0.0,3.4691146510064343,0,0.0,False,False,False,False,5000.0,500.0
1,10.0,0,4,3500,0.95,False,1.0,0,0.0,1.2129809818724333,0,0.0,False,False,False,False,5000.0,500.0
1,10.0,0,4,3500,0.95,False,1.0,0,0.0,8.972480397509857,0,0.0,False,False,False,False,5000.0,500.0
1,10.0,0,4,3500,0.95,False,1.0,0,0.0,3.511726611553757,0,0.0,False,False,False,False,5000.0,500.0
1,10.0,0,4,3500,0.95,False,1.0,0,0.0,3.4867207358694494,0,0.0,False,False,False,False,5000.0,500.0
1,10.0,0,4,3500,0.95,False,1.0,0,0.0,5.333724320967144,0,0.0,False,False,False,False,5000.0,500.0
1,10.0,0,4,3500,0.95,False,1.0,0,0.0,3.2863248183949625,0,0.0,False,False,False,False,5000.0,500.0
1,10.0,0,4,3500,0.95,False,1.0,0,0.0,7.274849405107821,0,0.0,False,False,False,False,5000.0,500.0
1,10.0,0,4,3500,0.95,False,1.0,0,0.0,1.232873142911819,0,0.0,False,False,False,False,5000.0,500.0
1,10.0,0,4,3500,0.95,False,1.0,0,0.0,1.217236117632208,0,0.0,False,False,False,False,5000.0,500.0
1,10.0,0,4,3500,0.95,False,1.0,0,0.0,2.5335397154318584,0,0.0,False,False,False,False,5000.0,500.0
2,10.0,0,4,3500,0.95,False,1.0,0,0.0,4.699923792009355;1.68480567700898,0,0.0,False,False,False,False,5000.0,500.0
2,10.0,0,4,3500,0.95,False,1.0,0,0.0,1.4009149636705056;2.361767392437958,0,0.0,False,False,False,False,5000.0,500.0
2,10.0,0,4,3500,0.95,False,1.0,0,0.0,0.6689287674292629;0.831302738712464,0,0.0,False,False,False,False,5000.0,500.0
2,10.0,0,4,3500,0.95,False,1.0,0,0.0,4.147888471153636;1.837788270299649,0,0.0,False,False,False,False,5000.0,500.0
2,10.0,0,4,3500,0.95,False,1.0,0,0.0,4.25376930842321;3.219585449061398,0,0.0,False,False,False,False,5000.0,500.0
2,10.0,0,4,3500,0.95,False,1.0,0,0.0,4.175457807825018;3.811990108741769,0,0.0,False,False,False,False,5000.0,500.0
2,10.0,0,4,3500,0.95,False,1.0,0,0.0,3.543534339041977;3.50774079073631,0,0.0,False,False,False,False,5000.0,500.0
2,10.0,0,4,3500,0.95,False,1.0,0,0.0,3.3896035148435955;2.666130224859101,0,0.0,False,False,False,False,5000.0,500.0
2,10.0,0,4,3500,0.95,False,1.0,0,0.0,0.4875068677275689;0.5024177529989711,0,0.0,False,False,False,False,5000.0,500.0
2,10.0,0,4,3500,0.95,False,1.0,0,0.0,1.9068523843362957;3.4490593070787114,0,0.0,False,False,False,False,5000.0,500.0
2,10.0,0,4,3500,0.95,False,1.0,0,0.0,2.3720467719378284;2.1891840559542675,0,0.0,False,False,False,False,5000.0,500.0
2,10.0,0,4,3500,0.95,False,1.0,0,0.0,4.008368976555179;1.3925708294239034,0,0.0,False,False,False,False,5000.0,500.0
2,10.0,0,4,3500,0.95,False,1.0,2,0.08333333333333333,83.13423079444503;82.18378480726366,0,0.0,False,False,False,False,5000.0,500.0
2,10.0,0,4,3500,0.95,False,1.0,0,0.0,2.1808465984912653;5.0710509932668515,0,0.0,False,False,False,False,5000.0,500.0
2,10.0,0,4,3500,0.95,False,1.0,0,0.0,1.0431024956944743;4.181469811140924,0,0.0,False,False,False,False,5000.0,500.0
2,10.0,0,4,3500,0.95,False,1.0,0,0.0,2.1199823765048182;4.374905866280077,0,0.0,False,False,False,False,5000.0,500.0
2,10.0,0,4,3500,0.95,False,1.0,0,0.0,1.3697081208667703;5.328575592649556,0,0.0,False,False,False,False,5000.0,500.0
2,10.0,0,4,3500,0.95,False,1.0,2,0.08333333333333333,66.86426263230446;62.00352023834397,0,0.0,False,False,False,False,5000.0,500.0
2,10.0,0,4,3500,0.95,False,1.0,0,0.0,1.4477249553977;2.131430100374304,0,0.0,False,False,False,False,5000.0,500.0
2,10.0,0,4,3500,0.95,False,1.0,0,0.0,1.0718625840700318;4.217639441529665,0,0.0,False,False,False,False,5000.0,500.0
2,10.0,0,4,3500,0.95,False,1.0,0,0.0,6.9377874785917895;7.23026671321318,0,0.0,False,False,False,False,5000.0,500.0
2,10.0,0,4,3500,0.95,False,1.0,0,0.0,3.9599444099144137;3.6947117155408558,0,0.0,False,False,False,False,5000.0,500.0
2,10.0,0,4,3500,0.95,False,1.0,0,0.0,2.8265449446225768;1.6945319126125127,0,0.0,False,False,False,False,5000.0,500.0
2,10.0,0,4,3500,0.95,False,1.0,0,0.0,0.2704231332509936;2.151447993247395,0,0.0,False,False,False,False,5000.0,500.0
2,10.0,0,4,3500,0.95,False,1.0,0,0.0,2.9880898896190637;2.9997053482390648,0,0.0,False,False,False,False,5000.0,500.0
2,10.0,0,4,3500,0.95,False,1.0,0,0.0,3.7454413750445132;2.7557876083651554,0,0.0,False,False,False,False,5000.0,500.0
2,10.0,0,4,3500,0.95,False,1.0,0,0.0,3.067921684265022;3.979732338024979,0,0.0,False,False,False,False,5000.0,500.0
2,10.0,0,4,3500,0.95,False,1.0,0,0.0,2.5177265477399473;5.580969198599764,0,0.0,False,False,False,False,5000.0,500.0
2,10.0,0,4,3500,0.95,False,1.0,0,0.0,8.243943981239257;1.1321991467922246,0,0.0,False,False,False,False,5000.0,500.0
2,10.0,0,4,3500,0.95,False,1.0,0,0.0,6.749577713842678;2.779828903295232,0,0.0,False,False,False,False,5000.0,500.0
2,10.0,0,4,3500,0.95,False,1.0,0,0.0,3.93362546204996;3.032478587441903,0,0.0,False,False,False,False,5000.0,500.0
2,10.0,0,4,3500,0.95,False,1.0,0,0.0,2.3371881653398954;1.4374866755645963,0,0.0,False,False,False,False,5000.0,500.0
2,10.0,0,4,3500,0.95,False,1.0,0,0.0,2.79647418882672;3.9281633190496796,0,0.0,False,False,False,False,5000.0,500.0
2,10.0,0,4,3500,0.95,False,1.0,0,0.0,8.524524350007322;8.796202901126922,0,0.0,False,False,False,False,5000.0,500.0
2,10.0,0,4,3500,0.95,False,1.0,0,0.0,5.02383468737702;3.4937676180194157,0,0.0,False,False,False,False,5000.0,500.0
2,10.0,0,4,3500,0.95,False,1.0,0,0.0,1.7657052297727671;0.8482901451848915,0,0.0,False,False,False,False,5000.0,500.0
2,10.0,0,4,3500,0.95,False,1.0,2,0.08333333333333333,4.509959749803632;5.418034360779591,0,0.0,False,False,False,False,5000.0,500.0
2,10.0,0,4,3500,0.95,False,1.0,6,0.25,1020.2659291969217;1016.8140324360692,0,0.0,False,False,False,False,5000.0,500.0
2,10.0,0,4,3500,0.95,False,1.0,0,0.0,1.8353412342491167;0.7008009502464156,0,0.0,False,False,False,False,5000.0,500.0
2,10.0,0,4,3500,0.95,False,1.0,0,0.0,4.0943139083164635;4.423003755957409,0,0.0,False,False,False,False,5000.0,500.0
2,10.0,0,4,3500,0.95,False,1.0,0,0.0,1.2452291886553963;1.7268451578504735,0,0.0,False,False,False,False,5000.0,500.0
2,10.0,0,4,3500,0.95,False,1.0,0,0.0,1.3495157102915414;1.5018311609660886,0,0.0,False,False,False,False,5000.0,500.0
2,10.0,0,4,3500,0.95,False,1.0,0,0.0,1.7131358811952708;2.346228080710662,0,0.0,False,False,False,False,5000.0,500.0
2,10.0,0,4,3500,0.95,False,1.0,2,0.08333333333333333,6.148132487075789;5.580297019202881,0,0.0,False,False,False,False,5000.0,500.0
2,10.0,0,4,3500,0.95,False,1.0,0,0.0,5.19855192889872;0.68151617092494,0,0.0,False,False,False,False,5000.0,500.0
2,10.0,0,4,3500,0.95,False,1.0,0,0.0,1.3133733336713689;0.967640575497636,0,0.0,False,False,False,False,5000.0,500.0
2,10.0,0,4,3500,0.95,False,1.0,0,0.0,2.8206953938558685;0.7338672597084874,0,0.0,False,False,False,False,5000.0,500.0
2,10.0,0,4,3500,0.95,False,1.0,0,0.0,1.6615637270654284;1.0479120421831851,0,0.0,False,False,False,False,5000.0,500.0
2,10.0,0,4,3500,0.95,False,1.0,0,0.0,3.034537060881018;1.0620616801024518,0,0.0,False,False,False,False,5000.0,500.0
2,10.0,0,4,3500,0.95,False,1.0,0,0.0,3.2816048285978914;0.35698636545552587,0,0.0,False,False,False,False,5000.0,500.0
2,10.0,0,4,3500,0.95,False,1.0,0,0.0,1.931621283788077;1.430589723208396,0,0.0,False,False,False,False,5000.0,500.0
2,10.0,0,4,3500,0.95,False,1.0,0,0.0,1.6930601054288554;2.196852843679455,0,0.0,False,False,False,False,5000.0,500.0
2,10.0,0,4,3500,0.95,False,1.0,0,0.0,7.129692063590147;1.1616358131943072,0,0.0,False,False,False,False,5000.0,500.0
2,10.0,0,4,3500,0.95,False,1.0,2,0.08333333333333333,58.41886843952366;52.24937849853344,0,0.0,False,False,False,False,5000.0,500.0
2,10.0,0,4,3500,0.95,False,1.0,0,0.0,6.052838718005681;5.343899276521203,0,0.0,False,False,False,False,5000.0,500.0
2,10.0,0,4,3500,0.95,False,1.0,0,0.0,2.2302412472895194;7.3840258730495085,0,0.0,False,False,False,False,5000.0,500.0
2,10.0,0,4,3500,0.95,False,1.0,0,0.0,2.4397772869332988;1.198033476174972,0,0.0,False,False,False,False,5000.0,500.0
2,10.0,0,4,3500,0.95,False,1.0,0,0.0,0.4096720403269988;1.619676249477224,0,0.0,False,False,False,False,5000.0,500.0
2,10.0,0,4,3500,0.95,False,1.0,2,0.08333333333333333,12.524103137496413;13.736757628047137,0,0.0,False,False,False,False,5000.0,500.0
2,10.0,0,4,3500,0.95,False,1.0,2,0.08333333333333333,133.7357438315045;137.13491494207003,0,0.0,False,False,False,False,5000.0,500.0
2,10.0,0,4,3500,0.95,False,1.0,0,0.0,8.237835759949052;2.485138542260464,0,0.0,False,False,False,False,5000.0,500.0
2,10.0,0,4,3500,0.95,False,1.0,0,0.0,2.57587022320532;10.506987647067138,0,0.0,False,False,False,False,5000.0,500.0
2,10.0,0,4,3500,0.95,False,1.0,0,0.0,0.6667921908211731;2.5143416038733126,0,0.0,False,False,False,False,5000.0,500.0
2,10.0,0,4,3500,0.95,False,1.0,0,0.0,4.188200241628721;1.1743869554138526,0,0.0,False,False,False,False,5000.0,500.0
2,10.0,0,4,3500,0.95,False,1.0,0,0.0,3.0567026733658325;7.071988082086921,0,0.0,False,False,False,False,5000.0,500.0
2,10.0,0,4,3500,0.95,False,1.0,0,0.0,7.574328568145461;7.49905077133976,0,0.0,False,False,False,False,5000.0,500.0
2,10.0,0,4,3500,0.95,False,1.0,2,0.08333333333333333,19.68252613706428;17.971025424652993,0,0.0,False,False,False,False,5000.0,500.0
2,10.0,0,4,3500,0.95,False,1.0,0,0.0,4.225447968790178;2.4757128764026195,0,0.0,False,False,False,False,5000.0,500.0
2,10.0,0,4,3500,0.95,False,1.0,0,0.0,4.859883011869747;1.44883513479512,0,0.0,False,False,False,False,5000.0,500.0
2,10.0,0,4,3500,0.95,False,1.0,2,0.08333333333333333,64.65083059030563;67.78287976270948,0,0.0,False,False,False,False,5000.0,500.0
2,10.0,0,4,3500,0.95,False,1.0,0,0.0,3.43100530982662;5.023175270197028,0,0.0,False,False,False,False,5000.0,500.0
2,10.0,0,4,3500,0.95,False,1.0,0,0.0,6.550749562487899;3.580369967038265,0,0.0,False,False,False,False,5000.0,500.0
2,10.0,0,4,3500,0.95,False,1.0,0,0.0,1.7354694909985504;6.62537532558093,0,0.0,False,False,False,False,5000.0,500.0
2,10.0,0,4,3500,0.95,False,1.0,0,0.0,1.431961106855096;1.6274725081219898,0,0.0,False,False,False,False,5000.0,500.0
2,10.0,0,4,3500,0.95,False,1.0,0,0.0,3.721136823241884;4.063089121448113,0,0.0,False,False,False,False,5000.0,500.0
2,10.0,0,4,3500,0.95,False,1.0,0,0.0,2.913805988013118;1.8103521132089602,0,0.0,False,False,False,False,5000.0,500.0
2,10.0,0,4,3500,0.95,False,1.0,0,0.0,3.271440720164255;1.6940357188583648,0,0.0,False,False,False,False,5000.0,500.0
2,10.0,0,4,3500,0.95,False,1.0,0,0.0,3.9104907252744425;1.575642913163908,0,0.0,False,False,False,False,5000.0,500.0
2,10.0,0,4,3500,0.95,False,1.0,0,0.0,5.021985930590641;3.3821557444877124,0,0.0,False,False,False,False,5000.0,500.0
2,10.0,0,4,3500,0.95,False,1.0,0,0.0,2.621349417859697;4.716516267231524,0,0.0,False,False,False,False,5000.0,500.0
2,10.0,0,4,3500,0.95,False,1.0,0,0.0,3.6269581133440463;8.775052642582255,0,0.0,False,False,False,False,5000.0,500.0
2,10.0,0,4,3500,0.95,False,1.0,0,0.0,4.578634776679112;1.5207966962300188,0,0.0,False,False,False,False,5000.0,500.0
2,10.0,0,4,3500,0.95,False,1.0,0,0.0,0.43201187169572236;3.2148121387250437,0,0.0,False,False,False,False,5000.0,500.0
2,10.0,0,4,3500,0.95,False,1.0,0,0.0,5.226246024758529;2.281234753101882,0,0.0,False,False,False,False,5000.0,500.0
2,10.0,0,4,3500,0.95,False,1.0,0,0.0,2.0405560204400413;0.20589943878733055,0,0.0,False,False,False,False,5000.0,500.0
2,10.0,0,4,3500,0.95,False,1.0,0,0.0,1.9477927466701217;1.3011042269303164,0,0.0,False,False,False,False,5000.0,500.0
2,10.0,0,4,3500,0.95,False,1.0,0,0.0,4.964476339044335;1.0947411369506717,0,0.0,False,False,False,False,5000.0,500.0
2,10.0,0,4,3500,0.95,False,1.0,0,0.0,2.600099219520311;0.35591914789165396,0,0.0,False,False,False,False,5000.0,500.0
2,10.0,0,4,3500,0.95,False,1.0,0,0.0,3.6979043020230287;0.94585721137732,0,0.0,False,False,False,False,5000.0,500.0
2,10.0,0,4,3500,0.95,False,1.0,0,0.0,3.9713585618328437;2.817262790667979,0,0.0,False,False,False,False,5000.0,500.0
2,10.0,0,4,3500,0.95,False,1.0,0,0.0,3.115916853703551;4.161556879602316,0,0.0,False,False,False,False,5000.0,500.0
2,10.0,0,4,3500,0.95,False,1.0,0,0.0,2.334921274566224;7.12916900708625,0,0.0,False,False,False,False,5000.0,500.0
2,10.0,0,4,3500,0.95,False,1.0,0,0.0,1.8527137624162393;1.847723775628774,0,0.0,False,False,False,False,5000.0,500.0
2,10.0,0,4,3500,0.95,False,1.0,0,0.0,2.7850672263601064;3.2925939451879422,0,0.0,False,False,False,False,5000.0,500.0
2,10.0,0,4,3500,0.95,False,1.0,0,0.0,3.447035490955897;4.346761996216209,0,0.0,False,False,False,False,5000.0,500.0
2,10.0,0,4,3500,0.95,False,1.0,0,0.0,7.296125153035988;5.3471259974306875,0,0.0,False,False,False,False,5000.0,500.0
2,10.0,0,4,3500,0.95,False,1.0,2,0.08333333333333333,101.78128289702674;96.7956934826314,0,0.0,False,False,False,False,5000.0,500.0
2,10.0,0,4,3500,0.95,False,1.0,2,0.08333333333333333,0.570978762474401;2.564665216567366,0,0.0,False,False,False,False,5000.0,500.0
2,10.0,0,4,3500,0.95,False,1.0,0,0.0,1.1462026782889259;1.6889984561249092,0,0.0,False,False,False,False,5000.0,500.0
2,10.0,0,4,3500,0.95,False,1.0,2,0.08333333333333333,40.17872011707176;39.72255297922261,0,0.0,False,False,False,False,5000.0,500.0
2,10.0,0,4,3500,0.95,False,1.0,0,0.0,2.9887485882635842;2.2384219384195077,0,0.0,False,False,False,False,5000.0,500.0
2,10.0,0,4,3500,0.95,False,1.0,0,0.0,2.572554158615622;1.3560837949674882,0,0.0,False,False,False,False,5000.0,500.0
2,10.0,0,4,3500,0.95,False,1.0,0,0.0,2.173164239822417;3.041468222547445,0,0.0,False,False,False,False,5000.0,500.0
2,10.0,0,4,3500,0.95,False,1.0,0,0.0,1.5516952014995282;5.188725250822519,0,0.0,False,False,False,False,5000.0,500.0
2,10.0,0,4,3500,0.95,False,1.0,0,0.0,1.620336171780262;1.901215351888181,0,0.0,False,False,False,False,5000.0,500.0
2,10.0,0,4,3500,0.95,False,1.0,0,0.0,6.204147683556517;2.4467161628151253,0,0.0,False,False,False,False,5000.0,500.0
2,10.0,0,4,3500,0.95,False,1.0,0,0.0,3.983130668875547;1.3400896443150274,0,0.0,False,False,False,False,5000.0,500.0
2,10.0,0,4,3500,0.95,False,1.0,0,0.0,1.9118168410220293;1.9327662263220073,0,0.0,False,False,False,False,5000.0,500.0
2,10.0,0,4,3500,0.95,False,1.0,0,0.0,5.596444158521039;1.8193533045315102,0,0.0,False,False,False,False,5000.0,500.0
2,10.0,0,4,3500,0.95,False,1.0,0,0.0,4.588300384983785;3.3577911252780654,0,0.0,False,False,False,False,5000.0,500.0
2,10.0,0,4,3500,0.95,False,1.0,0,0.0,6.105250370756085;1.555125057468274,0,0.0,False,False,False,False,5000.0,500.0
2,10.0,0,4,3500,0.95,False,1.0,0,0.0,3.086706807761975;5.634959610349844,0,0.0,False,False,False,False,5000.0,500.0
2,10.0,0,4,3500,0.95,False,1.0,0,0.0,1.8437554422119664;2.4416838276880477,0,0.0,False,False,False,False,5000.0,500.0
2,10.0,0,4,3500,0.95,False,1.0,0,0.0,1.064389588064076;1.8679156977996052,0,0.0,False,False,False,False,5000.0,500.0
2,10.0,0,4,3500,0.95,False,1.0,6,0.25,17.13226510743721;15.925727644375057,0,0.0,False,False,False,False,5000.0,500.0
2,10.0,0,4,3500,0.95,False,1.0,0,0.0,5.281775573465538;0.6611334806533076,0,0.0,False,False,False,False,5000.0,500.0
2,10.0,0,4,3500,0.95,False,1.0,0,0.0,6.259291616372217;4.923195722208019,0,0.0,False,False,False,False,5000.0,500.0
2,10.0,0,4,3500,0.95,False,1.0,0,0.0,8.126359138773655;3.001225529705046,0,0.0,False,False,False,False,5000.0,500.0
2,10.0,0,4,3500,0.95,False,1.0,0,0.0,2.5268941857246783;4.549579922016632,0,0.0,False,False,False,False,5000.0,500.0
2,10.0,0,4,3500,0.95,False,1.0,2,0.08333333333333333,12.56029762348395;9.446979350147485,0,0.0,False,False,False,False,5000.0,500.0
2,10.0,0,4,3500,0.95,False,1.0,0,0.0,4.581597607534229;3.3009665683738425,0,0.0,False,False,False,False,5000.0,500.0
2,10.0,0,4,3500,0.95,False,1.0,0,0.0,4.903075965499103;7.146992767636503,0,0.0,False,False,False,False,5000.0,500.0
2,10.0,0,4,3500,0.95,False,1.0,0,0.0,2.6362310017173685;8.321971265922123,0,0.0,False,False,False,False,5000.0,500.0
2,10.0,0,4,3500,0.95,False,1.0,0,0.0,4.581487441374668;1.8043101256192182,0,0.0,False,False,False,False,5000.0,500.0
2,10.0,0,4,3500,0.95,False,1.0,0,0.0,0.34628427705771553;3.4112721356676245,0,0.0,False,False,False,False,5000.0,500.0
2,10.0,0,4,3500,0.95,False,1.0,0,0.0,4.9781292221485876;5.406047435864016,0,0.0,False,False,False,False,5000.0,500.0
2,10.0,0,4,3500,0.95,False,1.0,0,0.0,3.298613231987943;1.7429544686429796,0,0.0,False,False,False,False,5000.0,500.0
2,10.0,0,4,3500,0.95,False,1.0,0,0.0,2.1546077866760656;3.215407137756935,0,0.0,False,False,False,False,5000.0,500.0
2,10.0,0,4,3500,0.95,False,1.0,2,0.08333333333333333,31.034590913376547;31.665667190071023,0,0.0,False,False,False,False,5000.0,500.0
2,10.0,0,4,3500,0.95,False,1.0,0,0.0,7.990152939845248;7.892653271352549,0,0.0,False,False,False,False,5000.0,500.0
2,10.0,0,4,3500,0.95,False,1.0,0,0.0,6.651956318884716;3.346065220547518,0,0.0,False,False,False,False,5000.0,500.0
2,10.0,0,4,3500,0.95,False,1.0,0,0.0,2.6508600790832944;2.219842761206939,0,0.0,False,False,False,False,5000.0,500.0
2,10.0,0,4,3500,0.95,False,1.0,0,0.0,3.4610414639167772;3.5032817718589775,0,0.0,False,False,False,False,5000.0,500.0
2,10.0,0,4,3500,0.95,False,1.0,0,0.0,5.35801783932938;2.503726912123409,0,0.0,False,False,False,False,5000.0,500.0
2,10.0,0,4,3500,0.95,False,1.0,0,0.0,3.292387336341581;1.7851956969951666,0,0.0,False,False,False,False,5000.0,500.0
2,10.0,0,4,3500,0.95,False,1.0,0,0.0,4.309639753248573;3.483529082787254,0,0.0,False,False,False,False,5000.0,500.0
2,10.0,0,4,3500,0.95,False,1.0,0,0.0,1.120889288416443;1.5920415905925744,0,0.0,False,False,False,False,5000.0,500.0
2,10.0,0,4,3500,0.95,False,1.0,0,0.0,2.841238654564911;3.292311100525245,0,0.0,False,False,False,False,5000.0,500.0
2,10.0,0,4,3500,0.95,False,1.0,0,0.0,1.2388458805062048;4.572308065906297,0,0.0,False,False,False,False,5000.0,500.0
2,10.0,0,4,3500,0.95,False,1.0,0,0.0,0.4718341661020332;4.755972401327595,0,0.0,False,False,False,False,5000.0,500.0
2,10.0,0,4,3500,0.95,False,1.0,0,0.0,4.387138809607098;4.765756950186671,0,0.0,False,False,False,False,5000.0,500.0
2,10.0,0,4,3500,0.95,False,1.0,2,0.08333333333333333,50.94676610121313;43.41997931897375,0,0.0,False,False,False,False,5000.0,500.0
2,10.0,0,4,3500,0.95,False,1.0,0,0.0,4.310026284573979;11.161044117965664,0,0.0,False,False,False,False,5000.0,500.0
2,10.0,0,4,3500,0.95,False,1.0,0,0.0,2.706830620753865;3.29010943013963,0,0.0,False,False,False,False,5000.0,500.0
2,10.0,0,4,3500,0.95,False,1.0,0,0.0,6.7599906995331835;5.738285948030008,0,0.0,False,False,False,False,5000.0,500.0
2,10.0,0,4,3500,0.95,False,1.0,0,0.0,5.200308692160835;5.683655733121548,0,0.0,False,False,False,False,5000.0,500.0
2,10.0,0,4,3500,0.95,False,1.0,0,0.0,0.8733092783830667;6.037875177338407,0,0.0,False,False,False,False,5000.0,500.0
2,10.0,0,4,3500,0.95,False,1.0,0,0.0,4.311080042946748;5.792305291676874,0,0.0,False,False,False,False,5000.0,500.0
2,10.0,0,4,3500,0.95,False,1.0,2,0.08333333333333333,11.072296858916534;14.82688654052864,0,0.0,False,False,False,False,5000.0,500.0
2,10.0,0,4,3500,0.95,False,1.0,0,0.0,6.469720328916086;0.6133372873473529,0,0.0,False,False,False,False,5000.0,500.0
3,10.0,0,4,3500,0.95,False,0.6666666666666666,14,0.3888888888888889,923.833898445455;120.1637136171817,12,0.3333333333333333,False,False,False,False,5000.0,500.0
3,10.0,0,4,3500,0.95,False,1.0,2,0.05555555555555555,3.9070447991073225;1.0297673625024997;5.2391781264986825,0,0.0,False,False,False,False,5000.0,500.0
3,10.0,0,4,3500,0.95,False,1.0,0,0.0,1.3249067336479172;1.780880229741877;2.101321252967614,0,0.0,False,False,False,False,5000.0,500.0
3,10.0,0,4,3500,0.95,False,1.0,0,0.0,1.6961053182380137;1.974661438007062;7.11609325259571,0,0.0,False,False,False,False,5000.0,500.0
3,10.0,0,4,3500,0.95,False,1.0,0,0.0,2.0229038789584655;2.1745312507605106;3.929365710569784,0,0.0,False,False,False,False,5000.0,500.0
3,10.0,0,4,3500,0.95,False,1.0,0,0.0,2.792420553668639;0.9645814988396414;4.949843426707589,0,0.0,False,False,False,False,5000.0,500.0
3,10.0,0,4,3500,0.95,False,1.0,0,0.0,3.11736760846297;4.344379778528614;1.7539548187988108,3,0.08333333333333333,False,False,False,False,5000.0,500.0
3,10.0,0,4,3500,0.95,False,1.0,0,0.0,2.304059453205144;4.049874218301622;5.238311778784284,0,0.0,False,False,False,False,5000.0,500.0
3,10.0,0,4,3500,0.95,False,1.0,0,0.0,2.994155638421266;1.8702829745503364;6.7805756518249805,0,0.0,False,False,False,False,5000.0,500.0
3,10.0,0,4,3500,0.95,False,0.6666666666666666,12,0.3333333333333333,33.76096420242046;3.026408133164752,12,0.3333333333333333,False,False,False,False,5000.0,500.0
3,10.0,0,4,3500,0.95,False,0.6666666666666666,12,0.3333333333333333,942.9750735786587;0.14366312028205533,12,0.3333333333333333,False,False,False,False,5000.0,500.0
3,10.0,0,4,3500,0.95,False,1.0,0,0.0,1.854409847765991;2.3638438126753076;3.626033105994701,0,0.0,False,False,False,False,5000.0,500.0
3,10.0,0,4,3500,0.95,False,1.0,0,0.0,1.866509230714334;5.053176544225639;5.207547518830814,0,0.0,False,False,False,False,5000.0,500.0
3,10.0,0,4,3500,0.95,False,1.0,2,0.05555555555555555,1.8373612807922572;51.346670390589914;57.53745840081406,3,0.08333333333333333,False,False,False,False,5000.0,500.0
3,10.0,0,4,3500,0.95,False,1.0,0,0.0,4.1323311600681905;4.287449090333646;0.29339912928501244,4,0.1111111111111111,False,False,False,False,5000.0,500.0
3,10.0,0,4,3500,0.95,False,1.0,0,0.0,1.58130883023233;5.856835157439319;0.7182576074048169,0,0.0,False,False,False,False,5000.0,500.0
3,10.0,0,4,3500,0.95,False,1.0,0,0.0,3.5583831687224023;8.08445872465841;3.9707134938520077,0,0.0,False,False,False,False,5000.0,500.0
3,10.0,0,4,3500,0.95,False,1.0,0,0.0,1.6566756252297774;2.0809490486568727;2.20244227658347,5,0.1388888888888889,False,False,False,False,5000.0,500.0
3,10.0,0,4,3500,0.95,False,1.0,0,0.0,2.83160248610982;2.893164065971833;3.252121087379405,1,0.027777777777777776,False,False,False,False,5000.0,500.0
3,10.0,0,4,3500,0.95,False,1.0,2,0.05555555555555555,89.33082428713315;1.6266895442703797;75.91499525022603,0,0.0,False,False,False,False,5000.0,500.0
3,10.0,0,4,3500,0.95,False,1.0,0,0.0,4.308087791032591;1.7220410875794754;0.7655288200345117,1,0.027777777777777776,False,False,False,False,5000.0,500.0
3,10.0,0,4,3500,0.95,False,1.0,0,0.0,4.734999254547734;1.412818771131879;1.6020279821879513,4,0.1111111111111111,False,False,False,False,5000.0,500.0
3,10.0,0,4,3500,0.95,False,1.0,0,0.0,3.7390700189500343;1.197406742593586;8.081382186379988,0,0.0,False,False,False,False,5000.0,500.0
3,10.0,0,4,3500,0.95,False,1.0,0,0.0,4.730957463086733;7.768682885171025;3.413048904234918,0,0.0,False,False,False,False,5000.0,500.0
3,10.0,0,4,3500,0.95,False,1.0,0,0.0,2.6892022884284703;3.589089117071566;4.229775390012571,0,0.0,False,False,False,False,5000.0,500.0
3,10.0,0,4,3500,0.95,False,0.6666666666666666,12,0.3333333333333333,200.7598597820274;2.663229384233443,12,0.3333333333333333,False,False,False,False,5000.0,500.0
3,10.0,0,4,3500,0.95,False,1.0,0,0.0,2.2011897666364457;8.455689464156645;5.53272057706176,4,0.1111111111111111,False,False,False,False,5000.0,500.0
3,10.0,0,4,3500,0.95,False,1.0,0,0.0,4.983323759157177;3.910080248774391;2.7706750262894735,0,0.0,False,False,False,False,5000.0,500.0
3,10.0,0,4,3500,0.95,False,1.0,0,0.0,5.088742704922752;3.71816243009715;1.3692738761547754,0,0.0,False,False,False,False,5000.0,500.0
3,10.0,0,4,3500,0.95,False,1.0,0,0.0,8.919058974741551;0.890067704663464;3.2687691751131167,0,0.0,False,False,False,False,5000.0,500.0
3,10.0,0,4,3500,0.95,False,1.0,3,0.08333333333333333,28.83241956918813;2.1887941507542017;17.56993541930142,3,0.08333333333333333,False,False,False,False,5000.0,500.0
3,10.0,0,4,3500,0.95,False,1.0,2,0.05555555555555555,227.1756638690513;226.3237213220853;1.6484843499106223,1,0.027777777777777776,False,False,False,False,5000.0,500.0
3,10.0,0,4,3500,0.95,False,1.0,2,0.05555555555555555,0.3436355764826117;218.25709458219234;210.56760926894643,0,0.0,False,False,False,False,5000.0,500.0
3,10.0,0,4,3500,0.95,False,1.0,0,0.0,3.854927462108039;3.4275753562624582;5.391634576947456,1,0.027777777777777776,False,False,False,False,5000.0,500.0
3,10.0,0,4,3500,0.95,False,1.0,0,0.0,8.756615627440649;2.5068553508832165;1.0978472128611745,0,0.0,False,False,False,False,5000.0,500.0
3,10.0,0,4,3500,0.95,False,1.0,2,0.05555555555555555,11.241677336298673;9.33860336878757;3.7705298057383954,3,0.08333333333333333,False,False,False,False,5000.0,500.0
3,10.0,0,4,3500,0.95,False,1.0,0,0.0,3.1533727129540496;0.9477077339593034;0.9717350768179583,0,0.0,False,False,False,False,5000.0,500.0
3,10.0,0,4,3500,0.95,False,1.0,0,0.0,6.682257143711767;6.010858012573604;10.65116947792863,2,0.05555555555555555,False,False,False,False,5000.0,500.0
3,10.0,0,4,3500,0.95,False,1.0,4,0.1111111111111111,375.3493707109356;374.15900291675325;3.2563449044238126,0,0.0,False,False,False,False,5000.0,500.0
3,10.0,0,4,3500,0.95,False,1.0,2,0.05555555555555555,215.290742628936;2.2384419712191295;217.92489961221133,0,0.0,False,False,False,False,5000.0,500.0
3,10.0,0,4,3500,0.95,False,1.0,2,0.05555555555555555,2.3090949709281667;1.330696225968366;4.1484390985758886,0,0.0,False,False,False,False,5000.0,500.0
3,10.0,0,4,3500,0.95,False,1.0,0,0.0,1.4116081206860642;0.9037809250865756;5.660678938426141,0,0.0,False,False,False,False,5000.0,500.0
3,10.0,0,4,3500,0.95,False,1.0,0,0.0,1.6619176942754168;4.813152480576719;4.156110455443228,1,0.027777777777777776,False,False,False,False,5000.0,500.0
3,10.0,0,4,3500,0.95,False,1.0,0,0.0,3.955834423486926;3.2301684557955213;4.6601100926817365,0,0.0,False,False,False,False,5000.0,500.0
3,10.0,0,4,3500,0.95,False,1.0,0,0.0,2.663199105219199;4.250917844614725;2.9565288194793125,1,0.027777777777777776,False,False,False,False,5000.0,500.0
3,10.0,0,4,3500,0.95,False,1.0,2,0.05555555555555555,53.7056252554504;49.394346848247885;0.8894364505236118,0,0.0,False,False,False,False,5000.0,500.0
3,10.0,0,4,3500,0.95,False,1.0,0,0.0,2.7656743462451905;3.094978046493534;3.723525586541157,0,0.0,False,False,False,False,5000.0,500.0
3,10.0,0,4,3500,0.95,False,1.0,0,0.0,8.003802909423156;4.078669561248933;1.0468192635298004,0,0.0,False,False,False,False,5000.0,500.0
3,10.0,0,4,3500,0.95,False,1.0,0,0.0,3.7962211284036416;5.3805199918680335;4.125198762570881,0,0.0,False,False,False,False,5000.0,500.0
3,10.0,0,4,3500,0.95,False,1.0,0,0.0,7.6422380563163745;8.573253538061735;1.9693734352641026,0,0.0,False,False,False,False,5000.0,500.0
3,10.0,0,4,3500,0.95,False,1.0,0,0.0,2.2264820812489954;1.8243861536389427;6.15162190815911,1,0.027777777777777776,False,False,False,False,5000.0,500.0
3,10.0,0,4,3500,0.95,False,1.0,2,0.05555555555555555,20.43549976022669;1.4527883849835064;17.868060241364145,0,0.0,False,False,False,False,5000.0,500.0
3,10.0,0,4,3500,0.95,False,1.0,0,0.0,2.1884472134049417;2.3094367310222963;2.1852569912419706,0,0.0,False,False,False,False,5000.0,500.0
3,10.0,0,4,3500,0.95,False,1.0,0,0.0,0.6811346396320751;2.5372863878427374;4.156390169282038,0,0.0,False,False,False,False,5000.0,500.0
3,10.0,0,4,3500,0.95,False,1.0,3,0.08333333333333333,58.13777000153108;75.20184314277756;210.6648150220868,1,0.027777777777777776,False,False,False,False,5000.0,500.0
3,10.0,0,4,3500,0.95,False,1.0,0,0.0,2.270581839761077;0.4546445518745913;1.146803612850853,1,0.027777777777777776,False,False,False,False,5000.0,500.0
3,10.0,0,4,3500,0.95,False,1.0,0,0.0,1.3520627207898204;2.2823480700596543;2.3641001487041757,0,0.0,False,False,False,False,5000.0,500.0
3,10.0,0,4,3500,0.95,False,0.6666666666666666,12,0.3333333333333333,193.08154204047776;4.007354023002202,12,0.3333333333333333,False,False,False,False,5000.0,500.0
3,10.0,0,4,3500,0.95,False,0.6666666666666666,12,0.3333333333333333,1.4024577390560238;1374.5129701012127,12,0.3333333333333333,False,False,False,False,5000.0,500.0
3,10.0,0,4,3500,0.95,False,0.6666666666666666,12,0.3333333333333333,8.15412286608167;514.074338436845,12,0.3333333333333333,False,False,False,False,5000.0,500.0
3,10.0,0,4,3500,0.95,False,1.0,2,0.05555555555555555,313.387319508926;3.6779809900063807;257.3406419942569,2,0.05555555555555555,False,False,False,False,5000.0,500.0
3,10.0,0,4,3500,0.95,False,1.0,0,0.0,4.067937365958012;2.56919932075732;5.361067343104393,0,0.0,False,False,False,False,5000.0,500.0
3,10.0,0,4,3500,0.95,False,1.0,0,0.0,3.2441142173893804;5.590645414588773;2.6021792177264857,0,0.0,False,False,False,False,5000.0,500.0
3,10.0,0,4,3500,0.95,False,1.0,0,0.0,0.7269444659754838;3.005123632869178;5.7815571559345385,0,0.0,False,False,False,False,5000.0,500.0
3,10.0,0,4,3500,0.95,False,1.0,0,0.0,5.0421427264472705;6.765945360592522;4.773043053605638,0,0.0,False,False,False,False,5000.0,500.0
3,10.0,0,4,3500,0.95,False,1.0,0,0.0,0.7031605657883266;1.6680259564810558;2.0332587148407666,1,0.027777777777777776,False,False,False,False,5000.0,500.0
3,10.0,0,4,3500,0.95,False,1.0,2,0.05555555555555555,96.76356169119617;0.9938402340202107;93.73258547973326,0,0.0,False,False,False,False,5000.0,500.0
3,10.0,0,4,3500,0.95,False,1.0,0,0.0,2.0887202055023546;3.444608383853393;1.6305251895905917,0,0.0,False,False,False,False,5000.0,500.0
3,10.0,0,4,3500,0.95,False,1.0,0,0.0,2.3606040180878343;1.2463109804257526;2.317849964536483,0,0.0,False,False,False,False,5000.0,500.0
3,10.0,0,4,3500,0.95,False,1.0,2,0.05555555555555555,295.4166765959478;299.93800912931613;5.2089141889957595,0,0.0,False,False,False,False,5000.0,500.0
3,10.0,0,4,3500,0.95,False,1.0,0,0.0,0.810539918207897;0.6413684455279025;2.051554575946809,0,0.0,False,False,False,False,5000.0,500.0
3,10.0,0,4,3500,0.95,False,1.0,0,0.0,2.8108151767337484;0.055892550925743946;2.300185324828412,3,0.08333333333333333,False,False,False,False,5000.0,500.0
3,10.0,0,4,3500,0.95,False,1.0,0,0.0,2.8402393519268543;4.8947498915867165;3.8581841523328553,0,0.0,False,False,False,False,5000.0,500.0
3,10.0,0,4,3500,0.95,False,1.0,0,0.0,2.7465952303339036;4.156377512966444;2.509418524433679,0,0.0,False,False,False,False,5000.0,500.0
3,10.0,0,4,3500,0.95,False,1.0,5,0.1388888888888889,258.8148757067762;339.74982490912396;7.98890618918492,1,0.027777777777777776,False,False,False,False,5000.0,500.0
3,10.0,0,4,3500,0.95,False,1.0,0,0.0,2.4363096285285315;3.704557670043366;4.829768749708776,0,0.0,False,False,False,False,5000.0,500.0
3,10.0,0,4,3500,0.95,False,0.6666666666666666,12,0.3333333333333333,903.7557018507631;3.5469247500007537,12,0.3333333333333333,False,False,False,False,5000.0,500.0
3,10.0,0,4,3500,0.95,False,0.6666666666666666,12,0.3333333333333333,2.6530517424992364;2279.4946888082104,12,0.3333333333333333,False,False,False,False,5000.0,500.0
3,10.0,0,4,3500,0.95,False,0.6666666666666666,14,0.3888888888888889,345.73574880116536;217.42167951559637,12,0.3333333333333333,False,False,False,False,5000.0,500.0
3,10.0,0,4,3500,0.95,False,0.6666666666666666,12,0.3333333333333333,5.5323593547878565;126.4249124839552,12,0.3333333333333333,False,False,False,False,5000.0,500.0
3,10.0,0,4,3500,0.95,False,1.0,1,0.027777777777777776,6.0042721341533385;4.78419938326423;5.788844419253003,5,0.1388888888888889,False,False,False,False,5000.0,500.0
3,10.0,0,4,3500,0.95,False,1.0,0,0.0,3.158709498346691;1.8953423225667294;0.9793330049168367,0,0.0,False,False,False,False,5000.0,500.0
3,10.0,0,4,3500,0.95,False,0.6666666666666666,12,0.3333333333333333,782.2544586380882;2.4371610023706918,12,0.3333333333333333,False,False,False,False,5000.0,500.0
3,10.0,0,4,3500,0.95,False,0.6666666666666666,12,0.3333333333333333,2.6975758971171087;133.8010142558585,12,0.3333333333333333,False,False,False,False,5000.0,500.0
3,10.0,0,4,3500,0.95,False,1.0,0,0.0,3.281074593561827;2.868984727920479;4.022780412280699,0,0.0,False,False,False,False,5000.0,500.0
3,10.0,0,4,3500,0.95,False,1.0,4,0.1111111111111111,19.646075352515172;25.47874539439564;46.01437569980272,0,0.0,False,False,False,False,5000.0,500.0
3,10.0,0,4,3500,0.95,False,1.0,0,0.0,4.167279497557835;4.845270488347337;6.483306362168919,0,0.0,False,False,False,False,5000.0,500.0
3,10.0,0,4,3500,0.95,False,0.6666666666666666,12,0.3333333333333333,646.0050006975243;2.014863079067471,12,0.3333333333333333,False,False,False,False,5000.0,500.0
3,10.0,0,4,3500,0.95,False,1.0,0,0.0,1.735398379351015;2.034360754094287;4.004411409785229,1,0.027777777777777776,False,False,False,False,5000.0,500.0
3,10.0,0,4,3500,0.95,False,1.0,0,0.0,3.0944318550292254;3.907408992005815;4.128964628686093,0,0.0,False,False,False,False,5000.0,500.0
3,10.0,0,4,3500,0.95,False,1.0,0,0.0,3.259069428749658;1.5581215925559362;3.8121239506780498,0,0.0,False,False,False,False,5000.0,500.0
3,10.0,0,4,3500,0.95,False,1.0,0,0.0,6.424186495883929;2.7271493914312837;3.888260555533763,0,0.0,False,False,False,False,5000.0,500.0
3,10.0,0,4,3500,0.95,False,1.0,0,0.0,2.046537927327747;3.2409890232285625;1.0130029682440242,0,0.0,False,False,False,False,5000.0,500.0
3,10.0,0,4,3500,0.95,False,1.0,0,0.0,1.131445848540922;6.222875229793717;3.5029195333394907,0,0.0,False,False,False,False,5000.0,500.0
3,10.0,0,4,3500,0.95,False,1.0,2,0.05555555555555555,1.5362916009024004;84.02571296334658;87.14926363980693,0,0.0,False,False,False,False,5000.0,500.0
3,10.0,0,4,3500,0.95,False,1.0,0,0.0,1.0481459823627863;3.171869874941865;1.0070146714884165,3,0.08333333333333333,False,False,False,False,5000.0,500.0
3,10.0,0,4,3500,0.95,False,0.6666666666666666,12,0.3333333333333333,1207.5700496410109;2.492094530302663,12,0.3333333333333333,False,False,False,False,5000.0,500.0
3,10.0,0,4,3500,0.95,False,1.0,0,0.0,4.702939295111462;1.8920621615145237;1.0076494838538728,0,0.0,False,False,False,False,5000.0,500.0
3,10.0,0,4,3500,0.95,False,0.6666666666666666,14,0.3888888888888889,513.0964294658756;9.622351120553756,12,0.3333333333333333,False,False,False,False,5000.0,500.0
3,10.0,0,4,3500,0.95,False,0.6666666666666666,12,0.3333333333333333,1101.582095741621;5.392160458325897,12,0.3333333333333333,False,False,False,False,5000.0,500.0
3,10.0,0,4,3500,0.95,False,1.0,0,0.0,5.985724032142007;3.7864381402556417;3.1639502709182,1,0.027777777777777776,False,False,False,False,5000.0,500.0
3,10.0,0,4,3500,0.95,False,1.0,0,0.0,4.767744060673589;1.9733752356164513;2.380970501007465,0,0.0,False,False,False,False,5000.0,500.0
3,10.0,0,4,3500,0.95,False,1.0,2,0.05555555555555555,86.20171676118807;3.8751111064474855;90.36415504361217,0,0.0,False,False,False,False,5000.0,500.0
3,10.0,0,4,3500,0.95,False,1.0,0,0.0,6.643940094136258;7.620484090529786;3.1653421676101323,1,0.027777777777777776,False,False,False,False,5000.0,500.0
3,10.0,0,4,3500,0.95,False,1.0,0,0.0,4.589254507081333;3.1097562699585946;5.5255407239435055,0,0.0,False,False,False,False,5000.0,500.0
3,10.0,0,4,3500,0.95,False,1.0,0,0.0,8.212575472374807;4.362364355999085;1.1502835314903248,4,0.1111111111111111,False,False,False,False,5000.0,500.0
3,10.0,0,4,3500,0.95,False,1.0,8,0.2222222222222222,63.16438706508473;465.251024972934;483.5557729303373,3,0.08333333333333333,False,False,False,False,5000.0,500.0
3,10.0,0,4,3500,0.95,False,0.6666666666666666,14,0.3888888888888889,664.60466264076;65.49016700555586,12,0.3333333333333333,False,False,False,False,5000.0,500.0
3,10.0,0,4,3500,0.95,False,0.6666666666666666,12,0.3333333333333333,2324.085658493365;1.3720618346499502,12,0.3333333333333333,False,False,False,False,5000.0,500.0
3,10.0,0,4,3500,0.95,False,1.0,0,0.0,1.9905271369748188;3.754100050863652;7.662033060475602,0,0.0,False,False,False,False,5000.0,500.0
3,10.0,0,4,3500,0.95,False,1.0,0,0.0,2.1750904599479792;7.242386471449784;3.3287522227335624,0,0.0,False,False,False,False,5000.0,500.0
3,10.0,0,4,3500,0.95,False,1.0,0,0.0,3.3065951385177246;1.6546500589574593;6.4031493687571945,0,0.0,False,False,False,False,5000.0,500.0
3,10.0,0,4,3500,0.95,False,1.0,0,0.0,0.8357042884961845;0.3734808602392962;1.147217447955618,2,0.05555555555555555,False,False,False,False,5000.0,500.0
3,10.0,0,4,3500,0.95,False,1.0,0,0.0,3.98934118399657;1.4013663826248177;7.379381257315554,2,0.05555555555555555,False,False,False,False,5000.0,500.0
3,10.0,0,4,3500,0.95,False,1.0,0,0.0,6.686106147605886;3.2096034905011126;4.633307001292941,0,0.0,False,False,False,False,5000.0,500.0
3,10.0,0,4,3500,0.95,False,1.0,0,0.0,4.465582410511211;8.319052982943674;1.7068420354228917,0,0.0,False,False,False,False,5000.0,500.0
3,10.0,0,4,3500,0.95,False,1.0,0,0.0,2.509358279464164;2.6422933733371967;1.3053133075194583,2,0.05555555555555555,False,False,False,False,5000.0,500.0
3,10.0,0,4,3500,0.95,False,1.0,0,0.0,2.99550831451994;3.392626845458898;4.004885550982866,0,0.0,False,False,False,False,5000.0,500.0
3,10.0,0,4,3500,0.95,False,1.0,0,0.0,1.8659452480905034;2.184915875967946;3.78537656257941,0,0.0,False,False,False,False,5000.0,500.0
3,10.0,0,4,3500,0.95,False,1.0,1,0.027777777777777776,59.72486040209603;1.5263224262570154;4.295610667990547,3,0.08333333333333333,False,False,False,False,5000.0,500.0
3,10.0,0,4,3500,0.95,False,1.0,2,0.05555555555555555,0.7790301727311587;409.95124825276173;410.05220148500285,1,0.027777777777777776,False,False,False,False,5000.0,500.0
3,10.0,0,4,3500,0.95,False,1.0,0,0.0,1.7797261925589993;6.898897806637335;1.5550177070777362,0,0.0,False,False,False,False,5000.0,500.0
3,10.0,0,4,3500,0.95,False,1.0,2,0.05555555555555555,63.22941723608592;63.47727811301386;1.0166452251546325,0,0.0,False,False,False,False,5000.0,500.0
3,10.0,0,4,3500,0.95,False,1.0,0,0.0,0.81677397031345;5.884926404100655;2.999388906028057,0,0.0,False,False,False,False,5000.0,500.0
3,10.0,0,4,3500,0.95,False,1.0,0,0.0,4.387147207515626;2.0593614550354604;1.2974416417740933,0,0.0,False,False,False,False,5000.0,500.0
3,10.0,0,4,3500,0.95,False,0.6666666666666666,12,0.3333333333333333,1135.074313502021;1.7737315024972735,12,0.3333333333333333,False,False,False,False,5000.0,500.0
3,10.0,0,4,3500,0.95,False,1.0,2,0.05555555555555555,217.64539290146126;223.10094616586406;1.4014975363537676,0,0.0,False,False,False,False,5000.0,500.0
3,10.0,0,4,3500,0.95,False,1.0,2,0.05555555555555555,190.35048698379885;182.10506615116768;2.4285399428192136,0,0.0,False,False,False,False,5000.0,500.0
3,10.0,0,4,3500,0.95,False,1.0,0,0.0,4.315278508124807;4.461432889495395;7.664384971842948,0,0.0,False,False,False,False,5000.0,500.0
3,10.0,0,4,3500,0.95,False,1.0,4,0.1111111111111111,220.5829405428868;206.55782982588832;11.420711678822235,0,0.0,False,False,False,False,5000.0,500.0
3,10.0,0,4,3500,0.95,False,0.6666666666666666,15,0.4166666666666667,544.3681629453723;48.97586620476861,12,0.3333333333333333,False,False,False,False,5000.0,500.0
3,10.0,0,4,3500,0.95,False,1.0,0,0.0,2.5127556696930773;2.884100830070177;3.5405082793212945,2,0.05555555555555555,False,False,False,False,5000.0,500.0
3,10.0,0,4,3500,0.95,False,1.0,0,0.0,3.8065964887311536;0.680021096572054;2.562249513922242,0,0.0,False,False,False,False,5000.0,500.0
3,10.0,0,4,3500,0.95,False,1.0,0,0.0,2.371467905959876;2.4557331703422225;2.6564685357546933,0,0.0,False,False,False,False,5000.0,500.0
3,10.0,0,4,3500,0.95,False,1.0,0,0.0,3.1700576785608066;2.85426198725647;1.0212860993799973,2,0.05555555555555555,False,False,False,False,5000.0,500.0
3,10.0,0,4,3500,0.95,False,0.6666666666666666,12,0.3333333333333333,2.422440556521862;106.62211562579532,12,0.3333333333333333,False,False,False,False,5000.0,500.0
3,10.0,0,4,3500,0.95,False,0.6666666666666666,12,0.3333333333333333,1.7451447676754963;727.9271375760775,12,0.3333333333333333,False,False,False,False,5000.0,500.0
3,10.0,0,4,3500,0.95,False,1.0,0,0.0,2.720887379630788;3.6276898681981433;5.404294621048029,0,0.0,False,False,False,False,5000.0,500.0
3,10.0,0,4,3500,0.95,False,1.0,0,0.0,2.33084641848394;4.824114134373914;2.129563070672341,7,0.19444444444444445,False,False,False,False,5000.0,500.0
3,10.0,0,4,3500,0.95,False,1.0,6,0.16666666666666666,15.10363093696212;454.50487000367275;467.2920642000353,0,0.0,False,False,False,False,5000.0,500.0
3,10.0,0,4,3500,0.95,False,1.0,2,0.05555555555555555,10.42552326834373;2.913016940974437;8.645425289212334,0,0.0,False,False,False,False,5000.0,500.0
3,10.0,0,4,3500,0.95,False,1.0,0,0.0,3.6451758784031933;3.2353730267786323;5.42159786412082,3,0.08333333333333333,False,False,False,False,5000.0,500.0
3,10.0,0,4,3500,0.95,False,1.0,2,0.05555555555555555,2.0465201657308887;16.08615162321286;20.863039970418512,0,0.0,False,False,False,False,5000.0,500.0
3,10.0,0,4,3500,0.95,False,0.6666666666666666,12,0.3333333333333333,977.1300858087778;2.520916337656244,12,0.3333333333333333,False,False,False,False,5000.0,500.0
3,10.0,0,4,3500,0.95,False,1.0,0,0.0,3.1073095472004924;2.507266924822427;3.4693284371909234,0,0.0,False,False,False,False,5000.0,500.0
3,10.0,0,4,3500,0.95,False,1.0,0,0.0,1.757744724492615;2.9316960342175054;0.736457709219635,4,0.1111111111111111,False,False,False,False,5000.0,500.0
3,10.0,0,4,3500,0.95,False,1.0,0,0.0,6.159835622558329;1.8664427195127413;2.049943340391472,0,0.0,False,False,False,False,5000.0,500.0
3,10.0,0,4,3500,0.95,False,1.0,0,0.0,4.187959356699596;8.926785051511153;5.993686256631658,5,0.1388888888888889,False,False,False,False,5000.0,500.0
3,10.0,0,4,3500,0.95,False,1.0,0,0.0,0.6320341982388868;0.5515725068016277;4.997429711699513,2,0.05555555555555555,False,False,False,False,5000.0,500.0
3,10.0,0,4,3500,0.95,False,1.0,0,0.0,1.93252662585173;1.9578497047885026;2.296648842735037,2,0.05555555555555555,False,False,False,False,5000.0,500.0
4,10.0,0,4,3500,0.95,False,0.75,13,0.2708333333333333,106.16016039100467;3701.798435689762;3.156180879917238,13,0.2708333333333333,False,False,False,False,5000.0,500.0
4,10.0,0,4,3500,0.95,False,0.75,13,0.2708333333333333,122.04557003959768;2.730928852144126;4622.388478041469,13,0.2708333333333333,False,False,False,False,5000.0,500.0
4,10.0,0,4,3500,0.95,False,0.75,12,0.25,3.206519944492249;2.1819039169770065;2196.7597385666822,12,0.25,False,False,False,False,5000.0,500.0
4,10.0,0,4,3500,0.95,False,0.75,13,0.2708333333333333,2.538568540061784;1857.8977825711463;0.32703546161652985,15,0.3125,False,False,False,False,5000.0,500.0
4,10.0,0,4,3500,0.95,False,1.0,0,0.0,4.3785943067538;4.5475255458176935;3.7382845519069776;5.573374689038266,5,0.10416666666666667,False,False,False,False,5000.0,500.0
4,10.0,0,4,3500,0.95,False,0.5,26,0.5416666666666666,1234.2702263843532;415.0730216152504,24,0.5,False,False,False,False,5000.0,500.0
4,10.0,0,4,3500,0.95,False,0.75,12,0.25,94.98900324193619;5.076092311877172;474.04558613222713,14,0.2916666666666667,False,False,False,False,5000.0,500.0
4,10.0,0,4,3500,0.95,False,0.75,14,0.2916666666666667,47.45142878987986;54.20618386105087;1618.677631847962,12,0.25,False,False,False,False,5000.0,500.0
4,10.0,0,4,3500,0.95,False,1.0,2,0.041666666666666664,3.9533864949521536;228.33223203511142;6.303472054366293;1.7133837590034189,8,0.16666666666666666,False,False,False,False,5000.0,500.0
4,10.0,0,4,3500,0.95,False,0.75,19,0.3958333333333333,1080.0965230800578;16.098556850264494;348.5845357773664,13,0.2708333333333333,False,False,False,False,5000.0,500.0
4,10.0,0,4,3500,0.95,False,0.5,26,0.5416666666666666,1248.963826839078;980.318111054786,24,0.5,False,False,False,False,5000.0,500.0
4,10.0,0,4,3500,0.95,False,0.75,13,0.2708333333333333,236.9673410997278;75.14841421932098;574.2087216655993,15,0.3125,False,False,False,False,5000.0,500.0
4,10.0,0,4,3500,0.95,False,0.5,24,0.5,637.0458138867044;1300.0987330168196,25,0.5208333333333334,False,False,False,False,5000.0,500.0
4,10.0,0,4,3500,0.95,False,0.75,13,0.2708333333333333,21.602161456644126;74.8583160387552;2.544413410667585,13,0.2708333333333333,False,False,False,False,5000.0,500.0
4,10.0,0,4,3500,0.95,False,1.0,2,0.041666666666666664,555.996279755606;1.5892915625034323;1.6553569165915702;556.0542412289062,0,0.0,False,False,False,False,5000.0,500.0
4,10.0,0,4,3500,0.95,False,1.0,0,0.0,1.9863606440871608;3.2665788775376225;6.197565040079343;2.344122370651916,0,0.0,False,False,False,False,5000.0,500.0
4,10.0,0,4,3500,0.95,False,0.75,15,0.3125,1197.1987459956474;29.770465992178785;35.83308832731437,12,0.25,False,False,False,False,5000.0,500.0
4,10.0,0,4,3500,0.95,False,1.0,0,0.0,1.5938311590574181;6.508972227578185;1.2567634374698775;6.133462600938071,3,0.0625,False,False,False,False,5000.0,500.0
4,10.0,0,4,3500,0.95,False,0.75,19,0.3958333333333333,346.15129922061567;621.0441727815191;2.953191042800108,12,0.25,False,False,False,False,5000.0,500.0
4,10.0,0,4,3500,0.95,False,1.0,2,0.041666666666666664,4.028452671408883;4.3087987248987085;2.1449841412329302;4.85830534252235,2,0.041666666666666664,False,False,False,False,5000.0,500.0
4,10.0,0,4,3500,0.95,False,0.75,12,0.25,529.2522753509965;2.3813063972395665;2.2812811630529484,13,0.2708333333333333,False,False,False,False,5000.0,500.0
4,10.0,0,4,3500,0.95,False,0.5,25,0.5208333333333334,1190.3059740082892;969.3546323327879,24,0.5,False,False,False,False,5000.0,500.0
4,10.0,0,4,3500,0.95,False,0.75,14,0.2916666666666667,2.7732909601146463;1371.9346224556582;68.64769993110644,13,0.2708333333333333,False,False,False,False,5000.0,500.0
4,10.0,0,4,3500,0.95,False,0.75,13,0.2708333333333333,258.3285457137899;6.581207072398237;1.7870643380440185,13,0.2708333333333333,False,False,False,False,5000.0,500.0
4,10.0,0,4,3500,0.95,False,0.75,13,0.2708333333333333,4.133751019425569;1004.357685172264;77.71638612601345,14,0.2916666666666667,False,False,False,False,5000.0,500.0
4,10.0,0,4,3500,0.95,False,0.5,24,0.5,4120.645305281026;74.43174642071361,24,0.5,False,False,False,False,5000.0,500.0
4,10.0,0,4,3500,0.95,False,1.0,2,0.041666666666666664,2.3246548255423565;5.9174049453192925;84.47981284294538;88.41296815473594,2,0.041666666666666664,False,False,False,False,5000.0,500.0
4,10.0,0,4,3500,0.95,False,0.5,25,0.5208333333333334,679.6133557042771;3028.1331779048787,24,0.5,False,False,False,False,5000.0,500.0
4,10.0,0,4,3500,0.95,False,0.5,25,0.5208333333333334,223.42269502055052;2553.230289383962,24,0.5,False,False,False,False,5000.0,500.0
4,10.0,0,4,3500,0.95,False,0.5,26,0.5416666666666666,2053.159690452994;2804.02150624356,24,0.5,False,False,False,False,5000.0,500.0
4,10.0,0,4,3500,0.95,False,0.5,24,0.5,1.0079947376034621;1253.4087265620537,24,0.5,False,False,False,False,5000.0,500.0
4,10.0,0,4,3500,0.95,False,0.75,14,0.2916666666666667,175.88022276403976;551.5192252447225;2.648284849984484,12,0.25,False,False,False,False,5000.0,500.0
4,10.0,0,4,3500,0.95,False,0.75,12,0.25,1066.5276767479222;2.5482925335617814;1.2022177227270263,12,0.25,False,False,False,False,5000.0,500.0
4,10.0,0,4,3500,0.95,False,1.0,5,0.10416666666666667,125.2762246091004;4.293555326685564;451.53066268830156;18.71568726875368,11,0.22916666666666666,False,False,False,False,5000.0,500.0
4,10.0,0,4,3500,0.95,False,0.5,25,0.5208333333333334,197.25008894065095;2992.671616634389,24,0.5,False,False,False,False,5000.0,500.0
4,10.0,0,4,3500,0.95,False,1.0,6,0.125,71.96681126749748;78.07525002232819;857.1775248684464;857.7847514566133,0,0.0,False,False,False,False,5000.0,500.0
4,10.0,0,4,3500,0.95,False,1.0,2,0.041666666666666664,9.423140006987081;18.252181850195345;23.317043818279508;4.19756114066357,0,0.0,False,False,False,False,5000.0,500.0
4,10.0,0,4,3500,0.95,False,1.0,0,0.0,8.70587032169781;6.357073689239324;5.3552992465426925;1.175663866810123,3,0.0625,False,False,False,False,5000.0,500.0
4,10.0,0,4,3500,0.95,False,0.75,14,0.2916666666666667,390.62262801934287;370.74582095287656;533.3581563618791,14,0.2916666666666667,False,False,False,False,5000.0,500.0
4,10.0,0,4,3500,0.95,False,0.75,17,0.3541666666666667,440.9246813561129;332.03897844517473;2477.6180709138116,14,0.2916666666666667,False,False,False,False,5000.0,500.0
4,10.0,0,4,3500,0.95,False,0.75,12,0.25,1344.0413538028008;2.226405020505386;4.055524657110792,14,0.2916666666666667,False,False,False,False,5000.0,500.0
4,10.0,0,4,3500,0.95,False,1.0,2,0.041666666666666664,236.12961321168905;2.880349017349517;236.20624263333534;4.4028478000741424,5,0.10416666666666667,False,False,False,False,5000.0,500.0
4,10.0,0,4,3500,0.95,False,0.75,11,0.22916666666666666,583.2646861796567;45.920358697312686;1508.551612503496,16,0.3333333333333333,False,False,False,False,5000.0,500.0
4,10.0,0,4,3500,0.95,False,1.0,0,0.0,11.15060838144812;3.2417631376724723;3.093222320397305;1.826597711116986,1,0.020833333333333332,False,False,False,False,5000.0,500.0
4,10.0,0,4,3500,0.95,False,1.0,0,0.0,3.3698894395947527;0.4331970160520333;3.165690958164568;3.1361584041475843,1,0.020833333333333332,False,False,False,False,5000.0,500.0
4,10.0,0,4,3500,0.95,False,0.75,14,0.2916666666666667,1.3195674262562602;433.9837817738559;43.36172775921213,15,0.3125,False,False,False,False,5000.0,500.0
4,10.0,0,4,3500,0.95,False,0.75,12,0.25,171.3188599581899;6.3053692235447825;1.0989141490708394,12,0.25,False,False,False,False,5000.0,500.0
4,10.0,0,4,3500,0.95,False,0.75,8,0.16666666666666666,3819.7246654027954;11.46837051626766;2.1310075764594387,20,0.4166666666666667,False,False,False,False,5000.0,500.0
4,10.0,0,4,3500,0.95,False,0.5,24,0.5,1939.8760997296222;1317.7391510300706,24,0.5,False,False,False,False,5000.0,500.0
4,10.0,0,4,3500,0.95,False,0.75,12,0.25,421.5798970357495;4.196597818262747;7.452167589172591,12,0.25,False,False,False,False,5000.0,500.0
4,10.0,0,4,3500,0.95,False,1.0,0,0.0,2.7391145664752545;0.7189257811233392;1.6905201824623524;4.680342955969792,4,0.08333333333333333,False,False,False,False,5000.0,500.0
4,10.0,0,4,3500,0.95,False,0.75,13,0.2708333333333333,0.7554121487446794;1.5919712500437777;1775.163059868219,12,0.25,False,False,False,False,5000.0,500.0
4,10.0,0,4,3500,0.95,False,0.75,14,0.2916666666666667,7.603640970174332;3831.851544747291;3.816799432352788,16,0.3333333333333333,False,False,False,False,5000.0,500.0
4,10.0,0,4,3500,0.95,False,0.75,13,0.2708333333333333,238.35312284574127;3.8010204708303212;402.71392085446377,15,0.3125,False,False,False,False,5000.0,500.0
4,10.0,0,4,3500,0.95,False,0.5,28,0.5833333333333334,1940.365120988377;2966.873358949274,24,0.5,False,False,False,False,5000.0,500.0
4,10.0,0,4,3500,0.95,False,0.5,24,0.5,133.15149025193082;3793.978121348636,24,0.5,False,False,False,False,5000.0,500.0
4,10.0,0,4,3500,0.95,False,0.75,12,0.25,1871.8581501122121;4.742926758134097;5.229899187274238,12,0.25,False,False,False,False,5000.0,500.0
4,10.0,0,4,3500,0.95,False,0.75,17,0.3541666666666667,1517.9930702602173;418.51708439247597;68.97917383631457,12,0.25,False,False,False,False,5000.0,500.0
4,10.0,0,4,3500,0.95,False,0.5,25,0.5208333333333334,1055.1322193093536;2344.6501544106036,24,0.5,False,False,False,False,5000.0,500.0
4,10.0,0,4,3500,0.95,False,0.75,14,0.2916666666666667,1185.6442799284764;544.3277810530287;0.7281179226820427,15,0.3125,False,False,False,False,5000.0,500.0
4,10.0,0,4,3500,0.95,False,0.5,25,0.5208333333333334,1119.6708175474805;1431.9018108863113,24,0.5,False,False,False,False,5000.0,500.0
4,10.0,0,4,3500,0.95,False,1.0,1,0.020833333333333332,2.3623670394128;28.44529417355102;3.654096340842911;5.794254978964938,7,0.14583333333333334,False,False,False,False,5000.0,500.0
4,10.0,0,4,3500,0.95,False,0.75,14,0.2916666666666667,68.0597767705963;246.34592962064204;3.2623659587474476,16,0.3333333333333333,False,False,False,False,5000.0,500.0
4,10.0,0,4,3500,0.95,False,0.75,13,0.2708333333333333,2.719365923044119;1299.3715594965743;6.607618565101495,13,0.2708333333333333,False,False,False,False,5000.0,500.0
4,10.0,0,4,3500,0.95,False,0.75,13,0.2708333333333333,6.874751141476407;1.8587484403461574;660.3543598712046,13,0.2708333333333333,False,False,False,False,5000.0,500.0
4,10.0,0,4,3500,0.95,False,1.0,0,0.0,2.3820641372416187;3.120543170533804;3.9267572146973317;6.648123389838753,8,0.16666666666666666,False,False,False,False,5000.0,500.0
4,10.0,0,4,3500,0.95,False,1.0,1,0.020833333333333332,4.655826346867803;22.293945070517147;7.366083221208719;4.245279578798626,3,0.0625,False,False,False,False,5000.0,500.0
4,10.0,0,4,3500,0.95,False,1.0,1,0.020833333333333332,3.9169690449700427;4.614764741456299;427.2875101786398;8.010237980413624,6,0.125,False,False,False,False,5000.0,500.0
4,10.0,0,4,3500,0.95,False,0.5,25,0.5208333333333334,6676.320750404707;199.16565582225343,24,0.5,False,False,False,False,5000.0,500.0
4,10.0,0,4,3500,0.95,False,0.75,13,0.2708333333333333,153.61815926522033;2.7538251894551413;495.50111061001616,12,0.25,False,False,False,False,5000.0,500.0
4,10.0,0,4,3500,0.95,False,1.0,0,0.0,2.2284930699488603;6.5297970317330565;2.105330721908339;3.085289827392453,0,0.0,False,False,False,False,5000.0,500.0
4,10.0,0,4,3500,0.95,False,0.75,13,0.2708333333333333,2.0345032248515964;300.8408966859435;758.4757063017787,13,0.2708333333333333,False,False,False,False,5000.0,500.0
4,10.0,0,4,3500,0.95,False,0.75,12,0.25,1.705751732165437;1.9411042445576956;7.966885225799444,12,0.25,False,False,False,False,5000.0,500.0
4,10.0,0,4,3500,0.95,False,0.75,14,0.2916666666666667,1576.1294245805695;1.1804797509032643;93.27875880731656,12,0.25,False,False,False,False,5000.0,500.0
4,10.0,0,4,3500,0.95,False,1.0,3,0.0625,4.698318942767963;172.7831314390304;6.8745750702451085;4.620996630490618,8,0.16666666666666666,False,False,False,False,5000.0,500.0
4,10.0,0,4,3500,0.95,False,0.75,12,0.25,522.4489067600313;1.4851619621389387;4.618197237927232,12,0.25,False,False,False,False,5000.0,500.0
4,10.0,0,4,3500,0.95,False,1.0,0,0.0,2.390062831441584;5.835088377962084;4.828681585286788;9.713600265241316,4,0.08333333333333333,False,False,False,False,5000.0,500.0
4,10.0,0,4,3500,0.95,False,1.0,0,0.0,5.002990818754483;1.4018549676302767;4.547352845563823;5.195149264939984,3,0.0625,False,False,False,False,5000.0,500.0
4,10.0,0,4,3500,0.95,False,0.75,14,0.2916666666666667,6484.775166768891;2.0153191257354646;266.273535079836,15,0.3125,False,False,False,False,5000.0,500.0
4,10.0,0,4,3500,0.95,False,1.0,0,0.0,2.6688571420615568;5.413712634348685;3.2329589484498684;3.466091015398229,1,0.020833333333333332,False,False,False,False,5000.0,500.0
4,10.0,0,4,3500,0.95,False,0.5,26,0.5416666666666666,4510.726575047177;1505.1098595973904,24,0.5,False,False,False,False,5000.0,500.0
4,10.0,0,4,3500,0.95,False,1.0,0,0.0,2.902627530305038;4.428391973518092;5.14853719906834;6.8831254401820114,5,0.10416666666666667,False,False,False,False,5000.0,500.0
4,10.0,0,4,3500,0.95,False,0.75,10,0.20833333333333334,496.37755866581745;147.08423188280273;13.359496940055925,18,0.375,False,False,False,False,5000.0,500.0
4,10.0,0,4,3500,0.95,False,0.75,16,0.3333333333333333,97.34942757506725;59.533987669006954;1427.89346551251,15,0.3125,False,False,False,False,5000.0,500.0
4,10.0,0,4,3500,0.95,False,0.5,25,0.5208333333333334,239.65165113981615;279.24786368397355,24,0.5,False,False,False,False,5000.0,500.0
4,10.0,0,4,3500,0.95,False,0.75,13,0.2708333333333333,139.87013022977288;9.139626393321704;17.161038682415523,12,0.25,False,False,False,False,5000.0,500.0
4,10.0,0,4,3500,0.95,False,0.75,13,0.2708333333333333,386.9835024912788;124.74784595745018;177.7594047112758,13,0.2708333333333333,False,False,False,False,5000.0,500.0
4,10.0,0,4,3500,0.95,False,0.75,14,0.2916666666666667,35.08648035719807;9.189311768304389;36.92831622179097,12,0.25,False,False,False,False,5000.0,500.0
4,10.0,0,4,3500,0.95,False,0.75,15,0.3125,3.9348389601235163;56.59527438366155;2634.145370627132,14,0.2916666666666667,False,False,False,False,5000.0,500.0
4,10.0,0,4,3500,0.95,False,0.75,13,0.2708333333333333,4537.792428104336;23.895311234187716;3.1069078793560063,12,0.25,False,False,False,False,5000.0,500.0
4,10.0,0,4,3500,0.95,False,0.75,14,0.2916666666666667,307.9989742305456;6805.36989421125;580.219047173292,18,0.375,False,False,False,False,5000.0,500.0
4,10.0,0,4,3500,0.95,False,0.75,15,0.3125,302.60976368435576;1.0145892664201441;2608.1312122268423,14,0.2916666666666667,False,False,False,False,5000.0,500.0
4,10.0,0,4,3500,0.95,False,0.5,24,0.5,1532.1550039897797;106.71754765160959,24,0.5,False,False,False,False,5000.0,500.0
4,10.0,0,4,3500,0.95,False,1.0,0,0.0,4.820831876084387;3.532441082988464;5.3748344958305045;4.270586604659486,7,0.14583333333333334,False,False,False,False,5000.0,500.0
4,10.0,0,4,3500,0.95,False,0.5,27,0.5625,775.0037671757485;814.2934636061115,24,0.5,False,False,False,False,5000.0,500.0
4,10.0,0,4,3500,0.95,False,1.0,4,0.08333333333333333,180.48029846608722;16.141018444605788;14.477421107728057;191.06039124155808,0,0.0,False,False,False,False,5000.0,500.0
4,10.0,0,4,3500,0.95,False,0.75,14,0.2916666666666667,34.15782764544194;178.6139498365477;282.3718519402565,12,0.25,False,False,False,False,5000.0,500.0
4,10.0,0,4,3500,0.95,False,0.5,29,0.6041666666666666,3964.296465681329;1445.8726517034295,24,0.5,False,False,False,False,5000.0,500.0
4,10.0,0,4,3500,0.95,False,1.0,0,0.0,4.0911506369685595;4.4138185370324114;3.4293109542053255;2.5896958364963063,0,0.0,False,False,False,False,5000.0,500.0
4,10.0,0,4,3500,0.95,False,0.5,26,0.5416666666666666,851.4168456866413;1971.918327145226,24,0.5,False,False,False,False,5000.0,500.0
4,10.0,0,4,3500,0.95,False,1.0,5,0.10416666666666667,781.2400313863102;691.4649798243233;2.3742622642561106;6.773507692449018,6,0.125,False,False,False,False,5000.0,500.0
4,10.0,0,4,3500,0.95,False,1.0,3,0.0625,90.90147961975828;4.640217852461589;109.08938233800667;4.752107873700714,4,0.08333333333333333,False,False,False,False,5000.0,500.0
4,10.0,0,4,3500,0.95,False,0.75,13,0.2708333333333333,2823.9084240071847;84.63972389222468;84.79190016100023,13,0.2708333333333333,False,False,False,False,5000.0,500.0
4,10.0,0,4,3500,0.95,False,0.75,12,0.25,0.5098857159684661;4868.062394010608;1.3996985756964189,12,0.25,False,False,False,False,5000.0,500.0
4,10.0,0,4,3500,0.95,False,0.5,24,0.5,585.0711064067634;1387.759530259722,24,0.5,False,False,False,False,5000.0,500.0
4,10.0,0,4,3500,0.95,False,0.75,13,0.2708333333333333,1437.2584529305987;543.5206904619778;3.2938481154935184,13,0.2708333333333333,False,False,False,False,5000.0,500.0
4,10.0,0,4,3500,0.95,False,0.75,12,0.25,7081.701390803183;5.258059808845598;1.021904470100539,15,0.3125,False,False,False,False,5000.0,500.0
4,10.0,0,4,3500,0.95,False,1.0,1,0.020833333333333332,5.833395436370675;307.89205407885504;1.966044499606721;11.571906923052131,4,0.08333333333333333,False,False,False,False,5000.0,500.0
4,10.0,0,4,3500,0.95,False,1.0,1,0.020833333333333332,294.81157870875467;4.384047526140475;4.2534849435777;8.584344292608511,8,0.16666666666666666,False,False,False,False,5000.0,500.0
4,10.0,0,4,3500,0.95,False,0.75,13,0.2708333333333333,945.5997531413759;181.9436011980923;3.54593497849324,13,0.2708333333333333,False,False,False,False,5000.0,500.0
4,10.0,0,4,3500,0.95,False,1.0,7,0.14583333333333334,131.64174241802795;150.73350597593011;81.35916319293848;5.038232190105673,3,0.0625,False,False,False,False,5000.0,500.0
4,10.0,0,4,3500,0.95,False,0.75,12,0.25,1047.9294106830787;2.509206263776977;6.201834557593842,13,0.2708333333333333,False,False,False,False,5000.0,500.0
4,10.0,0,4,3500,0.95,False,0.75,17,0.3541666666666667,76.81181581542056;2872.611634215154;4170.33495578165,14,0.2916666666666667,False,False,False,False,5000.0,500.0
4,10.0,0,4,3500,0.95,False,0.75,16,0.3333333333333333,979.2590262478686;755.8701138759393;393.8209396615468,13,0.2708333333333333,False,False,False,False,5000.0,500.0
4,10.0,0,4,3500,0.95,False,0.75,12,0.25,3.236620725889134;4.253654442732307;3578.195543069396,15,0.3125,False,False,False,False,5000.0,500.0
4,10.0,0,4,3500,0.95,False,0.75,13,0.2708333333333333,714.1716904033619;2.2669708869723992;8.496216652325332,13,0.2708333333333333,False,False,False,False,5000.0,500.0
4,10.0,0,4,3500,0.95,False,0.75,12,0.25,3555.4401685013645;5.614239126552914;2.434939551720145,15,0.3125,False,False,False,False,5000.0,500.0
4,10.0,0,4,3500,0.95,False,0.5,25,0.5208333333333334,3588.3699452861338;3018.9695307679735,24,0.5,False,False,False,False,5000.0,500.0
4,10.0,0,4,3500,0.95,False,0.75,16,0.3333333333333333,112.63453322061864;314.3806825431966;1.1168725889648274,12,0.25,False,False,False,False,5000.0,500.0
4,10.0,0,4,3500,0.95,False,1.0,3,0.0625,328.68834383210344;19.232566422534262;1.2786822512388043;24.15203895452779,6,0.125,False,False,False,False,5000.0,500.0
4,10.0,0,4,3500,0.95,False,0.5,25,0.5208333333333334,1172.7259409511114;2901.2773071621946,24,0.5,False,False,False,False,5000.0,500.0
4,10.0,0,4,3500,0.95,False,0.75,12,0.25,7.1117601503880845;4.030097597679019;9.031923031773069,15,0.3125,False,False,False,False,5000.0,500.0
4,10.0,0,4,3500,0.95,False,1.0,0,0.0,2.484773717863855;0.9223211062680247;2.754081596794095;0.9295399406514924,1,0.020833333333333332,False,False,False,False,5000.0,500.0
4,10.0,0,4,3500,0.95,False,0.5,25,0.5208333333333334,2245.0677078592666;2317.4370201516454,24,0.5,False,False,False,False,5000.0,500.0
4,10.0,0,4,3500,0.95,False,1.0,1,0.020833333333333332,4.534265190221331;0.7745746169921972;129.86454459251473;9.647124157176513,3,0.0625,False,False,False,False,5000.0,500.0
4,10.0,0,4,3500,0.95,False,0.75,15,0.3125,4.0859642031124235;4.504237643537089;163.1097570537581,12,0.25,False,False,False,False,5000.0,500.0
4,10.0,0,4,3500,0.95,False,0.5,24,0.5,10435.440382185121;349.9896307752967,24,0.5,False,False,False,False,5000.0,500.0
4,10.0,0,4,3500,0.95,False,0.75,13,0.2708333333333333,91.40167068537261;91.34875470721249;1.4790453502984715,13,0.2708333333333333,False,False,False,False,5000.0,500.0
4,10.0,0,4,3500,0.95,False,1.0,0,0.0,0.20180577650999038;2.4897131370978234;2.259069958188134;4.624540965259852,2,0.041666666666666664,False,False,False,False,5000.0,500.0
4,10.0,0,4,3500,0.95,False,0.5,24,0.5,596.5181756755151;4216.699206942426,24,0.5,False,False,False,False,5000.0,500.0
4,10.0,0,4,3500,0.95,False,0.75,12,0.25,2232.985315597156;2.3489416114528563;6.742067324170861,12,0.25,False,False,False,False,5000.0,500.0
4,10.0,0,4,3500,0.95,False,0.75,18,0.375,1410.9084403154443;211.34900343602277;2.3590461002111653,12,0.25,False,False,False,False,5000.0,500.0
4,10.0,0,4,3500,0.95,False,0.75,12,0.25,1773.3644523979478;3.177766291449231;6.50893678329964,12,0.25,False,False,False,False,5000.0,500.0
4,10.0,0,4,3500,0.95,False,0.75,14,0.2916666666666667,55.15306137527879;44.25304253692563;5.574694920625611,12,0.25,False,False,False,False,5000.0,500.0
4,10.0,0,4,3500,0.95,False,0.75,12,0.25,2397.892824952073;5.703932169824927;5.5718286952668095,12,0.25,False,False,False,False,5000.0,500.0
4,10.0,0,4,3500,0.95,False,0.5,24,0.5,2554.511070828527;3972.1859185304374,24,0.5,False,False,False,False,5000.0,500.0
4,10.0,0,4,3500,0.95,False,1.0,0,0.0,6.4283650809404715;1.0405588065151212;2.5487625825287914;3.753355128766951,2,0.041666666666666664,False,False,False,False,5000.0,500.0
4,10.0,0,4,3500,0.95,False,0.75,13,0.2708333333333333,1515.812153560529;5.159786872764307;186.0556320685079,13,0.2708333333333333,False,False,False,False,5000.0,500.0
4,10.0,0,4,3500,0.95,False,0.75,12,0.25,2.0031963580082883;6855.01903442864;2.698052711435692,12,0.25,False,False,False,False,5000.0,500.0
4,10.0,0,4,3500,0.95,False,0.75,12,0.25,232.32898517920444;1.8216172932635566;1.104659035170203,12,0.25,False,False,False,False,5000.0,500.0
4,10.0,0,4,3500,0.95,False,0.75,18,0.375,1218.615008898128;765.7358822347613;2.0992976787488113,12,0.25,False,False,False,False,5000.0,500.0
4,10.0,0,4,3500,0.95,False,0.5,24,0.5,667.8333311708167;372.4184338468428,24,0.5,False,False,False,False,5000.0,500.0
4,10.0,0,4,3500,0.95,False,0.5,24,0.5,2.0675791215608763;1454.775715703844,24,0.5,False,False,False,False,5000.0,500.0
4,10.0,0,4,3500,0.95,False,0.75,12,0.25,304.35601437098285;2.5103631761123935;1.4583486058888158,13,0.2708333333333333,False,False,False,False,5000.0,500.0
4,10.0,0,4,3500,0.95,False,0.75,13,0.2708333333333333,8.257214588261231;2058.397607494238;9.739572222251272,13,0.2708333333333333,False,False,False,False,5000.0,500.0
4,10.0,0,4,3500,0.95,False,1.0,2,0.041666666666666664,4.537284701590332;5.708197409296663;6.530613581055743;2.8927816178219636,5,0.10416666666666667,False,False,False,False,5000.0,500.0
4,10.0,0,4,3500,0.95,False,0.75,17,0.3541666666666667,5.602259773275371;449.90947136043854;83.3099847429296,12,0.25,False,False,False,False,5000.0,500.0
4,10.0,0,4,3500,0.95,False,0.75,14,0.2916666666666667,320.7761790168087;4.621352697427651;851.8997963093402,14,0.2916666666666667,False,False,False,False,5000.0,500.0
4,10.0,0,4,3500,0.95,False,0.5,24,0.5,1873.3313691132514;2127.324353507013,24,0.5,False,False,False,False,5000.0,500.0
4,10.0,0,4,3500,0.95,False,1.0,2,0.041666666666666664,121.31340846728725;238.04922156687363;2.1878760208331287;7.218701470807097,9,0.1875,False,False,False,False,5000.0,500.0
5,10.0,0,4,3500,0.95,False,0.6,28,0.4666666666666667,694.4153205238962;1260.5410399515415;5141.993623064922,25,0.4166666666666667,False,False,False,False,5000.0,500.0
5,10.0,0,4,3500,0.95,False,0.6,29,0.48333333333333334,2588.2652042408013;1294.8102713796645;1.2485524059016688,26,0.43333333333333335,False,False,False,False,5000.0,500.0
5,10.0,0,4,3500,0.95,False,0.6,27,0.45,2588.759407594759;1139.9647216930023;7.352658188218153,24,0.4,False,False,False,False,5000.0,500.0
5,10.0,0,4,3500,0.95,False,0.6,22,0.36666666666666664,3207.731348618073;599.8896987066856;2.4211580807329036,29,0.48333333333333334,False,False,False,False,5000.0,500.0
5,10.0,0,4,3500,0.95,False,0.6,24,0.4,548.3698745910884;8.193056495823921;6182.204234811698,27,0.45,False,False,False,False,5000.0,500.0
5,10.0,0,4,3500,0.95,False,0.4,39,0.65,4892.462974839364;983.7398995865209,36,0.6,False,False,False,False,5000.0,500.0
5,10.0,0,4,3500,0.95,False,0.6,26,0.43333333333333335,5.189978316245173;1450.0192139077415;352.82434994283227,25,0.4166666666666667,False,False,False,False,5000.0,500.0
5,10.0,0,4,3500,0.95,False,0.4,36,0.6,1243.034374364403;42.128064039439494,36,0.6,False,False,False,False,5000.0,500.0
5,10.0,0,4,3500,0.95,False,0.6,26,0.43333333333333335,1820.1840805095612;3.204405808683002;932.9374491713485,27,0.45,False,False,False,False,5000.0,500.0
5,10.0,0,4,3500,0.95,False,0.6,24,0.4,116.69364833674831;3991.7674516976376;10.943811946563681,26,0.43333333333333335,False,False,False,False,5000.0,500.0
5,10.0,0,4,3500,0.95,False,0.4,37,0.6166666666666667,2889.9443103920144;49.68035255230464,36,0.6,False,False,False,False,5000.0,500.0
5,10.0,0,4,3500,0.95,False,0.4,37,0.6166666666666667,1317.1882311163201;5976.771014903426,36,0.6,False,False,False,False,5000.0,500.0
5,10.0,0,4,3500,0.95,False,0.6,20,0.3333333333333333,118.91222447822514;10.14950065709389;9.459846906366325,28,0.4666666666666667,False,False,False,False,5000.0,500.0
5,10.0,0,4,3500,0.95,False,0.6,24,0.4,194.98348392271612;2552.283823672201;2.675594230128448,24,0.4,False,False,False,False,5000.0,500.0
5,10.0,0,4,3500,0.95,False,0.6,25,0.4166666666666667,1649.4036428612246;311.80924537578727;2286.7556818504518,25,0.4166666666666667,False,False,False,False,5000.0,500.0
5,10.0,0,4,3500,0.95,False,0.4,38,0.6333333333333333,1300.4232637751038;1202.8546134713954,36,0.6,False,False,False,False,5000.0,500.0
5,10.0,0,4,3500,0.95,False,0.6,27,0.45,296.49294583304777;1204.9531993918565;11.95661001127644,25,0.4166666666666667,False,False,False,False,5000.0,500.0
5,10.0,0,4,3500,0.95,False,0.6,27,0.45,825.789174130666;473.11132846478324;1509.0887968590066,25,0.4166666666666667,False,False,False,False,5000.0,500.0
5,10.0,0,4,3500,0.95,False,0.6,32,0.5333333333333333,423.4475714996019;2464.5595720742576;4423.738550710178,27,0.45,False,False,False,False,5000.0,500.0
5,10.0,0,4,3500,0.95,False,0.4,38,0.6333333333333333,822.786246259144;1069.510286486909,36,0.6,False,False,False,False,5000.0,500.0
5,10.0,0,4,3500,0.95,False,0.6,28,0.4666666666666667,1983.259427702024;645.2799946465246;231.73702829072272,25,0.4166666666666667,False,False,False,False,5000.0,500.0
5,10.0,0,4,3500,0.95,False,0.6,19,0.31666666666666665,335.1042805678646;2820.5107529384973;8.384904973466826,30,0.5,False,False,False,False,5000.0,500.0
5,10.0,0,4,3500,0.95,False,0.6,26,0.43333333333333335,393.46434236590017;854.0759800929587;511.8164751955633,24,0.4,False,False,False,False,5000.0,500.0
5,10.0,0,4,3500,0.95,False,0.6,21,0.35,297.45957277412174;10.617093459392938;3221.304429609582,30,0.5,False,False,False,False,5000.0,500.0
5,10.0,0,4,3500,0.95,False,0.4,39,0.65,1070.4972101973797;4870.037195075067,36,0.6,False,False,False,False,5000.0,500.0
5,10.0,0,4,3500,0.95,False,0.6,27,0.45,336.5419162380627;1733.1859343374022;2027.7947679486324,27,0.45,False,False,False,False,5000.0,500.0
5,10.0,0,4,3500,0.95,False,0.6,23,0.38333333333333336,622.90408728601;2.5946430700776286;141.4413889891038,25,0.4166666666666667,False,False,False,False,5000.0,500.0
5,10.0,0,4,3500,0.95,False,0.6,27,0.45,66.22578828864523;5896.7729047308585;1099.349017274903,24,0.4,False,False,False,False,5000.0,500.0
5,10.0,0,4,3500,0.95,False,0.6,24,0.4,7.8500858585492335;2100.2077473360323;4.5673530913454305,25,0.4166666666666667,False,False,False,False,5000.0,500.0
5,10.0,0,4,3500,0.95,False,0.6,13,0.21666666666666667,160.379173513797;1067.4656336922299;0.5723795935593717,32,0.5333333333333333,False,False,False,False,5000.0,500.0
5,10.0,0,4,3500,0.95,False,0.6,26,0.43333333333333335,1167.0519211925116;1036.809701944878;1.5876022213142442,27,0.45,False,False,False,False,5000.0,500.0
5,10.0,0,4,3500,0.95,False,0.4,38,0.6333333333333333,4849.156736241223;220.8228279233223,36,0.6,False,False,False,False,5000.0,500.0
5,10.0,0,4,3500,0.95,False,0.6,31,0.5166666666666667,4644.066351683746;360.6861761582616;410.62121948099235,24,0.4,False,False,False,False,5000.0,500.0
5,10.0,0,4,3500,0.95,False,0.6,24,0.4,119.95722284722035;1457.1117534879718;3644.4210516715393,26,0.43333333333333335,False,False,False,False,5000.0,500.0
5,10.0,0,4,3500,0.95,False,0.4,36,0.6,2776.3874924421193;1162.4180227684856,36,0.6,False,False,False,False,5000.0,500.0
5,10.0,0,4,3500,0.95,False,0.6,26,0.43333333333333335,550.2929092543881;394.2120520382973;11.238341719136145,25,0.4166666666666667,False,False,False,False,5000.0,500.0
5,10.0,0,4,3500,0.95,False,0.4,36,0.6,3720.667747932618;1279.0070655664167,36,0.6,False,False,False,False,5000.0,500.0
5,10.0,0,4,3500,0.95,False,0.6,24,0.4,1996.8346184294244;5888.094557044574;2.6171445397343485,26,0.43333333333333335,False,False,False,False,5000.0,500.0
5,10.0,0,4,3500,0.95,False,0.4,37,0.6166666666666667,1899.5813763003553;901.0398717209409,36,0.6,False,False,False,False,5000.0,500.0
5,10.0,0,4,3500,0.95,False,0.6,21,0.35,3946.7478031707087;1324.6512419542437;3.877883519996048,27,0.45,False,False,False,False,5000.0,500.0
5,10.0,0,4,3500,0.95,False,0.6,24,0.4,2109.4218926665317;266.54740601348607;1.704569632915883,27,0.45,False,False,False,False,5000.0,500.0
5,10.0,0,4,3500,0.95,False,0.4,37,0.6166666666666667,193.74116382913903;2550.383586952124,36,0.6,False,False,False,False,5000.0,500.0
5,10.0,0,4,3500,0.95,False,0.6,27,0.45,1327.444847140985;1636.9677708952827;214.1616666055071,24,0.4,False,False,False,False,5000.0,500.0
5,10.0,0,4,3500,0.95,False,0.6,29,0.48333333333333334,3364.0048777889237;253.08119952311048;1490.5793116606917,24,0.4,False,False,False,False,5000.0,500.0
5,10.0,0,4,3500,0.95,False,0.6,25,0.4166666666666667,1432.2187297852367;2153.5408124922756;7.7827780807752385,26,0.43333333333333335,False,False,False,False,5000.0,500.0
5,10.0,0,4,3500,0.95,False,0.6,30,0.5,216.69298586399697;628.4820562751421;3530.113839021988,24,0.4,False,False,False,False,5000.0,500.0
5,10.0,0,4,3500,0.95,False,0.6,27,0.45,472.33724352566077;769.1803703473179;3974.295085106147,27,0.45,False,False,False,False,5000.0,500.0
5,10.0,0,4,3500,0.95,False,0.8,12,0.2,320.03713648256394;725.4796473779714;599.0404700887977;5.00328883326258,20,0.3333333333333333,False,False,False,False,5000.0,500.0
5,10.0,0,4,3500,0.95,False,0.4,37,0.6166666666666667,190.74769581098732;2576.627009097887,36,0.6,False,False,False,False,5000.0,500.0
5,10.0,0,4,3500,0.95,False,0.4,37,0.6166666666666667,2990.5616137973275;164.5999431330076,36,0.6,False,False,False,False,5000.0,500.0
5,10.0,0,4,3500,0.95,False,0.6,24,0.4,918.2460707428638;1918.4477710966587;1004.1963400943812,26,0.43333333333333335,False,False,False,False,5000.0,500.0
5,10.0,0,4,3500,0.95,False,0.6,24,0.4,0.5229848915095353;4324.98045123664;4.316051784676321,24,0.4,False,False,False,False,5000.0,500.0
5,10.0,0,4,3500,0.95,False,0.6,21,0.35,4.721317832147271;155.3387027245485;4347.296438977907,28,0.4666666666666667,False,False,False,False,5000.0,500.0
5,10.0,0,4,3500,0.95,False,0.6,19,0.31666666666666665,377.63811093066994;5.393628343238256;358.9214615043754,29,0.48333333333333334,False,False,False,False,5000.0,500.0
5,10.0,0,4,3500,0.95,False,0.4,36,0.6,1119.7346022395325;368.0331263096497,36,0.6,False,False,False,False,5000.0,500.0
5,10.0,0,4,3500,0.95,False,0.6,23,0.38333333333333336,698.0282646660328;2894.2178654150243;5.129042272971751,29,0.48333333333333334,False,False,False,False,5000.0,500.0
5,10.0,0,4,3500,0.95,False,0.4,37,0.6166666666666667,5265.45695456267;413.2956076240484,36,0.6,False,False,False,False,5000.0,500.0
5,10.0,0,4,3500,0.95,False,0.8,19,0.31666666666666665,437.0880514254114;309.19857025896783;261.17068332720504;45.244002808319316,13,0.21666666666666667,False,False,False,False,5000.0,500.0
5,10.0,0,4,3500,0.95,False,0.8,16,0.26666666666666666,496.0007750955811;4367.926770301986;142.11049501397991;142.93256923668878,13,0.21666666666666667,False,False,False,False,5000.0,500.0
5,10.0,0,4,3500,0.95,False,0.4,38,0.6333333333333333,842.5838349215315;4641.553889853784,36,0.6,False,False,False,False,5000.0,500.0
5,10.0,0,4,3500,0.95,False,0.8,11,0.18333333333333332,2.194022015499639;1207.8751018074863;4.762723185137706;274.93112675747454,19,0.31666666666666665,False,False,False,False,5000.0,500.0
5,10.0,0,4,3500,0.95,False,0.4,37,0.6166666666666667,1310.3067109815877;4081.800674405409,36,0.6,False,False,False,False,5000.0,500.0
5,10.0,0,4,3500,0.95,False,0.6,20,0.3333333333333333,2750.982029224776;1905.918759862994;6.646063304566155,31,0.5166666666666667,False,False,False,False,5000.0,500.0
5,10.0,0,4,3500,0.95,False,0.6,19,0.31666666666666665,99.9523104347184;115.49938950067845;3.7995796066940524,29,0.48333333333333334,False,False,False,False,5000.0,500.0
5,10.0,0,4,3500,0.95,False,0.4,39,0.65,640.3174920165765;3735.0502196071434,36,0.6,False,False,False,False,5000.0,500.0
5,10.0,0,4,3500,0.95,False,0.6,26,0.43333333333333335,2455.23990854286;635.7653468322438;6.570710509161451,25,0.4166666666666667,False,False,False,False,5000.0,500.0
5,10.0,0,4,3500,0.95,False,0.6,25,0.4166666666666667,3118.43757114478;1155.5222665309952;4.034090218895782,29,0.48333333333333334,False,False,False,False,5000.0,500.0
5,10.0,0,4,3500,0.95,False,0.6,24,0.4,1044.9850005550613;253.03345469810532;3.446348455625141,27,0.45,False,False,False,False,5000.0,500.0
5,10.0,0,4,3500,0.95,False,0.6,24,0.4,172.03221364407523;3748.524551574437;2.409809770932776,28,0.4666666666666667,False,False,False,False,5000.0,500.0
5,10.0,0,4,3500,0.95,False,0.4,36,0.6,502.1399691358368;1529.2758635863709,36,0.6,False,False,False,False,5000.0,500.0
5,10.0,0,4,3500,0.95,False,0.6,26,0.43333333333333335,4.4041036873255885;3121.426940171628;1227.7721318057365,24,0.4,False,False,False,False,5000.0,500.0
5,10.0,0,4,3500,0.95,False,0.6,20,0.3333333333333333,1301.5238703868245;1554.0349187996649;6.494264115538215,30,0.5,False,False,False,False,5000.0,500.0
5,10.0,0,4,3500,0.95,False,0.4,39,0.65,1374.821091164933;558.364550068804,36,0.6,False,False,False,False,5000.0,500.0
5,10.0,0,4,3500,0.95,False,0.8,13,0.21666666666666667,1301.215217973046;35.43194615878793;1.1131854400193844;147.50720866850165,16,0.26666666666666666,False,False,False,False,5000.0,500.0
5,10.0,0,4,3500,0.95,False,0.6,27,0.45,2126.9583906105427;41.78733528669118;2617.31347333522,24,0.4,False,False,False,False,5000.0,500.0
5,10.0,0,4,3500,0.95,False,0.6,19,0.31666666666666665,2997.2769361232063;858.8002353799104;2.211646395733752,31,0.5166666666666667,False,False,False,False,5000.0,500.0
5,10.0,0,4,3500,0.95,False,0.8,13,0.21666666666666667,190.60232037561386;206.58001222930397;3.613496056734122;3.0026121598366715,13,0.21666666666666667,False,False,False,False,5000.0,500.0
5,10.0,0,4,3500,0.95,False,0.6,25,0.4166666666666667,2163.4108638053926;2.546117648633399;781.4595707095626,27,0.45,False,False,False,False,5000.0,500.0
5,10.0,0,4,3500,0.95,False,0.6,14,0.23333333333333334,3.2118964244283057;1.2422513873166805;2265.5082060987174,30,0.5,False,False,False,False,5000.0,500.0
5,10.0,0,4,3500,0.95,False,0.6,29,0.48333333333333334,1788.6934011841272;33.060842464547;77.83890437537843,24,0.4,False,False,False,False,5000.0,500.0
5,10.0,0,4,3500,0.95,False,0.4,37,0.6166666666666667,361.19161139662157;1146.0864120789668,36,0.6,False,False,False,False,5000.0,500.0
5,10.0,0,4,3500,0.95,False,0.6,24,0.4,1355.5238081772134;100.4879595778451;2034.5263364865632,28,0.4666666666666667,False,False,False,False,5000.0,500.0
5,10.0,0,4,3500,0.95,False,0.4,38,0.6333333333333333,2617.901519705034;583.2340878507663,36,0.6,False,False,False,False,5000.0,500.0
5,10.0,0,4,3500,0.95,False,0.4,40,0.6666666666666666,1672.4195187896494;9220.000947649029,36,0.6,False,False,False,False,5000.0,500.0
5,10.0,0,4,3500,0.95,False,0.8,15,0.25,1742.0591589705723;216.25183754357303;11.343256922821332;681.7340737277244,14,0.23333333333333334,False,False,False,False,5000.0,500.0
5,10.0,0,4,3500,0.95,False,0.8,10,0.16666666666666666,306.7596382366159;717.0219957431001;44.951102614014;5.565613648744419,22,0.36666666666666664,False,False,False,False,5000.0,500.0
5,10.0,0,4,3500,0.95,False,0.8,17,0.2833333333333333,4.077054197335117;1649.9401393312621;275.66949826600427;1.1006707286560213,18,0.3,False,False,False,False,5000.0,500.0
5,10.0,0,4,3500,0.95,False,0.6,26,0.43333333333333335,1036.4912328059302;3.298705247754824;2006.808729408991,28,0.4666666666666667,False,False,False,False,5000.0,500.0
5,10.0,0,4,3500,0.95,False,0.6,27,0.45,801.3116865385084;1569.1168794049815;4.911217613962214,25,0.4166666666666667,False,False,False,False,5000.0,500.0
5,10.0,0,4,3500,0.95,False,0.6,25,0.4166666666666667,877.8687234849456;1461.833079216286;8.724455436690375,26,0.43333333333333335,False,False,False,False,5000.0,500.0
5,10.0,0,4,3500,0.95,False,0.6,29,0.48333333333333334,1336.5498855024102;653.9850570288511;3131.531009961448,25,0.4166666666666667,False,False,False,False,5000.0,500.0
5,10.0,0,4,3500,0.95,False,0.4,37,0.6166666666666667,497.28941963324473;761.1052719657919,36,0.6,False,False,False,False,5000.0,500.0
5,10.0,0,4,3500,0.95,False,0.4,37,0.6166666666666667,208.87390238368383;1273.9510761889705,36,0.6,False,False,False,False,5000.0,500.0
5,10.0,0,4,3500,0.95,False,0.6,25,0.4166666666666667,988.2129358109755;2104.608584617143;8.410374710496752,25,0.4166666666666667,False,False,False,False,5000.0,500.0
5,10.0,0,4,3500,0.95,False,0.6,24,0.4,1082.3571589852925;5.734392840585109;241.13595030825334,29,0.48333333333333334,False,False,False,False,5000.0,500.0
5,10.0,0,4,3500,0.95,False,0.6,24,0.4,2.7383968794765625;2345.6746295136386;419.26301762010513,24,0.4,False,False,False,False,5000.0,500.0
5,10.0,0,4,3500,0.95,False,0.6,19,0.31666666666666665,470.2763416703211;1070.5211314509797;552.5428979929344,30,0.5,False,False,False,False,5000.0,500.0
5,10.0,0,4,3500,0.95,False,0.6,27,0.45,3099.7583215428667;767.9240560955296;423.47417979828543,24,0.4,False,False,False,False,5000.0,500.0
5,10.0,0,4,3500,0.95,False,0.8,12,0.2,57.60636889996594;9.698608588615187;2994.8088380739264;12.364587186568212,15,0.25,False,False,False,False,5000.0,500.0
5,10.0,0,4,3500,0.95,False,0.6,28,0.4666666666666667,223.1975050875825;16.45572209332718;514.489269799291,25,0.4166666666666667,False,False,False,False,5000.0,500.0
5,10.0,0,4,3500,0.95,False,0.6,27,0.45,2916.713389523957;12.093320694256356;235.01778116939133,26,0.43333333333333335,False,False,False,False,5000.0,500.0
5,10.0,0,4,3500,0.95,False,0.4,38,0.6333333333333333,3057.449813360864;2489.258246934633,36,0.6,False,False,False,False,5000.0,500.0
5,10.0,0,4,3500,0.95,False,0.6,26,0.43333333333333335,1564.3150035054878;1753.5021468041255;637.766621250782,29,0.48333333333333334,False,False,False,False,5000.0,500.0
5,10.0,0,4,3500,0.95,False,0.8,12,0.2,0.902115454141113;5.3442148454565785;155.52148584036325;585.8359505449673,14,0.23333333333333334,False,False,False,False,5000.0,500.0
5,10.0,0,4,3500,0.95,False,0.6,24,0.4,588.4183275611774;3140.807112914502;1.902257512153638,28,0.4666666666666667,False,False,False,False,5000.0,500.0
5,10.0,0,4,3500,0.95,False,0.6,25,0.4166666666666667,2.385324921359783;2070.323606697901;2806.21213708589,24,0.4,False,False,False,False,5000.0,500.0
5,10.0,0,4,3500,0.95,False,0.6,25,0.4166666666666667,1941.1823177918548;10170.434760710694;415.08762802228574,26,0.43333333333333335,False,False,False,False,5000.0,500.0
5,10.0,0,4,3500,0.95,False,0.8,14,0.23333333333333334,1408.9224749875928;25.66383485272864;2326.9921227275045;5.289291497938072,17,0.2833333333333333,False,False,False,False,5000.0,500.0
5,10.0,0,4,3500,0.95,False,0.6,26,0.43333333333333335,3.0919452050980003;1782.4222345996238;630.1139477010294,24,0.4,False,False,False,False,5000.0,500.0
5,10.0,0,4,3500,0.95,False,0.8,16,0.26666666666666666,324.75677693906687;741.5822206913131;2701.462978240182;102.12110728741872,21,0.35,False,False,False,False,5000.0,500.0
5,10.0,0,4,3500,0.95,False,0.8,10,0.16666666666666666,825.7441638610402;121.15522499628362;299.88876810072014;1122.2586331587481,23,0.38333333333333336,False,False,False,False,5000.0,500.0
5,10.0,0,4,3500,0.95,False,0.4,37,0.6166666666666667,536.6301162123739;566.1757372198684,36,0.6,False,False,False,False,5000.0,500.0
5,10.0,0,4,3500,0.95,False,0.6,24,0.4,0.3853429057684962;284.65044119631125;6021.220872211031,24,0.4,False,False,False,False,5000.0,500.0
5,10.0,0,4,3500,0.95,False,0.6,18,0.3,1512.2630559943416;1100.7615081956824;2.1284096468607334,30,0.5,False,False,False,False,5000.0,500.0
5,10.0,0,4,3500,0.95,False,0.4,37,0.6166666666666667,5233.7651213118825;111.84761549383201,36,0.6,False,False,False,False,5000.0,500.0
5,10.0,0,4,3500,0.95,False,0.4,38,0.6333333333333333,3507.3419829641216;1520.748657248956,36,0.6,False,False,False,False,5000.0,500.0
5,10.0,0,4,3500,0.95,False,0.4,36,0.6,1.608876593933354;1657.032565691934,36,0.6,False,False,False,False,5000.0,500.0
5,10.0,0,4,3500,0.95,False,0.6,29,0.48333333333333334,1452.467226077334;2159.1609495668054;124.70525204314158,25,0.4166666666666667,False,False,False,False,5000.0,500.0
5,10.0,0,4,3500,0.95,False,0.6,27,0.45,2139.4786446884623;2.9590980472277817;1178.2760762837459,24,0.4,False,False,False,False,5000.0,500.0
5,10.0,0,4,3500,0.95,False,0.4,37,0.6166666666666667,2288.4343296417023;168.96073211699823,36,0.6,False,False,False,False,5000.0,500.0
5,10.0,0,4,3500,0.95,False,0.6,27,0.45,1196.1618887192776;749.7139961802384;2212.775684230062,27,0.45,False,False,False,False,5000.0,500.0
5,10.0,0,4,3500,0.95,False,0.4,39,0.65,1783.5623407376165;1621.2051618144994,36,0.6,False,False,False,False,5000.0,500.0
5,10.0,0,4,3500,0.95,False,0.6,25,0.4166666666666667,8.888351161560262;1874.5371464803432;324.24629307399323,26,0.43333333333333335,False,False,False,False,5000.0,500.0
5,10.0,0,4,3500,0.95,False,0.6,21,0.35,1442.5486566697325;2.2524901152355348;2963.8381150042255,30,0.5,False,False,False,False,5000.0,500.0
5,10.0,0,4,3500,0.95,False,0.8,14,0.23333333333333334,700.5349174445234;127.79118508043149;473.4710356625404;109.79037463775603,19,0.31666666666666665,False,False,False,False,5000.0,500.0
5,10.0,0,4,3500,0.95,False,0.6,28,0.4666666666666667,1013.4729720852891;84.10547347463142;5579.83648221313,24,0.4,False,False,False,False,5000.0,500.0
5,10.0,0,4,3500,0.95,False,0.6,26,0.43333333333333335,78.51996030039435;1422.464552900395;82.26872882096801,26,0.43333333333333335,False,False,False,False,5000.0,500.0
5,10.0,0,4,3500,0.95,False,0.8,13,0.21666666666666667,678.9230817268981;737.2848783176761;931.0499613108383;2.313255881424458,15,0.25,False,False,False,False,5000.0,500.0
5,10.0,0,4,3500,0.95,False,0.4,36,0.6,3981.7385643304065;724.2437476649964,36,0.6,False,False,False,False,5000.0,500.0
5,10.0,0,4,3500,0.95,False,0.4,38,0.6333333333333333,1410.972577689272;1152.6345994848755,36,0.6,False,False,False,False,5000.0,500.0
5,10.0,0,4,3500,0.95,False,0.4,37,0.6166666666666667,2089.0925724726917;1594.6124007995854,36,0.6,False,False,False,False,5000.0,500.0
5,10.0,0,4,3500,0.95,False,0.6,25,0.4166666666666667,2939.4927639662997;9.009118912800904;810.349444084761,26,0.43333333333333335,False,False,False,False,5000.0,500.0
5,10.0,0,4,3500,0.95,False,0.6,16,0.26666666666666666,1419.7590182236652;1691.9705933311936;4.249807001129884,32,0.5333333333333333,False,False,False,False,5000.0,500.0
5,10.0,0,4,3500,0.95,False,0.6,27,0.45,1070.3026203047598;689.2949536874786;4718.037760102408,25,0.4166666666666667,False,False,False,False,5000.0,500.0
5,10.0,0,4,3500,0.95,False,0.6,25,0.4166666666666667,2153.972298902392;4525.679432587313;4.602846515596159,24,0.4,False,False,False,False,5000.0,500.0
5,10.0,0,4,3500,0.95,False,0.6,25,0.4166666666666667,1930.7188089590131;333.707073536965;274.81463304617745,30,0.5,False,False,False,False,5000.0,500.0
5,10.0,0,4,3500,0.95,False,0.6,25,0.4166666666666667,8.181351504965978;2475.5099537994874;1515.279008770791,25,0.4166666666666667,False,False,False,False,5000.0,500.0
5,10.0,0,4,3500,0.95,False,0.4,39,0.65,1779.0169732603763;3489.4147430721982,36,0.6,False,False,False,False,5000.0,500.0
5,10.0,0,4,3500,0.95,False,0.6,26,0.43333333333333335,3011.272463650813;451.40025358479113;1.0534831327783818,27,0.45,False,False,False,False,5000.0,500.0
5,10.0,0,4,3500,0.95,False,0.6,26,0.43333333333333335,2681.1731850188667;642.6345557912335;389.9303295259157,26,0.43333333333333335,False,False,False,False,5000.0,500.0
5,10.0,0,4,3500,0.95,False,0.6,25,0.4166666666666667,1104.6810992925384;4.231704036243979;1284.10029942962,29,0.48333333333333334,False,False,False,False,5000.0,500.0
5,10.0,0,4,3500,0.95,False,0.8,12,0.2,2.007985225369307;7.324129563517318;2.215065199011988;6.45933025010059,12,0.2,False,False,False,False,5000.0,500.0
5,10.0,0,4,3500,0.95,False,0.8,16,0.26666666666666666,642.1110388690928;521.0965923652543;1287.3178612221163;711.7043254772469,20,0.3333333333333333,False,False,False,False,5000.0,500.0
5,10.0,0,4,3500,0.95,False,0.6,26,0.43333333333333335,2783.8601215384006;299.9568457187177;2348.153454121114,25,0.4166666666666667,False,False,False,False,5000.0,500.0
5,10.0,0,4,3500,0.95,False,0.4,38,0.6333333333333333,9730.130526560166;555.6186032786629,36,0.6,False,False,False,False,5000.0,500.0
5,10.0,0,4,3500,0.95,False,0.6,22,0.36666666666666664,476.7784253021396;16.688853189767038;7.84613913935089,29,0.48333333333333334,False,False,False,False,5000.0,500.0
5,10.0,0,4,3500,0.95,False,0.6,24,0.4,73.21847242063826;2175.172527704544;3.478181579559297,24,0.4,False,False,False,False,5000.0,500.0
5,10.0,0,4,3500,0.95,False,0.6,23,0.38333333333333336,865.9831068157737;143.23516316957864;8.128128939236761,27,0.45,False,False,False,False,5000.0,500.0
5,10.0,0,4,3500,0.95,False,0.6,27,0.45,570.9090757547614;182.2885117301647;4464.8710488027455,24,0.4,False,False,False,False,5000.0,500.0
5,10.0,0,4,3500,0.95,False,0.8,14,0.23333333333333334,2593.5553279678666;114.67024778837916;6.7793437720323775;104.1459443416477,13,0.21666666666666667,False,False,False,False,5000.0,500.0
1,100.0,0,4,3500,0.95,False,1.0,0,0.0,5.5518975460743825,0,0.0,False,False,False,False,5000.0,500.0
1,100.0,0,4,3500,0.95,False,1.0,0,0.0,7.470587183250403,0,0.0,False,False,False,False,5000.0,500.0
1,100.0,0,4,3500,0.95,False,1.0,0,0.0,25.032942131471295,0,0.0,False,False,False,False,5000.0,500.0
1,100.0,0,4,3500,0.95,False,1.0,0,0.0,15.156361482074661,0,0.0,False,False,False,False,5000.0,500.0
1,100.0,0,4,3500,0.95,False,1.0,0,0.0,13.53057309967855,0,0.0,False,False,False,False,5000.0,500.0
1,100.0,0,4,3500,0.95,False,1.0,0,0.0,5.817702878116891,0,0.0,False,False,False,False,5000.0,500.0
1,100.0,0,4,3500,0.95,False,1.0,0,0.0,6.2531868003803135,0,0.0,False,False,False,False,5000.0,500.0
1,100.0,0,4,3500,0.95,False,1.0,0,0.0,13.138897983897007,0,0.0,False,False,False,False,5000.0,500.0
1,100.0,0,4,3500,0.95,False,1.0,0,0.0,26.78105814550181,0,0.0,False,False,False,False,5000.0,500.0
1,100.0,0,4,3500,0.95,False,1.0,0,0.0,14.825732890090148,0,0.0,False,False,False,False,5000.0,500.0
1,100.0,0,4,3500,0.95,False,1.0,0,0.0,8.436762995386404,0,0.0,False,False,False,False,5000.0,500.0
1,100.0,0,4,3500,0.95,False,1.0,0,0.0,3.534846720751021,0,0.0,False,False,False,False,5000.0,500.0
1,100.0,0,4,3500,0.95,False,1.0,0,0.0,6.214651937531975,0,0.0,False,False,False,False,5000.0,500.0
1,100.0,0,4,3500,0.95,False,1.0,0,0.0,8.201333558465842,0,0.0,False,False,False,False,5000.0,500.0
1,100.0,0,4,3500,0.95,False,1.0,0,0.0,15.188102778115937,0,0.0,False,False,False,False,5000.0,500.0
1,100.0,0,4,3500,0.95,False,1.0,0,0.0,9.095477332317934,0,0.0,False,False,False,False,5000.0,500.0
1,100.0,0,4,3500,0.95,False,1.0,0,0.0,13.707676656958393,0,0.0,False,False,False,False,5000.0,500.0
1,100.0,0,4,3500,0.95,False,1.0,0,0.0,13.08233916172682,0,0.0,False,False,False,False,5000.0,500.0
1,100.0,0,4,3500,0.95,False,1.0,0,0.0,6.558468732290846,0,0.0,False,False,False,False,5000.0,500.0
1,100.0,0,4,3500,0.95,False,1.0,0,0.0,3.102635414200673,0,0.0,False,False,False,False,5000.0,500.0
1,100.0,0,4,3500,0.95,False,1.0,0,0.0,0.7446314713882444,0,0.0,False,False,False,False,5000.0,500.0
1,100.0,0,4,3500,0.95,False,1.0,0,0.0,23.498633068757915,0,0.0,False,False,False,False,5000.0,500.0
1,100.0,0,4,3500,0.95,False,1.0,0,0.0,15.156898864579766,0,0.0,False,False,False,False,5000.0,500.0
1,100.0,0,4,3500,0.95,False,1.0,0,0.0,11.194796510901,0,0.0,False,False,False,False,5000.0,500.0
1,100.0,0,4,3500,0.95,False,1.0,0,0.0,2.63005747198138,0,0.0,False,False,False,False,5000.0,500.0
1,100.0,0,4,3500,0.95,False,1.0,0,0.0,4.864077680345696,0,0.0,False,False,False,False,5000.0,500.0
1,100.0,0,4,3500,0.95,False,1.0,0,0.0,18.925929658103463,0,0.0,False,False,False,False,5000.0,500.0
1,100.0,0,4,3500,0.95,False,1.0,0,0.0,15.565846967447037,0,0.0,False,False,False,False,5000.0,500.0
1,100.0,0,4,3500,0.95,False,1.0,0,0.0,8.898262748649095,0,0.0,False,False,False,False,5000.0,500.0
1,100.0,0,4,3500,0.95,False,1.0,0,0.0,9.265691792787322,0,0.0,False,False,False,False,5000.0,500.0
1,100.0,0,4,3500,0.95,False,1.0,0,0.0,12.84862465028589,0,0.0,False,False,False,False,5000.0,500.0
1,100.0,0,4,3500,0.95,False,1.0,0,0.0,33.855618984731294,0,0.0,False,False,False,False,5000.0,500.0
1,100.0,0,4,3500,0.95,False,1.0,0,0.0,7.208731148852833,0,0.0,False,False,False,False,5000.0,500.0
1,100.0,0,4,3500,0.95,False,1.0,0,0.0,1.8528473327777975,0,0.0,False,False,False,False,5000.0,500.0
1,100.0,0,4,3500,0.95,False,1.0,0,0.0,6.83171689210569,0,0.0,False,False,False,False,5000.0,500.0
1,100.0,0,4,3500,0.95,False,1.0,0,0.0,7.247518326506169,0,0.0,False,False,False,False,5000.0,500.0
1,100.0,0,4,3500,0.95,False,1.0,0,0.0,6.836784438520569,0,0.0,False,False,False,False,5000.0,500.0
1,100.0,0,4,3500,0.95,False,1.0,0,0.0,21.13305276248524,0,0.0,False,False,False,False,5000.0,500.0
1,100.0,0,4,3500,0.95,False,1.0,0,0.0,5.394797950765991,0,0.0,False,False,False,False,5000.0,500.0
1,100.0,0,4,3500,0.95,False,1.0,0,0.0,4.473290447352743,0,0.0,False,False,False,False,5000.0,500.0
1,100.0,0,4,3500,0.95,False,1.0,0,0.0,3.104896638341975,0,0.0,False,False,False,False,5000.0,500.0
1,100.0,0,4,3500,0.95,False,1.0,0,0.0,6.31634116449601,0,0.0,False,False,False,False,5000.0,500.0
1,100.0,0,4,3500,0.95,False,1.0,0,0.0,10.981914252759372,0,0.0,False,False,False,False,5000.0,500.0
1,100.0,0,4,3500,0.95,False,1.0,0,0.0,6.498122915729965,0,0.0,False,False,False,False,5000.0,500.0
1,100.0,0,4,3500,0.95,False,1.0,0,0.0,4.777580967681732,0,0.0,False,False,False,False,5000.0,500.0
1,100.0,0,4,3500,0.95,False,1.0,0,0.0,7.110206808949061,0,0.0,False,False,False,False,5000.0,500.0
1,100.0,0,4,3500,0.95,False,1.0,0,0.0,13.317493812855348,0,0.0,False,False,False,False,5000.0,500.0
1,100.0,0,4,3500,0.95,False,1.0,0,0.0,28.771121113412633,0,0.0,False,False,False,False,5000.0,500.0
1,100.0,0,4,3500,0.95,False,1.0,0,0.0,6.153052671149078,0,0.0,False,False,False,False,5000.0,500.0
1,100.0,0,4,3500,0.95,False,1.0,0,0.0,9.760346029567048,0,0.0,False,False,False,False,5000.0,500.0
1,100.0,0,4,3500,0.95,False,1.0,0,0.0,9.827344260903132,0,0.0,False,False,False,False,5000.0,500.0
1,100.0,0,4,3500,0.95,False,1.0,0,0.0,15.304477668245253,0,0.0,False,False,False,False,5000.0,500.0
1,100.0,0,4,3500,0.95,False,1.0,0,0.0,26.02055788095955,0,0.0,False,False,False,False,5000.0,500.0
1,100.0,0,4,3500,0.95,False,1.0,0,0.0,0.8305032692367633,0,0.0,False,False,False,False,5000.0,500.0
1,100.0,0,4,3500,0.95,False,1.0,0,0.0,11.809747628813433,0,0.0,False,False,False,False,5000.0,500.0
1,100.0,0,4,3500,0.95,False,1.0,0,0.0,7.235747150397307,0,0.0,False,False,False,False,5000.0,500.0
1,100.0,0,4,3500,0.95,False,1.0,0,0.0,16.286217735017885,0,0.0,False,False,False,False,5000.0,500.0
1,100.0,0,4,3500,0.95,False,1.0,0,0.0,19.807649947423126,0,0.0,False,False,False,False,5000.0,500.0
1,100.0,0,4,3500,0.95,False,1.0,0,0.0,11.611647527790046,0,0.0,False,False,False,False,5000.0,500.0
1,100.0,0,4,3500,0.95,False,1.0,0,0.0,3.0907372157711595,0,0.0,False,False,False,False,5000.0,500.0
1,100.0,0,4,3500,0.95,False,1.0,0,0.0,20.476336087973294,0,0.0,False,False,False,False,5000.0,500.0
1,100.0,0,4,3500,0.95,False,1.0,0,0.0,11.117106253905238,0,0.0,False,False,False,False,5000.0,500.0
1,100.0,0,4,3500,0.95,False,1.0,0,0.0,9.472829638400809,0,0.0,False,False,False,False,5000.0,500.0
1,100.0,0,4,3500,0.95,False,1.0,0,0.0,12.819637355042891,0,0.0,False,False,False,False,5000.0,500.0
1,100.0,0,4,3500,0.95,False,1.0,0,0.0,5.101392909225886,0,0.0,False,False,False,False,5000.0,500.0
1,100.0,0,4,3500,0.95,False,1.0,0,0.0,11.949843304533498,0,0.0,False,False,False,False,5000.0,500.0
1,100.0,0,4,3500,0.95,False,1.0,0,0.0,8.233399184270306,0,0.0,False,False,False,False,5000.0,500.0
1,100.0,0,4,3500,0.95,False,1.0,0,0.0,2.333993071420986,0,0.0,False,False,False,False,5000.0,500.0
1,100.0,0,4,3500,0.95,False,1.0,0,0.0,12.562216934762919,0,0.0,False,False,False,False,5000.0,500.0
1,100.0,0,4,3500,0.95,False,1.0,0,0.0,5.1187948170829785,0,0.0,False,False,False,False,5000.0,500.0
1,100.0,0,4,3500,0.95,False,1.0,0,0.0,12.224528446750623,0,0.0,False,False,False,False,5000.0,500.0
1,100.0,0,4,3500,0.95,False,1.0,0,0.0,26.125010759311042,0,0.0,False,False,False,False,5000.0,500.0
1,100.0,0,4,3500,0.95,False,1.0,0,0.0,0.6571806828477025,0,0.0,False,False,False,False,5000.0,500.0
1,100.0,0,4,3500,0.95,False,1.0,0,0.0,14.231706084212773,0,0.0,False,False,False,False,5000.0,500.0
1,100.0,0,4,3500,0.95,False,1.0,0,0.0,7.8781522033456355,0,0.0,False,False,False,False,5000.0,500.0
1,100.0,0,4,3500,0.95,False,1.0,0,0.0,3.6119462279251295,0,0.0,False,False,False,False,5000.0,500.0
1,100.0,0,4,3500,0.95,False,1.0,0,0.0,11.692618525612748,0,0.0,False,False,False,False,5000.0,500.0
1,100.0,0,4,3500,0.95,False,1.0,0,0.0,3.513472415398557,0,0.0,False,False,False,False,5000.0,500.0
1,100.0,0,4,3500,0.95,False,1.0,0,0.0,6.0083010901590255,0,0.0,False,False,False,False,5000.0,500.0
1,100.0,0,4,3500,0.95,False,1.0,0,0.0,11.30182724840994,0,0.0,False,False,False,False,5000.0,500.0
1,100.0,0,4,3500,0.95,False,1.0,0,0.0,2.7580557813597912,0,0.0,False,False,False,False,5000.0,500.0
1,100.0,0,4,3500,0.95,False,1.0,0,0.0,7.155223280992863,0,0.0,False,False,False,False,5000.0,500.0
1,100.0,0,4,3500,0.95,False,1.0,0,0.0,6.044082098784731,0,0.0,False,False,False,False,5000.0,500.0
1,100.0,0,4,3500,0.95,False,1.0,0,0.0,15.793026309957286,0,0.0,False,False,False,False,5000.0,500.0
1,100.0,0,4,3500,0.95,False,1.0,0,0.0,6.624323477236236,0,0.0,False,False,False,False,5000.0,500.0
1,100.0,0,4,3500,0.95,False,1.0,0,0.0,4.376839144644065,0,0.0,False,False,False,False,5000.0,500.0
1,100.0,0,4,3500,0.95,False,1.0,0,0.0,10.424381596367528,0,0.0,False,False,False,False,5000.0,500.0
1,100.0,0,4,3500,0.95,False,1.0,0,0.0,7.925296231700004,0,0.0,False,False,False,False,5000.0,500.0
1,100.0,0,4,3500,0.95,False,1.0,0,0.0,8.453480454626103,0,0.0,False,False,False,False,5000.0,500.0
1,100.0,0,4,3500,0.95,False,1.0,0,0.0,10.173966180009584,0,0.0,False,False,False,False,5000.0,500.0
1,100.0,0,4,3500,0.95,False,1.0,0,0.0,8.60313718240818,0,0.0,False,False,False,False,5000.0,500.0
1,100.0,0,4,3500,0.95,False,1.0,0,0.0,12.666807557215769,0,0.0,False,False,False,False,5000.0,500.0
1,100.0,0,4,3500,0.95,False,1.0,0,0.0,9.901182466649573,0,0.0,False,False,False,False,5000.0,500.0
1,100.0,0,4,3500,0.95,False,1.0,0,0.0,9.317987699041756,0,0.0,False,False,False,False,5000.0,500.0
1,100.0,0,4,3500,0.95,False,1.0,0,0.0,10.759481398101414,0,0.0,False,False,False,False,5000.0,500.0
1,100.0,0,4,3500,0.95,False,1.0,0,0.0,5.0792227966740375,0,0.0,False,False,False,False,5000.0,500.0
1,100.0,0,4,3500,0.95,False,1.0,0,0.0,13.98146860810846,0,0.0,False,False,False,False,5000.0,500.0
1,100.0,0,4,3500,0.95,False,1.0,0,0.0,10.72055196830789,0,0.0,False,False,False,False,5000.0,500.0
1,100.0,0,4,3500,0.95,False,1.0,0,0.0,7.919318320423053,0,0.0,False,False,False,False,5000.0,500.0
1,100.0,0,4,3500,0.95,False,1.0,0,0.0,4.904228955415774,0,0.0,False,False,False,False,5000.0,500.0
1,100.0,0,4,3500,0.95,False,1.0,0,0.0,12.576102658533603,0,0.0,False,False,False,False,5000.0,500.0
1,100.0,0,4,3500,0.95,False,1.0,0,0.0,5.720175783792662,0,0.0,False,False,False,False,5000.0,500.0
1,100.0,0,4,3500,0.95,False,1.0,0,0.0,10.283833484681274,0,0.0,False,False,False,False,5000.0,500.0
1,100.0,0,4,3500,0.95,False,1.0,0,0.0,1.9964446874267168,0,0.0,False,False,False,False,5000.0,500.0
1,100.0,0,4,3500,0.95,False,1.0,0,0.0,11.47502147338836,0,0.0,False,False,False,False,5000.0,500.0
1,100.0,0,4,3500,0.95,False,1.0,0,0.0,5.235557536126022,0,0.0,False,False,False,False,5000.0,500.0
1,100.0,0,4,3500,0.95,False,1.0,0,0.0,4.817162628057947,0,0.0,False,False,False,False,5000.0,500.0
1,100.0,0,4,3500,0.95,False,1.0,0,0.0,7.636117530969389,0,0.0,False,False,False,False,5000.0,500.0
1,100.0,0,4,3500,0.95,False,1.0,0,0.0,27.52710659573534,0,0.0,False,False,False,False,5000.0,500.0
1,100.0,0,4,3500,0.95,False,1.0,0,0.0,6.568091083908338,0,0.0,False,False,False,False,5000.0,500.0
1,100.0,0,4,3500,0.95,False,1.0,0,0.0,13.935063453972376,0,0.0,False,False,False,False,5000.0,500.0
1,100.0,0,4,3500,0.95,False,1.0,0,0.0,17.499278234087846,0,0.0,False,False,False,False,5000.0,500.0
1,100.0,0,4,3500,0.95,False,1.0,0,0.0,13.347823360002785,0,0.0,False,False,False,False,5000.0,500.0
1,100.0,0,4,3500,0.95,False,1.0,0,0.0,3.6800605696772584,0,0.0,False,False,False,False,5000.0,500.0
1,100.0,0,4,3500,0.95,False,1.0,0,0.0,5.399397909368384,0,0.0,False,False,False,False,5000.0,500.0
1,100.0,0,4,3500,0.95,False,1.0,0,0.0,11.743259628303493,0,0.0,False,False,False,False,5000.0,500.0
1,100.0,0,4,3500,0.95,False,1.0,0,0.0,5.693898706946343,0,0.0,False,False,False,False,5000.0,500.0
1,100.0,0,4,3500,0.95,False,1.0,0,0.0,14.295557077516563,0,0.0,False,False,False,False,5000.0,500.0
1,100.0,0,4,3500,0.95,False,1.0,0,0.0,10.782298388027582,0,0.0,False,False,False,False,5000.0,500.0
1,100.0,0,4,3500,0.95,False,1.0,0,0.0,18.931883688452306,0,0.0,False,False,False,False,5000.0,500.0
1,100.0,0,4,3500,0.95,False,1.0,0,0.0,18.101026719806686,0,0.0,False,False,False,False,5000.0,500.0
1,100.0,0,4,3500,0.95,False,1.0,0,0.0,10.499093220511666,0,0.0,False,False,False,False,5000.0,500.0
1,100.0,0,4,3500,0.95,False,1.0,0,0.0,13.023922912376895,0,0.0,False,False,False,False,5000.0,500.0
1,100.0,0,4,3500,0.95,False,1.0,0,0.0,4.591537202039616,0,0.0,False,False,False,False,5000.0,500.0
1,100.0,0,4,3500,0.95,False,1.0,0,0.0,26.887969842395016,0,0.0,False,False,False,False,5000.0,500.0
1,100.0,0,4,3500,0.95,False,1.0,0,0.0,19.543063179140727,0,0.0,False,False,False,False,5000.0,500.0
1,100.0,0,4,3500,0.95,False,1.0,0,0.0,11.01874445606866,0,0.0,False,False,False,False,5000.0,500.0
1,100.0,0,4,3500,0.95,False,1.0,0,0.0,4.311614489004852,0,0.0,False,False,False,False,5000.0,500.0
1,100.0,0,4,3500,0.95,False,1.0,0,0.0,4.50651658471583,0,0.0,False,False,False,False,5000.0,500.0
1,100.0,0,4,3500,0.95,False,1.0,0,0.0,3.752780945637378,0,0.0,False,False,False,False,5000.0,500.0
1,100.0,0,4,3500,0.95,False,1.0,0,0.0,7.412517403378531,0,0.0,False,False,False,False,5000.0,500.0
1,100.0,0,4,3500,0.95,False,1.0,0,0.0,10.653781450255762,0,0.0,False,False,False,False,5000.0,500.0
1,100.0,0,4,3500,0.95,False,1.0,0,0.0,1.2951659711170562,0,0.0,False,False,False,False,5000.0,500.0
1,100.0,0,4,3500,0.95,False,1.0,0,0.0,16.987110746627756,0,0.0,False,False,False,False,5000.0,500.0
1,100.0,0,4,3500,0.95,False,1.0,0,0.0,13.251865568236655,0,0.0,False,False,False,False,5000.0,500.0
1,100.0,0,4,3500,0.95,False,1.0,0,0.0,10.344146899993872,0,0.0,False,False,False,False,5000.0,500.0
1,100.0,0,4,3500,0.95,False,1.0,0,0.0,7.558534506643446,0,0.0,False,False,False,False,5000.0,500.0
1,100.0,0,4,3500,0.95,False,1.0,0,0.0,20.42711128627164,0,0.0,False,False,False,False,5000.0,500.0
1,100.0,0,4,3500,0.95,False,1.0,0,0.0,5.538108500395864,0,0.0,False,False,False,False,5000.0,500.0
1,100.0,0,4,3500,0.95,False,1.0,0,0.0,4.38584711655401,0,0.0,False,False,False,False,5000.0,500.0
1,100.0,0,4,3500,0.95,False,1.0,0,0.0,8.94717431294923,0,0.0,False,False,False,False,5000.0,500.0
1,100.0,0,4,3500,0.95,False,1.0,0,0.0,3.7447555360916445,0,0.0,False,False,False,False,5000.0,500.0
1,100.0,0,4,3500,0.95,False,1.0,0,0.0,17.390864159977582,0,0.0,False,False,False,False,5000.0,500.0
1,100.0,0,4,3500,0.95,False,1.0,0,0.0,20.386156105924208,0,0.0,False,False,False,False,5000.0,500.0
1,100.0,0,4,3500,0.95,False,1.0,0,0.0,9.928116148831261,0,0.0,False,False,False,False,5000.0,500.0
1,100.0,0,4,3500,0.95,False,1.0,0,0.0,14.127401088975413,0,0.0,False,False,False,False,5000.0,500.0
1,100.0,0,4,3500,0.95,False,1.0,0,0.0,10.64742384553888,0,0.0,False,False,False,False,5000.0,500.0
1,100.0,0,4,3500,0.95,False,1.0,0,0.0,14.121855712110838,0,0.0,False,False,False,False,5000.0,500.0
1,100.0,0,4,3500,0.95,False,1.0,0,0.0,23.43117573688777,0,0.0,False,False,False,False,5000.0,500.0
1,100.0,0,4,3500,0.95,False,1.0,0,0.0,15.78440744005561,0,0.0,False,False,False,False,5000.0,500.0
2,100.0,0,4,3500,0.95,False,1.0,0,0.0,13.310388605360002;25.459271179935303,0,0.0,False,False,False,False,5000.0,500.0
2,100.0,0,4,3500,0.95,False,1.0,0,0.0,8.400632406406705;3.6609818682989657,0,0.0,False,False,False,False,5000.0,500.0
2,100.0,0,4,3500,0.95,False,1.0,0,0.0,15.42551853862632;15.832368578082713,0,0.0,False,False,False,False,5000.0,500.0
2,100.0,0,4,3500,0.95,False,1.0,2,0.08333333333333333,317.1329507474018;324.7958165082765,0,0.0,False,False,False,False,5000.0,500.0
2,100.0,0,4,3500,0.95,False,1.0,0,0.0,8.452106673370466;13.186818826187459,0,0.0,False,False,False,False,5000.0,500.0
2,100.0,0,4,3500,0.95,False,1.0,0,0.0,11.27639287716419;7.069545995101181,0,0.0,False,False,False,False,5000.0,500.0
2,100.0,0,4,3500,0.95,False,1.0,0,0.0,20.086237352978525;11.910030318726394,0,0.0,False,False,False,False,5000.0,500.0
2,100.0,0,4,3500,0.95,False,1.0,2,0.08333333333333333,454.63094294135993;435.1011849383369,0,0.0,False,False,False,False,5000.0,500.0
2,100.0,0,4,3500,0.95,False,1.0,0,0.0,8.519561427075162;8.727010279917204,0,0.0,False,False,False,False,5000.0,500.0
2,100.0,0,4,3500,0.95,False,1.0,0,0.0,15.704516412882736;3.5261273658419836,0,0.0,False,False,False,False,5000.0,500.0
2,100.0,0,4,3500,0.95,False,1.0,0,0.0,4.41617842305192;4.769563637550667,0,0.0,False,False,False,False,5000.0,500.0
2,100.0,0,4,3500,0.95,False,1.0,0,0.0,16.895295178428572;14.302718616736081,0,0.0,False,False,False,False,5000.0,500.0
2,100.0,0,4,3500,0.95,False,1.0,0,0.0,1.3278784267664563;16.47725325964513,0,0.0,False,False,False,False,5000.0,500.0
2,100.0,0,4,3500,0.95,False,1.0,0,0.0,9.338979898321238;14.73825623744631,0,0.0,False,False,False,False,5000.0,500.0
2,100.0,0,4,3500,0.95,False,1.0,0,0.0,4.4836807098400016;13.549199837812989,0,0.0,False,False,False,False,5000.0,500.0
2,100.0,0,4,3500,0.95,False,1.0,0,0.0,6.778884436394068;25.431223297595768,0,0.0,False,False,False,False,5000.0,500.0
2,100.0,0,4,3500,0.95,False,1.0,0,0.0,22.737334951692777;6.901210994969702,0,0.0,False,False,False,False,5000.0,500.0
2,100.0,0,4,3500,0.95,False,1.0,0,0.0,16.347432306383237;2.7620644458231642,0,0.0,False,False,False,False,5000.0,500.0
2,100.0,0,4,3500,0.95,False,1.0,0,0.0,5.273008979539785;16.824714301535376,0,0.0,False,False,False,False,5000.0,500.0
2,100.0,0,4,3500,0.95,False,1.0,0,0.0,3.640159834404135;3.1544709592635973,0,0.0,False,False,False,False,5000.0,500.0
2,100.0,0,4,3500,0.95,False,1.0,12,0.5,273.26852281723393;277.7610489357429,0,0.0,False,False,False,False,5000.0,500.0
2,100.0,0,4,3500,0.95,False,1.0,0,0.0,5.412521807593933;24.300213965706956,0,0.0,False,False,False,False,5000.0,500.0
2,100.0,0,4,3500,0.95,False,1.0,0,0.0,3.9693068126791835;8.645708402652113,0,0.0,False,False,False,False,5000.0,500.0
2,100.0,0,4,3500,0.95,False,1.0,0,0.0,7.523357831458441;7.292738477124003,0,0.0,False,False,False,False,5000.0,500.0
2,100.0,0,4,3500,0.95,False,1.0,0,0.0,13.148753410835686;6.3526975339672385,0,0.0,False,False,False,False,5000.0,500.0
2,100.0,0,4,3500,0.95,False,1.0,0,0.0,6.775472335817512;10.374190402663034,0,0.0,False,False,False,False,5000.0,500.0
2,100.0,0,4,3500,0.95,False,1.0,0,0.0,3.605757613817903;7.846318949215503,0,0.0,False,False,False,False,5000.0,500.0
2,100.0,0,4,3500,0.95,False,1.0,0,0.0,9.191442379392061;12.786761697640536,0,0.0,False,False,False,False,5000.0,500.0
2,100.0,0,4,3500,0.95,False,1.0,0,0.0,9.482826107401724;12.844165576650013,0,0.0,False,False,False,False,5000.0,500.0
2,100.0,0,4,3500,0.95,False,1.0,0,0.0,15.398102259491786;2.4554000214346146,0,0.0,False,False,False,False,5000.0,500.0
2,100.0,0,4,3500,0.95,False,1.0,0,0.0,3.8194107098139343;6.788393746862555,0,0.0,False,False,False,False,5000.0,500.0
2,100.0,0,4,3500,0.95,False,1.0,0,0.0,12.859565894888966;5.859827951544432,0,0.0,False,False,False,False,5000.0,500.0
2,100.0,0,4,3500,0.95,False,1.0,0,0.0,12.561482219597446;6.734109298921035,0,0.0,False,False,False,False,5000.0,500.0
2,100.0,0,4,3500,0.95,False,1.0,0,0.0,12.506914306316423;2.9614724719298984,0,0.0,False,False,False,False,5000.0,500.0
2,100.0,0,4,3500,0.95,False,1.0,0,0.0,17.324514328286266;11.90289548366082,0,0.0,False,False,False,False,5000.0,500.0
2,100.0,0,4,3500,0.95,False,1.0,0,0.0,6.131550335437269;2.4636752205782697,0,0.0,False,False,False,False,5000.0,500.0
2,100.0,0,4,3500,0.95,False,1.0,0,0.0,3.261696907686001;16.29217643597933,0,0.0,False,False,False,False,5000.0,500.0
2,100.0,0,4,3500,0.95,False,1.0,0,0.0,10.880777424051907;5.3621936849814595,0,0.0,False,False,False,False,5000.0,500.0
2,100.0,0,4,3500,0.95,False,1.0,0,0.0,2.9029879307173303;26.44729483828416,0,0.0,False,False,False,False,5000.0,500.0
2,100.0,0,4,3500,0.95,False,1.0,0,0.0,24.917876448206176;2.7157665792489145,0,0.0,False,False,False,False,5000.0,500.0
2,100.0,0,4,3500,0.95,False,1.0,0,0.0,8.1618304313444;22.04282325988834,0,0.0,False,False,False,False,5000.0,500.0
2,100.0,0,4,3500,0.95,False,1.0,0,0.0,23.065836060442447;7.958398364744936,0,0.0,False,False,False,False,5000.0,500.0
2,100.0,0,4,3500,0.95,False,1.0,0,0.0,9.35971085911586;11.063963753260417,0,0.0,False,False,False,False,5000.0,500.0
2,100.0,0,4,3500,0.95,False,1.0,0,0.0,16.131783881488467;8.5374778080248,0,0.0,False,False,False,False,5000.0,500.0
2,100.0,0,4,3500,0.95,False,1.0,0,0.0,10.458618787712926;13.098739153280965,0,0.0,False,False,False,False,5000.0,500.0
2,100.0,0,4,3500,0.95,False,1.0,0,0.0,6.875701057954014;22.036370599377598,0,0.0,False,False,False,False,5000.0,500.0
2,100.0,0,4,3500,0.95,False,1.0,0,0.0,8.25057830959932;5.342952397163356,0,0.0,False,False,False,False,5000.0,500.0
2,100.0,0,4,3500,0.95,False,1.0,0,0.0,9.787738225816959;19.660469733321644,0,0.0,False,False,False,False,5000.0,500.0
2,100.0,0,4,3500,0.95,False,1.0,0,0.0,7.575844141075689;12.383092088724993,0,0.0,False,False,False,False,5000.0,500.0
2,100.0,0,4,3500,0.95,False,1.0,0,0.0,21.63570762448186;5.030132397721226,0,0.0,False,False,False,False,5000.0,500.0
2,100.0,0,4,3500,0.95,False,1.0,2,0.08333333333333333,5.008452482746221;5.618706586042519,0,0.0,False,False,False,False,5000.0,500.0
2,100.0,0,4,3500,0.95,False,1.0,0,0.0,12.284794254449855;4.674891143290698,0,0.0,False,False,False,False,5000.0,500.0
2,100.0,0,4,3500,0.95,False,1.0,0,0.0,2.1513506200302395;18.512090396287206,0,0.0,False,False,False,False,5000.0,500.0
2,100.0,0,4,3500,0.95,False,1.0,2,0.08333333333333333,22.308574269795468;28.640524313157705,0,0.0,False,False,False,False,5000.0,500.0
2,100.0,0,4,3500,0.95,False,1.0,0,0.0,9.661231867232273;11.331712030512389,0,0.0,False,False,False,False,5000.0,500.0
2,100.0,0,4,3500,0.95,False,1.0,2,0.08333333333333333,0.7239629410788962;7.103133223416367,0,0.0,False,False,False,False,5000.0,500.0
2,100.0,0,4,3500,0.95,False,1.0,0,0.0,2.6860386861688754;7.322849529058021,0,0.0,False,False,False,False,5000.0,500.0
2,100.0,0,4,3500,0.95,False,1.0,2,0.08333333333333333,32.91802432241565;13.292168316279444,0,0.0,False,False,False,False,5000.0,500.0
2,100.0,0,4,3500,0.95,False,1.0,0,0.0,33.26207347181256;11.387160219086043,0,0.0,False,False,False,False,5000.0,500.0
2,100.0,0,4,3500,0.95,False,1.0,0,0.0,4.339683019749185;12.69193046436327,0,0.0,False,False,False,False,5000.0,500.0
2,100.0,0,4,3500,0.95,False,1.0,0,0.0,19.07758728021765;2.8015977052077075,0,0.0,False,False,False,False,5000.0,500.0
2,100.0,0,4,3500,0.95,False,1.0,0,0.0,8.586466071870687;8.755396891659728,0,0.0,False,False,False,False,5000.0,500.0
2,100.0,0,4,3500,0.95,False,1.0,0,0.0,12.525243858472056;13.427246660879401,0,0.0,False,False,False,False,5000.0,500.0
2,100.0,0,4,3500,0.95,False,1.0,0,0.0,1.530960613523491;15.571211289004651,0,0.0,False,False,False,False,5000.0,500.0
2,100.0,0,4,3500,0.95,False,1.0,0,0.0,10.435639015420449;3.278914336720396,0,0.0,False,False,False,False,5000.0,500.0
2,100.0,0,4,3500,0.95,False,1.0,0,0.0,13.973218151927602;9.624735845572134,0,0.0,False,False,False,False,5000.0,500.0
2,100.0,0,4,3500,0.95,False,1.0,0,0.0,7.905343089635824;1.1680215681446258,0,0.0,False,False,False,False,5000.0,500.0
2,100.0,0,4,3500,0.95,False,1.0,0,0.0,14.225434796222176;9.157759185895038,0,0.0,False,False,False,False,5000.0,500.0
2,100.0,0,4,3500,0.95,False,1.0,2,0.08333333333333333,29.21800310137902;20.792627619338667,0,0.0,False,False,False,False,5000.0,500.0
2,100.0,0,4,3500,0.95,False,1.0,0,0.0,13.07448080654583;28.2867903045586,0,0.0,False,False,False,False,5000.0,500.0
2,100.0,0,4,3500,0.95,False,1.0,0,0.0,5.115080173972038;4.067300192831389,0,0.0,False,False,False,False,5000.0,500.0
2,100.0,0,4,3500,0.95,False,1.0,2,0.08333333333333333,25.85732680621477;27.98192207455913,0,0.0,False,False,False,False,5000.0,500.0
2,100.0,0,4,3500,0.95,False,1.0,0,0.0,10.879527595523932;10.140554379404657,0,0.0,False,False,False,False,5000.0,500.0
2,100.0,0,4,3500,0.95,False,1.0,0,0.0,11.734393515236079;4.330540250579854,0,0.0,False,False,False,False,5000.0,500.0
2,100.0,0,4,3500,0.95,False,1.0,0,0.0,14.964365534466598;12.362721170387632,0,0.0,False,False,False,False,5000.0,500.0
2,100.0,0,4,3500,0.95,False,1.0,0,0.0,12.079059352072068;8.378848055827012,0,0.0,False,False,False,False,5000.0,500.0
2,100.0,0,4,3500,0.95,False,1.0,0,0.0,10.913327166810221;12.140639929553107,0,0.0,False,False,False,False,5000.0,500.0
2,100.0,0,4,3500,0.95,False,1.0,0,0.0,18.596919316894216;25.705359898787886,0,0.0,False,False,False,False,5000.0,500.0
2,100.0,0,4,3500,0.95,False,1.0,0,0.0,4.516166258359373;15.46977115620016,0,0.0,False,False,False,False,5000.0,500.0
2,100.0,0,4,3500,0.95,False,1.0,0,0.0,8.332488468431055;5.315852056762504,0,0.0,False,False,False,False,5000.0,500.0
2,100.0,0,4,3500,0.95,False,1.0,0,0.0,4.572365841556998;13.098055886609052,0,0.0,False,False,False,False,5000.0,500.0
2,100.0,0,4,3500,0.95,False,1.0,0,0.0,21.854663375557287;8.6838780124708,0,0.0,False,False,False,False,5000.0,500.0
2,100.0,0,4,3500,0.95,False,1.0,0,0.0,6.57240777148215;16.456926391870972,0,0.0,False,False,False,False,5000.0,500.0
2,100.0,0,4,3500,0.95,False,1.0,0,0.0,12.190285640343363;23.847603952608946,0,0.0,False,False,False,False,5000.0,500.0
2,100.0,0,4,3500,0.95,False,1.0,0,0.0,4.413255336050401;6.881549277237812,0,0.0,False,False,False,False,5000.0,500.0
2,100.0,0,4,3500,0.95,False,1.0,0,0.0,7.443957169694519;10.323767381033578,0,0.0,False,False,False,False,5000.0,500.0
2,100.0,0,4,3500,0.95,False,1.0,0,0.0,7.983176676701969;8.646421537559768,0,0.0,False,False,False,False,5000.0,500.0
2,100.0,0,4,3500,0.95,False,1.0,0,0.0,2.103845294896373;7.65366946324192,0,0.0,False,False,False,False,5000.0,500.0
2,100.0,0,4,3500,0.95,False,1.0,0,0.0,7.595652556179069;6.005987829552709,0,0.0,False,False,False,False,5000.0,500.0
2,100.0,0,4,3500,0.95,False,1.0,0,0.0,10.315806005455256;5.843104835802806,0,0.0,False,False,False,False,5000.0,500.0
2,100.0,0,4,3500,0.95,False,1.0,0,0.0,16.944249228465257;15.301131837218207,0,0.0,False,False,False,False,5000.0,500.0
2,100.0,0,4,3500,0.95,False,1.0,0,0.0,4.327923068792623;23.63094782746445,0,0.0,False,False,False,False,5000.0,500.0
2,100.0,0,4,3500,0.95,False,1.0,0,0.0,20.075672576542576;0.5707898212682291,0,0.0,False,False,False,False,5000.0,500.0
2,100.0,0,4,3500,0.95,False,1.0,0,0.0,3.224661871646557;36.58256017574511,0,0.0,False,False,False,False,5000.0,500.0
2,100.0,0,4,3500,0.95,False,1.0,0,0.0,9.016780860970034;5.617195341646838,0,0.0,False,False,False,False,5000.0,500.0
2,100.0,0,4,3500,0.95,False,1.0,0,0.0,4.359189110302321;9.134916907627112,0,0.0,False,False,False,False,5000.0,500.0
2,100.0,0,4,3500,0.95,False,1.0,0,0.0,2.2003893623198376;11.059498813579479,0,0.0,False,False,False,False,5000.0,500.0
2,100.0,0,4,3500,0.95,False,1.0,0,0.0,10.22022498931747;8.919515669739734,0,0.0,False,False,False,False,5000.0,500.0
2,100.0,0,4,3500,0.95,False,1.0,0,0.0,6.331466483640802;26.925527170436485,0,0.0,False,False,False,False,5000.0,500.0
2,100.0,0,4,3500,0.95,False,1.0,0,0.0,7.263389843909244;13.83016771703432,0,0.0,False,False,False,False,5000.0,500.0
2,100.0,0,4,3500,0.95,False,1.0,0,0.0,3.5329807539183844;19.090945096936213,0,0.0,False,False,False,False,5000.0,500.0
2,100.0,0,4,3500,0.95,False,1.0,0,0.0,2.3795051507932405;7.662335501441169,0,0.0,False,False,False,False,5000.0,500.0
2,100.0,0,4,3500,0.95,False,1.0,0,0.0,1.6442400064638165;7.514315589264011,0,0.0,False,False,False,False,5000.0,500.0
2,100.0,0,4,3500,0.95,False,1.0,0,0.0,9.289499682319072;13.481022790115702,0,0.0,False,False,False,False,5000.0,500.0
2,100.0,0,4,3500,0.95,False,1.0,2,0.08333333333333333,116.42947670878458;114.90087888129773,0,0.0,False,False,False,False,5000.0,500.0
2,100.0,0,4,3500,0.95,False,1.0,2,0.08333333333333333,189.00703541941846;203.5320988748203,0,0.0,False,False,False,False,5000.0,500.0
2,100.0,0,4,3500,0.95,False,1.0,2,0.08333333333333333,135.52579603327845;127.3989069481292,0,0.0,False,False,False,False,5000.0,500.0
2,100.0,0,4,3500,0.95,False,1.0,0,0.0,1.464905742771671;10.058799802286064,0,0.0,False,False,False,False,5000.0,500.0
2,100.0,0,4,3500,0.95,False,1.0,0,0.0,14.278523370659501;3.2993613117193745,0,0.0,False,False,False,False,5000.0,500.0
2,100.0,0,4,3500,0.95,False,1.0,0,0.0,10.339757716776216;7.952565613101176,0,0.0,False,False,False,False,5000.0,500.0
2,100.0,0,4,3500,0.95,False,1.0,0,0.0,17.515300334812498;7.715937301605678,0,0.0,False,False,False,False,5000.0,500.0
2,100.0,0,4,3500,0.95,False,1.0,0,0.0,4.712701225520991;18.087961577330287,0,0.0,False,False,False,False,5000.0,500.0
2,100.0,0,4,3500,0.95,False,1.0,0,0.0,9.94911843660265;19.771109900701177,0,0.0,False,False,False,False,5000.0,500.0
2,100.0,0,4,3500,0.95,False,1.0,0,0.0,11.99807491764009;12.703968206259981,0,0.0,False,False,False,False,5000.0,500.0
2,100.0,0,4,3500,0.95,False,1.0,2,0.08333333333333333,142.4738204237582;154.71494265680758,0,0.0,False,False,False,False,5000.0,500.0
2,100.0,0,4,3500,0.95,False,1.0,0,0.0,10.958316570584284;13.786320560941908,0,0.0,False,False,False,False,5000.0,500.0
2,100.0,0,4,3500,0.95,False,1.0,0,0.0,2.4720547412423715;13.357505422646048,0,0.0,False,False,False,False,5000.0,500.0
2,100.0,0,4,3500,0.95,False,1.0,0,0.0,17.809667928018143;11.522938936794915,0,0.0,False,False,False,False,5000.0,500.0
2,100.0,0,4,3500,0.95,False,1.0,0,0.0,8.875704167842965;14.451917478785116,0,0.0,False,False,False,False,5000.0,500.0
2,100.0,0,4,3500,0.95,False,1.0,0,0.0,17.97742426181024;23.12554952434646,0,0.0,False,False,False,False,5000.0,500.0
2,100.0,0,4,3500,0.95,False,1.0,0,0.0,12.036948545411935;18.241972790295506,0,0.0,False,False,False,False,5000.0,500.0
2,100.0,0,4,3500,0.95,False,1.0,2,0.08333333333333333,217.20946949980595;232.06418814634716,0,0.0,False,False,False,False,5000.0,500.0
2,100.0,0,4,3500,0.95,False,1.0,0,0.0,10.955450190335656;11.989155248665693,0,0.0,False,False,False,False,5000.0,500.0
2,100.0,0,4,3500,0.95,False,1.0,0,0.0,6.894322290928785;12.662019225604453,0,0.0,False,False,False,False,5000.0,500.0
2,100.0,0,4,3500,0.95,False,1.0,0,0.0,11.565882611829805;14.557501727215044,0,0.0,False,False,False,False,5000.0,500.0
2,100.0,0,4,3500,0.95,False,1.0,0,0.0,2.3754209457297653;4.119550101973969,0,0.0,False,False,False,False,5000.0,500.0
2,100.0,0,4,3500,0.95,False,1.0,0,0.0,18.26621937475567;22.65457311370424,0,0.0,False,False,False,False,5000.0,500.0
2,100.0,0,4,3500,0.95,False,1.0,0,0.0,6.531279002368054;3.6621277850096265,0,0.0,False,False,False,False,5000.0,500.0
2,100.0,0,4,3500,0.95,False,1.0,0,0.0,4.539495747192989;2.949896127754172,0,0.0,False,False,False,False,5000.0,500.0
2,100.0,0,4,3500,0.95,False,1.0,0,0.0,9.24001473399182;14.758675707662029,0,0.0,False,False,False,False,5000.0,500.0
2,100.0,0,4,3500,0.95,False,1.0,0,0.0,16.9282036679596;19.49857657782519,0,0.0,False,False,False,False,5000.0,500.0
2,100.0,0,4,3500,0.95,False,1.0,0,0.0,12.673443647007403;17.0786533342649,0,0.0,False,False,False,False,5000.0,500.0
2,100.0,0,4,3500,0.95,False,1.0,0,0.0,17.18485723448023;6.674384086707629,0,0.0,False,False,False,False,5000.0,500.0
2,100.0,0,4,3500,0.95,False,1.0,0,0.0,22.79042030346067;22.85766834720856,0,0.0,False,False,False,False,5000.0,500.0
2,100.0,0,4,3500,0.95,False,1.0,0,0.0,35.756471264550306;19.05994996563487,0,0.0,False,False,False,False,5000.0,500.0
2,100.0,0,4,3500,0.95,False,1.0,0,0.0,11.377894205197599;5.527688274532234,0,0.0,False,False,False,False,5000.0,500.0
2,100.0,0,4,3500,0.95,False,1.0,0,0.0,6.148167325823438;5.605414140027025,0,0.0,False,False,False,False,5000.0,500.0
2,100.0,0,4,3500,0.95,False,1.0,0,0.0,8.691428617177305;4.18512690438933,0,0.0,False,False,False,False,5000.0,500.0
2,100.0,0,4,3500,0.95,False,1.0,0,0.0,13.08720212073887;6.445343175219682,0,0.0,False,False,False,False,5000.0,500.0
2,100.0,0,4,3500,0.95,False,1.0,0,0.0,21.96143643125302;19.870873709597056,0,0.0,False,False,False,False,5000.0,500.0
2,100.0,0,4,3500,0.95,False,1.0,0,0.0,20.55877623736144;8.918766862215138,0,0.0,False,False,False,False,5000.0,500.0
2,100.0,0,4,3500,0.95,False,1.0,0,0.0,3.913124203396865;10.315771650761926,0,0.0,False,False,False,False,5000.0,500.0
2,100.0,0,4,3500,0.95,False,1.0,0,0.0,3.422368580841447;28.624562468831897,0,0.0,False,False,False,False,5000.0,500.0
2,100.0,0,4,3500,0.95,False,1.0,0,0.0,2.7946006908575742;5.995065219835533,0,0.0,False,False,False,False,5000.0,500.0
2,100.0,0,4,3500,0.95,False,1.0,0,0.0,5.124081223128717;6.405033907517675,0,0.0,False,False,False,False,5000.0,500.0
2,100.0,0,4,3500,0.95,False,1.0,2,0.08333333333333333,9.138792146521082;6.891938999813845,0,0.0,False,False,False,False,5000.0,500.0
2,100.0,0,4,3500,0.95,False,1.0,0,0.0,12.072427597019646;8.693641405301905,0,0.0,False,False,False,False,5000.0,500.0
2,100.0,0,4,3500,0.95,False,1.0,2,0.08333333333333333,25.742819237365435;24.536036688686487,0,0.0,False,False,False,False,5000.0,500.0
2,100.0,0,4,3500,0.95,False,1.0,0,0.0,5.910439961588478;25.768696468964727,0,0.0,False,False,False,False,5000.0,500.0
2,100.0,0,4,3500,0.95,False,1.0,0,0.0,3.2626569824894305;2.923460333247279,0,0.0,False,False,False,False,5000.0,500.0
3,100.0,0,4,3500,0.95,False,1.0,0,0.0,19.95602300293321;7.501509891788741;8.590006750256764,5,0.1388888888888889,False,False,False,False,5000.0,500.0
3,100.0,0,4,3500,0.95,False,1.0,0,0.0,13.21382599444167;8.855357191359957;15.564794850120434,0,0.0,False,False,False,False,5000.0,500.0
3,100.0,0,4,3500,0.95,False,1.0,0,0.0,17.638673930966547;20.61968840241427;5.965891841189147,0,0.0,False,False,False,False,5000.0,500.0
3,100.0,0,4,3500,0.95,False,1.0,4,0.1111111111111111,235.92602980747938;232.5971431248602;27.802145703222983,0,0.0,False,False,False,False,5000.0,500.0
3,100.0,0,4,3500,0.95,False,1.0,0,0.0,11.94222699336811;29.086281844111582;10.544151217112312,1,0.027777777777777776,False,False,False,False,5000.0,500.0
3,100.0,0,4,3500,0.95,False,1.0,5,0.1388888888888889,129.14625675959135;84.61372517976481;64.19453988935472,0,0.0,False,False,False,False,5000.0,500.0
3,100.0,0,4,3500,0.95,False,1.0,3,0.08333333333333333,15.022065814920209;53.8378188794482;202.62279224589716,7,0.19444444444444445,False,False,False,False,5000.0,500.0
3,100.0,0,4,3500,0.95,False,0.6666666666666666,12,0.3333333333333333,314.4407738241574;4.302134277643377,12,0.3333333333333333,False,False,False,False,5000.0,500.0
3,100.0,0,4,3500,0.95,False,1.0,0,0.0,6.94196314010456;9.502688047423572;6.647992467133676,0,0.0,False,False,False,False,5000.0,500.0
3,100.0,0,4,3500,0.95,False,1.0,1,0.027777777777777776,22.918454273511085;6.609019595806139;3.7250125955066644,8,0.2222222222222222,False,False,False,False,5000.0,500.0
3,100.0,0,4,3500,0.95,False,1.0,0,0.0,15.638501097450257;10.432142462091043;1.8585151711994374,0,0.0,False,False,False,False,5000.0,500.0
3,100.0,0,4,3500,0.95,False,1.0,2,0.05555555555555555,114.25355430938724;104.33906137423055;14.257578421324542,4,0.1111111111111111,False,False,False,False,5000.0,500.0
3,100.0,0,4,3500,0.95,False,1.0,2,0.05555555555555555,111.17722397212309;117.76188179487596;8.824009114844474,0,0.0,False,False,False,False,5000.0,500.0
3,100.0,0,4,3500,0.95,False,0.6666666666666666,12,0.3333333333333333,1029.8662999675323;5.605754905307605,12,0.3333333333333333,False,False,False,False,5000.0,500.0
3,100.0,0,4,3500,0.95,False,1.0,0,0.0,23.34388698383626;9.206895004530331;19.01241186016739,0,0.0,False,False,False,False,5000.0,500.0
3,100.0,0,4,3500,0.95,False,1.0,4,0.1111111111111111,16.75218803264886;17.09182727236858;7.3293415991495445,0,0.0,False,False,False,False,5000.0,500.0
3,100.0,0,4,3500,0.95,False,1.0,0,0.0,6.631151457510093;10.252088228688013;8.582743251429072,0,0.0,False,False,False,False,5000.0,500.0
3,100.0,0,4,3500,0.95,False,1.0,2,0.05555555555555555,8.48311088897391;92.54605383406853;14.102762807582492,2,0.05555555555555555,False,False,False,False,5000.0,500.0
3,100.0,0,4,3500,0.95,False,1.0,2,0.05555555555555555,34.58189983823313;100.03369126460386;107.14697908984733,0,0.0,False,False,False,False,5000.0,500.0
3,100.0,0,4,3500,0.95,False,1.0,2,0.05555555555555555,10.95015232266857;3.2318279435738275;6.0050095130628875,0,0.0,False,False,False,False,5000.0,500.0
3,100.0,0,4,3500,0.95,False,1.0,0,0.0,14.228299798150465;9.166395051180954;16.14718035596598,0,0.0,False,False,False,False,5000.0,500.0
3,100.0,0,4,3500,0.95,False,1.0,2,0.05555555555555555,5.428551391010745;32.86312778265921;40.02377002824387,1,0.027777777777777776,False,False,False,False,5000.0,500.0
3,100.0,0,4,3500,0.95,False,0.6666666666666666,12,0.3333333333333333,1574.3516845715433;6.202675481956943,12,0.3333333333333333,False,False,False,False,5000.0,500.0
3,100.0,0,4,3500,0.95,False,1.0,4,0.1111111111111111,623.8846221744752;618.984683554139;2.4922347529683164,0,0.0,False,False,False,False,5000.0,500.0
3,100.0,0,4,3500,0.95,False,1.0,0,0.0,2.645166264744479;2.858191808877179;7.633601205178692,0,0.0,False,False,False,False,5000.0,500.0
3,100.0,0,4,3500,0.95,False,1.0,2,0.05555555555555555,11.45481171181493;517.7047858014068;9.68514435566258,7,0.19444444444444445,False,False,False,False,5000.0,500.0
3,100.0,0,4,3500,0.95,False,1.0,2,0.05555555555555555,84.6608690066227;23.63082024594642;90.47756060404852,1,0.027777777777777776,False,False,False,False,5000.0,500.0
3,100.0,0,4,3500,0.95,False,1.0,0,0.0,5.999837633511711;4.369200823992674;12.567418384809876,2,0.05555555555555555,False,False,False,False,5000.0,500.0
3,100.0,0,4,3500,0.95,False,1.0,0,0.0,12.025154238902257;4.615299677083722;6.202330305258754,0,0.0,False,False,False,False,5000.0,500.0
3,100.0,0,4,3500,0.95,False,1.0,0,0.0,10.02089443497902;8.01064817836768;9.062434139624662,0,0.0,False,False,False,False,5000.0,500.0
3,100.0,0,4,3500,0.95,False,1.0,3,0.08333333333333333,19.17178668613258;7.008024884309719;6.5671128881715255,4,0.1111111111111111,False,False,False,False,5000.0,500.0
3,100.0,0,4,3500,0.95,False,1.0,0,0.0,6.674231024837578;7.323815742317821;14.608332295323352,3,0.08333333333333333,False,False,False,False,5000.0,500.0
3,100.0,0,4,3500,0.95,False,1.0,2,0.05555555555555555,339.8624054328395;329.1668524987418;21.292618621721555,0,0.0,False,False,False,False,5000.0,500.0
3,100.0,0,4,3500,0.95,False,0.6666666666666666,12,0.3333333333333333,2587.6718071637524;3.897341328455098,12,0.3333333333333333,False,False,False,False,5000.0,500.0
3,100.0,0,4,3500,0.95,False,1.0,2,0.05555555555555555,131.0437288907779;121.11466383397055;10.250896248720442,3,0.08333333333333333,False,False,False,False,5000.0,500.0
3,100.0,0,4,3500,0.95,False,0.6666666666666666,12,0.3333333333333333,6.2686643824658645;342.1957932065747,12,0.3333333333333333,False,False,False,False,5000.0,500.0
3,100.0,0,4,3500,0.95,False,1.0,2,0.05555555555555555,0.6550404218521935;36.17227514206497;20.140865241058126,0,0.0,False,False,False,False,5000.0,500.0
3,100.0,0,4,3500,0.95,False,1.0,0,0.0,21.731853948876726;10.364789164357038;3.207774465554331,0,0.0,False,False,False,False,5000.0,500.0
3,100.0,0,4,3500,0.95,False,1.0,0,0.0,9.771898672731972;6.440883082306618;16.619816592225416,7,0.19444444444444445,False,False,False,False,5000.0,500.0
3,100.0,0,4,3500,0.95,False,1.0,0,0.0,17.18415850369538;6.288097845288955;10.58568401084945,0,0.0,False,False,False,False,5000.0,500.0
3,100.0,0,4,3500,0.95,False,1.0,2,0.05555555555555555,332.5321822471146;338.36973872513244;12.214097928094773,0,0.0,False,False,False,False,5000.0,500.0
3,100.0,0,4,3500,0.95,False,1.0,0,0.0,6.221451810353058;3.372795229201201;3.053594895980019,1,0.027777777777777776,False,False,False,False,5000.0,500.0
3,100.0,0,4,3500,0.95,False,1.0,0,0.0,8.845663157639557;10.641627265893378;18.920980990987143,0,0.0,False,False,False,False,5000.0,500.0
3,100.0,0,4,3500,0.95,False,1.0,0,0.0,8.202957729240913;7.280492211054809;7.314803797162719,1,0.027777777777777776,False,False,False,False,5000.0,500.0
3,100.0,0,4,3500,0.95,False,1.0,5,0.1388888888888889,587.4990136004193;3.890327176472897;980.470733981588,2,0.05555555555555555,False,False,False,False,5000.0,500.0
3,100.0,0,4,3500,0.95,False,1.0,2,0.05555555555555555,14.464807746697751;156.61439289968152;172.60147192993304,0,0.0,False,False,False,False,5000.0,500.0
3,100.0,0,4,3500,0.95,False,0.6666666666666666,14,0.3888888888888889,519.2148089475587;467.872218273469,12,0.3333333333333333,False,False,False,False,5000.0,500.0
3,100.0,0,4,3500,0.95,False,1.0,2,0.05555555555555555,15.10308846529961;7.730004112104012;3.9490027285802616,0,0.0,False,False,False,False,5000.0,500.0
3,100.0,0,4,3500,0.95,False,0.6666666666666666,12,0.3333333333333333,5.707800070153302;47.312674552295675,12,0.3333333333333333,False,False,False,False,5000.0,500.0
3,100.0,0,4,3500,0.95,False,1.0,0,0.0,2.811490093511205;11.942269737752879;4.335469729351614,2,0.05555555555555555,False,False,False,False,5000.0,500.0
3,100.0,0,4,3500,0.95,False,1.0,0,0.0,21.722915936437634;3.9537516257914533;19.144979685643822,0,0.0,False,False,False,False,5000.0,500.0
3,100.0,0,4,3500,0.95,False,1.0,2,0.05555555555555555,4.883318728525049;15.471484441111064;25.31825707103401,0,0.0,False,False,False,False,5000.0,500.0
3,100.0,0,4,3500,0.95,False,0.6666666666666666,14,0.3888888888888889,17.692048253346673;11.420309668994097,12,0.3333333333333333,False,False,False,False,5000.0,500.0
3,100.0,0,4,3500,0.95,False,1.0,0,0.0,26.035218402473344;9.780239631455833;14.852190119012922,0,0.0,False,False,False,False,5000.0,500.0
3,100.0,0,4,3500,0.95,False,1.0,0,0.0,6.017002505161214;1.9673923194976533;5.238565606444181,1,0.027777777777777776,False,False,False,False,5000.0,500.0
3,100.0,0,4,3500,0.95,False,1.0,2,0.05555555555555555,8.07620216811214;31.775491855739087;11.548562201495024,2,0.05555555555555555,False,False,False,False,5000.0,500.0
3,100.0,0,4,3500,0.95,False,1.0,0,0.0,8.779485453865723;10.09781520746502;14.248392455045277,2,0.05555555555555555,False,False,False,False,5000.0,500.0
3,100.0,0,4,3500,0.95,False,1.0,0,0.0,17.932702255712584;8.860603564261872;5.345745181151745,0,0.0,False,False,False,False,5000.0,500.0
3,100.0,0,4,3500,0.95,False,1.0,2,0.05555555555555555,94.00642555315649;106.05568952467104;7.478191508405823,0,0.0,False,False,False,False,5000.0,500.0
3,100.0,0,4,3500,0.95,False,1.0,6,0.16666666666666666,91.07550137650175;39.94960374792518;83.58868623165618,0,0.0,False,False,False,False,5000.0,500.0
3,100.0,0,4,3500,0.95,False,1.0,4,0.1111111111111111,86.5252967788511;6.820466714103392;79.03151648263446,0,0.0,False,False,False,False,5000.0,500.0
3,100.0,0,4,3500,0.95,False,1.0,0,0.0,7.926362682846549;7.714200647097037;9.640808300152079,4,0.1111111111111111,False,False,False,False,5000.0,500.0
3,100.0,0,4,3500,0.95,False,1.0,0,0.0,11.788633858148314;8.240822052445543;1.962084913505914,2,0.05555555555555555,False,False,False,False,5000.0,500.0
3,100.0,0,4,3500,0.95,False,1.0,0,0.0,11.153289046736306;13.609879511180715;4.74076506988055,3,0.08333333333333333,False,False,False,False,5000.0,500.0
3,100.0,0,4,3500,0.95,False,0.6666666666666666,12,0.3333333333333333,829.5054348476697;16.738697846895423,12,0.3333333333333333,False,False,False,False,5000.0,500.0
3,100.0,0,4,3500,0.95,False,1.0,0,0.0,17.420724847810526;1.3096980229392676;5.220181275686629,0,0.0,False,False,False,False,5000.0,500.0
3,100.0,0,4,3500,0.95,False,1.0,0,0.0,10.102708100216358;6.984467847833473;8.687697125185972,0,0.0,False,False,False,False,5000.0,500.0
3,100.0,0,4,3500,0.95,False,0.6666666666666666,12,0.3333333333333333,25.090264096292398;1262.6998191804546,12,0.3333333333333333,False,False,False,False,5000.0,500.0
3,100.0,0,4,3500,0.95,False,0.6666666666666666,12,0.3333333333333333,511.6675192027031;25.855540124275592,12,0.3333333333333333,False,False,False,False,5000.0,500.0
3,100.0,0,4,3500,0.95,False,1.0,0,0.0,5.404168719726464;6.270216434327263;8.839875481420185,0,0.0,False,False,False,False,5000.0,500.0
3,100.0,0,4,3500,0.95,False,1.0,0,0.0,3.8255491281426797;9.370205576048656;4.19120347206998,0,0.0,False,False,False,False,5000.0,500.0
3,100.0,0,4,3500,0.95,False,1.0,2,0.05555555555555555,10.0651976084425;199.35896459999285;207.2454714785531,0,0.0,False,False,False,False,5000.0,500.0
3,100.0,0,4,3500,0.95,False,1.0,0,0.0,5.848555783498691;24.1411414252287;23.152849374663578,0,0.0,False,False,False,False,5000.0,500.0
3,100.0,0,4,3500,0.95,False,1.0,0,0.0,6.956736287694697;17.61160294022762;11.158789432431718,0,0.0,False,False,False,False,5000.0,500.0
3,100.0,0,4,3500,0.95,False,1.0,0,0.0,14.5950744254492;4.440184828033111;3.583273269917393,0,0.0,False,False,False,False,5000.0,500.0
3,100.0,0,4,3500,0.95,False,0.6666666666666666,12,0.3333333333333333,1650.9806957742794;10.475504322821852,12,0.3333333333333333,False,False,False,False,5000.0,500.0
3,100.0,0,4,3500,0.95,False,1.0,4,0.1111111111111111,241.8792998171309;233.92754540840122;6.651776542448319,0,0.0,False,False,False,False,5000.0,500.0
3,100.0,0,4,3500,0.95,False,0.6666666666666666,12,0.3333333333333333,156.29399003101926;1.1309501770786345,12,0.3333333333333333,False,False,False,False,5000.0,500.0
3,100.0,0,4,3500,0.95,False,1.0,2,0.05555555555555555,6.517256602283157;17.78158442042075;14.002713522953835,0,0.0,False,False,False,False,5000.0,500.0
3,100.0,0,4,3500,0.95,False,1.0,0,0.0,10.961564937625878;27.93723297576877;5.439572565649294,0,0.0,False,False,False,False,5000.0,500.0
3,100.0,0,4,3500,0.95,False,1.0,0,0.0,18.515812236053506;7.384509898534325;8.819546118019723,0,0.0,False,False,False,False,5000.0,500.0
3,100.0,0,4,3500,0.95,False,1.0,0,0.0,9.452558858745684;9.816663961195607;15.075173187909371,0,0.0,False,False,False,False,5000.0,500.0
3,100.0,0,4,3500,0.95,False,1.0,0,0.0,6.032608865739196;11.189894732335814;3.3153646623679687,0,0.0,False,False,False,False,5000.0,500.0
3,100.0,0,4,3500,0.95,False,1.0,2,0.05555555555555555,10.550925755602803;14.340598026623958;6.832355285632989,0,0.0,False,False,False,False,5000.0,500.0
3,100.0,0,4,3500,0.95,False,1.0,2,0.05555555555555555,5.827075476502692;85.13191237770593;81.78832581505937,0,0.0,False,False,False,False,5000.0,500.0
3,100.0,0,4,3500,0.95,False,1.0,0,0.0,18.000682033445056;8.3100666128556;7.493152188998173,1,0.027777777777777776,False,False,False,False,5000.0,500.0
3,100.0,0,4,3500,0.95,False,1.0,0,0.0,2.973388429124512;6.8477088161269535;11.055075045506433,3,0.08333333333333333,False,False,False,False,5000.0,500.0
3,100.0,0,4,3500,0.95,False,0.6666666666666666,12,0.3333333333333333,14.099576229297904;230.67599051169594,12,0.3333333333333333,False,False,False,False,5000.0,500.0
3,100.0,0,4,3500,0.95,False,1.0,2,0.05555555555555555,171.72737627206016;1.1089022134080768;170.51628284450388,0,0.0,False,False,False,False,5000.0,500.0
3,100.0,0,4,3500,0.95,False,1.0,0,0.0,4.966513487049979;7.675155788631156;13.840918256465116,1,0.027777777777777776,False,False,False,False,5000.0,500.0
3,100.0,0,4,3500,0.95,False,1.0,0,0.0,24.07313021157288;15.398512952984346;12.15869924665585,0,0.0,False,False,False,False,5000.0,500.0
3,100.0,0,4,3500,0.95,False,1.0,0,0.0,15.987946072460524;17.634631069351553;9.722902438983683,1,0.027777777777777776,False,False,False,False,5000.0,500.0
3,100.0,0,4,3500,0.95,False,1.0,2,0.05555555555555555,53.39527355570985;59.54492266639949;5.671975328905205,0,0.0,False,False,False,False,5000.0,500.0
3,100.0,0,4,3500,0.95,False,1.0,0,0.0,7.798192110977557;11.426052438466359;3.351192183249478,0,0.0,False,False,False,False,5000.0,500.0
3,100.0,0,4,3500,0.95,False,0.6666666666666666,14,0.3888888888888889,195.23327140033513;132.66420883669826,12,0.3333333333333333,False,False,False,False,5000.0,500.0
3,100.0,0,4,3500,0.95,False,1.0,0,0.0,14.663296841374713;7.214479347277335;5.370709533141551,0,0.0,False,False,False,False,5000.0,500.0
3,100.0,0,4,3500,0.95,False,0.6666666666666666,12,0.3333333333333333,1023.2115551651804;11.92236150417642,12,0.3333333333333333,False,False,False,False,5000.0,500.0
3,100.0,0,4,3500,0.95,False,1.0,2,0.05555555555555555,20.201784433023253;10.926923997400698;32.74249767056034,0,0.0,False,False,False,False,5000.0,500.0
3,100.0,0,4,3500,0.95,False,1.0,0,0.0,9.067771928469769;12.206247283763135;9.731336318111495,0,0.0,False,False,False,False,5000.0,500.0
3,100.0,0,4,3500,0.95,False,1.0,2,0.05555555555555555,17.70502063793988;4.341923607127576;7.162911017574288,0,0.0,False,False,False,False,5000.0,500.0
3,100.0,0,4,3500,0.95,False,1.0,0,0.0,13.802033275239149;10.258615453844016;5.9623312725553985,0,0.0,False,False,False,False,5000.0,500.0
3,100.0,0,4,3500,0.95,False,1.0,0,0.0,7.838896963267233;9.166176499009099;5.945304498735494,0,0.0,False,False,False,False,5000.0,500.0
3,100.0,0,4,3500,0.95,False,0.6666666666666666,12,0.3333333333333333,1518.6930786067333;18.675871818287938,12,0.3333333333333333,False,False,False,False,5000.0,500.0
3,100.0,0,4,3500,0.95,False,1.0,0,0.0,13.42383985034733;11.280435887934695;5.261429214718303,0,0.0,False,False,False,False,5000.0,500.0
3,100.0,0,4,3500,0.95,False,1.0,0,0.0,11.299043368581769;9.23394021847313;10.958878346734988,0,0.0,False,False,False,False,5000.0,500.0
3,100.0,0,4,3500,0.95,False,0.6666666666666666,13,0.3611111111111111,383.08897013147316;8.196142166412853,12,0.3333333333333333,False,False,False,False,5000.0,500.0
3,100.0,0,4,3500,0.95,False,1.0,2,0.05555555555555555,8.056842482468603;207.35352986729407;232.22362449033469,0,0.0,False,False,False,False,5000.0,500.0
3,100.0,0,4,3500,0.95,False,0.6666666666666666,14,0.3888888888888889,28.757150839583264;885.8248538373545,12,0.3333333333333333,False,False,False,False,5000.0,500.0
3,100.0,0,4,3500,0.95,False,1.0,0,0.0,1.1735649464689781;5.1723193820482;3.780379960827424,1,0.027777777777777776,False,False,False,False,5000.0,500.0
3,100.0,0,4,3500,0.95,False,1.0,6,0.16666666666666666,430.5561182153682;199.94369023751202;229.52066188415674,6,0.16666666666666666,False,False,False,False,5000.0,500.0
3,100.0,0,4,3500,0.95,False,1.0,4,0.1111111111111111,1.8957937732792092;26.441154044020426;348.90621507817406,6,0.16666666666666666,False,False,False,False,5000.0,500.0
3,100.0,0,4,3500,0.95,False,1.0,0,0.0,9.139558829990813;3.9601316444434898;20.62573454075947,0,0.0,False,False,False,False,5000.0,500.0
3,100.0,0,4,3500,0.95,False,1.0,0,0.0,7.895413499544443;2.078089304749862;3.7367344285287913,1,0.027777777777777776,False,False,False,False,5000.0,500.0
3,100.0,0,4,3500,0.95,False,1.0,0,0.0,5.213902486867577;10.641737430510362;14.959048970516417,3,0.08333333333333333,False,False,False,False,5000.0,500.0
3,100.0,0,4,3500,0.95,False,1.0,0,0.0,13.741006308713867;7.326409379090285;3.201535048911384,0,0.0,False,False,False,False,5000.0,500.0
3,100.0,0,4,3500,0.95,False,1.0,0,0.0,6.594302799556828;11.055685384109223;14.208470585521882,0,0.0,False,False,False,False,5000.0,500.0
3,100.0,0,4,3500,0.95,False,1.0,0,0.0,6.43624583895369;12.101001527690578;15.704471743090116,2,0.05555555555555555,False,False,False,False,5000.0,500.0
3,100.0,0,4,3500,0.95,False,1.0,6,0.16666666666666666,180.62850565747684;14.497121137783756;185.43070409221463,0,0.0,False,False,False,False,5000.0,500.0
3,100.0,0,4,3500,0.95,False,1.0,0,0.0,31.521751739405275;14.110673877592365;15.398141058031696,0,0.0,False,False,False,False,5000.0,500.0
3,100.0,0,4,3500,0.95,False,0.6666666666666666,13,0.3611111111111111,679.7503297170944;560.9549287343893,12,0.3333333333333333,False,False,False,False,5000.0,500.0
3,100.0,0,4,3500,0.95,False,1.0,2,0.05555555555555555,11.824011909639507;11.418586899297196;11.304874493273866,0,0.0,False,False,False,False,5000.0,500.0
3,100.0,0,4,3500,0.95,False,1.0,0,0.0,1.5517257515169856;2.6006049419820743;2.9521519291060967,0,0.0,False,False,False,False,5000.0,500.0
3,100.0,0,4,3500,0.95,False,1.0,0,0.0,16.03643590773969;8.409520162444599;10.588920963585098,0,0.0,False,False,False,False,5000.0,500.0
3,100.0,0,4,3500,0.95,False,1.0,0,0.0,10.861721147123449;0.8363245310681454;4.906540552540771,3,0.08333333333333333,False,False,False,False,5000.0,500.0
3,100.0,0,4,3500,0.95,False,1.0,1,0.027777777777777776,15.129408202090868;11.434197621313137;11.313296861956113,7,0.19444444444444445,False,False,False,False,5000.0,500.0
3,100.0,0,4,3500,0.95,False,1.0,0,0.0,14.399004425288474;11.07850274191137;0.8329215231743509,1,0.027777777777777776,False,False,False,False,5000.0,500.0
3,100.0,0,4,3500,0.95,False,1.0,0,0.0,12.57532855825146;19.373283710266;14.754820187685644,1,0.027777777777777776,False,False,False,False,5000.0,500.0
3,100.0,0,4,3500,0.95,False,0.6666666666666666,12,0.3333333333333333,477.5703740616454;17.65678478662006,12,0.3333333333333333,False,False,False,False,5000.0,500.0
3,100.0,0,4,3500,0.95,False,0.6666666666666666,12,0.3333333333333333,3.43222172578677;1139.835444129029,12,0.3333333333333333,False,False,False,False,5000.0,500.0
3,100.0,0,4,3500,0.95,False,0.6666666666666666,12,0.3333333333333333,947.9661268543351;19.045826453716813,12,0.3333333333333333,False,False,False,False,5000.0,500.0
3,100.0,0,4,3500,0.95,False,1.0,2,0.05555555555555555,415.6483428697855;412.49783972939696;4.482629612638525,0,0.0,False,False,False,False,5000.0,500.0
3,100.0,0,4,3500,0.95,False,1.0,0,0.0,5.649769559012795;13.663330323936757;14.692270463205896,0,0.0,False,False,False,False,5000.0,500.0
3,100.0,0,4,3500,0.95,False,1.0,0,0.0,10.31930199061755;18.274175674155945;2.8565154355844773,0,0.0,False,False,False,False,5000.0,500.0
3,100.0,0,4,3500,0.95,False,1.0,0,0.0,8.726171205034257;4.373825612705679;9.431078415346903,0,0.0,False,False,False,False,5000.0,500.0
3,100.0,0,4,3500,0.95,False,1.0,0,0.0,9.651476835842534;7.888192129787953;3.1123107980030222,0,0.0,False,False,False,False,5000.0,500.0
3,100.0,0,4,3500,0.95,False,1.0,0,0.0,7.394259047841608;12.763189036999623;5.999796037034509,2,0.05555555555555555,False,False,False,False,5000.0,500.0
3,100.0,0,4,3500,0.95,False,1.0,0,0.0,6.146695748661067;5.460040808366589;7.245060790743966,0,0.0,False,False,False,False,5000.0,500.0
3,100.0,0,4,3500,0.95,False,1.0,0,0.0,1.926598648277364;12.531977023388738;13.094103909276432,0,0.0,False,False,False,False,5000.0,500.0
3,100.0,0,4,3500,0.95,False,1.0,0,0.0,8.635397076415684;21.77478425252444;3.112297887030193,3,0.08333333333333333,False,False,False,False,5000.0,500.0
3,100.0,0,4,3500,0.95,False,1.0,2,0.05555555555555555,24.89753514648783;3.3003277636528305;3.7468282058060263,2,0.05555555555555555,False,False,False,False,5000.0,500.0
3,100.0,0,4,3500,0.95,False,1.0,0,0.0,15.976079059851335;7.137410605330147;6.503321941551829,1,0.027777777777777776,False,False,False,False,5000.0,500.0
3,100.0,0,4,3500,0.95,False,1.0,0,0.0,16.997002409484946;8.61455519330102;16.44169834552092,1,0.027777777777777776,False,False,False,False,5000.0,500.0
3,100.0,0,4,3500,0.95,False,1.0,4,0.1111111111111111,14.5273663026291;477.20480783841094;490.78908871311404,0,0.0,False,False,False,False,5000.0,500.0
3,100.0,0,4,3500,0.95,False,1.0,0,0.0,19.89528348212436;5.59845864354872;8.917122660862384,0,0.0,False,False,False,False,5000.0,500.0
3,100.0,0,4,3500,0.95,False,1.0,2,0.05555555555555555,13.834849694186786;7.675886023123271;29.089045227198326,0,0.0,False,False,False,False,5000.0,500.0
3,100.0,0,4,3500,0.95,False,1.0,2,0.05555555555555555,47.63185918543786;10.624543435660447;60.94611150054466,2,0.05555555555555555,False,False,False,False,5000.0,500.0
3,100.0,0,4,3500,0.95,False,1.0,0,0.0,10.41894658287301;15.134438368565062;13.601890549111538,0,0.0,False,False,False,False,5000.0,500.0
3,100.0,0,4,3500,0.95,False,1.0,0,0.0,7.573414871803834;3.0017939768594015;18.62224558086871,0,0.0,False,False,False,False,5000.0,500.0
3,100.0,0,4,3500,0.95,False,1.0,0,0.0,14.095035743483034;5.865246281801911;9.591942606236373,0,0.0,False,False,False,False,5000.0,500.0
3,100.0,0,4,3500,0.95,False,1.0,0,0.0,5.332392235684389;8.642468427575123;15.238135270548295,0,0.0,False,False,False,False,5000.0,500.0
4,100.0,0,4,3500,0.95,False,0.75,15,0.3125,522.6836556635697;255.7559128051333;21.988137428444496,12,0.25,False,False,False,False,5000.0,500.0
4,100.0,0,4,3500,0.95,False,0.75,12,0.25,825.2238751844327;2.1742936447306924;9806.596961485917,15,0.3125,False,False,False,False,5000.0,500.0
4,100.0,0,4,3500,0.95,False,0.5,25,0.5208333333333334,637.5483454633844;8775.048501235038,24,0.5,False,False,False,False,5000.0,500.0
4,100.0,0,4,3500,0.95,False,0.5,24,0.5,1196.0528641917833;1212.5845850361618,24,0.5,False,False,False,False,5000.0,500.0
4,100.0,0,4,3500,0.95,False,0.5,25,0.5208333333333334,2191.315586928516;167.26258442056695,24,0.5,False,False,False,False,5000.0,500.0
4,100.0,0,4,3500,0.95,False,0.5,26,0.5416666666666666,1310.4352588343788;391.37310172965357,24,0.5,False,False,False,False,5000.0,500.0
4,100.0,0,4,3500,0.95,False,0.5,24,0.5,1652.5522494981428;780.2472471592963,24,0.5,False,False,False,False,5000.0,500.0
4,100.0,0,4,3500,0.95,False,0.5,24,0.5,160.33851937643465;2690.6149148615073,24,0.5,False,False,False,False,5000.0,500.0
4,100.0,0,4,3500,0.95,False,0.75,12,0.25,5.667214153793064;244.04215001481222;27.473840535003983,12,0.25,False,False,False,False,5000.0,500.0
4,100.0,0,4,3500,0.95,False,0.5,25,0.5208333333333334,305.9287005375979;331.5288476137898,24,0.5,False,False,False,False,5000.0,500.0
4,100.0,0,4,3500,0.95,False,0.5,24,0.5,1101.1434497160326;9.679392912747138,24,0.5,False,False,False,False,5000.0,500.0
4,100.0,0,4,3500,0.95,False,0.5,25,0.5208333333333334,1373.2776405136656;2516.2620407207446,24,0.5,False,False,False,False,5000.0,500.0
4,100.0,0,4,3500,0.95,False,0.5,27,0.5625,920.2413330388391;994.8276811552853,24,0.5,False,False,False,False,5000.0,500.0
4,100.0,0,4,3500,0.95,False,1.0,2,0.041666666666666664,22.519680536367236;5.837606557448352;12.181065702863734;28.218766491015607,3,0.0625,False,False,False,False,5000.0,500.0
4,100.0,0,4,3500,0.95,False,1.0,0,0.0,8.286343029603103;4.92434076896071;12.667948259429648;29.750858067256228,2,0.041666666666666664,False,False,False,False,5000.0,500.0
4,100.0,0,4,3500,0.95,False,1.0,0,0.0,19.31103730457871;10.97871481233331;9.26306237706049;108.53320034509277,8,0.16666666666666666,False,False,False,False,5000.0,500.0
4,100.0,0,4,3500,0.95,False,0.75,14,0.2916666666666667,483.0428526769933;242.79373028174166;1707.424503170313,13,0.2708333333333333,False,False,False,False,5000.0,500.0
4,100.0,0,4,3500,0.95,False,0.75,13,0.2708333333333333,82.41245117027199;1181.3079167847495;16.183657041493092,12,0.25,False,False,False,False,5000.0,500.0
4,100.0,0,4,3500,0.95,False,0.75,16,0.3333333333333333,20.98836667514574;141.34122154222223;134.0401917799399,12,0.25,False,False,False,False,5000.0,500.0
4,100.0,0,4,3500,0.95,False,0.5,26,0.5416666666666666,498.37075289434085;529.4496157870143,24,0.5,False,False,False,False,5000.0,500.0
4,100.0,0,4,3500,0.95,False,1.0,2,0.041666666666666664,7.887513544862784;26.545824294017223;8.290847106336576;14.937377225640882,0,0.0,False,False,False,False,5000.0,500.0
4,100.0,0,4,3500,0.95,False,1.0,0,0.0,28.76023177026618;9.012290388667719;7.0496245018243595;18.008391774060172,2,0.041666666666666664,False,False,False,False,5000.0,500.0
4,100.0,0,4,3500,0.95,False,0.75,15,0.3125,1576.6329871194196;286.99529213455264;289.98432669664413,13,0.2708333333333333,False,False,False,False,5000.0,500.0
4,100.0,0,4,3500,0.95,False,0.75,16,0.3333333333333333,703.0136405448823;11.518494500949764;926.0311570627446,13,0.2708333333333333,False,False,False,False,5000.0,500.0
4,100.0,0,4,3500,0.95,False,1.0,0,0.0,27.159668658335328;9.773814593961136;10.873111929507935;16.58431384177453,2,0.041666666666666664,False,False,False,False,5000.0,500.0
4,100.0,0,4,3500,0.95,False,0.5,26,0.5416666666666666,1225.9692686208687;964.6224514433418,24,0.5,False,False,False,False,5000.0,500.0
4,100.0,0,4,3500,0.95,False,0.75,9,0.1875,2.6063566244031975;9.496269614483019;5186.766930893576,16,0.3333333333333333,False,False,False,False,5000.0,500.0
4,100.0,0,4,3500,0.95,False,0.75,14,0.2916666666666667,14.951855831936653;8.66630052673648;1181.4163230369893,12,0.25,False,False,False,False,5000.0,500.0
4,100.0,0,4,3500,0.95,False,1.0,0,0.0,3.907723198681325;10.623596486664344;9.614452852733143;9.110395402660867,0,0.0,False,False,False,False,5000.0,500.0
4,100.0,0,4,3500,0.95,False,0.5,25,0.5208333333333334,2892.127984817667;1436.1001463556538,24,0.5,False,False,False,False,5000.0,500.0
4,100.0,0,4,3500,0.95,False,0.5,26,0.5416666666666666,1371.824448358909;489.02479044736526,24,0.5,False,False,False,False,5000.0,500.0
4,100.0,0,4,3500,0.95,False,0.75,13,0.2708333333333333,234.5813216093755;277.39414894918525;3.0138881876171246,13,0.2708333333333333,False,False,False,False,5000.0,500.0
4,100.0,0,4,3500,0.95,False,1.0,0,0.0,5.629475099628876;16.929965522583895;17.10855640121428;18.684063474012,3,0.0625,False,False,False,False,5000.0,500.0
4,100.0,0,4,3500,0.95,False,0.75,13,0.2708333333333333,55.33898569695833;8.465219764426472;444.0655404960753,12,0.25,False,False,False,False,5000.0,500.0
4,100.0,0,4,3500,0.95,False,1.0,0,0.0,20.751590248475274;5.439892863124193;48.57502793211257;9.863228506734847,10,0.20833333333333334,False,False,False,False,5000.0,500.0
4,100.0,0,4,3500,0.95,False,0.5,25,0.5208333333333334,75.70868289173599;685.3692141215644,24,0.5,False,False,False,False,5000.0,500.0
4,100.0,0,4,3500,0.95,False,0.5,25,0.5208333333333334,799.0300737177829;1829.493249879755,24,0.5,False,False,False,False,5000.0,500.0
4,100.0,0,4,3500,0.95,False,0.75,11,0.22916666666666666,22.809625646136208;4.744264753839381;4.454281845014616,13,0.2708333333333333,False,False,False,False,5000.0,500.0
4,100.0,0,4,3500,0.95,False,0.75,12,0.25,9.020821596242442;4.569346327053011;3471.345141398439,12,0.25,False,False,False,False,5000.0,500.0
4,100.0,0,4,3500,0.95,False,0.5,28,0.5833333333333334,1327.6115837251684;1441.6819021639008,24,0.5,False,False,False,False,5000.0,500.0
4,100.0,0,4,3500,0.95,False,1.0,2,0.041666666666666664,2.2251510102768486;72.18713026828856;66.61171061806982;8.935229203511176,5,0.10416666666666667,False,False,False,False,5000.0,500.0
4,100.0,0,4,3500,0.95,False,0.5,24,0.5,3618.00777875804;1.2266643975181897,24,0.5,False,False,False,False,5000.0,500.0
4,100.0,0,4,3500,0.95,False,0.75,15,0.3125,27.256340615906684;151.66448194715773;2608.295969500045,12,0.25,False,False,False,False,5000.0,500.0
4,100.0,0,4,3500,0.95,False,0.75,14,0.2916666666666667,43.36556142127023;16.970323257817988;1318.664201657335,17,0.3541666666666667,False,False,False,False,5000.0,500.0
4,100.0,0,4,3500,0.95,False,0.75,14,0.2916666666666667,2643.9667537020314;158.7725906894411;160.17615525990917,12,0.25,False,False,False,False,5000.0,500.0
4,100.0,0,4,3500,0.95,False,1.0,6,0.125,75.4507084280906;637.3855575119422;780.1239703941727;15.626554893249372,5,0.10416666666666667,False,False,False,False,5000.0,500.0
4,100.0,0,4,3500,0.95,False,1.0,1,0.020833333333333332,9.459430113559714;9.037196043298003;32.24857947979021;14.464719875558899,7,0.14583333333333334,False,False,False,False,5000.0,500.0
4,100.0,0,4,3500,0.95,False,0.5,27,0.5625,3713.526059152712;2374.5698573780696,24,0.5,False,False,False,False,5000.0,500.0
4,100.0,0,4,3500,0.95,False,1.0,2,0.041666666666666664,263.47656115479117;37.96573644645131;149.35200120623134;24.121836810011757,10,0.20833333333333334,False,False,False,False,5000.0,500.0
4,100.0,0,4,3500,0.95,False,0.5,24,0.5,1467.9191013622014;68.4448201627978,24,0.5,False,False,False,False,5000.0,500.0
4,100.0,0,4,3500,0.95,False,0.5,25,0.5208333333333334,1415.4734353584333;878.9311512787808,24,0.5,False,False,False,False,5000.0,500.0
4,100.0,0,4,3500,0.95,False,1.0,0,0.0,41.3506476679433;6.325211451404918;7.652993904074703;17.60076696161475,6,0.125,False,False,False,False,5000.0,500.0
4,100.0,0,4,3500,0.95,False,0.75,10,0.20833333333333334,2152.0523308851666;686.78836629573;5.687470754337523,16,0.3333333333333333,False,False,False,False,5000.0,500.0
4,100.0,0,4,3500,0.95,False,0.75,14,0.2916666666666667,3023.1077281629296;335.5334481342409;710.0137240884487,14,0.2916666666666667,False,False,False,False,5000.0,500.0
4,100.0,0,4,3500,0.95,False,0.75,12,0.25,1121.1388121936948;7.487822763635673;22.254763641538776,14,0.2916666666666667,False,False,False,False,5000.0,500.0
4,100.0,0,4,3500,0.95,False,0.75,12,0.25,3.642446666425222;13.607681041382596;1754.7652245768666,15,0.3125,False,False,False,False,5000.0,500.0
4,100.0,0,4,3500,0.95,False,1.0,4,0.08333333333333333,14.285269127895544;145.0209125884837;166.89864698821734;9.223596807515426,3,0.0625,False,False,False,False,5000.0,500.0
4,100.0,0,4,3500,0.95,False,1.0,0,0.0,17.212526385606886;14.578323692754262;23.41141917258746;2.3930483654251398,4,0.08333333333333333,False,False,False,False,5000.0,500.0
4,100.0,0,4,3500,0.95,False,0.5,27,0.5625,9746.87821336184;86.77980478966714,24,0.5,False,False,False,False,5000.0,500.0
4,100.0,0,4,3500,0.95,False,0.75,15,0.3125,31.499569069870965;75.78308987481446;99.7626172166697,13,0.2708333333333333,False,False,False,False,5000.0,500.0
4,100.0,0,4,3500,0.95,False,0.5,24,0.5,485.18204828620617;573.9929192261012,24,0.5,False,False,False,False,5000.0,500.0
4,100.0,0,4,3500,0.95,False,0.5,24,0.5,2072.1057749625697;1573.4947531608934,24,0.5,False,False,False,False,5000.0,500.0
4,100.0,0,4,3500,0.95,False,0.5,25,0.5208333333333334,1854.6168632608044;2194.8833881102864,24,0.5,False,False,False,False,5000.0,500.0
4,100.0,0,4,3500,0.95,False,1.0,0,0.0,15.637251822019111;16.472715996548853;14.350070275444173;6.765492206190356,2,0.041666666666666664,False,False,False,False,5000.0,500.0
4,100.0,0,4,3500,0.95,False,0.75,12,0.25,12.963384192750242;55.88596030022015;6.443027938153306,13,0.2708333333333333,False,False,False,False,5000.0,500.0
4,100.0,0,4,3500,0.95,False,1.0,0,0.0,9.20345298710237;18.572027012308602;8.695370375107078;4.053584834556224,7,0.14583333333333334,False,False,False,False,5000.0,500.0
4,100.0,0,4,3500,0.95,False,0.5,26,0.5416666666666666,7995.80851391805;547.5732985488606,24,0.5,False,False,False,False,5000.0,500.0
4,100.0,0,4,3500,0.95,False,0.75,14,0.2916666666666667,225.0648676555191;359.0155572447079;4.784265758864334,15,0.3125,False,False,False,False,5000.0,500.0
4,100.0,0,4,3500,0.95,False,0.75,15,0.3125,3880.719831819641;35.801261729493525;5.656798975676167,14,0.2916666666666667,False,False,False,False,5000.0,500.0
4,100.0,0,4,3500,0.95,False,0.5,24,0.5,147.09933554582787;500.10724858555244,24,0.5,False,False,False,False,5000.0,500.0
4,100.0,0,4,3500,0.95,False,1.0,0,0.0,21.309493772669203;6.934888186143399;22.361171195541814;9.761971546798321,11,0.22916666666666666,False,False,False,False,5000.0,500.0
4,100.0,0,4,3500,0.95,False,0.75,14,0.2916666666666667,437.50980210859046;194.2566840684043;12.963539345950961,14,0.2916666666666667,False,False,False,False,5000.0,500.0
4,100.0,0,4,3500,0.95,False,1.0,0,0.0,5.15830779363229;7.36531376204721;10.68570726474628;2.1044188048514156,3,0.0625,False,False,False,False,5000.0,500.0
4,100.0,0,4,3500,0.95,False,0.5,25,0.5208333333333334,563.129585635152;397.37784378796124,24,0.5,False,False,False,False,5000.0,500.0
4,100.0,0,4,3500,0.95,False,0.75,13,0.2708333333333333,11.928499803223183;721.4385473818704;14.146020688685912,16,0.3333333333333333,False,False,False,False,5000.0,500.0
4,100.0,0,4,3500,0.95,False,0.75,16,0.3333333333333333,1403.996377897086;516.9063747819381;7.135156884648572,18,0.375,False,False,False,False,5000.0,500.0
4,100.0,0,4,3500,0.95,False,0.75,13,0.2708333333333333,2500.9903971740455;14.775178506972555;17.438181526747584,12,0.25,False,False,False,False,5000.0,500.0
4,100.0,0,4,3500,0.95,False,0.75,12,0.25,140.42854066205595;298.7974870884049;32.807837694374705,13,0.2708333333333333,False,False,False,False,5000.0,500.0
4,100.0,0,4,3500,0.95,False,1.0,0,0.0,8.555100657814155;23.367624479044338;9.286428631132196;14.792905848474234,1,0.020833333333333332,False,False,False,False,5000.0,500.0
4,100.0,0,4,3500,0.95,False,0.5,26,0.5416666666666666,2993.79275316232;1253.6025951989018,24,0.5,False,False,False,False,5000.0,500.0
4,100.0,0,4,3500,0.95,False,1.0,1,0.020833333333333332,3.5397777811098576;10.366614483034347;177.3721288800308;12.138691365499245,9,0.1875,False,False,False,False,5000.0,500.0
4,100.0,0,4,3500,0.95,False,0.75,12,0.25,26.83371811556261;322.9039339367276;0.9297997810894807,13,0.2708333333333333,False,False,False,False,5000.0,500.0
4,100.0,0,4,3500,0.95,False,0.75,12,0.25,13.240390428447151;2.4201527356940726;7.142885058033354,12,0.25,False,False,False,False,5000.0,500.0
4,100.0,0,4,3500,0.95,False,0.75,17,0.3541666666666667,282.78731349773244;1117.1185299125386;11.214332629636122,16,0.3333333333333333,False,False,False,False,5000.0,500.0
4,100.0,0,4,3500,0.95,False,0.75,12,0.25,516.2316723171172;13.442053089337858;9.505956772478902,13,0.2708333333333333,False,False,False,False,5000.0,500.0
4,100.0,0,4,3500,0.95,False,0.75,13,0.2708333333333333,2961.952254613449;14.639149297750578;73.56881810640645,14,0.2916666666666667,False,False,False,False,5000.0,500.0
4,100.0,0,4,3500,0.95,False,0.75,14,0.2916666666666667,669.5513019682194;7.7649573302698975;332.8938754942109,16,0.3333333333333333,False,False,False,False,5000.0,500.0
4,100.0,0,4,3500,0.95,False,0.75,19,0.3958333333333333,734.2016160988312;24.273031327748246;38.95271181229606,12,0.25,False,False,False,False,5000.0,500.0
4,100.0,0,4,3500,0.95,False,0.75,14,0.2916666666666667,1235.9223157809977;235.88467986247989;12.439330458294002,13,0.2708333333333333,False,False,False,False,5000.0,500.0
4,100.0,0,4,3500,0.95,False,0.75,17,0.3541666666666667,4880.3500528024215;13.717518474687454;9.521474829047042,15,0.3125,False,False,False,False,5000.0,500.0
4,100.0,0,4,3500,0.95,False,0.75,12,0.25,788.0255777510715;9.934139092225399;18.702352812724616,12,0.25,False,False,False,False,5000.0,500.0
4,100.0,0,4,3500,0.95,False,1.0,0,0.0,5.729408719875946;6.556246198828453;7.810023496809627;5.904743800982241,5,0.10416666666666667,False,False,False,False,5000.0,500.0
4,100.0,0,4,3500,0.95,False,0.5,25,0.5208333333333334,845.2714660977191;637.2315143258419,24,0.5,False,False,False,False,5000.0,500.0
4,100.0,0,4,3500,0.95,False,0.75,12,0.25,2.864304527187704;934.6389655097095;12.857940383330762,12,0.25,False,False,False,False,5000.0,500.0
4,100.0,0,4,3500,0.95,False,0.75,13,0.2708333333333333,115.22716564243072;1928.6398720576076;5.8622238005645455,12,0.25,False,False,False,False,5000.0,500.0
4,100.0,0,4,3500,0.95,False,0.75,17,0.3541666666666667,1221.4798484497915;440.7445563378886;541.9984409332915,12,0.25,False,False,False,False,5000.0,500.0
4,100.0,0,4,3500,0.95,False,1.0,1,0.020833333333333332,22.046220296333345;123.58991922681898;16.20744105475126;11.849866638645507,5,0.10416666666666667,False,False,False,False,5000.0,500.0
4,100.0,0,4,3500,0.95,False,0.75,9,0.1875,12.353632362821958;1836.216493133629;5.169330899263882,17,0.3541666666666667,False,False,False,False,5000.0,500.0
4,100.0,0,4,3500,0.95,False,1.0,0,0.0,9.345217977360486;3.049834051167721;12.271246614727781;19.95813722299417,6,0.125,False,False,False,False,5000.0,500.0
4,100.0,0,4,3500,0.95,False,0.75,12,0.25,1983.3824379423475;12.474561605316106;9.524127684235081,13,0.2708333333333333,False,False,False,False,5000.0,500.0
4,100.0,0,4,3500,0.95,False,0.5,29,0.6041666666666666,2572.200904256498;1212.1056337992609,24,0.5,False,False,False,False,5000.0,500.0
4,100.0,0,4,3500,0.95,False,1.0,0,0.0,10.67489121657912;5.703399024459957;6.460197165169685;16.55346151243057,3,0.0625,False,False,False,False,5000.0,500.0
4,100.0,0,4,3500,0.95,False,0.75,12,0.25,2881.884667337468;8.422417886527336;17.60323098443887,14,0.2916666666666667,False,False,False,False,5000.0,500.0
4,100.0,0,4,3500,0.95,False,0.75,12,0.25,18.54326883414073;1124.947250050501;6.97298082903233,13,0.2708333333333333,False,False,False,False,5000.0,500.0
4,100.0,0,4,3500,0.95,False,0.5,24,0.5,3379.2798827327956;400.4336485936575,24,0.5,False,False,False,False,5000.0,500.0
4,100.0,0,4,3500,0.95,False,0.75,14,0.2916666666666667,3167.103853659224;6.019797938901069;571.2732991793737,14,0.2916666666666667,False,False,False,False,5000.0,500.0
4,100.0,0,4,3500,0.95,False,0.5,24,0.5,117.94270227311057;41.601076924936514,24,0.5,False,False,False,False,5000.0,500.0
4,100.0,0,4,3500,0.95,False,0.5,26,0.5416666666666666,674.0995911916375;1202.0675038613906,24,0.5,False,False,False,False,5000.0,500.0
4,100.0,0,4,3500,0.95,False,0.75,15,0.3125,3086.4736785141095;209.93923751203482;192.62909778513313,13,0.2708333333333333,False,False,False,False,5000.0,500.0
4,100.0,0,4,3500,0.95,False,0.75,16,0.3333333333333333,571.9068302128479;3728.7131790305802;30.489750425160143,15,0.3125,False,False,False,False,5000.0,500.0
4,100.0,0,4,3500,0.95,False,0.75,13,0.2708333333333333,18.74361969506522;550.9427396882614;3893.746192192821,12,0.25,False,False,False,False,5000.0,500.0
4,100.0,0,4,3500,0.95,False,1.0,2,0.041666666666666664,18.48642137213084;9.444774124866846;7.518582293312019;3.5761395241716314,4,0.08333333333333333,False,False,False,False,5000.0,500.0
4,100.0,0,4,3500,0.95,False,0.75,13,0.2708333333333333,7.538986267296034;724.0122638578033;236.567343283087,13,0.2708333333333333,False,False,False,False,5000.0,500.0
4,100.0,0,4,3500,0.95,False,1.0,0,0.0,7.455528763085043;11.112537508019601;14.818447638226413;16.5102834431323,4,0.08333333333333333,False,False,False,False,5000.0,500.0
4,100.0,0,4,3500,0.95,False,1.0,4,0.08333333333333333,60.417472311366815;72.54849584772542;14.065622224784759;20.27327005888633,3,0.0625,False,False,False,False,5000.0,500.0
4,100.0,0,4,3500,0.95,False,0.5,24,0.5,949.1069686882238;7.486598104943168,24,0.5,False,False,False,False,5000.0,500.0
4,100.0,0,4,3500,0.95,False,1.0,2,0.041666666666666664,110.31913801431982;123.0930390667095;9.9193022987193;10.081234465790242,4,0.08333333333333333,False,False,False,False,5000.0,500.0
4,100.0,0,4,3500,0.95,False,1.0,2,0.041666666666666664,340.9169234023785;8.38469490382287;9.383261055473909;37.69850490353306,4,0.08333333333333333,False,False,False,False,5000.0,500.0
4,100.0,0,4,3500,0.95,False,0.75,12,0.25,1232.4966580439586;12.139476148845166;122.03780069381212,13,0.2708333333333333,False,False,False,False,5000.0,500.0
4,100.0,0,4,3500,0.95,False,0.75,14,0.2916666666666667,1445.7880165614317;1339.388393876983;9.991407326000017,14,0.2916666666666667,False,False,False,False,5000.0,500.0
4,100.0,0,4,3500,0.95,False,0.75,14,0.2916666666666667,2066.113800944671;393.3301968492351;18.208107742978584,17,0.3541666666666667,False,False,False,False,5000.0,500.0
4,100.0,0,4,3500,0.95,False,0.75,15,0.3125,735.9339732228887;1360.2984091145663;12.948697705988282,17,0.3541666666666667,False,False,False,False,5000.0,500.0
4,100.0,0,4,3500,0.95,False,1.0,2,0.041666666666666664,25.047999416558337;18.002413517904085;7.857050118895354;14.103607948830339,2,0.041666666666666664,False,False,False,False,5000.0,500.0
4,100.0,0,4,3500,0.95,False,1.0,2,0.041666666666666664,10.618610874648335;11.134175660378927;7.423680258778365;26.752313604872953,5,0.10416666666666667,False,False,False,False,5000.0,500.0
4,100.0,0,4,3500,0.95,False,0.75,12,0.25,5.294030390501811;2364.3152027603;21.98409752299656,12,0.25,False,False,False,False,5000.0,500.0
4,100.0,0,4,3500,0.95,False,1.0,0,0.0,10.55504667440156;9.855205859050796;6.497721860618991;7.727726880942905,6,0.125,False,False,False,False,5000.0,500.0
4,100.0,0,4,3500,0.95,False,0.75,12,0.25,661.2962056221234;2.7012984785418483;4.1173349553574905,12,0.25,False,False,False,False,5000.0,500.0
4,100.0,0,4,3500,0.95,False,0.75,14,0.2916666666666667,380.08333477141167;999.8194227366511;10.491363981168963,12,0.25,False,False,False,False,5000.0,500.0
4,100.0,0,4,3500,0.95,False,0.75,12,0.25,10.30727768368862;6849.908542065339;23.78987435897404,14,0.2916666666666667,False,False,False,False,5000.0,500.0
4,100.0,0,4,3500,0.95,False,1.0,2,0.041666666666666664,514.7080389734432;8.33812557999466;12.037620408478162;35.61812923344011,7,0.14583333333333334,False,False,False,False,5000.0,500.0
4,100.0,0,4,3500,0.95,False,0.75,14,0.2916666666666667,8.29599162237223;1449.2207749293127;171.6951040721251,12,0.25,False,False,False,False,5000.0,500.0
4,100.0,0,4,3500,0.95,False,0.75,11,0.22916666666666666,5.599124498444005;13.80561145535583;1154.4360272078875,15,0.3125,False,False,False,False,5000.0,500.0
4,100.0,0,4,3500,0.95,False,1.0,0,0.0,7.6364375972530025;3.2665346908650643;3.5812583012390298;3.963064352043092,5,0.10416666666666667,False,False,False,False,5000.0,500.0
4,100.0,0,4,3500,0.95,False,0.75,12,0.25,10.560438000077664;15.124684994610034;5.554887202033862,13,0.2708333333333333,False,False,False,False,5000.0,500.0
4,100.0,0,4,3500,0.95,False,0.75,13,0.2708333333333333,10.791431206051923;1562.904256629791;8.195438555839765,15,0.3125,False,False,False,False,5000.0,500.0
4,100.0,0,4,3500,0.95,False,0.5,25,0.5208333333333334,6513.15922289102;988.8740417947556,24,0.5,False,False,False,False,5000.0,500.0
4,100.0,0,4,3500,0.95,False,1.0,0,0.0,15.315512971883237;14.454124070321615;16.70852943291831;11.663739706445506,2,0.041666666666666664,False,False,False,False,5000.0,500.0
4,100.0,0,4,3500,0.95,False,0.5,28,0.5833333333333334,1804.5477205463312;731.5608046335808,24,0.5,False,False,False,False,5000.0,500.0
4,100.0,0,4,3500,0.95,False,0.75,12,0.25,17.45709233597485;1384.6593776687055;5.443504251106764,12,0.25,False,False,False,False,5000.0,500.0
4,100.0,0,4,3500,0.95,False,0.5,25,0.5208333333333334,1992.9485719539407;22.587160529252042,24,0.5,False,False,False,False,5000.0,500.0
4,100.0,0,4,3500,0.95,False,0.75,15,0.3125,2887.5554142648384;108.89253956166351;102.14235510390436,14,0.2916666666666667,False,False,False,False,5000.0,500.0
4,100.0,0,4,3500,0.95,False,0.5,26,0.5416666666666666,2601.196603181125;1797.7547908319034,24,0.5,False,False,False,False,5000.0,500.0
4,100.0,0,4,3500,0.95,False,0.5,25,0.5208333333333334,8019.326506392402;2189.208456017883,24,0.5,False,False,False,False,5000.0,500.0
4,100.0,0,4,3500,0.95,False,1.0,0,0.0,8.354813978161387;11.292027822518097;20.82829029255484;8.10159856638259,1,0.020833333333333332,False,False,False,False,5000.0,500.0
4,100.0,0,4,3500,0.95,False,1.0,1,0.020833333333333332,11.268772465524199;172.78747245608088;5.618368042447232;7.9472089186641774,8,0.16666666666666666,False,False,False,False,5000.0,500.0
4,100.0,0,4,3500,0.95,False,1.0,4,0.08333333333333333,23.992203185360424;24.628630980820045;115.05905219584417;117.97212687027128,3,0.0625,False,False,False,False,5000.0,500.0
4,100.0,0,4,3500,0.95,False,0.75,14,0.2916666666666667,36.9990421682447;95.8771282134129;16.444449975992203,14,0.2916666666666667,False,False,False,False,5000.0,500.0
4,100.0,0,4,3500,0.95,False,1.0,0,0.0,5.722623755262447;0.06222530533711321;10.889995991494226;6.14500049054119,1,0.020833333333333332,False,False,False,False,5000.0,500.0
4,100.0,0,4,3500,0.95,False,0.75,10,0.20833333333333334,4418.152216177218;19.827982893222135;6.21175951351798,16,0.3333333333333333,False,False,False,False,5000.0,500.0
4,100.0,0,4,3500,0.95,False,1.0,0,0.0,4.334834046590591;7.439555513293691;34.962497308375184;7.7980855542074385,3,0.0625,False,False,False,False,5000.0,500.0
5,100.0,0,4,3500,0.95,False,0.6,24,0.4,6379.81832595451;37.05904879421335;225.908062431996,27,0.45,False,False,False,False,5000.0,500.0
5,100.0,0,4,3500,0.95,False,0.6,26,0.43333333333333335,210.49817475444047;413.5905242859377;7472.1688807547425,26,0.43333333333333335,False,False,False,False,5000.0,500.0
5,100.0,0,4,3500,0.95,False,0.6,24,0.4,30.98059175623082;1279.0235395847058;3910.650312447893,26,0.43333333333333335,False,False,False,False,5000.0,500.0
5,100.0,0,4,3500,0.95,False,0.6,27,0.45,820.8376543300127;409.84730110744596;2648.7893392257392,25,0.4166666666666667,False,False,False,False,5000.0,500.0
5,100.0,0,4,3500,0.95,False,0.6,24,0.4,837.2468534031162;1109.5989038026908;10.537718357414724,29,0.48333333333333334,False,False,False,False,5000.0,500.0
5,100.0,0,4,3500,0.95,False,0.6,25,0.4166666666666667,1495.858632213966;37.52027401159817;2.400527290794038,24,0.4,False,False,False,False,5000.0,500.0
5,100.0,0,4,3500,0.95,False,0.6,26,0.43333333333333335,1036.3936823680717;1714.6323897460866;5.148757815021301,24,0.4,False,False,False,False,5000.0,500.0
5,100.0,0,4,3500,0.95,False,0.6,25,0.4166666666666667,274.4403173524986;4140.472275124583;7.412611365613873,28,0.4666666666666667,False,False,False,False,5000.0,500.0
5,100.0,0,4,3500,0.95,False,0.8,13,0.21666666666666667,633.1072715156873;54.082583384904055;161.69637318602918;11.529596796799707,18,0.3,False,False,False,False,5000.0,500.0
5,100.0,0,4,3500,0.95,False,0.8,11,0.18333333333333332,483.50948401141034;917.9789028458312;491.82260256779347;10.82186363834867,21,0.35,False,False,False,False,5000.0,500.0
5,100.0,0,4,3500,0.95,False,0.6,23,0.38333333333333336,296.7137172323183;22.763023961859986;842.9393912981022,26,0.43333333333333335,False,False,False,False,5000.0,500.0
5,100.0,0,4,3500,0.95,False,0.6,24,0.4,867.4795008681621;19.243314739250312;696.3252771845264,27,0.45,False,False,False,False,5000.0,500.0
5,100.0,0,4,3500,0.95,False,0.6,27,0.45,295.20976050485774;29.90614434408912;148.03983806149776,25,0.4166666666666667,False,False,False,False,5000.0,500.0
5,100.0,0,4,3500,0.95,False,0.6,27,0.45,4655.502347852546;346.81588795254436;132.3802329554056,25,0.4166666666666667,False,False,False,False,5000.0,500.0
5,100.0,0,4,3500,0.95,False,0.6,27,0.45,4873.693652675307;2622.790475649261;8.535061203652058,24,0.4,False,False,False,False,5000.0,500.0
5,100.0,0,4,3500,0.95,False,0.6,28,0.4666666666666667,1515.3857955382623;601.5995992766442;4.2464915215268215,27,0.45,False,False,False,False,5000.0,500.0
5,100.0,0,4,3500,0.95,False,0.6,28,0.4666666666666667,4669.947227771687;1580.337509872803;898.642799581422,24,0.4,False,False,False,False,5000.0,500.0
5,100.0,0,4,3500,0.95,False,0.6,29,0.48333333333333334,1020.4446944207672;6275.127865205595;496.58915212585595,24,0.4,False,False,False,False,5000.0,500.0
5,100.0,0,4,3500,0.95,False,0.6,23,0.38333333333333336,2241.183696353243;1385.1328355619803;7.388905826294203,29,0.48333333333333334,False,False,False,False,5000.0,500.0
5,100.0,0,4,3500,0.95,False,0.6,29,0.48333333333333334,1359.0210640127325;5084.695668737399;690.1234823498684,24,0.4,False,False,False,False,5000.0,500.0
5,100.0,0,4,3500,0.95,False,0.6,25,0.4166666666666667,2555.8851207014336;16.939211293852612;1879.8325669511871,24,0.4,False,False,False,False,5000.0,500.0
5,100.0,0,4,3500,0.95,False,0.6,27,0.45,6094.800904480787;423.9659882174947;737.730200642152,26,0.43333333333333335,False,False,False,False,5000.0,500.0
5,100.0,0,4,3500,0.95,False,0.6,23,0.38333333333333336,748.510066909362;513.1453158118276;4.3974134575750705,29,0.48333333333333334,False,False,False,False,5000.0,500.0
5,100.0,0,4,3500,0.95,False,0.6,23,0.38333333333333336,5377.02725071195;22.951057993979568;525.0604415789393,29,0.48333333333333334,False,False,False,False,5000.0,500.0
5,100.0,0,4,3500,0.95,False,0.6,25,0.4166666666666667,69.53589183320834;2248.717535437558;536.8249192309926,28,0.4666666666666667,False,False,False,False,5000.0,500.0
5,100.0,0,4,3500,0.95,False,0.4,37,0.6166666666666667,1893.9760802869084;460.3446908914946,36,0.6,False,False,False,False,5000.0,500.0
5,100.0,0,4,3500,0.95,False,0.6,17,0.2833333333333333,893.369242016642;51.97463796665381;387.6546012741678,29,0.48333333333333334,False,False,False,False,5000.0,500.0
5,100.0,0,4,3500,0.95,False,0.8,9,0.15,341.1726013049989;9.66771828493158;2.815366728905958;493.82436529341885,17,0.2833333333333333,False,False,False,False,5000.0,500.0
5,100.0,0,4,3500,0.95,False,0.6,26,0.43333333333333335,2293.350090597623;13.046404152392478;873.25539123691,26,0.43333333333333335,False,False,False,False,5000.0,500.0
5,100.0,0,4,3500,0.95,False,0.6,26,0.43333333333333335,2.964799803926245;1777.973227429883;2537.4932729658462,25,0.4166666666666667,False,False,False,False,5000.0,500.0
5,100.0,0,4,3500,0.95,False,0.6,26,0.43333333333333335,618.1504766464744;70.11408837802959;3512.296933410636,27,0.45,False,False,False,False,5000.0,500.0
5,100.0,0,4,3500,0.95,False,0.6,24,0.4,1802.4803878969635;391.9104444004817;12.035334668157779,25,0.4166666666666667,False,False,False,False,5000.0,500.0
5,100.0,0,4,3500,0.95,False,0.4,38,0.6333333333333333,1311.8878475815097;2152.1010292274336,36,0.6,False,False,False,False,5000.0,500.0
5,100.0,0,4,3500,0.95,False,0.4,37,0.6166666666666667,2687.777961321461;1587.0585745449396,36,0.6,False,False,False,False,5000.0,500.0
5,100.0,0,4,3500,0.95,False,0.8,16,0.26666666666666666,10.968885398569583;2679.764694714699;257.06076766015565;1309.9337107201143,21,0.35,False,False,False,False,5000.0,500.0
5,100.0,0,4,3500,0.95,False,0.6,26,0.43333333333333335,91.32730008273018;594.0008869108933;12.119386112416171,28,0.4666666666666667,False,False,False,False,5000.0,500.0
5,100.0,0,4,3500,0.95,False,0.6,27,0.45,3035.668067758072;4413.102267673339;17.482464563444605,24,0.4,False,False,False,False,5000.0,500.0
5,100.0,0,4,3500,0.95,False,0.6,25,0.4166666666666667,157.99282531131936;1500.7998652760066;20.316142350877634,25,0.4166666666666667,False,False,False,False,5000.0,500.0
5,100.0,0,4,3500,0.95,False,0.4,36,0.6,619.1413666931492;1195.6622345073877,36,0.6,False,False,False,False,5000.0,500.0
5,100.0,0,4,3500,0.95,False,0.6,27,0.45,3220.6560296337893;230.77595281239724;9490.642269255235,24,0.4,False,False,False,False,5000.0,500.0
5,100.0,0,4,3500,0.95,False,0.8,14,0.23333333333333334,843.7732533216343;12.994646128043156;4009.4972860549933;5.314058622731105,19,0.31666666666666665,False,False,False,False,5000.0,500.0
5,100.0,0,4,3500,0.95,False,0.6,25,0.4166666666666667,3762.047946021795;3.236119291987414;336.2186787340078,25,0.4166666666666667,False,False,False,False,5000.0,500.0
5,100.0,0,4,3500,0.95,False,0.8,13,0.21666666666666667,3809.732408289766;147.64855776403445;9.134503956898001;14.391427869552867,16,0.26666666666666666,False,False,False,False,5000.0,500.0
5,100.0,0,4,3500,0.95,False,0.6,24,0.4,4671.828108727124;1969.210979957991;12.992851731678854,24,0.4,False,False,False,False,5000.0,500.0
5,100.0,0,4,3500,0.95,False,0.8,14,0.23333333333333334,24.36782889609544;543.8126103437056;883.7229249428625;7.2434492529536305,21,0.35,False,False,False,False,5000.0,500.0
5,100.0,0,4,3500,0.95,False,0.4,36,0.6,17.680717357328327;1053.6746264747824,36,0.6,False,False,False,False,5000.0,500.0
5,100.0,0,4,3500,0.95,False,0.8,21,0.35,303.6232501353826;3.878313445498094;3712.352486575253;266.5737248557163,14,0.23333333333333334,False,False,False,False,5000.0,500.0
5,100.0,0,4,3500,0.95,False,0.6,26,0.43333333333333335,92.52788655500873;2573.8938045889663;474.5349360415805,27,0.45,False,False,False,False,5000.0,500.0
5,100.0,0,4,3500,0.95,False,0.6,25,0.4166666666666667,4689.283963015313;170.6728597013308;16.62093817913462,26,0.43333333333333335,False,False,False,False,5000.0,500.0
5,100.0,0,4,3500,0.95,False,0.6,18,0.3,2720.1848446818635;450.67289207271625;2312.423439080664,31,0.5166666666666667,False,False,False,False,5000.0,500.0
5,100.0,0,4,3500,0.95,False,0.6,24,0.4,597.086783010884;586.5117658490985;18.43380398977028,28,0.4666666666666667,False,False,False,False,5000.0,500.0
5,100.0,0,4,3500,0.95,False,0.8,11,0.18333333333333332,521.5421029726007;8.591267483560403;2657.1835888713626;10.172982592806836,14,0.23333333333333334,False,False,False,False,5000.0,500.0
5,100.0,0,4,3500,0.95,False,0.6,26,0.43333333333333335,6532.912187493736;577.119111939019;342.8486548047658,24,0.4,False,False,False,False,5000.0,500.0
5,100.0,0,4,3500,0.95,False,0.6,25,0.4166666666666667,7148.177874022469;6.418760678350396;159.43888396614705,27,0.45,False,False,False,False,5000.0,500.0
5,100.0,0,4,3500,0.95,False,0.6,28,0.4666666666666667,1974.563084614587;70.16166570948144;234.6482961798146,25,0.4166666666666667,False,False,False,False,5000.0,500.0
5,100.0,0,4,3500,0.95,False,0.6,25,0.4166666666666667,18.703492077986226;233.06318915497843;1136.38508495701,24,0.4,False,False,False,False,5000.0,500.0
5,100.0,0,4,3500,0.95,False,0.8,15,0.25,3741.1327692015834;15.718043173858367;18.325063881653453;766.5761156668927,17,0.2833333333333333,False,False,False,False,5000.0,500.0
5,100.0,0,4,3500,0.95,False,0.4,36,0.6,640.9474713066093;1199.1737018766607,36,0.6,False,False,False,False,5000.0,500.0
5,100.0,0,4,3500,0.95,False,0.6,23,0.38333333333333336,107.24722304700596;13.26315607172247;3776.4738046446955,26,0.43333333333333335,False,False,False,False,5000.0,500.0
5,100.0,0,4,3500,0.95,False,0.8,13,0.21666666666666667,3234.4763798261806;947.5439027093573;43.28639011596752;31.93187432646538,13,0.21666666666666667,False,False,False,False,5000.0,500.0
5,100.0,0,4,3500,0.95,False,0.6,34,0.5666666666666667,2914.891438312947;3013.676207955712;479.04154326035535,25,0.4166666666666667,False,False,False,False,5000.0,500.0
5,100.0,0,4,3500,0.95,False,0.4,36,0.6,89.15177913993416;1759.0789478840263,36,0.6,False,False,False,False,5000.0,500.0
5,100.0,0,4,3500,0.95,False,0.6,26,0.43333333333333335,969.1593530879392;545.0299890189758;7407.731215918601,26,0.43333333333333335,False,False,False,False,5000.0,500.0
5,100.0,0,4,3500,0.95,False,0.6,27,0.45,1894.5797355240816;68.8634708304219;187.24838476084153,25,0.4166666666666667,False,False,False,False,5000.0,500.0
5,100.0,0,4,3500,0.95,False,0.6,26,0.43333333333333335,12.200875334855168;72.39150601632417;3083.4765135769876,26,0.43333333333333335,False,False,False,False,5000.0,500.0
5,100.0,0,4,3500,0.95,False,0.6,29,0.48333333333333334,695.7756720621214;222.29400933568115;4377.47924896147,25,0.4166666666666667,False,False,False,False,5000.0,500.0
5,100.0,0,4,3500,0.95,False,0.4,41,0.6833333333333333,1932.5080211340512;1919.544524928769,36,0.6,False,False,False,False,5000.0,500.0
5,100.0,0,4,3500,0.95,False,0.4,36,0.6,4864.341177042814;200.95203137832831,36,0.6,False,False,False,False,5000.0,500.0
5,100.0,0,4,3500,0.95,False,0.6,25,0.4166666666666667,4293.734170124281;2037.5812667034197;4.246913690987354,27,0.45,False,False,False,False,5000.0,500.0
5,100.0,0,4,3500,0.95,False,0.6,25,0.4166666666666667,9639.092658210215;1141.122590467982;11.886922024217025,26,0.43333333333333335,False,False,False,False,5000.0,500.0
5,100.0,0,4,3500,0.95,False,0.6,24,0.4,847.8331510108313;943.0519856979595;30.526386909499212,27,0.45,False,False,False,False,5000.0,500.0
5,100.0,0,4,3500,0.95,False,0.6,27,0.45,434.67871424803803;71.25104636800278;776.540447685378,24,0.4,False,False,False,False,5000.0,500.0
5,100.0,0,4,3500,0.95,False,0.6,27,0.45,1778.1268387547943;2540.3908366547294;218.19282585216578,27,0.45,False,False,False,False,5000.0,500.0
5,100.0,0,4,3500,0.95,False,0.4,37,0.6166666666666667,579.6373476833327;421.2636303246396,36,0.6,False,False,False,False,5000.0,500.0
5,100.0,0,4,3500,0.95,False,0.6,23,0.38333333333333336,155.12742090557785;181.12988496985554;150.91406907101694,26,0.43333333333333335,False,False,False,False,5000.0,500.0
5,100.0,0,4,3500,0.95,False,0.6,24,0.4,191.04312422166407;426.2414043673027;1334.3224018662177,29,0.48333333333333334,False,False,False,False,5000.0,500.0
5,100.0,0,4,3500,0.95,False,0.4,38,0.6333333333333333,4685.087375871437;3475.9951405115858,36,0.6,False,False,False,False,5000.0,500.0
5,100.0,0,4,3500,0.95,False,0.8,13,0.21666666666666667,914.7254491578356;719.1902942163098;307.6265942135305;6.273961158534433,19,0.31666666666666665,False,False,False,False,5000.0,500.0
5,100.0,0,4,3500,0.95,False,0.6,27,0.45,954.6782291161983;969.2968426350982;336.0413602937713,26,0.43333333333333335,False,False,False,False,5000.0,500.0
5,100.0,0,4,3500,0.95,False,0.6,32,0.5333333333333333,759.9955921954964;7964.181576678238;314.814183162013,24,0.4,False,False,False,False,5000.0,500.0
5,100.0,0,4,3500,0.95,False,0.6,25,0.4166666666666667,1539.8464660893883;429.86558761009377;11.958534101048079,26,0.43333333333333335,False,False,False,False,5000.0,500.0
5,100.0,0,4,3500,0.95,False,0.4,36,0.6,17.55918767199929;6666.090870225614,36,0.6,False,False,False,False,5000.0,500.0
5,100.0,0,4,3500,0.95,False,0.4,38,0.6333333333333333,5489.043721542101;906.3866393922709,36,0.6,False,False,False,False,5000.0,500.0
5,100.0,0,4,3500,0.95,False,0.6,25,0.4166666666666667,281.419469431711;1779.602932878484;30.266073603108456,26,0.43333333333333335,False,False,False,False,5000.0,500.0
5,100.0,0,4,3500,0.95,False,0.6,25,0.4166666666666667,271.24391200966505;6.236516569670878;198.36346792366774,25,0.4166666666666667,False,False,False,False,5000.0,500.0
5,100.0,0,4,3500,0.95,False,0.8,11,0.18333333333333332,334.6332445578992;13.665360560741219;15.357593555050078;1060.8638760620026,16,0.26666666666666666,False,False,False,False,5000.0,500.0
5,100.0,0,4,3500,0.95,False,0.4,36,0.6,764.9401186196302;1159.777592173567,36,0.6,False,False,False,False,5000.0,500.0
5,100.0,0,4,3500,0.95,False,0.8,13,0.21666666666666667,152.2819767785005;13.85386160464981;5.419781838446624;623.1025192668735,12,0.2,False,False,False,False,5000.0,500.0
5,100.0,0,4,3500,0.95,False,0.4,39,0.65,524.3021544583778;869.6797795614779,36,0.6,False,False,False,False,5000.0,500.0
5,100.0,0,4,3500,0.95,False,0.6,22,0.36666666666666664,120.64972451254982;10.602595839383053;2236.0443143236675,28,0.4666666666666667,False,False,False,False,5000.0,500.0
5,100.0,0,4,3500,0.95,False,0.6,27,0.45,267.63522027837644;606.1590551520954;1733.72287115985,24,0.4,False,False,False,False,5000.0,500.0
5,100.0,0,4,3500,0.95,False,0.6,25,0.4166666666666667,3518.0479146577923;16.108553263143328;8.211389267290318,25,0.4166666666666667,False,False,False,False,5000.0,500.0
5,100.0,0,4,3500,0.95,False,0.6,27,0.45,639.0527848353422;835.2462716656794;4.365944050512857,24,0.4,False,False,False,False,5000.0,500.0
5,100.0,0,4,3500,0.95,False,0.6,26,0.43333333333333335,1568.4992570295983;948.4634674148996;7.755965292980881,28,0.4666666666666667,False,False,False,False,5000.0,500.0
5,100.0,0,4,3500,0.95,False,0.8,11,0.18333333333333332,4.167493797853234;529.9246790633731;2462.694180480066;19.65875052800403,20,0.3333333333333333,False,False,False,False,5000.0,500.0
5,100.0,0,4,3500,0.95,False,0.4,36,0.6,1691.4920581801439;938.524759255734,36,0.6,False,False,False,False,5000.0,500.0
5,100.0,0,4,3500,0.95,False,0.8,14,0.23333333333333334,762.1006466418629;4403.758516278489;12.396588654284274;229.98133852749467,19,0.31666666666666665,False,False,False,False,5000.0,500.0
5,100.0,0,4,3500,0.95,False,0.6,29,0.48333333333333334,15.496908821811482;2460.8746124450417;852.9160623143101,24,0.4,False,False,False,False,5000.0,500.0
5,100.0,0,4,3500,0.95,False,0.6,30,0.5,683.5631245543543;3168.291107971889;11.046874066218274,25,0.4166666666666667,False,False,False,False,5000.0,500.0
5,100.0,0,4,3500,0.95,False,0.6,23,0.38333333333333336,4109.371218023529;620.5815398004826;4.344376739026883,27,0.45,False,False,False,False,5000.0,500.0
5,100.0,0,4,3500,0.95,False,0.4,38,0.6333333333333333,1385.0294830801292;1114.4740129787117,36,0.6,False,False,False,False,5000.0,500.0
5,100.0,0,4,3500,0.95,False,0.6,33,0.55,1240.3441962369038;387.1954600421755;4066.1793787186207,25,0.4166666666666667,False,False,False,False,5000.0,500.0
5,100.0,0,4,3500,0.95,False,0.4,39,0.65,4196.025742979551;298.29228749662104,36,0.6,False,False,False,False,5000.0,500.0
5,100.0,0,4,3500,0.95,False,0.4,38,0.6333333333333333,491.9053903625053;4070.202228635482,36,0.6,False,False,False,False,5000.0,500.0
5,100.0,0,4,3500,0.95,False,0.6,28,0.4666666666666667,1145.1229311615718;504.3173006479171;6282.11038096522,25,0.4166666666666667,False,False,False,False,5000.0,500.0
5,100.0,0,4,3500,0.95,False,0.6,27,0.45,331.75384919313075;348.8886641627315;968.5614177092625,24,0.4,False,False,False,False,5000.0,500.0
5,100.0,0,4,3500,0.95,False,0.6,29,0.48333333333333334,75.46511422245189;1341.4590460758632;946.6259452442221,24,0.4,False,False,False,False,5000.0,500.0
5,100.0,0,4,3500,0.95,False,0.6,28,0.4666666666666667,223.51619720682146;1946.8737497802665;68.21255490187296,27,0.45,False,False,False,False,5000.0,500.0
5,100.0,0,4,3500,0.95,False,0.6,29,0.48333333333333334,1867.5010836480296;5626.4689302546785;194.09385920159926,24,0.4,False,False,False,False,5000.0,500.0
5,100.0,0,4,3500,0.95,False,0.6,28,0.4666666666666667,138.85761858170568;2407.6363593716956;558.540484672023,24,0.4,False,False,False,False,5000.0,500.0
5,100.0,0,4,3500,0.95,False,0.6,26,0.43333333333333335,25.982330252334194;4146.055973732873;741.8774034769076,28,0.4666666666666667,False,False,False,False,5000.0,500.0
5,100.0,0,4,3500,0.95,False,0.6,25,0.4166666666666667,691.5682900521081;185.89132844578228;471.9106933888647,26,0.43333333333333335,False,False,False,False,5000.0,500.0
5,100.0,0,4,3500,0.95,False,0.4,38,0.6333333333333333,212.34894361903778;5810.079232810922,36,0.6,False,False,False,False,5000.0,500.0
5,100.0,0,4,3500,0.95,False,0.6,30,0.5,955.3728774815269;1658.0215872354258;645.6993999486566,26,0.43333333333333335,False,False,False,False,5000.0,500.0
5,100.0,0,4,3500,0.95,False,0.6,18,0.3,724.7003759438194;18.92448153601732;4931.066609044457,31,0.5166666666666667,False,False,False,False,5000.0,500.0
5,100.0,0,4,3500,0.95,False,0.6,25,0.4166666666666667,398.2369135594225;1219.7377540873154;5.5482152522632315,27,0.45,False,False,False,False,5000.0,500.0
5,100.0,0,4,3500,0.95,False,0.4,39,0.65,2617.332230526767;1890.076307283742,36,0.6,False,False,False,False,5000.0,500.0
5,100.0,0,4,3500,0.95,False,0.6,24,0.4,2461.320701989963;3677.2578949025083;15.632352203069122,26,0.43333333333333335,False,False,False,False,5000.0,500.0
5,100.0,0,4,3500,0.95,False,0.6,28,0.4666666666666667,117.64949962123647;761.4805474997739;3006.0074264259665,26,0.43333333333333335,False,False,False,False,5000.0,500.0
5,100.0,0,4,3500,0.95,False,0.4,39,0.65,4233.805635461276;1446.65357223304,36,0.6,False,False,False,False,5000.0,500.0
5,100.0,0,4,3500,0.95,False,0.6,26,0.43333333333333335,302.63665479487486;5.019052984461693;3514.7642953304053,24,0.4,False,False,False,False,5000.0,500.0
5,100.0,0,4,3500,0.95,False,0.6,28,0.4666666666666667,3610.5376620209518;3978.052234429379;37.43183048699858,24,0.4,False,False,False,False,5000.0,500.0
5,100.0,0,4,3500,0.95,False,0.8,11,0.18333333333333332,16.86901878903426;58.47098836381159;18.411844683704146;264.6250312399354,18,0.3,False,False,False,False,5000.0,500.0
5,100.0,0,4,3500,0.95,False,0.6,26,0.43333333333333335,9.420058393292893;714.5537944575266;4376.19003646831,24,0.4,False,False,False,False,5000.0,500.0
5,100.0,0,4,3500,0.95,False,0.6,26,0.43333333333333335,1827.7023011584301;202.2920384801414;521.8986457560769,24,0.4,False,False,False,False,5000.0,500.0
5,100.0,0,4,3500,0.95,False,0.6,28,0.4666666666666667,894.5362926380836;12.934354923265483;251.60301092972728,25,0.4166666666666667,False,False,False,False,5000.0,500.0
5,100.0,0,4,3500,0.95,False,0.8,14,0.23333333333333334,83.53082034936939;721.6862114206334;1737.4479657093545;862.2269722417284,18,0.3,False,False,False,False,5000.0,500.0
5,100.0,0,4,3500,0.95,False,0.8,8,0.13333333333333333,7.319210831561881;266.76832478579007;669.8283866975911;13.117269749637671,19,0.31666666666666665,False,False,False,False,5000.0,500.0
5,100.0,0,4,3500,0.95,False,0.4,36,0.6,2448.278050431566;17.313658558188845,36,0.6,False,False,False,False,5000.0,500.0
5,100.0,0,4,3500,0.95,False,0.6,25,0.4166666666666667,13.288104338916822;2238.010732013147;1179.0850149848538,25,0.4166666666666667,False,False,False,False,5000.0,500.0
5,100.0,0,4,3500,0.95,False,0.6,27,0.45,761.7761663046429;2435.2963124968005;1826.7335732187985,24,0.4,False,False,False,False,5000.0,500.0
5,100.0,0,4,3500,0.95,False,0.8,13,0.21666666666666667,9.824034046308874;183.7768330473404;21.494339134742184;2888.5739662628193,21,0.35,False,False,False,False,5000.0,500.0
5,100.0,0,4,3500,0.95,False,0.6,23,0.38333333333333336,39.70356380336381;1395.14972799187;215.73979009048196,27,0.45,False,False,False,False,5000.0,500.0
5,100.0,0,4,3500,0.95,False,0.6,25,0.4166666666666667,761.9992820599077;3318.550976232816;11.59942020606167,28,0.4666666666666667,False,False,False,False,5000.0,500.0
5,100.0,0,4,3500,0.95,False,0.4,37,0.6166666666666667,580.3581319344964;2219.5147640842624,36,0.6,False,False,False,False,5000.0,500.0
5,100.0,0,4,3500,0.95,False,0.6,23,0.38333333333333336,745.9072260125199;928.3133500097256;365.19682226551157,28,0.4666666666666667,False,False,False,False,5000.0,500.0
5,100.0,0,4,3500,0.95,False,0.6,27,0.45,2094.94413040936;211.82704481853054;2288.8372769052785,25,0.4166666666666667,False,False,False,False,5000.0,500.0
5,100.0,0,4,3500,0.95,False,0.6,29,0.48333333333333334,207.88136236286763;2343.374163657061;2491.343989488865,24,0.4,False,False,False,False,5000.0,500.0
5,100.0,0,4,3500,0.95,False,0.6,26,0.43333333333333335,480.8157226915657;654.2791229842123;17.324988483044855,27,0.45,False,False,False,False,5000.0,500.0
5,100.0,0,4,3500,0.95,False,0.4,40,0.6666666666666666,527.6971663438127;1706.3517730101328,36,0.6,False,False,False,False,5000.0,500.0
5,100.0,0,4,3500,0.95,False,0.6,27,0.45,208.05816609086312;24.608614701582237;27.710419642254106,25,0.4166666666666667,False,False,False,False,5000.0,500.0
5,100.0,0,4,3500,0.95,False,0.6,22,0.36666666666666664,594.3414073666509;5084.456646733661;1.6805621257637617,29,0.48333333333333334,False,False,False,False,5000.0,500.0
5,100.0,0,4,3500,0.95,False,0.4,38,0.6333333333333333,520.1897401650842;386.80350244902525,36,0.6,False,False,False,False,5000.0,500.0
5,100.0,0,4,3500,0.95,False,0.6,31,0.5166666666666667,1163.9674828166753;558.792713688316;55.319844499705624,25,0.4166666666666667,False,False,False,False,5000.0,500.0
5,100.0,0,4,3500,0.95,False,0.6,26,0.43333333333333335,201.857607782363;54.42326199816957;2191.4938297110953,25,0.4166666666666667,False,False,False,False,5000.0,500.0
5,100.0,0,4,3500,0.95,False,0.4,37,0.6166666666666667,1238.507754010616;574.0236668564432,36,0.6,False,False,False,False,5000.0,500.0
5,100.0,0,4,3500,0.95,False,0.8,12,0.2,8.337064403741461;1962.795215223651;17.50005843066601;14.564503864853734,17,0.2833333333333333,False,False,False,False,5000.0,500.0
5,100.0,0,4,3500,0.95,False,0.6,29,0.48333333333333334,2212.247189307167;5034.167428949246;857.9471887789796,24,0.4,False,False,False,False,5000.0,500.0
5,100.0,0,4,3500,0.95,False,0.6,23,0.38333333333333336,912.6577867206632;1667.296173967526;769.6935466057022,26,0.43333333333333335,False,False,False,False,5000.0,500.0
5,100.0,0,4,3500,0.95,False,0.6,26,0.43333333333333335,1683.590514876948;6.673454522780707;9250.200561473564,26,0.43333333333333335,False,False,False,False,5000.0,500.0
1,1000.0,0,4,3500,0.95,False,1.0,0,0.0,27.07575580386958,0,0.0,False,False,False,False,5000.0,500.0
1,1000.0,0,4,3500,0.95,False,1.0,0,0.0,71.43960698951055,0,0.0,False,False,False,False,5000.0,500.0
1,1000.0,0,4,3500,0.95,False,1.0,0,0.0,38.30595104684175,0,0.0,False,False,False,False,5000.0,500.0
1,1000.0,0,4,3500,0.95,False,1.0,0,0.0,54.06640956901554,0,0.0,False,False,False,False,5000.0,500.0
1,1000.0,0,4,3500,0.95,False,1.0,0,0.0,45.94089386242763,0,0.0,False,False,False,False,5000.0,500.0
1,1000.0,0,4,3500,0.95,False,1.0,0,0.0,38.22013373663235,0,0.0,False,False,False,False,5000.0,500.0
1,1000.0,0,4,3500,0.95,False,1.0,0,0.0,34.68307125411767,0,0.0,False,False,False,False,5000.0,500.0
1,1000.0,0,4,3500,0.95,False,1.0,0,0.0,25.34132347089989,0,0.0,False,False,False,False,5000.0,500.0
1,1000.0,0,4,3500,0.95,False,1.0,0,0.0,30.39977294025057,0,0.0,False,False,False,False,5000.0,500.0
1,1000.0,0,4,3500,0.95,False,1.0,0,0.0,80.65764535114084,0,0.0,False,False,False,False,5000.0,500.0
1,1000.0,0,4,3500,0.95,False,1.0,0,0.0,28.55858364527351,0,0.0,False,False,False,False,5000.0,500.0
1,1000.0,0,4,3500,0.95,False,1.0,0,0.0,32.57943700777283,0,0.0,False,False,False,False,5000.0,500.0
1,1000.0,0,4,3500,0.95,False,1.0,0,0.0,19.73235454497738,0,0.0,False,False,False,False,5000.0,500.0
1,1000.0,0,4,3500,0.95,False,1.0,0,0.0,13.543049731938115,0,0.0,False,False,False,False,5000.0,500.0
1,1000.0,0,4,3500,0.95,False,1.0,0,0.0,37.25930571070736,0,0.0,False,False,False,False,5000.0,500.0
1,1000.0,0,4,3500,0.95,False,1.0,0,0.0,15.157900118946658,0,0.0,False,False,False,False,5000.0,500.0
1,1000.0,0,4,3500,0.95,False,1.0,0,0.0,18.46149399564497,0,0.0,False,False,False,False,5000.0,500.0
1,1000.0,0,4,3500,0.95,False,1.0,0,0.0,30.374960075190263,0,0.0,False,False,False,False,5000.0,500.0
1,1000.0,0,4,3500,0.95,False,1.0,0,0.0,53.24116599059002,0,0.0,False,False,False,False,5000.0,500.0
1,1000.0,0,4,3500,0.95,False,1.0,0,0.0,23.889026272463067,0,0.0,False,False,False,False,5000.0,500.0
1,1000.0,0,4,3500,0.95,False,1.0,0,0.0,19.991256852061433,0,0.0,False,False,False,False,5000.0,500.0
1,1000.0,0,4,3500,0.95,False,1.0,0,0.0,15.13113636483025,0,0.0,False,False,False,False,5000.0,500.0
1,1000.0,0,4,3500,0.95,False,1.0,0,0.0,37.25737802379215,0,0.0,False,False,False,False,5000.0,500.0
1,1000.0,0,4,3500,0.95,False,1.0,0,0.0,27.745410473326487,0,0.0,False,False,False,False,5000.0,500.0
1,1000.0,0,4,3500,0.95,False,1.0,0,0.0,37.88589811626688,0,0.0,False,False,False,False,5000.0,500.0
1,1000.0,0,4,3500,0.95,False,1.0,0,0.0,23.873742269405856,0,0.0,False,False,False,False,5000.0,500.0
1,1000.0,0,4,3500,0.95,False,1.0,0,0.0,25.27023478349386,0,0.0,False,False,False,False,5000.0,500.0
1,1000.0,0,4,3500,0.95,False,1.0,0,0.0,28.993374256465568,0,0.0,False,False,False,False,5000.0,500.0
1,1000.0,0,4,3500,0.95,False,1.0,0,0.0,155.55165948502216,0,0.0,False,False,False,False,5000.0,500.0
1,1000.0,0,4,3500,0.95,False,1.0,0,0.0,26.4047847366088,0,0.0,False,False,False,False,5000.0,500.0
1,1000.0,0,4,3500,0.95,False,1.0,0,0.0,25.098827684536733,0,0.0,False,False,False,False,5000.0,500.0
1,1000.0,0,4,3500,0.95,False,1.0,0,0.0,9.416571020528062,0,0.0,False,False,False,False,5000.0,500.0
1,1000.0,0,4,3500,0.95,False,1.0,0,0.0,14.837409770352195,0,0.0,False,False,False,False,5000.0,500.0
1,1000.0,0,4,3500,0.95,False,1.0,0,0.0,19.940155659925146,0,0.0,False,False,False,False,5000.0,500.0
1,1000.0,0,4,3500,0.95,False,1.0,0,0.0,17.48896883279027,0,0.0,False,False,False,False,5000.0,500.0
1,1000.0,0,4,3500,0.95,False,1.0,0,0.0,64.65455576195848,0,0.0,False,False,False,False,5000.0,500.0
1,1000.0,0,4,3500,0.95,False,1.0,0,0.0,8.91766005831478,0,0.0,False,False,False,False,5000.0,500.0
1,1000.0,0,4,3500,0.95,False,1.0,0,0.0,61.41958800370269,0,0.0,False,False,False,False,5000.0,500.0
1,1000.0,0,4,3500,0.95,False,1.0,0,0.0,1.8692432112189195,0,0.0,False,False,False,False,5000.0,500.0
1,1000.0,0,4,3500,0.95,False,1.0,0,0.0,22.95049516815052,0,0.0,False,False,False,False,5000.0,500.0
1,1000.0,0,4,3500,0.95,False,1.0,0,0.0,18.972884684180297,0,0.0,False,False,False,False,5000.0,500.0
1,1000.0,0,4,3500,0.95,False,1.0,0,0.0,18.800651517287758,0,0.0,False,False,False,False,5000.0,500.0
1,1000.0,0,4,3500,0.95,False,1.0,0,0.0,17.802289022090637,0,0.0,False,False,False,False,5000.0,500.0
1,1000.0,0,4,3500,0.95,False,1.0,0,0.0,27.202214209225858,0,0.0,False,False,False,False,5000.0,500.0
1,1000.0,0,4,3500,0.95,False,1.0,0,0.0,38.595691174282145,0,0.0,False,False,False,False,5000.0,500.0
1,1000.0,0,4,3500,0.95,False,1.0,0,0.0,62.4671821191015,0,0.0,False,False,False,False,5000.0,500.0
1,1000.0,0,4,3500,0.95,False,1.0,0,0.0,22.56639904562774,0,0.0,False,False,False,False,5000.0,500.0
1,1000.0,0,4,3500,0.95,False,1.0,0,0.0,79.42904926617716,0,0.0,False,False,False,False,5000.0,500.0
1,1000.0,0,4,3500,0.95,False,1.0,0,0.0,37.60032434768006,0,0.0,False,False,False,False,5000.0,500.0
1,1000.0,0,4,3500,0.95,False,1.0,0,0.0,38.924228439905306,0,0.0,False,False,False,False,5000.0,500.0
1,1000.0,0,4,3500,0.95,False,1.0,0,0.0,38.447516890737326,0,0.0,False,False,False,False,5000.0,500.0
1,1000.0,0,4,3500,0.95,False,1.0,0,0.0,14.105183738453652,0,0.0,False,False,False,False,5000.0,500.0
1,1000.0,0,4,3500,0.95,False,1.0,0,0.0,37.244727341229535,0,0.0,False,False,False,False,5000.0,500.0
1,1000.0,0,4,3500,0.95,False,1.0,0,0.0,15.094824454774832,0,0.0,False,False,False,False,5000.0,500.0
1,1000.0,0,4,3500,0.95,False,1.0,0,0.0,21.509792878767648,0,0.0,False,False,False,False,5000.0,500.0
1,1000.0,0,4,3500,0.95,False,1.0,0,0.0,23.41651739723533,0,0.0,False,False,False,False,5000.0,500.0
1,1000.0,0,4,3500,0.95,False,1.0,0,0.0,36.12752492606409,0,0.0,False,False,False,False,5000.0,500.0
1,1000.0,0,4,3500,0.95,False,1.0,0,0.0,18.32940486660598,0,0.0,False,False,False,False,5000.0,500.0
1,1000.0,0,4,3500,0.95,False,1.0,0,0.0,26.195696122697793,0,0.0,False,False,False,False,5000.0,500.0
1,1000.0,0,4,3500,0.95,False,1.0,0,0.0,9.63982141377459,0,0.0,False,False,False,False,5000.0,500.0
1,1000.0,0,4,3500,0.95,False,1.0,0,0.0,9.53413828634144,0,0.0,False,False,False,False,5000.0,500.0
1,1000.0,0,4,3500,0.95,False,1.0,0,0.0,15.945220296254725,0,0.0,False,False,False,False,5000.0,500.0
1,1000.0,0,4,3500,0.95,False,1.0,0,0.0,24.365970288200074,0,0.0,False,False,False,False,5000.0,500.0
1,1000.0,0,4,3500,0.95,False,1.0,0,0.0,13.429683143978457,0,0.0,False,False,False,False,5000.0,500.0
1,1000.0,0,4,3500,0.95,False,1.0,0,0.0,60.17768908375902,0,0.0,False,False,False,False,5000.0,500.0
1,1000.0,0,4,3500,0.95,False,1.0,0,0.0,28.049646534150895,0,0.0,False,False,False,False,5000.0,500.0
1,1000.0,0,4,3500,0.95,False,1.0,0,0.0,41.51221712367553,0,0.0,False,False,False,False,5000.0,500.0
1,1000.0,0,4,3500,0.95,False,1.0,0,0.0,12.847000650270282,0,0.0,False,False,False,False,5000.0,500.0
1,1000.0,0,4,3500,0.95,False,1.0,0,0.0,50.38924074363162,0,0.0,False,False,False,False,5000.0,500.0
1,1000.0,0,4,3500,0.95,False,1.0,0,0.0,43.02156368617978,0,0.0,False,False,False,False,5000.0,500.0
1,1000.0,0,4,3500,0.95,False,1.0,0,0.0,28.127538936464905,0,0.0,False,False,False,False,5000.0,500.0
1,1000.0,0,4,3500,0.95,False,1.0,0,0.0,45.71644844117206,0,0.0,False,False,False,False,5000.0,500.0
1,1000.0,0,4,3500,0.95,False,1.0,0,0.0,8.452006982994046,0,0.0,False,False,False,False,5000.0,500.0
1,1000.0,0,4,3500,0.95,False,1.0,0,0.0,31.2579839587097,0,0.0,False,False,False,False,5000.0,500.0
1,1000.0,0,4,3500,0.95,False,1.0,0,0.0,6.865576544632218,0,0.0,False,False,False,False,5000.0,500.0
1,1000.0,0,4,3500,0.95,False,1.0,0,0.0,16.027975877070332,0,0.0,False,False,False,False,5000.0,500.0
1,1000.0,0,4,3500,0.95,False,1.0,0,0.0,19.337822449096137,0,0.0,False,False,False,False,5000.0,500.0
1,1000.0,0,4,3500,0.95,False,1.0,0,0.0,86.38151335817064,0,0.0,False,False,False,False,5000.0,500.0
1,1000.0,0,4,3500,0.95,False,1.0,0,0.0,63.82629565465979,0,0.0,False,False,False,False,5000.0,500.0
1,1000.0,0,4,3500,0.95,False,1.0,0,0.0,42.80440277157726,0,0.0,False,False,False,False,5000.0,500.0
1,1000.0,0,4,3500,0.95,False,1.0,0,0.0,23.311658528557587,0,0.0,False,False,False,False,5000.0,500.0
1,1000.0,0,4,3500,0.95,False,1.0,0,0.0,8.028491063861983,0,0.0,False,False,False,False,5000.0,500.0
1,1000.0,0,4,3500,0.95,False,1.0,0,0.0,26.182426391544876,0,0.0,False,False,False,False,5000.0,500.0
1,1000.0,0,4,3500,0.95,False,1.0,0,0.0,46.70635451663574,0,0.0,False,False,False,False,5000.0,500.0
1,1000.0,0,4,3500,0.95,False,1.0,0,0.0,57.5567139252349,0,0.0,False,False,False,False,5000.0,500.0
1,1000.0,0,4,3500,0.95,False,1.0,0,0.0,1.5707029534780421,0,0.0,False,False,False,False,5000.0,500.0
1,1000.0,0,4,3500,0.95,False,1.0,0,0.0,36.25167656610142,0,0.0,False,False,False,False,5000.0,500.0
1,1000.0,0,4,3500,0.95,False,1.0,0,0.0,35.47771339574,0,0.0,False,False,False,False,5000.0,500.0
1,1000.0,0,4,3500,0.95,False,1.0,0,0.0,28.31948568138702,0,0.0,False,False,False,False,5000.0,500.0
1,1000.0,0,4,3500,0.95,False,1.0,0,0.0,43.454001833202575,0,0.0,False,False,False,False,5000.0,500.0
1,1000.0,0,4,3500,0.95,False,1.0,0,0.0,10.574227816368056,0,0.0,False,False,False,False,5000.0,500.0
1,1000.0,0,4,3500,0.95,False,1.0,0,0.0,72.00486074736328,0,0.0,False,False,False,False,5000.0,500.0
1,1000.0,0,4,3500,0.95,False,1.0,0,0.0,12.433746206452481,0,0.0,False,False,False,False,5000.0,500.0
1,1000.0,0,4,3500,0.95,False,1.0,0,0.0,10.585370686040791,0,0.0,False,False,False,False,5000.0,500.0
1,1000.0,0,4,3500,0.95,False,1.0,0,0.0,38.42508182273351,0,0.0,False,False,False,False,5000.0,500.0
1,1000.0,0,4,3500,0.95,False,1.0,0,0.0,47.678748834775995,0,0.0,False,False,False,False,5000.0,500.0
1,1000.0,0,4,3500,0.95,False,1.0,0,0.0,58.3476411263391,0,0.0,False,False,False,False,5000.0,500.0
1,1000.0,0,4,3500,0.95,False,1.0,0,0.0,21.827354932635465,0,0.0,False,False,False,False,5000.0,500.0
1,1000.0,0,4,3500,0.95,False,1.0,0,0.0,67.68013567736872,0,0.0,False,False,False,False,5000.0,500.0
1,1000.0,0,4,3500,0.95,False,1.0,0,0.0,34.50176697806561,0,0.0,False,False,False,False,5000.0,500.0
1,1000.0,0,4,3500,0.95,False,1.0,0,0.0,14.5610020789966,0,0.0,False,False,False,False,5000.0,500.0
1,1000.0,0,4,3500,0.95,False,1.0,0,0.0,23.779348082323995,0,0.0,False,False,False,False,5000.0,500.0
1,1000.0,0,4,3500,0.95,False,1.0,0,0.0,54.38089914141508,0,0.0,False,False,False,False,5000.0,500.0
1,1000.0,0,4,3500,0.95,False,1.0,0,0.0,51.22923159137577,0,0.0,False,False,False,False,5000.0,500.0
1,1000.0,0,4,3500,0.95,False,1.0,0,0.0,25.971357014659475,0,0.0,False,False,False,False,5000.0,500.0
1,1000.0,0,4,3500,0.95,False,1.0,0,0.0,33.61557654756699,0,0.0,False,False,False,False,5000.0,500.0
1,1000.0,0,4,3500,0.95,False,1.0,0,0.0,28.775967787987806,0,0.0,False,False,False,False,5000.0,500.0
1,1000.0,0,4,3500,0.95,False,1.0,0,0.0,14.592165111226583,0,0.0,False,False,False,False,5000.0,500.0
1,1000.0,0,4,3500,0.95,False,1.0,0,0.0,26.316077085420414,0,0.0,False,False,False,False,5000.0,500.0
1,1000.0,0,4,3500,0.95,False,1.0,0,0.0,28.906259408144194,0,0.0,False,False,False,False,5000.0,500.0
1,1000.0,0,4,3500,0.95,False,1.0,0,0.0,60.11828795496224,0,0.0,False,False,False,False,5000.0,500.0
1,1000.0,0,4,3500,0.95,False,1.0,0,0.0,42.74951308236486,0,0.0,False,False,False,False,5000.0,500.0
1,1000.0,0,4,3500,0.95,False,1.0,0,0.0,29.72380912390443,0,0.0,False,False,False,False,5000.0,500.0
1,1000.0,0,4,3500,0.95,False,1.0,0,0.0,9.49746794602783,0,0.0,False,False,False,False,5000.0,500.0
1,1000.0,0,4,3500,0.95,False,1.0,0,0.0,50.10244876008957,0,0.0,False,False,False,False,5000.0,500.0
1,1000.0,0,4,3500,0.95,False,1.0,0,0.0,56.47327042886295,0,0.0,False,False,False,False,5000.0,500.0
1,1000.0,0,4,3500,0.95,False,1.0,0,0.0,24.37392644788059,0,0.0,False,False,False,False,5000.0,500.0
1,1000.0,0,4,3500,0.95,False,1.0,0,0.0,14.828771613488536,0,0.0,False,False,False,False,5000.0,500.0
1,1000.0,0,4,3500,0.95,False,1.0,0,0.0,16.372631701869548,0,0.0,False,False,False,False,5000.0,500.0
1,1000.0,0,4,3500,0.95,False,1.0,0,0.0,13.20701633746693,0,0.0,False,False,False,False,5000.0,500.0
1,1000.0,0,4,3500,0.95,False,1.0,0,0.0,17.648234166671628,0,0.0,False,False,False,False,5000.0,500.0
1,1000.0,0,4,3500,0.95,False,1.0,0,0.0,54.17719934813658,0,0.0,False,False,False,False,5000.0,500.0
1,1000.0,0,4,3500,0.95,False,1.0,0,0.0,1.8368302538688823,0,0.0,False,False,False,False,5000.0,500.0
1,1000.0,0,4,3500,0.95,False,1.0,0,0.0,6.774133337439016,0,0.0,False,False,False,False,5000.0,500.0
1,1000.0,0,4,3500,0.95,False,1.0,0,0.0,37.723400918491045,0,0.0,False,False,False,False,5000.0,500.0
1,1000.0,0,4,3500,0.95,False,1.0,0,0.0,48.238753974799614,0,0.0,False,False,False,False,5000.0,500.0
1,1000.0,0,4,3500,0.95,False,1.0,0,0.0,67.49153559943746,0,0.0,False,False,False,False,5000.0,500.0
1,1000.0,0,4,3500,0.95,False,1.0,0,0.0,14.66505315778775,0,0.0,False,False,False,False,5000.0,500.0
1,1000.0,0,4,3500,0.95,False,1.0,0,0.0,20.53816953136191,0,0.0,False,False,False,False,5000.0,500.0
1,1000.0,0,4,3500,0.95,False,1.0,0,0.0,13.097997958061743,0,0.0,False,False,False,False,5000.0,500.0
1,1000.0,0,4,3500,0.95,False,1.0,0,0.0,76.80602984955378,0,0.0,False,False,False,False,5000.0,500.0
1,1000.0,0,4,3500,0.95,False,1.0,0,0.0,30.854684721205917,0,0.0,False,False,False,False,5000.0,500.0
1,1000.0,0,4,3500,0.95,False,1.0,0,0.0,12.918605129574022,0,0.0,False,False,False,False,5000.0,500.0
1,1000.0,0,4,3500,0.95,False,1.0,0,0.0,95.78678501493553,0,0.0,False,False,False,False,5000.0,500.0
1,1000.0,0,4,3500,0.95,False,1.0,0,0.0,5.265888197606307,0,0.0,False,False,False,False,5000.0,500.0
1,1000.0,0,4,3500,0.95,False,1.0,0,0.0,36.70540701360648,0,0.0,False,False,False,False,5000.0,500.0
1,1000.0,0,4,3500,0.95,False,1.0,0,0.0,16.237949569787556,0,0.0,False,False,False,False,5000.0,500.0
1,1000.0,0,4,3500,0.95,False,1.0,0,0.0,26.080249720011256,0,0.0,False,False,False,False,5000.0,500.0
1,1000.0,0,4,3500,0.95,False,1.0,0,0.0,44.381285349360375,0,0.0,False,False,False,False,5000.0,500.0
1,1000.0,0,4,3500,0.95,False,1.0,0,0.0,38.85141780376788,0,0.0,False,False,False,False,5000.0,500.0
1,1000.0,0,4,3500,0.95,False,1.0,0,0.0,12.57490462308084,0,0.0,False,False,False,False,5000.0,500.0
1,1000.0,0,4,3500,0.95,False,1.0,0,0.0,30.58725036821753,0,0.0,False,False,False,False,5000.0,500.0
1,1000.0,0,4,3500,0.95,False,1.0,0,0.0,60.72151411284513,0,0.0,False,False,False,False,5000.0,500.0
1,1000.0,0,4,3500,0.95,False,1.0,0,0.0,65.7341179911977,0,0.0,False,False,False,False,5000.0,500.0
1,1000.0,0,4,3500,0.95,False,1.0,0,0.0,30.036791870359092,0,0.0,False,False,False,False,5000.0,500.0
1,1000.0,0,4,3500,0.95,False,1.0,0,0.0,18.633540559546482,0,0.0,False,False,False,False,5000.0,500.0
1,1000.0,0,4,3500,0.95,False,1.0,0,0.0,17.355297772476906,0,0.0,False,False,False,False,5000.0,500.0
1,1000.0,0,4,3500,0.95,False,1.0,0,0.0,42.80218049358899,0,0.0,False,False,False,False,5000.0,500.0
1,1000.0,0,4,3500,0.95,False,1.0,0,0.0,20.718507393236088,0,0.0,False,False,False,False,5000.0,500.0
1,1000.0,0,4,3500,0.95,False,1.0,0,0.0,40.489334178829,0,0.0,False,False,False,False,5000.0,500.0
2,1000.0,0,4,3500,0.95,False,1.0,2,0.08333333333333333,50.12355580014477;67.47109814876887,0,0.0,False,False,False,False,5000.0,500.0
2,1000.0,0,4,3500,0.95,False,1.0,0,0.0,25.944327186129748;18.06241192847431,0,0.0,False,False,False,False,5000.0,500.0
2,1000.0,0,4,3500,0.95,False,1.0,0,0.0,59.1949979284166;59.76165922609757,0,0.0,False,False,False,False,5000.0,500.0
2,1000.0,0,4,3500,0.95,False,1.0,0,0.0,21.6018999983188;9.837505151475026,0,0.0,False,False,False,False,5000.0,500.0
2,1000.0,0,4,3500,0.95,False,1.0,2,0.08333333333333333,97.08237910704118;103.81509898348156,0,0.0,False,False,False,False,5000.0,500.0
2,1000.0,0,4,3500,0.95,False,1.0,0,0.0,19.02628154419045;27.307171258636576,0,0.0,False,False,False,False,5000.0,500.0
2,1000.0,0,4,3500,0.95,False,1.0,0,0.0,19.531120727124094;10.336979267155442,0,0.0,False,False,False,False,5000.0,500.0
2,1000.0,0,4,3500,0.95,False,1.0,0,0.0,28.659186510233347;9.199533601545482,0,0.0,False,False,False,False,5000.0,500.0
2,1000.0,0,4,3500,0.95,False,1.0,0,0.0,33.197798476351544;22.405351034544616,0,0.0,False,False,False,False,5000.0,500.0
2,1000.0,0,4,3500,0.95,False,1.0,0,0.0,32.17165614535366;17.269196264238527,0,0.0,False,False,False,False,5000.0,500.0
2,1000.0,0,4,3500,0.95,False,1.0,0,0.0,11.856905007570534;24.33040037546157,0,0.0,False,False,False,False,5000.0,500.0
2,1000.0,0,4,3500,0.95,False,1.0,0,0.0,33.52276896184152;48.663526404504076,0,0.0,False,False,False,False,5000.0,500.0
2,1000.0,0,4,3500,0.95,False,1.0,8,0.3333333333333333,447.45883688641504;397.6151074877426,0,0.0,False,False,False,False,5000.0,500.0
2,1000.0,0,4,3500,0.95,False,1.0,0,0.0,21.295859781339203;16.95228837438253,0,0.0,False,False,False,False,5000.0,500.0
2,1000.0,0,4,3500,0.95,False,1.0,0,0.0,33.87268809363364;18.029051640097414,0,0.0,False,False,False,False,5000.0,500.0
2,1000.0,0,4,3500,0.95,False,1.0,0,0.0,56.223740915719105;36.54065607874302,0,0.0,False,False,False,False,5000.0,500.0
2,1000.0,0,4,3500,0.95,False,1.0,0,0.0,26.37212174401002;36.625854806385796,0,0.0,False,False,False,False,5000.0,500.0
2,1000.0,0,4,3500,0.95,False,1.0,2,0.08333333333333333,28.10862721321734;32.85590835874609,0,0.0,False,False,False,False,5000.0,500.0
2,1000.0,0,4,3500,0.95,False,1.0,0,0.0,46.853321259965;2.33061656955286,0,0.0,False,False,False,False,5000.0,500.0
2,1000.0,0,4,3500,0.95,False,1.0,0,0.0,74.97048375756533;46.509851110061035,0,0.0,False,False,False,False,5000.0,500.0
2,1000.0,0,4,3500,0.95,False,1.0,0,0.0,29.960151906669694;28.18865741229364,0,0.0,False,False,False,False,5000.0,500.0
2,1000.0,0,4,3500,0.95,False,1.0,2,0.08333333333333333,14.671565589677932;11.30692149723685,0,0.0,False,False,False,False,5000.0,500.0
2,1000.0,0,4,3500,0.95,False,1.0,0,0.0,8.305321625493779;43.00278636421333,0,0.0,False,False,False,False,5000.0,500.0
2,1000.0,0,4,3500,0.95,False,1.0,0,0.0,61.46476205297062;23.35689063617973,0,0.0,False,False,False,False,5000.0,500.0
2,1000.0,0,4,3500,0.95,False,1.0,2,0.08333333333333333,13.854045097530054;16.755638255853842,0,0.0,False,False,False,False,5000.0,500.0
2,1000.0,0,4,3500,0.95,False,1.0,0,0.0,41.216444161188214;64.85030156239972,0,0.0,False,False,False,False,5000.0,500.0
2,1000.0,0,4,3500,0.95,False,1.0,0,0.0,52.46676218219743;2.0168842917167864,0,0.0,False,False,False,False,5000.0,500.0
2,1000.0,0,4,3500,0.95,False,1.0,0,0.0,60.60937180379392;37.01441760455794,0,0.0,False,False,False,False,5000.0,500.0
2,1000.0,0,4,3500,0.95,False,0.5,12,0.5,230.37695140615065,12,0.5,False,False,False,False,5000.0,500.0
2,1000.0,0,4,3500,0.95,False,1.0,0,0.0,27.383281758023518;18.027602505978475,0,0.0,False,False,False,False,5000.0,500.0
2,1000.0,0,4,3500,0.95,False,1.0,0,0.0,29.425435235177304;14.211915465241605,0,0.0,False,False,False,False,5000.0,500.0
2,1000.0,0,4,3500,0.95,False,1.0,0,0.0,67.42680882064289;27.632819122319283,0,0.0,False,False,False,False,5000.0,500.0
2,1000.0,0,4,3500,0.95,False,1.0,0,0.0,25.453995496285795;27.24597417280625,1,0.041666666666666664,False,False,False,False,5000.0,500.0
2,1000.0,0,4,3500,0.95,False,1.0,0,0.0,40.095944260797374;50.35201710198792,0,0.0,False,False,False,False,5000.0,500.0
2,1000.0,0,4,3500,0.95,False,1.0,2,0.08333333333333333,18.56478019845127;65.12465062626232,0,0.0,False,False,False,False,5000.0,500.0
2,1000.0,0,4,3500,0.95,False,1.0,0,0.0,25.810016338512472;23.96834842931977,0,0.0,False,False,False,False,5000.0,500.0
2,1000.0,0,4,3500,0.95,False,1.0,0,0.0,21.57667599671677;63.91933069549486,0,0.0,False,False,False,False,5000.0,500.0
2,1000.0,0,4,3500,0.95,False,1.0,0,0.0,13.293757274635967;24.758718963124657,0,0.0,False,False,False,False,5000.0,500.0
2,1000.0,0,4,3500,0.95,False,1.0,0,0.0,10.929735469000978;37.180628140565794,0,0.0,False,False,False,False,5000.0,500.0
2,1000.0,0,4,3500,0.95,False,1.0,0,0.0,37.54770188861137;7.152028995995136,0,0.0,False,False,False,False,5000.0,500.0
2,1000.0,0,4,3500,0.95,False,1.0,0,0.0,46.97748967079632;11.207576474399863,0,0.0,False,False,False,False,5000.0,500.0
2,1000.0,0,4,3500,0.95,False,1.0,0,0.0,38.28593055372719;27.49357117658414,0,0.0,False,False,False,False,5000.0,500.0
2,1000.0,0,4,3500,0.95,False,1.0,0,0.0,34.99818673946873;55.37062285371234,0,0.0,False,False,False,False,5000.0,500.0
2,1000.0,0,4,3500,0.95,False,1.0,0,0.0,52.349692826275245;7.452532659215238,0,0.0,False,False,False,False,5000.0,500.0
2,1000.0,0,4,3500,0.95,False,1.0,0,0.0,48.19362138476213;26.643636676971663,0,0.0,False,False,False,False,5000.0,500.0
2,1000.0,0,4,3500,0.95,False,1.0,0,0.0,52.7532517994194;25.46833543851271,0,0.0,False,False,False,False,5000.0,500.0
2,1000.0,0,4,3500,0.95,False,1.0,0,0.0,13.342450232902525;19.17060385440315,0,0.0,False,False,False,False,5000.0,500.0
2,1000.0,0,4,3500,0.95,False,1.0,0,0.0,47.33098537140699;13.115800746631605,0,0.0,False,False,False,False,5000.0,500.0
2,1000.0,0,4,3500,0.95,False,1.0,0,0.0,19.298290027921603;28.677928430803007,0,0.0,False,False,False,False,5000.0,500.0
2,1000.0,0,4,3500,0.95,False,1.0,0,0.0,42.59152216328588;38.89235587582358,0,0.0,False,False,False,False,5000.0,500.0
2,1000.0,0,4,3500,0.95,False,1.0,0,0.0,42.62906654276754;80.09730215339907,0,0.0,False,False,False,False,5000.0,500.0
2,1000.0,0,4,3500,0.95,False,1.0,0,0.0,48.69120101699374;71.41650813891178,0,0.0,False,False,False,False,5000.0,500.0
2,1000.0,0,4,3500,0.95,False,1.0,0,0.0,46.18295563037354;54.908145873919146,0,0.0,False,False,False,False,5000.0,500.0
2,1000.0,0,4,3500,0.95,False,1.0,2,0.08333333333333333,52.57816262402897;42.303907256546154,0,0.0,False,False,False,False,5000.0,500.0
2,1000.0,0,4,3500,0.95,False,1.0,0,0.0,18.54377339562475;8.718297531272924,0,0.0,False,False,False,False,5000.0,500.0
2,1000.0,0,4,3500,0.95,False,1.0,0,0.0,59.988331792382134;31.65549811160021,0,0.0,False,False,False,False,5000.0,500.0
2,1000.0,0,4,3500,0.95,False,1.0,0,0.0,25.21016662349279;30.565500395669716,0,0.0,False,False,False,False,5000.0,500.0
2,1000.0,0,4,3500,0.95,False,1.0,0,0.0,30.458843456586553;32.927498941559094,0,0.0,False,False,False,False,5000.0,500.0
2,1000.0,0,4,3500,0.95,False,1.0,0,0.0,37.15504487616747;50.46920249644414,0,0.0,False,False,False,False,5000.0,500.0
2,1000.0,0,4,3500,0.95,False,1.0,0,0.0,31.599605024736928;2.0280550378441156,0,0.0,False,False,False,False,5000.0,500.0
2,1000.0,0,4,3500,0.95,False,1.0,0,0.0,18.59316519013635;42.12435339724174,0,0.0,False,False,False,False,5000.0,500.0
2,1000.0,0,4,3500,0.95,False,1.0,0,0.0,36.9251207205499;11.08378726480606,0,0.0,False,False,False,False,5000.0,500.0
2,1000.0,0,4,3500,0.95,False,1.0,0,0.0,20.176553111779896;15.277206907863864,0,0.0,False,False,False,False,5000.0,500.0
2,1000.0,0,4,3500,0.95,False,1.0,2,0.08333333333333333,139.14863944120336;99.54533052600362,0,0.0,False,False,False,False,5000.0,500.0
2,1000.0,0,4,3500,0.95,False,1.0,0,0.0,11.095794610507074;0.3451202092944817,0,0.0,False,False,False,False,5000.0,500.0
2,1000.0,0,4,3500,0.95,False,1.0,0,0.0,31.101150558027197;1.6376427596197978,0,0.0,False,False,False,False,5000.0,500.0
2,1000.0,0,4,3500,0.95,False,1.0,0,0.0,21.658417685734225;17.984396677217937,0,0.0,False,False,False,False,5000.0,500.0
2,1000.0,0,4,3500,0.95,False,1.0,0,0.0,16.630032881685906;3.1773134550310447,0,0.0,False,False,False,False,5000.0,500.0
2,1000.0,0,4,3500,0.95,False,1.0,0,0.0,59.26981587095982;35.11118633266449,0,0.0,False,False,False,False,5000.0,500.0
2,1000.0,0,4,3500,0.95,False,1.0,0,0.0,23.40503868099942;34.918687552524396,0,0.0,False,False,False,False,5000.0,500.0
2,1000.0,0,4,3500,0.95,False,1.0,0,0.0,28.720320210778084;30.860690445636543,0,0.0,False,False,False,False,5000.0,500.0
2,1000.0,0,4,3500,0.95,False,1.0,2,0.08333333333333333,85.26450484949288;29.841032076236285,0,0.0,False,False,False,False,5000.0,500.0
2,1000.0,0,4,3500,0.95,False,1.0,2,0.08333333333333333,170.27828641272217;103.55276645000936,0,0.0,False,False,False,False,5000.0,500.0
2,1000.0,0,4,3500,0.95,False,1.0,0,0.0,64.69823798562861;9.45044902417055,0,0.0,False,False,False,False,5000.0,500.0
2,1000.0,0,4,3500,0.95,False,1.0,0,0.0,42.348745275431206;37.52709338883853,0,0.0,False,False,False,False,5000.0,500.0
2,1000.0,0,4,3500,0.95,False,1.0,0,0.0,30.074073027271627;19.293835222124493,0,0.0,False,False,False,False,5000.0,500.0
2,1000.0,0,4,3500,0.95,False,1.0,0,0.0,14.219372944227807;51.437587297069065,0,0.0,False,False,False,False,5000.0,500.0
2,1000.0,0,4,3500,0.95,False,1.0,0,0.0,19.852661847440462;24.02168736368593,0,0.0,False,False,False,False,5000.0,500.0
2,1000.0,0,4,3500,0.95,False,1.0,0,0.0,12.137689074101495;64.28059309911582,0,0.0,False,False,False,False,5000.0,500.0
2,1000.0,0,4,3500,0.95,False,1.0,0,0.0,8.034054018497756;23.168441010471597,0,0.0,False,False,False,False,5000.0,500.0
2,1000.0,0,4,3500,0.95,False,1.0,0,0.0,16.97242382552017;42.399526436783056,0,0.0,False,False,False,False,5000.0,500.0
2,1000.0,0,4,3500,0.95,False,1.0,2,0.08333333333333333,125.59601110281717;85.09840392482107,0,0.0,False,False,False,False,5000.0,500.0
2,1000.0,0,4,3500,0.95,False,1.0,0,0.0,24.1437969193819;44.1607839420408,0,0.0,False,False,False,False,5000.0,500.0
2,1000.0,0,4,3500,0.95,False,1.0,0,0.0,20.1226609644739;40.93290591217794,0,0.0,False,False,False,False,5000.0,500.0
2,1000.0,0,4,3500,0.95,False,1.0,0,0.0,20.316584252518588;16.334071424715912,0,0.0,False,False,False,False,5000.0,500.0
2,1000.0,0,4,3500,0.95,False,1.0,0,0.0,34.87722320256028;49.730245756070794,0,0.0,False,False,False,False,5000.0,500.0
2,1000.0,0,4,3500,0.95,False,1.0,0,0.0,51.25227912229261;60.727149389942014,0,0.0,False,False,False,False,5000.0,500.0
2,1000.0,0,4,3500,0.95,False,1.0,0,0.0,35.27142917415411;7.286545388086985,0,0.0,False,False,False,False,5000.0,500.0
2,1000.0,0,4,3500,0.95,False,1.0,0,0.0,42.53218187897694;64.36529000113215,0,0.0,False,False,False,False,5000.0,500.0
2,1000.0,0,4,3500,0.95,False,1.0,2,0.08333333333333333,48.350497080856464;82.41897476871819,0,0.0,False,False,False,False,5000.0,500.0
2,1000.0,0,4,3500,0.95,False,1.0,0,0.0,28.922000941995837;22.99291659311498,0,0.0,False,False,False,False,5000.0,500.0
2,1000.0,0,4,3500,0.95,False,1.0,0,0.0,32.01528809005061;18.62898708005098,0,0.0,False,False,False,False,5000.0,500.0
2,1000.0,0,4,3500,0.95,False,1.0,0,0.0,39.63847660529308;50.28523813477157,0,0.0,False,False,False,False,5000.0,500.0
2,1000.0,0,4,3500,0.95,False,1.0,0,0.0,18.656764429186982;22.771240420296948,0,0.0,False,False,False,False,5000.0,500.0
2,1000.0,0,4,3500,0.95,False,1.0,0,0.0,12.528155447618595;2.7395833409973585,0,0.0,False,False,False,False,5000.0,500.0
2,1000.0,0,4,3500,0.95,False,1.0,0,0.0,38.49010010723897;71.99782286127513,0,0.0,False,False,False,False,5000.0,500.0
2,1000.0,0,4,3500,0.95,False,1.0,0,0.0,49.88933622238146;25.334015529255403,0,0.0,False,False,False,False,5000.0,500.0
2,1000.0,0,4,3500,0.95,False,1.0,0,0.0,34.16795643171283;39.696755400036146,0,0.0,False,False,False,False,5000.0,500.0
2,1000.0,0,4,3500,0.95,False,1.0,0,0.0,59.66781729507893;40.20134072899091,0,0.0,False,False,False,False,5000.0,500.0
2,1000.0,0,4,3500,0.95,False,1.0,0,0.0,75.92705809489333;31.091112198399976,0,0.0,False,False,False,False,5000.0,500.0
2,1000.0,0,4,3500,0.95,False,1.0,0,0.0,8.539747869608899;43.89089961232476,0,0.0,False,False,False,False,5000.0,500.0
2,1000.0,0,4,3500,0.95,False,1.0,0,0.0,22.164950588083112;21.88906497984592,0,0.0,False,False,False,False,5000.0,500.0
2,1000.0,0,4,3500,0.95,False,1.0,0,0.0,36.186665475393575;43.62567556787216,1,0.041666666666666664,False,False,False,False,5000.0,500.0
2,1000.0,0,4,3500,0.95,False,1.0,0,0.0,56.210184277567016;35.42019301372096,0,0.0,False,False,False,False,5000.0,500.0
2,1000.0,0,4,3500,0.95,False,1.0,2,0.08333333333333333,9.551779406094777;36.2631252161231,0,0.0,False,False,False,False,5000.0,500.0
2,1000.0,0,4,3500,0.95,False,1.0,0,0.0,31.812684819678392;64.24537022321574,0,0.0,False,False,False,False,5000.0,500.0
2,1000.0,0,4,3500,0.95,False,1.0,0,0.0,3.848038898065333;52.74694523785829,0,0.0,False,False,False,False,5000.0,500.0
2,1000.0,0,4,3500,0.95,False,1.0,0,0.0,9.267354569070415;13.816809452492905,0,0.0,False,False,False,False,5000.0,500.0
2,1000.0,0,4,3500,0.95,False,1.0,0,0.0,26.9690479022082;76.95861186696418,0,0.0,False,False,False,False,5000.0,500.0
2,1000.0,0,4,3500,0.95,False,1.0,2,0.08333333333333333,166.45215587905537;176.20474031356147,0,0.0,False,False,False,False,5000.0,500.0
2,1000.0,0,4,3500,0.95,False,1.0,0,0.0,19.365981701002692;31.228718023922656,0,0.0,False,False,False,False,5000.0,500.0
2,1000.0,0,4,3500,0.95,False,1.0,0,0.0,25.943214963848703;39.24731843676424,0,0.0,False,False,False,False,5000.0,500.0
2,1000.0,0,4,3500,0.95,False,1.0,0,0.0,14.250764555896216;17.362462875691428,0,0.0,False,False,False,False,5000.0,500.0
2,1000.0,0,4,3500,0.95,False,1.0,0,0.0,35.593175607042824;12.836511741109065,0,0.0,False,False,False,False,5000.0,500.0
2,1000.0,0,4,3500,0.95,False,1.0,2,0.08333333333333333,105.31033743154049;99.25611690046492,0,0.0,False,False,False,False,5000.0,500.0
2,1000.0,0,4,3500,0.95,False,1.0,0,0.0,123.27177330499765;18.453348157385143,0,0.0,False,False,False,False,5000.0,500.0
2,1000.0,0,4,3500,0.95,False,1.0,0,0.0,58.990088272687686;24.7552002616719,0,0.0,False,False,False,False,5000.0,500.0
2,1000.0,0,4,3500,0.95,False,1.0,0,0.0,47.32211258683637;50.84182948911813,0,0.0,False,False,False,False,5000.0,500.0
2,1000.0,0,4,3500,0.95,False,1.0,0,0.0,8.915074049029053;12.743922597811894,0,0.0,False,False,False,False,5000.0,500.0
2,1000.0,0,4,3500,0.95,False,1.0,0,0.0,35.28421791454545;26.86013451785713,0,0.0,False,False,False,False,5000.0,500.0
2,1000.0,0,4,3500,0.95,False,1.0,0,0.0,73.47225444015866;49.72003282850545,0,0.0,False,False,False,False,5000.0,500.0
2,1000.0,0,4,3500,0.95,False,1.0,2,0.08333333333333333,838.4769113360476;840.6395355563117,0,0.0,False,False,False,False,5000.0,500.0
2,1000.0,0,4,3500,0.95,False,1.0,0,0.0,21.374866400916947;37.28641109366865,0,0.0,False,False,False,False,5000.0,500.0
2,1000.0,0,4,3500,0.95,False,1.0,0,0.0,27.470326756577165;72.71701588629084,0,0.0,False,False,False,False,5000.0,500.0
2,1000.0,0,4,3500,0.95,False,1.0,2,0.08333333333333333,52.52819003504273;40.25618727962923,0,0.0,False,False,False,False,5000.0,500.0
2,1000.0,0,4,3500,0.95,False,1.0,0,0.0,39.56782218094263;20.775989592412696,0,0.0,False,False,False,False,5000.0,500.0
2,1000.0,0,4,3500,0.95,False,1.0,0,0.0,7.866056439172644;18.525808680213622,0,0.0,False,False,False,False,5000.0,500.0
2,1000.0,0,4,3500,0.95,False,1.0,0,0.0,33.37780668940062;38.85630653254258,0,0.0,False,False,False,False,5000.0,500.0
2,1000.0,0,4,3500,0.95,False,1.0,0,0.0,24.255536339469792;18.95371494144066,0,0.0,False,False,False,False,5000.0,500.0
2,1000.0,0,4,3500,0.95,False,1.0,2,0.08333333333333333,230.20139872928442;276.72881096356883,0,0.0,False,False,False,False,5000.0,500.0
2,1000.0,0,4,3500,0.95,False,1.0,0,0.0,23.64208533745458;23.744577524866717,0,0.0,False,False,False,False,5000.0,500.0
2,1000.0,0,4,3500,0.95,False,1.0,0,0.0,41.2647351574525;25.896821022995443,0,0.0,False,False,False,False,5000.0,500.0
2,1000.0,0,4,3500,0.95,False,1.0,2,0.08333333333333333,7.762504270221187;94.36414220500917,0,0.0,False,False,False,False,5000.0,500.0
2,1000.0,0,4,3500,0.95,False,1.0,0,0.0,26.510124808472174;26.272568618634693,0,0.0,False,False,False,False,5000.0,500.0
2,1000.0,0,4,3500,0.95,False,1.0,0,0.0,35.715950233520076;38.747819873138795,0,0.0,False,False,False,False,5000.0,500.0
2,1000.0,0,4,3500,0.95,False,1.0,2,0.08333333333333333,76.1101949526751;70.24744129817134,0,0.0,False,False,False,False,5000.0,500.0
2,1000.0,0,4,3500,0.95,False,1.0,0,0.0,18.923312726563754;43.556515475207625,0,0.0,False,False,False,False,5000.0,500.0
2,1000.0,0,4,3500,0.95,False,1.0,0,0.0,38.223178741377986;23.02483207035869,0,0.0,False,False,False,False,5000.0,500.0
2,1000.0,0,4,3500,0.95,False,1.0,2,0.08333333333333333,32.27039433348538;28.671473487972893,0,0.0,False,False,False,False,5000.0,500.0
2,1000.0,0,4,3500,0.95,False,1.0,0,0.0,20.89472974980526;17.466876323293608,0,0.0,False,False,False,False,5000.0,500.0
2,1000.0,0,4,3500,0.95,False,1.0,0,0.0,26.794891466493947;9.242351515950984,0,0.0,False,False,False,False,5000.0,500.0
2,1000.0,0,4,3500,0.95,False,1.0,0,0.0,95.11897979478798;38.498263794610985,0,0.0,False,False,False,False,5000.0,500.0
2,1000.0,0,4,3500,0.95,False,1.0,0,0.0,32.260096580834784;43.40020576432877,0,0.0,False,False,False,False,5000.0,500.0
2,1000.0,0,4,3500,0.95,False,1.0,0,0.0,14.341705958225601;28.415753162128304,0,0.0,False,False,False,False,5000.0,500.0
2,1000.0,0,4,3500,0.95,False,1.0,0,0.0,50.91502804560916;104.56313953805068,0,0.0,False,False,False,False,5000.0,500.0
2,1000.0,0,4,3500,0.95,False,1.0,0,0.0,24.795134293648964;25.531450751657736,0,0.0,False,False,False,False,5000.0,500.0
2,1000.0,0,4,3500,0.95,False,1.0,0,0.0,29.53814334356366;35.32369890523652,0,0.0,False,False,False,False,5000.0,500.0
2,1000.0,0,4,3500,0.95,False,1.0,0,0.0,28.88505425881689;17.213567265799416,0,0.0,False,False,False,False,5000.0,500.0
2,1000.0,0,4,3500,0.95,False,1.0,0,0.0,6.222498786325393;17.901584053009717,0,0.0,False,False,False,False,5000.0,500.0
2,1000.0,0,4,3500,0.95,False,1.0,2,0.08333333333333333,155.5215737192048;174.27749329687114,0,0.0,False,False,False,False,5000.0,500.0
3,1000.0,0,4,3500,0.95,False,1.0,2,0.05555555555555555,397.5125000672469;17.711547870489046;506.4016477680503,4,0.1111111111111111,False,False,False,False,5000.0,500.0
3,1000.0,0,4,3500,0.95,False,1.0,2,0.05555555555555555,50.965386435762795;309.0424810765871;25.747322854439826,6,0.16666666666666666,False,False,False,False,5000.0,500.0
3,1000.0,0,4,3500,0.95,False,1.0,2,0.05555555555555555,283.7545619748489;268.2341188292466;40.784676060847616,0,0.0,False,False,False,False,5000.0,500.0
3,1000.0,0,4,3500,0.95,False,0.6666666666666666,13,0.3611111111111111,454.70363845127264;65.16361776528973,12,0.3333333333333333,False,False,False,False,5000.0,500.0
3,1000.0,0,4,3500,0.95,False,0.6666666666666666,12,0.3333333333333333,429.23266311825756;34.5472508576098,12,0.3333333333333333,False,False,False,False,5000.0,500.0
3,1000.0,0,4,3500,0.95,False,1.0,2,0.05555555555555555,39.987352561423;195.0783127306032;78.97373387665571,0,0.0,False,False,False,False,5000.0,500.0
3,1000.0,0,4,3500,0.95,False,1.0,0,0.0,7.9629453706693525;39.84165338777284;23.068377829756013,0,0.0,False,False,False,False,5000.0,500.0
3,1000.0,0,4,3500,0.95,False,1.0,0,0.0,43.167068358337346;25.175964136600108;19.982314669128073,0,0.0,False,False,False,False,5000.0,500.0
3,1000.0,0,4,3500,0.95,False,1.0,6,0.16666666666666666,423.30508641017843;453.2656227316826;70.87555506127866,0,0.0,False,False,False,False,5000.0,500.0
3,1000.0,0,4,3500,0.95,False,1.0,0,0.0,15.58989681496829;46.316501047597285;23.769663094153724,0,0.0,False,False,False,False,5000.0,500.0
3,1000.0,0,4,3500,0.95,False,1.0,0,0.0,20.890177638937583;49.38206128339753;11.853394950079455,3,0.08333333333333333,False,False,False,False,5000.0,500.0
3,1000.0,0,4,3500,0.95,False,1.0,2,0.05555555555555555,3.731516155193408;28.33622155656732;50.80883192781466,2,0.05555555555555555,False,False,False,False,5000.0,500.0
3,1000.0,0,4,3500,0.95,False,0.6666666666666666,12,0.3333333333333333,20.80410030696769;417.40491446907697,12,0.3333333333333333,False,False,False,False,5000.0,500.0
3,1000.0,0,4,3500,0.95,False,1.0,0,0.0,3.3649902921519885;10.177478007710011;13.531594084299185,0,0.0,False,False,False,False,5000.0,500.0
3,1000.0,0,4,3500,0.95,False,1.0,0,0.0,6.77026556931486;18.161704963345915;37.4316530220379,0,0.0,False,False,False,False,5000.0,500.0
3,1000.0,0,4,3500,0.95,False,0.6666666666666666,13,0.3611111111111111,176.94783271276918;1714.1235168480516,12,0.3333333333333333,False,False,False,False,5000.0,500.0
3,1000.0,0,4,3500,0.95,False,1.0,2,0.05555555555555555,152.62962446055502;43.19804699252568;95.9498544017144,0,0.0,False,False,False,False,5000.0,500.0
3,1000.0,0,4,3500,0.95,False,1.0,0,0.0,12.295636704721527;75.39430242404138;23.240697824031,1,0.027777777777777776,False,False,False,False,5000.0,500.0
3,1000.0,0,4,3500,0.95,False,1.0,2,0.05555555555555555,18.925661220014224;12.328005171264218;30.25056333294848,0,0.0,False,False,False,False,5000.0,500.0
3,1000.0,0,4,3500,0.95,False,1.0,2,0.05555555555555555,75.93538633998196;98.42472099538803;16.40603792324604,0,0.0,False,False,False,False,5000.0,500.0
3,1000.0,0,4,3500,0.95,False,1.0,4,0.1111111111111111,95.75097699859845;88.5710814314954;70.84379360926772,0,0.0,False,False,False,False,5000.0,500.0
3,1000.0,0,4,3500,0.95,False,1.0,0,0.0,18.637559210752308;31.264140141581933;54.34510366042699,0,0.0,False,False,False,False,5000.0,500.0
3,1000.0,0,4,3500,0.95,False,1.0,2,0.05555555555555555,89.19849091254456;76.62246362058966;42.30950748262027,1,0.027777777777777776,False,False,False,False,5000.0,500.0
3,1000.0,0,4,3500,0.95,False,1.0,0,0.0,36.88549090631272;9.044968210491104;31.687717551882187,0,0.0,False,False,False,False,5000.0,500.0
3,1000.0,0,4,3500,0.95,False,1.0,0,0.0,1.691345593307438;57.52643316662483;61.66561625138565,0,0.0,False,False,False,False,5000.0,500.0
3,1000.0,0,4,3500,0.95,False,0.6666666666666666,12,0.3333333333333333,1544.7289407815642;16.431342890581583,12,0.3333333333333333,False,False,False,False,5000.0,500.0
3,1000.0,0,4,3500,0.95,False,1.0,0,0.0,27.79919853092978;6.952400874289887;28.02905985350101,0,0.0,False,False,False,False,5000.0,500.0
3,1000.0,0,4,3500,0.95,False,1.0,2,0.05555555555555555,71.15712201950386;68.61233605367428;52.9767104445521,0,0.0,False,False,False,False,5000.0,500.0
3,1000.0,0,4,3500,0.95,False,1.0,0,0.0,16.86671099427351;47.56905089584479;25.789941575217227,0,0.0,False,False,False,False,5000.0,500.0
3,1000.0,0,4,3500,0.95,False,0.6666666666666666,12,0.3333333333333333,591.3711390362528;35.77258613845906,12,0.3333333333333333,False,False,False,False,5000.0,500.0
3,1000.0,0,4,3500,0.95,False,0.6666666666666666,12,0.3333333333333333,440.98817270385814;20.05701083997403,12,0.3333333333333333,False,False,False,False,5000.0,500.0
3,1000.0,0,4,3500,0.95,False,1.0,0,0.0,22.835979664327205;3.8483227594029814;25.989493925976575,4,0.1111111111111111,False,False,False,False,5000.0,500.0
3,1000.0,0,4,3500,0.95,False,1.0,2,0.05555555555555555,107.97420882693282;65.47677706962521;26.78364382414478,0,0.0,False,False,False,False,5000.0,500.0
3,1000.0,0,4,3500,0.95,False,1.0,0,0.0,79.52473678500111;62.144503638869985;13.908439844518929,0,0.0,False,False,False,False,5000.0,500.0
3,1000.0,0,4,3500,0.95,False,1.0,2,0.05555555555555555,35.202721551775426;30.765907097797918;18.268483902297792,0,0.0,False,False,False,False,5000.0,500.0
3,1000.0,0,4,3500,0.95,False,1.0,2,0.05555555555555555,32.77804359317174;64.49362268935812;48.11787383440502,0,0.0,False,False,False,False,5000.0,500.0
3,1000.0,0,4,3500,0.95,False,1.0,1,0.027777777777777776,50.10800588588296;13.559571286747127;30.458113559102056,1,0.027777777777777776,False,False,False,False,5000.0,500.0
3,1000.0,0,4,3500,0.95,False,1.0,0,0.0,74.20756914734986;25.859464215615656;89.27722823930084,0,0.0,False,False,False,False,5000.0,500.0
3,1000.0,0,4,3500,0.95,False,0.6666666666666666,12,0.3333333333333333,383.2747816315245;30.406561573926997,12,0.3333333333333333,False,False,False,False,5000.0,500.0
3,1000.0,0,4,3500,0.95,False,1.0,0,0.0,27.689717603100295;37.72032701247101;23.467274794573104,0,0.0,False,False,False,False,5000.0,500.0
3,1000.0,0,4,3500,0.95,False,1.0,2,0.05555555555555555,222.12833491297354;29.7864013697856;233.96353797970443,0,0.0,False,False,False,False,5000.0,500.0
3,1000.0,0,4,3500,0.95,False,1.0,2,0.05555555555555555,252.84154729096653;41.465036069354966;252.71640614358395,0,0.0,False,False,False,False,5000.0,500.0
3,1000.0,0,4,3500,0.95,False,0.6666666666666666,16,0.4444444444444444,651.5014309791154;183.42052708330715,12,0.3333333333333333,False,False,False,False,5000.0,500.0
3,1000.0,0,4,3500,0.95,False,1.0,2,0.05555555555555555,97.88192924056163;6.243802665830941;124.2739954228828,0,0.0,False,False,False,False,5000.0,500.0
3,1000.0,0,4,3500,0.95,False,1.0,2,0.05555555555555555,153.72158480400856;205.5017897961068;6.164626089011389,1,0.027777777777777776,False,False,False,False,5000.0,500.0
3,1000.0,0,4,3500,0.95,False,1.0,0,0.0,42.26366743162908;61.198202480004376;12.96041829860749,0,0.0,False,False,False,False,5000.0,500.0
3,1000.0,0,4,3500,0.95,False,1.0,2,0.05555555555555555,102.63399425383686;76.38488080910919;65.8223278467671,0,0.0,False,False,False,False,5000.0,500.0
3,1000.0,0,4,3500,0.95,False,1.0,2,0.05555555555555555,26.077208998203538;15.645338590058108;23.845454093182745,3,0.08333333333333333,False,False,False,False,5000.0,500.0
3,1000.0,0,4,3500,0.95,False,1.0,0,0.0,14.07090546083377;17.12985613818887;10.26791257946234,0,0.0,False,False,False,False,5000.0,500.0
3,1000.0,0,4,3500,0.95,False,1.0,2,0.05555555555555555,43.140790625550366;48.79265183934101;5.771224961830477,0,0.0,False,False,False,False,5000.0,500.0
3,1000.0,0,4,3500,0.95,False,1.0,2,0.05555555555555555,64.79491225766252;50.500687943643015;84.6461555007383,2,0.05555555555555555,False,False,False,False,5000.0,500.0
3,1000.0,0,4,3500,0.95,False,1.0,2,0.05555555555555555,17.876434320275024;90.44181465906105;115.01424099860066,0,0.0,False,False,False,False,5000.0,500.0
3,1000.0,0,4,3500,0.95,False,1.0,0,0.0,62.78079525820593;67.42631800963417;31.011661476357993,0,0.0,False,False,False,False,5000.0,500.0
3,1000.0,0,4,3500,0.95,False,1.0,0,0.0,89.68765113143166;30.66411500383146;18.06971434838237,2,0.05555555555555555,False,False,False,False,5000.0,500.0
3,1000.0,0,4,3500,0.95,False,1.0,2,0.05555555555555555,65.4682840360816;45.458233939944115;20.712122612555138,0,0.0,False,False,False,False,5000.0,500.0
3,1000.0,0,4,3500,0.95,False,0.6666666666666666,12,0.3333333333333333,74.19224018741293;30.64340820129654,12,0.3333333333333333,False,False,False,False,5000.0,500.0
3,1000.0,0,4,3500,0.95,False,1.0,4,0.1111111111111111,447.7738534098501;788.6914498314263;407.4554226822687,0,0.0,False,False,False,False,5000.0,500.0
3,1000.0,0,4,3500,0.95,False,1.0,0,0.0,37.75330713857825;41.14319048800773;47.706688684831676,1,0.027777777777777776,False,False,False,False,5000.0,500.0
3,1000.0,0,4,3500,0.95,False,1.0,0,0.0,60.43239599716094;5.856231483179474;19.505631937605102,2,0.05555555555555555,False,False,False,False,5000.0,500.0
3,1000.0,0,4,3500,0.95,False,1.0,0,0.0,18.006871842149746;27.457807366065005;33.05726126489072,0,0.0,False,False,False,False,5000.0,500.0
3,1000.0,0,4,3500,0.95,False,1.0,0,0.0,81.11369177011649;31.255598009659085;19.336524200011212,0,0.0,False,False,False,False,5000.0,500.0
3,1000.0,0,4,3500,0.95,False,1.0,0,0.0,17.373784271325878;29.278478483766335;53.38334396040991,0,0.0,False,False,False,False,5000.0,500.0
3,1000.0,0,4,3500,0.95,False,1.0,0,0.0,33.92837194280576;25.617521026972643;16.521325626163325,0,0.0,False,False,False,False,5000.0,500.0
3,1000.0,0,4,3500,0.95,False,1.0,2,0.05555555555555555,20.631680565649994;58.88268842963046;30.70117451731623,0,0.0,False,False,False,False,5000.0,500.0
3,1000.0,0,4,3500,0.95,False,1.0,0,0.0,10.526646093802258;78.27853628101384;75.22199478575163,0,0.0,False,False,False,False,5000.0,500.0
3,1000.0,0,4,3500,0.95,False,1.0,0,0.0,69.2283733412628;35.52752617482567;6.236937989154949,1,0.027777777777777776,False,False,False,False,5000.0,500.0
3,1000.0,0,4,3500,0.95,False,1.0,0,0.0,22.556717163802993;28.704980247634904;42.74651907008403,0,0.0,False,False,False,False,5000.0,500.0
3,1000.0,0,4,3500,0.95,False,1.0,0,0.0,27.269773754759317;17.916712216412254;82.86267886193578,3,0.08333333333333333,False,False,False,False,5000.0,500.0
3,1000.0,0,4,3500,0.95,False,1.0,0,0.0,27.152142194106144;43.68635575048821;17.21407451999987,0,0.0,False,False,False,False,5000.0,500.0
3,1000.0,0,4,3500,0.95,False,1.0,0,0.0,42.214991815043746;32.04413402455005;25.250030930462497,1,0.027777777777777776,False,False,False,False,5000.0,500.0
3,1000.0,0,4,3500,0.95,False,0.6666666666666666,13,0.3611111111111111,366.5874844517868;228.5670048555336,12,0.3333333333333333,False,False,False,False,5000.0,500.0
3,1000.0,0,4,3500,0.95,False,0.6666666666666666,12,0.3333333333333333,615.9879287781331;12.901598745974324,12,0.3333333333333333,False,False,False,False,5000.0,500.0
3,1000.0,0,4,3500,0.95,False,1.0,0,0.0,42.669343241343505;38.23562282340264;41.47088051743775,2,0.05555555555555555,False,False,False,False,5000.0,500.0
3,1000.0,0,4,3500,0.95,False,1.0,0,0.0,25.35743836090973;30.053560803207557;47.22816867539819,0,0.0,False,False,False,False,5000.0,500.0
3,1000.0,0,4,3500,0.95,False,1.0,4,0.1111111111111111,33.79193114575205;29.442953178424872;42.0275079520901,0,0.0,False,False,False,False,5000.0,500.0
3,1000.0,0,4,3500,0.95,False,1.0,4,0.1111111111111111,90.15143922591119;83.76456232740838;18.359606991072827,0,0.0,False,False,False,False,5000.0,500.0
3,1000.0,0,4,3500,0.95,False,1.0,1,0.027777777777777776,28.075719383361438;16.15560706918603;12.341201743264264,1,0.027777777777777776,False,False,False,False,5000.0,500.0
3,1000.0,0,4,3500,0.95,False,1.0,0,0.0,13.88773549542474;25.88174455343237;21.411280830995572,0,0.0,False,False,False,False,5000.0,500.0
3,1000.0,0,4,3500,0.95,False,0.6666666666666666,12,0.3333333333333333,769.8293826355336;27.17398453518032,12,0.3333333333333333,False,False,False,False,5000.0,500.0
3,1000.0,0,4,3500,0.95,False,1.0,0,0.0,51.287717356287764;15.941255695572004;12.392450435260413,1,0.027777777777777776,False,False,False,False,5000.0,500.0
3,1000.0,0,4,3500,0.95,False,0.6666666666666666,12,0.3333333333333333,2397.9362121274285;16.514900945107055,12,0.3333333333333333,False,False,False,False,5000.0,500.0
3,1000.0,0,4,3500,0.95,False,1.0,0,0.0,25.3135744528588;15.999973780206453;29.869491635260616,0,0.0,False,False,False,False,5000.0,500.0
3,1000.0,0,4,3500,0.95,False,1.0,2,0.05555555555555555,24.662952465477044;22.853001328629553;24.40858548203505,0,0.0,False,False,False,False,5000.0,500.0
3,1000.0,0,4,3500,0.95,False,1.0,4,0.1111111111111111,5.950955751217164;42.70114047406766;15.694876455053562,0,0.0,False,False,False,False,5000.0,500.0
3,1000.0,0,4,3500,0.95,False,1.0,0,0.0,80.88527522060735;22.352006520164863;37.90643390311697,0,0.0,False,False,False,False,5000.0,500.0
3,1000.0,0,4,3500,0.95,False,1.0,2,0.05555555555555555,34.38335677776156;24.209134453916985;67.52267101511679,0,0.0,False,False,False,False,5000.0,500.0
3,1000.0,0,4,3500,0.95,False,1.0,2,0.05555555555555555,401.99767168554797;368.42026780316314;65.31455382662351,0,0.0,False,False,False,False,5000.0,500.0
3,1000.0,0,4,3500,0.95,False,1.0,0,0.0,24.131717498127045;52.28728895264457;46.77585848420541,0,0.0,False,False,False,False,5000.0,500.0
3,1000.0,0,4,3500,0.95,False,0.6666666666666666,14,0.3888888888888889,203.9787031038525;624.2974168257068,12,0.3333333333333333,False,False,False,False,5000.0,500.0
3,1000.0,0,4,3500,0.95,False,1.0,2,0.05555555555555555,15.716060020771664;82.51576257345995;83.28077843695633,0,0.0,False,False,False,False,5000.0,500.0
3,1000.0,0,4,3500,0.95,False,1.0,2,0.05555555555555555,52.18801119777773;44.488335119339915;41.41103306655401,0,0.0,False,False,False,False,5000.0,500.0
3,1000.0,0,4,3500,0.95,False,0.6666666666666666,12,0.3333333333333333,474.32289127591235;52.232036630536385,12,0.3333333333333333,False,False,False,False,5000.0,500.0
3,1000.0,0,4,3500,0.95,False,1.0,0,0.0,51.25545628209257;60.56870091819173;19.276954592768227,3,0.08333333333333333,False,False,False,False,5000.0,500.0
3,1000.0,0,4,3500,0.95,False,1.0,0,0.0,39.30699287102723;37.60745822735301;68.36388468949866,2,0.05555555555555555,False,False,False,False,5000.0,500.0
3,1000.0,0,4,3500,0.95,False,1.0,0,0.0,41.431902328550436;46.33058888734509;33.74923086035596,3,0.08333333333333333,False,False,False,False,5000.0,500.0
3,1000.0,0,4,3500,0.95,False,1.0,2,0.05555555555555555,19.63113290347206;36.24041384855408;82.81161467669982,3,0.08333333333333333,False,False,False,False,5000.0,500.0
3,1000.0,0,4,3500,0.95,False,0.6666666666666666,14,0.3888888888888889,112.11655944154234;9.683013201741279,12,0.3333333333333333,False,False,False,False,5000.0,500.0
3,1000.0,0,4,3500,0.95,False,1.0,0,0.0,75.24136150021872;30.68966505303719;45.80351434265451,0,0.0,False,False,False,False,5000.0,500.0
3,1000.0,0,4,3500,0.95,False,1.0,0,0.0,46.15417476290658;35.19852390377746;22.142155774055432,0,0.0,False,False,False,False,5000.0,500.0
3,1000.0,0,4,3500,0.95,False,1.0,0,0.0,14.08914405447893;58.401984172890685;45.95937268714039,0,0.0,False,False,False,False,5000.0,500.0
3,1000.0,0,4,3500,0.95,False,0.6666666666666666,13,0.3611111111111111,284.9675375725144;337.54185015892233,12,0.3333333333333333,False,False,False,False,5000.0,500.0
3,1000.0,0,4,3500,0.95,False,1.0,4,0.1111111111111111,44.24970179131122;116.7689564714707;111.80248025220224,0,0.0,False,False,False,False,5000.0,500.0
3,1000.0,0,4,3500,0.95,False,1.0,0,0.0,28.27627798721615;11.082610782013449;36.6965465849633,4,0.1111111111111111,False,False,False,False,5000.0,500.0
3,1000.0,0,4,3500,0.95,False,1.0,2,0.05555555555555555,13.0599362868625;281.4079148594127;256.47713540929925,4,0.1111111111111111,False,False,False,False,5000.0,500.0
3,1000.0,0,4,3500,0.95,False,1.0,0,0.0,22.222418740043473;94.51185674283182;53.920721328415205,2,0.05555555555555555,False,False,False,False,5000.0,500.0
3,1000.0,0,4,3500,0.95,False,1.0,0,0.0,69.71637281190233;26.230818326730624;17.24153552474644,0,0.0,False,False,False,False,5000.0,500.0
3,1000.0,0,4,3500,0.95,False,1.0,0,0.0,30.16986313055349;69.00025514035484;13.606565098836766,1,0.027777777777777776,False,False,False,False,5000.0,500.0
3,1000.0,0,4,3500,0.95,False,0.6666666666666666,12,0.3333333333333333,800.3263166813996;57.5079577237308,12,0.3333333333333333,False,False,False,False,5000.0,500.0
3,1000.0,0,4,3500,0.95,False,1.0,2,0.05555555555555555,259.49874533891824;287.7177471767545;30.214346808047367,2,0.05555555555555555,False,False,False,False,5000.0,500.0
3,1000.0,0,4,3500,0.95,False,1.0,4,0.1111111111111111,125.39581571490048;126.24461104357792;36.508104418673334,0,0.0,False,False,False,False,5000.0,500.0
3,1000.0,0,4,3500,0.95,False,1.0,0,0.0,9.557587852413556;35.630987942021434;34.396374410957165,0,0.0,False,False,False,False,5000.0,500.0
3,1000.0,0,4,3500,0.95,False,1.0,2,0.05555555555555555,28.170672137259494;167.98127544628258;133.43748435267622,0,0.0,False,False,False,False,5000.0,500.0
3,1000.0,0,4,3500,0.95,False,0.6666666666666666,13,0.3611111111111111,1074.6642579485372;30.3139669174557,12,0.3333333333333333,False,False,False,False,5000.0,500.0
3,1000.0,0,4,3500,0.95,False,1.0,2,0.05555555555555555,275.3157426652366;275.29118421200246;18.408995813685248,0,0.0,False,False,False,False,5000.0,500.0
3,1000.0,0,4,3500,0.95,False,1.0,0,0.0,49.13625036849934;11.122710686567075;34.01741990467077,2,0.05555555555555555,False,False,False,False,5000.0,500.0
3,1000.0,0,4,3500,0.95,False,1.0,0,0.0,26.811273827420766;24.787576408385917;54.17091848340317,0,0.0,False,False,False,False,5000.0,500.0
3,1000.0,0,4,3500,0.95,False,0.6666666666666666,12,0.3333333333333333,25.41019029719535;189.5601891278607,12,0.3333333333333333,False,False,False,False,5000.0,500.0
3,1000.0,0,4,3500,0.95,False,1.0,2,0.05555555555555555,58.27444905273846;42.0246332507065;50.90816652110078,0,0.0,False,False,False,False,5000.0,500.0
3,1000.0,0,4,3500,0.95,False,1.0,0,0.0,27.029967244471987;57.70096531371184;8.326772717167296,0,0.0,False,False,False,False,5000.0,500.0
3,1000.0,0,4,3500,0.95,False,0.6666666666666666,12,0.3333333333333333,22.034215776431687;35.802214780450576,12,0.3333333333333333,False,False,False,False,5000.0,500.0
3,1000.0,0,4,3500,0.95,False,0.6666666666666666,14,0.3888888888888889,52.221434744121886;443.7034365922966,12,0.3333333333333333,False,False,False,False,5000.0,500.0
3,1000.0,0,4,3500,0.95,False,1.0,4,0.1111111111111111,132.39378048075443;149.2140127958032;61.701589495824784,0,0.0,False,False,False,False,5000.0,500.0
3,1000.0,0,4,3500,0.95,False,1.0,0,0.0,14.279901705810541;22.226815230019596;64.03911257345537,0,0.0,False,False,False,False,5000.0,500.0
3,1000.0,0,4,3500,0.95,False,1.0,0,0.0,14.826790026253672;42.09693120446335;28.459070183628658,0,0.0,False,False,False,False,5000.0,500.0
3,1000.0,0,4,3500,0.95,False,1.0,0,0.0,28.351603880402518;13.161508822892396;16.926690534642404,0,0.0,False,False,False,False,5000.0,500.0
3,1000.0,0,4,3500,0.95,False,1.0,2,0.05555555555555555,20.915769795486003;62.18771343479555;6.043728793868135,0,0.0,False,False,False,False,5000.0,500.0
3,1000.0,0,4,3500,0.95,False,1.0,0,0.0,14.994525127875479;17.355531458383865;27.0153065594647,1,0.027777777777777776,False,False,False,False,5000.0,500.0
3,1000.0,0,4,3500,0.95,False,1.0,0,0.0,44.60684508237927;90.40731483014268;18.809671305705276,4,0.1111111111111111,False,False,False,False,5000.0,500.0
3,1000.0,0,4,3500,0.95,False,0.6666666666666666,12,0.3333333333333333,54.29674517322407;24.864936264623246,12,0.3333333333333333,False,False,False,False,5000.0,500.0
3,1000.0,0,4,3500,0.95,False,0.6666666666666666,12,0.3333333333333333,947.0827961222859;20.054955283163153,12,0.3333333333333333,False,False,False,False,5000.0,500.0
3,1000.0,0,4,3500,0.95,False,0.6666666666666666,13,0.3611111111111111,766.2741945638292;290.00996559012896,12,0.3333333333333333,False,False,False,False,5000.0,500.0
3,1000.0,0,4,3500,0.95,False,1.0,0,0.0,46.368812655735866;40.99507888870746;46.00535641625969,1,0.027777777777777776,False,False,False,False,5000.0,500.0
3,1000.0,0,4,3500,0.95,False,1.0,0,0.0,87.32659675091155;37.551312181055884;34.84389432741249,1,0.027777777777777776,False,False,False,False,5000.0,500.0
3,1000.0,0,4,3500,0.95,False,0.6666666666666666,12,0.3333333333333333,37.975920522674784;352.01996847777366,12,0.3333333333333333,False,False,False,False,5000.0,500.0
3,1000.0,0,4,3500,0.95,False,1.0,2,0.05555555555555555,552.8857305784709;519.9897065018984;3.377234365420693,1,0.027777777777777776,False,False,False,False,5000.0,500.0
3,1000.0,0,4,3500,0.95,False,1.0,0,0.0,34.725934813891904;36.575002664329865;7.600828583935948,6,0.16666666666666666,False,False,False,False,5000.0,500.0
3,1000.0,0,4,3500,0.95,False,1.0,2,0.05555555555555555,141.80215145558554;139.32848394376663;35.263258226355646,0,0.0,False,False,False,False,5000.0,500.0
3,1000.0,0,4,3500,0.95,False,1.0,0,0.0,19.43367992966878;64.71155318883713;20.355316801204896,0,0.0,False,False,False,False,5000.0,500.0
3,1000.0,0,4,3500,0.95,False,0.6666666666666666,12,0.3333333333333333,34.034724822735114;1153.2527998109124,12,0.3333333333333333,False,False,False,False,5000.0,500.0
3,1000.0,0,4,3500,0.95,False,1.0,0,0.0,34.34769095596274;29.856543049686675;42.35808986886732,0,0.0,False,False,False,False,5000.0,500.0
3,1000.0,0,4,3500,0.95,False,1.0,0,0.0,40.10615252991103;82.83680284829835;57.15941290821322,3,0.08333333333333333,False,False,False,False,5000.0,500.0
3,1000.0,0,4,3500,0.95,False,1.0,2,0.05555555555555555,85.44218939311098;182.72186517994396;6.678966680932163,0,0.0,False,False,False,False,5000.0,500.0
3,1000.0,0,4,3500,0.95,False,1.0,0,0.0,17.432667608551537;42.47840026930991;77.84799593463698,0,0.0,False,False,False,False,5000.0,500.0
3,1000.0,0,4,3500,0.95,False,1.0,0,0.0,8.705096814698308;24.89677193837911;14.755587845516487,0,0.0,False,False,False,False,5000.0,500.0
3,1000.0,0,4,3500,0.95,False,1.0,0,0.0,15.98433457578676;16.26359836126881;66.71771974317946,0,0.0,False,False,False,False,5000.0,500.0
3,1000.0,0,4,3500,0.95,False,0.6666666666666666,12,0.3333333333333333,846.5910849942693;14.139401321505563,12,0.3333333333333333,False,False,False,False,5000.0,500.0
3,1000.0,0,4,3500,0.95,False,0.6666666666666666,12,0.3333333333333333,10.322790457482945;381.99360313055496,12,0.3333333333333333,False,False,False,False,5000.0,500.0
3,1000.0,0,4,3500,0.95,False,1.0,5,0.1388888888888889,44.667223906217345;96.68837337637025;21.75433034021396,3,0.08333333333333333,False,False,False,False,5000.0,500.0
3,1000.0,0,4,3500,0.95,False,1.0,0,0.0,72.45242400819394;22.43675203719545;7.506792270000368,0,0.0,False,False,False,False,5000.0,500.0
3,1000.0,0,4,3500,0.95,False,1.0,2,0.05555555555555555,85.43270946140258;81.62136521049048;7.5005230125297375,0,0.0,False,False,False,False,5000.0,500.0
4,1000.0,0,4,3500,0.95,False,0.5,26,0.5416666666666666,2453.7644219429935;3320.0315472005664,24,0.5,False,False,False,False,5000.0,500.0
4,1000.0,0,4,3500,0.95,False,0.75,12,0.25,70.25245087606437;349.74850273285614;4913.618872167965,15,0.3125,False,False,False,False,5000.0,500.0
4,1000.0,0,4,3500,0.95,False,1.0,0,0.0,29.361919750843068;27.712309587276888;58.50310801883293;40.344406524797215,0,0.0,False,False,False,False,5000.0,500.0
4,1000.0,0,4,3500,0.95,False,0.75,14,0.2916666666666667,881.4796574289113;31.243337890565517;614.752003322127,12,0.25,False,False,False,False,5000.0,500.0
4,1000.0,0,4,3500,0.95,False,1.0,0,0.0,31.099447764848513;35.006526369433985;22.51261690025223;54.17966194496108,5,0.10416666666666667,False,False,False,False,5000.0,500.0
4,1000.0,0,4,3500,0.95,False,0.75,12,0.25,35.76197917916935;14.296854190988267;1671.3280961536307,13,0.2708333333333333,False,False,False,False,5000.0,500.0
4,1000.0,0,4,3500,0.95,False,0.75,16,0.3333333333333333,908.5754058633611;62.951781949834974;22.651963393901767,14,0.2916666666666667,False,False,False,False,5000.0,500.0
4,1000.0,0,4,3500,0.95,False,0.75,11,0.22916666666666666,1900.0013190632828;224.47409819813694;26.871587768575072,16,0.3333333333333333,False,False,False,False,5000.0,500.0
4,1000.0,0,4,3500,0.95,False,0.5,24,0.5,38.1926738511952;952.5288242345911,24,0.5,False,False,False,False,5000.0,500.0
4,1000.0,0,4,3500,0.95,False,0.75,12,0.25,30.024838694165748;25.661324967135844;3870.445757734547,15,0.3125,False,False,False,False,5000.0,500.0
4,1000.0,0,4,3500,0.95,False,0.5,27,0.5625,2611.9609063029643;1642.102205752974,24,0.5,False,False,False,False,5000.0,500.0
4,1000.0,0,4,3500,0.95,False,0.5,28,0.5833333333333334,955.723066385876;1007.5210083980539,24,0.5,False,False,False,False,5000.0,500.0
4,1000.0,0,4,3500,0.95,False,0.75,18,0.375,1083.7750744742693;295.46313406564985;105.24404887400748,15,0.3125,False,False,False,False,5000.0,500.0
4,1000.0,0,4,3500,0.95,False,0.5,25,0.5208333333333334,587.2592434093739;4285.017916898062,24,0.5,False,False,False,False,5000.0,500.0
4,1000.0,0,4,3500,0.95,False,0.5,24,0.5,50.534387427798926;2285.2048401603297,24,0.5,False,False,False,False,5000.0,500.0
4,1000.0,0,4,3500,0.95,False,1.0,3,0.0625,554.2650429861612;179.6895020364823;142.33271654446446;218.85537887462405,9,0.1875,False,False,False,False,5000.0,500.0
4,1000.0,0,4,3500,0.95,False,0.5,24,0.5,150.42649129724992;792.8073669639325,24,0.5,False,False,False,False,5000.0,500.0
4,1000.0,0,4,3500,0.95,False,0.75,12,0.25,963.3928400711859;31.140708527338223;48.592995653518884,12,0.25,False,False,False,False,5000.0,500.0
4,1000.0,0,4,3500,0.95,False,0.75,12,0.25,935.4694953692949;24.18994530226302;38.30986188555504,12,0.25,False,False,False,False,5000.0,500.0
4,1000.0,0,4,3500,0.95,False,1.0,3,0.0625,54.90443548987293;27.979326036853568;110.29581822248764;41.68916963892207,6,0.125,False,False,False,False,5000.0,500.0
4,1000.0,0,4,3500,0.95,False,1.0,1,0.020833333333333332,23.456349165538256;22.724296188016037;21.020125883950687;95.6386831545919,3,0.0625,False,False,False,False,5000.0,500.0
4,1000.0,0,4,3500,0.95,False,0.75,13,0.2708333333333333,69.38791879556653;2497.0755325853625;206.57865377590446,13,0.2708333333333333,False,False,False,False,5000.0,500.0
4,1000.0,0,4,3500,0.95,False,0.5,24,0.5,9916.103356176503;625.8334784356887,24,0.5,False,False,False,False,5000.0,500.0
4,1000.0,0,4,3500,0.95,False,0.75,13,0.2708333333333333,397.1017956297527;1006.9709651870805;35.259023252648554,12,0.25,False,False,False,False,5000.0,500.0
4,1000.0,0,4,3500,0.95,False,0.75,15,0.3125,34.13672682255393;2356.8258080946266;264.2390721099528,14,0.2916666666666667,False,False,False,False,5000.0,500.0
4,1000.0,0,4,3500,0.95,False,0.75,16,0.3333333333333333,1069.4597913142034;344.75328839160824;41.27492766592313,12,0.25,False,False,False,False,5000.0,500.0
4,1000.0,0,4,3500,0.95,False,0.5,24,0.5,33.667168601243226;1622.2580433695784,24,0.5,False,False,False,False,5000.0,500.0
4,1000.0,0,4,3500,0.95,False,0.5,25,0.5208333333333334,263.82391905594363;5749.093089284595,24,0.5,False,False,False,False,5000.0,500.0
4,1000.0,0,4,3500,0.95,False,1.0,0,0.0,26.4600779612858;33.307334879567605;15.038969409861469;89.53308618609482,2,0.041666666666666664,False,False,False,False,5000.0,500.0
4,1000.0,0,4,3500,0.95,False,0.5,24,0.5,42.35038208327044;26.10982103187692,24,0.5,False,False,False,False,5000.0,500.0
4,1000.0,0,4,3500,0.95,False,0.75,13,0.2708333333333333,632.5391376182175;40.36966623128953;65.52063528325017,14,0.2916666666666667,False,False,False,False,5000.0,500.0
4,1000.0,0,4,3500,0.95,False,0.75,14,0.2916666666666667,192.99250780694553;250.39839148740157;998.6345158742643,14,0.2916666666666667,False,False,False,False,5000.0,500.0
4,1000.0,0,4,3500,0.95,False,0.75,12,0.25,602.8127184650066;8.564222426062459;19.015341903073875,12,0.25,False,False,False,False,5000.0,500.0
4,1000.0,0,4,3500,0.95,False,0.5,25,0.5208333333333334,332.24482957223347;1604.3643054648676,24,0.5,False,False,False,False,5000.0,500.0
4,1000.0,0,4,3500,0.95,False,1.0,0,0.0,18.51861521424143;15.568552324110998;23.910593663952152;34.41591286010651,5,0.10416666666666667,False,False,False,False,5000.0,500.0
4,1000.0,0,4,3500,0.95,False,0.5,26,0.5416666666666666,2631.5136475492286;1726.9562635184475,24,0.5,False,False,False,False,5000.0,500.0
4,1000.0,0,4,3500,0.95,False,0.75,14,0.2916666666666667,43.06418030206972;110.54010059406434;602.7559857926859,12,0.25,False,False,False,False,5000.0,500.0
4,1000.0,0,4,3500,0.95,False,0.75,14,0.2916666666666667,532.6094683888219;1182.3008429340964;28.289914271747495,15,0.3125,False,False,False,False,5000.0,500.0
4,1000.0,0,4,3500,0.95,False,0.5,27,0.5625,629.4036539001607;457.67056804207425,24,0.5,False,False,False,False,5000.0,500.0
4,1000.0,0,4,3500,0.95,False,0.75,11,0.22916666666666666,36.80046403326178;1281.745561508645;30.102475719253007,13,0.2708333333333333,False,False,False,False,5000.0,500.0
4,1000.0,0,4,3500,0.95,False,1.0,1,0.020833333333333332,55.773398990802214;21.71229522757042;58.00464912397631;43.61867079794213,2,0.041666666666666664,False,False,False,False,5000.0,500.0
4,1000.0,0,4,3500,0.95,False,0.5,25,0.5208333333333334,398.2474982396062;2588.7529220423244,24,0.5,False,False,False,False,5000.0,500.0
4,1000.0,0,4,3500,0.95,False,0.5,24,0.5,176.11842152909688;3377.979125716999,24,0.5,False,False,False,False,5000.0,500.0
4,1000.0,0,4,3500,0.95,False,1.0,0,0.0,6.005441146739532;2.4852192724254816;17.100214307289576;16.16686310411509,0,0.0,False,False,False,False,5000.0,500.0
4,1000.0,0,4,3500,0.95,False,0.75,12,0.25,27.911297650246958;834.056593020966;30.02064049359546,13,0.2708333333333333,False,False,False,False,5000.0,500.0
4,1000.0,0,4,3500,0.95,False,1.0,0,0.0,33.35832951913581;7.415143613599265;52.63123991214553;8.702182103952664,2,0.041666666666666664,False,False,False,False,5000.0,500.0
4,1000.0,0,4,3500,0.95,False,0.5,25,0.5208333333333334,1676.9135373702006;187.02354515742766,24,0.5,False,False,False,False,5000.0,500.0
4,1000.0,0,4,3500,0.95,False,1.0,4,0.08333333333333333,56.24569841932452;72.03349691363323;47.29330805149876;78.0090324804321,1,0.020833333333333332,False,False,False,False,5000.0,500.0
4,1000.0,0,4,3500,0.95,False,0.5,27,0.5625,181.15034326467392;112.8021194410014,24,0.5,False,False,False,False,5000.0,500.0
4,1000.0,0,4,3500,0.95,False,0.75,16,0.3333333333333333,14.841249838489793;52.38180548458695;4745.573363771182,15,0.3125,False,False,False,False,5000.0,500.0
4,1000.0,0,4,3500,0.95,False,1.0,0,0.0,63.355104023696796;113.69818770508111;18.534666734591234;24.875637462473055,2,0.041666666666666664,False,False,False,False,5000.0,500.0
4,1000.0,0,4,3500,0.95,False,1.0,0,0.0,42.649634073837426;63.63558437129714;15.671610150054654;16.709995811022566,1,0.020833333333333332,False,False,False,False,5000.0,500.0
4,1000.0,0,4,3500,0.95,False,0.75,8,0.16666666666666666,39.80234740104417;32.97894653752089;355.8986030245054,18,0.375,False,False,False,False,5000.0,500.0
4,1000.0,0,4,3500,0.95,False,0.75,11,0.22916666666666666,25.233419403780136;14.860532730413599;2091.678511112301,15,0.3125,False,False,False,False,5000.0,500.0
4,1000.0,0,4,3500,0.95,False,0.75,14,0.2916666666666667,3436.454331991721;40.07418494207579;83.29102564047301,15,0.3125,False,False,False,False,5000.0,500.0
4,1000.0,0,4,3500,0.95,False,1.0,3,0.0625,38.167360999261284;159.79668361735776;50.46347314504383;44.243445939222624,8,0.16666666666666666,False,False,False,False,5000.0,500.0
4,1000.0,0,4,3500,0.95,False,0.5,25,0.5208333333333334,5686.481738545818;1546.3417148112098,24,0.5,False,False,False,False,5000.0,500.0
4,1000.0,0,4,3500,0.95,False,0.5,26,0.5416666666666666,1181.1157806655808;885.1836696999334,24,0.5,False,False,False,False,5000.0,500.0
4,1000.0,0,4,3500,0.95,False,0.75,15,0.3125,5045.561314771254;55.9446249793985;76.47062538802703,12,0.25,False,False,False,False,5000.0,500.0
4,1000.0,0,4,3500,0.95,False,0.5,24,0.5,4886.5668534768665;439.74634117054,24,0.5,False,False,False,False,5000.0,500.0
4,1000.0,0,4,3500,0.95,False,0.5,25,0.5208333333333334,2991.770830253442;7.006658473283517,24,0.5,False,False,False,False,5000.0,500.0
4,1000.0,0,4,3500,0.95,False,0.5,26,0.5416666666666666,644.4972797250412;1463.3325982321278,24,0.5,False,False,False,False,5000.0,500.0
4,1000.0,0,4,3500,0.95,False,1.0,2,0.041666666666666664,25.581872205579973;68.13250619563053;27.65379310244707;46.12255807075387,0,0.0,False,False,False,False,5000.0,500.0
4,1000.0,0,4,3500,0.95,False,0.75,13,0.2708333333333333,15.089679074778607;21.35306251829702;289.59080481907216,15,0.3125,False,False,False,False,5000.0,500.0
4,1000.0,0,4,3500,0.95,False,0.5,24,0.5,410.4810982540281;8830.420753527886,24,0.5,False,False,False,False,5000.0,500.0
4,1000.0,0,4,3500,0.95,False,1.0,0,0.0,47.28939593073155;26.576478982550604;75.53840775372902;49.598153969399306,6,0.125,False,False,False,False,5000.0,500.0
4,1000.0,0,4,3500,0.95,False,0.5,25,0.5208333333333334,87.93579146166066;7214.980262538861,24,0.5,False,False,False,False,5000.0,500.0
4,1000.0,0,4,3500,0.95,False,0.5,24,0.5,2342.092225090421;383.3837332525208,24,0.5,False,False,False,False,5000.0,500.0
4,1000.0,0,4,3500,0.95,False,0.75,14,0.2916666666666667,39.53166858467781;54.77818669539041;1349.6064883944618,16,0.3333333333333333,False,False,False,False,5000.0,500.0
4,1000.0,0,4,3500,0.95,False,1.0,0,0.0,26.187587632174406;37.89067363453006;33.17840902914076;30.584143485882464,2,0.041666666666666664,False,False,False,False,5000.0,500.0
4,1000.0,0,4,3500,0.95,False,0.75,17,0.3541666666666667,1086.292047190811;39.39011666278484;80.71787945195852,12,0.25,False,False,False,False,5000.0,500.0
4,1000.0,0,4,3500,0.95,False,0.75,12,0.25,5673.46831151961;16.583034593600654;389.44573159523344,14,0.2916666666666667,False,False,False,False,5000.0,500.0
4,1000.0,0,4,3500,0.95,False,0.75,13,0.2708333333333333,1546.9381328341024;227.9536483573122;161.26397645628575,16,0.3333333333333333,False,False,False,False,5000.0,500.0
4,1000.0,0,4,3500,0.95,False,0.75,13,0.2708333333333333,33.12045442751157;136.1866950223703;1274.9265143840385,12,0.25,False,False,False,False,5000.0,500.0
4,1000.0,0,4,3500,0.95,False,0.75,15,0.3125,187.47521337732437;645.6009853425918;99.0714201075862,12,0.25,False,False,False,False,5000.0,500.0
4,1000.0,0,4,3500,0.95,False,1.0,6,0.125,393.58586823606817;270.6696037817961;2.8085117806498423;152.5142437351815,1,0.020833333333333332,False,False,False,False,5000.0,500.0
4,1000.0,0,4,3500,0.95,False,0.75,13,0.2708333333333333,144.01169145620443;2076.361272774638;73.16448991953605,16,0.3333333333333333,False,False,False,False,5000.0,500.0
4,1000.0,0,4,3500,0.95,False,0.75,13,0.2708333333333333,339.7985919484641;80.2171173825195;33.015621768976146,14,0.2916666666666667,False,False,False,False,5000.0,500.0
4,1000.0,0,4,3500,0.95,False,0.5,24,0.5,2070.2511748178595;663.1610456800569,24,0.5,False,False,False,False,5000.0,500.0
4,1000.0,0,4,3500,0.95,False,0.5,24,0.5,157.3772322583542;2043.9335612717407,24,0.5,False,False,False,False,5000.0,500.0
4,1000.0,0,4,3500,0.95,False,0.5,25,0.5208333333333334,738.8300417417233;1200.5528359821542,24,0.5,False,False,False,False,5000.0,500.0
4,1000.0,0,4,3500,0.95,False,0.75,14,0.2916666666666667,248.62597834756687;3854.3926381745064;28.765963598777773,17,0.3541666666666667,False,False,False,False,5000.0,500.0
4,1000.0,0,4,3500,0.95,False,0.5,24,0.5,136.52818227474063;1610.1742229787803,24,0.5,False,False,False,False,5000.0,500.0
4,1000.0,0,4,3500,0.95,False,0.75,14,0.2916666666666667,184.89204284503884;3363.806559776177;10.020974912524375,12,0.25,False,False,False,False,5000.0,500.0
4,1000.0,0,4,3500,0.95,False,1.0,9,0.1875,65.71951306263912;442.1238795617341;354.1945904599309;28.773336633556802,4,0.08333333333333333,False,False,False,False,5000.0,500.0
4,1000.0,0,4,3500,0.95,False,0.75,11,0.22916666666666666,12.780541527030532;56.00510301567991;1608.6000117191634,13,0.2708333333333333,False,False,False,False,5000.0,500.0
4,1000.0,0,4,3500,0.95,False,1.0,0,0.0,14.52938490178529;99.71660830177436;33.79119527079453;15.193256311551705,2,0.041666666666666664,False,False,False,False,5000.0,500.0
4,1000.0,0,4,3500,0.95,False,0.5,24,0.5,371.6006835641004;435.457865177516,24,0.5,False,False,False,False,5000.0,500.0
4,1000.0,0,4,3500,0.95,False,1.0,8,0.16666666666666666,242.4118926559008;273.30555797791703;60.41085867107904;61.6083588999689,2,0.041666666666666664,False,False,False,False,5000.0,500.0
4,1000.0,0,4,3500,0.95,False,0.5,26,0.5416666666666666,1244.3804106669118;864.8000284836188,24,0.5,False,False,False,False,5000.0,500.0
4,1000.0,0,4,3500,0.95,False,0.75,14,0.2916666666666667,1009.2348991310927;24.33198101050995;18.25583641803141,15,0.3125,False,False,False,False,5000.0,500.0
4,1000.0,0,4,3500,0.95,False,0.75,14,0.2916666666666667,31.6580158099359;328.961225133537;1487.2256414417093,12,0.25,False,False,False,False,5000.0,500.0
4,1000.0,0,4,3500,0.95,False,1.0,2,0.041666666666666664,18.19383219224006;54.942402475805615;10.62737749899187;58.4981984959667,1,0.020833333333333332,False,False,False,False,5000.0,500.0
4,1000.0,0,4,3500,0.95,False,0.75,13,0.2708333333333333,253.5500530798317;5.8544461181424365;15.187511885638171,15,0.3125,False,False,False,False,5000.0,500.0
4,1000.0,0,4,3500,0.95,False,1.0,2,0.041666666666666664,14.641711791529522;86.95131528152031;29.73420648380898;14.957047751067016,0,0.0,False,False,False,False,5000.0,500.0
4,1000.0,0,4,3500,0.95,False,1.0,2,0.041666666666666664,13.89824069085539;57.48899255794361;64.21386797998856;50.045265489985916,4,0.08333333333333333,False,False,False,False,5000.0,500.0
4,1000.0,0,4,3500,0.95,False,0.75,12,0.25,39.286503556172434;30.111193769833935;16.893596170215826,12,0.25,False,False,False,False,5000.0,500.0
4,1000.0,0,4,3500,0.95,False,0.75,13,0.2708333333333333,761.5046792466824;24.597307208046104;3498.625183870602,13,0.2708333333333333,False,False,False,False,5000.0,500.0
4,1000.0,0,4,3500,0.95,False,0.75,13,0.2708333333333333,3076.8806394919015;37.2192787767331;25.60492449121595,13,0.2708333333333333,False,False,False,False,5000.0,500.0
4,1000.0,0,4,3500,0.95,False,0.5,27,0.5625,204.68696530388158;270.0230853280003,24,0.5,False,False,False,False,5000.0,500.0
4,1000.0,0,4,3500,0.95,False,0.75,14,0.2916666666666667,28.089670701777656;35.95298152010334;12.278315178102734,12,0.25,False,False,False,False,5000.0,500.0
4,1000.0,0,4,3500,0.95,False,0.75,13,0.2708333333333333,406.2582093110711;34.12462854620032;77.62082516731503,14,0.2916666666666667,False,False,False,False,5000.0,500.0
4,1000.0,0,4,3500,0.95,False,0.5,25,0.5208333333333334,6984.4602303087495;1478.4580092494377,24,0.5,False,False,False,False,5000.0,500.0
4,1000.0,0,4,3500,0.95,False,0.5,26,0.5416666666666666,909.8474383900232;2234.0758172573337,24,0.5,False,False,False,False,5000.0,500.0
4,1000.0,0,4,3500,0.95,False,0.75,14,0.2916666666666667,36.315676295054516;770.4372780713448;110.83260243643102,12,0.25,False,False,False,False,5000.0,500.0
4,1000.0,0,4,3500,0.95,False,1.0,2,0.041666666666666664,48.49868531178703;24.640265687224506;142.53396348018222;62.868895591713205,6,0.125,False,False,False,False,5000.0,500.0
4,1000.0,0,4,3500,0.95,False,0.5,24,0.5,744.3558923933647;402.6905210551839,24,0.5,False,False,False,False,5000.0,500.0
4,1000.0,0,4,3500,0.95,False,0.75,12,0.25,11.171583174594332;2094.4714706306136;34.345304147841595,12,0.25,False,False,False,False,5000.0,500.0
4,1000.0,0,4,3500,0.95,False,1.0,2,0.041666666666666664,29.678116877120736;42.05889841130237;23.22544893576669;38.92653881202409,2,0.041666666666666664,False,False,False,False,5000.0,500.0
4,1000.0,0,4,3500,0.95,False,0.75,12,0.25,5827.109018525504;64.69244668836679;42.96670861349111,12,0.25,False,False,False,False,5000.0,500.0
4,1000.0,0,4,3500,0.95,False,0.75,15,0.3125,1022.4943985974519;1480.9622952753195;354.32870111169143,13,0.2708333333333333,False,False,False,False,5000.0,500.0
4,1000.0,0,4,3500,0.95,False,1.0,5,0.10416666666666667,90.80676786438018;444.441068424505;136.15169094590902;548.0436738836113,3,0.0625,False,False,False,False,5000.0,500.0
4,1000.0,0,4,3500,0.95,False,1.0,4,0.08333333333333333,22.885052157851955;36.96703398143814;42.97925429222845;17.4326655750278,6,0.125,False,False,False,False,5000.0,500.0
4,1000.0,0,4,3500,0.95,False,1.0,3,0.0625,48.16517041500508;120.2381181198907;77.60650761654045;32.56880371387739,8,0.16666666666666666,False,False,False,False,5000.0,500.0
4,1000.0,0,4,3500,0.95,False,1.0,0,0.0,24.632126459411936;12.571711489206244;57.30136820755338;20.87027300724017,0,0.0,False,False,False,False,5000.0,500.0
4,1000.0,0,4,3500,0.95,False,0.75,14,0.2916666666666667,20.304750633026565;60.29098690759738;6422.595506145498,13,0.2708333333333333,False,False,False,False,5000.0,500.0
4,1000.0,0,4,3500,0.95,False,0.75,13,0.2708333333333333,14.465899036295347;22.004910595229806;1.5324601073625252,12,0.25,False,False,False,False,5000.0,500.0
4,1000.0,0,4,3500,0.95,False,1.0,1,0.020833333333333332,38.57136251490991;38.59551695807932;255.41760791998354;30.894485104721213,6,0.125,False,False,False,False,5000.0,500.0
4,1000.0,0,4,3500,0.95,False,0.75,14,0.2916666666666667,405.02291332928024;616.8351612835334;39.64104972749728,14,0.2916666666666667,False,False,False,False,5000.0,500.0
4,1000.0,0,4,3500,0.95,False,0.75,11,0.22916666666666666,1230.3562257339408;592.4901685374849;17.1996646050876,15,0.3125,False,False,False,False,5000.0,500.0
4,1000.0,0,4,3500,0.95,False,0.75,12,0.25,1383.378257222861;50.891151937275666;37.63715212809614,12,0.25,False,False,False,False,5000.0,500.0
4,1000.0,0,4,3500,0.95,False,0.5,24,0.5,1871.3493351608283;959.034444654218,24,0.5,False,False,False,False,5000.0,500.0
4,1000.0,0,4,3500,0.95,False,1.0,0,0.0,23.905292727729364;7.36929381298743;63.547183630093166;16.24597326588002,6,0.125,False,False,False,False,5000.0,500.0
4,1000.0,0,4,3500,0.95,False,0.75,15,0.3125,239.52845676664296;538.4098362798086;109.50604230984746,13,0.2708333333333333,False,False,False,False,5000.0,500.0
4,1000.0,0,4,3500,0.95,False,0.75,12,0.25,32.31068367427224;59.39440192830829;4619.911808778641,13,0.2708333333333333,False,False,False,False,5000.0,500.0
4,1000.0,0,4,3500,0.95,False,0.75,16,0.3333333333333333,1340.5876857639087;1034.9936932414923;61.73389416971701,12,0.25,False,False,False,False,5000.0,500.0
4,1000.0,0,4,3500,0.95,False,1.0,2,0.041666666666666664,39.796490853480314;22.37700852830411;94.65416653641086;48.42401446947406,3,0.0625,False,False,False,False,5000.0,500.0
4,1000.0,0,4,3500,0.95,False,0.75,14,0.2916666666666667,163.75266510846268;1094.6889114316182;23.74813070176507,12,0.25,False,False,False,False,5000.0,500.0
4,1000.0,0,4,3500,0.95,False,0.5,26,0.5416666666666666,237.9109458265709;1230.3053210284734,24,0.5,False,False,False,False,5000.0,500.0
4,1000.0,0,4,3500,0.95,False,1.0,0,0.0,14.605357226277349;27.46880820159075;33.42109826458037;13.175509687569631,0,0.0,False,False,False,False,5000.0,500.0
4,1000.0,0,4,3500,0.95,False,0.75,12,0.25,41.57652695296738;135.01568382496706;49.55376760066026,13,0.2708333333333333,False,False,False,False,5000.0,500.0
4,1000.0,0,4,3500,0.95,False,1.0,1,0.020833333333333332,42.751179517770375;2.8210446656646195;11.196853078699924;47.31335086758487,6,0.125,False,False,False,False,5000.0,500.0
4,1000.0,0,4,3500,0.95,False,1.0,0,0.0,38.177215762235626;39.91130041959641;32.574801784431855;94.0573991398059,0,0.0,False,False,False,False,5000.0,500.0
4,1000.0,0,4,3500,0.95,False,0.75,12,0.25,37.57114568853266;45.56583759168466;832.5741370671374,12,0.25,False,False,False,False,5000.0,500.0
4,1000.0,0,4,3500,0.95,False,1.0,0,0.0,37.43927145435943;10.744513177744135;36.09170313460209;14.061468254805405,2,0.041666666666666664,False,False,False,False,5000.0,500.0
4,1000.0,0,4,3500,0.95,False,1.0,2,0.041666666666666664,28.947625929585282;8.690299297758996;21.614557902138344;5.397239523208657,1,0.020833333333333332,False,False,False,False,5000.0,500.0
4,1000.0,0,4,3500,0.95,False,0.75,15,0.3125,3002.445745107203;285.78120191764214;305.43772074717333,14,0.2916666666666667,False,False,False,False,5000.0,500.0
4,1000.0,0,4,3500,0.95,False,0.5,26,0.5416666666666666,190.2886299896851;39.264084552929695,24,0.5,False,False,False,False,5000.0,500.0
4,1000.0,0,4,3500,0.95,False,1.0,0,0.0,93.64243913491305;33.46924429123481;45.874544814861025;12.370934302220338,0,0.0,False,False,False,False,5000.0,500.0
4,1000.0,0,4,3500,0.95,False,0.5,26,0.5416666666666666,528.5196596117177;302.3121608292389,24,0.5,False,False,False,False,5000.0,500.0
4,1000.0,0,4,3500,0.95,False,0.5,25,0.5208333333333334,4404.759955631438;839.4719011520731,24,0.5,False,False,False,False,5000.0,500.0
4,1000.0,0,4,3500,0.95,False,0.5,28,0.5833333333333334,1706.9847259959063;2866.328115915285,24,0.5,False,False,False,False,5000.0,500.0
4,1000.0,0,4,3500,0.95,False,0.75,12,0.25,32.511389378366246;1057.6117100481608;43.87164724687697,17,0.3541666666666667,False,False,False,False,5000.0,500.0
4,1000.0,0,4,3500,0.95,False,0.75,14,0.2916666666666667,19.3267110725211;1324.7355102344482;251.84636107245962,12,0.25,False,False,False,False,5000.0,500.0
4,1000.0,0,4,3500,0.95,False,1.0,1,0.020833333333333332,39.58659059028972;39.60781266104768;10.371749524687171;268.0006758563482,6,0.125,False,False,False,False,5000.0,500.0
4,1000.0,0,4,3500,0.95,False,0.75,11,0.22916666666666666,557.26856043952;53.5424186732545;77.33292057943548,14,0.2916666666666667,False,False,False,False,5000.0,500.0
4,1000.0,0,4,3500,0.95,False,0.5,24,0.5,9.75071337883431;94.33593020854556,24,0.5,False,False,False,False,5000.0,500.0
4,1000.0,0,4,3500,0.95,False,0.5,28,0.5833333333333334,150.42599865336632;728.2177396812203,24,0.5,False,False,False,False,5000.0,500.0
4,1000.0,0,4,3500,0.95,False,0.75,16,0.3333333333333333,60.19968890864847;211.87336394758722;5588.123593100658,12,0.25,False,False,False,False,5000.0,500.0
4,1000.0,0,4,3500,0.95,False,0.5,25,0.5208333333333334,1907.0752241749562;1231.735769502123,24,0.5,False,False,False,False,5000.0,500.0
5,1000.0,0,4,3500,0.95,False,0.6,24,0.4,16.82856791436285;646.2940570741496;4643.595697174135,29,0.48333333333333334,False,False,False,False,5000.0,500.0
5,1000.0,0,4,3500,0.95,False,0.4,36,0.6,135.55274888288878;1394.4877635521912,36,0.6,False,False,False,False,5000.0,500.0
5,1000.0,0,4,3500,0.95,False,0.6,27,0.45,2112.1235009559314;553.3519378579846;30.915612343557488,25,0.4166666666666667,False,False,False,False,5000.0,500.0
5,1000.0,0,4,3500,0.95,False,0.6,25,0.4166666666666667,1018.7099736897117;225.90987975772995;485.9607265399828,28,0.4666666666666667,False,False,False,False,5000.0,500.0
5,1000.0,0,4,3500,0.95,False,0.4,36,0.6,941.7771077488635;868.5055964448084,36,0.6,False,False,False,False,5000.0,500.0
5,1000.0,0,4,3500,0.95,False,0.6,26,0.43333333333333335,1632.7126875866445;155.21199464472545;52.150668888115156,25,0.4166666666666667,False,False,False,False,5000.0,500.0
5,1000.0,0,4,3500,0.95,False,0.6,27,0.45,87.88868338989982;123.34864542922092;8734.68765031474,24,0.4,False,False,False,False,5000.0,500.0
5,1000.0,0,4,3500,0.95,False,0.8,11,0.18333333333333332,3207.3970866273753;29.96465323054219;20.72939679765049;601.0629085812121,18,0.3,False,False,False,False,5000.0,500.0
5,1000.0,0,4,3500,0.95,False,0.4,39,0.65,3373.9227220466314;609.0211337616723,36,0.6,False,False,False,False,5000.0,500.0
5,1000.0,0,4,3500,0.95,False,0.4,36,0.6,242.53397367374112;282.16049759418354,36,0.6,False,False,False,False,5000.0,500.0
5,1000.0,0,4,3500,0.95,False,0.6,28,0.4666666666666667,1766.0855763146292;6727.395392776293;274.3989637049441,26,0.43333333333333335,False,False,False,False,5000.0,500.0
5,1000.0,0,4,3500,0.95,False,0.6,27,0.45,295.262436753501;361.51329404205495;4601.555806790713,24,0.4,False,False,False,False,5000.0,500.0
5,1000.0,0,4,3500,0.95,False,0.6,26,0.43333333333333335,2216.6109550258384;1545.3673462531128;38.22584526016929,25,0.4166666666666667,False,False,False,False,5000.0,500.0
5,1000.0,0,4,3500,0.95,False,0.6,25,0.4166666666666667,28.03693999862056;315.4763548166895;1333.6089294058859,25,0.4166666666666667,False,False,False,False,5000.0,500.0
5,1000.0,0,4,3500,0.95,False,0.4,39,0.65,1035.7796250997862;1386.558710423293,36,0.6,False,False,False,False,5000.0,500.0
5,1000.0,0,4,3500,0.95,False,0.4,40,0.6666666666666666,818.7151625006018;3204.498921927485,36,0.6,False,False,False,False,5000.0,500.0
5,1000.0,0,4,3500,0.95,False,0.6,23,0.38333333333333336,5153.345692516529;112.79203681344435;38.57744071295524,26,0.43333333333333335,False,False,False,False,5000.0,500.0
5,1000.0,0,4,3500,0.95,False,0.6,22,0.36666666666666664,214.0871728340809;1577.2581957975096;604.0411116968896,28,0.4666666666666667,False,False,False,False,5000.0,500.0
5,1000.0,0,4,3500,0.95,False,0.8,14,0.23333333333333334,1749.950161219087;360.1390352439415;443.02344165563477;30.510113724754948,20,0.3333333333333333,False,False,False,False,5000.0,500.0
5,1000.0,0,4,3500,0.95,False,0.4,37,0.6166666666666667,1245.5857815310567;1067.0910290368615,36,0.6,False,False,False,False,5000.0,500.0
5,1000.0,0,4,3500,0.95,False,0.6,27,0.45,730.5112273144701;7140.674641624331;12340.99321046552,26,0.43333333333333335,False,False,False,False,5000.0,500.0
5,1000.0,0,4,3500,0.95,False,0.6,28,0.4666666666666667,540.9872737928713;909.5942896177788;281.77718403341606,24,0.4,False,False,False,False,5000.0,500.0
5,1000.0,0,4,3500,0.95,False,0.8,14,0.23333333333333334,45.032896831556585;108.91045281739002;48.9595544919172;757.6029943782156,17,0.2833333333333333,False,False,False,False,5000.0,500.0
5,1000.0,0,4,3500,0.95,False,0.6,27,0.45,106.86237492980783;192.7929886719828;34.29614720096317,24,0.4,False,False,False,False,5000.0,500.0
5,1000.0,0,4,3500,0.95,False,0.6,25,0.4166666666666667,2569.5986824364622;52.85363109344138;3113.720563387819,24,0.4,False,False,False,False,5000.0,500.0
5,1000.0,0,4,3500,0.95,False,0.8,13,0.21666666666666667,39.9227649493129;17.45639098733299;1835.7533202460513;39.98543965013301,14,0.23333333333333334,False,False,False,False,5000.0,500.0
5,1000.0,0,4,3500,0.95,False,0.6,27,0.45,2539.720876688302;437.0662848102491;645.9131157875462,24,0.4,False,False,False,False,5000.0,500.0
5,1000.0,0,4,3500,0.95,False,0.6,23,0.38333333333333336,356.0137771854341;721.7236053878974;22.042388285916836,29,0.48333333333333334,False,False,False,False,5000.0,500.0
5,1000.0,0,4,3500,0.95,False,0.6,23,0.38333333333333336,11.16781163105433;143.76072324382017;46.10947448842757,25,0.4166666666666667,False,False,False,False,5000.0,500.0
5,1000.0,0,4,3500,0.95,False,0.4,38,0.6333333333333333,1000.685644719936;915.1310970265728,36,0.6,False,False,False,False,5000.0,500.0
5,1000.0,0,4,3500,0.95,False,0.4,37,0.6166666666666667,1403.316659250322;555.2851367708527,36,0.6,False,False,False,False,5000.0,500.0
5,1000.0,0,4,3500,0.95,False,0.6,25,0.4166666666666667,72.58811646523002;3767.1714676730217;545.533001243711,24,0.4,False,False,False,False,5000.0,500.0
5,1000.0,0,4,3500,0.95,False,0.6,21,0.35,5245.499011360177;310.214652745911;28.087872218087256,29,0.48333333333333334,False,False,False,False,5000.0,500.0
5,1000.0,0,4,3500,0.95,False,0.6,26,0.43333333333333335,428.54018000826574;115.12859433725981;1316.6598968615938,26,0.43333333333333335,False,False,False,False,5000.0,500.0
5,1000.0,0,4,3500,0.95,False,0.6,27,0.45,753.914391499695;660.3564391947547;1121.152038604895,26,0.43333333333333335,False,False,False,False,5000.0,500.0
5,1000.0,0,4,3500,0.95,False,0.6,22,0.36666666666666664,506.29761981471506;1001.0532198330447;952.7839457223171,29,0.48333333333333334,False,False,False,False,5000.0,500.0
5,1000.0,0,4,3500,0.95,False,0.6,23,0.38333333333333336,3916.024422779497;1151.0898378826919;40.80172397744458,25,0.4166666666666667,False,False,False,False,5000.0,500.0
5,1000.0,0,4,3500,0.95,False,1.0,0,0.0,33.041548106276004;41.111736219168726;62.26309481980909;42.214657590806134;70.45050124884015,10,0.16666666666666666,False,False,False,False,5000.0,500.0
5,1000.0,0,4,3500,0.95,False,0.6,28,0.4666666666666667,4603.959132575021;897.8972185449217;232.79146745533106,27,0.45,False,False,False,False,5000.0,500.0
5,1000.0,0,4,3500,0.95,False,0.6,29,0.48333333333333334,1699.1630742361228;771.2790718293408;1082.419768010886,24,0.4,False,False,False,False,5000.0,500.0
5,1000.0,0,4,3500,0.95,False,0.6,26,0.43333333333333335,1796.8756268128843;1439.2719888959823;925.3856017995298,27,0.45,False,False,False,False,5000.0,500.0
5,1000.0,0,4,3500,0.95,False,0.4,41,0.6833333333333333,500.5607031541408;3398.5290267490877,36,0.6,False,False,False,False,5000.0,500.0
5,1000.0,0,4,3500,0.95,False,0.6,22,0.36666666666666664,305.60712115991385;21.835287382672053;2050.1039354422905,27,0.45,False,False,False,False,5000.0,500.0
5,1000.0,0,4,3500,0.95,False,0.6,27,0.45,412.30549595743946;1081.4272277189593;17.048946251600807,25,0.4166666666666667,False,False,False,False,5000.0,500.0
5,1000.0,0,4,3500,0.95,False,1.0,4,0.06666666666666667,56.07099745115528;128.32167658053015;79.25111486620985;28.797255900348485;61.37027730381544,7,0.11666666666666667,False,False,False,False,5000.0,500.0
5,1000.0,0,4,3500,0.95,False,0.8,17,0.2833333333333333,27.25742986038119;6831.147016704249;35.08627218891549;442.30481245034906,13,0.21666666666666667,False,False,False,False,5000.0,500.0
5,1000.0,0,4,3500,0.95,False,0.8,17,0.2833333333333333,84.53625918239543;1004.9448442851776;341.4712149231991;563.7517199057439,18,0.3,False,False,False,False,5000.0,500.0
5,1000.0,0,4,3500,0.95,False,0.6,28,0.4666666666666667,264.454460727212;60.06613596023727;4717.2584427145475,24,0.4,False,False,False,False,5000.0,500.0
5,1000.0,0,4,3500,0.95,False,0.6,24,0.4,2510.9828527620098;28.016128689599736;982.4220426588598,29,0.48333333333333334,False,False,False,False,5000.0,500.0
5,1000.0,0,4,3500,0.95,False,0.6,28,0.4666666666666667,1960.5348762071112;57.561271795629736;1378.2272682515154,24,0.4,False,False,False,False,5000.0,500.0
5,1000.0,0,4,3500,0.95,False,0.6,24,0.4,7.960416191945061;106.1186189013119;897.185763772139,26,0.43333333333333335,False,False,False,False,5000.0,500.0
5,1000.0,0,4,3500,0.95,False,0.6,24,0.4,17.558976564931278;1028.4171865850622;95.12537528154289,26,0.43333333333333335,False,False,False,False,5000.0,500.0
5,1000.0,0,4,3500,0.95,False,0.6,28,0.4666666666666667,456.9178390999933;2374.31335474035;2372.8589315454296,26,0.43333333333333335,False,False,False,False,5000.0,500.0
5,1000.0,0,4,3500,0.95,False,0.6,27,0.45,8495.23255833469;520.3225255372548;127.13987100875164,26,0.43333333333333335,False,False,False,False,5000.0,500.0
5,1000.0,0,4,3500,0.95,False,0.8,11,0.18333333333333332,81.88851580550131;455.9131858752487;49.23507316795795;36.050687609886054,18,0.3,False,False,False,False,5000.0,500.0
5,1000.0,0,4,3500,0.95,False,0.4,37,0.6166666666666667,1356.2742654537878;1529.7346896155611,36,0.6,False,False,False,False,5000.0,500.0
5,1000.0,0,4,3500,0.95,False,0.4,36,0.6,1199.915723860799;859.8181932148633,36,0.6,False,False,False,False,5000.0,500.0
5,1000.0,0,4,3500,0.95,False,0.6,28,0.4666666666666667,2044.029991684052;559.7936506197466;1632.5215682856299,25,0.4166666666666667,False,False,False,False,5000.0,500.0
5,1000.0,0,4,3500,0.95,False,0.6,30,0.5,206.969021055041;2115.794806866264;107.92297772520335,24,0.4,False,False,False,False,5000.0,500.0
5,1000.0,0,4,3500,0.95,False,0.8,10,0.16666666666666666,4500.262567969581;41.53252752277226;54.11973633467042;4.194837331885404,18,0.3,False,False,False,False,5000.0,500.0
5,1000.0,0,4,3500,0.95,False,0.6,30,0.5,2088.7548977062406;3079.6980972425263;747.1626399707242,26,0.43333333333333335,False,False,False,False,5000.0,500.0
5,1000.0,0,4,3500,0.95,False,0.6,26,0.43333333333333335,8456.54603567966;166.75179267493692;85.60075998674647,25,0.4166666666666667,False,False,False,False,5000.0,500.0
5,1000.0,0,4,3500,0.95,False,0.6,29,0.48333333333333334,1457.651059864658;318.78170310992346;9747.07751970077,24,0.4,False,False,False,False,5000.0,500.0
5,1000.0,0,4,3500,0.95,False,0.6,28,0.4666666666666667,1899.0545326947781;2031.250959429464;372.5959837175254,26,0.43333333333333335,False,False,False,False,5000.0,500.0
5,1000.0,0,4,3500,0.95,False,0.4,36,0.6,757.6125728927029;1644.2932009349245,36,0.6,False,False,False,False,5000.0,500.0
5,1000.0,0,4,3500,0.95,False,0.6,23,0.38333333333333336,1135.0813925632206;908.199903297849;23.926043685326654,30,0.5,False,False,False,False,5000.0,500.0
5,1000.0,0,4,3500,0.95,False,0.8,11,0.18333333333333332,5855.093932954903;33.18764252021599;43.51905801209813;61.20164323914736,20,0.3333333333333333,False,False,False,False,5000.0,500.0
5,1000.0,0,4,3500,0.95,False,0.4,36,0.6,1634.1073294694206;1231.1770524363826,36,0.6,False,False,False,False,5000.0,500.0
5,1000.0,0,4,3500,0.95,False,0.6,28,0.4666666666666667,26.563709514493222;2171.3325666371757;3459.749315655034,27,0.45,False,False,False,False,5000.0,500.0
5,1000.0,0,4,3500,0.95,False,0.6,23,0.38333333333333336,8667.145613980296;29.865577793359893;567.1946308748641,25,0.4166666666666667,False,False,False,False,5000.0,500.0
5,1000.0,0,4,3500,0.95,False,0.8,13,0.21666666666666667,669.0396624663535;97.53211964211603;78.68488907114344;17.41896271742317,15,0.25,False,False,False,False,5000.0,500.0
5,1000.0,0,4,3500,0.95,False,0.6,28,0.4666666666666667,2368.9919595071947;412.89406980524075;277.97934453272603,25,0.4166666666666667,False,False,False,False,5000.0,500.0
5,1000.0,0,4,3500,0.95,False,0.6,23,0.38333333333333336,852.3420375259208;541.2324858109943;5174.103757667874,26,0.43333333333333335,False,False,False,False,5000.0,500.0
5,1000.0,0,4,3500,0.95,False,0.6,24,0.4,121.6222924991586;20.997414759563984;8286.472396268064,27,0.45,False,False,False,False,5000.0,500.0
5,1000.0,0,4,3500,0.95,False,0.6,27,0.45,5916.854492849991;550.4065556976052;387.6772927453745,25,0.4166666666666667,False,False,False,False,5000.0,500.0
5,1000.0,0,4,3500,0.95,False,0.4,36,0.6,487.33547864028344;814.046457456619,36,0.6,False,False,False,False,5000.0,500.0
5,1000.0,0,4,3500,0.95,False,0.6,24,0.4,1498.649990018101;4991.397472664265;51.8512514421415,24,0.4,False,False,False,False,5000.0,500.0
5,1000.0,0,4,3500,0.95,False,0.6,27,0.45,346.8106507678088;170.22097098108122;10723.032713668008,24,0.4,False,False,False,False,5000.0,500.0
5,1000.0,0,4,3500,0.95,False,0.4,36,0.6,366.63115694626134;282.9475752034488,36,0.6,False,False,False,False,5000.0,500.0
5,1000.0,0,4,3500,0.95,False,0.8,13,0.21666666666666667,6736.90286760807;546.4314431426076;37.059055510528836;3.5953743411048795,20,0.3333333333333333,False,False,False,False,5000.0,500.0
5,1000.0,0,4,3500,0.95,False,0.6,25,0.4166666666666667,3302.2589642116413;993.1687496186304;297.9715505396711,24,0.4,False,False,False,False,5000.0,500.0
5,1000.0,0,4,3500,0.95,False,0.4,36,0.6,635.4935128162554;1110.010003308042,36,0.6,False,False,False,False,5000.0,500.0
5,1000.0,0,4,3500,0.95,False,0.6,29,0.48333333333333334,3886.8291283568706;5520.279225385331;8994.434323446845,25,0.4166666666666667,False,False,False,False,5000.0,500.0
5,1000.0,0,4,3500,0.95,False,0.6,25,0.4166666666666667,1008.4719835931448;806.2786269829516;76.0712186706772,25,0.4166666666666667,False,False,False,False,5000.0,500.0
5,1000.0,0,4,3500,0.95,False,0.6,24,0.4,299.96491605555315;22.032252165019777;634.7812825392108,27,0.45,False,False,False,False,5000.0,500.0
5,1000.0,0,4,3500,0.95,False,0.6,22,0.36666666666666664,160.25850671597948;61.721588048576386;542.2105277756463,27,0.45,False,False,False,False,5000.0,500.0
5,1000.0,0,4,3500,0.95,False,0.4,37,0.6166666666666667,76.98426597059844;3117.135584835719,36,0.6,False,False,False,False,5000.0,500.0
5,1000.0,0,4,3500,0.95,False,0.8,11,0.18333333333333332,13.30961296458035;36.46248347557097;1753.443228154255;96.96683644999872,18,0.3,False,False,False,False,5000.0,500.0
5,1000.0,0,4,3500,0.95,False,0.6,26,0.43333333333333335,519.1836644259228;894.0063427884128;41.34073160388245,25,0.4166666666666667,False,False,False,False,5000.0,500.0
5,1000.0,0,4,3500,0.95,False,0.6,24,0.4,55.06743619417705;644.3756927494678;6019.5074763771545,25,0.4166666666666667,False,False,False,False,5000.0,500.0
5,1000.0,0,4,3500,0.95,False,0.6,23,0.38333333333333336,1225.9558920307365;900.8239751577788;20.393976230781533,30,0.5,False,False,False,False,5000.0,500.0
5,1000.0,0,4,3500,0.95,False,0.6,23,0.38333333333333336,28.163778250079265;2809.09165349578;3697.0894567490136,25,0.4166666666666667,False,False,False,False,5000.0,500.0
5,1000.0,0,4,3500,0.95,False,0.8,13,0.21666666666666667,19.983163384121532;45.133908930161844;629.2833783736959;13.720064428307307,14,0.23333333333333334,False,False,False,False,5000.0,500.0
5,1000.0,0,4,3500,0.95,False,0.6,24,0.4,482.72636132266916;12.87753378384022;184.31198019268322,26,0.43333333333333335,False,False,False,False,5000.0,500.0
5,1000.0,0,4,3500,0.95,False,0.6,28,0.4666666666666667,116.57336255531304;2188.7145344667915;3011.1313027273673,26,0.43333333333333335,False,False,False,False,5000.0,500.0
5,1000.0,0,4,3500,0.95,False,0.8,13,0.21666666666666667,6.798475490760638;1189.129397376358;27.323634449578236;565.5576257004323,13,0.21666666666666667,False,False,False,False,5000.0,500.0
5,1000.0,0,4,3500,0.95,False,0.6,26,0.43333333333333335,228.05244177389395;701.445961786408;7.183201871399006,24,0.4,False,False,False,False,5000.0,500.0
5,1000.0,0,4,3500,0.95,False,0.6,24,0.4,770.5869482560945;1672.7063505074202;33.544202816714886,28,0.4666666666666667,False,False,False,False,5000.0,500.0
5,1000.0,0,4,3500,0.95,False,0.4,37,0.6166666666666667,6559.877360854713;708.8087671341539,36,0.6,False,False,False,False,5000.0,500.0
5,1000.0,0,4,3500,0.95,False,0.6,26,0.43333333333333335,1815.6543401029246;667.4362063180247;1072.8269296641422,26,0.43333333333333335,False,False,False,False,5000.0,500.0
5,1000.0,0,4,3500,0.95,False,0.6,27,0.45,1442.2633377298487;548.0169794605029;351.7919313633839,25,0.4166666666666667,False,False,False,False,5000.0,500.0
5,1000.0,0,4,3500,0.95,False,0.6,21,0.35,1557.9586676334218;29.227568234397662;712.9943412217639,29,0.48333333333333334,False,False,False,False,5000.0,500.0
5,1000.0,0,4,3500,0.95,False,0.6,31,0.5166666666666667,1064.5690055022667;1321.1336598214039;3653.63477727389,24,0.4,False,False,False,False,5000.0,500.0
5,1000.0,0,4,3500,0.95,False,0.6,18,0.3,2361.395901843155;11.398348570823645;6.593339552728625,30,0.5,False,False,False,False,5000.0,500.0
5,1000.0,0,4,3500,0.95,False,0.6,25,0.4166666666666667,530.2501545491663;642.767180664156;33.56446720887877,28,0.4666666666666667,False,False,False,False,5000.0,500.0
5,1000.0,0,4,3500,0.95,False,0.6,24,0.4,63.62896998090523;743.4968649130194;3067.7356787183367,25,0.4166666666666667,False,False,False,False,5000.0,500.0
5,1000.0,0,4,3500,0.95,False,0.4,38,0.6333333333333333,408.29670040976254;1588.0309230092141,36,0.6,False,False,False,False,5000.0,500.0
5,1000.0,0,4,3500,0.95,False,0.6,29,0.48333333333333334,2427.00201978118;1451.10307490798;343.57023130460357,26,0.43333333333333335,False,False,False,False,5000.0,500.0
5,1000.0,0,4,3500,0.95,False,0.4,38,0.6333333333333333,840.5039752949883;940.0243674157073,36,0.6,False,False,False,False,5000.0,500.0
5,1000.0,0,4,3500,0.95,False,0.6,24,0.4,783.0923460032956;64.88782266742179;430.11615000852817,27,0.45,False,False,False,False,5000.0,500.0
5,1000.0,0,4,3500,0.95,False,1.0,3,0.05,32.72023675499831;43.79713088346234;16.363300337040034;122.76783785194387;190.732435647662,8,0.13333333333333333,False,False,False,False,5000.0,500.0
5,1000.0,0,4,3500,0.95,False,0.4,38,0.6333333333333333,3091.515129995175;1502.6147198981666,36,0.6,False,False,False,False,5000.0,500.0
5,1000.0,0,4,3500,0.95,False,0.4,39,0.65,4501.674805162154;467.04949878851187,36,0.6,False,False,False,False,5000.0,500.0
5,1000.0,0,4,3500,0.95,False,0.6,28,0.4666666666666667,292.9047330082393;25.429639533278703;3185.8196717774736,27,0.45,False,False,False,False,5000.0,500.0
5,1000.0,0,4,3500,0.95,False,0.6,25,0.4166666666666667,24.896690636786296;1264.9688488009392;2386.0936905135204,27,0.45,False,False,False,False,5000.0,500.0
5,1000.0,0,4,3500,0.95,False,0.4,36,0.6,315.40645549699656;1731.8061023439227,36,0.6,False,False,False,False,5000.0,500.0
5,1000.0,0,4,3500,0.95,False,0.6,23,0.38333333333333336,3875.2086191354183;122.09857237978811;21.670971044210866,29,0.48333333333333334,False,False,False,False,5000.0,500.0
5,1000.0,0,4,3500,0.95,False,0.6,24,0.4,289.76698020274597;705.2227760205316;65.69945704158278,29,0.48333333333333334,False,False,False,False,5000.0,500.0
5,1000.0,0,4,3500,0.95,False,0.6,25,0.4166666666666667,357.45535558350514;577.5016897338156;9.753299812330694,27,0.45,False,False,False,False,5000.0,500.0
5,1000.0,0,4,3500,0.95,False,0.6,25,0.4166666666666667,7890.146162187118;141.41948847983073;36.65884684251994,27,0.45,False,False,False,False,5000.0,500.0
5,1000.0,0,4,3500,0.95,False,0.6,25,0.4166666666666667,1190.1508489059595;1012.4774095040817;39.62355910565757,25,0.4166666666666667,False,False,False,False,5000.0,500.0
5,1000.0,0,4,3500,0.95,False,0.6,23,0.38333333333333336,508.68985483224554;471.59653541705916;16.80211327853947,25,0.4166666666666667,False,False,False,False,5000.0,500.0
5,1000.0,0,4,3500,0.95,False,0.8,12,0.2,29.780287403297145;1308.9145997033377;55.43872417338405;166.80241749696847,16,0.26666666666666666,False,False,False,False,5000.0,500.0
5,1000.0,0,4,3500,0.95,False,0.6,25,0.4166666666666667,246.77809200958603;38.826955129067954;1634.0485864050497,26,0.43333333333333335,False,False,False,False,5000.0,500.0
5,1000.0,0,4,3500,0.95,False,0.4,36,0.6,198.39247031756582;3384.20852266419,36,0.6,False,False,False,False,5000.0,500.0
5,1000.0,0,4,3500,0.95,False,0.6,27,0.45,2726.102897223284;779.5392098097806;246.18313884622816,24,0.4,False,False,False,False,5000.0,500.0
5,1000.0,0,4,3500,0.95,False,0.6,26,0.43333333333333335,899.4906273620782;897.3969314099843;1786.0406325067995,26,0.43333333333333335,False,False,False,False,5000.0,500.0
5,1000.0,0,4,3500,0.95,False,0.4,36,0.6,66.5618172281564;2423.1251617900243,36,0.6,False,False,False,False,5000.0,500.0
5,1000.0,0,4,3500,0.95,False,0.8,11,0.18333333333333332,38.88666346387345;45.250651122002;54.30766643462308;67.09380134593634,17,0.2833333333333333,False,False,False,False,5000.0,500.0
5,1000.0,0,4,3500,0.95,False,0.6,25,0.4166666666666667,183.5616278418725;252.88487663073272;34.637678833809815,24,0.4,False,False,False,False,5000.0,500.0
5,1000.0,0,4,3500,0.95,False,0.4,36,0.6,5423.747761378803;527.3849403530002,36,0.6,False,False,False,False,5000.0,500.0
5,1000.0,0,4,3500,0.95,False,0.6,26,0.43333333333333335,674.0040330886804;32.86528956666599;2013.635062020236,27,0.45,False,False,False,False,5000.0,500.0
5,1000.0,0,4,3500,0.95,False,0.4,38,0.6333333333333333,268.0407055149229;2373.836599098933,36,0.6,False,False,False,False,5000.0,500.0
5,1000.0,0,4,3500,0.95,False,0.6,26,0.43333333333333335,539.8886981562212;999.5273969227652;1878.9459539705535,28,0.4666666666666667,False,False,False,False,5000.0,500.0
5,1000.0,0,4,3500,0.95,False,0.6,25,0.4166666666666667,34.58408343449649;1740.9711432961813;1596.4766460977091,26,0.43333333333333335,False,False,False,False,5000.0,500.0
5,1000.0,0,4,3500,0.95,False,0.6,28,0.4666666666666667,590.3883145792298;1703.8839721994823;2126.1528032078427,24,0.4,False,False,False,False,5000.0,500.0
5,1000.0,0,4,3500,0.95,False,0.6,27,0.45,475.2383655028402;1871.8851409126726;408.12250275305325,25,0.4166666666666667,False,False,False,False,5000.0,500.0
5,1000.0,0,4,3500,0.95,False,0.6,24,0.4,627.7729382506545;58.29930167875967;56.74582862743944,25,0.4166666666666667,False,False,False,False,5000.0,500.0
5,1000.0,0,4,3500,0.95,False,0.6,26,0.43333333333333335,221.8530795861628;2300.7016444078076;17.136064109239307,27,0.45,False,False,False,False,5000.0,500.0
5,1000.0,0,4,3500,0.95,False,1.0,2,0.03333333333333333,57.04775149783842;65.36955685909396;28.8473482833102;60.1900746570638;225.27166286478695,10,0.16666666666666666,False,False,False,False,5000.0,500.0
5,1000.0,0,4,3500,0.95,False,0.6,25,0.4166666666666667,2675.520899133002;169.56965597100648;58.57855592931506,27,0.45,False,False,False,False,5000.0,500.0
5,1000.0,0,4,3500,0.95,False,0.8,15,0.25,15.557692060080058;409.72859226299227;767.5362198839847;1120.0185221288602,16,0.26666666666666666,False,False,False,False,5000.0,500.0
5,1000.0,0,4,3500,0.95,False,0.4,38,0.6333333333333333,547.1516610335148;1549.4840380672956,36,0.6,False,False,False,False,5000.0,500.0
5,1000.0,0,4,3500,0.95,False,0.6,24,0.4,692.8561150642065;826.9588156442628;14.289815409765522,26,0.43333333333333335,False,False,False,False,5000.0,500.0
5,1000.0,0,4,3500,0.95,False,0.4,38,0.6333333333333333,359.58582340378666;445.4450088934619,36,0.6,False,False,False,False,5000.0,500.0
5,1000.0,0,4,3500,0.95,False,0.6,25,0.4166666666666667,12.544400204079968;2830.0731314037907;1956.6688200599228,29,0.48333333333333334,False,False,False,False,5000.0,500.0
5,1000.0,0,4,3500,0.95,False,0.6,18,0.3,421.6859958233105;3287.4675724749477;31.252699058604136,31,0.5166666666666667,False,False,False,False,5000.0,500.0
5,1000.0,0,4,3500,0.95,False,0.4,40,0.6666666666666666,1428.1207816390893;1996.7661600851116,36,0.6,False,False,False,False,5000.0,500.0
5,1000.0,0,4,3500,0.95,False,0.6,28,0.4666666666666667,2878.676046419075;2507.6050132771175;509.84479410878,24,0.4,False,False,False,False,5000.0,500.0
5,1000.0,0,4,3500,0.95,False,0.4,37,0.6166666666666667,1102.7683654384105;884.8561002210666,36,0.6,False,False,False,False,5000.0,500.0
1,10000.0,0,4,3500,0.95,False,1.0,0,0.0,176.12350920297519,0,0.0,False,False,False,False,5000.0,500.0
1,10000.0,0,4,3500,0.95,False,1.0,0,0.0,24.07285525454841,0,0.0,False,False,False,False,5000.0,500.0
1,10000.0,0,4,3500,0.95,False,1.0,0,0.0,274.55527294321206,0,0.0,False,False,False,False,5000.0,500.0
1,10000.0,0,4,3500,0.95,False,1.0,0,0.0,144.14432461143858,0,0.0,False,False,False,False,5000.0,500.0
1,10000.0,0,4,3500,0.95,False,1.0,0,0.0,69.15123893192569,0,0.0,False,False,False,False,5000.0,500.0
1,10000.0,0,4,3500,0.95,False,1.0,0,0.0,39.11552771286529,0,0.0,False,False,False,False,5000.0,500.0
1,10000.0,0,4,3500,0.95,False,1.0,0,0.0,77.23406955506657,0,0.0,False,False,False,False,5000.0,500.0
1,10000.0,0,4,3500,0.95,False,1.0,0,0.0,70.43267775043977,0,0.0,False,False,False,False,5000.0,500.0
1,10000.0,0,4,3500,0.95,False,1.0,0,0.0,195.86993051853403,0,0.0,False,False,False,False,5000.0,500.0
1,10000.0,0,4,3500,0.95,False,1.0,0,0.0,81.21951220354529,0,0.0,False,False,False,False,5000.0,500.0
1,10000.0,0,4,3500,0.95,False,1.0,0,0.0,258.13747561063684,0,0.0,False,False,False,False,5000.0,500.0
1,10000.0,0,4,3500,0.95,False,1.0,0,0.0,87.3280481481471,0,0.0,False,False,False,False,5000.0,500.0
1,10000.0,0,4,3500,0.95,False,1.0,0,0.0,66.13010497097822,0,0.0,False,False,False,False,5000.0,500.0
1,10000.0,0,4,3500,0.95,False,1.0,0,0.0,65.4274438769523,0,0.0,False,False,False,False,5000.0,500.0
1,10000.0,0,4,3500,0.95,False,1.0,0,0.0,43.92854395577282,0,0.0,False,False,False,False,5000.0,500.0
1,10000.0,0,4,3500,0.95,False,1.0,0,0.0,58.49915746377639,0,0.0,False,False,False,False,5000.0,500.0
1,10000.0,0,4,3500,0.95,False,1.0,0,0.0,61.94156950946131,0,0.0,False,False,False,False,5000.0,500.0
1,10000.0,0,4,3500,0.95,False,1.0,0,0.0,75.80213793087715,0,0.0,False,False,False,False,5000.0,500.0
1,10000.0,0,4,3500,0.95,False,1.0,0,0.0,109.96352433144322,0,0.0,False,False,False,False,5000.0,500.0
1,10000.0,0,4,3500,0.95,False,1.0,0,0.0,66.23543582282943,0,0.0,False,False,False,False,5000.0,500.0
1,10000.0,0,4,3500,0.95,False,1.0,0,0.0,101.34700375978625,0,0.0,False,False,False,False,5000.0,500.0
1,10000.0,0,4,3500,0.95,False,1.0,0,0.0,33.469297127649995,0,0.0,False,False,False,False,5000.0,500.0
1,10000.0,0,4,3500,0.95,False,1.0,0,0.0,72.65338763003363,0,0.0,False,False,False,False,5000.0,500.0
1,10000.0,0,4,3500,0.95,False,1.0,0,0.0,186.0730060153747,0,0.0,False,False,False,False,5000.0,500.0
1,10000.0,0,4,3500,0.95,False,1.0,0,0.0,85.28550711187812,0,0.0,False,False,False,False,5000.0,500.0
1,10000.0,0,4,3500,0.95,False,1.0,0,0.0,117.83795244942499,0,0.0,False,False,False,False,5000.0,500.0
1,10000.0,0,4,3500,0.95,False,1.0,0,0.0,238.38534854116725,0,0.0,False,False,False,False,5000.0,500.0
1,10000.0,0,4,3500,0.95,False,1.0,0,0.0,93.24358475099523,0,0.0,False,False,False,False,5000.0,500.0
1,10000.0,0,4,3500,0.95,False,1.0,0,0.0,102.0791676215417,0,0.0,False,False,False,False,5000.0,500.0
1,10000.0,0,4,3500,0.95,False,1.0,0,0.0,75.26509943061659,0,0.0,False,False,False,False,5000.0,500.0
1,10000.0,0,4,3500,0.95,False,1.0,0,0.0,102.21121505722566,0,0.0,False,False,False,False,5000.0,500.0
1,10000.0,0,4,3500,0.95,False,1.0,0,0.0,89.88892578780454,0,0.0,False,False,False,False,5000.0,500.0
1,10000.0,0,4,3500,0.95,False,1.0,0,0.0,230.97557162436004,0,0.0,False,False,False,False,5000.0,500.0
1,10000.0,0,4,3500,0.95,False,1.0,0,0.0,130.66803558518586,0,0.0,False,False,False,False,5000.0,500.0
1,10000.0,0,4,3500,0.95,False,1.0,0,0.0,82.34301553596627,0,0.0,False,False,False,False,5000.0,500.0
1,10000.0,0,4,3500,0.95,False,1.0,0,0.0,255.32548289148554,0,0.0,False,False,False,False,5000.0,500.0
1,10000.0,0,4,3500,0.95,False,1.0,0,0.0,328.5948803938616,0,0.0,False,False,False,False,5000.0,500.0
1,10000.0,0,4,3500,0.95,False,1.0,0,0.0,74.14279992069885,0,0.0,False,False,False,False,5000.0,500.0
1,10000.0,0,4,3500,0.95,False,1.0,0,0.0,25.310282580371343,0,0.0,False,False,False,False,5000.0,500.0
1,10000.0,0,4,3500,0.95,False,1.0,0,0.0,51.143467908474626,0,0.0,False,False,False,False,5000.0,500.0
1,10000.0,0,4,3500,0.95,False,1.0,0,0.0,83.0706656637475,0,0.0,False,False,False,False,5000.0,500.0
1,10000.0,0,4,3500,0.95,False,1.0,0,0.0,57.2242371407892,0,0.0,False,False,False,False,5000.0,500.0
1,10000.0,0,4,3500,0.95,False,1.0,0,0.0,108.73487955912937,0,0.0,False,False,False,False,5000.0,500.0
1,10000.0,0,4,3500,0.95,False,1.0,0,0.0,47.89786910219894,0,0.0,False,False,False,False,5000.0,500.0
1,10000.0,0,4,3500,0.95,False,1.0,0,0.0,110.42172089975915,0,0.0,False,False,False,False,5000.0,500.0
1,10000.0,0,4,3500,0.95,False,1.0,0,0.0,107.52789181679158,0,0.0,False,False,False,False,5000.0,500.0
1,10000.0,0,4,3500,0.95,False,1.0,0,0.0,56.713063931770634,0,0.0,False,False,False,False,5000.0,500.0
1,10000.0,0,4,3500,0.95,False,1.0,0,0.0,26.575719672072708,0,0.0,False,False,False,False,5000.0,500.0
1,10000.0,0,4,3500,0.95,False,1.0,0,0.0,55.58435596859116,0,0.0,False,False,False,False,5000.0,500.0
1,10000.0,0,4,3500,0.95,False,1.0,0,0.0,86.10181375725016,0,0.0,False,False,False,False,5000.0,500.0
1,10000.0,0,4,3500,0.95,False,1.0,0,0.0,179.18695133260618,0,0.0,False,False,False,False,5000.0,500.0
1,10000.0,0,4,3500,0.95,False,1.0,0,0.0,104.08975681912835,0,0.0,False,False,False,False,5000.0,500.0
1,10000.0,0,4,3500,0.95,False,1.0,0,0.0,130.8703358978583,0,0.0,False,False,False,False,5000.0,500.0
1,10000.0,0,4,3500,0.95,False,1.0,0,0.0,147.31914118119232,0,0.0,False,False,False,False,5000.0,500.0
1,10000.0,0,4,3500,0.95,False,1.0,0,0.0,175.14820065130982,0,0.0,False,False,False,False,5000.0,500.0
1,10000.0,0,4,3500,0.95,False,1.0,0,0.0,99.13312691961447,0,0.0,False,False,False,False,5000.0,500.0
1,10000.0,0,4,3500,0.95,False,1.0,0,0.0,52.84810254725625,0,0.0,False,False,False,False,5000.0,500.0
1,10000.0,0,4,3500,0.95,False,1.0,0,0.0,76.95602463330441,0,0.0,False,False,False,False,5000.0,500.0
1,10000.0,0,4,3500,0.95,False,1.0,0,0.0,185.3545576387623,0,0.0,False,False,False,False,5000.0,500.0
1,10000.0,0,4,3500,0.95,False,1.0,0,0.0,49.082629814894254,0,0.0,False,False,False,False,5000.0,500.0
1,10000.0,0,4,3500,0.95,False,1.0,0,0.0,165.02750640323697,0,0.0,False,False,False,False,5000.0,500.0
1,10000.0,0,4,3500,0.95,False,1.0,0,0.0,120.21390996007914,0,0.0,False,False,False,False,5000.0,500.0
1,10000.0,0,4,3500,0.95,False,1.0,0,0.0,100.41437406737786,0,0.0,False,False,False,False,5000.0,500.0
1,10000.0,0,4,3500,0.95,False,1.0,0,0.0,110.92030574088257,0,0.0,False,False,False,False,5000.0,500.0
1,10000.0,0,4,3500,0.95,False,1.0,0,0.0,56.94900932196086,0,0.0,False,False,False,False,5000.0,500.0
1,10000.0,0,4,3500,0.95,False,1.0,0,0.0,29.46230671522657,0,0.0,False,False,False,False,5000.0,500.0
1,10000.0,0,4,3500,0.95,False,1.0,0,0.0,136.1231821309482,0,0.0,False,False,False,False,5000.0,500.0
1,10000.0,0,4,3500,0.95,False,1.0,0,0.0,45.443310346605514,0,0.0,False,False,False,False,5000.0,500.0
1,10000.0,0,4,3500,0.95,False,1.0,0,0.0,150.71068598645383,0,0.0,False,False,False,False,5000.0,500.0
1,10000.0,0,4,3500,0.95,False,1.0,0,0.0,70.20111155792388,0,0.0,False,False,False,False,5000.0,500.0
1,10000.0,0,4,3500,0.95,False,1.0,0,0.0,214.1055920844053,0,0.0,False,False,False,False,5000.0,500.0
1,10000.0,0,4,3500,0.95,False,1.0,0,0.0,152.1618056690788,0,0.0,False,False,False,False,5000.0,500.0
1,10000.0,0,4,3500,0.95,False,1.0,0,0.0,61.83328168748445,0,0.0,False,False,False,False,5000.0,500.0
1,10000.0,0,4,3500,0.95,False,1.0,0,0.0,173.07084970727774,0,0.0,False,False,False,False,5000.0,500.0
1,10000.0,0,4,3500,0.95,False,1.0,0,0.0,139.5501385462577,0,0.0,False,False,False,False,5000.0,500.0
1,10000.0,0,4,3500,0.95,False,1.0,0,0.0,85.23446769999283,0,0.0,False,False,False,False,5000.0,500.0
1,10000.0,0,4,3500,0.95,False,1.0,0,0.0,126.99114569194687,0,0.0,False,False,False,False,5000.0,500.0
1,10000.0,0,4,3500,0.95,False,1.0,0,0.0,91.58858631958577,0,0.0,False,False,False,False,5000.0,500.0
1,10000.0,0,4,3500,0.95,False,1.0,0,0.0,173.78032067883288,0,0.0,False,False,False,False,5000.0,500.0
1,10000.0,0,4,3500,0.95,False,1.0,0,0.0,111.33923553774319,0,0.0,False,False,False,False,5000.0,500.0
1,10000.0,0,4,3500,0.95,False,1.0,0,0.0,173.61571292102056,0,0.0,False,False,False,False,5000.0,500.0
1,10000.0,0,4,3500,0.95,False,1.0,0,0.0,113.43011228469389,0,0.0,False,False,False,False,5000.0,500.0
1,10000.0,0,4,3500,0.95,False,1.0,0,0.0,149.4433460648994,0,0.0,False,False,False,False,5000.0,500.0
1,10000.0,0,4,3500,0.95,False,1.0,0,0.0,149.92601376389794,0,0.0,False,False,False,False,5000.0,500.0
1,10000.0,0,4,3500,0.95,False,1.0,0,0.0,38.47969410746512,0,0.0,False,False,False,False,5000.0,500.0
1,10000.0,0,4,3500,0.95,False,1.0,0,0.0,145.61604431513345,0,0.0,False,False,False,False,5000.0,500.0
1,10000.0,0,4,3500,0.95,False,1.0,0,0.0,56.81137172304387,0,0.0,False,False,False,False,5000.0,500.0
1,10000.0,0,4,3500,0.95,False,1.0,0,0.0,190.5328720050493,0,0.0,False,False,False,False,5000.0,500.0
1,10000.0,0,4,3500,0.95,False,1.0,0,0.0,129.64782787695333,0,0.0,False,False,False,False,5000.0,500.0
1,10000.0,0,4,3500,0.95,False,1.0,0,0.0,103.7947383805271,0,0.0,False,False,False,False,5000.0,500.0
1,10000.0,0,4,3500,0.95,False,1.0,0,0.0,131.80409157365224,0,0.0,False,False,False,False,5000.0,500.0
1,10000.0,0,4,3500,0.95,False,1.0,0,0.0,136.13875509156188,0,0.0,False,False,False,False,5000.0,500.0
1,10000.0,0,4,3500,0.95,False,1.0,0,0.0,158.57128964757092,0,0.0,False,False,False,False,5000.0,500.0
1,10000.0,0,4,3500,0.95,False,1.0,0,0.0,92.5375595493368,0,0.0,False,False,False,False,5000.0,500.0
1,10000.0,0,4,3500,0.95,False,1.0,0,0.0,114.0835397268491,0,0.0,False,False,False,False,5000.0,500.0
1,10000.0,0,4,3500,0.95,False,1.0,0,0.0,170.37713974352198,0,0.0,False,False,False,False,5000.0,500.0
1,10000.0,0,4,3500,0.95,False,1.0,0,0.0,75.34718476607229,0,0.0,False,False,False,False,5000.0,500.0
1,10000.0,0,4,3500,0.95,False,1.0,0,0.0,51.60793639893833,0,0.0,False,False,False,False,5000.0,500.0
1,10000.0,0,4,3500,0.95,False,1.0,0,0.0,179.333645429159,0,0.0,False,False,False,False,5000.0,500.0
1,10000.0,0,4,3500,0.95,False,1.0,0,0.0,156.4731972705091,0,0.0,False,False,False,False,5000.0,500.0
1,10000.0,0,4,3500,0.95,False,1.0,0,0.0,137.92682321750027,0,0.0,False,False,False,False,5000.0,500.0
1,10000.0,0,4,3500,0.95,False,1.0,0,0.0,144.77201953235107,0,0.0,False,False,False,False,5000.0,500.0
1,10000.0,0,4,3500,0.95,False,1.0,0,0.0,113.48052027974094,0,0.0,False,False,False,False,5000.0,500.0
1,10000.0,0,4,3500,0.95,False,1.0,0,0.0,64.58108472278596,0,0.0,False,False,False,False,5000.0,500.0
1,10000.0,0,4,3500,0.95,False,1.0,0,0.0,31.398158908196923,0,0.0,False,False,False,False,5000.0,500.0
1,10000.0,0,4,3500,0.95,False,1.0,0,0.0,68.6525739021883,0,0.0,False,False,False,False,5000.0,500.0
1,10000.0,0,4,3500,0.95,False,1.0,0,0.0,18.195902671031522,0,0.0,False,False,False,False,5000.0,500.0
1,10000.0,0,4,3500,0.95,False,1.0,0,0.0,56.801521208855505,0,0.0,False,False,False,False,5000.0,500.0
1,10000.0,0,4,3500,0.95,False,1.0,0,0.0,47.11133438921627,0,0.0,False,False,False,False,5000.0,500.0
1,10000.0,0,4,3500,0.95,False,1.0,0,0.0,35.21432132771974,0,0.0,False,False,False,False,5000.0,500.0
1,10000.0,0,4,3500,0.95,False,1.0,0,0.0,108.28770070511837,0,0.0,False,False,False,False,5000.0,500.0
1,10000.0,0,4,3500,0.95,False,1.0,0,0.0,271.9826650313626,0,0.0,False,False,False,False,5000.0,500.0
1,10000.0,0,4,3500,0.95,False,1.0,0,0.0,25.2774761582608,0,0.0,False,False,False,False,5000.0,500.0
1,10000.0,0,4,3500,0.95,False,1.0,0,0.0,205.86312948238054,0,0.0,False,False,False,False,5000.0,500.0
1,10000.0,0,4,3500,0.95,False,1.0,0,0.0,40.53488322391946,0,0.0,False,False,False,False,5000.0,500.0
1,10000.0,0,4,3500,0.95,False,1.0,0,0.0,131.16342374510077,0,0.0,False,False,False,False,5000.0,500.0
1,10000.0,0,4,3500,0.95,False,1.0,0,0.0,80.16511595349071,0,0.0,False,False,False,False,5000.0,500.0
1,10000.0,0,4,3500,0.95,False,1.0,0,0.0,121.93519521145909,0,0.0,False,False,False,False,5000.0,500.0
1,10000.0,0,4,3500,0.95,False,1.0,0,0.0,25.004689806755888,0,0.0,False,False,False,False,5000.0,500.0
1,10000.0,0,4,3500,0.95,False,1.0,0,0.0,280.9385987850084,0,0.0,False,False,False,False,5000.0,500.0
1,10000.0,0,4,3500,0.95,False,1.0,0,0.0,140.9762112285853,0,0.0,False,False,False,False,5000.0,500.0
1,10000.0,0,4,3500,0.95,False,1.0,0,0.0,24.197369059705917,0,0.0,False,False,False,False,5000.0,500.0
1,10000.0,0,4,3500,0.95,False,1.0,0,0.0,237.104230573491,0,0.0,False,False,False,False,5000.0,500.0
1,10000.0,0,4,3500,0.95,False,1.0,0,0.0,22.076250094095073,0,0.0,False,False,False,False,5000.0,500.0
1,10000.0,0,4,3500,0.95,False,1.0,0,0.0,10.822573767499899,0,0.0,False,False,False,False,5000.0,500.0
1,10000.0,0,4,3500,0.95,False,1.0,0,0.0,51.803260919509434,0,0.0,False,False,False,False,5000.0,500.0
1,10000.0,0,4,3500,0.95,False,1.0,0,0.0,109.29083699070914,0,0.0,False,False,False,False,5000.0,500.0
1,10000.0,0,4,3500,0.95,False,1.0,0,0.0,39.12082533394976,0,0.0,False,False,False,False,5000.0,500.0
1,10000.0,0,4,3500,0.95,False,1.0,0,0.0,107.14000336520138,0,0.0,False,False,False,False,5000.0,500.0
1,10000.0,0,4,3500,0.95,False,1.0,0,0.0,122.32138912216232,0,0.0,False,False,False,False,5000.0,500.0
1,10000.0,0,4,3500,0.95,False,1.0,0,0.0,87.10538201684554,0,0.0,False,False,False,False,5000.0,500.0
1,10000.0,0,4,3500,0.95,False,1.0,0,0.0,320.49571902894036,0,0.0,False,False,False,False,5000.0,500.0
1,10000.0,0,4,3500,0.95,False,1.0,0,0.0,79.16564301187304,0,0.0,False,False,False,False,5000.0,500.0
1,10000.0,0,4,3500,0.95,False,1.0,0,0.0,187.93838130526956,0,0.0,False,False,False,False,5000.0,500.0
1,10000.0,0,4,3500,0.95,False,1.0,0,0.0,35.40682660498879,0,0.0,False,False,False,False,5000.0,500.0
1,10000.0,0,4,3500,0.95,False,1.0,0,0.0,74.67156260036076,0,0.0,False,False,False,False,5000.0,500.0
1,10000.0,0,4,3500,0.95,False,1.0,0,0.0,107.75777699747675,0,0.0,False,False,False,False,5000.0,500.0
1,10000.0,0,4,3500,0.95,False,1.0,0,0.0,121.34348406673826,0,0.0,False,False,False,False,5000.0,500.0
1,10000.0,0,4,3500,0.95,False,1.0,0,0.0,88.95186272237969,0,0.0,False,False,False,False,5000.0,500.0
1,10000.0,0,4,3500,0.95,False,1.0,0,0.0,102.73543026524074,0,0.0,False,False,False,False,5000.0,500.0
1,10000.0,0,4,3500,0.95,False,1.0,0,0.0,35.82491923404573,0,0.0,False,False,False,False,5000.0,500.0
1,10000.0,0,4,3500,0.95,False,1.0,0,0.0,123.56582217240701,0,0.0,False,False,False,False,5000.0,500.0
1,10000.0,0,4,3500,0.95,False,1.0,0,0.0,129.31704714298345,0,0.0,False,False,False,False,5000.0,500.0
1,10000.0,0,4,3500,0.95,False,1.0,0,0.0,64.09586264967471,0,0.0,False,False,False,False,5000.0,500.0
1,10000.0,0,4,3500,0.95,False,1.0,0,0.0,149.63819380070186,0,0.0,False,False,False,False,5000.0,500.0
1,10000.0,0,4,3500,0.95,False,1.0,0,0.0,40.61110767450011,0,0.0,False,False,False,False,5000.0,500.0
1,10000.0,0,4,3500,0.95,False,1.0,0,0.0,99.22611194773357,0,0.0,False,False,False,False,5000.0,500.0
1,10000.0,0,4,3500,0.95,False,1.0,0,0.0,148.2521796957988,0,0.0,False,False,False,False,5000.0,500.0
1,10000.0,0,4,3500,0.95,False,1.0,0,0.0,49.0086230303095,0,0.0,False,False,False,False,5000.0,500.0
1,10000.0,0,4,3500,0.95,False,1.0,0,0.0,200.36679978209403,0,0.0,False,False,False,False,5000.0,500.0
2,10000.0,0,4,3500,0.95,False,1.0,0,0.0,234.03731770913387;86.05214215739268,0,0.0,False,False,False,False,5000.0,500.0
2,10000.0,0,4,3500,0.95,False,1.0,0,0.0,61.87985405656202;137.83018351947842,0,0.0,False,False,False,False,5000.0,500.0
2,10000.0,0,4,3500,0.95,False,1.0,0,0.0,114.58277640737595;54.60625811142169,0,0.0,False,False,False,False,5000.0,500.0
2,10000.0,0,4,3500,0.95,False,1.0,2,0.08333333333333333,57.887297444798385;133.80018520428425,0,0.0,False,False,False,False,5000.0,500.0
2,10000.0,0,4,3500,0.95,False,1.0,0,0.0,45.580320023544225;222.71744392963623,0,0.0,False,False,False,False,5000.0,500.0
2,10000.0,0,4,3500,0.95,False,1.0,0,0.0,87.70978499430957;121.18426689984902,0,0.0,False,False,False,False,5000.0,500.0
2,10000.0,0,4,3500,0.95,False,1.0,0,0.0,97.06348083318488;118.33809143641584,0,0.0,False,False,False,False,5000.0,500.0
2,10000.0,0,4,3500,0.95,False,1.0,0,0.0,67.4525565001962;99.23919476172688,0,0.0,False,False,False,False,5000.0,500.0
2,10000.0,0,4,3500,0.95,False,1.0,0,0.0,91.91513700452388;105.57826522401743,0,0.0,False,False,False,False,5000.0,500.0
2,10000.0,0,4,3500,0.95,False,1.0,2,0.08333333333333333,69.44923511107288;84.79120538347748,0,0.0,False,False,False,False,5000.0,500.0
2,10000.0,0,4,3500,0.95,False,1.0,0,0.0,97.03161946079908;81.65566604278496,1,0.041666666666666664,False,False,False,False,5000.0,500.0
2,10000.0,0,4,3500,0.95,False,1.0,0,0.0,152.05988858212362;178.55920165058276,0,0.0,False,False,False,False,5000.0,500.0
2,10000.0,0,4,3500,0.95,False,1.0,0,0.0,87.55697125307802;67.49113919380507,0,0.0,False,False,False,False,5000.0,500.0
2,10000.0,0,4,3500,0.95,False,1.0,0,0.0,100.12902672508788;179.39436479043744,0,0.0,False,False,False,False,5000.0,500.0
2,10000.0,0,4,3500,0.95,False,1.0,0,0.0,64.4887395909649;114.39520918040526,0,0.0,False,False,False,False,5000.0,500.0
2,10000.0,0,4,3500,0.95,False,1.0,0,0.0,40.22990778238439;277.46642557315573,0,0.0,False,False,False,False,5000.0,500.0
2,10000.0,0,4,3500,0.95,False,1.0,0,0.0,177.76759231447215;160.4314615699325,0,0.0,False,False,False,False,5000.0,500.0
2,10000.0,0,4,3500,0.95,False,1.0,2,0.08333333333333333,513.4329631742553;397.01225870045164,0,0.0,False,False,False,False,5000.0,500.0
2,10000.0,0,4,3500,0.95,False,1.0,0,0.0,88.83237582078182;58.495431294845034,0,0.0,False,False,False,False,5000.0,500.0
2,10000.0,0,4,3500,0.95,False,1.0,0,0.0,120.05636808097002;136.4690068331712,0,0.0,False,False,False,False,5000.0,500.0
2,10000.0,0,4,3500,0.95,False,1.0,0,0.0,103.98249974752599;99.50081756471081,0,0.0,False,False,False,False,5000.0,500.0
2,10000.0,0,4,3500,0.95,False,1.0,2,0.08333333333333333,158.58050396698815;118.47354983519276,0,0.0,False,False,False,False,5000.0,500.0
2,10000.0,0,4,3500,0.95,False,1.0,2,0.08333333333333333,37.16572561823621;84.46843310502574,0,0.0,False,False,False,False,5000.0,500.0
2,10000.0,0,4,3500,0.95,False,1.0,0,0.0,53.270776706279676;145.53997017736663,0,0.0,False,False,False,False,5000.0,500.0
2,10000.0,0,4,3500,0.95,False,1.0,0,0.0,95.81913462071073;131.53326227945686,0,0.0,False,False,False,False,5000.0,500.0
2,10000.0,0,4,3500,0.95,False,1.0,0,0.0,66.53793126564511;103.33978496984354,0,0.0,False,False,False,False,5000.0,500.0
2,10000.0,0,4,3500,0.95,False,1.0,0,0.0,408.35354423372786;121.2331541321233,0,0.0,False,False,False,False,5000.0,500.0
2,10000.0,0,4,3500,0.95,False,1.0,0,0.0,214.84825338603815;67.0251435201808,0,0.0,False,False,False,False,5000.0,500.0
2,10000.0,0,4,3500,0.95,False,1.0,2,0.08333333333333333,139.92275202172308;80.47059805074375,0,0.0,False,False,False,False,5000.0,500.0
2,10000.0,0,4,3500,0.95,False,1.0,0,0.0,201.3659743018303;12.099048935274306,0,0.0,False,False,False,False,5000.0,500.0
2,10000.0,0,4,3500,0.95,False,1.0,0,0.0,235.6027198711148;40.13233719361881,0,0.0,False,False,False,False,5000.0,500.0
2,10000.0,0,4,3500,0.95,False,1.0,0,0.0,125.85020883993953;105.32247660675588,0,0.0,False,False,False,False,5000.0,500.0
2,10000.0,0,4,3500,0.95,False,1.0,0,0.0,124.57117696304728;124.37797178395988,0,0.0,False,False,False,False,5000.0,500.0
2,10000.0,0,4,3500,0.95,False,1.0,0,0.0,81.47649781388274;44.972846543232,0,0.0,False,False,False,False,5000.0,500.0
2,10000.0,0,4,3500,0.95,False,1.0,0,0.0,276.3656332088524;34.29893632812936,0,0.0,False,False,False,False,5000.0,500.0
2,10000.0,0,4,3500,0.95,False,1.0,0,0.0,71.2426422524152;58.088914650988606,0,0.0,False,False,False,False,5000.0,500.0
2,10000.0,0,4,3500,0.95,False,1.0,0,0.0,94.97045750381942;86.64414347500353,0,0.0,False,False,False,False,5000.0,500.0
2,10000.0,0,4,3500,0.95,False,1.0,0,0.0,165.16756290491426;87.50901202646801,0,0.0,False,False,False,False,5000.0,500.0
2,10000.0,0,4,3500,0.95,False,1.0,0,0.0,84.16435617834391;138.62050356556836,0,0.0,False,False,False,False,5000.0,500.0
2,10000.0,0,4,3500,0.95,False,1.0,0,0.0,123.98550467785485;11.484472335108018,0,0.0,False,False,False,False,5000.0,500.0
2,10000.0,0,4,3500,0.95,False,1.0,0,0.0,151.33696244537154;56.036280904636676,0,0.0,False,False,False,False,5000.0,500.0
2,10000.0,0,4,3500,0.95,False,1.0,0,0.0,57.35126094290447;243.88809949779815,0,0.0,False,False,False,False,5000.0,500.0
2,10000.0,0,4,3500,0.95,False,1.0,1,0.041666666666666664,187.14770933312138;186.2604638502459,1,0.041666666666666664,False,False,False,False,5000.0,500.0
2,10000.0,0,4,3500,0.95,False,1.0,0,0.0,31.96703441747818;212.3391778786362,0,0.0,False,False,False,False,5000.0,500.0
2,10000.0,0,4,3500,0.95,False,1.0,2,0.08333333333333333,106.53759361973312;252.32687470495694,0,0.0,False,False,False,False,5000.0,500.0
2,10000.0,0,4,3500,0.95,False,1.0,0,0.0,74.90855910790704;299.98416464557624,0,0.0,False,False,False,False,5000.0,500.0
2,10000.0,0,4,3500,0.95,False,1.0,2,0.08333333333333333,105.74859435411376;52.37819613973168,0,0.0,False,False,False,False,5000.0,500.0
2,10000.0,0,4,3500,0.95,False,1.0,0,0.0,67.21466732327866;59.78490473165802,0,0.0,False,False,False,False,5000.0,500.0
2,10000.0,0,4,3500,0.95,False,1.0,0,0.0,56.44547236399624;154.04068269755882,0,0.0,False,False,False,False,5000.0,500.0
2,10000.0,0,4,3500,0.95,False,1.0,0,0.0,240.43662309977458;56.660289440915754,0,0.0,False,False,False,False,5000.0,500.0
2,10000.0,0,4,3500,0.95,False,1.0,0,0.0,132.54278232551613;200.77314201224644,0,0.0,False,False,False,False,5000.0,500.0
2,10000.0,0,4,3500,0.95,False,1.0,0,0.0,70.2720219003926;50.65481078070131,0,0.0,False,False,False,False,5000.0,500.0
2,10000.0,0,4,3500,0.95,False,1.0,0,0.0,58.979323598661104;92.61949823607851,0,0.0,False,False,False,False,5000.0,500.0
2,10000.0,0,4,3500,0.95,False,1.0,2,0.08333333333333333,195.6826496257087;150.29247195655893,0,0.0,False,False,False,False,5000.0,500.0
2,10000.0,0,4,3500,0.95,False,1.0,0,0.0,280.0684947921528;212.92684083010187,0,0.0,False,False,False,False,5000.0,500.0
2,10000.0,0,4,3500,0.95,False,1.0,0,0.0,17.166637458357737;88.29493686192986,0,0.0,False,False,False,False,5000.0,500.0
2,10000.0,0,4,3500,0.95,False,1.0,0,0.0,293.69575752119647;90.87524171763371,0,0.0,False,False,False,False,5000.0,500.0
2,10000.0,0,4,3500,0.95,False,1.0,0,0.0,216.48162216423967;287.74616256759316,0,0.0,False,False,False,False,5000.0,500.0
2,10000.0,0,4,3500,0.95,False,1.0,2,0.08333333333333333,52.77095652409854;156.08543211250927,0,0.0,False,False,False,False,5000.0,500.0
2,10000.0,0,4,3500,0.95,False,1.0,0,0.0,85.90769596260023;201.10986446915518,1,0.041666666666666664,False,False,False,False,5000.0,500.0
2,10000.0,0,4,3500,0.95,False,1.0,0,0.0,52.588668795385814;9.761444980473142,0,0.0,False,False,False,False,5000.0,500.0
2,10000.0,0,4,3500,0.95,False,1.0,2,0.08333333333333333,118.10989484395098;104.62148815495499,0,0.0,False,False,False,False,5000.0,500.0
2,10000.0,0,4,3500,0.95,False,1.0,2,0.08333333333333333,183.6156338239032;104.56850011485693,0,0.0,False,False,False,False,5000.0,500.0
2,10000.0,0,4,3500,0.95,False,1.0,0,0.0,65.48552148605063;33.02162254642519,0,0.0,False,False,False,False,5000.0,500.0
2,10000.0,0,4,3500,0.95,False,1.0,0,0.0,54.046808422796204;34.9505318518959,0,0.0,False,False,False,False,5000.0,500.0
2,10000.0,0,4,3500,0.95,False,1.0,0,0.0,61.30486463458696;196.93630896965814,0,0.0,False,False,False,False,5000.0,500.0
2,10000.0,0,4,3500,0.95,False,1.0,0,0.0,153.0572692101429;166.42557260539851,0,0.0,False,False,False,False,5000.0,500.0
2,10000.0,0,4,3500,0.95,False,1.0,0,0.0,124.55610106142109;154.24902624084746,0,0.0,False,False,False,False,5000.0,500.0
2,10000.0,0,4,3500,0.95,False,1.0,0,0.0,46.88994532674791;95.83669497990849,0,0.0,False,False,False,False,5000.0,500.0
2,10000.0,0,4,3500,0.95,False,1.0,0,0.0,95.36246260448567;228.47004087520475,0,0.0,False,False,False,False,5000.0,500.0
2,10000.0,0,4,3500,0.95,False,1.0,0,0.0,118.70483349047467;149.18319077400383,0,0.0,False,False,False,False,5000.0,500.0
2,10000.0,0,4,3500,0.95,False,1.0,2,0.08333333333333333,39.52167675027138;81.27239677976037,0,0.0,False,False,False,False,5000.0,500.0
2,10000.0,0,4,3500,0.95,False,1.0,2,0.08333333333333333,32.25192806478664;66.19153716190412,0,0.0,False,False,False,False,5000.0,500.0
2,10000.0,0,4,3500,0.95,False,1.0,0,0.0,14.496333189060323;206.4515295097999,0,0.0,False,False,False,False,5000.0,500.0
2,10000.0,0,4,3500,0.95,False,1.0,0,0.0,87.86569304609557;21.053674589130317,0,0.0,False,False,False,False,5000.0,500.0
2,10000.0,0,4,3500,0.95,False,1.0,2,0.08333333333333333,48.012329800570136;131.64114099648802,0,0.0,False,False,False,False,5000.0,500.0
2,10000.0,0,4,3500,0.95,False,1.0,0,0.0,127.67136969854404;128.44564976957057,0,0.0,False,False,False,False,5000.0,500.0
2,10000.0,0,4,3500,0.95,False,1.0,0,0.0,121.7454983140589;176.3858212880359,0,0.0,False,False,False,False,5000.0,500.0
2,10000.0,0,4,3500,0.95,False,1.0,12,0.5,1215.6703211715612;1504.8753371995713,0,0.0,False,False,False,False,5000.0,500.0
2,10000.0,0,4,3500,0.95,False,1.0,0,0.0,61.234729294406996;213.56315955448483,0,0.0,False,False,False,False,5000.0,500.0
2,10000.0,0,4,3500,0.95,False,1.0,0,0.0,110.60238665347055;82.8811672834378,0,0.0,False,False,False,False,5000.0,500.0
2,10000.0,0,4,3500,0.95,False,1.0,0,0.0,111.1247970750367;151.0596850647227,0,0.0,False,False,False,False,5000.0,500.0
2,10000.0,0,4,3500,0.95,False,1.0,2,0.08333333333333333,68.15647392694696;277.1605611629852,0,0.0,False,False,False,False,5000.0,500.0
2,10000.0,0,4,3500,0.95,False,1.0,0,0.0,180.589404143683;103.063803935949,0,0.0,False,False,False,False,5000.0,500.0
2,10000.0,0,4,3500,0.95,False,1.0,0,0.0,100.19213606854039;55.8916161065958,0,0.0,False,False,False,False,5000.0,500.0
2,10000.0,0,4,3500,0.95,False,1.0,2,0.08333333333333333,470.6862692310532;657.2151934682096,0,0.0,False,False,False,False,5000.0,500.0
2,10000.0,0,4,3500,0.95,False,1.0,0,0.0,103.40358476590956;116.16791735031649,0,0.0,False,False,False,False,5000.0,500.0
2,10000.0,0,4,3500,0.95,False,1.0,0,0.0,44.32231302015285;66.92320579618986,0,0.0,False,False,False,False,5000.0,500.0
2,10000.0,0,4,3500,0.95,False,1.0,0,0.0,108.6919499954122;156.73878321750095,0,0.0,False,False,False,False,5000.0,500.0
2,10000.0,0,4,3500,0.95,False,1.0,2,0.08333333333333333,176.10869237695945;352.52713580492804,0,0.0,False,False,False,False,5000.0,500.0
2,10000.0,0,4,3500,0.95,False,1.0,0,0.0,171.71068414196114;110.92342466016551,0,0.0,False,False,False,False,5000.0,500.0
2,10000.0,0,4,3500,0.95,False,1.0,0,0.0,72.68650149470504;29.564654728183978,0,0.0,False,False,False,False,5000.0,500.0
2,10000.0,0,4,3500,0.95,False,1.0,0,0.0,85.50137919593062;94.97899197173257,0,0.0,False,False,False,False,5000.0,500.0
2,10000.0,0,4,3500,0.95,False,1.0,0,0.0,145.90924484348412;244.7494917569856,0,0.0,False,False,False,False,5000.0,500.0
2,10000.0,0,4,3500,0.95,False,1.0,0,0.0,270.5058644271933;147.30103280945573,0,0.0,False,False,False,False,5000.0,500.0
2,10000.0,0,4,3500,0.95,False,1.0,0,0.0,177.23940922552882;93.65157378446649,0,0.0,False,False,False,False,5000.0,500.0
2,10000.0,0,4,3500,0.95,False,1.0,0,0.0,104.01829780825555;83.54044010667884,0,0.0,False,False,False,False,5000.0,500.0
2,10000.0,0,4,3500,0.95,False,1.0,2,0.08333333333333333,106.67880528623732;84.40101868887206,0,0.0,False,False,False,False,5000.0,500.0
2,10000.0,0,4,3500,0.95,False,1.0,0,0.0,148.29233632916197;159.61640832019665,0,0.0,False,False,False,False,5000.0,500.0
2,10000.0,0,4,3500,0.95,False,1.0,0,0.0,132.65911685320694;10.106428741277604,0,0.0,False,False,False,False,5000.0,500.0
2,10000.0,0,4,3500,0.95,False,1.0,0,0.0,112.1061857940713;110.73784080481167,0,0.0,False,False,False,False,5000.0,500.0
2,10000.0,0,4,3500,0.95,False,1.0,2,0.08333333333333333,182.3476570283237;261.8951219008429,0,0.0,False,False,False,False,5000.0,500.0
2,10000.0,0,4,3500,0.95,False,1.0,0,0.0,26.174089538486704;82.47506317699357,0,0.0,False,False,False,False,5000.0,500.0
2,10000.0,0,4,3500,0.95,False,1.0,0,0.0,41.947783641468945;187.7348859567708,0,0.0,False,False,False,False,5000.0,500.0
2,10000.0,0,4,3500,0.95,False,1.0,0,0.0,224.3133775867637;215.07323901206027,0,0.0,False,False,False,False,5000.0,500.0
2,10000.0,0,4,3500,0.95,False,1.0,0,0.0,70.9762997090091;145.2504199212369,0,0.0,False,False,False,False,5000.0,500.0
2,10000.0,0,4,3500,0.95,False,1.0,0,0.0,132.5297529990947;31.310935725900578,0,0.0,False,False,False,False,5000.0,500.0
2,10000.0,0,4,3500,0.95,False,1.0,0,0.0,130.50615896710306;164.7098693090452,0,0.0,False,False,False,False,5000.0,500.0
2,10000.0,0,4,3500,0.95,False,1.0,0,0.0,128.04188500904002;119.41387473337385,0,0.0,False,False,False,False,5000.0,500.0
2,10000.0,0,4,3500,0.95,False,1.0,2,0.08333333333333333,82.02659340332745;160.95265393719848,0,0.0,False,False,False,False,5000.0,500.0
2,10000.0,0,4,3500,0.95,False,1.0,0,0.0,110.97867346753608;56.96504770116372,0,0.0,False,False,False,False,5000.0,500.0
2,10000.0,0,4,3500,0.95,False,1.0,0,0.0,113.3399021320396;80.16746871266548,0,0.0,False,False,False,False,5000.0,500.0
2,10000.0,0,4,3500,0.95,False,1.0,0,0.0,183.94532264881735;99.50966251881182,0,0.0,False,False,False,False,5000.0,500.0
2,10000.0,0,4,3500,0.95,False,1.0,2,0.08333333333333333,448.0928360055472;154.7059316397807,0,0.0,False,False,False,False,5000.0,500.0
2,10000.0,0,4,3500,0.95,False,1.0,0,0.0,155.90340144325572;116.95174881863852,0,0.0,False,False,False,False,5000.0,500.0
2,10000.0,0,4,3500,0.95,False,1.0,0,0.0,100.0379028059173;57.692885958365984,0,0.0,False,False,False,False,5000.0,500.0
2,10000.0,0,4,3500,0.95,False,1.0,2,0.08333333333333333,245.1206162193715;63.0533024754124,0,0.0,False,False,False,False,5000.0,500.0
2,10000.0,0,4,3500,0.95,False,1.0,0,0.0,186.12800805388616;29.614175733699774,0,0.0,False,False,False,False,5000.0,500.0
2,10000.0,0,4,3500,0.95,False,1.0,2,0.08333333333333333,259.1407064927245;279.99163027269134,0,0.0,False,False,False,False,5000.0,500.0
2,10000.0,0,4,3500,0.95,False,1.0,2,0.08333333333333333,40.676535756649095;54.74531686217169,0,0.0,False,False,False,False,5000.0,500.0
2,10000.0,0,4,3500,0.95,False,1.0,0,0.0,96.95341114287768;47.69082395107644,0,0.0,False,False,False,False,5000.0,500.0
2,10000.0,0,4,3500,0.95,False,1.0,0,0.0,90.12016920528276;127.32151107137476,0,0.0,False,False,False,False,5000.0,500.0
2,10000.0,0,4,3500,0.95,False,1.0,0,0.0,212.59581308160855;29.150000741063174,0,0.0,False,False,False,False,5000.0,500.0
2,10000.0,0,4,3500,0.95,False,1.0,0,0.0,51.169490626728106;88.39421676404278,0,0.0,False,False,False,False,5000.0,500.0
2,10000.0,0,4,3500,0.95,False,1.0,0,0.0,62.34462751796343;154.37950471975634,0,0.0,False,False,False,False,5000.0,500.0
2,10000.0,0,4,3500,0.95,False,1.0,0,0.0,50.77470215771402;105.98229441633976,0,0.0,False,False,False,False,5000.0,500.0
2,10000.0,0,4,3500,0.95,False,1.0,0,0.0,110.43772094589377;191.34523395441843,0,0.0,False,False,False,False,5000.0,500.0
2,10000.0,0,4,3500,0.95,False,1.0,4,0.16666666666666666,227.38983003222427;173.45432682177963,0,0.0,False,False,False,False,5000.0,500.0
2,10000.0,0,4,3500,0.95,False,1.0,2,0.08333333333333333,138.71613280154688;27.52473404642475,0,0.0,False,False,False,False,5000.0,500.0
2,10000.0,0,4,3500,0.95,False,1.0,0,0.0,159.87386977202252;107.53633000428964,0,0.0,False,False,False,False,5000.0,500.0
2,10000.0,0,4,3500,0.95,False,1.0,0,0.0,71.17869879091874;59.735700797246736,0,0.0,False,False,False,False,5000.0,500.0
2,10000.0,0,4,3500,0.95,False,1.0,0,0.0,183.0713266168068;24.400898059810643,0,0.0,False,False,False,False,5000.0,500.0
2,10000.0,0,4,3500,0.95,False,1.0,0,0.0,26.112468866273908;43.14062334686604,0,0.0,False,False,False,False,5000.0,500.0
2,10000.0,0,4,3500,0.95,False,1.0,0,0.0,259.9466188677427;71.72001693738959,0,0.0,False,False,False,False,5000.0,500.0
2,10000.0,0,4,3500,0.95,False,1.0,0,0.0,41.75361011241859;137.74459068058815,0,0.0,False,False,False,False,5000.0,500.0
2,10000.0,0,4,3500,0.95,False,1.0,0,0.0,47.29324620325277;90.61021476906703,0,0.0,False,False,False,False,5000.0,500.0
2,10000.0,0,4,3500,0.95,False,1.0,0,0.0,125.17406207100507;77.50521176399434,0,0.0,False,False,False,False,5000.0,500.0
2,10000.0,0,4,3500,0.95,False,1.0,0,0.0,142.645838610518;93.7513667188423,0,0.0,False,False,False,False,5000.0,500.0
2,10000.0,0,4,3500,0.95,False,1.0,0,0.0,83.46987927387556;77.68697317057817,0,0.0,False,False,False,False,5000.0,500.0
2,10000.0,0,4,3500,0.95,False,1.0,0,0.0,49.87635988896218;110.60878631723895,0,0.0,False,False,False,False,5000.0,500.0
2,10000.0,0,4,3500,0.95,False,1.0,0,0.0,76.92438704209985;158.4726928172608,0,0.0,False,False,False,False,5000.0,500.0
2,10000.0,0,4,3500,0.95,False,1.0,0,0.0,110.04690015640196;181.67511617947773,0,0.0,False,False,False,False,5000.0,500.0
2,10000.0,0,4,3500,0.95,False,1.0,0,0.0,49.22056085434995;137.83845212343238,0,0.0,False,False,False,False,5000.0,500.0
2,10000.0,0,4,3500,0.95,False,1.0,0,0.0,212.57106740587793;65.8684523609643,0,0.0,False,False,False,False,5000.0,500.0
2,10000.0,0,4,3500,0.95,False,1.0,0,0.0,166.55856509692262;78.48955612453504,0,0.0,False,False,False,False,5000.0,500.0
2,10000.0,0,4,3500,0.95,False,1.0,0,0.0,34.278429829194096;39.71599277153727,0,0.0,False,False,False,False,5000.0,500.0
2,10000.0,0,4,3500,0.95,False,1.0,0,0.0,75.08013896019416;23.928665593371708,0,0.0,False,False,False,False,5000.0,500.0
2,10000.0,0,4,3500,0.95,False,1.0,0,0.0,108.33753358306929;81.2092772217163,0,0.0,False,False,False,False,5000.0,500.0
2,10000.0,0,4,3500,0.95,False,1.0,4,0.16666666666666666,281.4769471749591;156.46229417885493,0,0.0,False,False,False,False,5000.0,500.0
2,10000.0,0,4,3500,0.95,False,1.0,0,0.0,78.27937036035615;83.8580842276631,0,0.0,False,False,False,False,5000.0,500.0
3,10000.0,0,4,3500,0.95,False,1.0,0,0.0,139.22257953308804;53.29350781659154;110.72932178236029,0,0.0,False,False,False,False,5000.0,500.0
3,10000.0,0,4,3500,0.95,False,0.6666666666666666,12,0.3333333333333333,74.22080276821588;271.76697871880197,12,0.3333333333333333,False,False,False,False,5000.0,500.0
3,10000.0,0,4,3500,0.95,False,0.6666666666666666,12,0.3333333333333333,131.0234706217044;283.95697661201115,12,0.3333333333333333,False,False,False,False,5000.0,500.0
3,10000.0,0,4,3500,0.95,False,1.0,0,0.0,168.60201162740702;181.51561939636755;77.9123462607904,2,0.05555555555555555,False,False,False,False,5000.0,500.0
3,10000.0,0,4,3500,0.95,False,0.6666666666666666,14,0.3888888888888889,68.59705341116077;3171.509923885669,12,0.3333333333333333,False,False,False,False,5000.0,500.0
3,10000.0,0,4,3500,0.95,False,0.6666666666666666,12,0.3333333333333333,83.94724123264247;732.9747086966909,12,0.3333333333333333,False,False,False,False,5000.0,500.0
3,10000.0,0,4,3500,0.95,False,1.0,2,0.05555555555555555,276.1083876267022;189.76406798511383;92.74547569004801,0,0.0,False,False,False,False,5000.0,500.0
3,10000.0,0,4,3500,0.95,False,1.0,0,0.0,217.1541077164117;207.17603096235075;79.46614843537115,0,0.0,False,False,False,False,5000.0,500.0
3,10000.0,0,4,3500,0.95,False,0.6666666666666666,12,0.3333333333333333,53.375511994631424;196.25001389916667,12,0.3333333333333333,False,False,False,False,5000.0,500.0
3,10000.0,0,4,3500,0.95,False,0.6666666666666666,12,0.3333333333333333,146.09514404004895;213.34982707257444,12,0.3333333333333333,False,False,False,False,5000.0,500.0
3,10000.0,0,4,3500,0.95,False,0.6666666666666666,13,0.3611111111111111,486.17420356291933;688.5612031817651,12,0.3333333333333333,False,False,False,False,5000.0,500.0
3,10000.0,0,4,3500,0.95,False,0.6666666666666666,14,0.3888888888888889,694.2607565311854;162.8822484382311,12,0.3333333333333333,False,False,False,False,5000.0,500.0
3,10000.0,0,4,3500,0.95,False,1.0,8,0.2222222222222222,1027.1200431700317;760.6825596583606;101.27309582761572,1,0.027777777777777776,False,False,False,False,5000.0,500.0
3,10000.0,0,4,3500,0.95,False,1.0,1,0.027777777777777776,137.0440201195476;46.914637975796744;78.53608423576344,1,0.027777777777777776,False,False,False,False,5000.0,500.0
3,10000.0,0,4,3500,0.95,False,0.6666666666666666,13,0.3611111111111111,384.34739454445065;243.63089205803865,12,0.3333333333333333,False,False,False,False,5000.0,500.0
3,10000.0,0,4,3500,0.95,False,1.0,2,0.05555555555555555,157.09150875918212;36.111517134667366;130.21456818631805,1,0.027777777777777776,False,False,False,False,5000.0,500.0
3,10000.0,0,4,3500,0.95,False,1.0,0,0.0,73.96784643765744;35.43272002187753;66.2363242462068,0,0.0,False,False,False,False,5000.0,500.0
3,10000.0,0,4,3500,0.95,False,1.0,0,0.0,56.94474475168501;228.35405658586774;219.22433097359303,0,0.0,False,False,False,False,5000.0,500.0
3,10000.0,0,4,3500,0.95,False,0.6666666666666666,12,0.3333333333333333,502.41696238276444;21.871626559740548,12,0.3333333333333333,False,False,False,False,5000.0,500.0
3,10000.0,0,4,3500,0.95,False,1.0,2,0.05555555555555555,415.7476985078602;149.35634979417168;83.45842882864764,0,0.0,False,False,False,False,5000.0,500.0
3,10000.0,0,4,3500,0.95,False,1.0,0,0.0,27.439927604152423;157.14182244738984;37.13994215302829,3,0.08333333333333333,False,False,False,False,5000.0,500.0
3,10000.0,0,4,3500,0.95,False,1.0,0,0.0,26.027023724420417;181.56688002783386;47.158886805874225,0,0.0,False,False,False,False,5000.0,500.0
3,10000.0,0,4,3500,0.95,False,1.0,2,0.05555555555555555,46.99188227541153;83.06726287617839;248.14137641394248,0,0.0,False,False,False,False,5000.0,500.0
3,10000.0,0,4,3500,0.95,False,1.0,0,0.0,74.38871490472903;14.367486159322368;231.30500039047598,0,0.0,False,False,False,False,5000.0,500.0
3,10000.0,0,4,3500,0.95,False,1.0,2,0.05555555555555555,146.52757019678992;181.90865277492227;147.4118931205451,0,0.0,False,False,False,False,5000.0,500.0
3,10000.0,0,4,3500,0.95,False,0.6666666666666666,12,0.3333333333333333,348.66313066177065;86.87616279852033,12,0.3333333333333333,False,False,False,False,5000.0,500.0
3,10000.0,0,4,3500,0.95,False,1.0,0,0.0,85.7309304207472;99.60948491665908;124.0477155866259,0,0.0,False,False,False,False,5000.0,500.0
3,10000.0,0,4,3500,0.95,False,1.0,3,0.08333333333333333,225.1133643371411;110.53201525251664;114.67129699065786,0,0.0,False,False,False,False,5000.0,500.0
3,10000.0,0,4,3500,0.95,False,1.0,1,0.027777777777777776,138.39834110475883;94.56675825368676;214.20162557214303,3,0.08333333333333333,False,False,False,False,5000.0,500.0
3,10000.0,0,4,3500,0.95,False,0.6666666666666666,12,0.3333333333333333,268.38781836545115;23.316612367623545,12,0.3333333333333333,False,False,False,False,5000.0,500.0
3,10000.0,0,4,3500,0.95,False,0.6666666666666666,12,0.3333333333333333,390.537557765641;45.626276720263526,12,0.3333333333333333,False,False,False,False,5000.0,500.0
3,10000.0,0,4,3500,0.95,False,1.0,1,0.027777777777777776,179.63241306038023;68.75612743501019;47.16153397586652,2,0.05555555555555555,False,False,False,False,5000.0,500.0
3,10000.0,0,4,3500,0.95,False,0.6666666666666666,12,0.3333333333333333,1632.0531447026426;55.709184552282544,12,0.3333333333333333,False,False,False,False,5000.0,500.0
3,10000.0,0,4,3500,0.95,False,1.0,0,0.0,138.23761148651207;100.70367617033551;132.06602139092968,1,0.027777777777777776,False,False,False,False,5000.0,500.0
3,10000.0,0,4,3500,0.95,False,1.0,0,0.0,10.702808827050706;47.497317716745876;110.97261720337417,0,0.0,False,False,False,False,5000.0,500.0
3,10000.0,0,4,3500,0.95,False,1.0,0,0.0,45.463844185077484;94.89599772268606;112.13580140715925,0,0.0,False,False,False,False,5000.0,500.0
3,10000.0,0,4,3500,0.95,False,1.0,0,0.0,187.83614755381788;41.53060240878024;35.667377941666196,0,0.0,False,False,False,False,5000.0,500.0
3,10000.0,0,4,3500,0.95,False,1.0,1,0.027777777777777776,175.61424888583866;19.608549600633832;283.057596179846,3,0.08333333333333333,False,False,False,False,5000.0,500.0
3,10000.0,0,4,3500,0.95,False,1.0,0,0.0,94.52043755142181;87.9291899899475;180.71280556477478,0,0.0,False,False,False,False,5000.0,500.0
3,10000.0,0,4,3500,0.95,False,1.0,0,0.0,70.97682277703858;198.63051107805637;75.36004873999944,1,0.027777777777777776,False,False,False,False,5000.0,500.0
3,10000.0,0,4,3500,0.95,False,0.6666666666666666,13,0.3611111111111111,172.62871858816678;1559.918848171883,12,0.3333333333333333,False,False,False,False,5000.0,500.0
3,10000.0,0,4,3500,0.95,False,1.0,2,0.05555555555555555,20.010009390651334;148.98170811039418;88.3323890445955,0,0.0,False,False,False,False,5000.0,500.0
3,10000.0,0,4,3500,0.95,False,1.0,0,0.0,91.10486822971387;86.87251482908567;44.66914580739593,0,0.0,False,False,False,False,5000.0,500.0
3,10000.0,0,4,3500,0.95,False,1.0,2,0.05555555555555555,50.144788536220666;173.8252986327628;97.99589087526012,0,0.0,False,False,False,False,5000.0,500.0
3,10000.0,0,4,3500,0.95,False,1.0,0,0.0,64.33405935632692;74.14109243496813;165.49030119473485,0,0.0,False,False,False,False,5000.0,500.0
3,10000.0,0,4,3500,0.95,False,1.0,0,0.0,24.535856260821443;94.98210928231728;137.3456913084985,0,0.0,False,False,False,False,5000.0,500.0
3,10000.0,0,4,3500,0.95,False,1.0,3,0.08333333333333333,110.3384447849185;435.1660587571197;236.59330470520857,0,0.0,False,False,False,False,5000.0,500.0
3,10000.0,0,4,3500,0.95,False,1.0,0,0.0,187.96644596601672;176.61047943469987;91.97351579985983,1,0.027777777777777776,False,False,False,False,5000.0,500.0
3,10000.0,0,4,3500,0.95,False,1.0,1,0.027777777777777776,206.9586457234026;99.14724468398435;79.45092746763876,4,0.1111111111111111,False,False,False,False,5000.0,500.0
3,10000.0,0,4,3500,0.95,False,1.0,0,0.0,99.14152787872985;122.94780957105594;258.1053798925647,0,0.0,False,False,False,False,5000.0,500.0
3,10000.0,0,4,3500,0.95,False,1.0,0,0.0,52.54786248230821;180.06198800696404;80.8317696134073,0,0.0,False,False,False,False,5000.0,500.0
3,10000.0,0,4,3500,0.95,False,1.0,2,0.05555555555555555,264.2167126376195;81.05844019221196;150.80482050359564,2,0.05555555555555555,False,False,False,False,5000.0,500.0
3,10000.0,0,4,3500,0.95,False,1.0,0,0.0,68.60516899882026;22.753258127611414;34.15116477980417,1,0.027777777777777776,False,False,False,False,5000.0,500.0
3,10000.0,0,4,3500,0.95,False,1.0,1,0.027777777777777776,206.649437266056;131.79413194187947;51.4510266239203,6,0.16666666666666666,False,False,False,False,5000.0,500.0
3,10000.0,0,4,3500,0.95,False,1.0,0,0.0,153.64197346846603;190.67679058146425;169.04200435959606,1,0.027777777777777776,False,False,False,False,5000.0,500.0
3,10000.0,0,4,3500,0.95,False,1.0,0,0.0,55.19986386723847;98.96855482585497;223.21004921476037,0,0.0,False,False,False,False,5000.0,500.0
3,10000.0,0,4,3500,0.95,False,1.0,6,0.16666666666666666,106.8119193555979;676.8312883503525;748.4118961774386,0,0.0,False,False,False,False,5000.0,500.0
3,10000.0,0,4,3500,0.95,False,0.6666666666666666,12,0.3333333333333333,545.4020218137484;230.1894155193801,12,0.3333333333333333,False,False,False,False,5000.0,500.0
3,10000.0,0,4,3500,0.95,False,1.0,0,0.0,72.84827911946695;120.47346278241014;167.34116856835016,3,0.08333333333333333,False,False,False,False,5000.0,500.0
3,10000.0,0,4,3500,0.95,False,1.0,2,0.05555555555555555,30.99419286031384;203.8648228262346;35.91887332343143,0,0.0,False,False,False,False,5000.0,500.0
3,10000.0,0,4,3500,0.95,False,1.0,2,0.05555555555555555,233.25978434256285;73.43111387210955;75.13875880236009,4,0.1111111111111111,False,False,False,False,5000.0,500.0
3,10000.0,0,4,3500,0.95,False,1.0,2,0.05555555555555555,253.53356069757444;170.25021282247042;60.558389787562746,0,0.0,False,False,False,False,5000.0,500.0
3,10000.0,0,4,3500,0.95,False,1.0,1,0.027777777777777776,83.37345672820113;48.775242227938854;244.9860495981374,3,0.08333333333333333,False,False,False,False,5000.0,500.0
3,10000.0,0,4,3500,0.95,False,0.6666666666666666,12,0.3333333333333333,2392.624074862403;58.64347613954354,12,0.3333333333333333,False,False,False,False,5000.0,500.0
3,10000.0,0,4,3500,0.95,False,1.0,2,0.05555555555555555,149.27832370184274;339.9200223232092;390.06286303068117,1,0.027777777777777776,False,False,False,False,5000.0,500.0
3,10000.0,0,4,3500,0.95,False,0.6666666666666666,14,0.3888888888888889,288.3686171244344;23.62514471655408,12,0.3333333333333333,False,False,False,False,5000.0,500.0
3,10000.0,0,4,3500,0.95,False,0.6666666666666666,13,0.3611111111111111,382.82302256189024;61.15395107153651,12,0.3333333333333333,False,False,False,False,5000.0,500.0
3,10000.0,0,4,3500,0.95,False,1.0,0,0.0,20.216287518994672;57.422243737723626;104.1070626631411,1,0.027777777777777776,False,False,False,False,5000.0,500.0
3,10000.0,0,4,3500,0.95,False,1.0,2,0.05555555555555555,101.12715458148394;51.007818055213356;83.17779197977842,5,0.1388888888888889,False,False,False,False,5000.0,500.0
3,10000.0,0,4,3500,0.95,False,0.6666666666666666,12,0.3333333333333333,334.35816210554106;70.62507011074825,12,0.3333333333333333,False,False,False,False,5000.0,500.0
3,10000.0,0,4,3500,0.95,False,1.0,1,0.027777777777777776,90.79444002801932;255.2043760142994;288.977391501655,3,0.08333333333333333,False,False,False,False,5000.0,500.0
3,10000.0,0,4,3500,0.95,False,1.0,2,0.05555555555555555,97.34634411269053;297.6041554512137;383.5084020274892,0,0.0,False,False,False,False,5000.0,500.0
3,10000.0,0,4,3500,0.95,False,1.0,0,0.0,51.39671455389719;162.0783841231785;131.84233895825565,1,0.027777777777777776,False,False,False,False,5000.0,500.0
3,10000.0,0,4,3500,0.95,False,0.6666666666666666,12,0.3333333333333333,1201.5175474047362;46.34666746802319,12,0.3333333333333333,False,False,False,False,5000.0,500.0
3,10000.0,0,4,3500,0.95,False,1.0,0,0.0,130.63441869894345;57.327074446960175;67.97217005865463,1,0.027777777777777776,False,False,False,False,5000.0,500.0
3,10000.0,0,4,3500,0.95,False,1.0,0,0.0,121.01744652962557;48.51362222016492;29.824228990363235,0,0.0,False,False,False,False,5000.0,500.0
3,10000.0,0,4,3500,0.95,False,1.0,1,0.027777777777777776,112.65743680954726;60.73070937050874;140.60921056241915,2,0.05555555555555555,False,False,False,False,5000.0,500.0
3,10000.0,0,4,3500,0.95,False,0.6666666666666666,12,0.3333333333333333,92.73752327009318;581.2172701251262,12,0.3333333333333333,False,False,False,False,5000.0,500.0
3,10000.0,0,4,3500,0.95,False,1.0,2,0.05555555555555555,182.50428494746782;164.4598472436811;71.73022420831884,0,0.0,False,False,False,False,5000.0,500.0
3,10000.0,0,4,3500,0.95,False,1.0,4,0.1111111111111111,44.66471121360244;238.02188134109113;28.19046857889557,0,0.0,False,False,False,False,5000.0,500.0
3,10000.0,0,4,3500,0.95,False,1.0,0,0.0,85.95595976506176;51.309589621062834;116.6791364390767,1,0.027777777777777776,False,False,False,False,5000.0,500.0
3,10000.0,0,4,3500,0.95,False,1.0,3,0.08333333333333333,84.34151136228078;113.51215334803362;137.12197311153005,2,0.05555555555555555,False,False,False,False,5000.0,500.0
3,10000.0,0,4,3500,0.95,False,1.0,4,0.1111111111111111,40.25991126333108;215.9368661612304;361.36594900377463,0,0.0,False,False,False,False,5000.0,500.0
3,10000.0,0,4,3500,0.95,False,1.0,0,0.0,98.7207792078371;71.78694589613036;98.28544331183717,5,0.1388888888888889,False,False,False,False,5000.0,500.0
3,10000.0,0,4,3500,0.95,False,0.6666666666666666,13,0.3611111111111111,424.9439839750725;133.76609037158264,12,0.3333333333333333,False,False,False,False,5000.0,500.0
3,10000.0,0,4,3500,0.95,False,1.0,2,0.05555555555555555,115.84714983801972;246.95809240941364;289.78543223821805,1,0.027777777777777776,False,False,False,False,5000.0,500.0
3,10000.0,0,4,3500,0.95,False,0.6666666666666666,14,0.3888888888888889,750.4865042898762;53.63861967631643,12,0.3333333333333333,False,False,False,False,5000.0,500.0
3,10000.0,0,4,3500,0.95,False,1.0,1,0.027777777777777776,215.84582897272983;158.95203922722416;164.19356883176218,6,0.16666666666666666,False,False,False,False,5000.0,500.0
3,10000.0,0,4,3500,0.95,False,0.6666666666666666,12,0.3333333333333333,148.8749695047038;142.06789270920933,12,0.3333333333333333,False,False,False,False,5000.0,500.0
3,10000.0,0,4,3500,0.95,False,1.0,0,0.0,134.62482285102905;304.30344803444;53.97912861045614,1,0.027777777777777776,False,False,False,False,5000.0,500.0
3,10000.0,0,4,3500,0.95,False,1.0,6,0.16666666666666666,318.13155551021595;200.77677791646067;205.52931152155855,2,0.05555555555555555,False,False,False,False,5000.0,500.0
3,10000.0,0,4,3500,0.95,False,1.0,0,0.0,171.12627384237967;30.479493885485788;84.16465458384815,0,0.0,False,False,False,False,5000.0,500.0
3,10000.0,0,4,3500,0.95,False,1.0,2,0.05555555555555555,128.07166879803958;131.36273076268674;103.2255973455381,0,0.0,False,False,False,False,5000.0,500.0
3,10000.0,0,4,3500,0.95,False,1.0,2,0.05555555555555555,160.4713975914872;238.05216048050065;175.34455173333293,1,0.027777777777777776,False,False,False,False,5000.0,500.0
3,10000.0,0,4,3500,0.95,False,0.6666666666666666,12,0.3333333333333333,337.7217042744388;45.797932442609614,12,0.3333333333333333,False,False,False,False,5000.0,500.0
3,10000.0,0,4,3500,0.95,False,1.0,0,0.0,23.14478988625738;30.692108207276718;109.00561704709486,0,0.0,False,False,False,False,5000.0,500.0
3,10000.0,0,4,3500,0.95,False,1.0,2,0.05555555555555555,77.21927470082763;181.9635887573473;27.03182981448606,0,0.0,False,False,False,False,5000.0,500.0
3,10000.0,0,4,3500,0.95,False,1.0,0,0.0,76.00508764166966;168.28138224922668;96.97644362252744,0,0.0,False,False,False,False,5000.0,500.0
3,10000.0,0,4,3500,0.95,False,1.0,1,0.027777777777777776,66.68576367513973;32.792106532083785;28.60531409916114,2,0.05555555555555555,False,False,False,False,5000.0,500.0
3,10000.0,0,4,3500,0.95,False,1.0,2,0.05555555555555555,68.52894428179947;83.73377022412058;21.01100903321944,0,0.0,False,False,False,False,5000.0,500.0
3,10000.0,0,4,3500,0.95,False,1.0,4,0.1111111111111111,135.34985447598336;220.15337727607647;247.25062825497898,4,0.1111111111111111,False,False,False,False,5000.0,500.0
3,10000.0,0,4,3500,0.95,False,1.0,0,0.0,47.35293582607293;31.10964873171393;43.94982542412133,0,0.0,False,False,False,False,5000.0,500.0
3,10000.0,0,4,3500,0.95,False,1.0,4,0.1111111111111111,87.95351953301318;369.1156669475058;118.62506196385618,5,0.1388888888888889,False,False,False,False,5000.0,500.0
3,10000.0,0,4,3500,0.95,False,1.0,2,0.05555555555555555,222.50148297839968;197.37665898085547;89.18846402000398,0,0.0,False,False,False,False,5000.0,500.0
3,10000.0,0,4,3500,0.95,False,1.0,0,0.0,232.13371764111227;38.61633706758915;115.16695943708984,0,0.0,False,False,False,False,5000.0,500.0
3,10000.0,0,4,3500,0.95,False,1.0,2,0.05555555555555555,53.723540934033466;82.6732254657467;65.26468752383217,0,0.0,False,False,False,False,5000.0,500.0
3,10000.0,0,4,3500,0.95,False,1.0,4,0.1111111111111111,108.1982431992644;131.77607122966035;140.0004094407316,3,0.08333333333333333,False,False,False,False,5000.0,500.0
3,10000.0,0,4,3500,0.95,False,1.0,0,0.0,23.97548362851004;110.22173023874151;63.832651517538416,2,0.05555555555555555,False,False,False,False,5000.0,500.0
3,10000.0,0,4,3500,0.95,False,0.6666666666666666,12,0.3333333333333333,119.73740086134904;17.97180074101416,12,0.3333333333333333,False,False,False,False,5000.0,500.0
3,10000.0,0,4,3500,0.95,False,1.0,0,0.0,53.39656727176999;118.64579627950083;262.64100870144694,0,0.0,False,False,False,False,5000.0,500.0
3,10000.0,0,4,3500,0.95,False,1.0,2,0.05555555555555555,130.5340787335284;86.89422559231474;100.44901098417795,0,0.0,False,False,False,False,5000.0,500.0
3,10000.0,0,4,3500,0.95,False,1.0,0,0.0,181.98406949003538;27.119262790346813;74.71102049115522,1,0.027777777777777776,False,False,False,False,5000.0,500.0
3,10000.0,0,4,3500,0.95,False,1.0,0,0.0,178.89987697572997;408.12138296581816;105.82914818086181,0,0.0,False,False,False,False,5000.0,500.0
3,10000.0,0,4,3500,0.95,False,0.6666666666666666,12,0.3333333333333333,685.976757000733;161.88042974339416,12,0.3333333333333333,False,False,False,False,5000.0,500.0
3,10000.0,0,4,3500,0.95,False,1.0,0,0.0,84.32538433098712;55.63689441813025;75.44036213441326,0,0.0,False,False,False,False,5000.0,500.0
3,10000.0,0,4,3500,0.95,False,1.0,2,0.05555555555555555,77.1002295105337;70.9033968199858;54.602428832052446,1,0.027777777777777776,False,False,False,False,5000.0,500.0
3,10000.0,0,4,3500,0.95,False,1.0,0,0.0,40.324219144663346;221.95212540089838;203.73631378368097,1,0.027777777777777776,False,False,False,False,5000.0,500.0
3,10000.0,0,4,3500,0.95,False,1.0,2,0.05555555555555555,316.5190585926508;122.26278968824023;156.52556580514897,0,0.0,False,False,False,False,5000.0,500.0
3,10000.0,0,4,3500,0.95,False,1.0,2,0.05555555555555555,39.20867935184081;138.62499130302666;291.5571472924975,4,0.1111111111111111,False,False,False,False,5000.0,500.0
3,10000.0,0,4,3500,0.95,False,1.0,4,0.1111111111111111,27.361079482656216;38.21043457210782;110.77964705945199,0,0.0,False,False,False,False,5000.0,500.0
3,10000.0,0,4,3500,0.95,False,1.0,2,0.05555555555555555,59.50307243077008;102.74140812176338;51.2048841640697,0,0.0,False,False,False,False,5000.0,500.0
3,10000.0,0,4,3500,0.95,False,1.0,3,0.08333333333333333,106.05975269291622;82.62783158911432;43.47049424428007,4,0.1111111111111111,False,False,False,False,5000.0,500.0
3,10000.0,0,4,3500,0.95,False,1.0,0,0.0,191.2924650154526;118.41571978429872;42.82428230447583,0,0.0,False,False,False,False,5000.0,500.0
3,10000.0,0,4,3500,0.95,False,1.0,0,0.0,39.844741462905205;163.99617448938704;142.5514231753021,1,0.027777777777777776,False,False,False,False,5000.0,500.0
3,10000.0,0,4,3500,0.95,False,1.0,0,0.0,231.6140377391242;91.40809346836242;69.68847777708046,0,0.0,False,False,False,False,5000.0,500.0
3,10000.0,0,4,3500,0.95,False,1.0,2,0.05555555555555555,11.465725043589108;177.67428150365077;81.41513298062982,0,0.0,False,False,False,False,5000.0,500.0
3,10000.0,0,4,3500,0.95,False,1.0,4,0.1111111111111111,1081.2277119666205;1045.7023053437783;63.822206284818364,0,0.0,False,False,False,False,5000.0,500.0
3,10000.0,0,4,3500,0.95,False,0.6666666666666666,13,0.3611111111111111,249.71082925600416;459.80724650141445,12,0.3333333333333333,False,False,False,False,5000.0,500.0
3,10000.0,0,4,3500,0.95,False,1.0,1,0.027777777777777776,84.29554153022988;106.3319581795053;128.2577257968985,1,0.027777777777777776,False,False,False,False,5000.0,500.0
3,10000.0,0,4,3500,0.95,False,0.6666666666666666,12,0.3333333333333333,72.16223515499246;115.0040090432425,12,0.3333333333333333,False,False,False,False,5000.0,500.0
3,10000.0,0,4,3500,0.95,False,1.0,0,0.0,44.309932433054975;82.8560871479338;40.22615226408096,0,0.0,False,False,False,False,5000.0,500.0
3,10000.0,0,4,3500,0.95,False,1.0,2,0.05555555555555555,133.85483189161224;201.8423976281094;76.5928861612259,3,0.08333333333333333,False,False,False,False,5000.0,500.0
3,10000.0,0,4,3500,0.95,False,1.0,2,0.05555555555555555,129.8884623624002;103.00857465369714;129.94136335435863,0,0.0,False,False,False,False,5000.0,500.0
3,10000.0,0,4,3500,0.95,False,1.0,0,0.0,70.26819344935038;12.180194261987182;51.13376070310824,3,0.08333333333333333,False,False,False,False,5000.0,500.0
3,10000.0,0,4,3500,0.95,False,1.0,2,0.05555555555555555,6.860060066523631;60.37876976971283;89.0834428709147,0,0.0,False,False,False,False,5000.0,500.0
3,10000.0,0,4,3500,0.95,False,1.0,1,0.027777777777777776,53.96244812645927;172.31928686278914;143.05895037260444,5,0.1388888888888889,False,False,False,False,5000.0,500.0
3,10000.0,0,4,3500,0.95,False,1.0,2,0.05555555555555555,127.10770289984976;54.30249654852084;77.62207316346112,0,0.0,False,False,False,False,5000.0,500.0
3,10000.0,0,4,3500,0.95,False,0.6666666666666666,13,0.3611111111111111,124.36374009451228;397.2468188301475,12,0.3333333333333333,False,False,False,False,5000.0,500.0
3,10000.0,0,4,3500,0.95,False,1.0,0,0.0,49.192359003792085;388.2102492186685;153.98113145591222,2,0.05555555555555555,False,False,False,False,5000.0,500.0
3,10000.0,0,4,3500,0.95,False,1.0,2,0.05555555555555555,78.13428991573683;206.89969188168868;103.86858719004739,0,0.0,False,False,False,False,5000.0,500.0
3,10000.0,0,4,3500,0.95,False,1.0,0,0.0,206.7078911019802;108.24969005330956;29.771363256371025,3,0.08333333333333333,False,False,False,False,5000.0,500.0
3,10000.0,0,4,3500,0.95,False,1.0,2,0.05555555555555555,79.59432482925367;117.38053200278863;116.97692121031939,1,0.027777777777777776,False,False,False,False,5000.0,500.0
3,10000.0,0,4,3500,0.95,False,1.0,2,0.05555555555555555,70.77409563264948;25.46174416346763;389.3620226506205,4,0.1111111111111111,False,False,False,False,5000.0,500.0
3,10000.0,0,4,3500,0.95,False,1.0,1,0.027777777777777776,64.38214940655669;140.5363667706281;42.09816420882291,6,0.16666666666666666,False,False,False,False,5000.0,500.0
3,10000.0,0,4,3500,0.95,False,1.0,0,0.0,58.17994474899984;22.555227367718192;168.01410652287555,1,0.027777777777777776,False,False,False,False,5000.0,500.0
3,10000.0,0,4,3500,0.95,False,1.0,2,0.05555555555555555,63.38768066970041;96.46041953167115;18.93735596736011,0,0.0,False,False,False,False,5000.0,500.0
3,10000.0,0,4,3500,0.95,False,1.0,0,0.0,72.27435492276895;65.17380482216711;195.42211837833457,0,0.0,False,False,False,False,5000.0,500.0
3,10000.0,0,4,3500,0.95,False,1.0,0,0.0,69.13684201582033;155.14680834950576;184.6795206272658,0,0.0,False,False,False,False,5000.0,500.0
3,10000.0,0,4,3500,0.95,False,1.0,0,0.0,40.070468262250294;94.49185471101168;36.3332172023986,1,0.027777777777777776,False,False,False,False,5000.0,500.0
3,10000.0,0,4,3500,0.95,False,1.0,2,0.05555555555555555,37.425283551775244;117.36297278082046;194.9323256691677,1,0.027777777777777776,False,False,False,False,5000.0,500.0
4,10000.0,0,4,3500,0.95,False,0.75,9,0.1875,128.66970103419936;28.8533186080464;1015.9164378632801,15,0.3125,False,False,False,False,5000.0,500.0
4,10000.0,0,4,3500,0.95,False,0.5,26,0.5416666666666666,3251.3413764983106;568.472822976532,24,0.5,False,False,False,False,5000.0,500.0
4,10000.0,0,4,3500,0.95,False,0.75,15,0.3125,954.575041064975;49.52797864908483;251.3656698990489,16,0.3333333333333333,False,False,False,False,5000.0,500.0
4,10000.0,0,4,3500,0.95,False,0.75,12,0.25,2346.384953250817;17.13326376446083;18.218728951937308,14,0.2916666666666667,False,False,False,False,5000.0,500.0
4,10000.0,0,4,3500,0.95,False,0.75,16,0.3333333333333333,445.19292142278243;404.4884348232987;157.79701199337637,14,0.2916666666666667,False,False,False,False,5000.0,500.0
4,10000.0,0,4,3500,0.95,False,0.5,27,0.5625,394.3997537257348;8555.600209312397,24,0.5,False,False,False,False,5000.0,500.0
4,10000.0,0,4,3500,0.95,False,0.75,15,0.3125,2228.7202251813014;39.79361445770308;780.9583450580586,12,0.25,False,False,False,False,5000.0,500.0
4,10000.0,0,4,3500,0.95,False,1.0,1,0.020833333333333332,55.06794002908405;136.32465263144383;207.9950304679657;103.4005768598696,3,0.0625,False,False,False,False,5000.0,500.0
4,10000.0,0,4,3500,0.95,False,1.0,2,0.041666666666666664,49.77084902488193;115.46430824731004;300.97884300355514;390.1628454654552,4,0.08333333333333333,False,False,False,False,5000.0,500.0
4,10000.0,0,4,3500,0.95,False,0.75,10,0.20833333333333334,3284.0809816692044;24.20560450977048;44.420591326176336,14,0.2916666666666667,False,False,False,False,5000.0,500.0
4,10000.0,0,4,3500,0.95,False,1.0,0,0.0,234.6392410390895;169.81867652017144;125.67102212427513;24.632639905035933,8,0.16666666666666666,False,False,False,False,5000.0,500.0
4,10000.0,0,4,3500,0.95,False,1.0,3,0.0625,23.362798799986617;186.21986778145094;102.25370159462791;260.15334243095384,8,0.16666666666666666,False,False,False,False,5000.0,500.0
4,10000.0,0,4,3500,0.95,False,0.75,13,0.2708333333333333,131.49595694497899;1118.6104438994273;763.4818636146174,14,0.2916666666666667,False,False,False,False,5000.0,500.0
4,10000.0,0,4,3500,0.95,False,1.0,1,0.020833333333333332,637.2120395480491;61.64243734145956;142.2039391956879;24.90179525052818,5,0.10416666666666667,False,False,False,False,5000.0,500.0
4,10000.0,0,4,3500,0.95,False,0.75,12,0.25,86.26962687530931;11.121800461404234;4626.507204380435,12,0.25,False,False,False,False,5000.0,500.0
4,10000.0,0,4,3500,0.95,False,0.75,14,0.2916666666666667,196.77734384423653;12467.468781247466;70.96306775384382,12,0.25,False,False,False,False,5000.0,500.0
4,10000.0,0,4,3500,0.95,False,0.5,25,0.5208333333333334,5111.822595945308;181.224061647611,24,0.5,False,False,False,False,5000.0,500.0
4,10000.0,0,4,3500,0.95,False,0.5,26,0.5416666666666666,746.1875991759186;3232.282461437,24,0.5,False,False,False,False,5000.0,500.0
4,10000.0,0,4,3500,0.95,False,0.75,11,0.22916666666666666,496.23547292663056;55.383129060198414;121.24583379638128,15,0.3125,False,False,False,False,5000.0,500.0
4,10000.0,0,4,3500,0.95,False,0.75,13,0.2708333333333333,854.9471400775479;61.76383859056238;75.83092546130202,15,0.3125,False,False,False,False,5000.0,500.0
4,10000.0,0,4,3500,0.95,False,0.5,24,0.5,7620.23873742806;43.08348229815397,24,0.5,False,False,False,False,5000.0,500.0
4,10000.0,0,4,3500,0.95,False,1.0,1,0.020833333333333332,161.52449251619015;104.3548313222081;97.70789530490441;252.04634426284784,3,0.0625,False,False,False,False,5000.0,500.0
4,10000.0,0,4,3500,0.95,False,0.75,11,0.22916666666666666,225.2133089036388;1121.3320607163712;62.620887736433254,15,0.3125,False,False,False,False,5000.0,500.0
4,10000.0,0,4,3500,0.95,False,0.5,25,0.5208333333333334,1607.018639333412;1477.2728913508745,25,0.5208333333333334,False,False,False,False,5000.0,500.0
4,10000.0,0,4,3500,0.95,False,0.75,12,0.25,55.45001598619903;64.66146265291474;676.6356112421097,12,0.25,False,False,False,False,5000.0,500.0
4,10000.0,0,4,3500,0.95,False,0.5,24,0.5,357.0529950612343;3138.4219605626777,24,0.5,False,False,False,False,5000.0,500.0
4,10000.0,0,4,3500,0.95,False,0.5,24,0.5,294.5397790360796;239.8973156769073,24,0.5,False,False,False,False,5000.0,500.0
4,10000.0,0,4,3500,0.95,False,0.75,15,0.3125,204.94700968917235;127.28653597887504;83.10116049816145,12,0.25,False,False,False,False,5000.0,500.0
4,10000.0,0,4,3500,0.95,False,1.0,0,0.0,44.569865924217005;35.95903567970359;86.09143164466869;259.7522620491863,5,0.10416666666666667,False,False,False,False,5000.0,500.0
4,10000.0,0,4,3500,0.95,False,0.5,26,0.5416666666666666,1270.698724791099;604.6919399967705,24,0.5,False,False,False,False,5000.0,500.0
4,10000.0,0,4,3500,0.95,False,0.75,12,0.25,860.0044493465643;88.07789640922384;192.87814914215238,12,0.25,False,False,False,False,5000.0,500.0
4,10000.0,0,4,3500,0.95,False,0.75,17,0.3541666666666667,2174.0340547680826;760.001983282524;137.44691400662455,14,0.2916666666666667,False,False,False,False,5000.0,500.0
4,10000.0,0,4,3500,0.95,False,1.0,3,0.0625,46.11326344089988;74.85428513631938;101.16207383905318;71.3775495629329,4,0.08333333333333333,False,False,False,False,5000.0,500.0
4,10000.0,0,4,3500,0.95,False,0.75,13,0.2708333333333333,178.53101148043905;46.33281438878068;2152.705082657506,15,0.3125,False,False,False,False,5000.0,500.0
4,10000.0,0,4,3500,0.95,False,0.75,23,0.4791666666666667,1635.2350203352853;73.65455073926103;1535.7422162097942,12,0.25,False,False,False,False,5000.0,500.0
4,10000.0,0,4,3500,0.95,False,0.75,16,0.3333333333333333,543.0592489727393;1873.2569992065696;32.80002505095772,14,0.2916666666666667,False,False,False,False,5000.0,500.0
4,10000.0,0,4,3500,0.95,False,0.75,15,0.3125,143.29748131588923;1433.876332207242;36.34330645318362,14,0.2916666666666667,False,False,False,False,5000.0,500.0
4,10000.0,0,4,3500,0.95,False,0.75,14,0.2916666666666667,2882.320193711248;178.0083236282608;140.00326937737157,12,0.25,False,False,False,False,5000.0,500.0
4,10000.0,0,4,3500,0.95,False,0.5,24,0.5,5679.519161681463;562.6030896133326,24,0.5,False,False,False,False,5000.0,500.0
4,10000.0,0,4,3500,0.95,False,0.75,12,0.25,3251.8095094797277;112.4751295607891;42.116860367623346,15,0.3125,False,False,False,False,5000.0,500.0
4,10000.0,0,4,3500,0.95,False,0.75,12,0.25,3066.006288690238;32.85571795947583;118.32779738802438,15,0.3125,False,False,False,False,5000.0,500.0
4,10000.0,0,4,3500,0.95,False,0.75,13,0.2708333333333333,74.83273220653986;6581.1514423142435;76.6467521568721,15,0.3125,False,False,False,False,5000.0,500.0
4,10000.0,0,4,3500,0.95,False,0.75,13,0.2708333333333333,43.5015897276995;204.84603093530615;1510.6324044420144,16,0.3333333333333333,False,False,False,False,5000.0,500.0
4,10000.0,0,4,3500,0.95,False,0.5,25,0.5208333333333334,1135.7298038901079;637.208035264247,24,0.5,False,False,False,False,5000.0,500.0
4,10000.0,0,4,3500,0.95,False,0.75,10,0.20833333333333334,1266.912215798589;124.08010097798012;100.68636404918806,16,0.3333333333333333,False,False,False,False,5000.0,500.0
4,10000.0,0,4,3500,0.95,False,0.75,13,0.2708333333333333,1853.0575971946687;44.1219572641637;23.821017859100014,14,0.2916666666666667,False,False,False,False,5000.0,500.0
4,10000.0,0,4,3500,0.95,False,0.75,11,0.22916666666666666,3706.7922817039876;176.1114440879335;48.12952501794853,14,0.2916666666666667,False,False,False,False,5000.0,500.0
4,10000.0,0,4,3500,0.95,False,0.5,25,0.5208333333333334,4016.384831001161;532.9571450302333,24,0.5,False,False,False,False,5000.0,500.0
4,10000.0,0,4,3500,0.95,False,0.75,16,0.3333333333333333,612.0699331991455;4732.470770594055;197.7087359195998,15,0.3125,False,False,False,False,5000.0,500.0
4,10000.0,0,4,3500,0.95,False,1.0,0,0.0,321.10169589093204;51.38696200647844;60.20003719859134;128.12740519899998,2,0.041666666666666664,False,False,False,False,5000.0,500.0
4,10000.0,0,4,3500,0.95,False,1.0,3,0.0625,176.06882410490303;115.42853167963926;109.35821794809607;177.7118987192648,5,0.10416666666666667,False,False,False,False,5000.0,500.0
4,10000.0,0,4,3500,0.95,False,0.75,15,0.3125,89.09991707165227;980.5136407457345;41.373608081534535,14,0.2916666666666667,False,False,False,False,5000.0,500.0
4,10000.0,0,4,3500,0.95,False,1.0,0,0.0,97.69319735892181;128.64865240440156;115.15656476573287;134.8800448683806,1,0.020833333333333332,False,False,False,False,5000.0,500.0
4,10000.0,0,4,3500,0.95,False,0.5,27,0.5625,164.48360769330594;829.6319261994576,24,0.5,False,False,False,False,5000.0,500.0
4,10000.0,0,4,3500,0.95,False,1.0,1,0.020833333333333332,131.39380563942547;81.27944243575513;32.31938282517681;104.21932777785165,7,0.14583333333333334,False,False,False,False,5000.0,500.0
4,10000.0,0,4,3500,0.95,False,0.5,25,0.5208333333333334,2164.300040547118;320.4387638077431,25,0.5208333333333334,False,False,False,False,5000.0,500.0
4,10000.0,0,4,3500,0.95,False,0.75,10,0.20833333333333334,3567.16645955728;188.92285832568857;27.35403544063934,15,0.3125,False,False,False,False,5000.0,500.0
4,10000.0,0,4,3500,0.95,False,0.5,29,0.6041666666666666,3419.6942823379895;903.113095807663,24,0.5,False,False,False,False,5000.0,500.0
4,10000.0,0,4,3500,0.95,False,0.75,14,0.2916666666666667,1081.6475667069915;138.56731630054878;355.21868224966886,13,0.2708333333333333,False,False,False,False,5000.0,500.0
4,10000.0,0,4,3500,0.95,False,1.0,1,0.020833333333333332,240.6954513610169;170.53929258519764;108.57081467479864;107.6789156716573,6,0.125,False,False,False,False,5000.0,500.0
4,10000.0,0,4,3500,0.95,False,0.5,26,0.5416666666666666,100.87708663688507;596.5905817233291,24,0.5,False,False,False,False,5000.0,500.0
4,10000.0,0,4,3500,0.95,False,0.75,14,0.2916666666666667,268.81173214450956;36.21735259689901;603.139000417089,14,0.2916666666666667,False,False,False,False,5000.0,500.0
4,10000.0,0,4,3500,0.95,False,0.75,12,0.25,246.78841409905695;49.430296862220686;3006.062706038895,14,0.2916666666666667,False,False,False,False,5000.0,500.0
4,10000.0,0,4,3500,0.95,False,1.0,1,0.020833333333333332,77.76712251707097;16.002448067640206;97.15768615064925;64.99548522830217,3,0.0625,False,False,False,False,5000.0,500.0
4,10000.0,0,4,3500,0.95,False,1.0,3,0.0625,206.14663370650484;93.53422902629525;206.30360247084795;253.5692089700801,7,0.14583333333333334,False,False,False,False,5000.0,500.0
4,10000.0,0,4,3500,0.95,False,1.0,1,0.020833333333333332,19.878562748149744;70.14735808950076;528.6941189977683;134.59879870705265,8,0.16666666666666666,False,False,False,False,5000.0,500.0
4,10000.0,0,4,3500,0.95,False,0.75,13,0.2708333333333333,99.38726069416948;368.24596835420834;80.89047253702736,15,0.3125,False,False,False,False,5000.0,500.0
4,10000.0,0,4,3500,0.95,False,0.75,12,0.25,82.60386370943809;40.81091884678481;483.29395905770144,12,0.25,False,False,False,False,5000.0,500.0
4,10000.0,0,4,3500,0.95,False,0.75,14,0.2916666666666667,3067.619127938369;637.5119943316021;44.80510228297185,14,0.2916666666666667,False,False,False,False,5000.0,500.0
4,10000.0,0,4,3500,0.95,False,1.0,3,0.0625,90.39879650308241;114.33621323022135;195.05448672657778;150.66497892044802,3,0.0625,False,False,False,False,5000.0,500.0
4,10000.0,0,4,3500,0.95,False,0.75,16,0.3333333333333333,253.4875595742212;857.7631775818681;1371.1858507756842,13,0.2708333333333333,False,False,False,False,5000.0,500.0
4,10000.0,0,4,3500,0.95,False,0.5,26,0.5416666666666666,7895.016109228363;732.224394149449,24,0.5,False,False,False,False,5000.0,500.0
4,10000.0,0,4,3500,0.95,False,1.0,0,0.0,76.57460157835835;180.67551725273475;42.54984859409593;81.25198613154376,3,0.0625,False,False,False,False,5000.0,500.0
4,10000.0,0,4,3500,0.95,False,0.75,13,0.2708333333333333,770.606670826448;41.87487275699511;93.05470925671551,14,0.2916666666666667,False,False,False,False,5000.0,500.0
4,10000.0,0,4,3500,0.95,False,0.75,14,0.2916666666666667,234.0388062571907;410.76708055475865;174.45433331761916,12,0.25,False,False,False,False,5000.0,500.0
4,10000.0,0,4,3500,0.95,False,0.75,15,0.3125,85.58152987457831;1638.9442738008295;210.9720605613413,12,0.25,False,False,False,False,5000.0,500.0
4,10000.0,0,4,3500,0.95,False,0.5,25,0.5208333333333334,2408.565246560655;1593.5570428038943,24,0.5,False,False,False,False,5000.0,500.0
4,10000.0,0,4,3500,0.95,False,0.75,15,0.3125,3739.3818284395206;73.1141850997375;255.12668903569363,12,0.25,False,False,False,False,5000.0,500.0
4,10000.0,0,4,3500,0.95,False,0.75,14,0.2916666666666667,1075.072076325541;503.7101000403789;547.6278978402878,14,0.2916666666666667,False,False,False,False,5000.0,500.0
4,10000.0,0,4,3500,0.95,False,1.0,2,0.041666666666666664,254.34198377475337;156.26441675595342;94.58954245152957;42.62623740243347,6,0.125,False,False,False,False,5000.0,500.0
4,10000.0,0,4,3500,0.95,False,0.75,12,0.25,93.51604649879678;383.01044101140036;102.46432594687695,14,0.2916666666666667,False,False,False,False,5000.0,500.0
4,10000.0,0,4,3500,0.95,False,0.75,13,0.2708333333333333,832.9480073439142;117.58170753387328;299.701044360525,15,0.3125,False,False,False,False,5000.0,500.0
4,10000.0,0,4,3500,0.95,False,1.0,2,0.041666666666666664,129.0185287502833;638.9095075763704;315.9408883131849;137.4612194175253,12,0.25,False,False,False,False,5000.0,500.0
4,10000.0,0,4,3500,0.95,False,0.75,13,0.2708333333333333,2419.209403399292;223.31722286358334;170.86713814053041,16,0.3333333333333333,False,False,False,False,5000.0,500.0
4,10000.0,0,4,3500,0.95,False,0.75,13,0.2708333333333333,83.24646752869381;12.930006873573165;151.78725130419116,13,0.2708333333333333,False,False,False,False,5000.0,500.0
4,10000.0,0,4,3500,0.95,False,0.75,12,0.25,1410.7495750401058;65.66420911272114;47.34729625545263,14,0.2916666666666667,False,False,False,False,5000.0,500.0
4,10000.0,0,4,3500,0.95,False,0.75,12,0.25,527.2200028912919;52.743419475158085;107.39887589604389,16,0.3333333333333333,False,False,False,False,5000.0,500.0
4,10000.0,0,4,3500,0.95,False,0.5,24,0.5,2945.773243468835;179.64822145499002,24,0.5,False,False,False,False,5000.0,500.0
4,10000.0,0,4,3500,0.95,False,0.75,11,0.22916666666666666,6949.323023848041;16.093540095876918;81.77691602514064,14,0.2916666666666667,False,False,False,False,5000.0,500.0
4,10000.0,0,4,3500,0.95,False,0.75,11,0.22916666666666666,73.9611046104125;898.6121261049649;104.32126445789795,15,0.3125,False,False,False,False,5000.0,500.0
4,10000.0,0,4,3500,0.95,False,0.75,14,0.2916666666666667,9467.053977444079;103.56529116080985;380.8304776177294,12,0.25,False,False,False,False,5000.0,500.0
4,10000.0,0,4,3500,0.95,False,0.5,26,0.5416666666666666,292.078749817339;3255.4090057179405,24,0.5,False,False,False,False,5000.0,500.0
4,10000.0,0,4,3500,0.95,False,0.75,13,0.2708333333333333,171.3022928106007;100.97730134819282;1267.1683880789242,13,0.2708333333333333,False,False,False,False,5000.0,500.0
4,10000.0,0,4,3500,0.95,False,0.75,16,0.3333333333333333,778.913706108829;31.791968288549743;197.04232411964446,16,0.3333333333333333,False,False,False,False,5000.0,500.0
4,10000.0,0,4,3500,0.95,False,0.75,14,0.2916666666666667,753.8969837798237;3317.1731535948666;28.866449622636512,12,0.25,False,False,False,False,5000.0,500.0
4,10000.0,0,4,3500,0.95,False,0.75,10,0.20833333333333334,442.81408580125594;131.34803130030184;204.60976980513956,17,0.3541666666666667,False,False,False,False,5000.0,500.0
4,10000.0,0,4,3500,0.95,False,1.0,1,0.020833333333333332,66.83663721587769;57.46913838081313;17.911530537582063;49.905441159124415,4,0.08333333333333333,False,False,False,False,5000.0,500.0
4,10000.0,0,4,3500,0.95,False,1.0,2,0.041666666666666664,66.51789955940225;7.748747471047669;615.1131521757846;65.44338854755523,4,0.08333333333333333,False,False,False,False,5000.0,500.0
4,10000.0,0,4,3500,0.95,False,0.5,27,0.5625,951.7275714927383;6184.029413601727,24,0.5,False,False,False,False,5000.0,500.0
4,10000.0,0,4,3500,0.95,False,0.5,25,0.5208333333333334,718.006735171782;2315.2891456972916,24,0.5,False,False,False,False,5000.0,500.0
4,10000.0,0,4,3500,0.95,False,0.75,11,0.22916666666666666,142.599656470333;252.62880853803196;476.015723371247,15,0.3125,False,False,False,False,5000.0,500.0
4,10000.0,0,4,3500,0.95,False,0.75,17,0.3541666666666667,1634.1946026114042;611.5955133989885;106.54343452249854,14,0.2916666666666667,False,False,False,False,5000.0,500.0
4,10000.0,0,4,3500,0.95,False,0.75,14,0.2916666666666667,475.8813437365037;117.87092661974272;102.18723221992892,12,0.25,False,False,False,False,5000.0,500.0
4,10000.0,0,4,3500,0.95,False,0.75,16,0.3333333333333333,751.8290433588494;78.29368872319354;546.8229297392573,13,0.2708333333333333,False,False,False,False,5000.0,500.0
4,10000.0,0,4,3500,0.95,False,0.5,24,0.5,4519.644591884408;1910.4017412729268,24,0.5,False,False,False,False,5000.0,500.0
4,10000.0,0,4,3500,0.95,False,0.5,24,0.5,649.9622560511211;953.9859933139718,24,0.5,False,False,False,False,5000.0,500.0
4,10000.0,0,4,3500,0.95,False,0.75,17,0.3541666666666667,384.05539048775853;117.61523390056239;2276.521418518516,16,0.3333333333333333,False,False,False,False,5000.0,500.0
4,10000.0,0,4,3500,0.95,False,1.0,2,0.041666666666666664,126.57667704613198;80.57896976097959;158.8520080629342;266.3756253037004,6,0.125,False,False,False,False,5000.0,500.0
4,10000.0,0,4,3500,0.95,False,1.0,3,0.0625,182.277565506889;35.993487624472394;54.266135767720094;67.55477717625725,4,0.08333333333333333,False,False,False,False,5000.0,500.0
4,10000.0,0,4,3500,0.95,False,0.75,17,0.3541666666666667,228.6924130129038;1826.745966918608;229.86589561400206,12,0.25,False,False,False,False,5000.0,500.0
4,10000.0,0,4,3500,0.95,False,0.75,9,0.1875,1802.7127210272063;738.598892211321;31.44648173469364,20,0.4166666666666667,False,False,False,False,5000.0,500.0
4,10000.0,0,4,3500,0.95,False,0.5,24,0.5,2799.8386338557675;223.18723712616364,24,0.5,False,False,False,False,5000.0,500.0
4,10000.0,0,4,3500,0.95,False,0.75,11,0.22916666666666666,4794.434197652953;64.82855994642088;64.07550175132951,16,0.3333333333333333,False,False,False,False,5000.0,500.0
4,10000.0,0,4,3500,0.95,False,0.75,12,0.25,46.42375571375752;87.49662952622893;2772.3586115904086,15,0.3125,False,False,False,False,5000.0,500.0
4,10000.0,0,4,3500,0.95,False,1.0,3,0.0625,89.70314790594861;36.51471233273518;463.29298237028246;138.58729607269916,11,0.22916666666666666,False,False,False,False,5000.0,500.0
4,10000.0,0,4,3500,0.95,False,1.0,5,0.10416666666666667,872.9139860792675;488.8881275127995;470.5506394973282;258.6607885624683,2,0.041666666666666664,False,False,False,False,5000.0,500.0
4,10000.0,0,4,3500,0.95,False,0.75,18,0.375,4006.9053848647864;445.8311449984899;396.09717737433573,14,0.2916666666666667,False,False,False,False,5000.0,500.0
4,10000.0,0,4,3500,0.95,False,0.75,12,0.25,34.81707419441346;1071.8763076758496;40.945851610002826,12,0.25,False,False,False,False,5000.0,500.0
4,10000.0,0,4,3500,0.95,False,1.0,6,0.125,25.65853294299886;105.77814244549951;59.166616226160066;76.99863251107048,6,0.125,False,False,False,False,5000.0,500.0
4,10000.0,0,4,3500,0.95,False,1.0,1,0.020833333333333332,132.77127914091332;67.9210036202675;48.04324014117863;81.64888803491043,6,0.125,False,False,False,False,5000.0,500.0
4,10000.0,0,4,3500,0.95,False,0.75,13,0.2708333333333333,5445.503440190893;479.06905830545935;159.24080975224138,13,0.2708333333333333,False,False,False,False,5000.0,500.0
4,10000.0,0,4,3500,0.95,False,0.5,26,0.5416666666666666,3038.8623297612567;670.0100393799372,24,0.5,False,False,False,False,5000.0,500.0
4,10000.0,0,4,3500,0.95,False,0.5,24,0.5,99.34198496731342;1163.530104708257,24,0.5,False,False,False,False,5000.0,500.0
4,10000.0,0,4,3500,0.95,False,0.5,24,0.5,188.0722691054632;2645.727773938237,24,0.5,False,False,False,False,5000.0,500.0
4,10000.0,0,4,3500,0.95,False,0.75,13,0.2708333333333333,109.35233596953769;224.33796530008252;103.9643005837363,12,0.25,False,False,False,False,5000.0,500.0
4,10000.0,0,4,3500,0.95,False,0.75,13,0.2708333333333333,221.91192674672828;8054.777475322233;90.53749280406906,14,0.2916666666666667,False,False,False,False,5000.0,500.0
4,10000.0,0,4,3500,0.95,False,1.0,1,0.020833333333333332,23.697444179020994;71.18777823250579;8.75536473965068;333.36922794431337,6,0.125,False,False,False,False,5000.0,500.0
4,10000.0,0,4,3500,0.95,False,1.0,1,0.020833333333333332,65.57845379478793;355.5190633678293;49.125221268765834;58.82901052771074,4,0.08333333333333333,False,False,False,False,5000.0,500.0
4,10000.0,0,4,3500,0.95,False,1.0,2,0.041666666666666664,64.16703043708078;86.86676890781357;64.3932345820067;132.63210409863368,1,0.020833333333333332,False,False,False,False,5000.0,500.0
4,10000.0,0,4,3500,0.95,False,1.0,3,0.0625,29.438129400583442;100.51403953732576;287.834916241841;125.00227856841114,3,0.0625,False,False,False,False,5000.0,500.0
4,10000.0,0,4,3500,0.95,False,1.0,5,0.10416666666666667,99.47955183711076;274.68142422501813;155.44199378249232;134.1033343886133,12,0.25,False,False,False,False,5000.0,500.0
4,10000.0,0,4,3500,0.95,False,0.75,9,0.1875,76.4422102291268;361.1924094831403;8023.06515948232,19,0.3958333333333333,False,False,False,False,5000.0,500.0
4,10000.0,0,4,3500,0.95,False,1.0,2,0.041666666666666664,6.061994217234712;49.89958204935666;123.84391469220799;45.00564721232101,2,0.041666666666666664,False,False,False,False,5000.0,500.0
4,10000.0,0,4,3500,0.95,False,0.5,26,0.5416666666666666,1871.138827925141;590.8497129110772,24,0.5,False,False,False,False,5000.0,500.0
4,10000.0,0,4,3500,0.95,False,1.0,2,0.041666666666666664,87.63995640573872;192.30329550962585;243.16211598277087;76.5551539434179,5,0.10416666666666667,False,False,False,False,5000.0,500.0
4,10000.0,0,4,3500,0.95,False,0.75,13,0.2708333333333333,55.52030277260144;208.167017314042;1093.547654659867,13,0.2708333333333333,False,False,False,False,5000.0,500.0
4,10000.0,0,4,3500,0.95,False,0.75,12,0.25,2.85216899741672;6799.948088829495;287.4042999385485,12,0.25,False,False,False,False,5000.0,500.0
4,10000.0,0,4,3500,0.95,False,0.75,14,0.2916666666666667,121.61933438151607;157.11979403292605;1986.6439122318975,12,0.25,False,False,False,False,5000.0,500.0
4,10000.0,0,4,3500,0.95,False,0.5,24,0.5,253.97884868632093;1756.9526736273815,24,0.5,False,False,False,False,5000.0,500.0
4,10000.0,0,4,3500,0.95,False,0.75,15,0.3125,416.5535806260062;129.168351674107;180.18431890539077,14,0.2916666666666667,False,False,False,False,5000.0,500.0
4,10000.0,0,4,3500,0.95,False,0.75,14,0.2916666666666667,3193.3040077131827;179.0806710909212;191.95144709927533,14,0.2916666666666667,False,False,False,False,5000.0,500.0
4,10000.0,0,4,3500,0.95,False,1.0,1,0.020833333333333332,128.33986014645353;95.2490509417643;248.50654144435467;22.417209789327455,7,0.14583333333333334,False,False,False,False,5000.0,500.0
4,10000.0,0,4,3500,0.95,False,0.75,11,0.22916666666666666,100.6105924050442;75.5321377768626;113.59631544747785,15,0.3125,False,False,False,False,5000.0,500.0
4,10000.0,0,4,3500,0.95,False,0.5,25,0.5208333333333334,337.1654011592471;1205.0449617762577,24,0.5,False,False,False,False,5000.0,500.0
4,10000.0,0,4,3500,0.95,False,0.75,13,0.2708333333333333,76.97401018827217;41.15079890958514;84.58101338588382,12,0.25,False,False,False,False,5000.0,500.0
4,10000.0,0,4,3500,0.95,False,0.75,14,0.2916666666666667,874.2337729736826;283.521979842444;154.39542093022527,14,0.2916666666666667,False,False,False,False,5000.0,500.0
4,10000.0,0,4,3500,0.95,False,0.75,12,0.25,896.3205050516544;82.87709108254997;30.424284573723657,13,0.2708333333333333,False,False,False,False,5000.0,500.0
4,10000.0,0,4,3500,0.95,False,0.75,12,0.25,6206.405023837893;197.99146032749928;149.995528132129,14,0.2916666666666667,False,False,False,False,5000.0,500.0
4,10000.0,0,4,3500,0.95,False,0.5,26,0.5416666666666666,1189.6076140488137;8869.974027258277,24,0.5,False,False,False,False,5000.0,500.0
4,10000.0,0,4,3500,0.95,False,0.5,25,0.5208333333333334,772.2550477910332;1286.8005586515428,24,0.5,False,False,False,False,5000.0,500.0
5,10000.0,0,4,3500,0.95,False,0.6,28,0.4666666666666667,134.2790934794145;1040.723696729615;48.58549493641402,25,0.4166666666666667,False,False,False,False,5000.0,500.0
5,10000.0,0,4,3500,0.95,False,0.6,24,0.4,7741.468289645197;1273.746945768081;76.01528179315774,30,0.5,False,False,False,False,5000.0,500.0
5,10000.0,0,4,3500,0.95,False,0.6,23,0.38333333333333336,122.92147064102662;3041.0651449697016;741.1939501865224,28,0.4666666666666667,False,False,False,False,5000.0,500.0
5,10000.0,0,4,3500,0.95,False,0.6,26,0.43333333333333335,2013.747855906492;3656.924567435215;60.56791693488399,25,0.4166666666666667,False,False,False,False,5000.0,500.0
5,10000.0,0,4,3500,0.95,False,0.6,29,0.48333333333333334,1959.3122106824228;2372.2251128108533;609.3856800859969,25,0.4166666666666667,False,False,False,False,5000.0,500.0
5,10000.0,0,4,3500,0.95,False,0.6,25,0.4166666666666667,491.26487975212393;2194.893267166582;1754.5122657440097,28,0.4666666666666667,False,False,False,False,5000.0,500.0
5,10000.0,0,4,3500,0.95,False,0.4,38,0.6333333333333333,1727.0134005541634;1222.779055731066,36,0.6,False,False,False,False,5000.0,500.0
5,10000.0,0,4,3500,0.95,False,0.6,24,0.4,1767.1509582122262;1570.1025171350293;66.00315310631592,25,0.4166666666666667,False,False,False,False,5000.0,500.0
5,10000.0,0,4,3500,0.95,False,0.4,38,0.6333333333333333,1930.7477913886753;1027.7219235382975,36,0.6,False,False,False,False,5000.0,500.0
5,10000.0,0,4,3500,0.95,False,0.4,36,0.6,169.0542044424428;3418.2078307856814,36,0.6,False,False,False,False,5000.0,500.0
5,10000.0,0,4,3500,0.95,False,0.6,25,0.4166666666666667,3205.9817392495697;737.4392938524228;108.99929192234933,27,0.45,False,False,False,False,5000.0,500.0
5,10000.0,0,4,3500,0.95,False,0.4,37,0.6166666666666667,760.104457792606;903.5518238289203,36,0.6,False,False,False,False,5000.0,500.0
5,10000.0,0,4,3500,0.95,False,0.4,37,0.6166666666666667,3629.411834791335;72.74635680978561,36,0.6,False,False,False,False,5000.0,500.0
5,10000.0,0,4,3500,0.95,False,0.6,29,0.48333333333333334,1870.209863626339;2306.125742288928;215.81335948558228,28,0.4666666666666667,False,False,False,False,5000.0,500.0
5,10000.0,0,4,3500,0.95,False,0.6,25,0.4166666666666667,794.9770306794138;1794.0098534260183;146.4568464552421,25,0.4166666666666667,False,False,False,False,5000.0,500.0
5,10000.0,0,4,3500,0.95,False,0.6,28,0.4666666666666667,331.3396377281397;1345.8918675414407;1970.0957445629656,25,0.4166666666666667,False,False,False,False,5000.0,500.0
5,10000.0,0,4,3500,0.95,False,0.6,24,0.4,1729.2692606601272;1434.3331093957258;232.8674269726946,25,0.4166666666666667,False,False,False,False,5000.0,500.0
5,10000.0,0,4,3500,0.95,False,0.6,25,0.4166666666666667,1112.8685468395656;142.94076983830388;1047.4238831345335,25,0.4166666666666667,False,False,False,False,5000.0,500.0
5,10000.0,0,4,3500,0.95,False,0.4,38,0.6333333333333333,6250.46571008981;3201.2410237264094,36,0.6,False,False,False,False,5000.0,500.0
5,10000.0,0,4,3500,0.95,False,0.6,30,0.5,975.6772292113415;1247.468064394229;109.7702800007311,25,0.4166666666666667,False,False,False,False,5000.0,500.0
5,10000.0,0,4,3500,0.95,False,0.4,37,0.6166666666666667,1462.5227396120376;2061.107421676438,36,0.6,False,False,False,False,5000.0,500.0
5,10000.0,0,4,3500,0.95,False,0.6,24,0.4,1160.5349631174622;995.6654177024394;173.0506740412051,27,0.45,False,False,False,False,5000.0,500.0
5,10000.0,0,4,3500,0.95,False,0.6,26,0.43333333333333335,649.3011247444624;1623.6062299062182;274.1071309174251,27,0.45,False,False,False,False,5000.0,500.0
5,10000.0,0,4,3500,0.95,False,0.4,38,0.6333333333333333,1583.6300569651505;1921.070148481795,36,0.6,False,False,False,False,5000.0,500.0
5,10000.0,0,4,3500,0.95,False,0.8,15,0.25,471.6868883665247;1602.569318078913;1261.8194238197068;76.6642725515886,18,0.3,False,False,False,False,5000.0,500.0
5,10000.0,0,4,3500,0.95,False,0.6,26,0.43333333333333335,481.4273609131504;2247.4995162049026;121.62319461397628,25,0.4166666666666667,False,False,False,False,5000.0,500.0
5,10000.0,0,4,3500,0.95,False,0.6,22,0.36666666666666664,500.46860956472085;1808.8782710780893;682.2568737693919,29,0.48333333333333334,False,False,False,False,5000.0,500.0
5,10000.0,0,4,3500,0.95,False,0.4,37,0.6166666666666667,724.8647934012588;1999.9722362235707,36,0.6,False,False,False,False,5000.0,500.0
5,10000.0,0,4,3500,0.95,False,0.6,28,0.4666666666666667,102.41236695105547;450.2992469052802;1098.6896363969865,24,0.4,False,False,False,False,5000.0,500.0
5,10000.0,0,4,3500,0.95,False,0.6,20,0.3333333333333333,264.5364568880102;4334.959281850996;752.7721454183171,31,0.5166666666666667,False,False,False,False,5000.0,500.0
5,10000.0,0,4,3500,0.95,False,0.4,38,0.6333333333333333,587.6075223454801;1680.1477464592137,36,0.6,False,False,False,False,5000.0,500.0
5,10000.0,0,4,3500,0.95,False,0.6,25,0.4166666666666667,3122.9489748964183;1197.8699846781906;13.628994928922598,26,0.43333333333333335,False,False,False,False,5000.0,500.0
5,10000.0,0,4,3500,0.95,False,0.6,27,0.45,462.84592505062614;66.72109623163085;2320.189689939864,25,0.4166666666666667,False,False,False,False,5000.0,500.0
5,10000.0,0,4,3500,0.95,False,0.6,25,0.4166666666666667,240.97939748014548;627.4969903275054;873.5997024703579,26,0.43333333333333335,False,False,False,False,5000.0,500.0
5,10000.0,0,4,3500,0.95,False,0.6,28,0.4666666666666667,2128.4682599365697;4264.545172931759;111.84267048036332,26,0.43333333333333335,False,False,False,False,5000.0,500.0
5,10000.0,0,4,3500,0.95,False,0.6,23,0.38333333333333336,408.33762935872653;1280.9236190534616;65.39681510181623,27,0.45,False,False,False,False,5000.0,500.0
5,10000.0,0,4,3500,0.95,False,0.4,38,0.6333333333333333,2225.220308084122;816.9921758693506,36,0.6,False,False,False,False,5000.0,500.0
5,10000.0,0,4,3500,0.95,False,0.6,25,0.4166666666666667,347.5699250169823;385.6950407687838;107.84567886316755,29,0.48333333333333334,False,False,False,False,5000.0,500.0
5,10000.0,0,4,3500,0.95,False,0.8,10,0.16666666666666666,70.02617910136027;4120.995246976102;153.1403138089014;35.228765840308526,19,0.31666666666666665,False,False,False,False,5000.0,500.0
5,10000.0,0,4,3500,0.95,False,0.4,37,0.6166666666666667,699.8593465709158;4038.1881489468983,36,0.6,False,False,False,False,5000.0,500.0
5,10000.0,0,4,3500,0.95,False,0.6,30,0.5,916.0530854107328;2229.4977734230993;173.40144423952069,25,0.4166666666666667,False,False,False,False,5000.0,500.0
5,10000.0,0,4,3500,0.95,False,0.4,36,0.6,546.7662386254644;801.2007020595549,36,0.6,False,False,False,False,5000.0,500.0
5,10000.0,0,4,3500,0.95,False,0.6,31,0.5166666666666667,2373.0899069837037;107.46597113792144;14021.073940254595,24,0.4,False,False,False,False,5000.0,500.0
5,10000.0,0,4,3500,0.95,False,0.4,37,0.6166666666666667,188.46050625445713;2151.551595472068,36,0.6,False,False,False,False,5000.0,500.0
5,10000.0,0,4,3500,0.95,False,0.6,27,0.45,1907.3438694833064;1567.7345255715188;127.24450148792539,27,0.45,False,False,False,False,5000.0,500.0
5,10000.0,0,4,3500,0.95,False,0.6,26,0.43333333333333335,90.28585354033802;5323.220286086568;796.44941971138,24,0.4,False,False,False,False,5000.0,500.0
5,10000.0,0,4,3500,0.95,False,0.6,25,0.4166666666666667,138.91248391133473;1035.5745964828182;2276.53135782996,26,0.43333333333333335,False,False,False,False,5000.0,500.0
5,10000.0,0,4,3500,0.95,False,0.4,38,0.6333333333333333,11300.603597008872;513.4337022174632,36,0.6,False,False,False,False,5000.0,500.0
5,10000.0,0,4,3500,0.95,False,0.6,23,0.38333333333333336,6706.782004723863;4579.437501841006;131.45859961849132,26,0.43333333333333335,False,False,False,False,5000.0,500.0
5,10000.0,0,4,3500,0.95,False,0.4,40,0.6666666666666666,1500.452113083053;837.7362340277533,36,0.6,False,False,False,False,5000.0,500.0
5,10000.0,0,4,3500,0.95,False,0.6,26,0.43333333333333335,118.25100677074715;1076.9129415576758;3900.9926379783633,25,0.4166666666666667,False,False,False,False,5000.0,500.0
5,10000.0,0,4,3500,0.95,False,0.6,20,0.3333333333333333,603.9223773597242;1821.8762668533216;5.17392164420395,31,0.5166666666666667,False,False,False,False,5000.0,500.0
5,10000.0,0,4,3500,0.95,False,0.6,25,0.4166666666666667,2709.589282079459;459.6177150931544;3598.065326642986,28,0.4666666666666667,False,False,False,False,5000.0,500.0
5,10000.0,0,4,3500,0.95,False,0.4,36,0.6,1213.9228071862417;127.46169723318908,36,0.6,False,False,False,False,5000.0,500.0
5,10000.0,0,4,3500,0.95,False,0.6,32,0.5333333333333333,1886.984916037223;3347.8238234450005;529.5666810815723,26,0.43333333333333335,False,False,False,False,5000.0,500.0
5,10000.0,0,4,3500,0.95,False,0.6,23,0.38333333333333336,958.5256165083574;451.12753255449036;35.48058359615908,28,0.4666666666666667,False,False,False,False,5000.0,500.0
5,10000.0,0,4,3500,0.95,False,0.8,12,0.2,596.2216661210371;148.3700670872193;75.91659553082572;293.300305967885,20,0.3333333333333333,False,False,False,False,5000.0,500.0
5,10000.0,0,4,3500,0.95,False,0.8,15,0.25,364.56532561426167;1189.9267649215315;91.24768661482697;148.68015948857925,12,0.2,False,False,False,False,5000.0,500.0
5,10000.0,0,4,3500,0.95,False,0.6,22,0.36666666666666664,359.594188123797;7616.887255588555;197.56381156939915,28,0.4666666666666667,False,False,False,False,5000.0,500.0
5,10000.0,0,4,3500,0.95,False,0.4,38,0.6333333333333333,3110.292310818313;1162.8217717370533,36,0.6,False,False,False,False,5000.0,500.0
5,10000.0,0,4,3500,0.95,False,0.6,27,0.45,504.884564955896;432.8434729834309;3501.6060817315174,24,0.4,False,False,False,False,5000.0,500.0
5,10000.0,0,4,3500,0.95,False,0.6,22,0.36666666666666664,882.4844619319978;249.42734978752455;97.2234169495071,28,0.4666666666666667,False,False,False,False,5000.0,500.0
5,10000.0,0,4,3500,0.95,False,0.6,28,0.4666666666666667,1047.6162402682696;2142.4997900683834;660.2746191211276,25,0.4166666666666667,False,False,False,False,5000.0,500.0
5,10000.0,0,4,3500,0.95,False,0.6,29,0.48333333333333334,5770.386969443151;138.0409726213348;467.9160126027189,26,0.43333333333333335,False,False,False,False,5000.0,500.0
5,10000.0,0,4,3500,0.95,False,0.6,22,0.36666666666666664,360.79455350072124;715.476113954716;340.26925408131734,29,0.48333333333333334,False,False,False,False,5000.0,500.0
5,10000.0,0,4,3500,0.95,False,0.6,27,0.45,915.6616856819197;4045.1817206462674;159.6027888924588,25,0.4166666666666667,False,False,False,False,5000.0,500.0
5,10000.0,0,4,3500,0.95,False,0.6,25,0.4166666666666667,30.55126370052327;3019.672050759432;683.0558824165895,25,0.4166666666666667,False,False,False,False,5000.0,500.0
5,10000.0,0,4,3500,0.95,False,0.6,23,0.38333333333333336,228.48073147470862;87.07699239179325;240.7946510145951,27,0.45,False,False,False,False,5000.0,500.0
5,10000.0,0,4,3500,0.95,False,0.6,22,0.36666666666666664,164.6107897417542;260.84898517820676;5395.845842346657,28,0.4666666666666667,False,False,False,False,5000.0,500.0
5,10000.0,0,4,3500,0.95,False,0.6,29,0.48333333333333334,310.3613391027496;87.30474957424704;5049.970106147006,24,0.4,False,False,False,False,5000.0,500.0
5,10000.0,0,4,3500,0.95,False,0.6,23,0.38333333333333336,951.8868110207521;31.011968959293174;1933.6259090076944,27,0.45,False,False,False,False,5000.0,500.0
5,10000.0,0,4,3500,0.95,False,0.6,24,0.4,364.4678725899859;744.6265826766254;172.2361664605232,27,0.45,False,False,False,False,5000.0,500.0
5,10000.0,0,4,3500,0.95,False,0.8,13,0.21666666666666667,203.98641581180922;115.36959306247674;6042.5010180209265;168.33439279637795,13,0.21666666666666667,False,False,False,False,5000.0,500.0
5,10000.0,0,4,3500,0.95,False,0.4,37,0.6166666666666667,107.22604612309846;6416.302310497973,36,0.6,False,False,False,False,5000.0,500.0
5,10000.0,0,4,3500,0.95,False,0.6,21,0.35,574.238627169528;184.54993605762095;65.4094487914734,29,0.48333333333333334,False,False,False,False,5000.0,500.0
5,10000.0,0,4,3500,0.95,False,0.8,14,0.23333333333333334,35.9498240585871;241.67320964253216;53.97180183844136;3739.998081109499,13,0.21666666666666667,False,False,False,False,5000.0,500.0
5,10000.0,0,4,3500,0.95,False,0.4,37,0.6166666666666667,1114.2928022752137;976.6590621774743,36,0.6,False,False,False,False,5000.0,500.0
5,10000.0,0,4,3500,0.95,False,0.6,23,0.38333333333333336,449.9454514936644;1506.5721146258188;27.570300265302492,27,0.45,False,False,False,False,5000.0,500.0
5,10000.0,0,4,3500,0.95,False,0.4,38,0.6333333333333333,1444.30844299071;2374.5110051391994,36,0.6,False,False,False,False,5000.0,500.0
5,10000.0,0,4,3500,0.95,False,0.6,25,0.4166666666666667,4549.409829178628;792.5333381544517;25.75502371125221,25,0.4166666666666667,False,False,False,False,5000.0,500.0
5,10000.0,0,4,3500,0.95,False,0.6,26,0.43333333333333335,1270.5781174371932;845.1754988716168;772.3778238805179,26,0.43333333333333335,False,False,False,False,5000.0,500.0
5,10000.0,0,4,3500,0.95,False,0.6,27,0.45,421.1774924334025;469.1419926414122;1008.4914858519485,26,0.43333333333333335,False,False,False,False,5000.0,500.0
5,10000.0,0,4,3500,0.95,False,0.6,27,0.45,1007.6889595225164;752.5334240734402;3304.8944156196353,27,0.45,False,False,False,False,5000.0,500.0
5,10000.0,0,4,3500,0.95,False,0.6,24,0.4,89.76808641396;2329.3458959400127;1755.0688369274512,24,0.4,False,False,False,False,5000.0,500.0
5,10000.0,0,4,3500,0.95,False,0.6,27,0.45,693.4266203669881;2719.728399186917;2020.0550079681136,25,0.4166666666666667,False,False,False,False,5000.0,500.0
5,10000.0,0,4,3500,0.95,False,0.4,37,0.6166666666666667,220.77033568332962;4952.554059514419,36,0.6,False,False,False,False,5000.0,500.0
5,10000.0,0,4,3500,0.95,False,0.8,13,0.21666666666666667,3634.6528365751224;536.0757563639226;709.2907779103725;62.57236189888443,18,0.3,False,False,False,False,5000.0,500.0
5,10000.0,0,4,3500,0.95,False,0.6,27,0.45,1004.1812887490331;355.90229302994464;376.58645244065076,24,0.4,False,False,False,False,5000.0,500.0
5,10000.0,0,4,3500,0.95,False,0.6,31,0.5166666666666667,929.3874203782384;1334.5633085890927;580.6090528655193,25,0.4166666666666667,False,False,False,False,5000.0,500.0
5,10000.0,0,4,3500,0.95,False,0.6,27,0.45,3183.433109017464;1165.9594935345162;476.68144660832724,24,0.4,False,False,False,False,5000.0,500.0
5,10000.0,0,4,3500,0.95,False,0.6,25,0.4166666666666667,79.7913392524966;2223.683997763759;905.6314112178551,24,0.4,False,False,False,False,5000.0,500.0
5,10000.0,0,4,3500,0.95,False,0.4,39,0.65,803.6267566003079;2675.228201881014,36,0.6,False,False,False,False,5000.0,500.0
5,10000.0,0,4,3500,0.95,False,0.4,39,0.65,1619.3259119319987;302.1928385910968,36,0.6,False,False,False,False,5000.0,500.0
5,10000.0,0,4,3500,0.95,False,0.6,24,0.4,2603.3088065066095;2543.044572548015;96.83404835517094,28,0.4666666666666667,False,False,False,False,5000.0,500.0
5,10000.0,0,4,3500,0.95,False,0.6,27,0.45,5762.663435159641;188.9481722346767;1268.6035172813704,24,0.4,False,False,False,False,5000.0,500.0
5,10000.0,0,4,3500,0.95,False,1.0,5,0.08333333333333333,685.7675193407159;22.00123463975326;82.21017223058756;119.34283363162486;121.1013738496106,9,0.15,False,False,False,False,5000.0,500.0
5,10000.0,0,4,3500,0.95,False,0.8,12,0.2,2191.570019880042;64.1661422105865;102.75388459462637;303.4264500642351,18,0.3,False,False,False,False,5000.0,500.0
5,10000.0,0,4,3500,0.95,False,0.6,24,0.4,3948.640691021135;2118.724956584729;148.14836175034733,24,0.4,False,False,False,False,5000.0,500.0
5,10000.0,0,4,3500,0.95,False,0.6,23,0.38333333333333336,618.9490126718147;285.3727213793169;96.64704183286226,27,0.45,False,False,False,False,5000.0,500.0
5,10000.0,0,4,3500,0.95,False,0.6,28,0.4666666666666667,274.1975058694792;579.1610339108834;8754.978304602624,24,0.4,False,False,False,False,5000.0,500.0
5,10000.0,0,4,3500,0.95,False,0.6,26,0.43333333333333335,1090.7843194881336;2961.597227903984;192.72640125209247,26,0.43333333333333335,False,False,False,False,5000.0,500.0
5,10000.0,0,4,3500,0.95,False,0.4,39,0.65,790.881900282029;1381.819663264121,36,0.6,False,False,False,False,5000.0,500.0
5,10000.0,0,4,3500,0.95,False,0.6,29,0.48333333333333334,64.14901166526484;3034.697088929274;853.7688370917127,24,0.4,False,False,False,False,5000.0,500.0
5,10000.0,0,4,3500,0.95,False,0.6,27,0.45,2124.539959926369;141.03128597036147;126.96794575273827,27,0.45,False,False,False,False,5000.0,500.0
5,10000.0,0,4,3500,0.95,False,0.6,26,0.43333333333333335,2841.790625578295;23.471893350309912;706.4593711145529,24,0.4,False,False,False,False,5000.0,500.0
5,10000.0,0,4,3500,0.95,False,0.4,36,0.6,2166.6207802176477;62.612630281530386,36,0.6,False,False,False,False,5000.0,500.0
5,10000.0,0,4,3500,0.95,False,0.6,27,0.45,680.5069075673579;338.8030020867401;652.5870712381286,25,0.4166666666666667,False,False,False,False,5000.0,500.0
5,10000.0,0,4,3500,0.95,False,0.4,37,0.6166666666666667,205.97797143006903;3792.665232581566,36,0.6,False,False,False,False,5000.0,500.0
5,10000.0,0,4,3500,0.95,False,0.4,39,0.65,305.1853771134933;907.5626184558605,36,0.6,False,False,False,False,5000.0,500.0
5,10000.0,0,4,3500,0.95,False,0.8,14,0.23333333333333334,3662.4812653948584;616.2652316195321;163.1488216111429;1244.5881394921241,20,0.3333333333333333,False,False,False,False,5000.0,500.0
5,10000.0,0,4,3500,0.95,False,0.8,13,0.21666666666666667,239.5734989621548;190.96851419817062;1147.997624340267;329.37426672149087,18,0.3,False,False,False,False,5000.0,500.0
5,10000.0,0,4,3500,0.95,False,0.6,27,0.45,263.0176012209575;82.56238856274261;8258.823041620795,26,0.43333333333333335,False,False,False,False,5000.0,500.0
5,10000.0,0,4,3500,0.95,False,0.6,20,0.3333333333333333,661.0288536065995;802.8699677697962;74.31148603901177,29,0.48333333333333334,False,False,False,False,5000.0,500.0
5,10000.0,0,4,3500,0.95,False,0.8,19,0.31666666666666665,704.9077693933259;1009.4295352739583;284.5018783898116;61.974959602708,14,0.23333333333333334,False,False,False,False,5000.0,500.0
5,10000.0,0,4,3500,0.95,False,0.6,25,0.4166666666666667,920.2793992734842;1556.9785441109016;72.00522504702522,27,0.45,False,False,False,False,5000.0,500.0
5,10000.0,0,4,3500,0.95,False,0.6,24,0.4,123.23048234412602;340.0369755464184;3247.68232156292,27,0.45,False,False,False,False,5000.0,500.0
5,10000.0,0,4,3500,0.95,False,0.6,27,0.45,240.99495830288427;739.4975615666197;1648.576867870458,25,0.4166666666666667,False,False,False,False,5000.0,500.0
5,10000.0,0,4,3500,0.95,False,0.6,24,0.4,2298.568841002889;349.52095861023656;101.2578756253851,24,0.4,False,False,False,False,5000.0,500.0
5,10000.0,0,4,3500,0.95,False,0.6,26,0.43333333333333335,3630.3351962776273;202.058230792439;633.7703891670358,26,0.43333333333333335,False,False,False,False,5000.0,500.0
5,10000.0,0,4,3500,0.95,False,0.6,27,0.45,28.447802141551932;2448.9947584869806;7896.367343115712,26,0.43333333333333335,False,False,False,False,5000.0,500.0
5,10000.0,0,4,3500,0.95,False,0.8,14,0.23333333333333334,5280.729404265824;314.3400191713444;30.01479064283102;142.533789004955,14,0.23333333333333334,False,False,False,False,5000.0,500.0
5,10000.0,0,4,3500,0.95,False,0.6,25,0.4166666666666667,628.4859949763461;317.7503961732538;5188.213254081441,26,0.43333333333333335,False,False,False,False,5000.0,500.0
5,10000.0,0,4,3500,0.95,False,0.6,27,0.45,330.3848495638244;684.1255128477959;3415.8511868898477,25,0.4166666666666667,False,False,False,False,5000.0,500.0
5,10000.0,0,4,3500,0.95,False,0.4,38,0.6333333333333333,4556.67077512272;3093.3018623273074,36,0.6,False,False,False,False,5000.0,500.0
5,10000.0,0,4,3500,0.95,False,0.4,36,0.6,736.5015486941489;731.5005036625961,36,0.6,False,False,False,False,5000.0,500.0
5,10000.0,0,4,3500,0.95,False,0.6,23,0.38333333333333336,3262.5238633728277;1562.301767800252;96.77336609480723,30,0.5,False,False,False,False,5000.0,500.0
5,10000.0,0,4,3500,0.95,False,0.6,26,0.43333333333333335,1845.0319282077223;548.9472794312824;335.88130879107433,24,0.4,False,False,False,False,5000.0,500.0
5,10000.0,0,4,3500,0.95,False,0.4,41,0.6833333333333333,2228.466166774198;6763.207191135748,36,0.6,False,False,False,False,5000.0,500.0
5,10000.0,0,4,3500,0.95,False,0.6,27,0.45,149.51541191566062;307.6545698595805;1911.3284501527762,24,0.4,False,False,False,False,5000.0,500.0
5,10000.0,0,4,3500,0.95,False,0.8,9,0.15,10.054892100336827;259.2745814796415;27.377220802918877;469.0176734310092,18,0.3,False,False,False,False,5000.0,500.0
5,10000.0,0,4,3500,0.95,False,0.6,25,0.4166666666666667,241.95481771858542;1567.1063853917094;2262.3816018300004,26,0.43333333333333335,False,False,False,False,5000.0,500.0
5,10000.0,0,4,3500,0.95,False,0.8,14,0.23333333333333334,125.30530672820086;4061.4634654724528;200.57360274747325;487.8127645644835,15,0.25,False,False,False,False,5000.0,500.0
5,10000.0,0,4,3500,0.95,False,0.6,23,0.38333333333333336,3450.1018842962335;157.9803169385293;461.55134600084364,25,0.4166666666666667,False,False,False,False,5000.0,500.0
5,10000.0,0,4,3500,0.95,False,0.4,39,0.65,2789.4899950792824;1305.8603401045373,36,0.6,False,False,False,False,5000.0,500.0
5,10000.0,0,4,3500,0.95,False,0.6,29,0.48333333333333334,185.77135262944432;650.765936595221;3276.677400484043,25,0.4166666666666667,False,False,False,False,5000.0,500.0
5,10000.0,0,4,3500,0.95,False,0.6,27,0.45,3499.324650141945;309.3598961716695;182.38943357795338,25,0.4166666666666667,False,False,False,False,5000.0,500.0
5,10000.0,0,4,3500,0.95,False,0.4,38,0.6333333333333333,2763.1072886755555;1812.3501169897472,36,0.6,False,False,False,False,5000.0,500.0
5,10000.0,0,4,3500,0.95,False,0.4,36,0.6,1152.720283679239;753.6946817334427,36,0.6,False,False,False,False,5000.0,500.0
5,10000.0,0,4,3500,0.95,False,0.8,13,0.21666666666666667,6961.998804089631;102.11762217305089;8472.25766263832;230.98405323567178,16,0.26666666666666666,False,False,False,False,5000.0,500.0
5,10000.0,0,4,3500,0.95,False,0.8,15,0.25,119.32394040236615;99.36912201622124;106.4531682230691;2056.2502375458616,16,0.26666666666666666,False,False,False,False,5000.0,500.0
5,10000.0,0,4,3500,0.95,False,0.6,25,0.4166666666666667,307.5935391787541;129.99259362544177;1572.4742525923707,26,0.43333333333333335,False,False,False,False,5000.0,500.0
5,10000.0,0,4,3500,0.95,False,0.6,26,0.43333333333333335,2696.3697780159137;1345.896256999472;515.6254000594117,25,0.4166666666666667,False,False,False,False,5000.0,500.0
5,10000.0,0,4,3500,0.95,False,0.6,19,0.31666666666666665,71.70916069964655;848.7327369613304;349.38351587020054,31,0.5166666666666667,False,False,False,False,5000.0,500.0
5,10000.0,0,4,3500,0.95,False,0.6,23,0.38333333333333336,353.4403036586042;38.80736081521245;51.99842602991551,27,0.45,False,False,False,False,5000.0,500.0
5,10000.0,0,4,3500,0.95,False,0.6,26,0.43333333333333335,112.6900945752235;276.01515229759093;3155.76214377519,26,0.43333333333333335,False,False,False,False,5000.0,500.0
5,10000.0,0,4,3500,0.95,False,0.6,26,0.43333333333333335,1588.3053339516039;292.95891189220407;744.2932573875886,25,0.4166666666666667,False,False,False,False,5000.0,500.0
5,10000.0,0,4,3500,0.95,False,0.4,40,0.6666666666666666,346.4778258982651;3600.699508529786,36,0.6,False,False,False,False,5000.0,500.0
5,10000.0,0,4,3500,0.95,False,0.6,22,0.36666666666666664,1508.161966703173;670.4048863649871;53.84334906905183,28,0.4666666666666667,False,False,False,False,5000.0,500.0
5,10000.0,0,4,3500,0.95,False,0.6,15,0.25,951.5013465381412;507.4755446587173;691.9991850948974,32,0.5333333333333333,False,False,False,False,5000.0,500.0
5,10000.0,0,4,3500,0.95,False,0.6,26,0.43333333333333335,1687.4213485614346;52.754654220045346;2479.9793112970883,25,0.4166666666666667,False,False,False,False,5000.0,500.0
1,100000.0,0,4,3500,0.95,False,1.0,0,0.0,354.16756675554586,0,0.0,False,False,False,False,5000.0,500.0
1,100000.0,0,4,3500,0.95,False,1.0,0,0.0,562.328298849943,0,0.0,False,False,False,False,5000.0,500.0
1,100000.0,0,4,3500,0.95,False,1.0,0,0.0,271.9345163552651,0,0.0,False,False,False,False,5000.0,500.0
1,100000.0,0,4,3500,0.95,False,1.0,0,0.0,207.72563216924854,0,0.0,False,False,False,False,5000.0,500.0
1,100000.0,0,4,3500,0.95,False,1.0,0,0.0,452.94128997196816,0,0.0,False,False,False,False,5000.0,500.0
1,100000.0,0,4,3500,0.95,False,1.0,0,0.0,290.2064154719031,0,0.0,False,False,False,False,5000.0,500.0
1,100000.0,0,4,3500,0.95,False,1.0,0,0.0,331.72726534838586,0,0.0,False,False,False,False,5000.0,500.0
1,100000.0,0,4,3500,0.95,False,1.0,0,0.0,170.6535792377486,0,0.0,False,False,False,False,5000.0,500.0
1,100000.0,0,4,3500,0.95,False,1.0,0,0.0,294.24012656932956,0,0.0,False,False,False,False,5000.0,500.0
1,100000.0,0,4,3500,0.95,False,1.0,0,0.0,673.7506537314275,0,0.0,False,False,False,False,5000.0,500.0
1,100000.0,0,4,3500,0.95,False,1.0,0,0.0,53.72306062310192,0,0.0,False,False,False,False,5000.0,500.0
1,100000.0,0,4,3500,0.95,False,1.0,0,0.0,92.71710920091277,0,0.0,False,False,False,False,5000.0,500.0
1,100000.0,0,4,3500,0.95,False,1.0,0,0.0,159.19834700930286,0,0.0,False,False,False,False,5000.0,500.0
1,100000.0,0,4,3500,0.95,False,1.0,0,0.0,810.7279725405398,0,0.0,False,False,False,False,5000.0,500.0
1,100000.0,0,4,3500,0.95,False,1.0,0,0.0,514.0625274622934,0,0.0,False,False,False,False,5000.0,500.0
1,100000.0,0,4,3500,0.95,False,1.0,0,0.0,803.8188304148761,0,0.0,False,False,False,False,5000.0,500.0
1,100000.0,0,4,3500,0.95,False,1.0,0,0.0,112.6934557041504,0,0.0,False,False,False,False,5000.0,500.0
1,100000.0,0,4,3500,0.95,False,1.0,0,0.0,368.0071358030689,0,0.0,False,False,False,False,5000.0,500.0
1,100000.0,0,4,3500,0.95,False,1.0,0,0.0,365.0277517968136,0,0.0,False,False,False,False,5000.0,500.0
1,100000.0,0,4,3500,0.95,False,1.0,0,0.0,470.56301434393936,0,0.0,False,False,False,False,5000.0,500.0
1,100000.0,0,4,3500,0.95,False,1.0,0,0.0,190.55314273997305,0,0.0,False,False,False,False,5000.0,500.0
1,100000.0,0,4,3500,0.95,False,1.0,0,0.0,230.29044838919583,0,0.0,False,False,False,False,5000.0,500.0
1,100000.0,0,4,3500,0.95,False,1.0,0,0.0,214.2886748938196,0,0.0,False,False,False,False,5000.0,500.0
1,100000.0,0,4,3500,0.95,False,1.0,0,0.0,240.10875936066736,0,0.0,False,False,False,False,5000.0,500.0
1,100000.0,0,4,3500,0.95,False,1.0,0,0.0,193.24273355512835,0,0.0,False,False,False,False,5000.0,500.0
1,100000.0,0,4,3500,0.95,False,1.0,0,0.0,137.55926976672308,0,0.0,False,False,False,False,5000.0,500.0
1,100000.0,0,4,3500,0.95,False,1.0,0,0.0,104.45678302561377,0,0.0,False,False,False,False,5000.0,500.0
1,100000.0,0,4,3500,0.95,False,1.0,0,0.0,101.58654616274953,0,0.0,False,False,False,False,5000.0,500.0
1,100000.0,0,4,3500,0.95,False,1.0,0,0.0,63.218535050659376,0,0.0,False,False,False,False,5000.0,500.0
1,100000.0,0,4,3500,0.95,False,1.0,0,0.0,161.68139578695164,0,0.0,False,False,False,False,5000.0,500.0
1,100000.0,0,4,3500,0.95,False,1.0,0,0.0,10.54733527266633,0,0.0,False,False,False,False,5000.0,500.0
1,100000.0,0,4,3500,0.95,False,1.0,0,0.0,596.9817413295622,0,0.0,False,False,False,False,5000.0,500.0
1,100000.0,0,4,3500,0.95,False,1.0,0,0.0,317.15658646918774,0,0.0,False,False,False,False,5000.0,500.0
1,100000.0,0,4,3500,0.95,False,1.0,0,0.0,347.4554428585736,0,0.0,False,False,False,False,5000.0,500.0
1,100000.0,0,4,3500,0.95,False,1.0,0,0.0,396.1385866894764,0,0.0,False,False,False,False,5000.0,500.0
1,100000.0,0,4,3500,0.95,False,1.0,0,0.0,492.8681125754819,0,0.0,False,False,False,False,5000.0,500.0
1,100000.0,0,4,3500,0.95,False,1.0,0,0.0,242.4937408125306,0,0.0,False,False,False,False,5000.0,500.0
1,100000.0,0,4,3500,0.95,False,1.0,0,0.0,342.0274095508002,0,0.0,False,False,False,False,5000.0,500.0
1,100000.0,0,4,3500,0.95,False,1.0,0,0.0,135.1876653982496,0,0.0,False,False,False,False,5000.0,500.0
1,100000.0,0,4,3500,0.95,False,1.0,0,0.0,355.1286271233162,0,0.0,False,False,False,False,5000.0,500.0
1,100000.0,0,4,3500,0.95,False,1.0,0,0.0,487.1151269712455,0,0.0,False,False,False,False,5000.0,500.0
1,100000.0,0,4,3500,0.95,False,1.0,0,0.0,785.3303233167992,0,0.0,False,False,False,False,5000.0,500.0
1,100000.0,0,4,3500,0.95,False,1.0,0,0.0,488.3689195472028,0,0.0,False,False,False,False,5000.0,500.0
1,100000.0,0,4,3500,0.95,False,1.0,0,0.0,113.34733007516614,0,0.0,False,False,False,False,5000.0,500.0
1,100000.0,0,4,3500,0.95,False,1.0,0,0.0,567.5005967697311,0,0.0,False,False,False,False,5000.0,500.0
1,100000.0,0,4,3500,0.95,False,1.0,0,0.0,391.9138213655967,0,0.0,False,False,False,False,5000.0,500.0
1,100000.0,0,4,3500,0.95,False,1.0,0,0.0,78.31596856422634,0,0.0,False,False,False,False,5000.0,500.0
1,100000.0,0,4,3500,0.95,False,1.0,0,0.0,352.5166255831413,0,0.0,False,False,False,False,5000.0,500.0
1,100000.0,0,4,3500,0.95,False,1.0,0,0.0,153.1321975279226,0,0.0,False,False,False,False,5000.0,500.0
1,100000.0,0,4,3500,0.95,False,1.0,0,0.0,207.33575350274447,0,0.0,False,False,False,False,5000.0,500.0
1,100000.0,0,4,3500,0.95,False,1.0,0,0.0,200.809762087656,0,0.0,False,False,False,False,5000.0,500.0
1,100000.0,0,4,3500,0.95,False,1.0,0,0.0,141.91589551145927,0,0.0,False,False,False,False,5000.0,500.0
1,100000.0,0,4,3500,0.95,False,1.0,0,0.0,249.7450419281043,0,0.0,False,False,False,False,5000.0,500.0
1,100000.0,0,4,3500,0.95,False,1.0,0,0.0,5.069833792533334,0,0.0,False,False,False,False,5000.0,500.0
1,100000.0,0,4,3500,0.95,False,1.0,0,0.0,239.43641765545846,0,0.0,False,False,False,False,5000.0,500.0
1,100000.0,0,4,3500,0.95,False,1.0,0,0.0,443.1802269178939,0,0.0,False,False,False,False,5000.0,500.0
1,100000.0,0,4,3500,0.95,False,1.0,0,0.0,175.53021528303103,0,0.0,False,False,False,False,5000.0,500.0
1,100000.0,0,4,3500,0.95,False,1.0,0,0.0,433.4570189240523,0,0.0,False,False,False,False,5000.0,500.0
1,100000.0,0,4,3500,0.95,False,1.0,0,0.0,270.12573201985276,0,0.0,False,False,False,False,5000.0,500.0
1,100000.0,0,4,3500,0.95,False,1.0,0,0.0,471.84030190071167,0,0.0,False,False,False,False,5000.0,500.0
1,100000.0,0,4,3500,0.95,False,1.0,0,0.0,335.69067657697906,0,0.0,False,False,False,False,5000.0,500.0
1,100000.0,0,4,3500,0.95,False,1.0,0,0.0,235.4532595221151,0,0.0,False,False,False,False,5000.0,500.0
1,100000.0,0,4,3500,0.95,False,1.0,0,0.0,81.23247756160484,0,0.0,False,False,False,False,5000.0,500.0
1,100000.0,0,4,3500,0.95,False,1.0,0,0.0,655.446795965866,0,0.0,False,False,False,False,5000.0,500.0
1,100000.0,0,4,3500,0.95,False,1.0,0,0.0,549.1670449136082,0,0.0,False,False,False,False,5000.0,500.0
1,100000.0,0,4,3500,0.95,False,1.0,0,0.0,537.6576201520188,0,0.0,False,False,False,False,5000.0,500.0
1,100000.0,0,4,3500,0.95,False,1.0,0,0.0,82.47070786254274,0,0.0,False,False,False,False,5000.0,500.0
1,100000.0,0,4,3500,0.95,False,1.0,0,0.0,421.80377826640114,0,0.0,False,False,False,False,5000.0,500.0
1,100000.0,0,4,3500,0.95,False,1.0,0,0.0,115.75474208961617,0,0.0,False,False,False,False,5000.0,500.0
1,100000.0,0,4,3500,0.95,False,1.0,0,0.0,605.3859455110686,0,0.0,False,False,False,False,5000.0,500.0
1,100000.0,0,4,3500,0.95,False,1.0,0,0.0,340.9592040330669,0,0.0,False,False,False,False,5000.0,500.0
1,100000.0,0,4,3500,0.95,False,1.0,0,0.0,438.9748063959373,0,0.0,False,False,False,False,5000.0,500.0
1,100000.0,0,4,3500,0.95,False,1.0,0,0.0,184.5475618085954,0,0.0,False,False,False,False,5000.0,500.0
1,100000.0,0,4,3500,0.95,False,1.0,0,0.0,95.35174644797381,0,0.0,False,False,False,False,5000.0,500.0
1,100000.0,0,4,3500,0.95,False,1.0,0,0.0,278.74224216086856,0,0.0,False,False,False,False,5000.0,500.0
1,100000.0,0,4,3500,0.95,False,1.0,0,0.0,433.05664471991423,0,0.0,False,False,False,False,5000.0,500.0
1,100000.0,0,4,3500,0.95,False,1.0,0,0.0,205.6333619105637,0,0.0,False,False,False,False,5000.0,500.0
1,100000.0,0,4,3500,0.95,False,1.0,0,0.0,482.42393533302237,0,0.0,False,False,False,False,5000.0,500.0
1,100000.0,0,4,3500,0.95,False,1.0,0,0.0,209.38875731195682,0,0.0,False,False,False,False,5000.0,500.0
1,100000.0,0,4,3500,0.95,False,1.0,0,0.0,194.74527152273862,0,0.0,False,False,False,False,5000.0,500.0
1,100000.0,0,4,3500,0.95,False,1.0,0,0.0,178.07718159123277,0,0.0,False,False,False,False,5000.0,500.0
1,100000.0,0,4,3500,0.95,False,1.0,0,0.0,137.08071233677742,0,0.0,False,False,False,False,5000.0,500.0
1,100000.0,0,4,3500,0.95,False,1.0,0,0.0,643.0754839254496,0,0.0,False,False,False,False,5000.0,500.0
1,100000.0,0,4,3500,0.95,False,1.0,0,0.0,240.71984069143866,0,0.0,False,False,False,False,5000.0,500.0
1,100000.0,0,4,3500,0.95,False,1.0,0,0.0,188.94608820892154,0,0.0,False,False,False,False,5000.0,500.0
1,100000.0,0,4,3500,0.95,False,1.0,0,0.0,384.6842724298891,0,0.0,False,False,False,False,5000.0,500.0
1,100000.0,0,4,3500,0.95,False,1.0,0,0.0,161.8818412551522,0,0.0,False,False,False,False,5000.0,500.0
1,100000.0,0,4,3500,0.95,False,1.0,0,0.0,677.4187273150657,0,0.0,False,False,False,False,5000.0,500.0
1,100000.0,0,4,3500,0.95,False,1.0,0,0.0,121.66584483092511,0,0.0,False,False,False,False,5000.0,500.0
1,100000.0,0,4,3500,0.95,False,1.0,0,0.0,320.52672882435803,0,0.0,False,False,False,False,5000.0,500.0
1,100000.0,0,4,3500,0.95,False,1.0,0,0.0,336.41247350001544,0,0.0,False,False,False,False,5000.0,500.0
1,100000.0,0,4,3500,0.95,False,1.0,0,0.0,139.32086696337697,0,0.0,False,False,False,False,5000.0,500.0
1,100000.0,0,4,3500,0.95,False,1.0,0,0.0,192.1128065584823,0,0.0,False,False,False,False,5000.0,500.0
1,100000.0,0,4,3500,0.95,False,1.0,0,0.0,223.71938345701687,0,0.0,False,False,False,False,5000.0,500.0
1,100000.0,0,4,3500,0.95,False,1.0,0,0.0,229.03430523384506,0,0.0,False,False,False,False,5000.0,500.0
1,100000.0,0,4,3500,0.95,False,1.0,0,0.0,399.48663514026083,0,0.0,False,False,False,False,5000.0,500.0
1,100000.0,0,4,3500,0.95,False,1.0,0,0.0,398.7827631636608,0,0.0,False,False,False,False,5000.0,500.0
1,100000.0,0,4,3500,0.95,False,1.0,0,0.0,74.28315238241954,0,0.0,False,False,False,False,5000.0,500.0
1,100000.0,0,4,3500,0.95,False,1.0,0,0.0,205.56801090769582,0,0.0,False,False,False,False,5000.0,500.0
1,100000.0,0,4,3500,0.95,False,1.0,0,0.0,49.00701735771513,0,0.0,False,False,False,False,5000.0,500.0
1,100000.0,0,4,3500,0.95,False,1.0,0,0.0,99.28157677933838,0,0.0,False,False,False,False,5000.0,500.0
1,100000.0,0,4,3500,0.95,False,1.0,0,0.0,306.33653193933014,0,0.0,False,False,False,False,5000.0,500.0
1,100000.0,0,4,3500,0.95,False,1.0,0,0.0,185.09212842832724,0,0.0,False,False,False,False,5000.0,500.0
1,100000.0,0,4,3500,0.95,False,1.0,0,0.0,175.812096123843,0,0.0,False,False,False,False,5000.0,500.0
1,100000.0,0,4,3500,0.95,False,1.0,0,0.0,303.0834518190065,0,0.0,False,False,False,False,5000.0,500.0
1,100000.0,0,4,3500,0.95,False,1.0,0,0.0,305.78900497802823,0,0.0,False,False,False,False,5000.0,500.0
1,100000.0,0,4,3500,0.95,False,1.0,0,0.0,611.7620232740705,0,0.0,False,False,False,False,5000.0,500.0
1,100000.0,0,4,3500,0.95,False,1.0,0,0.0,167.85791804547685,0,0.0,False,False,False,False,5000.0,500.0
1,100000.0,0,4,3500,0.95,False,1.0,0,0.0,337.0261258748059,0,0.0,False,False,False,False,5000.0,500.0
1,100000.0,0,4,3500,0.95,False,1.0,0,0.0,156.8570439921145,0,0.0,False,False,False,False,5000.0,500.0
1,100000.0,0,4,3500,0.95,False,1.0,0,0.0,299.79159281146764,0,0.0,False,False,False,False,5000.0,500.0
1,100000.0,0,4,3500,0.95,False,1.0,0,0.0,259.62568365742743,0,0.0,False,False,False,False,5000.0,500.0
1,100000.0,0,4,3500,0.95,False,1.0,0,0.0,515.9829958088545,0,0.0,False,False,False,False,5000.0,500.0
1,100000.0,0,4,3500,0.95,False,1.0,0,0.0,108.19729809305916,0,0.0,False,False,False,False,5000.0,500.0
1,100000.0,0,4,3500,0.95,False,1.0,0,0.0,375.93909807763254,0,0.0,False,False,False,False,5000.0,500.0
1,100000.0,0,4,3500,0.95,False,1.0,0,0.0,491.2371918749412,0,0.0,False,False,False,False,5000.0,500.0
1,100000.0,0,4,3500,0.95,False,1.0,0,0.0,96.9777288644521,0,0.0,False,False,False,False,5000.0,500.0
1,100000.0,0,4,3500,0.95,False,1.0,0,0.0,854.0789356434769,0,0.0,False,False,False,False,5000.0,500.0
1,100000.0,0,4,3500,0.95,False,1.0,0,0.0,371.77023223989937,0,0.0,False,False,False,False,5000.0,500.0
1,100000.0,0,4,3500,0.95,False,1.0,0,0.0,177.513706837021,0,0.0,False,False,False,False,5000.0,500.0
1,100000.0,0,4,3500,0.95,False,1.0,0,0.0,29.755626100047117,0,0.0,False,False,False,False,5000.0,500.0
1,100000.0,0,4,3500,0.95,False,1.0,0,0.0,662.1826345765338,0,0.0,False,False,False,False,5000.0,500.0
1,100000.0,0,4,3500,0.95,False,1.0,0,0.0,325.9462175665239,0,0.0,False,False,False,False,5000.0,500.0
1,100000.0,0,4,3500,0.95,False,1.0,0,0.0,367.9935930468057,0,0.0,False,False,False,False,5000.0,500.0
1,100000.0,0,4,3500,0.95,False,1.0,0,0.0,283.260440549657,0,0.0,False,False,False,False,5000.0,500.0
1,100000.0,0,4,3500,0.95,False,1.0,0,0.0,28.820746357469915,0,0.0,False,False,False,False,5000.0,500.0
1,100000.0,0,4,3500,0.95,False,1.0,0,0.0,263.278532726295,0,0.0,False,False,False,False,5000.0,500.0
1,100000.0,0,4,3500,0.95,False,1.0,0,0.0,47.21462426284559,0,0.0,False,False,False,False,5000.0,500.0
1,100000.0,0,4,3500,0.95,False,1.0,0,0.0,538.3443143042755,0,0.0,False,False,False,False,5000.0,500.0
1,100000.0,0,4,3500,0.95,False,1.0,0,0.0,345.3767689653633,0,0.0,False,False,False,False,5000.0,500.0
1,100000.0,0,4,3500,0.95,False,1.0,0,0.0,426.1196831734677,0,0.0,False,False,False,False,5000.0,500.0
1,100000.0,0,4,3500,0.95,False,1.0,0,0.0,148.73279610442276,0,0.0,False,False,False,False,5000.0,500.0
1,100000.0,0,4,3500,0.95,False,1.0,0,0.0,199.08618796909823,0,0.0,False,False,False,False,5000.0,500.0
1,100000.0,0,4,3500,0.95,False,1.0,0,0.0,502.55564409713224,0,0.0,False,False,False,False,5000.0,500.0
1,100000.0,0,4,3500,0.95,False,1.0,0,0.0,200.9856265773227,0,0.0,False,False,False,False,5000.0,500.0
1,100000.0,0,4,3500,0.95,False,1.0,0,0.0,199.78890094031757,0,0.0,False,False,False,False,5000.0,500.0
1,100000.0,0,4,3500,0.95,False,1.0,0,0.0,226.35545391831116,0,0.0,False,False,False,False,5000.0,500.0
1,100000.0,0,4,3500,0.95,False,1.0,0,0.0,83.08296363855143,0,0.0,False,False,False,False,5000.0,500.0
1,100000.0,0,4,3500,0.95,False,1.0,0,0.0,1274.1513815884368,0,0.0,False,False,False,False,5000.0,500.0
1,100000.0,0,4,3500,0.95,False,1.0,0,0.0,321.92052917271,0,0.0,False,False,False,False,5000.0,500.0
1,100000.0,0,4,3500,0.95,False,1.0,0,0.0,424.14140810104624,0,0.0,False,False,False,False,5000.0,500.0
1,100000.0,0,4,3500,0.95,False,1.0,0,0.0,498.73357292344514,0,0.0,False,False,False,False,5000.0,500.0
1,100000.0,0,4,3500,0.95,False,1.0,0,0.0,126.56116071565933,0,0.0,False,False,False,False,5000.0,500.0
1,100000.0,0,4,3500,0.95,False,1.0,0,0.0,323.2184343508853,0,0.0,False,False,False,False,5000.0,500.0
1,100000.0,0,4,3500,0.95,False,1.0,0,0.0,707.1068079431246,0,0.0,False,False,False,False,5000.0,500.0
1,100000.0,0,4,3500,0.95,False,1.0,0,0.0,262.34617304602733,0,0.0,False,False,False,False,5000.0,500.0
1,100000.0,0,4,3500,0.95,False,1.0,0,0.0,351.34388726353865,0,0.0,False,False,False,False,5000.0,500.0
1,100000.0,0,4,3500,0.95,False,1.0,0,0.0,41.840813256849316,0,0.0,False,False,False,False,5000.0,500.0
1,100000.0,0,4,3500,0.95,False,1.0,0,0.0,190.08116432113488,0,0.0,False,False,False,False,5000.0,500.0
1,100000.0,0,4,3500,0.95,False,1.0,0,0.0,368.10306726918355,0,0.0,False,False,False,False,5000.0,500.0
2,100000.0,0,4,3500,0.95,False,1.0,0,0.0,274.3582029419979;259.54757988124453,0,0.0,False,False,False,False,5000.0,500.0
2,100000.0,0,4,3500,0.95,False,1.0,4,0.16666666666666666,1216.2794510651636;609.4952877897125,0,0.0,False,False,False,False,5000.0,500.0
2,100000.0,0,4,3500,0.95,False,1.0,1,0.041666666666666664,643.0296210474295;308.5743181230188,1,0.041666666666666664,False,False,False,False,5000.0,500.0
2,100000.0,0,4,3500,0.95,False,1.0,0,0.0,562.7674898729173;499.55520326517075,0,0.0,False,False,False,False,5000.0,500.0
2,100000.0,0,4,3500,0.95,False,1.0,0,0.0,168.62980399361953;211.74340443006747,0,0.0,False,False,False,False,5000.0,500.0
2,100000.0,0,4,3500,0.95,False,0.5,12,0.5,344.67279638702877,12,0.5,False,False,False,False,5000.0,500.0
2,100000.0,0,4,3500,0.95,False,1.0,0,0.0,88.73345645917155;371.061328421637,0,0.0,False,False,False,False,5000.0,500.0
2,100000.0,0,4,3500,0.95,False,1.0,4,0.16666666666666666,291.20227055742305;495.7630077709614,0,0.0,False,False,False,False,5000.0,500.0
2,100000.0,0,4,3500,0.95,False,1.0,0,0.0,223.02562949078;331.5410526622128,0,0.0,False,False,False,False,5000.0,500.0
2,100000.0,0,4,3500,0.95,False,1.0,2,0.08333333333333333,122.90703701032665;287.00660281803505,0,0.0,False,False,False,False,5000.0,500.0
2,100000.0,0,4,3500,0.95,False,1.0,0,0.0,289.69233953980915;510.7677223714713,0,0.0,False,False,False,False,5000.0,500.0
2,100000.0,0,4,3500,0.95,False,1.0,0,0.0,1080.8528676419317;378.31121759889896,0,0.0,False,False,False,False,5000.0,500.0
2,100000.0,0,4,3500,0.95,False,1.0,2,0.08333333333333333,403.1779907347295;233.07706126986028,0,0.0,False,False,False,False,5000.0,500.0
2,100000.0,0,4,3500,0.95,False,1.0,0,0.0,253.17116418693567;115.7091178693135,0,0.0,False,False,False,False,5000.0,500.0
2,100000.0,0,4,3500,0.95,False,1.0,2,0.08333333333333333,269.3674567151262;337.6973193512446,0,0.0,False,False,False,False,5000.0,500.0
2,100000.0,0,4,3500,0.95,False,1.0,0,0.0,193.36900669829657;239.04522279630234,0,0.0,False,False,False,False,5000.0,500.0
2,100000.0,0,4,3500,0.95,False,1.0,0,0.0,296.2795338361569;336.4312102035674,0,0.0,False,False,False,False,5000.0,500.0
2,100000.0,0,4,3500,0.95,False,1.0,0,0.0,177.1342485628308;389.79743459702456,1,0.041666666666666664,False,False,False,False,5000.0,500.0
2,100000.0,0,4,3500,0.95,False,1.0,8,0.3333333333333333,584.2238892653717;401.6667439332025,0,0.0,False,False,False,False,5000.0,500.0
2,100000.0,0,4,3500,0.95,False,1.0,0,0.0,207.40245438450194;148.43348486314824,0,0.0,False,False,False,False,5000.0,500.0
2,100000.0,0,4,3500,0.95,False,1.0,0,0.0,87.34047131639939;204.12173095664866,0,0.0,False,False,False,False,5000.0,500.0
2,100000.0,0,4,3500,0.95,False,1.0,2,0.08333333333333333,282.8162328107924;222.82561449279316,0,0.0,False,False,False,False,5000.0,500.0
2,100000.0,0,4,3500,0.95,False,1.0,0,0.0,96.96829038195506;637.549816710598,0,0.0,False,False,False,False,5000.0,500.0
2,100000.0,0,4,3500,0.95,False,1.0,2,0.08333333333333333,359.1225284319602;381.7246698900547,1,0.041666666666666664,False,False,False,False,5000.0,500.0
2,100000.0,0,4,3500,0.95,False,1.0,2,0.08333333333333333,553.782881282037;557.2213241416204,0,0.0,False,False,False,False,5000.0,500.0
2,100000.0,0,4,3500,0.95,False,1.0,0,0.0,231.20958214173692;538.426817566939,0,0.0,False,False,False,False,5000.0,500.0
2,100000.0,0,4,3500,0.95,False,1.0,6,0.25,561.3043185340383;390.9524961725677,0,0.0,False,False,False,False,5000.0,500.0
2,100000.0,0,4,3500,0.95,False,1.0,1,0.041666666666666664,539.7506102989313;145.72632009759337,1,0.041666666666666664,False,False,False,False,5000.0,500.0
2,100000.0,0,4,3500,0.95,False,1.0,0,0.0,495.42320266803887;514.7746539258479,0,0.0,False,False,False,False,5000.0,500.0
2,100000.0,0,4,3500,0.95,False,1.0,0,0.0,93.70286296530726;445.44928683186816,0,0.0,False,False,False,False,5000.0,500.0
2,100000.0,0,4,3500,0.95,False,1.0,4,0.16666666666666666,661.8330470738692;1140.157194899918,0,0.0,False,False,False,False,5000.0,500.0
2,100000.0,0,4,3500,0.95,False,1.0,0,0.0,242.64332280809404;100.42737050514823,0,0.0,False,False,False,False,5000.0,500.0
2,100000.0,0,4,3500,0.95,False,1.0,0,0.0,304.4386627966142;839.6859144263748,0,0.0,False,False,False,False,5000.0,500.0
2,100000.0,0,4,3500,0.95,False,1.0,0,0.0,220.7129942520764;225.39452620998742,0,0.0,False,False,False,False,5000.0,500.0
2,100000.0,0,4,3500,0.95,False,1.0,2,0.08333333333333333,419.353919066252;176.54155306967132,0,0.0,False,False,False,False,5000.0,500.0
2,100000.0,0,4,3500,0.95,False,1.0,3,0.125,651.6587549256938;498.26299590357604,1,0.041666666666666664,False,False,False,False,5000.0,500.0
2,100000.0,0,4,3500,0.95,False,1.0,2,0.08333333333333333,546.3994646585392;317.89347711816123,0,0.0,False,False,False,False,5000.0,500.0
2,100000.0,0,4,3500,0.95,False,1.0,0,0.0,170.9059916032398;198.09019031087115,0,0.0,False,False,False,False,5000.0,500.0
2,100000.0,0,4,3500,0.95,False,1.0,0,0.0,228.78614802543638;597.6833449011692,0,0.0,False,False,False,False,5000.0,500.0
2,100000.0,0,4,3500,0.95,False,1.0,4,0.16666666666666666,325.08955835063205;434.6041439463546,0,0.0,False,False,False,False,5000.0,500.0
2,100000.0,0,4,3500,0.95,False,1.0,0,0.0,170.66162397545963;148.06335887662743,0,0.0,False,False,False,False,5000.0,500.0
2,100000.0,0,4,3500,0.95,False,1.0,0,0.0,337.54738811186087;358.6827204423935,0,0.0,False,False,False,False,5000.0,500.0
2,100000.0,0,4,3500,0.95,False,1.0,0,0.0,585.6156599145008;120.68639636957013,0,0.0,False,False,False,False,5000.0,500.0
2,100000.0,0,4,3500,0.95,False,1.0,0,0.0,400.79837024855755;264.7258393648033,0,0.0,False,False,False,False,5000.0,500.0
2,100000.0,0,4,3500,0.95,False,1.0,0,0.0,496.0239014700346;325.99640852955616,0,0.0,False,False,False,False,5000.0,500.0
2,100000.0,0,4,3500,0.95,False,1.0,0,0.0,1268.013752968649;626.4555362995463,0,0.0,False,False,False,False,5000.0,500.0
2,100000.0,0,4,3500,0.95,False,1.0,0,0.0,825.1201691379633;184.5395418046461,0,0.0,False,False,False,False,5000.0,500.0
2,100000.0,0,4,3500,0.95,False,1.0,0,0.0,139.48499013663326;582.2913172500312,0,0.0,False,False,False,False,5000.0,500.0
2,100000.0,0,4,3500,0.95,False,1.0,0,0.0,314.48430070393465;320.5639101494992,0,0.0,False,False,False,False,5000.0,500.0
2,100000.0,0,4,3500,0.95,False,1.0,2,0.08333333333333333,56.162979858200636;388.1060598064185,0,0.0,False,False,False,False,5000.0,500.0
2,100000.0,0,4,3500,0.95,False,1.0,0,0.0,298.4131796158876;826.7132440413275,1,0.041666666666666664,False,False,False,False,5000.0,500.0
2,100000.0,0,4,3500,0.95,False,1.0,2,0.08333333333333333,341.5379999021801;475.1379366982544,0,0.0,False,False,False,False,5000.0,500.0
2,100000.0,0,4,3500,0.95,False,1.0,2,0.08333333333333333,239.49536556774353;245.56281008264247,0,0.0,False,False,False,False,5000.0,500.0
2,100000.0,0,4,3500,0.95,False,1.0,2,0.08333333333333333,312.31349105890195;173.26226756288145,0,0.0,False,False,False,False,5000.0,500.0
2,100000.0,0,4,3500,0.95,False,1.0,0,0.0,208.80640551954252;306.34359995916196,0,0.0,False,False,False,False,5000.0,500.0
2,100000.0,0,4,3500,0.95,False,1.0,0,0.0,369.7489495417155;301.96885600764233,0,0.0,False,False,False,False,5000.0,500.0
2,100000.0,0,4,3500,0.95,False,1.0,2,0.08333333333333333,447.292807375377;153.91155683329828,0,0.0,False,False,False,False,5000.0,500.0
2,100000.0,0,4,3500,0.95,False,1.0,2,0.08333333333333333,658.0695255565694;747.8936906138885,0,0.0,False,False,False,False,5000.0,500.0
2,100000.0,0,4,3500,0.95,False,1.0,0,0.0,64.09891148215647;396.01761081572226,0,0.0,False,False,False,False,5000.0,500.0
2,100000.0,0,4,3500,0.95,False,1.0,0,0.0,301.9702091082789;373.5993042100853,0,0.0,False,False,False,False,5000.0,500.0
2,100000.0,0,4,3500,0.95,False,1.0,0,0.0,87.87165666154773;215.70664594499033,0,0.0,False,False,False,False,5000.0,500.0
2,100000.0,0,4,3500,0.95,False,1.0,0,0.0,409.31804113206636;177.1562734530801,0,0.0,False,False,False,False,5000.0,500.0
2,100000.0,0,4,3500,0.95,False,1.0,0,0.0,46.32923222656721;191.47321917615068,0,0.0,False,False,False,False,5000.0,500.0
2,100000.0,0,4,3500,0.95,False,1.0,2,0.08333333333333333,502.68011483181573;85.30602172186309,0,0.0,False,False,False,False,5000.0,500.0
2,100000.0,0,4,3500,0.95,False,1.0,0,0.0,241.87198722093157;289.84907747989575,1,0.041666666666666664,False,False,False,False,5000.0,500.0
2,100000.0,0,4,3500,0.95,False,1.0,0,0.0,83.78760911993773;365.88356747245956,0,0.0,False,False,False,False,5000.0,500.0
2,100000.0,0,4,3500,0.95,False,1.0,0,0.0,343.928975748987;103.7230466290691,0,0.0,False,False,False,False,5000.0,500.0
2,100000.0,0,4,3500,0.95,False,1.0,0,0.0,345.8371652238901;294.1620510386686,0,0.0,False,False,False,False,5000.0,500.0
2,100000.0,0,4,3500,0.95,False,1.0,0,0.0,306.35220274749764;304.39338472257623,0,0.0,False,False,False,False,5000.0,500.0
2,100000.0,0,4,3500,0.95,False,1.0,6,0.25,195.52973187921557;235.44494574622087,0,0.0,False,False,False,False,5000.0,500.0
2,100000.0,0,4,3500,0.95,False,1.0,0,0.0,290.1775106258611;606.2506690122228,0,0.0,False,False,False,False,5000.0,500.0
2,100000.0,0,4,3500,0.95,False,1.0,0,0.0,100.29676094494077;187.7648291945946,0,0.0,False,False,False,False,5000.0,500.0
2,100000.0,0,4,3500,0.95,False,1.0,2,0.08333333333333333,251.77208995260116;338.35287655873947,0,0.0,False,False,False,False,5000.0,500.0
2,100000.0,0,4,3500,0.95,False,1.0,2,0.08333333333333333,225.822269812813;264.66229113182544,0,0.0,False,False,False,False,5000.0,500.0
2,100000.0,0,4,3500,0.95,False,1.0,4,0.16666666666666666,105.43796523431848;94.04305833838679,0,0.0,False,False,False,False,5000.0,500.0
2,100000.0,0,4,3500,0.95,False,1.0,2,0.08333333333333333,395.47341257289287;944.0125930009882,0,0.0,False,False,False,False,5000.0,500.0
2,100000.0,0,4,3500,0.95,False,1.0,2,0.08333333333333333,403.9146353329559;414.2243561798279,0,0.0,False,False,False,False,5000.0,500.0
2,100000.0,0,4,3500,0.95,False,1.0,0,0.0,430.5915837658751;401.73486473682095,0,0.0,False,False,False,False,5000.0,500.0
2,100000.0,0,4,3500,0.95,False,1.0,0,0.0,252.88749268281884;79.2196175624462,0,0.0,False,False,False,False,5000.0,500.0
2,100000.0,0,4,3500,0.95,False,1.0,2,0.08333333333333333,57.53730316397887;449.12886043893053,0,0.0,False,False,False,False,5000.0,500.0
2,100000.0,0,4,3500,0.95,False,1.0,0,0.0,241.77652054416444;490.5424714525578,0,0.0,False,False,False,False,5000.0,500.0
2,100000.0,0,4,3500,0.95,False,1.0,0,0.0,400.72633806539335;820.9174885210456,0,0.0,False,False,False,False,5000.0,500.0
2,100000.0,0,4,3500,0.95,False,1.0,2,0.08333333333333333,215.5325332264142;176.3550168469525,0,0.0,False,False,False,False,5000.0,500.0
2,100000.0,0,4,3500,0.95,False,1.0,0,0.0,102.96392643497569;522.6883872674993,1,0.041666666666666664,False,False,False,False,5000.0,500.0
2,100000.0,0,4,3500,0.95,False,1.0,0,0.0,117.45145828149727;173.25627776377473,1,0.041666666666666664,False,False,False,False,5000.0,500.0
2,100000.0,0,4,3500,0.95,False,1.0,0,0.0,440.72335098422985;208.65863663812678,2,0.08333333333333333,False,False,False,False,5000.0,500.0
2,100000.0,0,4,3500,0.95,False,1.0,4,0.16666666666666666,1131.6065019738346;400.41627324962485,0,0.0,False,False,False,False,5000.0,500.0
2,100000.0,0,4,3500,0.95,False,1.0,0,0.0,26.413219719896546;386.5488500115932,0,0.0,False,False,False,False,5000.0,500.0
2,100000.0,0,4,3500,0.95,False,1.0,2,0.08333333333333333,299.6535669030995;79.54869112825914,0,0.0,False,False,False,False,5000.0,500.0
2,100000.0,0,4,3500,0.95,False,1.0,1,0.041666666666666664,128.7956258474233;358.96554108658194,1,0.041666666666666664,False,False,False,False,5000.0,500.0
2,100000.0,0,4,3500,0.95,False,1.0,0,0.0,176.6062201322779;605.2450539118724,0,0.0,False,False,False,False,5000.0,500.0
2,100000.0,0,4,3500,0.95,False,1.0,0,0.0,113.0697100278828;151.9562694673327,0,0.0,False,False,False,False,5000.0,500.0
2,100000.0,0,4,3500,0.95,False,1.0,0,0.0,286.62240095181875;163.30184732367042,0,0.0,False,False,False,False,5000.0,500.0
2,100000.0,0,4,3500,0.95,False,1.0,2,0.08333333333333333,46.26809948235813;510.8611071570102,0,0.0,False,False,False,False,5000.0,500.0
2,100000.0,0,4,3500,0.95,False,1.0,0,0.0,349.0976891966691;77.50313085455065,0,0.0,False,False,False,False,5000.0,500.0
2,100000.0,0,4,3500,0.95,False,1.0,0,0.0,406.3483720388958;211.8573487914289,0,0.0,False,False,False,False,5000.0,500.0
2,100000.0,0,4,3500,0.95,False,1.0,0,0.0,311.2317298257436;30.13096306950962,0,0.0,False,False,False,False,5000.0,500.0
2,100000.0,0,4,3500,0.95,False,1.0,0,0.0,101.56019229683297;252.1064024091363,1,0.041666666666666664,False,False,False,False,5000.0,500.0
2,100000.0,0,4,3500,0.95,False,1.0,0,0.0,370.55093851579534;311.2938222889662,0,0.0,False,False,False,False,5000.0,500.0
2,100000.0,0,4,3500,0.95,False,1.0,2,0.08333333333333333,368.5460590613516;142.53706851445378,0,0.0,False,False,False,False,5000.0,500.0
2,100000.0,0,4,3500,0.95,False,1.0,0,0.0,259.05444178460283;318.4409017336874,0,0.0,False,False,False,False,5000.0,500.0
2,100000.0,0,4,3500,0.95,False,1.0,0,0.0,198.79827133865828;490.317171744835,0,0.0,False,False,False,False,5000.0,500.0
2,100000.0,0,4,3500,0.95,False,1.0,0,0.0,181.42539129807068;590.6187236708668,0,0.0,False,False,False,False,5000.0,500.0
2,100000.0,0,4,3500,0.95,False,1.0,0,0.0,170.22993820956842;75.62084555713446,0,0.0,False,False,False,False,5000.0,500.0
2,100000.0,0,4,3500,0.95,False,1.0,0,0.0,266.2918842196708;263.7230814061598,0,0.0,False,False,False,False,5000.0,500.0
2,100000.0,0,4,3500,0.95,False,1.0,2,0.08333333333333333,49.22888399167278;185.85806822286705,0,0.0,False,False,False,False,5000.0,500.0
2,100000.0,0,4,3500,0.95,False,1.0,4,0.16666666666666666,176.1504835845177;152.5096159693967,0,0.0,False,False,False,False,5000.0,500.0
2,100000.0,0,4,3500,0.95,False,1.0,2,0.08333333333333333,94.31727297055801;380.3792420920123,0,0.0,False,False,False,False,5000.0,500.0
2,100000.0,0,4,3500,0.95,False,1.0,2,0.08333333333333333,574.550308575224;166.90651919352396,0,0.0,False,False,False,False,5000.0,500.0
2,100000.0,0,4,3500,0.95,False,1.0,0,0.0,207.04699309033847;426.0738079107134,0,0.0,False,False,False,False,5000.0,500.0
2,100000.0,0,4,3500,0.95,False,1.0,0,0.0,393.19843380868616;219.11645468491758,0,0.0,False,False,False,False,5000.0,500.0
2,100000.0,0,4,3500,0.95,False,1.0,0,0.0,728.6951349813488;424.38963023288534,0,0.0,False,False,False,False,5000.0,500.0
2,100000.0,0,4,3500,0.95,False,1.0,0,0.0,682.8607796268847;277.3662183659588,0,0.0,False,False,False,False,5000.0,500.0
2,100000.0,0,4,3500,0.95,False,1.0,8,0.3333333333333333,207.26810607955855;271.27146128434737,0,0.0,False,False,False,False,5000.0,500.0
2,100000.0,0,4,3500,0.95,False,1.0,0,0.0,678.1058886814986;257.34922113042,0,0.0,False,False,False,False,5000.0,500.0
2,100000.0,0,4,3500,0.95,False,1.0,0,0.0,617.009132670072;101.22053373931149,0,0.0,False,False,False,False,5000.0,500.0
2,100000.0,0,4,3500,0.95,False,1.0,0,0.0,144.01681900008805;263.5236818751334,1,0.041666666666666664,False,False,False,False,5000.0,500.0
2,100000.0,0,4,3500,0.95,False,1.0,2,0.08333333333333333,372.4631127576083;149.85386465048518,1,0.041666666666666664,False,False,False,False,5000.0,500.0
2,100000.0,0,4,3500,0.95,False,1.0,0,0.0,188.23798331425894;83.33735292064607,0,0.0,False,False,False,False,5000.0,500.0
2,100000.0,0,4,3500,0.95,False,1.0,2,0.08333333333333333,304.25017773500684;21.729320412319996,0,0.0,False,False,False,False,5000.0,500.0
2,100000.0,0,4,3500,0.95,False,1.0,2,0.08333333333333333,696.4587660788461;641.0680861364378,0,0.0,False,False,False,False,5000.0,500.0
2,100000.0,0,4,3500,0.95,False,1.0,2,0.08333333333333333,207.56371365827601;517.4025691483374,0,0.0,False,False,False,False,5000.0,500.0
2,100000.0,0,4,3500,0.95,False,1.0,0,0.0,315.3536170008969;292.27749954102717,0,0.0,False,False,False,False,5000.0,500.0
2,100000.0,0,4,3500,0.95,False,1.0,0,0.0,470.661968755067;371.4982709308841,0,0.0,False,False,False,False,5000.0,500.0
2,100000.0,0,4,3500,0.95,False,1.0,0,0.0,419.60784274999804;609.0458814002955,0,0.0,False,False,False,False,5000.0,500.0
2,100000.0,0,4,3500,0.95,False,1.0,2,0.08333333333333333,180.34928990574403;386.161715042708,0,0.0,False,False,False,False,5000.0,500.0
2,100000.0,0,4,3500,0.95,False,1.0,0,0.0,213.68257238662238;314.60855947589573,0,0.0,False,False,False,False,5000.0,500.0
2,100000.0,0,4,3500,0.95,False,1.0,0,0.0,206.72136747821557;388.9355602902197,0,0.0,False,False,False,False,5000.0,500.0
2,100000.0,0,4,3500,0.95,False,1.0,0,0.0,299.61777772714584;131.7692110047576,0,0.0,False,False,False,False,5000.0,500.0
2,100000.0,0,4,3500,0.95,False,1.0,2,0.08333333333333333,382.94644639435535;268.4838154936528,0,0.0,False,False,False,False,5000.0,500.0
2,100000.0,0,4,3500,0.95,False,1.0,0,0.0,765.5568077393746;155.18491894652806,0,0.0,False,False,False,False,5000.0,500.0
2,100000.0,0,4,3500,0.95,False,1.0,0,0.0,346.8745795607882;242.84034456978858,0,0.0,False,False,False,False,5000.0,500.0
2,100000.0,0,4,3500,0.95,False,1.0,0,0.0,72.2633740453289;243.28870758234996,0,0.0,False,False,False,False,5000.0,500.0
2,100000.0,0,4,3500,0.95,False,1.0,2,0.08333333333333333,238.9761717356423;369.0788986086005,0,0.0,False,False,False,False,5000.0,500.0
2,100000.0,0,4,3500,0.95,False,1.0,1,0.041666666666666664,306.77066577763054;311.56659557884177,1,0.041666666666666664,False,False,False,False,5000.0,500.0
2,100000.0,0,4,3500,0.95,False,1.0,2,0.08333333333333333,209.08732496970163;205.54816244701448,0,0.0,False,False,False,False,5000.0,500.0
2,100000.0,0,4,3500,0.95,False,1.0,0,0.0,242.89807263923143;155.23159036156872,0,0.0,False,False,False,False,5000.0,500.0
2,100000.0,0,4,3500,0.95,False,1.0,0,0.0,158.8633185444142;114.98749186020935,0,0.0,False,False,False,False,5000.0,500.0
2,100000.0,0,4,3500,0.95,False,1.0,0,0.0,679.1163257471488;283.03293445353995,1,0.041666666666666664,False,False,False,False,5000.0,500.0
2,100000.0,0,4,3500,0.95,False,1.0,4,0.16666666666666666,472.0488826228361;254.5623993626585,0,0.0,False,False,False,False,5000.0,500.0
2,100000.0,0,4,3500,0.95,False,1.0,2,0.08333333333333333,166.6939078454389;422.50495220120195,0,0.0,False,False,False,False,5000.0,500.0
2,100000.0,0,4,3500,0.95,False,1.0,2,0.08333333333333333,269.5300803099855;248.42229592018614,0,0.0,False,False,False,False,5000.0,500.0
2,100000.0,0,4,3500,0.95,False,1.0,2,0.08333333333333333,437.14219644456693;705.9436905898556,0,0.0,False,False,False,False,5000.0,500.0
2,100000.0,0,4,3500,0.95,False,1.0,0,0.0,291.13723580941524;586.6168485450199,1,0.041666666666666664,False,False,False,False,5000.0,500.0
2,100000.0,0,4,3500,0.95,False,1.0,0,0.0,536.7395628095295;233.61130792135936,0,0.0,False,False,False,False,5000.0,500.0
2,100000.0,0,4,3500,0.95,False,1.0,0,0.0,382.6052735744865;98.27490181149173,0,0.0,False,False,False,False,5000.0,500.0
2,100000.0,0,4,3500,0.95,False,1.0,0,0.0,88.85596748496306;531.4250748517677,0,0.0,False,False,False,False,5000.0,500.0
2,100000.0,0,4,3500,0.95,False,1.0,2,0.08333333333333333,136.84418436370024;405.55201698656003,0,0.0,False,False,False,False,5000.0,500.0
2,100000.0,0,4,3500,0.95,False,1.0,0,0.0,538.3306539448752;182.89456777038183,2,0.08333333333333333,False,False,False,False,5000.0,500.0
2,100000.0,0,4,3500,0.95,False,1.0,4,0.16666666666666666,390.6175816987687;617.3862682314849,0,0.0,False,False,False,False,5000.0,500.0
3,100000.0,0,4,3500,0.95,False,1.0,2,0.05555555555555555,263.0684882533491;446.7265622450648;507.859688178999,2,0.05555555555555555,False,False,False,False,5000.0,500.0
3,100000.0,0,4,3500,0.95,False,1.0,2,0.05555555555555555,269.76418834781873;431.98348314159347;213.95713575771984,0,0.0,False,False,False,False,5000.0,500.0
3,100000.0,0,4,3500,0.95,False,1.0,4,0.1111111111111111,465.4126005591778;165.3169590810637;690.6915856194088,1,0.027777777777777776,False,False,False,False,5000.0,500.0
3,100000.0,0,4,3500,0.95,False,1.0,1,0.027777777777777776,51.6431719465276;166.16869212781555;218.71966435001346,4,0.1111111111111111,False,False,False,False,5000.0,500.0
3,100000.0,0,4,3500,0.95,False,1.0,0,0.0,174.42859803256124;697.0070959601811;185.3175024809833,0,0.0,False,False,False,False,5000.0,500.0
3,100000.0,0,4,3500,0.95,False,1.0,7,0.19444444444444445,672.2383950046603;1243.5059779603337;506.7389524059589,0,0.0,False,False,False,False,5000.0,500.0
3,100000.0,0,4,3500,0.95,False,1.0,0,0.0,88.34624688953083;147.83643315858532;190.86298846535018,0,0.0,False,False,False,False,5000.0,500.0
3,100000.0,0,4,3500,0.95,False,1.0,0,0.0,323.3452038069923;160.43141835842158;535.653720512622,0,0.0,False,False,False,False,5000.0,500.0
3,100000.0,0,4,3500,0.95,False,0.6666666666666666,13,0.3611111111111111,326.59340073548367;311.36159684340953,12,0.3333333333333333,False,False,False,False,5000.0,500.0
3,100000.0,0,4,3500,0.95,False,1.0,3,0.08333333333333333,685.5539682692429;291.94614768367086;144.0981354211471,4,0.1111111111111111,False,False,False,False,5000.0,500.0
3,100000.0,0,4,3500,0.95,False,1.0,4,0.1111111111111111,341.662415317492;154.72540521487102;479.1152221028001,5,0.1388888888888889,False,False,False,False,5000.0,500.0
3,100000.0,0,4,3500,0.95,False,1.0,0,0.0,397.9527218058457;932.0586244708314;282.4349524455814,2,0.05555555555555555,False,False,False,False,5000.0,500.0
3,100000.0,0,4,3500,0.95,False,1.0,2,0.05555555555555555,279.66474884742985;124.47058086927089;55.60555354638511,2,0.05555555555555555,False,False,False,False,5000.0,500.0
3,100000.0,0,4,3500,0.95,False,1.0,0,0.0,419.26862924251213;213.28012828754493;398.41664455481305,6,0.16666666666666666,False,False,False,False,5000.0,500.0
3,100000.0,0,4,3500,0.95,False,1.0,1,0.027777777777777776,312.21715232341705;472.1633354550055;279.8165603133897,5,0.1388888888888889,False,False,False,False,5000.0,500.0
3,100000.0,0,4,3500,0.95,False,1.0,6,0.16666666666666666,506.6967573347458;349.27310886304;1028.7844836076993,1,0.027777777777777776,False,False,False,False,5000.0,500.0
3,100000.0,0,4,3500,0.95,False,1.0,5,0.1388888888888889,647.757596766485;131.94729471845713;246.10564621806927,2,0.05555555555555555,False,False,False,False,5000.0,500.0
3,100000.0,0,4,3500,0.95,False,1.0,5,0.1388888888888889,370.7422307588447;206.36957249230326;495.7515199151373,1,0.027777777777777776,False,False,False,False,5000.0,500.0
3,100000.0,0,4,3500,0.95,False,1.0,0,0.0,284.72046814573775;905.9987768522869;431.5958807044273,0,0.0,False,False,False,False,5000.0,500.0
3,100000.0,0,4,3500,0.95,False,0.6666666666666666,12,0.3333333333333333,1401.4445042900118;150.30517878070341,12,0.3333333333333333,False,False,False,False,5000.0,500.0
3,100000.0,0,4,3500,0.95,False,0.6666666666666666,13,0.3611111111111111,2766.593374530552;273.42826397163003,12,0.3333333333333333,False,False,False,False,5000.0,500.0
3,100000.0,0,4,3500,0.95,False,1.0,1,0.027777777777777776,348.1869902935329;312.9875396520888;100.28490909737873,4,0.1111111111111111,False,False,False,False,5000.0,500.0
3,100000.0,0,4,3500,0.95,False,0.6666666666666666,11,0.3055555555555556,42.92604053324808;838.4018755371831,13,0.3611111111111111,False,False,False,False,5000.0,500.0
3,100000.0,0,4,3500,0.95,False,1.0,1,0.027777777777777776,124.66028801358156;558.3045881361505;474.02467047035566,4,0.1111111111111111,False,False,False,False,5000.0,500.0
3,100000.0,0,4,3500,0.95,False,0.6666666666666666,13,0.3611111111111111,2877.179122813174;357.373472202711,12,0.3333333333333333,False,False,False,False,5000.0,500.0
3,100000.0,0,4,3500,0.95,False,1.0,1,0.027777777777777776,709.8540996369627;295.19421376166935;305.24773622355406,4,0.1111111111111111,False,False,False,False,5000.0,500.0
3,100000.0,0,4,3500,0.95,False,1.0,2,0.05555555555555555,374.1325159410046;952.8453829705502;33.452680427022266,1,0.027777777777777776,False,False,False,False,5000.0,500.0
3,100000.0,0,4,3500,0.95,False,1.0,4,0.1111111111111111,163.81687829612784;397.1561600127142;450.3631420598163,4,0.1111111111111111,False,False,False,False,5000.0,500.0
3,100000.0,0,4,3500,0.95,False,0.6666666666666666,12,0.3333333333333333,507.9622250443032;374.27994368306435,12,0.3333333333333333,False,False,False,False,5000.0,500.0
3,100000.0,0,4,3500,0.95,False,0.6666666666666666,13,0.3611111111111111,201.29506346954807;1376.5148804317998,12,0.3333333333333333,False,False,False,False,5000.0,500.0
3,100000.0,0,4,3500,0.95,False,1.0,4,0.1111111111111111,328.94213159294674;453.6918727991743;331.1934702624494,0,0.0,False,False,False,False,5000.0,500.0
3,100000.0,0,4,3500,0.95,False,1.0,4,0.1111111111111111,505.7236695205635;542.5065458157159;165.55466689411483,3,0.08333333333333333,False,False,False,False,5000.0,500.0
3,100000.0,0,4,3500,0.95,False,1.0,2,0.05555555555555555,86.92442981340793;377.49564785823674;821.1267124695879,0,0.0,False,False,False,False,5000.0,500.0
3,100000.0,0,4,3500,0.95,False,1.0,0,0.0,247.59758478343244;315.32208406453043;204.58576902532056,1,0.027777777777777776,False,False,False,False,5000.0,500.0
3,100000.0,0,4,3500,0.95,False,0.6666666666666666,13,0.3611111111111111,163.9300379450168;371.32617755099596,12,0.3333333333333333,False,False,False,False,5000.0,500.0
3,100000.0,0,4,3500,0.95,False,0.6666666666666666,12,0.3333333333333333,949.7309844578401;259.52959028473714,12,0.3333333333333333,False,False,False,False,5000.0,500.0
3,100000.0,0,4,3500,0.95,False,0.6666666666666666,13,0.3611111111111111,1821.333206133936;364.9332707011151,12,0.3333333333333333,False,False,False,False,5000.0,500.0
3,100000.0,0,4,3500,0.95,False,1.0,0,0.0,537.3333930821663;61.78868340549416;562.4172001530146,6,0.16666666666666666,False,False,False,False,5000.0,500.0
3,100000.0,0,4,3500,0.95,False,1.0,0,0.0,192.17677932545126;148.13838669154237;475.5233467623551,0,0.0,False,False,False,False,5000.0,500.0
3,100000.0,0,4,3500,0.95,False,1.0,1,0.027777777777777776,824.0272621451498;416.387146615289;67.51775113509731,2,0.05555555555555555,False,False,False,False,5000.0,500.0
3,100000.0,0,4,3500,0.95,False,0.6666666666666666,13,0.3611111111111111,63.06204639826159;516.0820045346409,12,0.3333333333333333,False,False,False,False,5000.0,500.0
3,100000.0,0,4,3500,0.95,False,1.0,1,0.027777777777777776,839.9907609591673;599.2761331733211;846.9739159902816,2,0.05555555555555555,False,False,False,False,5000.0,500.0
3,100000.0,0,4,3500,0.95,False,1.0,1,0.027777777777777776,634.410679798875;957.5806829963013;504.06973154725193,3,0.08333333333333333,False,False,False,False,5000.0,500.0
3,100000.0,0,4,3500,0.95,False,1.0,0,0.0,393.1217262651273;225.1163106947101;619.0618155642446,5,0.1388888888888889,False,False,False,False,5000.0,500.0
3,100000.0,0,4,3500,0.95,False,1.0,2,0.05555555555555555,305.15302075384653;416.6093502040305;285.5137855563929,0,0.0,False,False,False,False,5000.0,500.0
3,100000.0,0,4,3500,0.95,False,1.0,2,0.05555555555555555,72.2998355698525;637.9275425894834;761.9381879767623,2,0.05555555555555555,False,False,False,False,5000.0,500.0
3,100000.0,0,4,3500,0.95,False,1.0,2,0.05555555555555555,147.48426036873246;121.64075172811289;217.64216797038273,2,0.05555555555555555,False,False,False,False,5000.0,500.0
3,100000.0,0,4,3500,0.95,False,1.0,0,0.0,61.674051359293095;283.840433134806;569.0354057140893,0,0.0,False,False,False,False,5000.0,500.0
3,100000.0,0,4,3500,0.95,False,1.0,0,0.0,85.84851673133385;341.0493135147193;584.251521816437,1,0.027777777777777776,False,False,False,False,5000.0,500.0
3,100000.0,0,4,3500,0.95,False,1.0,4,0.1111111111111111,178.89965839412213;180.6124739746939;265.7478626384991,0,0.0,False,False,False,False,5000.0,500.0
3,100000.0,0,4,3500,0.95,False,1.0,0,0.0,77.3944922936385;437.71968477432756;171.82689684855703,1,0.027777777777777776,False,False,False,False,5000.0,500.0
3,100000.0,0,4,3500,0.95,False,1.0,1,0.027777777777777776,172.43098379504025;264.3177737008261;89.19361108865951,5,0.1388888888888889,False,False,False,False,5000.0,500.0
3,100000.0,0,4,3500,0.95,False,1.0,0,0.0,168.77316044388175;297.48838279969317;384.55015642113386,0,0.0,False,False,False,False,5000.0,500.0
3,100000.0,0,4,3500,0.95,False,1.0,2,0.05555555555555555,283.7648442696407;319.7833673812922;565.1088893985071,0,0.0,False,False,False,False,5000.0,500.0
3,100000.0,0,4,3500,0.95,False,1.0,0,0.0,210.44603129592886;499.58263419882445;87.04649529373447,2,0.05555555555555555,False,False,False,False,5000.0,500.0
3,100000.0,0,4,3500,0.95,False,1.0,0,0.0,503.1245402788848;148.82790888275323;109.37284172391668,0,0.0,False,False,False,False,5000.0,500.0
3,100000.0,0,4,3500,0.95,False,1.0,4,0.1111111111111111,483.2615751601511;347.9484158069811;552.7737014476681,2,0.05555555555555555,False,False,False,False,5000.0,500.0
3,100000.0,0,4,3500,0.95,False,1.0,0,0.0,84.08216948988475;493.5610516760575;165.08693467075142,0,0.0,False,False,False,False,5000.0,500.0
3,100000.0,0,4,3500,0.95,False,0.6666666666666666,13,0.3611111111111111,128.9794700445132;1063.0308921245282,12,0.3333333333333333,False,False,False,False,5000.0,500.0
3,100000.0,0,4,3500,0.95,False,1.0,0,0.0,346.44083493859733;126.46108442365981;759.5579533950275,0,0.0,False,False,False,False,5000.0,500.0
3,100000.0,0,4,3500,0.95,False,1.0,2,0.05555555555555555,385.4552686565194;102.01279471347384;554.7429916022073,3,0.08333333333333333,False,False,False,False,5000.0,500.0
3,100000.0,0,4,3500,0.95,False,0.6666666666666666,14,0.3888888888888889,291.93984773096537;514.6630400157159,12,0.3333333333333333,False,False,False,False,5000.0,500.0
3,100000.0,0,4,3500,0.95,False,1.0,0,0.0,417.5826591728365;120.78323971072959;124.05086850898836,4,0.1111111111111111,False,False,False,False,5000.0,500.0
3,100000.0,0,4,3500,0.95,False,0.6666666666666666,15,0.4166666666666667,251.3883282081602;1124.458200915427,12,0.3333333333333333,False,False,False,False,5000.0,500.0
3,100000.0,0,4,3500,0.95,False,0.6666666666666666,12,0.3333333333333333,355.0757064692591;748.5873455118344,12,0.3333333333333333,False,False,False,False,5000.0,500.0
3,100000.0,0,4,3500,0.95,False,1.0,1,0.027777777777777776,541.4274110678593;147.97904226247854;377.5802443026361,1,0.027777777777777776,False,False,False,False,5000.0,500.0
3,100000.0,0,4,3500,0.95,False,1.0,1,0.027777777777777776,132.83686472539182;109.28840046510577;120.59203568805682,2,0.05555555555555555,False,False,False,False,5000.0,500.0
3,100000.0,0,4,3500,0.95,False,1.0,2,0.05555555555555555,241.88163046845162;246.87507041573284;684.3058056858055,1,0.027777777777777776,False,False,False,False,5000.0,500.0
3,100000.0,0,4,3500,0.95,False,1.0,1,0.027777777777777776,731.8484773615527;89.38571527141961;485.54111962440186,3,0.08333333333333333,False,False,False,False,5000.0,500.0
3,100000.0,0,4,3500,0.95,False,1.0,4,0.1111111111111111,278.95682542293935;100.70327079868103;152.29058650333118,5,0.1388888888888889,False,False,False,False,5000.0,500.0
3,100000.0,0,4,3500,0.95,False,1.0,1,0.027777777777777776,67.73448149598941;342.31352438103636;283.09105053182117,3,0.08333333333333333,False,False,False,False,5000.0,500.0
3,100000.0,0,4,3500,0.95,False,1.0,0,0.0,110.74622380985248;775.1071297441199;347.45455150527715,3,0.08333333333333333,False,False,False,False,5000.0,500.0
3,100000.0,0,4,3500,0.95,False,1.0,0,0.0,346.8119402537205;58.440948245386494;656.783284521062,1,0.027777777777777776,False,False,False,False,5000.0,500.0
3,100000.0,0,4,3500,0.95,False,0.6666666666666666,14,0.3888888888888889,370.2910686548976;2325.142289571671,12,0.3333333333333333,False,False,False,False,5000.0,500.0
3,100000.0,0,4,3500,0.95,False,1.0,3,0.08333333333333333,456.39344805799544;253.07934052710416;301.5522873533507,4,0.1111111111111111,False,False,False,False,5000.0,500.0
3,100000.0,0,4,3500,0.95,False,1.0,6,0.16666666666666666,468.09577986606143;372.6685658662943;523.5527493669273,0,0.0,False,False,False,False,5000.0,500.0
3,100000.0,0,4,3500,0.95,False,1.0,2,0.05555555555555555,230.07221771644546;232.1971647816368;220.08928718595058,1,0.027777777777777776,False,False,False,False,5000.0,500.0
3,100000.0,0,4,3500,0.95,False,1.0,4,0.1111111111111111,419.08544681200135;364.6985321200953;362.75995367342125,1,0.027777777777777776,False,False,False,False,5000.0,500.0
3,100000.0,0,4,3500,0.95,False,1.0,1,0.027777777777777776,141.45845813511346;188.13587283548034;151.76428434923483,5,0.1388888888888889,False,False,False,False,5000.0,500.0
3,100000.0,0,4,3500,0.95,False,1.0,0,0.0,193.92691315354014;352.1439536498855;138.3907659467273,4,0.1111111111111111,False,False,False,False,5000.0,500.0
3,100000.0,0,4,3500,0.95,False,1.0,2,0.05555555555555555,158.12949178024863;330.48516425344536;311.19329507339273,1,0.027777777777777776,False,False,False,False,5000.0,500.0
3,100000.0,0,4,3500,0.95,False,1.0,2,0.05555555555555555,217.58022390736764;189.93586279973735;80.77726513811888,0,0.0,False,False,False,False,5000.0,500.0
3,100000.0,0,4,3500,0.95,False,1.0,0,0.0,369.2160107226735;272.9433157342466;62.45337457818854,1,0.027777777777777776,False,False,False,False,5000.0,500.0
3,100000.0,0,4,3500,0.95,False,1.0,0,0.0,156.67187086622107;308.2947139935821;85.05100471124197,1,0.027777777777777776,False,False,False,False,5000.0,500.0
3,100000.0,0,4,3500,0.95,False,0.6666666666666666,13,0.3611111111111111,609.0953025893517;2532.5999205569806,12,0.3333333333333333,False,False,False,False,5000.0,500.0
3,100000.0,0,4,3500,0.95,False,1.0,4,0.1111111111111111,164.69204503208763;590.4943092914458;280.7849043636539,3,0.08333333333333333,False,False,False,False,5000.0,500.0
3,100000.0,0,4,3500,0.95,False,0.6666666666666666,12,0.3333333333333333,837.3002092452773;334.43696498133954,12,0.3333333333333333,False,False,False,False,5000.0,500.0
3,100000.0,0,4,3500,0.95,False,0.6666666666666666,12,0.3333333333333333,301.3245083781483;52.29710647911206,12,0.3333333333333333,False,False,False,False,5000.0,500.0
3,100000.0,0,4,3500,0.95,False,1.0,4,0.1111111111111111,372.71599320152563;462.19219711284995;242.30651425370309,5,0.1388888888888889,False,False,False,False,5000.0,500.0
3,100000.0,0,4,3500,0.95,False,1.0,0,0.0,366.30117254242236;283.21747012325994;222.61781569148775,2,0.05555555555555555,False,False,False,False,5000.0,500.0
3,100000.0,0,4,3500,0.95,False,1.0,2,0.05555555555555555,102.31168287764014;267.16275556579444;563.5461372560536,0,0.0,False,False,False,False,5000.0,500.0
3,100000.0,0,4,3500,0.95,False,1.0,1,0.027777777777777776,301.73460285210047;716.6748892938901;885.4237278315545,2,0.05555555555555555,False,False,False,False,5000.0,500.0
3,100000.0,0,4,3500,0.95,False,1.0,2,0.05555555555555555,258.0233858452494;337.5954592848249;421.6835121018638,2,0.05555555555555555,False,False,False,False,5000.0,500.0
3,100000.0,0,4,3500,0.95,False,1.0,2,0.05555555555555555,381.9930644023791;205.79877793420772;447.7562381785794,1,0.027777777777777776,False,False,False,False,5000.0,500.0
3,100000.0,0,4,3500,0.95,False,1.0,0,0.0,902.9774404851474;342.50769143211727;791.1326725154713,1,0.027777777777777776,False,False,False,False,5000.0,500.0
3,100000.0,0,4,3500,0.95,False,1.0,0,0.0,385.87721736456535;113.30768899336896;696.0557521658491,2,0.05555555555555555,False,False,False,False,5000.0,500.0
3,100000.0,0,4,3500,0.95,False,0.6666666666666666,15,0.4166666666666667,150.217156798873;65.69577442741902,12,0.3333333333333333,False,False,False,False,5000.0,500.0
3,100000.0,0,4,3500,0.95,False,0.6666666666666666,15,0.4166666666666667,2935.9057492105217;6.973464198808649,12,0.3333333333333333,False,False,False,False,5000.0,500.0
3,100000.0,0,4,3500,0.95,False,1.0,7,0.19444444444444445,1462.5294555886337;2092.4185014566774;320.8451371107559,2,0.05555555555555555,False,False,False,False,5000.0,500.0
3,100000.0,0,4,3500,0.95,False,1.0,3,0.08333333333333333,149.90183503052305;846.0339708388126;339.20899777502103,2,0.05555555555555555,False,False,False,False,5000.0,500.0
3,100000.0,0,4,3500,0.95,False,0.6666666666666666,14,0.3888888888888889,104.51692091958046;563.5643352650881,12,0.3333333333333333,False,False,False,False,5000.0,500.0
3,100000.0,0,4,3500,0.95,False,1.0,5,0.1388888888888889,305.02764155724304;646.867972166992;175.91627962112798,6,0.16666666666666666,False,False,False,False,5000.0,500.0
3,100000.0,0,4,3500,0.95,False,1.0,5,0.1388888888888889,190.22994131288692;361.588736973901;755.4296923181735,6,0.16666666666666666,False,False,False,False,5000.0,500.0
3,100000.0,0,4,3500,0.95,False,0.6666666666666666,12,0.3333333333333333,478.07422517117834;446.2148244808187,12,0.3333333333333333,False,False,False,False,5000.0,500.0
3,100000.0,0,4,3500,0.95,False,0.6666666666666666,15,0.4166666666666667,807.4649110129087;243.18371486959737,12,0.3333333333333333,False,False,False,False,5000.0,500.0
3,100000.0,0,4,3500,0.95,False,1.0,0,0.0,190.69702621663205;216.6536353586075;223.39550445710537,5,0.1388888888888889,False,False,False,False,5000.0,500.0
3,100000.0,0,4,3500,0.95,False,0.6666666666666666,13,0.3611111111111111,1276.1481978507284;418.8671996950284,12,0.3333333333333333,False,False,False,False,5000.0,500.0
3,100000.0,0,4,3500,0.95,False,1.0,4,0.1111111111111111,619.4700712890021;226.21239268838588;201.51810393136108,0,0.0,False,False,False,False,5000.0,500.0
3,100000.0,0,4,3500,0.95,False,1.0,8,0.2222222222222222,617.8201419827516;867.1639088152867;119.3780905517541,0,0.0,False,False,False,False,5000.0,500.0
3,100000.0,0,4,3500,0.95,False,1.0,3,0.08333333333333333,731.3257436674655;215.51300730275977;402.9935423278343,4,0.1111111111111111,False,False,False,False,5000.0,500.0
3,100000.0,0,4,3500,0.95,False,1.0,1,0.027777777777777776,254.47734323812418;394.90949607520594;300.32695994141426,4,0.1111111111111111,False,False,False,False,5000.0,500.0
3,100000.0,0,4,3500,0.95,False,1.0,1,0.027777777777777776,90.93526606014257;87.39125209821356;511.98576872016724,5,0.1388888888888889,False,False,False,False,5000.0,500.0
3,100000.0,0,4,3500,0.95,False,1.0,0,0.0,250.27624212844057;405.4566433242625;333.40756147881285,1,0.027777777777777776,False,False,False,False,5000.0,500.0
3,100000.0,0,4,3500,0.95,False,1.0,0,0.0,94.14790217176024;309.9027995138658;421.913430609443,2,0.05555555555555555,False,False,False,False,5000.0,500.0
3,100000.0,0,4,3500,0.95,False,1.0,0,0.0,207.88727562982223;328.5327019695772;651.1649775953626,0,0.0,False,False,False,False,5000.0,500.0
3,100000.0,0,4,3500,0.95,False,1.0,0,0.0,188.02653982103917;313.44061695871306;62.40453200896873,4,0.1111111111111111,False,False,False,False,5000.0,500.0
3,100000.0,0,4,3500,0.95,False,1.0,0,0.0,356.0772380332335;137.8379651830229;133.40042115142654,0,0.0,False,False,False,False,5000.0,500.0
3,100000.0,0,4,3500,0.95,False,1.0,2,0.05555555555555555,55.499099777165;325.19526302994245;249.7552397037314,0,0.0,False,False,False,False,5000.0,500.0
3,100000.0,0,4,3500,0.95,False,0.6666666666666666,13,0.3611111111111111,201.37315165981403;6311.180466185823,12,0.3333333333333333,False,False,False,False,5000.0,500.0
3,100000.0,0,4,3500,0.95,False,0.6666666666666666,15,0.4166666666666667,644.2347203756877;633.8197278859137,12,0.3333333333333333,False,False,False,False,5000.0,500.0
3,100000.0,0,4,3500,0.95,False,1.0,1,0.027777777777777776,479.86556150694486;367.85208280689477;199.77489782900088,5,0.1388888888888889,False,False,False,False,5000.0,500.0
3,100000.0,0,4,3500,0.95,False,1.0,0,0.0,168.99635545266193;195.92265209143704;647.4201253096845,6,0.16666666666666666,False,False,False,False,5000.0,500.0
3,100000.0,0,4,3500,0.95,False,1.0,2,0.05555555555555555,595.9932170100211;172.08869616104263;353.98257173566407,1,0.027777777777777776,False,False,False,False,5000.0,500.0
3,100000.0,0,4,3500,0.95,False,1.0,2,0.05555555555555555,487.7089051690424;241.20817609914928;578.1245111063042,0,0.0,False,False,False,False,5000.0,500.0
3,100000.0,0,4,3500,0.95,False,0.6666666666666666,12,0.3333333333333333,1149.5007721149352;445.7577651259004,12,0.3333333333333333,False,False,False,False,5000.0,500.0
3,100000.0,0,4,3500,0.95,False,1.0,0,0.0,225.36203157431774;637.449146286365;228.0252116826466,0,0.0,False,False,False,False,5000.0,500.0
3,100000.0,0,4,3500,0.95,False,1.0,3,0.08333333333333333,107.85794817760419;326.1289558209018;529.4795562106951,6,0.16666666666666666,False,False,False,False,5000.0,500.0
3,100000.0,0,4,3500,0.95,False,1.0,2,0.05555555555555555,82.30378697599267;266.09755603095465;723.3377256356883,2,0.05555555555555555,False,False,False,False,5000.0,500.0
3,100000.0,0,4,3500,0.95,False,1.0,0,0.0,265.92869388391074;279.8025857415009;762.3653208630715,3,0.08333333333333333,False,False,False,False,5000.0,500.0
3,100000.0,0,4,3500,0.95,False,1.0,1,0.027777777777777776,588.0298687664305;43.53611474395983;319.26053951872115,3,0.08333333333333333,False,False,False,False,5000.0,500.0
3,100000.0,0,4,3500,0.95,False,1.0,5,0.1388888888888889,293.4570028480536;189.0736614149295;511.8966840992162,2,0.05555555555555555,False,False,False,False,5000.0,500.0
3,100000.0,0,4,3500,0.95,False,1.0,1,0.027777777777777776,266.7831480025043;595.7976832403682;401.8367616013085,6,0.16666666666666666,False,False,False,False,5000.0,500.0
3,100000.0,0,4,3500,0.95,False,1.0,0,0.0,443.9650243550992;245.71671433706055;52.418884676623286,1,0.027777777777777776,False,False,False,False,5000.0,500.0
3,100000.0,0,4,3500,0.95,False,1.0,0,0.0,68.21209977647395;297.9026272035486;448.48127073064006,1,0.027777777777777776,False,False,False,False,5000.0,500.0
3,100000.0,0,4,3500,0.95,False,1.0,2,0.05555555555555555,155.0373017174064;177.1142040055199;188.6384639525706,3,0.08333333333333333,False,False,False,False,5000.0,500.0
3,100000.0,0,4,3500,0.95,False,0.6666666666666666,14,0.3888888888888889,9122.63022325599;174.5130901971389,12,0.3333333333333333,False,False,False,False,5000.0,500.0
3,100000.0,0,4,3500,0.95,False,1.0,4,0.1111111111111111,202.63574916885875;240.01021150825161;470.1162480542201,0,0.0,False,False,False,False,5000.0,500.0
3,100000.0,0,4,3500,0.95,False,1.0,2,0.05555555555555555,314.7480607114372;105.7027914250688;436.0995445845143,3,0.08333333333333333,False,False,False,False,5000.0,500.0
3,100000.0,0,4,3500,0.95,False,1.0,1,0.027777777777777776,214.29724783372671;23.953402943774588;227.56205927008105,6,0.16666666666666666,False,False,False,False,5000.0,500.0
3,100000.0,0,4,3500,0.95,False,1.0,0,0.0,188.12496678412782;125.35903858411159;614.3959489824199,0,0.0,False,False,False,False,5000.0,500.0
3,100000.0,0,4,3500,0.95,False,1.0,2,0.05555555555555555,183.07640856545237;877.964207916381;219.5418253351012,3,0.08333333333333333,False,False,False,False,5000.0,500.0
3,100000.0,0,4,3500,0.95,False,1.0,2,0.05555555555555555,474.91373036414564;359.94453785294434;768.2260925415782,0,0.0,False,False,False,False,5000.0,500.0
3,100000.0,0,4,3500,0.95,False,1.0,0,0.0,129.68930368323683;252.94129384328326;94.5509125739716,1,0.027777777777777776,False,False,False,False,5000.0,500.0
3,100000.0,0,4,3500,0.95,False,1.0,2,0.05555555555555555,94.18446097334275;147.50593725676734;44.10613061558124,2,0.05555555555555555,False,False,False,False,5000.0,500.0
3,100000.0,0,4,3500,0.95,False,1.0,6,0.16666666666666666,150.5662922532299;593.0138424191518;346.88650754829575,2,0.05555555555555555,False,False,False,False,5000.0,500.0
3,100000.0,0,4,3500,0.95,False,1.0,3,0.08333333333333333,479.39174962965865;321.85395087195195;512.7138903698183,3,0.08333333333333333,False,False,False,False,5000.0,500.0
3,100000.0,0,4,3500,0.95,False,0.6666666666666666,12,0.3333333333333333,465.8671391891708;180.00850364832004,13,0.3611111111111111,False,False,False,False,5000.0,500.0
3,100000.0,0,4,3500,0.95,False,0.6666666666666666,12,0.3333333333333333,293.14756560931016;415.8987027163318,12,0.3333333333333333,False,False,False,False,5000.0,500.0
3,100000.0,0,4,3500,0.95,False,1.0,0,0.0,589.653695165527;598.0966717220784;310.0475617475916,1,0.027777777777777776,False,False,False,False,5000.0,500.0
3,100000.0,0,4,3500,0.95,False,1.0,2,0.05555555555555555,309.5954270688744;133.14818204287567;261.96510560268376,0,0.0,False,False,False,False,5000.0,500.0
4,100000.0,0,4,3500,0.95,False,0.75,14,0.2916666666666667,308.4102700637584;629.7708159022012;20.114199521366867,16,0.3333333333333333,False,False,False,False,5000.0,500.0
4,100000.0,0,4,3500,0.95,False,0.75,12,0.25,445.6272314589966;498.98478506129254;63.56689132999222,14,0.2916666666666667,False,False,False,False,5000.0,500.0
4,100000.0,0,4,3500,0.95,False,1.0,6,0.125,372.73177051593416;72.03269282538777;362.7115422600971;888.2232837976495,2,0.041666666666666664,False,False,False,False,5000.0,500.0
4,100000.0,0,4,3500,0.95,False,0.75,18,0.375,342.3550060162519;1515.8993593661096;121.90996236894478,12,0.25,False,False,False,False,5000.0,500.0
4,100000.0,0,4,3500,0.95,False,0.5,25,0.5208333333333334,428.87222361495736;845.7388842640962,24,0.5,False,False,False,False,5000.0,500.0
4,100000.0,0,4,3500,0.95,False,0.75,15,0.3125,732.956185609149;640.3570776594493;244.62229957802825,15,0.3125,False,False,False,False,5000.0,500.0
4,100000.0,0,4,3500,0.95,False,1.0,4,0.08333333333333333,228.41049733130848;347.63772942052896;332.84147839980426;577.2531964223738,1,0.020833333333333332,False,False,False,False,5000.0,500.0
4,100000.0,0,4,3500,0.95,False,0.5,24,0.5,899.5594805965289;2334.3506821102214,24,0.5,False,False,False,False,5000.0,500.0
4,100000.0,0,4,3500,0.95,False,0.75,12,0.25,161.79410838845686;1287.6291163700464;288.5666842792394,14,0.2916666666666667,False,False,False,False,5000.0,500.0
4,100000.0,0,4,3500,0.95,False,0.5,24,0.5,2339.8061390184585;225.9944335053612,24,0.5,False,False,False,False,5000.0,500.0
4,100000.0,0,4,3500,0.95,False,0.75,16,0.3333333333333333,1030.9397176070177;4235.255047305282;126.96968450446163,13,0.2708333333333333,False,False,False,False,5000.0,500.0
4,100000.0,0,4,3500,0.95,False,0.75,12,0.25,330.0566394580389;1576.6534306263538;349.41676656361426,17,0.3541666666666667,False,False,False,False,5000.0,500.0
4,100000.0,0,4,3500,0.95,False,1.0,2,0.041666666666666664,173.8333518479677;1409.179102632493;759.8935031824018;197.5632869822194,5,0.10416666666666667,False,False,False,False,5000.0,500.0
4,100000.0,0,4,3500,0.95,False,1.0,6,0.125,234.96792396686962;896.2468289479078;635.5358001369731;109.86223478473597,9,0.1875,False,False,False,False,5000.0,500.0
4,100000.0,0,4,3500,0.95,False,0.75,14,0.2916666666666667,654.0555262456068;308.2880551384989;157.87364400662452,12,0.25,False,False,False,False,5000.0,500.0
4,100000.0,0,4,3500,0.95,False,1.0,4,0.08333333333333333,419.856398236334;376.3921552612435;500.22506869492327;206.40302774343672,9,0.1875,False,False,False,False,5000.0,500.0
4,100000.0,0,4,3500,0.95,False,0.75,17,0.3541666666666667,881.5875459178894;244.56538724703597;1999.9947138897426,15,0.3125,False,False,False,False,5000.0,500.0
4,100000.0,0,4,3500,0.95,False,0.5,26,0.5416666666666666,3783.388253787679;308.38549826559876,24,0.5,False,False,False,False,5000.0,500.0
4,100000.0,0,4,3500,0.95,False,0.5,25,0.5208333333333334,961.1054504112623;1160.5730533240649,24,0.5,False,False,False,False,5000.0,500.0
4,100000.0,0,4,3500,0.95,False,0.5,25,0.5208333333333334,777.6482986371802;4623.221127846943,24,0.5,False,False,False,False,5000.0,500.0
4,100000.0,0,4,3500,0.95,False,1.0,0,0.0,404.3400535593928;340.0259623050265;146.88578385281835;509.48281880084767,6,0.125,False,False,False,False,5000.0,500.0
4,100000.0,0,4,3500,0.95,False,0.5,26,0.5416666666666666,243.1513257045942;680.5065118191422,24,0.5,False,False,False,False,5000.0,500.0
4,100000.0,0,4,3500,0.95,False,0.5,25,0.5208333333333334,258.7467027271893;734.5835137390724,24,0.5,False,False,False,False,5000.0,500.0
4,100000.0,0,4,3500,0.95,False,1.0,6,0.125,552.6678647198813;702.9028616968111;397.5200797616114;520.7650495132755,7,0.14583333333333334,False,False,False,False,5000.0,500.0
4,100000.0,0,4,3500,0.95,False,1.0,2,0.041666666666666664,764.5797901054331;531.2245822290581;274.4558974406533;354.973829545683,6,0.125,False,False,False,False,5000.0,500.0
4,100000.0,0,4,3500,0.95,False,0.5,25,0.5208333333333334,1190.281178351423;160.05178857648153,25,0.5208333333333334,False,False,False,False,5000.0,500.0
4,100000.0,0,4,3500,0.95,False,0.5,27,0.5625,1450.1574840185137;1892.965926337283,24,0.5,False,False,False,False,5000.0,500.0
4,100000.0,0,4,3500,0.95,False,1.0,4,0.08333333333333333,598.4329923551437;112.91595181112734;654.8786987728566;756.349354962111,5,0.10416666666666667,False,False,False,False,5000.0,500.0
4,100000.0,0,4,3500,0.95,False,0.5,24,0.5,2655.694796455305;1049.7624613145938,24,0.5,False,False,False,False,5000.0,500.0
4,100000.0,0,4,3500,0.95,False,0.75,17,0.3541666666666667,688.7874774605759;284.49210336089476;1654.5944577636774,12,0.25,False,False,False,False,5000.0,500.0
4,100000.0,0,4,3500,0.95,False,0.75,14,0.2916666666666667,204.71359662748648;600.2893703780106;7037.878791480941,17,0.3541666666666667,False,False,False,False,5000.0,500.0
4,100000.0,0,4,3500,0.95,False,0.75,15,0.3125,335.6113184799843;269.5304717466322;2195.1954858951703,13,0.2708333333333333,False,False,False,False,5000.0,500.0
4,100000.0,0,4,3500,0.95,False,0.75,14,0.2916666666666667,600.4385108539595;1125.135892925239;307.9912024326174,14,0.2916666666666667,False,False,False,False,5000.0,500.0
4,100000.0,0,4,3500,0.95,False,0.5,24,0.5,317.43241091586884;2086.4362400814057,24,0.5,False,False,False,False,5000.0,500.0
4,100000.0,0,4,3500,0.95,False,0.75,14,0.2916666666666667,659.01631425837;270.77728918235323;414.81917902151434,12,0.25,False,False,False,False,5000.0,500.0
4,100000.0,0,4,3500,0.95,False,0.75,12,0.25,3790.94855831734;20.049015900676732;199.98811300405376,16,0.3333333333333333,False,False,False,False,5000.0,500.0
4,100000.0,0,4,3500,0.95,False,0.75,12,0.25,55.38877848457562;239.05441493330528;130.18093661385112,12,0.25,False,False,False,False,5000.0,500.0
4,100000.0,0,4,3500,0.95,False,0.75,13,0.2708333333333333,212.35384942908277;236.35258441599777;4901.191292427539,12,0.25,False,False,False,False,5000.0,500.0
4,100000.0,0,4,3500,0.95,False,0.5,25,0.5208333333333334,5654.926990722743;1224.6506768246659,24,0.5,False,False,False,False,5000.0,500.0
4,100000.0,0,4,3500,0.95,False,0.75,13,0.2708333333333333,132.7468393433973;26.580240481216887;2846.5038120957674,13,0.2708333333333333,False,False,False,False,5000.0,500.0
4,100000.0,0,4,3500,0.95,False,0.75,15,0.3125,2072.533743524104;784.3476097134844;223.68867221885955,13,0.2708333333333333,False,False,False,False,5000.0,500.0
4,100000.0,0,4,3500,0.95,False,1.0,4,0.08333333333333333,161.75337442863315;314.18597346656423;80.55272551533871;575.1940736755032,2,0.041666666666666664,False,False,False,False,5000.0,500.0
4,100000.0,0,4,3500,0.95,False,0.75,14,0.2916666666666667,775.4891707857344;493.255447670131;799.5688872579321,12,0.25,False,False,False,False,5000.0,500.0
4,100000.0,0,4,3500,0.95,False,1.0,0,0.0,416.1828707699415;251.00962889851488;130.59660894209176;424.69907942397657,4,0.08333333333333333,False,False,False,False,5000.0,500.0
4,100000.0,0,4,3500,0.95,False,0.75,13,0.2708333333333333,277.0495337844969;6049.225353243178;597.7000227045875,14,0.2916666666666667,False,False,False,False,5000.0,500.0
4,100000.0,0,4,3500,0.95,False,1.0,6,0.125,130.03882499548718;1371.1966963587715;281.8881247634433;287.7786592576871,6,0.125,False,False,False,False,5000.0,500.0
4,100000.0,0,4,3500,0.95,False,1.0,5,0.10416666666666667,964.3452110719586;105.98449466240201;628.7537039300059;371.73903646940613,8,0.16666666666666666,False,False,False,False,5000.0,500.0
4,100000.0,0,4,3500,0.95,False,1.0,3,0.0625,293.9764719530202;280.4553172157866;317.6562377045571;135.36838988349152,5,0.10416666666666667,False,False,False,False,5000.0,500.0
4,100000.0,0,4,3500,0.95,False,0.75,13,0.2708333333333333,424.83513074873014;366.090168387597;3907.8089246663185,12,0.25,False,False,False,False,5000.0,500.0
4,100000.0,0,4,3500,0.95,False,0.75,13,0.2708333333333333,121.89146510706061;656.5731197656315;208.33710949341912,15,0.3125,False,False,False,False,5000.0,500.0
4,100000.0,0,4,3500,0.95,False,0.5,25,0.5208333333333334,271.2875796278302;2166.379987772816,24,0.5,False,False,False,False,5000.0,500.0
4,100000.0,0,4,3500,0.95,False,0.5,25,0.5208333333333334,661.6828402664906;3874.106020575859,24,0.5,False,False,False,False,5000.0,500.0
4,100000.0,0,4,3500,0.95,False,0.5,28,0.5833333333333334,751.7214245462787;3214.1282922637874,24,0.5,False,False,False,False,5000.0,500.0
4,100000.0,0,4,3500,0.95,False,0.75,10,0.20833333333333334,1336.797139888168;99.27497158286471;3158.459097893589,16,0.3333333333333333,False,False,False,False,5000.0,500.0
4,100000.0,0,4,3500,0.95,False,0.5,25,0.5208333333333334,379.1387253967834;3177.103830517547,24,0.5,False,False,False,False,5000.0,500.0
4,100000.0,0,4,3500,0.95,False,0.75,14,0.2916666666666667,692.1870239546321;2699.151357845869;585.5948732272717,15,0.3125,False,False,False,False,5000.0,500.0
4,100000.0,0,4,3500,0.95,False,0.75,14,0.2916666666666667,685.5457220319271;78.66495559688552;417.4983068441652,16,0.3333333333333333,False,False,False,False,5000.0,500.0
4,100000.0,0,4,3500,0.95,False,0.5,24,0.5,114.42849263749201;437.06145594255327,24,0.5,False,False,False,False,5000.0,500.0
4,100000.0,0,4,3500,0.95,False,0.75,19,0.3958333333333333,753.9663265721387;1960.500886230225;156.84910047837425,13,0.2708333333333333,False,False,False,False,5000.0,500.0
4,100000.0,0,4,3500,0.95,False,0.75,12,0.25,1596.0623357263378;244.3433372136141;410.4916802610509,13,0.2708333333333333,False,False,False,False,5000.0,500.0
4,100000.0,0,4,3500,0.95,False,0.5,25,0.5208333333333334,622.7367115701196;979.3552220915464,24,0.5,False,False,False,False,5000.0,500.0
4,100000.0,0,4,3500,0.95,False,0.75,14,0.2916666666666667,301.71391746842517;1241.7360608563013;3147.5651243984244,12,0.25,False,False,False,False,5000.0,500.0
4,100000.0,0,4,3500,0.95,False,1.0,5,0.10416666666666667,639.4244635914049;415.0191025438311;124.04245898709638;343.58007658820287,5,0.10416666666666667,False,False,False,False,5000.0,500.0
4,100000.0,0,4,3500,0.95,False,1.0,0,0.0,353.99738700220564;65.00975960839254;662.2856326139815;712.7309897055544,7,0.14583333333333334,False,False,False,False,5000.0,500.0
4,100000.0,0,4,3500,0.95,False,0.5,30,0.625,1482.3553346312403;548.9614184968352,24,0.5,False,False,False,False,5000.0,500.0
4,100000.0,0,4,3500,0.95,False,1.0,3,0.0625,247.75863939077038;340.5153672248393;189.8693780926625;359.38670737878044,2,0.041666666666666664,False,False,False,False,5000.0,500.0
4,100000.0,0,4,3500,0.95,False,0.75,13,0.2708333333333333,342.3765610306649;558.5971225025868;629.2948239385553,13,0.2708333333333333,False,False,False,False,5000.0,500.0
4,100000.0,0,4,3500,0.95,False,1.0,1,0.020833333333333332,347.8151931851382;382.44180837732375;73.27365671804445;459.95912016470277,2,0.041666666666666664,False,False,False,False,5000.0,500.0
4,100000.0,0,4,3500,0.95,False,0.75,14,0.2916666666666667,230.01818091114086;473.3362688987631;1572.8395626691954,14,0.2916666666666667,False,False,False,False,5000.0,500.0
4,100000.0,0,4,3500,0.95,False,0.75,12,0.25,350.4450708101814;302.2866465706836;380.7304276771223,15,0.3125,False,False,False,False,5000.0,500.0
4,100000.0,0,4,3500,0.95,False,0.75,12,0.25,594.8634881153095;482.383411346623;266.4548833791539,16,0.3333333333333333,False,False,False,False,5000.0,500.0
4,100000.0,0,4,3500,0.95,False,1.0,5,0.10416666666666667,342.0263446163537;519.0605159513693;217.0233000496365;110.69418127632697,4,0.08333333333333333,False,False,False,False,5000.0,500.0
4,100000.0,0,4,3500,0.95,False,0.75,16,0.3333333333333333,2542.8189803898586;369.877040094337;128.15454746660825,12,0.25,False,False,False,False,5000.0,500.0
4,100000.0,0,4,3500,0.95,False,0.5,24,0.5,842.0704077430919;252.27880903778387,24,0.5,False,False,False,False,5000.0,500.0
4,100000.0,0,4,3500,0.95,False,0.5,28,0.5833333333333334,898.6198494180783;2236.0038183079746,24,0.5,False,False,False,False,5000.0,500.0
4,100000.0,0,4,3500,0.95,False,0.75,13,0.2708333333333333,1290.4727415479235;183.73720679080097;277.67026519238834,14,0.2916666666666667,False,False,False,False,5000.0,500.0
4,100000.0,0,4,3500,0.95,False,0.75,15,0.3125,1155.1634242037173;77.97631795494746;414.6090996499309,16,0.3333333333333333,False,False,False,False,5000.0,500.0
4,100000.0,0,4,3500,0.95,False,0.75,19,0.3958333333333333,1056.2497840761503;233.51323595929918;1770.0355944429841,15,0.3125,False,False,False,False,5000.0,500.0
4,100000.0,0,4,3500,0.95,False,1.0,5,0.10416666666666667,319.69482863789835;496.03715262624917;418.9789360706587;536.7927163848357,9,0.1875,False,False,False,False,5000.0,500.0
4,100000.0,0,4,3500,0.95,False,0.75,12,0.25,3424.890499849536;558.8133989297004;115.83829385981281,13,0.2708333333333333,False,False,False,False,5000.0,500.0
4,100000.0,0,4,3500,0.95,False,0.5,29,0.6041666666666666,1534.100918400319;166.15274382159973,24,0.5,False,False,False,False,5000.0,500.0
4,100000.0,0,4,3500,0.95,False,0.75,12,0.25,185.51216056755536;153.63521674016593;577.5968832085711,16,0.3333333333333333,False,False,False,False,5000.0,500.0
4,100000.0,0,4,3500,0.95,False,0.5,24,0.5,688.0517353520897;540.9185312395228,24,0.5,False,False,False,False,5000.0,500.0
4,100000.0,0,4,3500,0.95,False,0.75,12,0.25,1473.169275158719;388.10636851730777;156.40646334611867,15,0.3125,False,False,False,False,5000.0,500.0
4,100000.0,0,4,3500,0.95,False,0.75,13,0.2708333333333333,273.2825975774842;878.1443110721136;508.6791624977585,16,0.3333333333333333,False,False,False,False,5000.0,500.0
4,100000.0,0,4,3500,0.95,False,1.0,5,0.10416666666666667,133.94580855890032;224.7400679110883;59.19930597107686;711.7654387457131,3,0.0625,False,False,False,False,5000.0,500.0
4,100000.0,0,4,3500,0.95,False,0.75,11,0.22916666666666666,7307.409507920236;311.89245988650003;748.0654454382211,13,0.2708333333333333,False,False,False,False,5000.0,500.0
4,100000.0,0,4,3500,0.95,False,0.75,13,0.2708333333333333,1061.4439707238819;331.18728699731116;401.2878343179932,13,0.2708333333333333,False,False,False,False,5000.0,500.0
4,100000.0,0,4,3500,0.95,False,0.75,10,0.20833333333333334,977.9265872159295;198.79851146424807;189.08166057242028,16,0.3333333333333333,False,False,False,False,5000.0,500.0
4,100000.0,0,4,3500,0.95,False,0.75,13,0.2708333333333333,683.1697848024461;188.07070907281286;1629.9770967617844,15,0.3125,False,False,False,False,5000.0,500.0
4,100000.0,0,4,3500,0.95,False,0.5,25,0.5208333333333334,660.2702618091909;404.64431939782173,25,0.5208333333333334,False,False,False,False,5000.0,500.0
4,100000.0,0,4,3500,0.95,False,0.75,18,0.375,618.9911566946653;351.5909046096418;3455.8343658455506,12,0.25,False,False,False,False,5000.0,500.0
4,100000.0,0,4,3500,0.95,False,1.0,3,0.0625,287.0188385236786;136.4214384652256;126.97720803055098;578.8727407860924,4,0.08333333333333333,False,False,False,False,5000.0,500.0
4,100000.0,0,4,3500,0.95,False,0.5,25,0.5208333333333334,329.5708911273645;4715.472133884485,24,0.5,False,False,False,False,5000.0,500.0
4,100000.0,0,4,3500,0.95,False,0.75,16,0.3333333333333333,1608.1000500372677;909.2631983048049;159.65799010682187,13,0.2708333333333333,False,False,False,False,5000.0,500.0
4,100000.0,0,4,3500,0.95,False,1.0,5,0.10416666666666667,486.831711937725;187.14468268472348;431.3447503517311;307.26071043076456,2,0.041666666666666664,False,False,False,False,5000.0,500.0
4,100000.0,0,4,3500,0.95,False,0.5,28,0.5833333333333334,313.7649149092713;1330.7910168506514,24,0.5,False,False,False,False,5000.0,500.0
4,100000.0,0,4,3500,0.95,False,0.75,14,0.2916666666666667,867.505106109368;588.7881359378457;752.7876697799729,15,0.3125,False,False,False,False,5000.0,500.0
4,100000.0,0,4,3500,0.95,False,0.75,15,0.3125,184.68270741516736;1273.1053026046602;473.93322462843867,13,0.2708333333333333,False,False,False,False,5000.0,500.0
4,100000.0,0,4,3500,0.95,False,0.5,26,0.5416666666666666,391.8647718424618;1116.6529140226007,24,0.5,False,False,False,False,5000.0,500.0
4,100000.0,0,4,3500,0.95,False,0.75,12,0.25,137.64875612307995;65.84423872718843;89.88904550820551,17,0.3541666666666667,False,False,False,False,5000.0,500.0
4,100000.0,0,4,3500,0.95,False,1.0,6,0.125,100.73420054560673;578.9577067546123;211.7387853244974;167.17419314904674,5,0.10416666666666667,False,False,False,False,5000.0,500.0
4,100000.0,0,4,3500,0.95,False,1.0,7,0.14583333333333334,162.9167596070035;371.6010875097964;373.11784769046415;218.2932235950769,5,0.10416666666666667,False,False,False,False,5000.0,500.0
4,100000.0,0,4,3500,0.95,False,0.5,25,0.5208333333333334,230.05974062766967;2209.3022747840023,24,0.5,False,False,False,False,5000.0,500.0
4,100000.0,0,4,3500,0.95,False,0.75,15,0.3125,486.8357790601618;135.2749694024645;395.9819154630296,14,0.2916666666666667,False,False,False,False,5000.0,500.0
4,100000.0,0,4,3500,0.95,False,0.75,14,0.2916666666666667,756.5886171120798;882.937899840538;408.61052512422566,18,0.375,False,False,False,False,5000.0,500.0
4,100000.0,0,4,3500,0.95,False,0.5,24,0.5,236.7477404257634;1431.403062179367,24,0.5,False,False,False,False,5000.0,500.0
4,100000.0,0,4,3500,0.95,False,0.75,14,0.2916666666666667,550.3593362308347;1357.505429947968;635.5964194801547,14,0.2916666666666667,False,False,False,False,5000.0,500.0
4,100000.0,0,4,3500,0.95,False,0.75,16,0.3333333333333333,8088.666894101844;569.576592506409;585.6227452529718,15,0.3125,False,False,False,False,5000.0,500.0
4,100000.0,0,4,3500,0.95,False,0.75,16,0.3333333333333333,310.89501240845635;1014.1560136109869;652.4226979885743,12,0.25,False,False,False,False,5000.0,500.0
4,100000.0,0,4,3500,0.95,False,0.75,13,0.2708333333333333,269.72527787509796;267.29052593230625;6197.735544964208,16,0.3333333333333333,False,False,False,False,5000.0,500.0
4,100000.0,0,4,3500,0.95,False,0.5,27,0.5625,1878.4773858339345;1256.4790171147283,24,0.5,False,False,False,False,5000.0,500.0
4,100000.0,0,4,3500,0.95,False,0.75,14,0.2916666666666667,106.36543512149836;858.3757129195781;177.3107832473667,14,0.2916666666666667,False,False,False,False,5000.0,500.0
4,100000.0,0,4,3500,0.95,False,0.5,25,0.5208333333333334,1909.6510968252242;3027.5914828129567,24,0.5,False,False,False,False,5000.0,500.0
4,100000.0,0,4,3500,0.95,False,0.5,27,0.5625,1512.438243723492;1766.4825686283468,24,0.5,False,False,False,False,5000.0,500.0
4,100000.0,0,4,3500,0.95,False,0.75,13,0.2708333333333333,1729.5094747956769;770.5710902295158;567.4853724362308,14,0.2916666666666667,False,False,False,False,5000.0,500.0
4,100000.0,0,4,3500,0.95,False,0.5,24,0.5,2610.722991496614;1714.285123771604,24,0.5,False,False,False,False,5000.0,500.0
4,100000.0,0,4,3500,0.95,False,0.75,12,0.25,370.1088858571673;376.65833276740426;303.13901267846376,14,0.2916666666666667,False,False,False,False,5000.0,500.0
4,100000.0,0,4,3500,0.95,False,0.5,25,0.5208333333333334,169.3394225272233;363.63671011517926,24,0.5,False,False,False,False,5000.0,500.0
4,100000.0,0,4,3500,0.95,False,0.5,26,0.5416666666666666,1480.2930253352172;3839.8648369078956,24,0.5,False,False,False,False,5000.0,500.0
4,100000.0,0,4,3500,0.95,False,0.75,12,0.25,636.3896405945975;194.22775293793555;5636.2031713348315,15,0.3125,False,False,False,False,5000.0,500.0
4,100000.0,0,4,3500,0.95,False,0.5,26,0.5416666666666666,2463.9901609406384;483.5817773365758,24,0.5,False,False,False,False,5000.0,500.0
4,100000.0,0,4,3500,0.95,False,0.75,14,0.2916666666666667,259.3456660154356;1083.8180075000143;1160.8389976590759,16,0.3333333333333333,False,False,False,False,5000.0,500.0
4,100000.0,0,4,3500,0.95,False,0.75,15,0.3125,93.18110455599326;82.77726498702079;444.24797594951724,13,0.2708333333333333,False,False,False,False,5000.0,500.0
4,100000.0,0,4,3500,0.95,False,0.75,17,0.3541666666666667,1473.335546448683;941.9348857902479;356.9344138265475,13,0.2708333333333333,False,False,False,False,5000.0,500.0
4,100000.0,0,4,3500,0.95,False,0.5,24,0.5,2960.045624903769;2467.6701093171696,24,0.5,False,False,False,False,5000.0,500.0
4,100000.0,0,4,3500,0.95,False,0.5,26,0.5416666666666666,2767.993108848523;1100.0975298407407,24,0.5,False,False,False,False,5000.0,500.0
4,100000.0,0,4,3500,0.95,False,0.75,11,0.22916666666666666,1166.4278977871713;418.0921818818006;201.30520915617768,18,0.375,False,False,False,False,5000.0,500.0
4,100000.0,0,4,3500,0.95,False,0.75,15,0.3125,642.384869572221;542.9834675215462;1251.3709904773382,16,0.3333333333333333,False,False,False,False,5000.0,500.0
4,100000.0,0,4,3500,0.95,False,0.5,25,0.5208333333333334,1959.1830712978945;2747.457000214289,24,0.5,False,False,False,False,5000.0,500.0
4,100000.0,0,4,3500,0.95,False,0.75,19,0.3958333333333333,132.26623787999398;410.501897555692;682.7993178207373,12,0.25,False,False,False,False,5000.0,500.0
4,100000.0,0,4,3500,0.95,False,0.75,13,0.2708333333333333,131.01473929257068;343.86371171439515;367.168436516243,13,0.2708333333333333,False,False,False,False,5000.0,500.0
4,100000.0,0,4,3500,0.95,False,0.5,24,0.5,544.3696333488564;999.5127042670373,24,0.5,False,False,False,False,5000.0,500.0
4,100000.0,0,4,3500,0.95,False,0.75,16,0.3333333333333333,1590.4204175387308;786.6177041466711;522.9757138968267,13,0.2708333333333333,False,False,False,False,5000.0,500.0
4,100000.0,0,4,3500,0.95,False,1.0,3,0.0625,540.6073607737345;533.44110013653;270.7822527572753;266.3754909060723,12,0.25,False,False,False,False,5000.0,500.0
4,100000.0,0,4,3500,0.95,False,0.75,12,0.25,427.99673219174264;5226.000801738033;42.794037160135915,15,0.3125,False,False,False,False,5000.0,500.0
4,100000.0,0,4,3500,0.95,False,0.5,25,0.5208333333333334,526.9737507633882;742.8919625793485,24,0.5,False,False,False,False,5000.0,500.0
4,100000.0,0,4,3500,0.95,False,0.75,15,0.3125,268.121841163077;254.88192212554935;252.19386299035963,16,0.3333333333333333,False,False,False,False,5000.0,500.0
4,100000.0,0,4,3500,0.95,False,0.75,12,0.25,499.10684889323915;4247.356230109055;205.87994884505753,12,0.25,False,False,False,False,5000.0,500.0
4,100000.0,0,4,3500,0.95,False,0.75,15,0.3125,3463.7158133593243;351.63378703789107;332.3723280956382,13,0.2708333333333333,False,False,False,False,5000.0,500.0
4,100000.0,0,4,3500,0.95,False,0.75,14,0.2916666666666667,389.7607888356205;290.4331831850413;4997.576141769312,12,0.25,False,False,False,False,5000.0,500.0
4,100000.0,0,4,3500,0.95,False,0.75,12,0.25,6680.35437565937;200.11207447567304;318.4368616674216,15,0.3125,False,False,False,False,5000.0,500.0
4,100000.0,0,4,3500,0.95,False,0.75,12,0.25,487.0779170383762;1329.9386947289431;422.7956462242556,12,0.25,False,False,False,False,5000.0,500.0
4,100000.0,0,4,3500,0.95,False,0.75,15,0.3125,3444.058917442886;572.1311068387802;1335.5607957752363,16,0.3333333333333333,False,False,False,False,5000.0,500.0
4,100000.0,0,4,3500,0.95,False,0.5,25,0.5208333333333334,1264.146205545241;792.6903953106143,24,0.5,False,False,False,False,5000.0,500.0
4,100000.0,0,4,3500,0.95,False,0.5,26,0.5416666666666666,2904.5592473101356;286.93809205778774,24,0.5,False,False,False,False,5000.0,500.0
4,100000.0,0,4,3500,0.95,False,0.75,16,0.3333333333333333,1590.119309805377;189.9799738281959;612.6407704887827,14,0.2916666666666667,False,False,False,False,5000.0,500.0
4,100000.0,0,4,3500,0.95,False,0.5,24,0.5,521.0258832590137;534.5375217142359,24,0.5,False,False,False,False,5000.0,500.0
4,100000.0,0,4,3500,0.95,False,0.5,24,0.5,1672.2951359782874;1469.5492618822198,24,0.5,False,False,False,False,5000.0,500.0
4,100000.0,0,4,3500,0.95,False,0.75,14,0.2916666666666667,735.093923569944;3288.9773817013474;545.6783026133332,15,0.3125,False,False,False,False,5000.0,500.0
5,100000.0,0,4,3500,0.95,False,0.6,32,0.5333333333333333,4463.883869289431;125.42856595545837;543.1123071560442,24,0.4,False,False,False,False,5000.0,500.0
5,100000.0,0,4,3500,0.95,False,0.4,37,0.6166666666666667,1254.057701671854;1490.0767147290624,36,0.6,False,False,False,False,5000.0,500.0
5,100000.0,0,4,3500,0.95,False,0.6,29,0.48333333333333334,455.78680958407205;4938.131210619242;2217.0508131010492,24,0.4,False,False,False,False,5000.0,500.0
5,100000.0,0,4,3500,0.95,False,0.6,29,0.48333333333333334,646.4856542389025;4138.383289000881;1201.1679409170406,27,0.45,False,False,False,False,5000.0,500.0
5,100000.0,0,4,3500,0.95,False,0.6,25,0.4166666666666667,971.3614143883548;442.6253034507679;370.2790780750745,26,0.43333333333333335,False,False,False,False,5000.0,500.0
5,100000.0,0,4,3500,0.95,False,0.6,26,0.43333333333333335,1201.209493142592;1000.1602746134066;2141.156366901566,27,0.45,False,False,False,False,5000.0,500.0
5,100000.0,0,4,3500,0.95,False,0.6,32,0.5333333333333333,1091.1006623847436;2268.1484071301356;3836.721715002828,26,0.43333333333333335,False,False,False,False,5000.0,500.0
5,100000.0,0,4,3500,0.95,False,0.6,28,0.4666666666666667,211.04562318567937;643.3390054000791;2668.3561914108004,24,0.4,False,False,False,False,5000.0,500.0
5,100000.0,0,4,3500,0.95,False,0.6,31,0.5166666666666667,173.0409369688835;1126.9620290523792;1220.7984610576827,24,0.4,False,False,False,False,5000.0,500.0
5,100000.0,0,4,3500,0.95,False,0.6,31,0.5166666666666667,413.87867964567647;13365.323007139803;691.0249965948991,24,0.4,False,False,False,False,5000.0,500.0
5,100000.0,0,4,3500,0.95,False,0.6,21,0.35,244.65155558643065;961.3977205516326;370.50267119121133,30,0.5,False,False,False,False,5000.0,500.0
5,100000.0,0,4,3500,0.95,False,0.6,27,0.45,985.1406220542898;366.79943220975207;5223.453420810523,28,0.4666666666666667,False,False,False,False,5000.0,500.0
5,100000.0,0,4,3500,0.95,False,0.6,29,0.48333333333333334,1722.0672765158101;568.6266019027186;946.2023833671942,24,0.4,False,False,False,False,5000.0,500.0
5,100000.0,0,4,3500,0.95,False,0.4,38,0.6333333333333333,826.5932617693171;2850.9392505276614,36,0.6,False,False,False,False,5000.0,500.0
5,100000.0,0,4,3500,0.95,False,0.6,26,0.43333333333333335,665.2820893108563;616.90639608476;776.5552812602812,26,0.43333333333333335,False,False,False,False,5000.0,500.0
5,100000.0,0,4,3500,0.95,False,0.6,25,0.4166666666666667,2683.1510908384244;430.1754097744041;649.1522407445672,26,0.43333333333333335,False,False,False,False,5000.0,500.0
5,100000.0,0,4,3500,0.95,False,0.6,29,0.48333333333333334,2989.3941700539676;1687.711552950991;2734.791760979352,28,0.4666666666666667,False,False,False,False,5000.0,500.0
5,100000.0,0,4,3500,0.95,False,0.4,37,0.6166666666666667,3414.383527785607;1227.5389514149724,36,0.6,False,False,False,False,5000.0,500.0
5,100000.0,0,4,3500,0.95,False,0.4,36,0.6,1295.9366509616011;549.1751800538328,36,0.6,False,False,False,False,5000.0,500.0
5,100000.0,0,4,3500,0.95,False,0.8,11,0.18333333333333332,681.1218729483797;626.9212129837605;288.50507648865823;291.91686802809437,18,0.3,False,False,False,False,5000.0,500.0
5,100000.0,0,4,3500,0.95,False,0.6,27,0.45,101.46537667741518;1630.5530388489503;779.4930423638654,26,0.43333333333333335,False,False,False,False,5000.0,500.0
5,100000.0,0,4,3500,0.95,False,0.4,36,0.6,1072.1279272922043;2144.1170224290267,36,0.6,False,False,False,False,5000.0,500.0
5,100000.0,0,4,3500,0.95,False,0.8,17,0.2833333333333333,580.4196322858286;241.24919041718175;803.3060000185079;1245.3752490224847,12,0.2,False,False,False,False,5000.0,500.0
5,100000.0,0,4,3500,0.95,False,0.6,24,0.4,672.7843105830303;212.6570453005697;1180.6576234856504,28,0.4666666666666667,False,False,False,False,5000.0,500.0
5,100000.0,0,4,3500,0.95,False,0.4,38,0.6333333333333333,8418.754333368423;745.1452081316428,36,0.6,False,False,False,False,5000.0,500.0
5,100000.0,0,4,3500,0.95,False,0.6,24,0.4,4369.0070739105895;185.9519191681689;300.37428878845657,26,0.43333333333333335,False,False,False,False,5000.0,500.0
5,100000.0,0,4,3500,0.95,False,0.4,40,0.6666666666666666,1205.4324551385694;712.3807508780525,36,0.6,False,False,False,False,5000.0,500.0
5,100000.0,0,4,3500,0.95,False,0.6,25,0.4166666666666667,731.5028748308371;6500.141957529451;315.54698619061793,27,0.45,False,False,False,False,5000.0,500.0
5,100000.0,0,4,3500,0.95,False,0.8,13,0.21666666666666667,1715.7994462122765;280.7639656167893;1280.8980958011025;783.7593241076028,21,0.35,False,False,False,False,5000.0,500.0
5,100000.0,0,4,3500,0.95,False,0.6,24,0.4,248.41249926191668;2204.5785157476876;6178.5791017255915,25,0.4166666666666667,False,False,False,False,5000.0,500.0
5,100000.0,0,4,3500,0.95,False,0.6,26,0.43333333333333335,583.5616374141401;1680.9703443045455;481.89406848981486,28,0.4666666666666667,False,False,False,False,5000.0,500.0
5,100000.0,0,4,3500,0.95,False,0.6,31,0.5166666666666667,1054.9819757348466;972.6513171626509;3288.010588015978,27,0.45,False,False,False,False,5000.0,500.0
5,100000.0,0,4,3500,0.95,False,0.6,27,0.45,361.9365691823575;770.398120641377;3888.6380524397555,25,0.4166666666666667,False,False,False,False,5000.0,500.0
5,100000.0,0,4,3500,0.95,False,0.6,25,0.4166666666666667,2235.994156269171;383.17237644640517;965.2316412240525,26,0.43333333333333335,False,False,False,False,5000.0,500.0
5,100000.0,0,4,3500,0.95,False,0.6,28,0.4666666666666667,678.8859461207539;620.3461160911557;608.6145822108535,24,0.4,False,False,False,False,5000.0,500.0
5,100000.0,0,4,3500,0.95,False,0.8,15,0.25,401.37216144611875;286.54360745144584;315.3855767464709;797.282522688511,20,0.3333333333333333,False,False,False,False,5000.0,500.0
5,100000.0,0,4,3500,0.95,False,0.6,27,0.45,383.72584456876217;999.8558711729696;3093.346174366977,25,0.4166666666666667,False,False,False,False,5000.0,500.0
5,100000.0,0,4,3500,0.95,False,0.4,37,0.6166666666666667,618.9691179984981;1106.0680820041666,36,0.6,False,False,False,False,5000.0,500.0
5,100000.0,0,4,3500,0.95,False,0.6,25,0.4166666666666667,235.43033349210515;734.4504010859006;2401.162311416449,24,0.4,False,False,False,False,5000.0,500.0
5,100000.0,0,4,3500,0.95,False,0.6,26,0.43333333333333335,69.18969224884128;1612.342828896182;626.4454525342542,24,0.4,False,False,False,False,5000.0,500.0
5,100000.0,0,4,3500,0.95,False,0.6,28,0.4666666666666667,3084.3587784048327;593.7690159632368;437.95222703358434,24,0.4,False,False,False,False,5000.0,500.0
5,100000.0,0,4,3500,0.95,False,0.4,36,0.6,799.6854187323769;3945.1427318742676,36,0.6,False,False,False,False,5000.0,500.0
5,100000.0,0,4,3500,0.95,False,0.4,42,0.7,567.917700117539;1204.256458238914,36,0.6,False,False,False,False,5000.0,500.0
5,100000.0,0,4,3500,0.95,False,0.4,37,0.6166666666666667,2808.7127160546115;955.863757129392,36,0.6,False,False,False,False,5000.0,500.0
5,100000.0,0,4,3500,0.95,False,0.6,22,0.36666666666666664,2307.70279552087;526.997278294481;427.87269398380926,27,0.45,False,False,False,False,5000.0,500.0
5,100000.0,0,4,3500,0.95,False,0.6,31,0.5166666666666667,239.4585093237321;1364.7410407808622;9061.32040170781,24,0.4,False,False,False,False,5000.0,500.0
5,100000.0,0,4,3500,0.95,False,0.4,40,0.6666666666666666,1596.4860313546974;4083.799109886675,36,0.6,False,False,False,False,5000.0,500.0
5,100000.0,0,4,3500,0.95,False,0.6,23,0.38333333333333336,4354.202278647647;234.37142686567054;386.4399461212962,25,0.4166666666666667,False,False,False,False,5000.0,500.0
5,100000.0,0,4,3500,0.95,False,0.6,31,0.5166666666666667,1434.2028476685202;730.914116603772;519.8889342953228,25,0.4166666666666667,False,False,False,False,5000.0,500.0
5,100000.0,0,4,3500,0.95,False,0.4,36,0.6,5333.55982945444;732.459859162446,36,0.6,False,False,False,False,5000.0,500.0
5,100000.0,0,4,3500,0.95,False,0.6,26,0.43333333333333335,88.4429614871637;345.8053602455963;671.9220122906793,24,0.4,False,False,False,False,5000.0,500.0
5,100000.0,0,4,3500,0.95,False,0.6,25,0.4166666666666667,695.4711895423267;712.7045589612192;578.999099048775,28,0.4666666666666667,False,False,False,False,5000.0,500.0
5,100000.0,0,4,3500,0.95,False,0.6,25,0.4166666666666667,4536.250305665536;869.9799647778103;639.5870375233118,24,0.4,False,False,False,False,5000.0,500.0
5,100000.0,0,4,3500,0.95,False,0.6,25,0.4166666666666667,540.2924076942921;1213.5860683926992;1562.3384271331022,29,0.48333333333333334,False,False,False,False,5000.0,500.0
5,100000.0,0,4,3500,0.95,False,0.8,16,0.26666666666666666,467.1370093238103;600.1369319514611;7519.198827488269;748.0532279200205,20,0.3333333333333333,False,False,False,False,5000.0,500.0
5,100000.0,0,4,3500,0.95,False,0.6,25,0.4166666666666667,2658.593878082616;484.1494402639831;2115.849167683448,25,0.4166666666666667,False,False,False,False,5000.0,500.0
5,100000.0,0,4,3500,0.95,False,0.4,36,0.6,7142.0544014715;146.90646681630602,36,0.6,False,False,False,False,5000.0,500.0
5,100000.0,0,4,3500,0.95,False,0.4,36,0.6,159.37704587560384;2964.767338052668,36,0.6,False,False,False,False,5000.0,500.0
5,100000.0,0,4,3500,0.95,False,0.4,39,0.65,4629.418414466469;213.2049820979011,36,0.6,False,False,False,False,5000.0,500.0
5,100000.0,0,4,3500,0.95,False,0.4,41,0.6833333333333333,849.9290619813901;3461.815086513351,36,0.6,False,False,False,False,5000.0,500.0
5,100000.0,0,4,3500,0.95,False,0.6,27,0.45,3505.57115384344;162.39063561042744;576.365538965889,26,0.43333333333333335,False,False,False,False,5000.0,500.0
5,100000.0,0,4,3500,0.95,False,0.6,28,0.4666666666666667,1336.195315304175;371.8726601604118;447.0303983833496,26,0.43333333333333335,False,False,False,False,5000.0,500.0
5,100000.0,0,4,3500,0.95,False,0.6,19,0.31666666666666665,1338.6197239534583;594.4785052362586;667.2771220375423,31,0.5166666666666667,False,False,False,False,5000.0,500.0
5,100000.0,0,4,3500,0.95,False,0.6,20,0.3333333333333333,1144.712761656197;231.70076086430785;1111.43611743465,29,0.48333333333333334,False,False,False,False,5000.0,500.0
5,100000.0,0,4,3500,0.95,False,0.6,30,0.5,806.4087538225764;1793.824507535589;286.7513448552079,24,0.4,False,False,False,False,5000.0,500.0
5,100000.0,0,4,3500,0.95,False,0.6,25,0.4166666666666667,490.97568625071636;1050.9011391954027;4800.6840313781,29,0.48333333333333334,False,False,False,False,5000.0,500.0
5,100000.0,0,4,3500,0.95,False,0.8,13,0.21666666666666667,413.89519458657907;856.930396282643;436.9484703587283;1531.8354751283375,21,0.35,False,False,False,False,5000.0,500.0
5,100000.0,0,4,3500,0.95,False,0.4,37,0.6166666666666667,4166.460210098721;273.24377152098833,36,0.6,False,False,False,False,5000.0,500.0
5,100000.0,0,4,3500,0.95,False,0.6,25,0.4166666666666667,1323.0624726527215;411.07671637991245;3652.371543414305,25,0.4166666666666667,False,False,False,False,5000.0,500.0
5,100000.0,0,4,3500,0.95,False,0.8,12,0.2,226.45295167025597;581.8754025711133;122.71783385509539;106.15141360162123,21,0.35,False,False,False,False,5000.0,500.0
5,100000.0,0,4,3500,0.95,False,0.6,26,0.43333333333333335,2611.7697792159047;515.1729727501728;1020.0910767340813,27,0.45,False,False,False,False,5000.0,500.0
5,100000.0,0,4,3500,0.95,False,0.4,37,0.6166666666666667,648.3536988418812;4089.8722882474435,36,0.6,False,False,False,False,5000.0,500.0
5,100000.0,0,4,3500,0.95,False,0.8,14,0.23333333333333334,453.9881045662958;344.20164354151024;6308.532367857001;677.8107198965339,15,0.25,False,False,False,False,5000.0,500.0
5,100000.0,0,4,3500,0.95,False,0.6,26,0.43333333333333335,267.0448948123717;515.3223703470068;585.7194065938265,24,0.4,False,False,False,False,5000.0,500.0
5,100000.0,0,4,3500,0.95,False,0.8,11,0.18333333333333332,508.61663206356303;270.4801747167344;908.5660145484111;207.37042029115798,14,0.23333333333333334,False,False,False,False,5000.0,500.0
5,100000.0,0,4,3500,0.95,False,0.6,24,0.4,63.72350635916034;1213.1223538351364;2158.7840656009284,27,0.45,False,False,False,False,5000.0,500.0
5,100000.0,0,4,3500,0.95,False,0.4,37,0.6166666666666667,4807.715420608445;757.7855066111057,36,0.6,False,False,False,False,5000.0,500.0
5,100000.0,0,4,3500,0.95,False,0.6,28,0.4666666666666667,1005.1868214782327;727.8983263203901;4904.18546531241,25,0.4166666666666667,False,False,False,False,5000.0,500.0
5,100000.0,0,4,3500,0.95,False,0.6,27,0.45,5735.562539676567;122.94897254408939;276.7017343871584,24,0.4,False,False,False,False,5000.0,500.0
5,100000.0,0,4,3500,0.95,False,0.4,39,0.65,3606.329828645526;802.7185486683866,36,0.6,False,False,False,False,5000.0,500.0
5,100000.0,0,4,3500,0.95,False,0.6,30,0.5,9548.404214112486;1833.5559813388322;2215.0502331486073,25,0.4166666666666667,False,False,False,False,5000.0,500.0
5,100000.0,0,4,3500,0.95,False,0.6,30,0.5,1886.7259323391877;975.9655940702111;44.92610099898183,24,0.4,False,False,False,False,5000.0,500.0
5,100000.0,0,4,3500,0.95,False,0.6,26,0.43333333333333335,3752.422132673167;571.9026518045627;81.30345217332271,27,0.45,False,False,False,False,5000.0,500.0
5,100000.0,0,4,3500,0.95,False,0.6,14,0.23333333333333334,1452.546239072636;644.8787439738581;148.74576672985864,32,0.5333333333333333,False,False,False,False,5000.0,500.0
5,100000.0,0,4,3500,0.95,False,0.6,18,0.3,5960.087896964161;270.48195232911627;363.22726637495975,30,0.5,False,False,False,False,5000.0,500.0
5,100000.0,0,4,3500,0.95,False,0.6,24,0.4,524.9693062709515;42.95148032634884;1959.5823529037539,25,0.4166666666666667,False,False,False,False,5000.0,500.0
5,100000.0,0,4,3500,0.95,False,0.4,38,0.6333333333333333,1778.7440655399237;1520.180557886258,36,0.6,False,False,False,False,5000.0,500.0
5,100000.0,0,4,3500,0.95,False,0.6,28,0.4666666666666667,564.4076736501004;724.2003990032202;8165.727933789094,25,0.4166666666666667,False,False,False,False,5000.0,500.0
5,100000.0,0,4,3500,0.95,False,0.6,23,0.38333333333333336,717.1085924248825;423.0258394284542;4472.00808099236,28,0.4666666666666667,False,False,False,False,5000.0,500.0
5,100000.0,0,4,3500,0.95,False,0.6,27,0.45,4306.130124726951;656.9374066921598;227.18597039370468,24,0.4,False,False,False,False,5000.0,500.0
5,100000.0,0,4,3500,0.95,False,0.8,12,0.2,344.6713035876788;220.3296814070691;116.46427023190333;265.95754501366736,16,0.26666666666666666,False,False,False,False,5000.0,500.0
5,100000.0,0,4,3500,0.95,False,0.6,25,0.4166666666666667,806.8479641869476;201.0289225889929;5443.5233554475435,24,0.4,False,False,False,False,5000.0,500.0
5,100000.0,0,4,3500,0.95,False,0.8,17,0.2833333333333333,253.004824650467;629.8234491956717;429.49203732050023;1693.4095218815194,17,0.2833333333333333,False,False,False,False,5000.0,500.0
5,100000.0,0,4,3500,0.95,False,0.6,27,0.45,4081.8910822407333;515.1560761897106;1694.0506808630034,26,0.43333333333333335,False,False,False,False,5000.0,500.0
5,100000.0,0,4,3500,0.95,False,0.6,26,0.43333333333333335,737.9363066726913;335.6611400945885;4490.147192629985,26,0.43333333333333335,False,False,False,False,5000.0,500.0
5,100000.0,0,4,3500,0.95,False,0.6,26,0.43333333333333335,846.4150108644935;756.7781789919705;180.13758661986347,25,0.4166666666666667,False,False,False,False,5000.0,500.0
5,100000.0,0,4,3500,0.95,False,0.6,24,0.4,548.2577150958349;674.4007266461291;230.59646347555773,27,0.45,False,False,False,False,5000.0,500.0
5,100000.0,0,4,3500,0.95,False,0.6,21,0.35,1761.8082549725425;150.49589959708305;315.8445478657929,30,0.5,False,False,False,False,5000.0,500.0
5,100000.0,0,4,3500,0.95,False,0.6,25,0.4166666666666667,1871.9990533036118;1795.6973478988546;717.267436228399,27,0.45,False,False,False,False,5000.0,500.0
5,100000.0,0,4,3500,0.95,False,0.6,26,0.43333333333333335,641.4434087639446;199.06054364143938;3399.0201436299967,24,0.4,False,False,False,False,5000.0,500.0
5,100000.0,0,4,3500,0.95,False,0.4,37,0.6166666666666667,3129.257052843898;933.3091952112744,36,0.6,False,False,False,False,5000.0,500.0
5,100000.0,0,4,3500,0.95,False,0.6,18,0.3,592.7090447829694;832.0955100047439;226.19791459255396,29,0.48333333333333334,False,False,False,False,5000.0,500.0
5,100000.0,0,4,3500,0.95,False,0.6,27,0.45,2224.128122982946;873.9408107493036;1084.2515477995323,25,0.4166666666666667,False,False,False,False,5000.0,500.0
5,100000.0,0,4,3500,0.95,False,0.4,37,0.6166666666666667,2746.382140876394;657.4345549758655,36,0.6,False,False,False,False,5000.0,500.0
5,100000.0,0,4,3500,0.95,False,0.6,26,0.43333333333333335,780.2562216630614;550.8989292848794;779.7306120530798,25,0.4166666666666667,False,False,False,False,5000.0,500.0
5,100000.0,0,4,3500,0.95,False,0.8,15,0.25,168.21762473400614;1725.5884524149292;1110.5150259651805;442.52386628237093,18,0.3,False,False,False,False,5000.0,500.0
5,100000.0,0,4,3500,0.95,False,0.6,27,0.45,1910.678185362486;1385.1158943596204;340.04581673711743,26,0.43333333333333335,False,False,False,False,5000.0,500.0
5,100000.0,0,4,3500,0.95,False,0.4,39,0.65,2796.915664250257;2001.144771630728,36,0.6,False,False,False,False,5000.0,500.0
5,100000.0,0,4,3500,0.95,False,0.6,27,0.45,970.4780949198185;2441.83827998992;831.623290717201,27,0.45,False,False,False,False,5000.0,500.0
5,100000.0,0,4,3500,0.95,False,0.6,25,0.4166666666666667,4698.4020271450845;459.8476253000599;1535.4482655052761,27,0.45,False,False,False,False,5000.0,500.0
5,100000.0,0,4,3500,0.95,False,0.4,36,0.6,154.6791611346872;1810.07783036488,36,0.6,False,False,False,False,5000.0,500.0
5,100000.0,0,4,3500,0.95,False,0.4,37,0.6166666666666667,643.4400100626561;3842.431896666026,36,0.6,False,False,False,False,5000.0,500.0
5,100000.0,0,4,3500,0.95,False,0.8,18,0.3,4777.118393743674;313.0517592303633;336.4241587621711;423.7407095673949,16,0.26666666666666666,False,False,False,False,5000.0,500.0
5,100000.0,0,4,3500,0.95,False,0.6,27,0.45,312.76094214962393;520.7831091374426;450.3302032175339,25,0.4166666666666667,False,False,False,False,5000.0,500.0
5,100000.0,0,4,3500,0.95,False,0.6,26,0.43333333333333335,5594.499290433049;500.68669949375726;103.66632179658876,25,0.4166666666666667,False,False,False,False,5000.0,500.0
5,100000.0,0,4,3500,0.95,False,0.4,37,0.6166666666666667,302.8173374747278;3674.3965850696773,36,0.6,False,False,False,False,5000.0,500.0
5,100000.0,0,4,3500,0.95,False,0.6,26,0.43333333333333335,317.29651441290457;1726.7448491518774;763.2227150733404,26,0.43333333333333335,False,False,False,False,5000.0,500.0
5,100000.0,0,4,3500,0.95,False,0.6,25,0.4166666666666667,807.5878628565728;2483.5488317039335;1766.4911888291833,27,0.45,False,False,False,False,5000.0,500.0
5,100000.0,0,4,3500,0.95,False,0.6,25,0.4166666666666667,688.3196307782868;495.4754381468775;3473.8485267904307,26,0.43333333333333335,False,False,False,False,5000.0,500.0
5,100000.0,0,4,3500,0.95,False,0.4,37,0.6166666666666667,326.9018314679893;1495.1952489953264,36,0.6,False,False,False,False,5000.0,500.0
5,100000.0,0,4,3500,0.95,False,0.4,37,0.6166666666666667,164.16354791297215;6560.004690905951,36,0.6,False,False,False,False,5000.0,500.0
5,100000.0,0,4,3500,0.95,False,0.6,27,0.45,2922.250046742014;409.659220465883;5126.043609749241,26,0.43333333333333335,False,False,False,False,5000.0,500.0
5,100000.0,0,4,3500,0.95,False,0.4,38,0.6333333333333333,79.79147681881105;647.2739005509842,36,0.6,False,False,False,False,5000.0,500.0
5,100000.0,0,4,3500,0.95,False,0.6,30,0.5,1176.261028957485;3463.6169689910303;1065.7642774498481,25,0.4166666666666667,False,False,False,False,5000.0,500.0
5,100000.0,0,4,3500,0.95,False,0.4,38,0.6333333333333333,3535.704390456948;2548.4590369825855,36,0.6,False,False,False,False,5000.0,500.0
5,100000.0,0,4,3500,0.95,False,0.6,21,0.35,289.38830184066916;1309.7433238346757;259.1500213597736,29,0.48333333333333334,False,False,False,False,5000.0,500.0
5,100000.0,0,4,3500,0.95,False,0.6,16,0.26666666666666666,650.2883307829493;249.37704648141116;566.3460590966957,32,0.5333333333333333,False,False,False,False,5000.0,500.0
5,100000.0,0,4,3500,0.95,False,0.6,29,0.48333333333333334,663.6904601956174;1677.863406783556;694.5718149502595,24,0.4,False,False,False,False,5000.0,500.0
5,100000.0,0,4,3500,0.95,False,0.6,26,0.43333333333333335,1120.55559551957;4090.700058947631;495.6040212120638,25,0.4166666666666667,False,False,False,False,5000.0,500.0
5,100000.0,0,4,3500,0.95,False,0.6,22,0.36666666666666664,446.5021035102162;371.9196418001108;205.92903738027618,28,0.4666666666666667,False,False,False,False,5000.0,500.0
5,100000.0,0,4,3500,0.95,False,0.8,20,0.3333333333333333,4591.592785760528;825.4983911466327;2038.4490803405597;1189.8880195774498,18,0.3,False,False,False,False,5000.0,500.0
5,100000.0,0,4,3500,0.95,False,0.8,11,0.18333333333333332,55.263239039125615;293.9285091566036;938.0199985096253;2037.8512765310816,23,0.38333333333333336,False,False,False,False,5000.0,500.0
5,100000.0,0,4,3500,0.95,False,0.6,31,0.5166666666666667,4309.1364541718785;1512.1241775709839;1763.0004040264969,24,0.4,False,False,False,False,5000.0,500.0
5,100000.0,0,4,3500,0.95,False,0.6,23,0.38333333333333336,4412.693678202814;803.0455849901947;1232.8911648583417,28,0.4666666666666667,False,False,False,False,5000.0,500.0
5,100000.0,0,4,3500,0.95,False,0.4,39,0.65,555.8570995313737;1745.4347259888532,36,0.6,False,False,False,False,5000.0,500.0
5,100000.0,0,4,3500,0.95,False,0.8,12,0.2,47.68068151259276;404.86294552569177;1513.5563635855276;2185.493446438286,18,0.3,False,False,False,False,5000.0,500.0
5,100000.0,0,4,3500,0.95,False,0.6,29,0.48333333333333334,2520.4531827244828;421.05035386842616;3447.117191133475,24,0.4,False,False,False,False,5000.0,500.0
5,100000.0,0,4,3500,0.95,False,0.6,29,0.48333333333333334,6214.18593916494;728.5478210472583;9170.388766523482,24,0.4,False,False,False,False,5000.0,500.0
5,100000.0,0,4,3500,0.95,False,0.6,28,0.4666666666666667,1051.2298854627122;523.3137971299154;41.942541830274536,24,0.4,False,False,False,False,5000.0,500.0
5,100000.0,0,4,3500,0.95,False,0.6,24,0.4,332.7961337065581;5707.81450752965;204.94760890034595,25,0.4166666666666667,False,False,False,False,5000.0,500.0
5,100000.0,0,4,3500,0.95,False,0.6,29,0.48333333333333334,1401.4578795159762;2208.5225200903856;1645.065654327882,26,0.43333333333333335,False,False,False,False,5000.0,500.0
5,100000.0,0,4,3500,0.95,False,0.6,31,0.5166666666666667,3477.186289257462;628.1579289698915;3317.4778005477574,24,0.4,False,False,False,False,5000.0,500.0
5,100000.0,0,4,3500,0.95,False,0.6,27,0.45,1467.4244407268181;525.5710253421482;2127.261240199064,27,0.45,False,False,False,False,5000.0,500.0
5,100000.0,0,4,3500,0.95,False,0.6,28,0.4666666666666667,320.9577721607279;251.49477211236078;6950.410645236789,24,0.4,False,False,False,False,5000.0,500.0
5,100000.0,0,4,3500,0.95,False,0.4,36,0.6,528.2173448477334;265.6179541132772,36,0.6,False,False,False,False,5000.0,500.0
5,100000.0,0,4,3500,0.95,False,0.8,15,0.25,85.69407775170289;1334.3383886039564;410.2287170873508;7445.569037634975,19,0.31666666666666665,False,False,False,False,5000.0,500.0
5,100000.0,0,4,3500,0.95,False,0.6,24,0.4,466.762444499957;1954.7227312376667;428.3998800077028,29,0.48333333333333334,False,False,False,False,5000.0,500.0
5,100000.0,0,4,3500,0.95,False,0.6,30,0.5,641.3274105727205;376.9237062356589;638.3531195897017,24,0.4,False,False,False,False,5000.0,500.0
5,100000.0,0,4,3500,0.95,False,0.6,28,0.4666666666666667,374.21244875414504;1159.250932380003;597.2063413184641,25,0.4166666666666667,False,False,False,False,5000.0,500.0
5,100000.0,0,4,3500,0.95,False,0.6,30,0.5,1722.664037571141;3238.8684900271924;79.56974959583707,27,0.45,False,False,False,False,5000.0,500.0
1,1000000.0,0,4,3500,0.95,False,1.0,0.0,0.0,879.2406222711485,2.0,0.16666666666666666,False,False,False,False,5000.0,500.0
1,1000000.0,0,4,3500,0.95,False,1.0,0.0,0.0,897.3395904403271,0.0,0.0,False,False,False,False,5000.0,500.0
1,1000000.0,0,4,3500,0.95,False,1.0,0.0,0.0,642.7112935758638,0.0,0.0,False,False,False,False,5000.0,500.0
1,1000000.0,0,4,3500,0.95,False,1.0,0.0,0.0,415.1037293945767,0.0,0.0,False,False,False,False,5000.0,500.0
1,1000000.0,0,4,3500,0.95,False,1.0,0.0,0.0,855.1563429076818,0.0,0.0,False,False,False,False,5000.0,500.0
1,1000000.0,0,4,3500,0.95,False,1.0,0.0,0.0,266.8753306612141,0.0,0.0,False,False,False,False,5000.0,500.0
1,1000000.0,0,4,3500,0.95,False,1.0,0.0,0.0,296.717014709958,0.0,0.0,False,False,False,False,5000.0,500.0
1,1000000.0,0,4,3500,0.95,False,1.0,0.0,0.0,468.50708975400624,0.0,0.0,False,False,False,False,5000.0,500.0
1,1000000.0,0,4,3500,0.95,False,1.0,0.0,0.0,663.5185403632984,0.0,0.0,False,False,False,False,5000.0,500.0
1,1000000.0,0,4,3500,0.95,False,,,,,,,True,False,False,False,5000.0,500.0
1,1000000.0,0,4,3500,0.95,False,,,,,,,True,False,False,False,5000.0,500.0
1,1000000.0,0,4,3500,0.95,False,1.0,0.0,0.0,484.6835645022319,0.0,0.0,False,False,False,False,5000.0,500.0
1,1000000.0,0,4,3500,0.95,False,,,,,,,True,False,False,False,5000.0,500.0
1,1000000.0,0,4,3500,0.95,False,,,,,,,True,False,False,False,5000.0,500.0
1,1000000.0,0,4,3500,0.95,False,,,,,,,True,False,False,False,5000.0,500.0
1,1000000.0,0,4,3500,0.95,False,1.0,0.0,0.0,403.8292862076785,0.0,0.0,False,False,False,False,5000.0,500.0
1,1000000.0,0,4,3500,0.95,False,1.0,0.0,0.0,704.8371421546902,0.0,0.0,False,False,False,False,5000.0,500.0
1,1000000.0,0,4,3500,0.95,False,1.0,0.0,0.0,331.84652332928863,0.0,0.0,False,False,False,False,5000.0,500.0
1,1000000.0,0,4,3500,0.95,False,1.0,0.0,0.0,417.98485149601584,0.0,0.0,False,False,False,False,5000.0,500.0
1,1000000.0,0,4,3500,0.95,False,1.0,0.0,0.0,306.9172374446697,0.0,0.0,False,False,False,False,5000.0,500.0
1,1000000.0,0,4,3500,0.95,False,1.0,0.0,0.0,840.1986364094114,0.0,0.0,False,False,False,False,5000.0,500.0
1,1000000.0,0,4,3500,0.95,False,1.0,0.0,0.0,1286.4945464959249,0.0,0.0,False,False,False,False,5000.0,500.0
1,1000000.0,0,4,3500,0.95,False,1.0,0.0,0.0,875.0182194477493,0.0,0.0,False,False,False,False,5000.0,500.0
1,1000000.0,0,4,3500,0.95,False,1.0,0.0,0.0,2242.216612780556,0.0,0.0,False,False,False,False,5000.0,500.0
1,1000000.0,0,4,3500,0.95,False,1.0,0.0,0.0,642.8687025349036,0.0,0.0,False,False,False,False,5000.0,500.0
1,1000000.0,0,4,3500,0.95,False,,,,,,,True,False,False,False,5000.0,500.0
1,1000000.0,0,4,3500,0.95,False,1.0,0.0,0.0,2474.9009281549543,0.0,0.0,False,False,False,False,5000.0,500.0
1,1000000.0,0,4,3500,0.95,False,1.0,0.0,0.0,1186.7154173677209,0.0,0.0,False,False,False,False,5000.0,500.0
1,1000000.0,0,4,3500,0.95,False,1.0,0.0,0.0,992.9265746918508,0.0,0.0,False,False,False,False,5000.0,500.0
1,1000000.0,0,4,3500,0.95,False,1.0,0.0,0.0,320.52356889798676,0.0,0.0,False,False,False,False,5000.0,500.0
1,1000000.0,0,4,3500,0.95,False,1.0,0.0,0.0,532.2264028528398,0.0,0.0,False,False,False,False,5000.0,500.0
1,1000000.0,0,4,3500,0.95,False,1.0,0.0,0.0,856.0650783957826,0.0,0.0,False,False,False,False,5000.0,500.0
1,1000000.0,0,4,3500,0.95,False,1.0,0.0,0.0,42.36008527421487,0.0,0.0,False,False,False,False,5000.0,500.0
1,1000000.0,0,4,3500,0.95,False,1.0,0.0,0.0,1416.4572859757186,0.0,0.0,False,False,False,False,5000.0,500.0
1,1000000.0,0,4,3500,0.95,False,1.0,0.0,0.0,1371.6055539051872,0.0,0.0,False,False,False,False,5000.0,500.0
1,1000000.0,0,4,3500,0.95,False,1.0,0.0,0.0,894.7422515650594,0.0,0.0,False,False,False,False,5000.0,500.0
1,1000000.0,0,4,3500,0.95,False,1.0,0.0,0.0,479.1915119426306,0.0,0.0,False,False,False,False,5000.0,500.0
1,1000000.0,0,4,3500,0.95,False,1.0,0.0,0.0,2461.5614534735646,0.0,0.0,False,False,False,False,5000.0,500.0
1,1000000.0,0,4,3500,0.95,False,1.0,0.0,0.0,1210.9238115832648,0.0,0.0,False,False,False,False,5000.0,500.0
1,1000000.0,0,4,3500,0.95,False,1.0,0.0,0.0,869.8382808639032,0.0,0.0,False,False,False,False,5000.0,500.0
1,1000000.0,0,4,3500,0.95,False,,,,,,,True,False,False,False,5000.0,500.0
1,1000000.0,0,4,3500,0.95,False,,,,,,,True,False,False,False,5000.0,500.0
1,1000000.0,0,4,3500,0.95,False,1.0,0.0,0.0,328.80830136394866,0.0,0.0,False,False,False,False,5000.0,500.0
1,1000000.0,0,4,3500,0.95,False,1.0,0.0,0.0,1220.3691018147074,0.0,0.0,False,False,False,False,5000.0,500.0
1,1000000.0,0,4,3500,0.95,False,,,,,,,True,False,False,False,5000.0,500.0
1,1000000.0,0,4,3500,0.95,False,1.0,0.0,0.0,1327.5173549029555,0.0,0.0,False,False,False,False,5000.0,500.0
1,1000000.0,0,4,3500,0.95,False,1.0,0.0,0.0,1787.741551222319,0.0,0.0,False,False,False,False,5000.0,500.0
1,1000000.0,0,4,3500,0.95,False,1.0,0.0,0.0,1512.7411729056778,2.0,0.16666666666666666,False,False,False,False,5000.0,500.0
1,1000000.0,0,4,3500,0.95,False,1.0,0.0,0.0,1950.321613013382,0.0,0.0,False,False,False,False,5000.0,500.0
1,1000000.0,0,4,3500,0.95,False,1.0,0.0,0.0,1409.5705754610944,0.0,0.0,False,False,False,False,5000.0,500.0
1,1000000.0,0,4,3500,0.95,False,1.0,0.0,0.0,1944.937760444576,0.0,0.0,False,False,False,False,5000.0,500.0
1,1000000.0,0,4,3500,0.95,False,1.0,0.0,0.0,1055.8124851123666,0.0,0.0,False,False,False,False,5000.0,500.0
1,1000000.0,0,4,3500,0.95,False,1.0,0.0,0.0,657.9303822377792,0.0,0.0,False,False,False,False,5000.0,500.0
1,1000000.0,0,4,3500,0.95,False,1.0,0.0,0.0,540.4847829454158,0.0,0.0,False,False,False,False,5000.0,500.0
1,1000000.0,0,4,3500,0.95,False,1.0,0.0,0.0,489.5726854961638,0.0,0.0,False,False,False,False,5000.0,500.0
1,1000000.0,0,4,3500,0.95,False,1.0,0.0,0.0,332.5040962146819,0.0,0.0,False,False,False,False,5000.0,500.0
1,1000000.0,0,4,3500,0.95,False,1.0,0.0,0.0,3414.2902387147615,0.0,0.0,False,False,False,False,5000.0,500.0
1,1000000.0,0,4,3500,0.95,False,,,,,,,True,False,False,False,5000.0,500.0
1,1000000.0,0,4,3500,0.95,False,1.0,0.0,0.0,1236.6715627968013,0.0,0.0,False,False,False,False,5000.0,500.0
1,1000000.0,0,4,3500,0.95,False,1.0,0.0,0.0,227.03784906900202,0.0,0.0,False,False,False,False,5000.0,500.0
1,1000000.0,0,4,3500,0.95,False,1.0,0.0,0.0,1218.2778179256766,0.0,0.0,False,False,False,False,5000.0,500.0
1,1000000.0,0,4,3500,0.95,False,1.0,0.0,0.0,1326.8664616060285,0.0,0.0,False,False,False,False,5000.0,500.0
1,1000000.0,0,4,3500,0.95,False,1.0,0.0,0.0,706.1529548723074,0.0,0.0,False,False,False,False,5000.0,500.0
1,1000000.0,0,4,3500,0.95,False,,,,,,,True,False,False,False,5000.0,500.0
1,1000000.0,0,4,3500,0.95,False,,,,,,,True,False,False,False,5000.0,500.0
1,1000000.0,0,4,3500,0.95,False,1.0,0.0,0.0,2034.74942183357,0.0,0.0,False,False,False,False,5000.0,500.0
1,1000000.0,0,4,3500,0.95,False,1.0,0.0,0.0,1344.9789505501674,0.0,0.0,False,False,False,False,5000.0,500.0
1,1000000.0,0,4,3500,0.95,False,1.0,0.0,0.0,656.4491799556706,0.0,0.0,False,False,False,False,5000.0,500.0
1,1000000.0,0,4,3500,0.95,False,1.0,0.0,0.0,973.3174897051401,0.0,0.0,False,False,False,False,5000.0,500.0
1,1000000.0,0,4,3500,0.95,False,1.0,0.0,0.0,1655.964327831284,0.0,0.0,False,False,False,False,5000.0,500.0
1,1000000.0,0,4,3500,0.95,False,1.0,0.0,0.0,1203.726628912204,0.0,0.0,False,False,False,False,5000.0,500.0
1,1000000.0,0,4,3500,0.95,False,1.0,0.0,0.0,628.7787976832557,0.0,0.0,False,False,False,False,5000.0,500.0
1,1000000.0,0,4,3500,0.95,False,1.0,0.0,0.0,1186.2452862182308,0.0,0.0,False,False,False,False,5000.0,500.0
1,1000000.0,0,4,3500,0.95,False,,,,,,,True,False,False,False,5000.0,500.0
1,1000000.0,0,4,3500,0.95,False,1.0,0.0,0.0,1010.3088219729317,0.0,0.0,False,False,False,False,5000.0,500.0
1,1000000.0,0,4,3500,0.95,False,1.0,0.0,0.0,1150.410663500922,0.0,0.0,False,False,False,False,5000.0,500.0
1,1000000.0,0,4,3500,0.95,False,1.0,0.0,0.0,173.46068963217576,0.0,0.0,False,False,False,False,5000.0,500.0
1,1000000.0,0,4,3500,0.95,False,1.0,0.0,0.0,1158.4631963531197,0.0,0.0,False,False,False,False,5000.0,500.0
1,1000000.0,0,4,3500,0.95,False,1.0,0.0,0.0,1309.7489983861458,0.0,0.0,False,False,False,False,5000.0,500.0
1,1000000.0,0,4,3500,0.95,False,1.0,0.0,0.0,1333.9748502472855,0.0,0.0,False,False,False,False,5000.0,500.0
1,1000000.0,0,4,3500,0.95,False,,,,,,,True,False,False,False,5000.0,500.0
1,1000000.0,0,4,3500,0.95,False,1.0,0.0,0.0,631.0689705251042,0.0,0.0,False,False,False,False,5000.0,500.0
1,1000000.0,0,4,3500,0.95,False,1.0,0.0,0.0,424.33151261177045,0.0,0.0,False,False,False,False,5000.0,500.0
1,1000000.0,0,4,3500,0.95,False,1.0,0.0,0.0,1490.8130013805344,0.0,0.0,False,False,False,False,5000.0,500.0
1,1000000.0,0,4,3500,0.95,False,1.0,0.0,0.0,138.82677109720325,0.0,0.0,False,False,False,False,5000.0,500.0
1,1000000.0,0,4,3500,0.95,False,1.0,0.0,0.0,1306.4381552288903,0.0,0.0,False,False,False,False,5000.0,500.0
1,1000000.0,0,4,3500,0.95,False,1.0,0.0,0.0,895.3272818597662,0.0,0.0,False,False,False,False,5000.0,500.0
1,1000000.0,0,4,3500,0.95,False,1.0,0.0,0.0,843.8148190235732,0.0,0.0,False,False,False,False,5000.0,500.0
1,1000000.0,0,4,3500,0.95,False,1.0,0.0,0.0,132.62029369136224,0.0,0.0,False,False,False,False,5000.0,500.0
1,1000000.0,0,4,3500,0.95,False,1.0,0.0,0.0,707.2234318224622,0.0,0.0,False,False,False,False,5000.0,500.0
1,1000000.0,0,4,3500,0.95,False,1.0,0.0,0.0,1292.259782728091,0.0,0.0,False,False,False,False,5000.0,500.0
1,1000000.0,0,4,3500,0.95,False,1.0,0.0,0.0,296.31237916641425,0.0,0.0,False,False,False,False,5000.0,500.0
1,1000000.0,0,4,3500,0.95,False,1.0,0.0,0.0,2187.0849039871073,0.0,0.0,False,False,False,False,5000.0,500.0
1,1000000.0,0,4,3500,0.95,False,1.0,0.0,0.0,382.5226559982473,0.0,0.0,False,False,False,False,5000.0,500.0
1,1000000.0,0,4,3500,0.95,False,1.0,0.0,0.0,686.811668213984,0.0,0.0,False,False,False,False,5000.0,500.0
1,1000000.0,0,4,3500,0.95,False,1.0,0.0,0.0,2500.000468851781,0.0,0.0,False,False,False,False,5000.0,500.0
1,1000000.0,0,4,3500,0.95,False,1.0,0.0,0.0,617.7873316835037,0.0,0.0,False,False,False,False,5000.0,500.0
1,1000000.0,0,4,3500,0.95,False,1.0,0.0,0.0,1413.103186970576,0.0,0.0,False,False,False,False,5000.0,500.0
1,1000000.0,0,4,3500,0.95,False,1.0,0.0,0.0,1274.110894351074,0.0,0.0,False,False,False,False,5000.0,500.0
1,1000000.0,0,4,3500,0.95,False,,,,,,,True,False,False,False,5000.0,500.0
1,1000000.0,0,4,3500,0.95,False,1.0,0.0,0.0,747.5573907827412,0.0,0.0,False,False,False,False,5000.0,500.0
1,1000000.0,0,4,3500,0.95,False,1.0,0.0,0.0,260.3363473458121,0.0,0.0,False,False,False,False,5000.0,500.0
1,1000000.0,0,4,3500,0.95,False,1.0,0.0,0.0,2028.481506895281,0.0,0.0,False,False,False,False,5000.0,500.0
1,1000000.0,0,4,3500,0.95,False,,,,,,,True,False,False,False,5000.0,500.0
1,1000000.0,0,4,3500,0.95,False,1.0,0.0,0.0,967.4221704146474,0.0,0.0,False,False,False,False,5000.0,500.0
1,1000000.0,0,4,3500,0.95,False,1.0,0.0,0.0,707.540679789428,0.0,0.0,False,False,False,False,5000.0,500.0
1,1000000.0,0,4,3500,0.95,False,1.0,0.0,0.0,1594.2285088132458,0.0,0.0,False,False,False,False,5000.0,500.0
1,1000000.0,0,4,3500,0.95,False,1.0,0.0,0.0,512.1173900586172,0.0,0.0,False,False,False,False,5000.0,500.0
1,1000000.0,0,4,3500,0.95,False,1.0,0.0,0.0,580.48865902241,0.0,0.0,False,False,False,False,5000.0,500.0
1,1000000.0,0,4,3500,0.95,False,1.0,0.0,0.0,2289.9526660041333,0.0,0.0,False,False,False,False,5000.0,500.0
1,1000000.0,0,4,3500,0.95,False,1.0,0.0,0.0,1615.1595228605713,0.0,0.0,False,False,False,False,5000.0,500.0
1,1000000.0,0,4,3500,0.95,False,1.0,0.0,0.0,303.57272923287286,0.0,0.0,False,False,False,False,5000.0,500.0
1,1000000.0,0,4,3500,0.95,False,1.0,0.0,0.0,789.2439575846519,0.0,0.0,False,False,False,False,5000.0,500.0
1,1000000.0,0,4,3500,0.95,False,1.0,0.0,0.0,624.3014189224373,0.0,0.0,False,False,False,False,5000.0,500.0
1,1000000.0,0,4,3500,0.95,False,1.0,0.0,0.0,344.3513688563041,0.0,0.0,False,False,False,False,5000.0,500.0
1,1000000.0,0,4,3500,0.95,False,,,,,,,True,False,False,False,5000.0,500.0
1,1000000.0,0,4,3500,0.95,False,1.0,0.0,0.0,236.46589606938633,0.0,0.0,False,False,False,False,5000.0,500.0
1,1000000.0,0,4,3500,0.95,False,1.0,0.0,0.0,583.9001611459577,0.0,0.0,False,False,False,False,5000.0,500.0
1,1000000.0,0,4,3500,0.95,False,1.0,0.0,0.0,2190.779633013192,0.0,0.0,False,False,False,False,5000.0,500.0
1,1000000.0,0,4,3500,0.95,False,1.0,0.0,0.0,1040.0915360861206,0.0,0.0,False,False,False,False,5000.0,500.0
1,1000000.0,0,4,3500,0.95,False,1.0,0.0,0.0,579.166892107223,0.0,0.0,False,False,False,False,5000.0,500.0
1,1000000.0,0,4,3500,0.95,False,1.0,0.0,0.0,1885.4157021033684,0.0,0.0,False,False,False,False,5000.0,500.0
1,1000000.0,0,4,3500,0.95,False,1.0,0.0,0.0,1716.3024154847,0.0,0.0,False,False,False,False,5000.0,500.0
1,1000000.0,0,4,3500,0.95,False,1.0,0.0,0.0,448.9826882440301,0.0,0.0,False,False,False,False,5000.0,500.0
1,1000000.0,0,4,3500,0.95,False,1.0,0.0,0.0,755.1677891178091,0.0,0.0,False,False,False,False,5000.0,500.0
1,1000000.0,0,4,3500,0.95,False,1.0,0.0,0.0,371.93487509543417,0.0,0.0,False,False,False,False,5000.0,500.0
1,1000000.0,0,4,3500,0.95,False,1.0,0.0,0.0,478.93444891263033,0.0,0.0,False,False,False,False,5000.0,500.0
1,1000000.0,0,4,3500,0.95,False,,,,,,,True,False,False,False,5000.0,500.0
1,1000000.0,0,4,3500,0.95,False,1.0,0.0,0.0,327.65026965054426,0.0,0.0,False,False,False,False,5000.0,500.0
1,1000000.0,0,4,3500,0.95,False,1.0,0.0,0.0,1069.5149407036542,0.0,0.0,False,False,False,False,5000.0,500.0
1,1000000.0,0,4,3500,0.95,False,1.0,0.0,0.0,430.251306598823,0.0,0.0,False,False,False,False,5000.0,500.0
1,1000000.0,0,4,3500,0.95,False,,,,,,,True,False,False,False,5000.0,500.0
1,1000000.0,0,4,3500,0.95,False,1.0,0.0,0.0,454.22243044505205,0.0,0.0,False,False,False,False,5000.0,500.0
1,1000000.0,0,4,3500,0.95,False,1.0,0.0,0.0,1743.8565396261265,0.0,0.0,False,False,False,False,5000.0,500.0
1,1000000.0,0,4,3500,0.95,False,1.0,0.0,0.0,448.0776762825001,0.0,0.0,False,False,False,False,5000.0,500.0
1,1000000.0,0,4,3500,0.95,False,1.0,0.0,0.0,606.9552211215945,0.0,0.0,False,False,False,False,5000.0,500.0
1,1000000.0,0,4,3500,0.95,False,1.0,0.0,0.0,2764.6156227197043,0.0,0.0,False,False,False,False,5000.0,500.0
1,1000000.0,0,4,3500,0.95,False,1.0,0.0,0.0,2448.5258115615056,0.0,0.0,False,False,False,False,5000.0,500.0
1,1000000.0,0,4,3500,0.95,False,1.0,0.0,0.0,211.206703635515,0.0,0.0,False,False,False,False,5000.0,500.0
1,1000000.0,0,4,3500,0.95,False,1.0,0.0,0.0,500.0373779543983,0.0,0.0,False,False,False,False,5000.0,500.0
1,1000000.0,0,4,3500,0.95,False,1.0,0.0,0.0,1102.0808055596126,0.0,0.0,False,False,False,False,5000.0,500.0
1,1000000.0,0,4,3500,0.95,False,1.0,0.0,0.0,1657.4987441149106,0.0,0.0,False,False,False,False,5000.0,500.0
1,1000000.0,0,4,3500,0.95,False,1.0,0.0,0.0,734.9821574206854,0.0,0.0,False,False,False,False,5000.0,500.0
1,1000000.0,0,4,3500,0.95,False,,,,,,,True,False,False,False,5000.0,500.0
1,1000000.0,0,4,3500,0.95,False,1.0,0.0,0.0,847.8680943536631,0.0,0.0,False,False,False,False,5000.0,500.0
1,1000000.0,0,4,3500,0.95,False,1.0,0.0,0.0,2583.955411726881,0.0,0.0,False,False,False,False,5000.0,500.0
1,1000000.0,0,4,3500,0.95,False,1.0,0.0,0.0,704.6205114592643,0.0,0.0,False,False,False,False,5000.0,500.0
1,1000000.0,0,4,3500,0.95,False,1.0,0.0,0.0,1033.9601866803955,0.0,0.0,False,False,False,False,5000.0,500.0
1,1000000.0,0,4,3500,0.95,False,1.0,0.0,0.0,794.0758658894111,0.0,0.0,False,False,False,False,5000.0,500.0
1,1000000.0,0,4,3500,0.95,False,1.0,0.0,0.0,458.8728170219479,0.0,0.0,False,False,False,False,5000.0,500.0
2,1000000.0,0,4,3500,0.95,False,1.0,1.0,0.041666666666666664,846.8770350204766;173.61685794343427,2.0,0.08333333333333333,False,False,False,False,5000.0,500.0
2,1000000.0,0,4,3500,0.95,False,1.0,1.0,0.041666666666666664,146.87751782971736;769.3029421357144,1.0,0.041666666666666664,False,False,False,False,5000.0,500.0
2,1000000.0,0,4,3500,0.95,False,1.0,0.0,0.0,2616.7870581099273;981.1400634747902,0.0,0.0,False,False,False,False,5000.0,500.0
2,1000000.0,0,4,3500,0.95,False,1.0,2.0,0.08333333333333333,1272.6219999180385;1228.5666063409394,0.0,0.0,False,False,False,False,5000.0,500.0
2,1000000.0,0,4,3500,0.95,False,1.0,8.0,0.3333333333333333,310.37428305586536;365.1077721647817,0.0,0.0,False,False,False,False,5000.0,500.0
2,1000000.0,0,4,3500,0.95,False,1.0,2.0,0.08333333333333333,1003.8457573463045;1258.0470155952598,0.0,0.0,False,False,False,False,5000.0,500.0
2,1000000.0,0,4,3500,0.95,False,1.0,0.0,0.0,420.14472065741415;422.4625699718386,0.0,0.0,False,False,False,False,5000.0,500.0
2,1000000.0,0,4,3500,0.95,False,1.0,0.0,0.0,504.9243892053158;2063.090787292056,2.0,0.08333333333333333,False,False,False,False,5000.0,500.0
2,1000000.0,0,4,3500,0.95,False,1.0,0.0,0.0,1075.601050495219;746.7691976790256,0.0,0.0,False,False,False,False,5000.0,500.0
2,1000000.0,0,4,3500,0.95,False,1.0,2.0,0.08333333333333333,1094.1387163797065;480.05581070895636,0.0,0.0,False,False,False,False,5000.0,500.0
2,1000000.0,0,4,3500,0.95,False,1.0,6.0,0.25,1240.9124892000139;849.6556203093028,0.0,0.0,False,False,False,False,5000.0,500.0
2,1000000.0,0,4,3500,0.95,False,1.0,4.0,0.16666666666666666,1396.0224033802842;2393.2017659353282,3.0,0.125,False,False,False,False,5000.0,500.0
2,1000000.0,0,4,3500,0.95,False,1.0,0.0,0.0,429.9636393410052;1420.4098533797023,0.0,0.0,False,False,False,False,5000.0,500.0
2,1000000.0,0,4,3500,0.95,False,1.0,0.0,0.0,1301.3456443555317;839.8668567252727,0.0,0.0,False,False,False,False,5000.0,500.0
2,1000000.0,0,4,3500,0.95,False,1.0,0.0,0.0,1438.3444886051225;1134.6234325901091,0.0,0.0,False,False,False,False,5000.0,500.0
2,1000000.0,0,4,3500,0.95,False,,,,,,,True,False,False,False,5000.0,500.0
2,1000000.0,0,4,3500,0.95,False,1.0,4.0,0.16666666666666666,1509.0075530211443;230.60527185638614,0.0,0.0,False,False,False,False,5000.0,500.0
2,1000000.0,0,4,3500,0.95,False,1.0,0.0,0.0,1354.9971392775174;819.1626423544184,1.0,0.041666666666666664,False,False,False,False,5000.0,500.0
2,1000000.0,0,4,3500,0.95,False,1.0,0.0,0.0,422.94084414137717;283.07761116961626,0.0,0.0,False,False,False,False,5000.0,500.0
2,1000000.0,0,4,3500,0.95,False,1.0,2.0,0.08333333333333333,847.4377050169998;1108.2473883928958,0.0,0.0,False,False,False,False,5000.0,500.0
2,1000000.0,0,4,3500,0.95,False,1.0,0.0,0.0,519.1403827744172;1485.0029930568176,0.0,0.0,False,False,False,False,5000.0,500.0
2,1000000.0,0,4,3500,0.95,False,1.0,0.0,0.0,541.7263516300202;1000.3778469607779,0.0,0.0,False,False,False,False,5000.0,500.0
2,1000000.0,0,4,3500,0.95,False,1.0,1.0,0.041666666666666664,237.4195033491069;661.2726161161698,2.0,0.08333333333333333,False,False,False,False,5000.0,500.0
2,1000000.0,0,4,3500,0.95,False,1.0,6.0,0.25,614.9734802271396;1768.284501261836,0.0,0.0,False,False,False,False,5000.0,500.0
2,1000000.0,0,4,3500,0.95,False,1.0,0.0,0.0,716.032899983187;220.24855489101247,0.0,0.0,False,False,False,False,5000.0,500.0
2,1000000.0,0,4,3500,0.95,False,1.0,2.0,0.08333333333333333,1842.3212675071354;528.6937821513924,0.0,0.0,False,False,False,False,5000.0,500.0
2,1000000.0,0,4,3500,0.95,False,1.0,2.0,0.08333333333333333,825.1655794770112;1504.9627271255574,4.0,0.16666666666666666,False,False,False,False,5000.0,500.0
2,1000000.0,0,4,3500,0.95,False,1.0,3.0,0.125,1393.469042307768;276.0048858716256,1.0,0.041666666666666664,False,False,False,False,5000.0,500.0
2,1000000.0,0,4,3500,0.95,False,1.0,0.0,0.0,489.7099539316733;262.58997497789363,0.0,0.0,False,False,False,False,5000.0,500.0
2,1000000.0,0,4,3500,0.95,False,1.0,4.0,0.16666666666666666,871.6330687780593;694.9629525808092,0.0,0.0,False,False,False,False,5000.0,500.0
2,1000000.0,0,4,3500,0.95,False,1.0,0.0,0.0,34.998528896133955;2428.8843946683296,0.0,0.0,False,False,False,False,5000.0,500.0
2,1000000.0,0,4,3500,0.95,False,1.0,2.0,0.08333333333333333,366.0489393206158;608.3885526309659,0.0,0.0,False,False,False,False,5000.0,500.0
2,1000000.0,0,4,3500,0.95,False,1.0,2.0,0.08333333333333333,2008.2809266867812;815.4456010118337,3.0,0.125,False,False,False,False,5000.0,500.0
2,1000000.0,0,4,3500,0.95,False,1.0,4.0,0.16666666666666666,1946.1055452367566;2102.2108887074537,0.0,0.0,False,False,False,False,5000.0,500.0
2,1000000.0,0,4,3500,0.95,False,1.0,2.0,0.08333333333333333,3874.382758354533;1221.8636871946273,0.0,0.0,False,False,False,False,5000.0,500.0
2,1000000.0,0,4,3500,0.95,False,1.0,6.0,0.25,893.932952431319;882.0953297463169,0.0,0.0,False,False,False,False,5000.0,500.0
2,1000000.0,0,4,3500,0.95,False,1.0,2.0,0.08333333333333333,470.3478575147209;525.6458965515839,0.0,0.0,False,False,False,False,5000.0,500.0
2,1000000.0,0,4,3500,0.95,False,1.0,0.0,0.0,956.9008991442824;551.2794790502562,0.0,0.0,False,False,False,False,5000.0,500.0
2,1000000.0,0,4,3500,0.95,False,,,,,,,True,False,False,False,5000.0,500.0
2,1000000.0,0,4,3500,0.95,False,1.0,0.0,0.0,1243.1859986912402;826.833336570181,1.0,0.041666666666666664,False,False,False,False,5000.0,500.0
2,1000000.0,0,4,3500,0.95,False,1.0,0.0,0.0,757.408110603457;953.1212560775397,0.0,0.0,False,False,False,False,5000.0,500.0
2,1000000.0,0,4,3500,0.95,False,1.0,3.0,0.125,239.33529855338935;1047.8825818822352,1.0,0.041666666666666664,False,False,False,False,5000.0,500.0
2,1000000.0,0,4,3500,0.95,False,1.0,0.0,0.0,2388.803487682332;857.0884138824979,1.0,0.041666666666666664,False,False,False,False,5000.0,500.0
2,1000000.0,0,4,3500,0.95,False,1.0,0.0,0.0,475.0457957132386;718.9586689174287,0.0,0.0,False,False,False,False,5000.0,500.0
2,1000000.0,0,4,3500,0.95,False,1.0,0.0,0.0,1552.5683129881086;616.5704913531574,1.0,0.041666666666666664,False,False,False,False,5000.0,500.0
2,1000000.0,0,4,3500,0.95,False,1.0,2.0,0.08333333333333333,716.8590876789567;1131.8367089787064,1.0,0.041666666666666664,False,False,False,False,5000.0,500.0
2,1000000.0,0,4,3500,0.95,False,1.0,7.0,0.2916666666666667,1302.6539610378882;1047.1203259796102,1.0,0.041666666666666664,False,False,False,False,5000.0,500.0
2,1000000.0,0,4,3500,0.95,False,1.0,1.0,0.041666666666666664,1096.1301417539519;1439.4985948406534,1.0,0.041666666666666664,False,False,False,False,5000.0,500.0
2,1000000.0,0,4,3500,0.95,False,1.0,2.0,0.08333333333333333,1699.1833016699477;1789.1660447799597,0.0,0.0,False,False,False,False,5000.0,500.0
2,1000000.0,0,4,3500,0.95,False,1.0,6.0,0.25,454.9049164024798;366.45097509687696,2.0,0.08333333333333333,False,False,False,False,5000.0,500.0
2,1000000.0,0,4,3500,0.95,False,1.0,2.0,0.08333333333333333,653.9699621213074;513.4995927019039,0.0,0.0,False,False,False,False,5000.0,500.0
2,1000000.0,0,4,3500,0.95,False,1.0,2.0,0.08333333333333333,81.53247167894757;287.39907072603734,0.0,0.0,False,False,False,False,5000.0,500.0
2,1000000.0,0,4,3500,0.95,False,1.0,2.0,0.08333333333333333,231.25782056834615;469.919480069978,0.0,0.0,False,False,False,False,5000.0,500.0
2,1000000.0,0,4,3500,0.95,False,1.0,4.0,0.16666666666666666,560.453369942138;1142.5587028063774,1.0,0.041666666666666664,False,False,False,False,5000.0,500.0
2,1000000.0,0,4,3500,0.95,False,1.0,0.0,0.0,992.7292250699842;666.9936692284483,0.0,0.0,False,False,False,False,5000.0,500.0
2,1000000.0,0,4,3500,0.95,False,1.0,2.0,0.08333333333333333,939.5340507607231;701.439259963362,0.0,0.0,False,False,False,False,5000.0,500.0
2,1000000.0,0,4,3500,0.95,False,1.0,0.0,0.0,759.2245169797649;948.9307273080391,1.0,0.041666666666666664,False,False,False,False,5000.0,500.0
2,1000000.0,0,4,3500,0.95,False,1.0,3.0,0.125,696.3797882126337;505.2083968338765,1.0,0.041666666666666664,False,False,False,False,5000.0,500.0
2,1000000.0,0,4,3500,0.95,False,1.0,0.0,0.0,2143.816114440756;305.0691660937111,0.0,0.0,False,False,False,False,5000.0,500.0
2,1000000.0,0,4,3500,0.95,False,1.0,2.0,0.08333333333333333,279.8663343848428;1590.3271425431622,0.0,0.0,False,False,False,False,5000.0,500.0
2,1000000.0,0,4,3500,0.95,False,1.0,4.0,0.16666666666666666,2576.48329870663;788.5418552016711,1.0,0.041666666666666664,False,False,False,False,5000.0,500.0
2,1000000.0,0,4,3500,0.95,False,1.0,0.0,0.0,533.1503446860761;1471.386036761234,0.0,0.0,False,False,False,False,5000.0,500.0
2,1000000.0,0,4,3500,0.95,False,1.0,1.0,0.041666666666666664,1175.007377322898;2166.704388972536,1.0,0.041666666666666664,False,False,False,False,5000.0,500.0
2,1000000.0,0,4,3500,0.95,False,1.0,0.0,0.0,336.28078842063525;568.0226200929894,0.0,0.0,False,False,False,False,5000.0,500.0
2,1000000.0,0,4,3500,0.95,False,1.0,0.0,0.0,461.25736799468535;1249.1996574239574,1.0,0.041666666666666664,False,False,False,False,5000.0,500.0
2,1000000.0,0,4,3500,0.95,False,1.0,3.0,0.125,1854.2711855994705;1171.4802696076115,1.0,0.041666666666666664,False,False,False,False,5000.0,500.0
2,1000000.0,0,4,3500,0.95,False,1.0,0.0,0.0,805.0875589213534;528.0749614674619,0.0,0.0,False,False,False,False,5000.0,500.0
2,1000000.0,0,4,3500,0.95,False,1.0,0.0,0.0,3350.417530701318;68.89428805563828,0.0,0.0,False,False,False,False,5000.0,500.0
2,1000000.0,0,4,3500,0.95,False,1.0,0.0,0.0,934.4789277478448;953.7750687575408,0.0,0.0,False,False,False,False,5000.0,500.0
2,1000000.0,0,4,3500,0.95,False,1.0,3.0,0.125,727.8977981393562;1460.817665138295,1.0,0.041666666666666664,False,False,False,False,5000.0,500.0
2,1000000.0,0,4,3500,0.95,False,1.0,0.0,0.0,355.97858303206795;2366.2070828676538,0.0,0.0,False,False,False,False,5000.0,500.0
2,1000000.0,0,4,3500,0.95,False,1.0,3.0,0.125,906.4644831679193;1051.2513903505499,2.0,0.08333333333333333,False,False,False,False,5000.0,500.0
2,1000000.0,0,4,3500,0.95,False,1.0,0.0,0.0,1121.750460303554;1179.487984527775,0.0,0.0,False,False,False,False,5000.0,500.0
2,1000000.0,0,4,3500,0.95,False,1.0,0.0,0.0,1485.611095564683;1313.0296655990855,0.0,0.0,False,False,False,False,5000.0,500.0
2,1000000.0,0,4,3500,0.95,False,1.0,2.0,0.08333333333333333,1966.9404978900925;1140.8432812234093,1.0,0.041666666666666664,False,False,False,False,5000.0,500.0
2,1000000.0,0,4,3500,0.95,False,1.0,1.0,0.041666666666666664,621.9213568377494;1530.204662905855,1.0,0.041666666666666664,False,False,False,False,5000.0,500.0
2,1000000.0,0,4,3500,0.95,False,1.0,2.0,0.08333333333333333,816.3022023420891;2212.1131413447542,0.0,0.0,False,False,False,False,5000.0,500.0
2,1000000.0,0,4,3500,0.95,False,1.0,1.0,0.041666666666666664,570.315810424395;1115.0061979693767,1.0,0.041666666666666664,False,False,False,False,5000.0,500.0
2,1000000.0,0,4,3500,0.95,False,1.0,1.0,0.041666666666666664,1033.673877694607;1480.3523081263024,1.0,0.041666666666666664,False,False,False,False,5000.0,500.0
2,1000000.0,0,4,3500,0.95,False,1.0,2.0,0.08333333333333333,224.2749532588325;2718.8123221075466,1.0,0.041666666666666664,False,False,False,False,5000.0,500.0
2,1000000.0,0,4,3500,0.95,False,1.0,1.0,0.041666666666666664,889.5128978321802;383.29923201727,1.0,0.041666666666666664,False,False,False,False,5000.0,500.0
2,1000000.0,0,4,3500,0.95,False,1.0,0.0,0.0,500.44512325741925;1165.4415651283675,0.0,0.0,False,False,False,False,5000.0,500.0
2,1000000.0,0,4,3500,0.95,False,1.0,0.0,0.0,471.33313806988;825.9916153479712,0.0,0.0,False,False,False,False,5000.0,500.0
2,1000000.0,0,4,3500,0.95,False,1.0,2.0,0.08333333333333333,1118.159267816806;284.9116591465617,2.0,0.08333333333333333,False,False,False,False,5000.0,500.0
2,1000000.0,0,4,3500,0.95,False,1.0,0.0,0.0,319.2968215858066;1128.0370312928399,1.0,0.041666666666666664,False,False,False,False,5000.0,500.0
2,1000000.0,0,4,3500,0.95,False,1.0,0.0,0.0,365.9162888398478;869.4772459875554,0.0,0.0,False,False,False,False,5000.0,500.0
2,1000000.0,0,4,3500,0.95,False,1.0,2.0,0.08333333333333333,3003.1365414457473;1593.980845682636,0.0,0.0,False,False,False,False,5000.0,500.0
2,1000000.0,0,4,3500,0.95,False,1.0,3.0,0.125,1212.7758094280857;514.4263201909014,1.0,0.041666666666666664,False,False,False,False,5000.0,500.0
2,1000000.0,0,4,3500,0.95,False,1.0,0.0,0.0,772.7487706265465;1663.7488601292603,0.0,0.0,False,False,False,False,5000.0,500.0
2,1000000.0,0,4,3500,0.95,False,1.0,5.0,0.20833333333333334,423.06276355278646;495.717409632031,1.0,0.041666666666666664,False,False,False,False,5000.0,500.0
2,1000000.0,0,4,3500,0.95,False,1.0,0.0,0.0,326.09457103873217;1029.9107454244968,1.0,0.041666666666666664,False,False,False,False,5000.0,500.0
2,1000000.0,0,4,3500,0.95,False,1.0,0.0,0.0,867.4206264340849;2007.7608500979695,0.0,0.0,False,False,False,False,5000.0,500.0
2,1000000.0,0,4,3500,0.95,False,1.0,4.0,0.16666666666666666,1739.2143510515048;251.67595357826687,0.0,0.0,False,False,False,False,5000.0,500.0
2,1000000.0,0,4,3500,0.95,False,1.0,2.0,0.08333333333333333,2142.456885080448;435.7229239885372,1.0,0.041666666666666664,False,False,False,False,5000.0,500.0
2,1000000.0,0,4,3500,0.95,False,1.0,4.0,0.16666666666666666,234.19419914868308;375.4980551924304,2.0,0.08333333333333333,False,False,False,False,5000.0,500.0
2,1000000.0,0,4,3500,0.95,False,1.0,6.0,0.25,1793.6636955724398;1960.3655920232259,0.0,0.0,False,False,False,False,5000.0,500.0
2,1000000.0,0,4,3500,0.95,False,1.0,4.0,0.16666666666666666,1257.7315917957087;1728.7713075744516,0.0,0.0,False,False,False,False,5000.0,500.0
2,1000000.0,0,4,3500,0.95,False,1.0,0.0,0.0,275.11472331800667;415.47292858051014,0.0,0.0,False,False,False,False,5000.0,500.0
2,1000000.0,0,4,3500,0.95,False,1.0,0.0,0.0,1304.9785228492713;1280.4037607731489,0.0,0.0,False,False,False,False,5000.0,500.0
2,1000000.0,0,4,3500,0.95,False,1.0,0.0,0.0,607.9384985581523;1507.8747704366829,0.0,0.0,False,False,False,False,5000.0,500.0
2,1000000.0,0,4,3500,0.95,False,1.0,0.0,0.0,728.0073697229802;533.5218333916333,1.0,0.041666666666666664,False,False,False,False,5000.0,500.0
2,1000000.0,0,4,3500,0.95,False,1.0,2.0,0.08333333333333333,1511.1167019256984;1184.580832850637,0.0,0.0,False,False,False,False,5000.0,500.0
2,1000000.0,0,4,3500,0.95,False,1.0,1.0,0.041666666666666664,275.5709127037361;1393.7342844879777,4.0,0.16666666666666666,False,False,False,False,5000.0,500.0
2,1000000.0,0,4,3500,0.95,False,1.0,10.0,0.4166666666666667,1845.5619797316658;2091.767368647981,1.0,0.041666666666666664,False,False,False,False,5000.0,500.0
2,1000000.0,0,4,3500,0.95,False,1.0,0.0,0.0,860.133572650698;913.7365406892666,0.0,0.0,False,False,False,False,5000.0,500.0
2,1000000.0,0,4,3500,0.95,False,1.0,2.0,0.08333333333333333,40.61676879794819;624.8081061939921,0.0,0.0,False,False,False,False,5000.0,500.0
2,1000000.0,0,4,3500,0.95,False,1.0,0.0,0.0,1510.73005557439;1596.2429829407288,0.0,0.0,False,False,False,False,5000.0,500.0
2,1000000.0,0,4,3500,0.95,False,1.0,0.0,0.0,136.31695059944357;1893.3921502124927,0.0,0.0,False,False,False,False,5000.0,500.0
2,1000000.0,0,4,3500,0.95,False,1.0,0.0,0.0,366.9062251878604;1497.9023126857062,0.0,0.0,False,False,False,False,5000.0,500.0
2,1000000.0,0,4,3500,0.95,False,1.0,5.0,0.20833333333333334,440.7452746754995;488.24451491166667,3.0,0.125,False,False,False,False,5000.0,500.0
2,1000000.0,0,4,3500,0.95,False,1.0,2.0,0.08333333333333333,729.9181124976545;1239.398611801479,1.0,0.041666666666666664,False,False,False,False,5000.0,500.0
2,1000000.0,0,4,3500,0.95,False,1.0,0.0,0.0,1721.4044377161129;406.0600596742143,0.0,0.0,False,False,False,False,5000.0,500.0
2,1000000.0,0,4,3500,0.95,False,1.0,0.0,0.0,603.4087254486225;637.4504888361223,0.0,0.0,False,False,False,False,5000.0,500.0
2,1000000.0,0,4,3500,0.95,False,1.0,1.0,0.041666666666666664,822.4361248297349;317.3377233481455,1.0,0.041666666666666664,False,False,False,False,5000.0,500.0
2,1000000.0,0,4,3500,0.95,False,1.0,0.0,0.0,437.8474993655613;962.4841897873349,0.0,0.0,False,False,False,False,5000.0,500.0
2,1000000.0,0,4,3500,0.95,False,1.0,4.0,0.16666666666666666,1756.428070046519;2948.099758245492,2.0,0.08333333333333333,False,False,False,False,5000.0,500.0
2,1000000.0,0,4,3500,0.95,False,1.0,2.0,0.08333333333333333,841.8049494752935;819.6640228384974,1.0,0.041666666666666664,False,False,False,False,5000.0,500.0
2,1000000.0,0,4,3500,0.95,False,1.0,0.0,0.0,1508.4891879812747;259.5510598121695,0.0,0.0,False,False,False,False,5000.0,500.0
2,1000000.0,0,4,3500,0.95,False,1.0,5.0,0.20833333333333334,940.5970248891139;210.0019457962427,1.0,0.041666666666666664,False,False,False,False,5000.0,500.0
2,1000000.0,0,4,3500,0.95,False,1.0,2.0,0.08333333333333333,1279.2459551492827;1414.059062678003,0.0,0.0,False,False,False,False,5000.0,500.0
2,1000000.0,0,4,3500,0.95,False,1.0,0.0,0.0,536.1571202075129;2269.6298779524623,0.0,0.0,False,False,False,False,5000.0,500.0
2,1000000.0,0,4,3500,0.95,False,1.0,0.0,0.0,3983.1965519949676;1006.7969549686055,0.0,0.0,False,False,False,False,5000.0,500.0
2,1000000.0,0,4,3500,0.95,False,1.0,2.0,0.08333333333333333,1876.984522932436;2216.4047602305727,0.0,0.0,False,False,False,False,5000.0,500.0
2,1000000.0,0,4,3500,0.95,False,1.0,1.0,0.041666666666666664,2158.27793460486;629.8855419186398,1.0,0.041666666666666664,False,False,False,False,5000.0,500.0
2,1000000.0,0,4,3500,0.95,False,1.0,0.0,0.0,2776.2325116523666;198.7767234624532,0.0,0.0,False,False,False,False,5000.0,500.0
2,1000000.0,0,4,3500,0.95,False,1.0,1.0,0.041666666666666664,283.82170200545767;790.4453598944165,3.0,0.125,False,False,False,False,5000.0,500.0
2,1000000.0,0,4,3500,0.95,False,1.0,1.0,0.041666666666666664,686.7229274135539;487.27352510982945,1.0,0.041666666666666664,False,False,False,False,5000.0,500.0
2,1000000.0,0,4,3500,0.95,False,1.0,4.0,0.16666666666666666,816.1528681027143;808.8861060682266,0.0,0.0,False,False,False,False,5000.0,500.0
2,1000000.0,0,4,3500,0.95,False,1.0,0.0,0.0,1362.19928601285;1509.4120259510323,0.0,0.0,False,False,False,False,5000.0,500.0
2,1000000.0,0,4,3500,0.95,False,1.0,0.0,0.0,916.6072370940509;1919.65268431528,0.0,0.0,False,False,False,False,5000.0,500.0
2,1000000.0,0,4,3500,0.95,False,1.0,3.0,0.125,1320.7834555912343;1418.7037147156364,2.0,0.08333333333333333,False,False,False,False,5000.0,500.0
2,1000000.0,0,4,3500,0.95,False,1.0,2.0,0.08333333333333333,526.3657189685298;1249.49185305333,0.0,0.0,False,False,False,False,5000.0,500.0
2,1000000.0,0,4,3500,0.95,False,1.0,6.0,0.25,539.1465447614994;386.348972975981,0.0,0.0,False,False,False,False,5000.0,500.0
2,1000000.0,0,4,3500,0.95,False,1.0,2.0,0.08333333333333333,69.69611047389012;386.7981020956391,0.0,0.0,False,False,False,False,5000.0,500.0
2,1000000.0,0,4,3500,0.95,False,1.0,1.0,0.041666666666666664,1157.2141993324333;509.24391856060345,1.0,0.041666666666666664,False,False,False,False,5000.0,500.0
2,1000000.0,0,4,3500,0.95,False,1.0,2.0,0.08333333333333333,536.0824176575012;374.8572926921854,1.0,0.041666666666666664,False,False,False,False,5000.0,500.0
2,1000000.0,0,4,3500,0.95,False,1.0,3.0,0.125,557.4673397102832;935.9316500205438,1.0,0.041666666666666664,False,False,False,False,5000.0,500.0
2,1000000.0,0,4,3500,0.95,False,1.0,0.0,0.0,475.36270604935567;356.6509821771855,0.0,0.0,False,False,False,False,5000.0,500.0
2,1000000.0,0,4,3500,0.95,False,1.0,2.0,0.08333333333333333,1567.6896476175696;1230.1771139575005,0.0,0.0,False,False,False,False,5000.0,500.0
2,1000000.0,0,4,3500,0.95,False,1.0,0.0,0.0,995.0898253874901;1879.576989848808,0.0,0.0,False,False,False,False,5000.0,500.0
2,1000000.0,0,4,3500,0.95,False,1.0,0.0,0.0,1163.7915907008276;1296.7748100828285,0.0,0.0,False,False,False,False,5000.0,500.0
2,1000000.0,0,4,3500,0.95,False,1.0,2.0,0.08333333333333333,1027.2111106950385;1206.7190021901554,0.0,0.0,False,False,False,False,5000.0,500.0
2,1000000.0,0,4,3500,0.95,False,1.0,2.0,0.08333333333333333,818.7631453446514;449.89375310624257,2.0,0.08333333333333333,False,False,False,False,5000.0,500.0
2,1000000.0,0,4,3500,0.95,False,1.0,2.0,0.08333333333333333,1023.1531760565913;431.8582151438891,0.0,0.0,False,False,False,False,5000.0,500.0
2,1000000.0,0,4,3500,0.95,False,1.0,2.0,0.08333333333333333,657.2169508298605;575.5773386802276,1.0,0.041666666666666664,False,False,False,False,5000.0,500.0
2,1000000.0,0,4,3500,0.95,False,1.0,5.0,0.20833333333333334,1496.6050009588093;2389.218231188606,1.0,0.041666666666666664,False,False,False,False,5000.0,500.0
2,1000000.0,0,4,3500,0.95,False,1.0,0.0,0.0,1301.3761412003269;268.81483630657175,1.0,0.041666666666666664,False,False,False,False,5000.0,500.0
2,1000000.0,0,4,3500,0.95,False,1.0,7.0,0.2916666666666667,355.2201886912446;1319.8369698153774,5.0,0.20833333333333334,False,False,False,False,5000.0,500.0
2,1000000.0,0,4,3500,0.95,False,1.0,4.0,0.16666666666666666,829.3339831677347;1349.0288997394193,0.0,0.0,False,False,False,False,5000.0,500.0
2,1000000.0,0,4,3500,0.95,False,1.0,0.0,0.0,405.90205232850866;1218.5824206328607,0.0,0.0,False,False,False,False,5000.0,500.0
3,1000000.0,0,4,3500,0.95,False,1.0,6,0.16666666666666666,676.4823202949271;1221.9658231428766;181.16808152267652,0,0.0,False,False,False,False,5000.0,500.0
3,1000000.0,0,4,3500,0.95,False,1.0,5,0.1388888888888889,917.9810403837614;1751.7038008698432;1265.0532086353676,2,0.05555555555555555,False,False,False,False,5000.0,500.0
3,1000000.0,0,4,3500,0.95,False,1.0,5,0.1388888888888889,1113.4079639860215;1779.7718957659822;1321.9697655474274,2,0.05555555555555555,False,False,False,False,5000.0,500.0
3,1000000.0,0,4,3500,0.95,False,0.6666666666666666,15,0.4166666666666667,1415.9315441337098;1537.3778074533,12,0.3333333333333333,False,False,False,False,5000.0,500.0
3,1000000.0,0,4,3500,0.95,False,0.6666666666666666,14,0.3888888888888889,1398.5478833233697;1127.044928554544,12,0.3333333333333333,False,False,False,False,5000.0,500.0
3,1000000.0,0,4,3500,0.95,False,1.0,1,0.027777777777777776,119.15935707145943;304.01114572849656;363.84029390997534,4,0.1111111111111111,False,False,False,False,5000.0,500.0
3,1000000.0,0,4,3500,0.95,False,1.0,4,0.1111111111111111,1247.5727044252183;1167.8533345237934;381.55285258967757,4,0.1111111111111111,False,False,False,False,5000.0,500.0
3,1000000.0,0,4,3500,0.95,False,1.0,1,0.027777777777777776,954.6640274084302;420.2251266344101;1199.654951850601,2,0.05555555555555555,False,False,False,False,5000.0,500.0
3,1000000.0,0,4,3500,0.95,False,0.6666666666666666,13,0.3611111111111111,932.6220470992646;1196.3731273955832,12,0.3333333333333333,False,False,False,False,5000.0,500.0
3,1000000.0,0,4,3500,0.95,False,1.0,4,0.1111111111111111,1006.3989346494661;670.0061111541327;1047.905301717641,7,0.19444444444444445,False,False,False,False,5000.0,500.0
3,1000000.0,0,4,3500,0.95,False,1.0,3,0.08333333333333333,223.31990935757037;249.59662613917376;2832.320926569376,8,0.2222222222222222,False,False,False,False,5000.0,500.0
3,1000000.0,0,4,3500,0.95,False,1.0,10,0.2777777777777778,989.9209638368696;1519.8943080563497;569.897819837754,2,0.05555555555555555,False,False,False,False,5000.0,500.0
3,1000000.0,0,4,3500,0.95,False,0.6666666666666666,13,0.3611111111111111,1045.3313729394552;1832.490812681713,13,0.3611111111111111,False,False,False,False,5000.0,500.0
3,1000000.0,0,4,3500,0.95,False,1.0,2,0.05555555555555555,1800.589624865991;1480.0241018434783;934.4936397315985,4,0.1111111111111111,False,False,False,False,5000.0,500.0
3,1000000.0,0,4,3500,0.95,False,0.6666666666666666,12,0.3333333333333333,834.3492051249781;728.3309679729069,12,0.3333333333333333,False,False,False,False,5000.0,500.0
3,1000000.0,0,4,3500,0.95,False,1.0,3,0.08333333333333333,1495.6816137969165;1874.2475682412767;565.8864938194687,6,0.16666666666666666,False,False,False,False,5000.0,500.0
3,1000000.0,0,4,3500,0.95,False,1.0,3,0.08333333333333333,999.9050758048222;1057.3660179493224;301.4203536075951,3,0.08333333333333333,False,False,False,False,5000.0,500.0
3,1000000.0,0,4,3500,0.95,False,0.6666666666666666,13,0.3611111111111111,539.3200115669018;391.03138438631413,12,0.3333333333333333,False,False,False,False,5000.0,500.0
3,1000000.0,0,4,3500,0.95,False,1.0,6,0.16666666666666666,467.63848835891855;572.5395889939517;1123.7202262728279,3,0.08333333333333333,False,False,False,False,5000.0,500.0
3,1000000.0,0,4,3500,0.95,False,0.6666666666666666,13,0.3611111111111111,3772.2181203311375;168.9576017503816,12,0.3333333333333333,False,False,False,False,5000.0,500.0
3,1000000.0,0,4,3500,0.95,False,0.6666666666666666,12,0.3333333333333333,731.384617373826;1866.9111991780533,12,0.3333333333333333,False,False,False,False,5000.0,500.0
3,1000000.0,0,4,3500,0.95,False,1.0,1,0.027777777777777776,502.12059058948284;522.2636842456716;837.3960289384189,5,0.1388888888888889,False,False,False,False,5000.0,500.0
3,1000000.0,0,4,3500,0.95,False,0.6666666666666666,14,0.3888888888888889,1070.467380504825;335.3234492217472,12,0.3333333333333333,False,False,False,False,5000.0,500.0
3,1000000.0,0,4,3500,0.95,False,1.0,0,0.0,915.0339221674326;1176.7416244880217;1868.761661533856,1,0.027777777777777776,False,False,False,False,5000.0,500.0
3,1000000.0,0,4,3500,0.95,False,1.0,4,0.1111111111111111,764.2227677640457;2822.5049160153076;1820.7238876652757,2,0.05555555555555555,False,False,False,False,5000.0,500.0
3,1000000.0,0,4,3500,0.95,False,0.6666666666666666,13,0.3611111111111111,1432.0881740130737;790.0668907929573,12,0.3333333333333333,False,False,False,False,5000.0,500.0
3,1000000.0,0,4,3500,0.95,False,0.6666666666666666,14,0.3888888888888889,527.9225087921594;479.16554690503244,12,0.3333333333333333,False,False,False,False,5000.0,500.0
3,1000000.0,0,4,3500,0.95,False,1.0,6,0.16666666666666666,2774.3239543882632;1442.284070916036;1935.0328674656955,5,0.1388888888888889,False,False,False,False,5000.0,500.0
3,1000000.0,0,4,3500,0.95,False,1.0,5,0.1388888888888889,2484.2338688065083;714.0358288570451;1847.7350354259388,2,0.05555555555555555,False,False,False,False,5000.0,500.0
3,1000000.0,0,4,3500,0.95,False,1.0,2,0.05555555555555555,3342.583559226824;2891.859743326142;976.0677044627176,0,0.0,False,False,False,False,5000.0,500.0
3,1000000.0,0,4,3500,0.95,False,1.0,2,0.05555555555555555,174.67907567779824;1145.7663983331793;1606.8043553078421,1,0.027777777777777776,False,False,False,False,5000.0,500.0
3,1000000.0,0,4,3500,0.95,False,0.6666666666666666,12,0.3333333333333333,425.2962964181165;395.74436673339187,12,0.3333333333333333,False,False,False,False,5000.0,500.0
3,1000000.0,0,4,3500,0.95,False,1.0,1,0.027777777777777776,670.8464099307803;1776.8756823203562;1247.4965708135255,3,0.08333333333333333,False,False,False,False,5000.0,500.0
3,1000000.0,0,4,3500,0.95,False,1.0,7,0.19444444444444445,714.1720306611733;1277.7804518712599;2309.7055231396203,3,0.08333333333333333,False,False,False,False,5000.0,500.0
3,1000000.0,0,4,3500,0.95,False,1.0,3,0.08333333333333333,1338.3324556144769;480.8746326433774;2302.8357288032144,4,0.1111111111111111,False,False,False,False,5000.0,500.0
3,1000000.0,0,4,3500,0.95,False,1.0,3,0.08333333333333333,498.9631561460015;1785.1188812493974;499.5075603737577,3,0.08333333333333333,False,False,False,False,5000.0,500.0
3,1000000.0,0,4,3500,0.95,False,1.0,4,0.1111111111111111,877.5590059214994;2378.7029353441476;1551.3889831319095,8,0.2222222222222222,False,False,False,False,5000.0,500.0
3,1000000.0,0,4,3500,0.95,False,0.6666666666666666,17,0.4722222222222222,3136.8905267250825;1464.2583610895979,12,0.3333333333333333,False,False,False,False,5000.0,500.0
3,1000000.0,0,4,3500,0.95,False,1.0,5,0.1388888888888889,2055.9681161056196;1054.4741801229354;3093.668325657271,2,0.05555555555555555,False,False,False,False,5000.0,500.0
3,1000000.0,0,4,3500,0.95,False,1.0,5,0.1388888888888889,1174.9255742453615;2300.2048027251662;2481.5088733048424,5,0.1388888888888889,False,False,False,False,5000.0,500.0
3,1000000.0,0,4,3500,0.95,False,0.6666666666666666,13,0.3611111111111111,1210.0844783427128;1371.6996515209617,12,0.3333333333333333,False,False,False,False,5000.0,500.0
3,1000000.0,0,4,3500,0.95,False,1.0,8,0.2222222222222222,1887.407877224963;418.2458657058938;308.31784365638606,3,0.08333333333333333,False,False,False,False,5000.0,500.0
3,1000000.0,0,4,3500,0.95,False,0.6666666666666666,12,0.3333333333333333,1319.1473058546153;1064.9208132529607,13,0.3611111111111111,False,False,False,False,5000.0,500.0
3,1000000.0,0,4,3500,0.95,False,0.6666666666666666,13,0.3611111111111111,307.5591592368456;1646.4128881979557,12,0.3333333333333333,False,False,False,False,5000.0,500.0
3,1000000.0,0,4,3500,0.95,False,0.6666666666666666,16,0.4444444444444444,3349.9257200295297;825.6985664043466,12,0.3333333333333333,False,False,False,False,5000.0,500.0
3,1000000.0,0,4,3500,0.95,False,0.6666666666666666,16,0.4444444444444444,1529.4945397667097;2857.616407100557,12,0.3333333333333333,False,False,False,False,5000.0,500.0
3,1000000.0,0,4,3500,0.95,False,1.0,1,0.027777777777777776,563.8187477140935;774.005946557839;767.168775826117,3,0.08333333333333333,False,False,False,False,5000.0,500.0
3,1000000.0,0,4,3500,0.95,False,0.6666666666666666,14,0.3888888888888889,47.94923519280449;1448.5627467913293,13,0.3611111111111111,False,False,False,False,5000.0,500.0
3,1000000.0,0,4,3500,0.95,False,1.0,3,0.08333333333333333,977.146314500022;596.4295279057311;1578.752340380939,2,0.05555555555555555,False,False,False,False,5000.0,500.0
3,1000000.0,0,4,3500,0.95,False,1.0,4,0.1111111111111111,1318.916500044227;2179.180107426183;680.1821058670254,3,0.08333333333333333,False,False,False,False,5000.0,500.0
3,1000000.0,0,4,3500,0.95,False,1.0,2,0.05555555555555555,267.2934872118703;864.8123132110287;344.4704661980873,1,0.027777777777777776,False,False,False,False,5000.0,500.0
3,1000000.0,0,4,3500,0.95,False,1.0,6,0.16666666666666666,1207.5660376332899;1168.8185891308842;1525.5667317821199,7,0.19444444444444445,False,False,False,False,5000.0,500.0
3,1000000.0,0,4,3500,0.95,False,1.0,3,0.08333333333333333,322.5820752083993;1324.8286327434425;1101.8199565072043,6,0.16666666666666666,False,False,False,False,5000.0,500.0
3,1000000.0,0,4,3500,0.95,False,0.6666666666666666,15,0.4166666666666667,851.149727604843;931.2033894379366,12,0.3333333333333333,False,False,False,False,5000.0,500.0
3,1000000.0,0,4,3500,0.95,False,1.0,0,0.0,291.8067282148527;954.6142743848982;1347.8891968615324,0,0.0,False,False,False,False,5000.0,500.0
3,1000000.0,0,4,3500,0.95,False,1.0,4,0.1111111111111111,154.36172130547544;440.6159126472586;1331.90518425506,6,0.16666666666666666,False,False,False,False,5000.0,500.0
3,1000000.0,0,4,3500,0.95,False,1.0,9,0.25,491.86045186264596;711.3505572774868;466.2086361440404,2,0.05555555555555555,False,False,False,False,5000.0,500.0
3,1000000.0,0,4,3500,0.95,False,0.6666666666666666,12,0.3333333333333333,565.0310017171763;1578.601579390182,13,0.3611111111111111,False,False,False,False,5000.0,500.0
3,1000000.0,0,4,3500,0.95,False,0.6666666666666666,12,0.3333333333333333,733.1930195884034;1173.9104612116846,12,0.3333333333333333,False,False,False,False,5000.0,500.0
3,1000000.0,0,4,3500,0.95,False,0.6666666666666666,13,0.3611111111111111,1556.36669378599;1225.8170613185591,12,0.3333333333333333,False,False,False,False,5000.0,500.0
3,1000000.0,0,4,3500,0.95,False,1.0,5,0.1388888888888889,1572.8204249283617;457.820633128753;2144.106985691514,3,0.08333333333333333,False,False,False,False,5000.0,500.0
3,1000000.0,0,4,3500,0.95,False,1.0,5,0.1388888888888889,377.5941815563444;260.2031009851326;443.16788880723163,5,0.1388888888888889,False,False,False,False,5000.0,500.0
3,1000000.0,0,4,3500,0.95,False,1.0,4,0.1111111111111111,283.7035018559916;1468.7256617806868;812.731923713246,3,0.08333333333333333,False,False,False,False,5000.0,500.0
3,1000000.0,0,4,3500,0.95,False,1.0,7,0.19444444444444445,1577.7288129047797;789.8504827653858;703.0238632515063,6,0.16666666666666666,False,False,False,False,5000.0,500.0
3,1000000.0,0,4,3500,0.95,False,1.0,4,0.1111111111111111,126.74660841403977;1691.062129299566;379.74998371779384,3,0.08333333333333333,False,False,False,False,5000.0,500.0
3,1000000.0,0,4,3500,0.95,False,1.0,3,0.08333333333333333,3198.733388711623;1563.8503546938302;452.59499133283714,7,0.19444444444444445,False,False,False,False,5000.0,500.0
3,1000000.0,0,4,3500,0.95,False,1.0,2,0.05555555555555555,718.1200867631968;1692.3844363935498;152.85940088662798,4,0.1111111111111111,False,False,False,False,5000.0,500.0
3,1000000.0,0,4,3500,0.95,False,1.0,5,0.1388888888888889,1286.980979539635;919.0515771917774;1231.8160548972094,4,0.1111111111111111,False,False,False,False,5000.0,500.0
3,1000000.0,0,4,3500,0.95,False,1.0,6,0.16666666666666666,505.64859469704345;1086.4986924406062;1137.8037548180037,4,0.1111111111111111,False,False,False,False,5000.0,500.0
3,1000000.0,0,4,3500,0.95,False,1.0,5,0.1388888888888889,1131.0929855451436;756.5642629424254;1973.8616896136996,1,0.027777777777777776,False,False,False,False,5000.0,500.0
3,1000000.0,0,4,3500,0.95,False,1.0,4,0.1111111111111111,4823.057434100202;1537.1893138772684;3052.9962938341937,8,0.2222222222222222,False,False,False,False,5000.0,500.0
3,1000000.0,0,4,3500,0.95,False,0.6666666666666666,12,0.3333333333333333,1203.4023392484364;2143.131949647478,12,0.3333333333333333,False,False,False,False,5000.0,500.0
3,1000000.0,0,4,3500,0.95,False,0.6666666666666666,14,0.3888888888888889,574.1089374503595;2371.438060951943,12,0.3333333333333333,False,False,False,False,5000.0,500.0
3,1000000.0,0,4,3500,0.95,False,0.6666666666666666,13,0.3611111111111111,1722.190122882328;619.4082304192011,12,0.3333333333333333,False,False,False,False,5000.0,500.0
3,1000000.0,0,4,3500,0.95,False,1.0,11,0.3055555555555556,2189.463632700917;1287.3871087683647;3145.528032168163,4,0.1111111111111111,False,False,False,False,5000.0,500.0
3,1000000.0,0,4,3500,0.95,False,1.0,4,0.1111111111111111,1116.815010565314;584.1619760285483;1774.6803692221272,3,0.08333333333333333,False,False,False,False,5000.0,500.0
3,1000000.0,0,4,3500,0.95,False,1.0,2,0.05555555555555555,917.1996311221556;724.3076890178437;646.8344661527423,3,0.08333333333333333,False,False,False,False,5000.0,500.0
3,1000000.0,0,4,3500,0.95,False,1.0,5,0.1388888888888889,1806.527746966113;654.6806797808069;1228.5057597673763,1,0.027777777777777776,False,False,False,False,5000.0,500.0
3,1000000.0,0,4,3500,0.95,False,0.6666666666666666,15,0.4166666666666667,2928.710764644614;2376.357233197061,13,0.3611111111111111,False,False,False,False,5000.0,500.0
3,1000000.0,0,4,3500,0.95,False,1.0,2,0.05555555555555555,1197.0727526105488;2175.815662178508;1940.62900263303,4,0.1111111111111111,False,False,False,False,5000.0,500.0
3,1000000.0,0,4,3500,0.95,False,0.6666666666666666,12,0.3333333333333333,648.5940964517433;1732.036724214622,12,0.3333333333333333,False,False,False,False,5000.0,500.0
3,1000000.0,0,4,3500,0.95,False,0.6666666666666666,14,0.3888888888888889,564.6609750532904;910.1175085052395,12,0.3333333333333333,False,False,False,False,5000.0,500.0
3,1000000.0,0,4,3500,0.95,False,1.0,0,0.0,473.6804293262078;603.7095641257066;1414.7805802301486,6,0.16666666666666666,False,False,False,False,5000.0,500.0
3,1000000.0,0,4,3500,0.95,False,1.0,4,0.1111111111111111,1263.6778556152208;1477.3681688331299;1492.1481613207957,2,0.05555555555555555,False,False,False,False,5000.0,500.0
3,1000000.0,0,4,3500,0.95,False,1.0,4,0.1111111111111111,1423.4436217293257;2732.378906237312;220.7009728361258,3,0.08333333333333333,False,False,False,False,5000.0,500.0
3,1000000.0,0,4,3500,0.95,False,1.0,4,0.1111111111111111,899.1684116524989;1244.515846913942;997.0306711606171,4,0.1111111111111111,False,False,False,False,5000.0,500.0
3,1000000.0,0,4,3500,0.95,False,1.0,6,0.16666666666666666,3137.3036676953993;718.0932707173607;1562.6882738288284,1,0.027777777777777776,False,False,False,False,5000.0,500.0
3,1000000.0,0,4,3500,0.95,False,0.6666666666666666,13,0.3611111111111111,840.363292548236;367.2118213175045,12,0.3333333333333333,False,False,False,False,5000.0,500.0
3,1000000.0,0,4,3500,0.95,False,1.0,4,0.1111111111111111,387.4624179111691;963.7150947316931;270.31674687831566,1,0.027777777777777776,False,False,False,False,5000.0,500.0
3,1000000.0,0,4,3500,0.95,False,1.0,2,0.05555555555555555,1292.6380420808946;792.2174555273605;243.43362602506843,6,0.16666666666666666,False,False,False,False,5000.0,500.0
3,1000000.0,0,4,3500,0.95,False,0.6666666666666666,13,0.3611111111111111,3216.70177830394;1045.672719767884,12,0.3333333333333333,False,False,False,False,5000.0,500.0
3,1000000.0,0,4,3500,0.95,False,1.0,1,0.027777777777777776,845.8086695402008;417.8288841059197;1548.889686073468,1,0.027777777777777776,False,False,False,False,5000.0,500.0
3,1000000.0,0,4,3500,0.95,False,1.0,3,0.08333333333333333,356.85897120584684;913.1039327552005;1625.7613350432114,3,0.08333333333333333,False,False,False,False,5000.0,500.0
3,1000000.0,0,4,3500,0.95,False,0.6666666666666666,11,0.3055555555555556,1826.29276936916;1543.4598925663092,13,0.3611111111111111,False,False,False,False,5000.0,500.0
3,1000000.0,0,4,3500,0.95,False,1.0,6,0.16666666666666666,1265.284691776307;4418.48446207255;1221.326993523601,3,0.08333333333333333,False,False,False,False,5000.0,500.0
3,1000000.0,0,4,3500,0.95,False,1.0,4,0.1111111111111111,942.6430984552441;889.4058950615811;902.1539661757256,3,0.08333333333333333,False,False,False,False,5000.0,500.0
3,1000000.0,0,4,3500,0.95,False,0.6666666666666666,13,0.3611111111111111,1054.9943566754519;1977.7327268709291,12,0.3333333333333333,False,False,False,False,5000.0,500.0
3,1000000.0,0,4,3500,0.95,False,1.0,5,0.1388888888888889,515.5148833231005;777.1924100894742;729.4714066856426,3,0.08333333333333333,False,False,False,False,5000.0,500.0
3,1000000.0,0,4,3500,0.95,False,1.0,4,0.1111111111111111,1594.1740902840786;196.7887049212349;2223.654000913974,5,0.1388888888888889,False,False,False,False,5000.0,500.0
3,1000000.0,0,4,3500,0.95,False,1.0,2,0.05555555555555555,682.7324583867553;269.6537058824785;278.80243899649423,5,0.1388888888888889,False,False,False,False,5000.0,500.0
3,1000000.0,0,4,3500,0.95,False,1.0,8,0.2222222222222222,823.4898034508351;1447.438046224342;2002.3980782237445,0,0.0,False,False,False,False,5000.0,500.0
3,1000000.0,0,4,3500,0.95,False,1.0,7,0.19444444444444445,218.00854005566427;1446.101637394533;3756.12029836168,5,0.1388888888888889,False,False,False,False,5000.0,500.0
3,1000000.0,0,4,3500,0.95,False,1.0,1,0.027777777777777776,1520.836241238109;800.2496036368013;869.3152942343347,7,0.19444444444444445,False,False,False,False,5000.0,500.0
3,1000000.0,0,4,3500,0.95,False,1.0,4,0.1111111111111111,478.62064899931096;939.0476244532779;674.3727835672206,1,0.027777777777777776,False,False,False,False,5000.0,500.0
3,1000000.0,0,4,3500,0.95,False,1.0,0,0.0,199.30650869692894;2653.4330397135095;552.6245376395299,1,0.027777777777777776,False,False,False,False,5000.0,500.0
3,1000000.0,0,4,3500,0.95,False,1.0,2,0.05555555555555555,1428.3695305810252;1069.1948692899327;889.4142133948127,5,0.1388888888888889,False,False,False,False,5000.0,500.0
3,1000000.0,0,4,3500,0.95,False,1.0,6,0.16666666666666666,490.59293598962927;1246.9591383000727;329.86985467651203,7,0.19444444444444445,False,False,False,False,5000.0,500.0
3,1000000.0,0,4,3500,0.95,False,0.6666666666666666,15,0.4166666666666667,524.1764680077072;1027.9207074020842,12,0.3333333333333333,False,False,False,False,5000.0,500.0
3,1000000.0,0,4,3500,0.95,False,0.6666666666666666,12,0.3333333333333333,652.3934800587567;814.9759000368991,12,0.3333333333333333,False,False,False,False,5000.0,500.0
3,1000000.0,0,4,3500,0.95,False,1.0,2,0.05555555555555555,1383.809654508249;1208.19797508141;1043.7704276006702,3,0.08333333333333333,False,False,False,False,5000.0,500.0
3,1000000.0,0,4,3500,0.95,False,1.0,4,0.1111111111111111,580.8432790671238;563.124145208361;3632.3790400535413,1,0.027777777777777776,False,False,False,False,5000.0,500.0
3,1000000.0,0,4,3500,0.95,False,1.0,4,0.1111111111111111,1858.1131264565804;1948.2851938164483;1645.784848605991,3,0.08333333333333333,False,False,False,False,5000.0,500.0
3,1000000.0,0,4,3500,0.95,False,0.6666666666666666,14,0.3888888888888889,1623.8934410484767;1742.8091255738912,12,0.3333333333333333,False,False,False,False,5000.0,500.0
3,1000000.0,0,4,3500,0.95,False,1.0,1,0.027777777777777776,1009.0918583388167;478.7455979277172;1989.4725423052423,4,0.1111111111111111,False,False,False,False,5000.0,500.0
3,1000000.0,0,4,3500,0.95,False,1.0,2,0.05555555555555555,1821.929339914937;406.621797278141;793.5457062413767,3,0.08333333333333333,False,False,False,False,5000.0,500.0
3,1000000.0,0,4,3500,0.95,False,1.0,2,0.05555555555555555,296.30033496705147;1239.0072778969734;117.84896523212119,2,0.05555555555555555,False,False,False,False,5000.0,500.0
3,1000000.0,0,4,3500,0.95,False,1.0,3,0.08333333333333333,591.7337166883735;699.4374035339125;3361.9563681371296,7,0.19444444444444445,False,False,False,False,5000.0,500.0
3,1000000.0,0,4,3500,0.95,False,1.0,4,0.1111111111111111,1020.1156124958478;1849.4396389576364;595.2500551441342,6,0.16666666666666666,False,False,False,False,5000.0,500.0
3,1000000.0,0,4,3500,0.95,False,1.0,8,0.2222222222222222,2518.8279166174398;614.3633651601916;801.2463124185573,2,0.05555555555555555,False,False,False,False,5000.0,500.0
3,1000000.0,0,4,3500,0.95,False,1.0,2,0.05555555555555555,508.0486616159673;823.9170692924473;601.3950925483094,3,0.08333333333333333,False,False,False,False,5000.0,500.0
3,1000000.0,0,4,3500,0.95,False,1.0,1,0.027777777777777776,1260.7423101249087;1430.2465946570594;935.5736028702029,2,0.05555555555555555,False,False,False,False,5000.0,500.0
3,1000000.0,0,4,3500,0.95,False,0.6666666666666666,14,0.3888888888888889,787.6166605909596;970.396129479274,12,0.3333333333333333,False,False,False,False,5000.0,500.0
3,1000000.0,0,4,3500,0.95,False,1.0,4,0.1111111111111111,739.8956731665254;614.3580343633178;246.3859363721648,3,0.08333333333333333,False,False,False,False,5000.0,500.0
3,1000000.0,0,4,3500,0.95,False,1.0,5,0.1388888888888889,1266.7918566251426;1218.6453318701865;2517.137415645485,3,0.08333333333333333,False,False,False,False,5000.0,500.0
3,1000000.0,0,4,3500,0.95,False,1.0,2,0.05555555555555555,337.1386390254405;647.3466505248613;3377.2760393283897,8,0.2222222222222222,False,False,False,False,5000.0,500.0
3,1000000.0,0,4,3500,0.95,False,0.6666666666666666,11,0.3055555555555556,636.2283304494719;944.4870763558154,15,0.4166666666666667,False,False,False,False,5000.0,500.0
3,1000000.0,0,4,3500,0.95,False,1.0,3,0.08333333333333333,173.7808383904075;437.02486052353817;1840.40058348622,3,0.08333333333333333,False,False,False,False,5000.0,500.0
3,1000000.0,0,4,3500,0.95,False,1.0,6,0.16666666666666666,1001.6429961533635;2136.4479501528763;1498.7169409005537,2,0.05555555555555555,False,False,False,False,5000.0,500.0
3,1000000.0,0,4,3500,0.95,False,0.6666666666666666,13,0.3611111111111111,3943.558091603639;485.38888085675364,12,0.3333333333333333,False,False,False,False,5000.0,500.0
3,1000000.0,0,4,3500,0.95,False,1.0,6,0.16666666666666666,845.1446782270756;1355.263083940734;1810.9651194084333,1,0.027777777777777776,False,False,False,False,5000.0,500.0
3,1000000.0,0,4,3500,0.95,False,1.0,2,0.05555555555555555,793.7987493545306;1190.5850838329532;191.08823021188442,3,0.08333333333333333,False,False,False,False,5000.0,500.0
3,1000000.0,0,4,3500,0.95,False,1.0,7,0.19444444444444445,408.67732239425055;1445.2739895043917;1424.2972753615525,2,0.05555555555555555,False,False,False,False,5000.0,500.0
3,1000000.0,0,4,3500,0.95,False,1.0,4,0.1111111111111111,598.8827216212675;1677.7648850904304;3275.084412945378,4,0.1111111111111111,False,False,False,False,5000.0,500.0
3,1000000.0,0,4,3500,0.95,False,1.0,2,0.05555555555555555,407.3467043976182;696.3898031287422;584.9123991262337,1,0.027777777777777776,False,False,False,False,5000.0,500.0
3,1000000.0,0,4,3500,0.95,False,1.0,1,0.027777777777777776,476.55706729617464;1220.0892991402425;964.9283967182445,2,0.05555555555555555,False,False,False,False,5000.0,500.0
3,1000000.0,0,4,3500,0.95,False,1.0,3,0.08333333333333333,3012.4807078904087;289.31130292130257;1558.6367792159451,6,0.16666666666666666,False,False,False,False,5000.0,500.0
3,1000000.0,0,4,3500,0.95,False,1.0,7,0.19444444444444445,1342.3482801538773;2152.3924278083196;1175.5368219266422,2,0.05555555555555555,False,False,False,False,5000.0,500.0
3,1000000.0,0,4,3500,0.95,False,1.0,4,0.1111111111111111,228.28603118441708;1448.7812707148491;1783.2065171431793,0,0.0,False,False,False,False,5000.0,500.0
3,1000000.0,0,4,3500,0.95,False,1.0,4,0.1111111111111111,627.7726245339475;2128.540274240129;4202.182643965879,9,0.25,False,False,False,False,5000.0,500.0
3,1000000.0,0,4,3500,0.95,False,1.0,1,0.027777777777777776,1101.1836748388516;834.1065843333772;1337.1829445947178,3,0.08333333333333333,False,False,False,False,5000.0,500.0
3,1000000.0,0,4,3500,0.95,False,1.0,7,0.19444444444444445,1062.2744725149703;1132.972892278255;571.3775248412165,3,0.08333333333333333,False,False,False,False,5000.0,500.0
3,1000000.0,0,4,3500,0.95,False,1.0,10,0.2777777777777778,740.611525177986;1593.271658393053;1322.6117151645633,2,0.05555555555555555,False,False,False,False,5000.0,500.0
3,1000000.0,0,4,3500,0.95,False,1.0,3,0.08333333333333333,1431.8234058711018;1628.5149113507503;2342.43391351196,6,0.16666666666666666,False,False,False,False,5000.0,500.0
3,1000000.0,0,4,3500,0.95,False,1.0,5,0.1388888888888889,3605.604954405676;507.01669933879924;1601.6494570252598,3,0.08333333333333333,False,False,False,False,5000.0,500.0
3,1000000.0,0,4,3500,0.95,False,1.0,5,0.1388888888888889,895.5888496911736;119.17594797752831;21456.5902664437,7,0.19444444444444445,False,False,False,False,5000.0,500.0
3,1000000.0,0,4,3500,0.95,False,1.0,3,0.08333333333333333,658.4989151825476;364.0213583579991;1516.8899643856078,2,0.05555555555555555,False,False,False,False,5000.0,500.0
3,1000000.0,0,4,3500,0.95,False,1.0,4,0.1111111111111111,382.53159728919775;1997.3485585154033;1305.7848167637253,3,0.08333333333333333,False,False,False,False,5000.0,500.0
3,1000000.0,0,4,3500,0.95,False,0.6666666666666666,15,0.4166666666666667,2613.1316057946638;1384.2259808198658,12,0.3333333333333333,False,False,False,False,5000.0,500.0
3,1000000.0,0,4,3500,0.95,False,1.0,1,0.027777777777777776,742.6370862221889;801.5460185795847;1425.970597083279,3,0.08333333333333333,False,False,False,False,5000.0,500.0
3,1000000.0,0,4,3500,0.95,False,0.6666666666666666,12,0.3333333333333333,1641.4223781669684;764.3662624576165,12,0.3333333333333333,False,False,False,False,5000.0,500.0
4,1000000.0,0,4,3500,0.95,False,1.0,5,0.10416666666666667,1069.6654487141207;613.2808167657405;1747.833260475136;2435.622210726229,7,0.14583333333333334,False,False,False,False,5000.0,500.0
4,1000000.0,0,4,3500,0.95,False,0.5,25,0.5208333333333334,1522.2434539159976;396.28981171339456,24,0.5,False,False,False,False,5000.0,500.0
4,1000000.0,0,4,3500,0.95,False,0.75,23,0.4791666666666667,1655.1833197375304;27.746787179900302;737.056127202481,13,0.2708333333333333,False,False,False,False,5000.0,500.0
4,1000000.0,0,4,3500,0.95,False,0.5,28,0.5833333333333334,1974.5179237866455;664.5247022202998,24,0.5,False,False,False,False,5000.0,500.0
4,1000000.0,0,4,3500,0.95,False,0.5,25,0.5208333333333334,464.1917146176351;2496.423640386118,24,0.5,False,False,False,False,5000.0,500.0
4,1000000.0,0,4,3500,0.95,False,0.75,16,0.3333333333333333,523.0336960747848;1527.6920964965293;884.7891239052327,15,0.3125,False,False,False,False,5000.0,500.0
4,1000000.0,0,4,3500,0.95,False,0.5,26,0.5416666666666666,1112.469635172975;2542.086076827685,24,0.5,False,False,False,False,5000.0,500.0
4,1000000.0,0,4,3500,0.95,False,0.75,25,0.5208333333333334,656.5378296388488;1549.7392688587624;2459.0376022322334,12,0.25,False,False,False,False,5000.0,500.0
4,1000000.0,0,4,3500,0.95,False,0.75,16,0.3333333333333333,1323.046034234713;1654.7762402330216;1820.0141547714377,12,0.25,False,False,False,False,5000.0,500.0
4,1000000.0,0,4,3500,0.95,False,0.75,18,0.375,1353.7714231172306;435.74196264218494;1423.25189821455,12,0.25,False,False,False,False,5000.0,500.0
4,1000000.0,0,4,3500,0.95,False,0.75,15,0.3125,404.0520654993216;234.9209248498955;1238.118575593574,14,0.2916666666666667,False,False,False,False,5000.0,500.0
4,1000000.0,0,4,3500,0.95,False,0.5,27,0.5625,5071.646234534305;808.2579038412417,24,0.5,False,False,False,False,5000.0,500.0
4,1000000.0,0,4,3500,0.95,False,0.75,15,0.3125,684.4755235304858;703.9532332473223;996.4777317836815,15,0.3125,False,False,False,False,5000.0,500.0
4,1000000.0,0,4,3500,0.95,False,0.5,24,0.5,698.4210090383807;1894.3679709780902,24,0.5,False,False,False,False,5000.0,500.0
4,1000000.0,0,4,3500,0.95,False,1.0,12,0.25,2735.9428674895503;2886.1919682060857;2018.589009835662;382.6776683067004,6,0.125,False,False,False,False,5000.0,500.0
4,1000000.0,0,4,3500,0.95,False,0.5,25,0.5208333333333334,616.5667216009202;1675.76125916366,24,0.5,False,False,False,False,5000.0,500.0
4,1000000.0,0,4,3500,0.95,False,0.75,14,0.2916666666666667,1088.297904246377;1538.2395519019287;1757.0753812095313,13,0.2708333333333333,False,False,False,False,5000.0,500.0
4,1000000.0,0,4,3500,0.95,False,0.75,15,0.3125,1273.2307899619573;1083.6564605256654;779.1356648906963,16,0.3333333333333333,False,False,False,False,5000.0,500.0
4,1000000.0,0,4,3500,0.95,False,0.75,15,0.3125,439.4128548132035;1142.0725345979165;2093.5819860861075,13,0.2708333333333333,False,False,False,False,5000.0,500.0
4,1000000.0,0,4,3500,0.95,False,0.75,16,0.3333333333333333,1646.8399221166378;277.883690609087;895.791984028625,14,0.2916666666666667,False,False,False,False,5000.0,500.0
4,1000000.0,0,4,3500,0.95,False,0.75,17,0.3541666666666667,2696.251859827088;5861.882059680036;849.5320972063232,12,0.25,False,False,False,False,5000.0,500.0
4,1000000.0,0,4,3500,0.95,False,0.75,14,0.2916666666666667,999.8432190099658;1166.1657814725074;884.9258740983239,13,0.2708333333333333,False,False,False,False,5000.0,500.0
4,1000000.0,0,4,3500,0.95,False,0.75,16,0.3333333333333333,616.0592634194597;78.27592348352839;1381.1045398443314,14,0.2916666666666667,False,False,False,False,5000.0,500.0
4,1000000.0,0,4,3500,0.95,False,0.75,12,0.25,1651.128690409236;414.5453489401864;1388.524277581248,20,0.4166666666666667,False,False,False,False,5000.0,500.0
4,1000000.0,0,4,3500,0.95,False,0.75,17,0.3541666666666667,651.3641428476873;1033.7535952253124;984.6756653316227,13,0.2708333333333333,False,False,False,False,5000.0,500.0
4,1000000.0,0,4,3500,0.95,False,0.75,16,0.3333333333333333,1279.589172137838;1139.04656094389;2665.624103905784,13,0.2708333333333333,False,False,False,False,5000.0,500.0
4,1000000.0,0,4,3500,0.95,False,0.5,25,0.5208333333333334,450.98313557861877;2436.362573580989,24,0.5,False,False,False,False,5000.0,500.0
4,1000000.0,0,4,3500,0.95,False,0.75,12,0.25,522.3403870747765;456.61250004886597;1511.4935422676665,18,0.375,False,False,False,False,5000.0,500.0
4,1000000.0,0,4,3500,0.95,False,0.75,15,0.3125,756.5943207439035;5048.447222059221;3331.5637694899197,15,0.3125,False,False,False,False,5000.0,500.0
4,1000000.0,0,4,3500,0.95,False,1.0,10,0.20833333333333334,1666.6719043105613;739.1852622395811;2145.345817111164;1200.128465341244,6,0.125,False,False,False,False,5000.0,500.0
4,1000000.0,0,4,3500,0.95,False,0.75,17,0.3541666666666667,6149.107736741237;73.9150065715476;1303.0517820913615,13,0.2708333333333333,False,False,False,False,5000.0,500.0
4,1000000.0,0,4,3500,0.95,False,0.75,18,0.375,2286.0174174416347;2240.175242462074;1621.2502452048625,16,0.3333333333333333,False,False,False,False,5000.0,500.0
4,1000000.0,0,4,3500,0.95,False,0.75,18,0.375,544.033277106614;9723.086844475247;138.9111341887544,13,0.2708333333333333,False,False,False,False,5000.0,500.0
4,1000000.0,0,4,3500,0.95,False,0.75,18,0.375,2520.490140032918;1828.8307487892182;708.2628868229021,15,0.3125,False,False,False,False,5000.0,500.0
4,1000000.0,0,4,3500,0.95,False,0.5,27,0.5625,931.6305854251691;755.7848030374676,24,0.5,False,False,False,False,5000.0,500.0
4,1000000.0,0,4,3500,0.95,False,0.75,12,0.25,476.91243439523447;658.7502420741198;1358.2510115366583,12,0.25,False,False,False,False,5000.0,500.0
4,1000000.0,0,4,3500,0.95,False,0.75,17,0.3541666666666667,1049.671296856449;800.1857605192447;174.92600148941608,13,0.2708333333333333,False,False,False,False,5000.0,500.0
4,1000000.0,0,4,3500,0.95,False,0.5,27,0.5625,10391.822678112807;806.2679651559126,24,0.5,False,False,False,False,5000.0,500.0
4,1000000.0,0,4,3500,0.95,False,1.0,6,0.125,1315.7382787316633;590.7259976122033;986.922324902483;376.2626195264688,6,0.125,False,False,False,False,5000.0,500.0
4,1000000.0,0,4,3500,0.95,False,0.75,11,0.22916666666666666,1215.295621919704;1122.1253500392538;9229.295503908817,20,0.4166666666666667,False,False,False,False,5000.0,500.0
4,1000000.0,0,4,3500,0.95,False,0.5,24,0.5,727.6350177526981;1339.2445279389253,24,0.5,False,False,False,False,5000.0,500.0
4,1000000.0,0,4,3500,0.95,False,1.0,3,0.0625,339.66771772453484;1442.4422326506951;867.008830776296;676.2335489204714,8,0.16666666666666666,False,False,False,False,5000.0,500.0
4,1000000.0,0,4,3500,0.95,False,0.75,19,0.3958333333333333,674.7711185339762;1177.4239357912024;863.1499413851877,13,0.2708333333333333,False,False,False,False,5000.0,500.0
4,1000000.0,0,4,3500,0.95,False,0.75,13,0.2708333333333333,1138.487287019076;2031.5637493792158;1790.3848245512322,16,0.3333333333333333,False,False,False,False,5000.0,500.0
4,1000000.0,0,4,3500,0.95,False,0.75,15,0.3125,1206.7498558526215;836.0112314276679;836.471519489791,15,0.3125,False,False,False,False,5000.0,500.0
4,1000000.0,0,4,3500,0.95,False,0.75,17,0.3541666666666667,1306.947860613908;2749.823842989428;541.8251114126094,16,0.3333333333333333,False,False,False,False,5000.0,500.0
4,1000000.0,0,4,3500,0.95,False,0.75,17,0.3541666666666667,1708.6883503071422;2817.0173750788517;602.459062494397,12,0.25,False,False,False,False,5000.0,500.0
4,1000000.0,0,4,3500,0.95,False,0.5,25,0.5208333333333334,1559.2343271882576;717.8157436003161,24,0.5,False,False,False,False,5000.0,500.0
4,1000000.0,0,4,3500,0.95,False,0.75,15,0.3125,416.9164311997596;792.0200190872939;853.3047066206817,12,0.25,False,False,False,False,5000.0,500.0
4,1000000.0,0,4,3500,0.95,False,0.5,29,0.6041666666666666,905.8449204027244;478.2713303198304,24,0.5,False,False,False,False,5000.0,500.0
4,1000000.0,0,4,3500,0.95,False,0.75,18,0.375,360.42406764055994;1755.7409079764586;427.4684913768714,13,0.2708333333333333,False,False,False,False,5000.0,500.0
4,1000000.0,0,4,3500,0.95,False,0.75,11,0.22916666666666666,2509.627635182072;380.40325557199577;820.9235064891083,14,0.2916666666666667,False,False,False,False,5000.0,500.0
4,1000000.0,0,4,3500,0.95,False,0.5,24,0.5,2664.3840106501857;8113.3515818916385,24,0.5,False,False,False,False,5000.0,500.0
4,1000000.0,0,4,3500,0.95,False,0.75,18,0.375,1039.539583288082;727.9663796758998;2731.7995622851868,15,0.3125,False,False,False,False,5000.0,500.0
4,1000000.0,0,4,3500,0.95,False,0.75,16,0.3333333333333333,501.55223603433603;2203.6600856278505;515.3771116638569,13,0.2708333333333333,False,False,False,False,5000.0,500.0
4,1000000.0,0,4,3500,0.95,False,1.0,8,0.16666666666666666,608.7231132988909;602.9887387714831;834.2360737379015;134.20901092581363,8,0.16666666666666666,False,False,False,False,5000.0,500.0
4,1000000.0,0,4,3500,0.95,False,0.75,15,0.3125,1936.3639190088002;756.8500679889637;1511.9004587366762,13,0.2708333333333333,False,False,False,False,5000.0,500.0
4,1000000.0,0,4,3500,0.95,False,0.5,25,0.5208333333333334,660.7656182427189;3561.1860072104255,24,0.5,False,False,False,False,5000.0,500.0
4,1000000.0,0,4,3500,0.95,False,0.75,16,0.3333333333333333,1450.1561890458652;367.99253563001315;1117.2034679168667,13,0.2708333333333333,False,False,False,False,5000.0,500.0
4,1000000.0,0,4,3500,0.95,False,0.75,14,0.2916666666666667,1650.9448561140084;983.7642710816801;1662.6801202819593,16,0.3333333333333333,False,False,False,False,5000.0,500.0
4,1000000.0,0,4,3500,0.95,False,0.75,14,0.2916666666666667,909.350741070365;2123.034874069784;835.1806066324343,13,0.2708333333333333,False,False,False,False,5000.0,500.0
4,1000000.0,0,4,3500,0.95,False,0.75,19,0.3958333333333333,841.3459593258716;919.377411156467;3138.0940394561712,17,0.3541666666666667,False,False,False,False,5000.0,500.0
4,1000000.0,0,4,3500,0.95,False,0.75,14,0.2916666666666667,1471.996320070008;1560.4058526820318;6106.38252075299,15,0.3125,False,False,False,False,5000.0,500.0
4,1000000.0,0,4,3500,0.95,False,1.0,3,0.0625,2346.9221788699406;1016.8153596844545;756.5159005615498;1963.9353730330909,12,0.25,False,False,False,False,5000.0,500.0
4,1000000.0,0,4,3500,0.95,False,1.0,6,0.125,1316.8406753751192;2226.398964074248;717.1988622715568;1908.6536805998398,7,0.14583333333333334,False,False,False,False,5000.0,500.0
4,1000000.0,0,4,3500,0.95,False,0.75,16,0.3333333333333333,9717.389612030402;964.4138009806538;658.1064854444941,14,0.2916666666666667,False,False,False,False,5000.0,500.0
4,1000000.0,0,4,3500,0.95,False,0.5,28,0.5833333333333334,2041.9771312240973;1001.4943574970536,24,0.5,False,False,False,False,5000.0,500.0
4,1000000.0,0,4,3500,0.95,False,0.5,26,0.5416666666666666,620.0096281422324;1333.400506659818,24,0.5,False,False,False,False,5000.0,500.0
4,1000000.0,0,4,3500,0.95,False,0.75,19,0.3958333333333333,658.2221515861143;363.20436703050024;4080.972376533852,14,0.2916666666666667,False,False,False,False,5000.0,500.0
4,1000000.0,0,4,3500,0.95,False,0.5,24,0.5,1131.2523728400288;351.3043847226102,24,0.5,False,False,False,False,5000.0,500.0
4,1000000.0,0,4,3500,0.95,False,1.0,4,0.08333333333333333,1104.6922251782976;1132.1615167271991;122.71464938890095;1442.4186496104146,7,0.14583333333333334,False,False,False,False,5000.0,500.0
4,1000000.0,0,4,3500,0.95,False,0.5,27,0.5625,2144.4740318712416;477.50094128744195,24,0.5,False,False,False,False,5000.0,500.0
4,1000000.0,0,4,3500,0.95,False,0.75,13,0.2708333333333333,1335.9751430117315;1861.1233821653057;464.1073201867091,17,0.3541666666666667,False,False,False,False,5000.0,500.0
4,1000000.0,0,4,3500,0.95,False,0.5,27,0.5625,230.10383267872447;1262.7857486641246,24,0.5,False,False,False,False,5000.0,500.0
4,1000000.0,0,4,3500,0.95,False,0.75,13,0.2708333333333333,1757.977488602066;1670.5686081581998;2183.524730590848,14,0.2916666666666667,False,False,False,False,5000.0,500.0
4,1000000.0,0,4,3500,0.95,False,0.75,19,0.3958333333333333,772.7477178030896;2894.4187006182774;1589.8566324347025,13,0.2708333333333333,False,False,False,False,5000.0,500.0
4,1000000.0,0,4,3500,0.95,False,0.75,17,0.3541666666666667,1251.9112230868993;1473.2576517077682;720.7786931745701,15,0.3125,False,False,False,False,5000.0,500.0
4,1000000.0,0,4,3500,0.95,False,0.75,17,0.3541666666666667,716.5781994463877;1390.51104859404;1493.3901911354349,12,0.25,False,False,False,False,5000.0,500.0
4,1000000.0,0,4,3500,0.95,False,0.75,19,0.3958333333333333,1237.2926999710705;2789.0985747376358;1765.4189952977567,14,0.2916666666666667,False,False,False,False,5000.0,500.0
4,1000000.0,0,4,3500,0.95,False,0.75,16,0.3333333333333333,302.6609961900212;606.2972094086097;2578.2920340268042,14,0.2916666666666667,False,False,False,False,5000.0,500.0
4,1000000.0,0,4,3500,0.95,False,0.5,24,0.5,1020.8538669259543;2088.3270813493364,24,0.5,False,False,False,False,5000.0,500.0
4,1000000.0,0,4,3500,0.95,False,0.75,15,0.3125,1118.7683345767807;985.8409782592307;2831.2918081581765,16,0.3333333333333333,False,False,False,False,5000.0,500.0
4,1000000.0,0,4,3500,0.95,False,0.5,29,0.6041666666666666,2796.947749068543;2488.6305666907942,24,0.5,False,False,False,False,5000.0,500.0
4,1000000.0,0,4,3500,0.95,False,0.75,17,0.3541666666666667,386.6525810335953;1906.2024779772821;1846.735335164615,13,0.2708333333333333,False,False,False,False,5000.0,500.0
4,1000000.0,0,4,3500,0.95,False,0.5,29,0.6041666666666666,2869.8251679401815;3561.216128314759,24,0.5,False,False,False,False,5000.0,500.0
4,1000000.0,0,4,3500,0.95,False,0.75,14,0.2916666666666667,3213.1843997654605;1650.015616156444;806.7483005390134,12,0.25,False,False,False,False,5000.0,500.0
4,1000000.0,0,4,3500,0.95,False,0.75,16,0.3333333333333333,1255.6453561620613;7239.8859916841;746.4827010079304,18,0.375,False,False,False,False,5000.0,500.0
4,1000000.0,0,4,3500,0.95,False,0.75,17,0.3541666666666667,1178.7083946403923;406.23597900032064;961.8070948197983,16,0.3333333333333333,False,False,False,False,5000.0,500.0
4,1000000.0,0,4,3500,0.95,False,0.75,22,0.4583333333333333,658.9588732941528;2713.780212376449;3307.354104814079,13,0.2708333333333333,False,False,False,False,5000.0,500.0
4,1000000.0,0,4,3500,0.95,False,0.5,26,0.5416666666666666,2475.487426386398;815.1056818784177,24,0.5,False,False,False,False,5000.0,500.0
4,1000000.0,0,4,3500,0.95,False,0.75,16,0.3333333333333333,1110.2606750731618;1490.7440762949777;318.5769373856614,13,0.2708333333333333,False,False,False,False,5000.0,500.0
4,1000000.0,0,4,3500,0.95,False,0.75,17,0.3541666666666667,203.55894217696462;269.1502573481144;73.611549631629,13,0.2708333333333333,False,False,False,False,5000.0,500.0
4,1000000.0,0,4,3500,0.95,False,0.75,13,0.2708333333333333,715.8427339735325;5894.75027564723;519.2892526994751,15,0.3125,False,False,False,False,5000.0,500.0
4,1000000.0,0,4,3500,0.95,False,1.0,4,0.08333333333333333,380.2212596582428;463.6298314841435;384.1553332756379;1201.4211348670385,6,0.125,False,False,False,False,5000.0,500.0
4,1000000.0,0,4,3500,0.95,False,0.75,15,0.3125,678.3634393888823;941.9227997128679;1078.1993523143217,16,0.3333333333333333,False,False,False,False,5000.0,500.0
4,1000000.0,0,4,3500,0.95,False,0.75,14,0.2916666666666667,2616.793915649432;1407.7777764951686;809.2786333485644,15,0.3125,False,False,False,False,5000.0,500.0
4,1000000.0,0,4,3500,0.95,False,0.75,20,0.4166666666666667,815.1067783394268;1491.1957257250137;1677.9935839867971,13,0.2708333333333333,False,False,False,False,5000.0,500.0
4,1000000.0,0,4,3500,0.95,False,0.5,28,0.5833333333333334,506.58047491579424;983.7437017158928,24,0.5,False,False,False,False,5000.0,500.0
4,1000000.0,0,4,3500,0.95,False,0.75,13,0.2708333333333333,862.665548168057;1281.7754592863798;1929.1392724181062,13,0.2708333333333333,False,False,False,False,5000.0,500.0
4,1000000.0,0,4,3500,0.95,False,0.75,11,0.22916666666666666,1707.8718926563688;422.5275098028398;2655.632733888715,19,0.3958333333333333,False,False,False,False,5000.0,500.0
4,1000000.0,0,4,3500,0.95,False,0.75,16,0.3333333333333333,1217.9405207723369;2777.247003754974;2451.142385944238,12,0.25,False,False,False,False,5000.0,500.0
4,1000000.0,0,4,3500,0.95,False,0.5,25,0.5208333333333334,605.2717677607624;8659.51405158501,24,0.5,False,False,False,False,5000.0,500.0
4,1000000.0,0,4,3500,0.95,False,0.75,14,0.2916666666666667,1378.255591078061;518.5888650943211;1932.3894118107905,16,0.3333333333333333,False,False,False,False,5000.0,500.0
4,1000000.0,0,4,3500,0.95,False,0.75,18,0.375,1597.414634419743;1927.8572296357656;705.3000058774894,14,0.2916666666666667,False,False,False,False,5000.0,500.0
4,1000000.0,0,4,3500,0.95,False,1.0,8,0.16666666666666666,1409.2923096930365;1174.3290662269599;2087.2011910883616;537.9262734399628,4,0.08333333333333333,False,False,False,False,5000.0,500.0
4,1000000.0,0,4,3500,0.95,False,0.75,15,0.3125,525.5784944766057;289.50009494207256;3763.948616311106,14,0.2916666666666667,False,False,False,False,5000.0,500.0
4,1000000.0,0,4,3500,0.95,False,0.75,15,0.3125,1112.275941403146;1375.027932128883;912.5987718772645,15,0.3125,False,False,False,False,5000.0,500.0
4,1000000.0,0,4,3500,0.95,False,0.75,13,0.2708333333333333,1448.325366006907;911.442516392494;2235.649517716969,13,0.2708333333333333,False,False,False,False,5000.0,500.0
4,1000000.0,0,4,3500,0.95,False,0.75,12,0.25,239.20595649618906;2216.617770807791;868.7735668950672,14,0.2916666666666667,False,False,False,False,5000.0,500.0
4,1000000.0,0,4,3500,0.95,False,0.75,14,0.2916666666666667,5522.966660984256;1662.8555294584244;978.3687517110895,14,0.2916666666666667,False,False,False,False,5000.0,500.0
4,1000000.0,0,4,3500,0.95,False,0.5,28,0.5833333333333334,251.20193080804768;361.7571128114385,24,0.5,False,False,False,False,5000.0,500.0
4,1000000.0,0,4,3500,0.95,False,0.75,14,0.2916666666666667,1118.0563692986545;1574.3771286101874;770.5498401674358,13,0.2708333333333333,False,False,False,False,5000.0,500.0
4,1000000.0,0,4,3500,0.95,False,0.75,13,0.2708333333333333,169.481362345877;1765.945139879515;965.257381607241,16,0.3333333333333333,False,False,False,False,5000.0,500.0
4,1000000.0,0,4,3500,0.95,False,0.75,18,0.375,792.3640123198255;529.614269957195;1141.580273996217,15,0.3125,False,False,False,False,5000.0,500.0
4,1000000.0,0,4,3500,0.95,False,0.75,17,0.3541666666666667,4692.403267225721;861.0068477688006;1078.5940178992073,14,0.2916666666666667,False,False,False,False,5000.0,500.0
4,1000000.0,0,4,3500,0.95,False,0.5,24,0.5,839.5128103052404;597.641600806867,24,0.5,False,False,False,False,5000.0,500.0
4,1000000.0,0,4,3500,0.95,False,0.5,24,0.5,1277.8724496575314;1981.7774999855912,24,0.5,False,False,False,False,5000.0,500.0
4,1000000.0,0,4,3500,0.95,False,0.5,27,0.5625,2129.4688446959995;1541.1211523240358,24,0.5,False,False,False,False,5000.0,500.0
4,1000000.0,0,4,3500,0.95,False,0.75,15,0.3125,1909.3270674927255;1540.3646192350818;1066.54251871822,19,0.3958333333333333,False,False,False,False,5000.0,500.0
4,1000000.0,0,4,3500,0.95,False,0.75,22,0.4583333333333333,1508.2256556259356;2279.4021569579395;1156.535276439189,13,0.2708333333333333,False,False,False,False,5000.0,500.0
4,1000000.0,0,4,3500,0.95,False,0.75,14,0.2916666666666667,293.22206751296756;1169.1865421702005;1472.3901377247585,15,0.3125,False,False,False,False,5000.0,500.0
4,1000000.0,0,4,3500,0.95,False,1.0,7,0.14583333333333334,684.5555345524089;1375.1675811324574;887.2817749734251;2349.2313668012875,5,0.10416666666666667,False,False,False,False,5000.0,500.0
4,1000000.0,0,4,3500,0.95,False,0.75,16,0.3333333333333333,1668.8275065383991;922.4883276397809;489.037611021497,15,0.3125,False,False,False,False,5000.0,500.0
4,1000000.0,0,4,3500,0.95,False,1.0,10,0.20833333333333334,340.91480339635723;1014.882723546765;2055.5428446931387;616.0985586128073,8,0.16666666666666666,False,False,False,False,5000.0,500.0
4,1000000.0,0,4,3500,0.95,False,0.5,26,0.5416666666666666,2419.277198142988;925.7756924237895,24,0.5,False,False,False,False,5000.0,500.0
4,1000000.0,0,4,3500,0.95,False,0.75,15,0.3125,621.7408927428859;7430.081989479856;302.6291033822866,13,0.2708333333333333,False,False,False,False,5000.0,500.0
4,1000000.0,0,4,3500,0.95,False,0.75,19,0.3958333333333333,976.0015539745638;851.3643825963711;2925.8908618899127,15,0.3125,False,False,False,False,5000.0,500.0
4,1000000.0,0,4,3500,0.95,False,0.75,18,0.375,518.4517779800866;1741.5277434301247;606.2163938038888,14,0.2916666666666667,False,False,False,False,5000.0,500.0
4,1000000.0,0,4,3500,0.95,False,0.75,24,0.5,1049.2576942644348;1974.2902533507659;3872.267325508054,13,0.2708333333333333,False,False,False,False,5000.0,500.0
4,1000000.0,0,4,3500,0.95,False,0.5,24,0.5,6424.95051527851;2500.7924874597925,24,0.5,False,False,False,False,5000.0,500.0
4,1000000.0,0,4,3500,0.95,False,1.0,15,0.3125,789.5591205875709;695.4315229667206;1422.3535869828759;343.34062021466207,3,0.0625,False,False,False,False,5000.0,500.0
4,1000000.0,0,4,3500,0.95,False,0.75,19,0.3958333333333333,1469.506541296606;1686.2431099181836;1802.3993635445618,14,0.2916666666666667,False,False,False,False,5000.0,500.0
4,1000000.0,0,4,3500,0.95,False,0.75,16,0.3333333333333333,1222.0694697436927;2850.4228061102767;510.1881988299242,14,0.2916666666666667,False,False,False,False,5000.0,500.0
4,1000000.0,0,4,3500,0.95,False,0.75,23,0.4791666666666667,4268.033624386983;1414.4508688965827;1994.274875887725,12,0.25,False,False,False,False,5000.0,500.0
4,1000000.0,0,4,3500,0.95,False,0.75,14,0.2916666666666667,413.28323811591093;2188.2171619329465;1958.2636986241182,18,0.375,False,False,False,False,5000.0,500.0
4,1000000.0,0,4,3500,0.95,False,0.75,18,0.375,548.4735108021798;1423.0073836112915;965.674242698648,15,0.3125,False,False,False,False,5000.0,500.0
4,1000000.0,0,4,3500,0.95,False,0.5,28,0.5833333333333334,2925.0191350247987;4199.684034237785,24,0.5,False,False,False,False,5000.0,500.0
4,1000000.0,0,4,3500,0.95,False,1.0,6,0.125,943.9949093390906;1135.9481841980548;1166.0689515802087;3438.8549023601154,7,0.14583333333333334,False,False,False,False,5000.0,500.0
4,1000000.0,0,4,3500,0.95,False,0.75,15,0.3125,193.68038518473517;1459.2825645030691;820.241157196123,14,0.2916666666666667,False,False,False,False,5000.0,500.0
4,1000000.0,0,4,3500,0.95,False,0.75,22,0.4583333333333333,1469.1034448929308;803.5309137320481;2522.9967989140105,12,0.25,False,False,False,False,5000.0,500.0
4,1000000.0,0,4,3500,0.95,False,0.5,24,0.5,1060.7195019822898;2469.075278289815,24,0.5,False,False,False,False,5000.0,500.0
4,1000000.0,0,4,3500,0.95,False,0.75,18,0.375,1485.2093513330617;1665.9587509039163;2142.4487456334505,13,0.2708333333333333,False,False,False,False,5000.0,500.0
4,1000000.0,0,4,3500,0.95,False,0.75,16,0.3333333333333333,807.5110568962884;904.997987059674;147.36282364136326,12,0.25,False,False,False,False,5000.0,500.0
4,1000000.0,0,4,3500,0.95,False,0.75,17,0.3541666666666667,818.1742168617147;1779.0594003615731;1058.3633869174562,13,0.2708333333333333,False,False,False,False,5000.0,500.0
4,1000000.0,0,4,3500,0.95,False,0.75,17,0.3541666666666667,156.44850312404768;1313.392369369953;2754.036928472809,12,0.25,False,False,False,False,5000.0,500.0
4,1000000.0,0,4,3500,0.95,False,0.75,15,0.3125,951.3382481651348;2134.3442269925927;423.1620799507376,17,0.3541666666666667,False,False,False,False,5000.0,500.0
4,1000000.0,0,4,3500,0.95,False,0.75,17,0.3541666666666667,1395.3665000975816;1945.0366990167877;705.4403331244672,12,0.25,False,False,False,False,5000.0,500.0
4,1000000.0,0,4,3500,0.95,False,0.5,28,0.5833333333333334,1650.854159235194;2450.905027402264,24,0.5,False,False,False,False,5000.0,500.0
4,1000000.0,0,4,3500,0.95,False,0.75,16,0.3333333333333333,1777.9879380825191;272.2025667566884;259.69062972330073,17,0.3541666666666667,False,False,False,False,5000.0,500.0
4,1000000.0,0,4,3500,0.95,False,0.75,19,0.3958333333333333,1883.0977027284264;897.3363909911701;381.3308630602112,15,0.3125,False,False,False,False,5000.0,500.0
5,1000000.0,0,4,3500,0.95,False,0.4,38,0.6333333333333333,702.334126256744;2046.26672151497,36,0.6,False,False,False,False,5000.0,500.0
5,1000000.0,0,4,3500,0.95,False,0.4,36,0.6,1613.7262038347753;3511.9270370653467,36,0.6,False,False,False,False,5000.0,500.0
5,1000000.0,0,4,3500,0.95,False,0.6,21,0.35,1983.8351785133557;2709.495782357275;246.29812749607981,30,0.5,False,False,False,False,5000.0,500.0
5,1000000.0,0,4,3500,0.95,False,0.6,29,0.48333333333333334,1415.6533059843337;1322.9444212334618;1370.6977129939025,26,0.43333333333333335,False,False,False,False,5000.0,500.0
5,1000000.0,0,4,3500,0.95,False,0.6,30,0.5,346.3796110379053;6258.225625299468;2219.451334401084,24,0.4,False,False,False,False,5000.0,500.0
5,1000000.0,0,4,3500,0.95,False,0.6,30,0.5,1110.0472782536226;1380.4550782106028;1645.8936168107537,27,0.45,False,False,False,False,5000.0,500.0
5,1000000.0,0,4,3500,0.95,False,0.8,23,0.38333333333333336,300.3676629387263;989.5278029027038;85.78231650218238;790.8911265889582,17,0.2833333333333333,False,False,False,False,5000.0,500.0
5,1000000.0,0,4,3500,0.95,False,0.4,40,0.6666666666666666,1184.290138439613;1195.792582383963,36,0.6,False,False,False,False,5000.0,500.0
5,1000000.0,0,4,3500,0.95,False,0.4,37,0.6166666666666667,219.29356959829818;3269.483862099994,36,0.6,False,False,False,False,5000.0,500.0
5,1000000.0,0,4,3500,0.95,False,0.6,29,0.48333333333333334,1496.5519705140905;5888.493108997772;516.1351309314972,28,0.4666666666666667,False,False,False,False,5000.0,500.0
5,1000000.0,0,4,3500,0.95,False,0.8,16,0.26666666666666666,320.71988316725316;631.2477792251761;5022.935344376211;1728.84128042353,15,0.25,False,False,False,False,5000.0,500.0
5,1000000.0,0,4,3500,0.95,False,0.6,28,0.4666666666666667,553.0385741372683;666.0114960467918;846.6123898006549,26,0.43333333333333335,False,False,False,False,5000.0,500.0
5,1000000.0,0,4,3500,0.95,False,0.6,31,0.5166666666666667,704.2357481056931;1632.4377394299388;1501.6102146141634,24,0.4,False,False,False,False,5000.0,500.0
5,1000000.0,0,4,3500,0.95,False,0.6,24,0.4,3368.8491373053216;777.5714195547708;4317.025738608601,27,0.45,False,False,False,False,5000.0,500.0
5,1000000.0,0,4,3500,0.95,False,0.6,32,0.5333333333333333,2082.5341707315847;1668.87729598581;4216.830159641832,27,0.45,False,False,False,False,5000.0,500.0
5,1000000.0,0,4,3500,0.95,False,0.4,42,0.7,1734.8855499161443;6635.122594363708,36,0.6,False,False,False,False,5000.0,500.0
5,1000000.0,0,4,3500,0.95,False,0.4,38,0.6333333333333333,751.89935661234;1728.5386475348337,36,0.6,False,False,False,False,5000.0,500.0
5,1000000.0,0,4,3500,0.95,False,0.6,33,0.55,3843.0506266054063;5925.332291962159;4458.802654059284,26,0.43333333333333335,False,False,False,False,5000.0,500.0
5,1000000.0,0,4,3500,0.95,False,0.6,28,0.4666666666666667,741.4188259250285;8125.93462199454;415.32507804655285,24,0.4,False,False,False,False,5000.0,500.0
5,1000000.0,0,4,3500,0.95,False,0.6,27,0.45,927.9028747355936;397.156886963207;4643.841199361625,26,0.43333333333333335,False,False,False,False,5000.0,500.0
5,1000000.0,0,4,3500,0.95,False,0.6,29,0.48333333333333334,653.4910065342917;576.699581316465;3152.845620522342,28,0.4666666666666667,False,False,False,False,5000.0,500.0
5,1000000.0,0,4,3500,0.95,False,0.6,31,0.5166666666666667,3464.1897050292164;1072.7779996475474;3527.088561499691,24,0.4,False,False,False,False,5000.0,500.0
5,1000000.0,0,4,3500,0.95,False,0.8,20,0.3333333333333333,3369.1888791582915;875.2905499381588;716.0708520168746;979.3462980635029,21,0.35,False,False,False,False,5000.0,500.0
5,1000000.0,0,4,3500,0.95,False,0.6,28,0.4666666666666667,1429.8968723220398;1055.9730570568638;3082.112264629662,27,0.45,False,False,False,False,5000.0,500.0
5,1000000.0,0,4,3500,0.95,False,0.4,37,0.6166666666666667,4094.891492527084;721.0252894704714,36,0.6,False,False,False,False,5000.0,500.0
5,1000000.0,0,4,3500,0.95,False,0.6,26,0.43333333333333335,1684.3637734601205;2350.42067158208;342.92023795555895,27,0.45,False,False,False,False,5000.0,500.0
5,1000000.0,0,4,3500,0.95,False,0.6,28,0.4666666666666667,1018.7359342591338;2213.7138038393923;446.31619523651744,28,0.4666666666666667,False,False,False,False,5000.0,500.0
5,1000000.0,0,4,3500,0.95,False,0.6,20,0.3333333333333333,1277.0813404031812;1756.9682468592243;5209.264383387016,31,0.5166666666666667,False,False,False,False,5000.0,500.0
5,1000000.0,0,4,3500,0.95,False,0.4,36,0.6,1523.0091970738602;1433.3935940280348,36,0.6,False,False,False,False,5000.0,500.0
5,1000000.0,0,4,3500,0.95,False,0.6,25,0.4166666666666667,1122.1484667395453;3027.4308136065565;3170.0003533836293,28,0.4666666666666667,False,False,False,False,5000.0,500.0
5,1000000.0,0,4,3500,0.95,False,0.8,27,0.45,1407.857033204082;5263.947628216295;2341.697800492898;6466.217659887953,18,0.3,False,False,False,False,5000.0,500.0
5,1000000.0,0,4,3500,0.95,False,0.6,25,0.4166666666666667,1609.1118739184762;1901.6423471728206;2701.955404335943,27,0.45,False,False,False,False,5000.0,500.0
5,1000000.0,0,4,3500,0.95,False,0.6,32,0.5333333333333333,739.2417844026048;2062.099461819276;4591.863839416239,24,0.4,False,False,False,False,5000.0,500.0
5,1000000.0,0,4,3500,0.95,False,0.6,30,0.5,1551.2420182104536;4014.229712077295;407.2406850531498,24,0.4,False,False,False,False,5000.0,500.0
5,1000000.0,0,4,3500,0.95,False,0.6,25,0.4166666666666667,4868.054952481875;2319.576321091036;457.6191752068459,27,0.45,False,False,False,False,5000.0,500.0
5,1000000.0,0,4,3500,0.95,False,0.8,15,0.25,1144.576806846615;1816.9503535952322;505.98299437073155;968.7106895206389,13,0.21666666666666667,False,False,False,False,5000.0,500.0
5,1000000.0,0,4,3500,0.95,False,0.6,27,0.45,3187.566191703361;1084.2219389811814;1727.7612691218949,26,0.43333333333333335,False,False,False,False,5000.0,500.0
5,1000000.0,0,4,3500,0.95,False,0.4,37,0.6166666666666667,1058.3197178550988;4518.7560675232735,36,0.6,False,False,False,False,5000.0,500.0
5,1000000.0,0,4,3500,0.95,False,0.8,28,0.4666666666666667,480.2481987923815;1570.745128908279;1418.0373205137832;1556.116712343567,18,0.3,False,False,False,False,5000.0,500.0
5,1000000.0,0,4,3500,0.95,False,0.6,26,0.43333333333333335,3015.6081414836035;2046.941584807049;1693.1531313888515,25,0.4166666666666667,False,False,False,False,5000.0,500.0
5,1000000.0,0,4,3500,0.95,False,0.6,24,0.4,421.4382369040028;726.1861398985036;719.7026100366867,26,0.43333333333333335,False,False,False,False,5000.0,500.0
5,1000000.0,0,4,3500,0.95,False,0.6,30,0.5,379.94463863229646;5040.420315000003;5797.537057258798,27,0.45,False,False,False,False,5000.0,500.0
5,1000000.0,0,4,3500,0.95,False,0.6,26,0.43333333333333335,696.3202563019576;7786.177551991732;392.5737973505432,28,0.4666666666666667,False,False,False,False,5000.0,500.0
5,1000000.0,0,4,3500,0.95,False,0.6,30,0.5,1390.5641517822294;1220.8081659468633;6099.987839144467,25,0.4166666666666667,False,False,False,False,5000.0,500.0
5,1000000.0,0,4,3500,0.95,False,0.4,36,0.6,8804.769795497168;895.4952673855822,36,0.6,False,False,False,False,5000.0,500.0
5,1000000.0,0,4,3500,0.95,False,0.6,30,0.5,818.8504967097142;1576.3218911709419;4619.703584544808,27,0.45,False,False,False,False,5000.0,500.0
5,1000000.0,0,4,3500,0.95,False,0.4,40,0.6666666666666666,1735.2360527509843;3003.069812351278,36,0.6,False,False,False,False,5000.0,500.0
5,1000000.0,0,4,3500,0.95,False,0.4,39,0.65,1627.6359155689681;743.1270610528604,36,0.6,False,False,False,False,5000.0,500.0
5,1000000.0,0,4,3500,0.95,False,0.4,37,0.6166666666666667,502.7233390471675;2328.9784437330495,36,0.6,False,False,False,False,5000.0,500.0
5,1000000.0,0,4,3500,0.95,False,0.8,14,0.23333333333333334,1552.6822188240574;1774.553684527433;2217.0193307735117;2521.98131807896,25,0.4166666666666667,False,False,False,False,5000.0,500.0
5,1000000.0,0,4,3500,0.95,False,0.4,39,0.65,300.46299329457963;4064.840253959914,36,0.6,False,False,False,False,5000.0,500.0
5,1000000.0,0,4,3500,0.95,False,0.4,37,0.6166666666666667,5082.67537818198;2239.4818741846984,36,0.6,False,False,False,False,5000.0,500.0
5,1000000.0,0,4,3500,0.95,False,0.4,38,0.6333333333333333,532.4614917355813;337.05369300729996,36,0.6,False,False,False,False,5000.0,500.0
5,1000000.0,0,4,3500,0.95,False,0.6,27,0.45,228.9682481162257;4563.699240746453;1241.719091742989,24,0.4,False,False,False,False,5000.0,500.0
5,1000000.0,0,4,3500,0.95,False,0.6,23,0.38333333333333336,2412.151214291051;919.952585620107;1788.1229153648521,29,0.48333333333333334,False,False,False,False,5000.0,500.0
5,1000000.0,0,4,3500,0.95,False,0.6,28,0.4666666666666667,671.9249580720921;4364.229858550115;1516.9214517057196,25,0.4166666666666667,False,False,False,False,5000.0,500.0
5,1000000.0,0,4,3500,0.95,False,0.4,45,0.75,1763.3683746832312;2221.5026719755615,36,0.6,False,False,False,False,5000.0,500.0
5,1000000.0,0,4,3500,0.95,False,0.6,26,0.43333333333333335,881.5194646984262;1265.620986842174;646.5527280898636,24,0.4,False,False,False,False,5000.0,500.0
5,1000000.0,0,4,3500,0.95,False,0.6,28,0.4666666666666667,4694.4740593206625;1317.3205625643886;3919.198599616902,25,0.4166666666666667,False,False,False,False,5000.0,500.0
5,1000000.0,0,4,3500,0.95,False,0.6,25,0.4166666666666667,346.87784702637333;3047.3274805167202;2154.7535896186346,29,0.48333333333333334,False,False,False,False,5000.0,500.0
5,1000000.0,0,4,3500,0.95,False,0.6,26,0.43333333333333335,2341.813458744538;273.5110727438748;2030.1512913892386,27,0.45,False,False,False,False,5000.0,500.0
5,1000000.0,0,4,3500,0.95,False,0.8,16,0.26666666666666666,1925.3485934777113;1239.2924451037993;788.3243976490306;2983.940891728007,22,0.36666666666666664,False,False,False,False,5000.0,500.0
5,1000000.0,0,4,3500,0.95,False,0.6,21,0.35,5214.99854693195;2605.426525896199;1911.3231943812061,29,0.48333333333333334,False,False,False,False,5000.0,500.0
5,1000000.0,0,4,3500,0.95,False,0.6,29,0.48333333333333334,5503.163207518903;1780.357715351271;2183.6018420427026,24,0.4,False,False,False,False,5000.0,500.0
5,1000000.0,0,4,3500,0.95,False,0.4,38,0.6333333333333333,3584.6599859836356;328.43865899591134,36,0.6,False,False,False,False,5000.0,500.0
5,1000000.0,0,4,3500,0.95,False,0.4,39,0.65,216.40833393479852;1581.0258384635163,36,0.6,False,False,False,False,5000.0,500.0
5,1000000.0,0,4,3500,0.95,False,0.6,28,0.4666666666666667,4052.6766066740297;887.3058746336492;2304.1900853241127,26,0.43333333333333335,False,False,False,False,5000.0,500.0
5,1000000.0,0,4,3500,0.95,False,0.6,29,0.48333333333333334,176.68916915480995;1316.3174801714254;1732.7559848186618,26,0.43333333333333335,False,False,False,False,5000.0,500.0
5,1000000.0,0,4,3500,0.95,False,0.6,28,0.4666666666666667,3100.847584976681;1890.6469550468835;3193.460425939927,24,0.4,False,False,False,False,5000.0,500.0
5,1000000.0,0,4,3500,0.95,False,0.6,20,0.3333333333333333,3002.070903346536;1792.2293316001167;2156.116794871116,31,0.5166666666666667,False,False,False,False,5000.0,500.0
5,1000000.0,0,4,3500,0.95,False,0.6,26,0.43333333333333335,3217.084892585056;1596.4836487693915;4061.6148372328357,28,0.4666666666666667,False,False,False,False,5000.0,500.0
5,1000000.0,0,4,3500,0.95,False,0.6,30,0.5,2660.770274198487;4310.476293970662;75.53207678307862,25,0.4166666666666667,False,False,False,False,5000.0,500.0
5,1000000.0,0,4,3500,0.95,False,0.6,27,0.45,3861.1628608643523;1365.0369647545988;2957.6132231445854,28,0.4666666666666667,False,False,False,False,5000.0,500.0
5,1000000.0,0,4,3500,0.95,False,0.6,23,0.38333333333333336,2655.02550737103;492.65227539400524;4001.9646424699536,30,0.5,False,False,False,False,5000.0,500.0
5,1000000.0,0,4,3500,0.95,False,0.6,35,0.5833333333333334,1437.6181837478957;4895.613829688995;1255.2978285653628,25,0.4166666666666667,False,False,False,False,5000.0,500.0
5,1000000.0,0,4,3500,0.95,False,0.6,26,0.43333333333333335,691.3899764411669;1259.7808053006813;2332.3899973235407,28,0.4666666666666667,False,False,False,False,5000.0,500.0
5,1000000.0,0,4,3500,0.95,False,0.6,27,0.45,1787.0357354891937;729.0167192388142;4868.96140830729,25,0.4166666666666667,False,False,False,False,5000.0,500.0
5,1000000.0,0,4,3500,0.95,False,0.6,32,0.5333333333333333,1272.8789397138314;904.1550683762732;219.3049827698806,25,0.4166666666666667,False,False,False,False,5000.0,500.0
5,1000000.0,0,4,3500,0.95,False,0.6,25,0.4166666666666667,1661.7737457826502;2110.140241433884;1430.5470054716552,27,0.45,False,False,False,False,5000.0,500.0
5,1000000.0,0,4,3500,0.95,False,0.6,24,0.4,1017.8868271881781;1763.7669381141;3592.250557789394,29,0.48333333333333334,False,False,False,False,5000.0,500.0
5,1000000.0,0,4,3500,0.95,False,0.6,30,0.5,1110.933036177589;2535.4123847603405;1291.4662672840907,25,0.4166666666666667,False,False,False,False,5000.0,500.0
5,1000000.0,0,4,3500,0.95,False,0.6,30,0.5,6092.719728084625;1147.727616751071;2458.4100497569702,25,0.4166666666666667,False,False,False,False,5000.0,500.0
5,1000000.0,0,4,3500,0.95,False,0.6,24,0.4,2994.9088047267655;887.1650473514289;1608.5793571469492,28,0.4666666666666667,False,False,False,False,5000.0,500.0
5,1000000.0,0,4,3500,0.95,False,0.8,18,0.3,2012.948134645394;2028.2326703474805;540.4312476722089;517.4255004105732,15,0.25,False,False,False,False,5000.0,500.0
5,1000000.0,0,4,3500,0.95,False,0.6,29,0.48333333333333334,4108.36340490863;653.5548834047754;1160.0653754646933,25,0.4166666666666667,False,False,False,False,5000.0,500.0
5,1000000.0,0,4,3500,0.95,False,0.6,27,0.45,3328.3138413394836;579.5651898601377;4351.759355974835,29,0.48333333333333334,False,False,False,False,5000.0,500.0
5,1000000.0,0,4,3500,0.95,False,0.6,27,0.45,1300.2845751057594;878.6188312506719;2813.799633821522,24,0.4,False,False,False,False,5000.0,500.0
5,1000000.0,0,4,3500,0.95,False,0.6,25,0.4166666666666667,1215.412774295408;901.5217495601287;1202.2026107954662,25,0.4166666666666667,False,False,False,False,5000.0,500.0
5,1000000.0,0,4,3500,0.95,False,0.4,36,0.6,2223.4198559045944;1154.4018482260976,36,0.6,False,False,False,False,5000.0,500.0
5,1000000.0,0,4,3500,0.95,False,0.6,27,0.45,8563.871760651333;1697.6504250058856;2303.212826956149,27,0.45,False,False,False,False,5000.0,500.0
5,1000000.0,0,4,3500,0.95,False,0.6,30,0.5,5281.992867103226;164.5936930361803;1177.8792097650207,25,0.4166666666666667,False,False,False,False,5000.0,500.0
5,1000000.0,0,4,3500,0.95,False,0.6,30,0.5,2193.3966030130828;1472.4278327132376;3897.054955474541,24,0.4,False,False,False,False,5000.0,500.0
5,1000000.0,0,4,3500,0.95,False,0.6,29,0.48333333333333334,1126.868866202078;1199.9792110565838;490.3218845097974,24,0.4,False,False,False,False,5000.0,500.0
5,1000000.0,0,4,3500,0.95,False,0.6,30,0.5,5048.902126334736;1954.801264298452;225.99983488162977,25,0.4166666666666667,False,False,False,False,5000.0,500.0
5,1000000.0,0,4,3500,0.95,False,0.6,28,0.4666666666666667,773.5631156221184;1093.1471482263707;2561.449654045436,25,0.4166666666666667,False,False,False,False,5000.0,500.0
5,1000000.0,0,4,3500,0.95,False,0.6,22,0.36666666666666664,422.1086129349053;4301.189663357611;3050.9560244959744,28,0.4666666666666667,False,False,False,False,5000.0,500.0
5,1000000.0,0,4,3500,0.95,False,0.6,24,0.4,692.1049866792529;2304.987953129031;7121.415183991104,30,0.5,False,False,False,False,5000.0,500.0
5,1000000.0,0,4,3500,0.95,False,0.6,23,0.38333333333333336,826.8387172957415;477.7326598671727;4944.919551150062,27,0.45,False,False,False,False,5000.0,500.0
5,1000000.0,0,4,3500,0.95,False,0.6,26,0.43333333333333335,668.7660464821954;2078.4538701167594;975.3540090751427,25,0.4166666666666667,False,False,False,False,5000.0,500.0
5,1000000.0,0,4,3500,0.95,False,0.6,24,0.4,4305.151658887874;3219.6386719771517;1022.3943073855945,30,0.5,False,False,False,False,5000.0,500.0
5,1000000.0,0,4,3500,0.95,False,0.6,29,0.48333333333333334,899.7369695190084;629.0747522825798;1968.978849289412,26,0.43333333333333335,False,False,False,False,5000.0,500.0
5,1000000.0,0,4,3500,0.95,False,0.6,25,0.4166666666666667,735.9038251713507;1466.5395243257603;4411.416798148641,26,0.43333333333333335,False,False,False,False,5000.0,500.0
5,1000000.0,0,4,3500,0.95,False,0.4,38,0.6333333333333333,2086.6449625312493;3458.293634039958,36,0.6,False,False,False,False,5000.0,500.0
5,1000000.0,0,4,3500,0.95,False,0.4,40,0.6666666666666666,2139.960400230712;4034.634153117481,36,0.6,False,False,False,False,5000.0,500.0
5,1000000.0,0,4,3500,0.95,False,0.6,25,0.4166666666666667,881.4893212920872;804.1452028412681;4033.7427685006332,25,0.4166666666666667,False,False,False,False,5000.0,500.0
5,1000000.0,0,4,3500,0.95,False,0.6,26,0.43333333333333335,1215.952187570708;281.10254017369004;451.06590859181256,29,0.48333333333333334,False,False,False,False,5000.0,500.0
5,1000000.0,0,4,3500,0.95,False,0.6,13,0.21666666666666667,306.1971517694577;2015.8646882813855;1956.04778302277,32,0.5333333333333333,False,False,False,False,5000.0,500.0
5,1000000.0,0,4,3500,0.95,False,0.6,34,0.5666666666666667,529.1857714731306;7291.70451706597;550.9476753363598,25,0.4166666666666667,False,False,False,False,5000.0,500.0
5,1000000.0,0,4,3500,0.95,False,0.6,32,0.5333333333333333,2677.5714829761705;1716.139491762267;1309.9395272856973,24,0.4,False,False,False,False,5000.0,500.0
5,1000000.0,0,4,3500,0.95,False,0.8,17,0.2833333333333333,1167.7112189692132;2390.597250849385;1074.7228957149289;1052.0178920905037,16,0.26666666666666666,False,False,False,False,5000.0,500.0
5,1000000.0,0,4,3500,0.95,False,0.4,39,0.65,515.6395753351642;976.3239006303901,36,0.6,False,False,False,False,5000.0,500.0
5,1000000.0,0,4,3500,0.95,False,0.6,30,0.5,3038.770101273888;2181.037290662498;399.03994811209884,26,0.43333333333333335,False,False,False,False,5000.0,500.0
5,1000000.0,0,4,3500,0.95,False,0.6,16,0.26666666666666666,7368.597855790139;809.1751503348269;1270.5163485207606,32,0.5333333333333333,False,False,False,False,5000.0,500.0
5,1000000.0,0,4,3500,0.95,False,0.4,38,0.6333333333333333,1528.3419954527826;2540.781001585316,36,0.6,False,False,False,False,5000.0,500.0
5,1000000.0,0,4,3500,0.95,False,0.6,28,0.4666666666666667,1349.0039798670773;188.93591253975353;2269.734453423031,26,0.43333333333333335,False,False,False,False,5000.0,500.0
5,1000000.0,0,4,3500,0.95,False,0.4,36,0.6,2688.7978722038665;1056.9869671239699,36,0.6,False,False,False,False,5000.0,500.0
5,1000000.0,0,4,3500,0.95,False,0.6,31,0.5166666666666667,3067.7278242939938;1199.881507056619;1537.1154156240477,25,0.4166666666666667,False,False,False,False,5000.0,500.0
5,1000000.0,0,4,3500,0.95,False,0.6,31,0.5166666666666667,971.0180220411622;813.792017104231;853.3136123264759,25,0.4166666666666667,False,False,False,False,5000.0,500.0
5,1000000.0,0,4,3500,0.95,False,0.6,28,0.4666666666666667,663.5877710082827;1360.208615209506;2222.3452645559955,28,0.4666666666666667,False,False,False,False,5000.0,500.0
5,1000000.0,0,4,3500,0.95,False,0.6,32,0.5333333333333333,1651.8898578662904;1186.6821474849387;4747.618268491021,26,0.43333333333333335,False,False,False,False,5000.0,500.0
5,1000000.0,0,4,3500,0.95,False,0.8,12,0.2,524.3165529431808;2957.210346201219;380.47196333025187;954.6060227994158,19,0.31666666666666665,False,False,False,False,5000.0,500.0
5,1000000.0,0,4,3500,0.95,False,0.6,24,0.4,825.0612550446722;1479.8797245953024;437.5568438595364,26,0.43333333333333335,False,False,False,False,5000.0,500.0
5,1000000.0,0,4,3500,0.95,False,0.6,25,0.4166666666666667,1416.7776016515727;1374.95886994263;1524.0095230870745,28,0.4666666666666667,False,False,False,False,5000.0,500.0
5,1000000.0,0,4,3500,0.95,False,0.6,27,0.45,1034.9022656117997;797.8574404212585;3371.332512345513,25,0.4166666666666667,False,False,False,False,5000.0,500.0
5,1000000.0,0,4,3500,0.95,False,0.6,26,0.43333333333333335,3443.1935059177767;873.1902391713012;189.90375059889737,25,0.4166666666666667,False,False,False,False,5000.0,500.0
5,1000000.0,0,4,3500,0.95,False,0.4,38,0.6333333333333333,1141.7819377279382;662.4287868485994,36,0.6,False,False,False,False,5000.0,500.0
5,1000000.0,0,4,3500,0.95,False,0.6,27,0.45,2676.287129901346;1654.2558123464864;2355.518375451587,27,0.45,False,False,False,False,5000.0,500.0
5,1000000.0,0,4,3500,0.95,False,0.6,28,0.4666666666666667,1731.8824938461719;1024.4076766779704;2331.0342251824204,29,0.48333333333333334,False,False,False,False,5000.0,500.0
5,1000000.0,0,4,3500,0.95,False,0.6,23,0.38333333333333336,6128.363517323053;1464.3447200811256;5370.215400734573,30,0.5,False,False,False,False,5000.0,500.0
5,1000000.0,0,4,3500,0.95,False,0.6,33,0.55,687.5430673621211;880.8858446696084;6593.141065658648,24,0.4,False,False,False,False,5000.0,500.0
5,1000000.0,0,4,3500,0.95,False,0.6,27,0.45,7983.44985813854;5153.211138190517;4764.341387645287,28,0.4666666666666667,False,False,False,False,5000.0,500.0
5,1000000.0,0,4,3500,0.95,False,1.0,10,0.16666666666666666,628.8545745383426;1488.4646952977519;185.6654834114717;1093.7964350068319;2924.858702600804,15,0.25,False,False,False,False,5000.0,500.0
5,1000000.0,0,4,3500,0.95,False,0.8,18,0.3,1011.5263904440677;2250.0090246964173;2075.384449924549;1085.0578308298711,17,0.2833333333333333,False,False,False,False,5000.0,500.0
5,1000000.0,0,4,3500,0.95,False,0.6,27,0.45,668.9913357388591;793.914837655945;2186.28697611498,25,0.4166666666666667,False,False,False,False,5000.0,500.0
5,1000000.0,0,4,3500,0.95,False,0.8,16,0.26666666666666666,1560.1756471681692;1125.1257798467236;3589.6813246353427;528.6800671715713,18,0.3,False,False,False,False,5000.0,500.0
5,1000000.0,0,4,3500,0.95,False,0.6,35,0.5833333333333334,3147.7245487204004;5992.387455273203;2455.1120966658605,24,0.4,False,False,False,False,5000.0,500.0
5,1000000.0,0,4,3500,0.95,False,0.6,24,0.4,863.1491816659945;1219.493337099387;1121.830370683201,27,0.45,False,False,False,False,5000.0,500.0
5,1000000.0,0,4,3500,0.95,False,0.6,36,0.6,1899.7853563075312;913.0006273456646;2101.0616526091553,24,0.4,False,False,False,False,5000.0,500.0
5,1000000.0,0,4,3500,0.95,False,0.6,24,0.4,848.7961130307707;550.1243403521637;3473.4742885476658,27,0.45,False,False,False,False,5000.0,500.0
5,1000000.0,0,4,3500,0.95,False,0.6,33,0.55,435.8109964848771;533.5243209773707;5374.925879471097,24,0.4,False,False,False,False,5000.0,500.0
5,1000000.0,0,4,3500,0.95,False,0.6,23,0.38333333333333336,825.6645158373731;4439.282456186835;116.24636130982344,28,0.4666666666666667,False,False,False,False,5000.0,500.0
5,1000000.0,0,4,3500,0.95,False,0.4,40,0.6666666666666666,2496.918034464358;4865.602378044202,36,0.6,False,False,False,False,5000.0,500.0
5,1000000.0,0,4,3500,0.95,False,0.8,17,0.2833333333333333,2741.016562311146;2822.8032094099844;2005.6189249744164;1697.961230886544,19,0.31666666666666665,False,False,False,False,5000.0,500.0
5,1000000.0,0,4,3500,0.95,False,0.6,12,0.2,1470.1756438235914;1162.2283531290664;2081.1146253747693,33,0.55,False,False,False,False,5000.0,500.0
5,1000000.0,0,4,3500,0.95,False,0.6,23,0.38333333333333336,2936.3012766162965;1742.1509958045913;2251.366442699956,28,0.4666666666666667,False,False,False,False,5000.0,500.0
5,1000000.0,0,4,3500,0.95,False,0.6,28,0.4666666666666667,1229.0992254525468;634.0274183052254;1509.8055246393292,25,0.4166666666666667,False,False,False,False,5000.0,500.0
5,1000000.0,0,4,3500,0.95,False,0.6,20,0.3333333333333333,4359.91410186196;414.6506819356446;1719.5051229383855,31,0.5166666666666667,False,False,False,False,5000.0,500.0
5,1000000.0,0,4,3500,0.95,False,0.6,14,0.23333333333333334,305.4274614043498;2083.0683718183877;4389.101829398024,32,0.5333333333333333,False,False,False,False,5000.0,500.0
5,1000000.0,0,4,3500,0.95,False,0.6,29,0.48333333333333334,843.5010990345086;3337.5279779933676;665.4155430163308,27,0.45,False,False,False,False,5000.0,500.0
5,1000000.0,0,4,3500,0.95,False,0.6,29,0.48333333333333334,1625.8303158570611;426.7058336885535;2374.199952695331,26,0.43333333333333335,False,False,False,False,5000.0,500.0
